region_name,model,issue_date,lead_day,forecast_date,temp_max,temp_min,apparent_temp,wind_chill,heat_index,relative_humidity,wind_speed,wind_gust,cloud_cover,shortwave_radiation,precipitation,snowfall
临沂,ecmwf_ifs025,2024-12-31,1,2025-01-01,9.3,-2.3,-1.2,-4.3,,60.4,5.2,,0.0,10.52,0.0,
临沂,ecmwf_ifs025,2024-12-30,2,2025-01-01,8.9,-2.7,-1.7,-4.8,,62.5,5.3,,0.0,10.57,0.0,
临沂,ecmwf_ifs025,2024-12-29,3,2025-01-01,8.2,-3.1,-2.3,-5.4,,63.3,5.6,,0.0,10.61,0.0,
临沂,ecmwf_ifs025,2024-12-28,4,2025-01-01,8.4,-3.0,-2.2,-5.5,,61.3,6.0,,0.0,10.59,0.0,
临沂,ecmwf_ifs025,2024-12-27,5,2025-01-01,8.1,-2.3,-2.2,-5.0,,64.0,6.8,,0.0,10.49,0.0,
临沂,ecmwf_ifs025,2024-12-26,6,2025-01-01,8.1,-2.6,-2.1,-4.7,,55.8,5.4,,0.0,11.92,0.0,
临沂,ecmwf_ifs025,2024-12-25,7,2025-01-01,8.0,-2.6,-3.0,-5.3,,53.0,6.8,,0.0,12.26,0.0,
临沂,gfs_seamless,2024-12-31,1,2025-01-01,9.7,0.4,0.7,-1.2,,40.6,5.2,13.3,0.2,11.22,0.0,0.0
临沂,gfs_seamless,2024-12-30,2,2025-01-01,9.6,0.2,0.4,,,36.8,4.5,9.0,0.0,11.25,0.0,0.0
临沂,gfs_seamless,2024-12-29,3,2025-01-01,9.4,0.1,0.1,-1.6,,35.7,5.2,8.6,12.7,11.27,0.0,0.0
临沂,gfs_seamless,2024-12-28,4,2025-01-01,9.2,-0.0,-0.2,-1.9,,35.4,5.8,15.1,16.7,11.31,0.0,0.0
临沂,gfs_seamless,2024-12-27,5,2025-01-01,8.7,0.4,-0.3,-2.2,,38.9,7.9,17.6,20.3,10.92,0.0,0.0
临沂,gfs_seamless,2024-12-26,6,2025-01-01,6.2,-1.4,-3.3,-6.2,,31.3,15.2,47.9,10.6,11.12,0.0,0.0
临沂,gfs_seamless,2024-12-25,7,2025-01-01,8.6,-1.3,-2.9,-4.9,,28.5,10.1,39.6,16.2,11.21,0.0,0.0
临沂,jma_seamless,2024-12-31,1,2025-01-01,9.3,-1.9,-1.9,,,40.8,3.9,,0.0,,0.0,0.0
临沂,jma_seamless,2024-12-30,2,2025-01-01,8.5,-2.2,-2.6,,,37.4,3.9,,0.0,,0.0,0.0
临沂,jma_seamless,2024-12-29,3,2025-01-01,8.1,-2.2,-2.5,,,34.5,3.6,,0.0,,0.0,0.0
临沂,jma_seamless,2024-12-28,4,2025-01-01,8.1,-2.5,-2.6,,,37.5,2.7,,0.0,,0.0,0.0
临沂,jma_seamless,2024-12-27,5,2025-01-01,8.1,-2.5,-2.4,,,39.7,2.0,,0.0,,0.0,0.0
临沂,jma_seamless,2024-12-26,6,2025-01-01,8.3,-1.9,-2.5,,,36.2,4.8,,0.0,,0.0,0.0
临沂,jma_seamless,2024-12-25,7,2025-01-01,7.1,-2.5,-3.5,-6.1,,27.8,9.2,,0.0,,0.0,0.0
临沂,ecmwf_ifs025,2025-01-01,1,2025-01-02,7.6,-1.1,-1.7,-4.9,,62.9,10.9,,2.9,9.24,0.0,
临沂,ecmwf_ifs025,2024-12-31,2,2025-01-02,7.7,-1.4,-2.0,-5.1,,61.4,10.3,,3.1,9.99,0.0,
临沂,ecmwf_ifs025,2024-12-30,3,2025-01-02,7.3,-1.5,-2.4,-5.6,,60.5,12.1,,6.6,9.96,0.0,
临沂,ecmwf_ifs025,2024-12-29,4,2025-01-02,7.7,-1.2,-2.7,-5.5,,58.8,13.2,,13.4,10.2,0.0,
临沂,ecmwf_ifs025,2024-12-28,5,2025-01-02,6.7,-2.5,-3.2,-6.8,,58.4,11.9,,0.0,10.27,0.0,
临沂,ecmwf_ifs025,2024-12-27,6,2025-01-02,5.3,-2.8,-4.0,-7.1,,60.4,11.5,,0.0,11.94,0.0,
临沂,ecmwf_ifs025,2024-12-26,7,2025-01-02,5.0,-4.2,-4.6,-7.8,,64.0,8.5,,6.8,12.23,0.0,
临沂,gfs_seamless,2025-01-01,1,2025-01-02,6.6,1.0,-1.4,-2.9,,49.7,13.7,41.4,61.8,7.03,0.0,0.0
临沂,gfs_seamless,2024-12-31,2,2025-01-02,6.2,1.2,-1.7,-2.8,,48.2,14.1,45.7,83.1,7.46,0.0,0.0
临沂,gfs_seamless,2024-12-30,3,2025-01-02,7.1,0.6,-1.0,-2.6,,43.0,10.1,26.3,80.8,7.68,0.0,0.0
临沂,gfs_seamless,2024-12-29,4,2025-01-02,6.5,1.2,-0.8,-1.9,,44.5,10.0,30.6,83.2,7.25,0.0,0.0
临沂,gfs_seamless,2024-12-28,5,2025-01-02,9.0,1.6,0.5,-0.2,,47.1,6.0,35.3,79.7,7.24,0.0,0.0
临沂,gfs_seamless,2024-12-27,6,2025-01-02,7.4,-0.5,-1.3,-4.1,,47.4,10.7,36.0,85.9,8.7,0.0,0.0
临沂,gfs_seamless,2024-12-26,7,2025-01-02,6.4,-1.4,-2.5,,,30.3,4.1,7.6,68.8,9.38,0.0,0.0
临沂,jma_seamless,2025-01-01,1,2025-01-02,7.5,-2.3,-2.1,-5.5,,54.9,8.1,,8.1,,0.0,0.0
临沂,jma_seamless,2024-12-31,2,2025-01-02,6.9,-1.8,-2.5,-5.0,,46.1,8.4,,14.6,,0.0,0.0
临沂,jma_seamless,2024-12-30,3,2025-01-02,7.1,-2.4,-2.4,-5.5,,48.3,7.9,,1.7,,0.0,0.0
临沂,jma_seamless,2024-12-29,4,2025-01-02,8.7,-2.6,-2.2,,,46.2,4.8,,19.4,,0.0,0.0
临沂,jma_seamless,2024-12-28,5,2025-01-02,8.1,-2.4,-2.2,-5.0,,48.2,6.6,,20.9,,0.0,0.0
临沂,jma_seamless,2024-12-27,6,2025-01-02,7.8,-1.1,-2.1,-4.0,,42.5,7.8,,17.7,,0.0,0.0
临沂,jma_seamless,2024-12-26,7,2025-01-02,3.8,-2.7,-4.2,,,26.5,4.7,,13.2,,0.0,0.0
临沂,ecmwf_ifs025,2025-01-02,1,2025-01-03,6.4,-3.7,-3.0,-6.1,,59.5,5.6,,7.4,10.63,0.0,
临沂,ecmwf_ifs025,2025-01-01,2,2025-01-03,5.9,-4.3,-3.9,-6.7,,50.9,5.5,,1.5,10.77,0.0,
临沂,ecmwf_ifs025,2024-12-31,3,2025-01-03,5.7,-4.0,-4.0,-6.6,,52.8,6.0,,3.8,10.79,0.0,
临沂,ecmwf_ifs025,2024-12-30,4,2025-01-03,5.7,-3.5,-3.8,-6.3,,54.1,6.6,,0.0,10.62,0.0,
临沂,ecmwf_ifs025,2024-12-29,5,2025-01-03,5.3,-4.6,-4.0,,,53.1,4.4,,0.0,10.8,0.0,
临沂,ecmwf_ifs025,2024-12-28,6,2025-01-03,4.3,-5.2,-5.7,-8.0,,49.9,6.0,,0.0,12.0,0.0,
临沂,ecmwf_ifs025,2024-12-27,7,2025-01-03,4.1,-4.4,-4.7,-6.5,,55.2,4.9,,8.2,12.28,0.0,
临沂,gfs_seamless,2025-01-02,1,2025-01-03,7.1,-1.0,-1.3,-3.3,,42.8,6.2,22.0,23.1,11.32,0.0,0.0
临沂,gfs_seamless,2025-01-01,2,2025-01-03,7.1,-1.0,-1.4,-3.1,,40.8,5.8,23.4,17.4,11.38,0.0,0.0
临沂,gfs_seamless,2024-12-31,3,2025-01-03,6.6,-1.6,-2.3,-4.0,,35.2,6.4,14.4,0.0,11.39,0.0,0.0
临沂,gfs_seamless,2024-12-30,4,2025-01-03,6.7,-1.6,-2.0,-4.6,,44.3,7.9,31.3,5.5,11.22,0.0,0.0
临沂,gfs_seamless,2024-12-29,5,2025-01-03,5.5,-1.0,-2.8,-4.4,,40.7,9.7,39.6,13.1,11.11,0.0,0.0
临沂,gfs_seamless,2024-12-28,6,2025-01-03,5.9,-1.2,-3.6,-5.3,,39.4,12.2,37.4,29.5,10.88,0.0,0.0
临沂,gfs_seamless,2024-12-27,7,2025-01-03,6.1,-0.4,-1.9,-2.0,,49.4,5.0,10.4,25.6,8.79,0.0,0.0
临沂,jma_seamless,2025-01-02,1,2025-01-03,5.4,-2.5,-3.4,,,51.0,2.8,,0.7,,0.0,0.0
临沂,jma_seamless,2025-01-01,2,2025-01-03,5.2,-3.1,-4.2,,,32.7,3.1,,15.0,,0.0,0.0
临沂,jma_seamless,2024-12-31,3,2025-01-03,4.9,-3.0,-4.2,,,39.9,3.6,,2.8,,0.0,0.0
临沂,jma_seamless,2024-12-30,4,2025-01-03,4.4,-2.7,-4.3,,,33.3,3.1,,1.5,,0.0,0.0
临沂,jma_seamless,2024-12-29,5,2025-01-03,4.9,-3.1,-4.1,-5.7,,47.0,6.2,,3.2,,0.0,0.0
临沂,jma_seamless,2024-12-28,6,2025-01-03,4.5,-2.6,-4.1,-5.0,,50.8,5.9,,6.4,,0.0,0.0
临沂,jma_seamless,2024-12-27,7,2025-01-03,6.9,-3.7,-3.4,,,45.8,2.8,,12.4,,0.0,0.0
临沂,ecmwf_ifs025,2025-01-03,1,2025-01-04,8.5,-2.4,-1.1,-5.0,,70.1,6.5,,26.8,10.04,0.0,
临沂,ecmwf_ifs025,2025-01-02,2,2025-01-04,8.4,-2.3,-1.2,-5.0,,67.9,6.9,,22.6,10.14,0.0,
临沂,ecmwf_ifs025,2025-01-01,3,2025-01-04,7.9,-2.7,-1.8,-5.4,,67.8,6.6,,25.9,9.82,0.0,
临沂,ecmwf_ifs025,2024-12-31,4,2025-01-04,8.0,-2.8,-1.5,-5.7,,69.6,7.1,,39.5,10.3,0.0,
临沂,ecmwf_ifs025,2024-12-30,5,2025-01-04,7.6,-2.5,-1.9,-5.3,,69.9,6.9,,22.2,10.22,0.0,
临沂,ecmwf_ifs025,2024-12-29,6,2025-01-04,6.8,-3.1,-3.5,-6.8,,56.1,9.2,,7.9,12.06,0.0,
临沂,ecmwf_ifs025,2024-12-28,7,2025-01-04,4.8,-3.7,-4.5,-5.8,,48.6,5.1,,15.0,12.27,0.0,
临沂,gfs_seamless,2025-01-03,1,2025-01-04,9.2,-0.2,0.6,-3.0,,54.5,8.0,20.5,54.1,10.37,0.0,0.0
临沂,gfs_seamless,2025-01-02,2,2025-01-04,9.6,0.3,0.8,-2.3,,57.0,7.8,25.2,34.8,10.69,0.0,0.0
临沂,gfs_seamless,2025-01-01,3,2025-01-04,8.8,0.1,0.4,-2.4,,52.0,7.2,15.5,63.2,9.95,0.0,0.0
临沂,gfs_seamless,2024-12-31,4,2025-01-04,8.5,-0.4,-0.4,-3.1,,47.2,7.7,19.4,44.6,10.81,0.0,0.0
临沂,gfs_seamless,2024-12-30,5,2025-01-04,8.0,-0.8,-0.8,-3.4,,46.5,7.2,19.1,15.3,11.0,0.0,0.0
临沂,gfs_seamless,2024-12-29,6,2025-01-04,7.2,-2.3,-2.4,-5.2,,36.1,7.3,18.0,23.4,10.43,0.0,0.0
临沂,gfs_seamless,2024-12-28,7,2025-01-04,5.5,-2.2,-3.7,-5.5,,28.5,8.5,23.8,9.7,11.25,0.0,0.0
临沂,jma_seamless,2025-01-03,1,2025-01-04,8.3,-1.6,-1.0,-3.8,,57.6,5.9,,23.4,,0.0,0.0
临沂,jma_seamless,2025-01-02,2,2025-01-04,8.2,-1.7,-1.2,-4.2,,53.2,6.5,,33.5,,0.0,0.0
临沂,jma_seamless,2025-01-01,3,2025-01-04,7.5,-1.8,-2.0,-4.2,,34.8,6.2,,18.6,,0.0,0.0
临沂,jma_seamless,2024-12-31,4,2025-01-04,7.1,-2.0,-2.4,-3.8,,37.1,4.9,,50.8,,0.0,0.0
临沂,jma_seamless,2024-12-30,5,2025-01-04,6.8,-2.4,-2.6,-4.6,,34.2,5.6,,32.1,,0.0,0.0
临沂,jma_seamless,2024-12-29,6,2025-01-04,5.4,-2.7,-3.6,-4.9,,29.4,5.5,,0.0,,0.0,0.0
临沂,jma_seamless,2024-12-28,7,2025-01-04,4.9,-3.5,-4.1,,,31.5,4.4,,0.0,,0.0,0.0
临沂,ecmwf_ifs025,2025-01-04,1,2025-01-05,9.7,-1.5,-0.3,-4.9,,66.2,9.4,,3.1,10.62,0.0,
临沂,ecmwf_ifs025,2025-01-03,2,2025-01-05,9.6,-1.7,-0.3,-4.8,,67.9,8.1,,3.3,10.6,0.0,
临沂,ecmwf_ifs025,2025-01-02,3,2025-01-05,9.8,-1.1,0.6,-3.5,,72.2,6.4,,11.3,10.44,0.0,
临沂,ecmwf_ifs025,2025-01-01,4,2025-01-05,10.0,-1.1,0.2,-3.9,,71.6,7.7,,9.5,10.57,0.0,
临沂,ecmwf_ifs025,2024-12-31,5,2025-01-05,10.4,-0.9,-0.2,-4.1,,66.9,9.1,,1.8,10.63,0.0,
临沂,ecmwf_ifs025,2024-12-30,6,2025-01-05,9.9,-1.1,-0.3,-3.9,,73.8,7.7,,13.6,12.08,0.0,
临沂,ecmwf_ifs025,2024-12-29,7,2025-01-05,10.3,-3.0,-1.0,-5.5,,66.6,6.1,,0.0,12.4,0.0,
临沂,gfs_seamless,2025-01-04,1,2025-01-05,10.6,2.2,1.4,-0.9,,46.8,11.1,29.9,12.5,11.25,0.0,0.0
临沂,gfs_seamless,2025-01-03,2,2025-01-05,10.9,2.8,2.0,-0.1,,47.3,10.5,28.8,21.1,11.27,0.0,0.0
临沂,gfs_seamless,2025-01-02,3,2025-01-05,11.0,3.6,2.3,0.8,,49.5,10.9,25.2,33.2,11.17,0.0,0.0
临沂,gfs_seamless,2025-01-01,4,2025-01-05,10.8,1.1,1.1,-2.3,,54.6,11.2,29.5,8.8,11.25,0.0,0.0
临沂,gfs_seamless,2024-12-31,5,2025-01-05,11.1,1.0,1.1,-2.3,,48.0,10.7,28.8,12.9,10.8,0.0,0.0
临沂,gfs_seamless,2024-12-30,6,2025-01-05,9.9,1.4,0.4,-2.1,,54.0,12.2,49.3,51.2,8.32,0.0,0.0
临沂,gfs_seamless,2024-12-29,7,2025-01-05,10.3,-1.1,-0.8,-5.1,,46.7,11.8,38.9,0.8,10.82,0.0,0.0
临沂,jma_seamless,2025-01-04,1,2025-01-05,10.0,-0.3,0.4,-3.1,,60.4,8.0,,1.5,,0.0,0.0
临沂,jma_seamless,2025-01-03,2,2025-01-05,9.6,-0.7,0.0,-3.0,,61.6,6.4,,13.0,,0.0,0.0
临沂,jma_seamless,2025-01-02,3,2025-01-05,9.9,-0.6,-0.2,-3.2,,55.7,7.4,,8.2,,0.0,0.0
临沂,jma_seamless,2025-01-01,4,2025-01-05,9.8,-0.5,-0.5,-2.9,,47.7,6.7,,21.0,,0.0,0.0
临沂,jma_seamless,2024-12-31,5,2025-01-05,8.8,0.1,-0.6,-2.7,,54.3,8.3,,24.2,,0.0,0.0
临沂,jma_seamless,2024-12-30,6,2025-01-05,7.8,-1.5,-1.3,-3.8,,47.7,6.1,,20.1,,0.0,0.0
临沂,jma_seamless,2024-12-29,7,2025-01-05,7.1,-2.4,-2.6,,,45.8,3.2,,0.0,,0.0,0.0
临沂,ecmwf_ifs025,2025-01-05,1,2025-01-06,5.9,-2.4,-3.6,-6.0,,44.7,9.4,,1.6,10.9,0.0,
临沂,ecmwf_ifs025,2025-01-04,2,2025-01-06,6.4,-2.9,-3.7,-6.0,,39.8,7.6,,2.1,10.94,0.0,
临沂,ecmwf_ifs025,2025-01-03,3,2025-01-06,7.8,-2.7,-3.1,-5.8,,43.8,7.8,,4.2,10.83,0.0,
临沂,ecmwf_ifs025,2025-01-02,4,2025-01-06,7.7,-2.5,-3.0,-6.1,,47.7,9.2,,0.0,10.75,0.0,
临沂,ecmwf_ifs025,2025-01-01,5,2025-01-06,7.2,-2.1,-2.5,-5.3,,54.6,8.2,,0.0,10.74,0.0,
临沂,ecmwf_ifs025,2024-12-31,6,2025-01-06,6.9,-2.2,-2.6,-5.1,,60.6,7.4,,0.0,12.13,0.0,
临沂,ecmwf_ifs025,2024-12-30,7,2025-01-06,6.7,-2.7,-2.7,-6.2,,56.9,8.8,,0.0,12.39,0.0,
临沂,gfs_seamless,2025-01-05,1,2025-01-06,6.4,0.6,-1.8,-2.5,,35.4,9.7,18.7,13.2,11.51,0.0,0.0
临沂,gfs_seamless,2025-01-04,2,2025-01-06,6.2,0.5,-2.0,-2.7,,34.5,9.8,24.1,4.3,11.6,0.0,0.0
临沂,gfs_seamless,2025-01-03,3,2025-01-06,6.8,-0.5,-2.2,-4.0,,40.5,10.4,30.6,0.8,11.53,0.0,0.0
临沂,gfs_seamless,2025-01-02,4,2025-01-06,8.4,0.9,-0.6,-2.2,,37.3,9.8,33.1,0.2,11.46,0.0,0.0
临沂,gfs_seamless,2025-01-01,5,2025-01-06,6.9,0.1,-1.7,-3.1,,37.7,9.7,24.5,0.0,11.1,0.0,0.0
临沂,gfs_seamless,2024-12-31,6,2025-01-06,8.5,0.8,-1.0,-2.5,,37.3,10.7,28.1,1.1,11.19,0.0,0.0
临沂,gfs_seamless,2024-12-30,7,2025-01-06,7.7,-0.3,-1.8,-3.9,,42.2,10.9,31.7,0.2,11.03,0.0,0.0
临沂,jma_seamless,2025-01-05,1,2025-01-06,5.3,-1.6,-3.5,-4.6,,30.6,8.0,,1.0,,0.0,0.0
临沂,jma_seamless,2025-01-04,2,2025-01-06,6.0,-2.0,-3.5,-4.4,,36.0,6.2,,2.8,,0.0,0.0
临沂,jma_seamless,2025-01-03,3,2025-01-06,6.4,-2.4,-3.6,-5.0,,33.9,6.5,,0.0,,0.0,0.0
临沂,jma_seamless,2025-01-02,4,2025-01-06,5.5,-2.5,-3.3,,,41.9,4.4,,0.0,,0.0,0.0
临沂,jma_seamless,2025-01-01,5,2025-01-06,7.8,-2.4,-2.1,,,46.5,3.3,,0.0,,0.0,0.0
临沂,jma_seamless,2024-12-31,6,2025-01-06,5.6,-2.2,-3.2,-4.2,,40.1,5.3,,0.0,,0.0,0.0
临沂,jma_seamless,2024-12-30,7,2025-01-06,7.2,-2.2,-2.8,-4.1,,47.3,5.1,,0.0,,0.0,0.0
临沂,ecmwf_ifs025,2025-01-06,1,2025-01-07,7.7,-3.6,-3.7,-7.2,,39.8,8.7,,1.2,11.04,0.0,
临沂,ecmwf_ifs025,2025-01-05,2,2025-01-07,7.5,-3.8,-4.0,-7.3,,38.3,8.3,,3.6,11.03,0.0,
临沂,ecmwf_ifs025,2025-01-04,3,2025-01-07,7.1,-4.1,-4.3,-7.6,,41.2,8.2,,10.2,10.97,0.0,
临沂,ecmwf_ifs025,2025-01-03,4,2025-01-07,7.8,-4.3,-4.2,-7.6,,37.4,7.6,,2.0,11.04,0.0,
临沂,ecmwf_ifs025,2025-01-02,5,2025-01-07,7.5,-4.2,-4.2,-7.3,,40.2,7.1,,0.0,11.01,0.0,
临沂,ecmwf_ifs025,2025-01-01,6,2025-01-07,8.2,-2.8,-3.2,-6.5,,45.8,9.6,,0.0,12.24,0.0,
临沂,ecmwf_ifs025,2024-12-31,7,2025-01-07,6.1,-3.7,-4.6,-8.0,,45.5,11.0,,0.9,12.51,0.0,
临沂,gfs_seamless,2025-01-06,1,2025-01-07,6.8,-1.4,-3.0,-5.1,,26.6,10.6,26.6,1.5,11.79,0.0,0.0
临沂,gfs_seamless,2025-01-05,2,2025-01-07,6.9,-0.6,-2.5,-4.0,,26.1,9.9,24.8,52.5,10.95,0.0,0.0
临沂,gfs_seamless,2025-01-04,3,2025-01-07,6.7,-1.2,-3.0,-5.0,,29.2,11.0,27.0,31.0,11.75,0.0,0.0
临沂,gfs_seamless,2025-01-03,4,2025-01-07,7.1,-1.2,-2.6,-4.7,,31.0,9.7,28.8,10.2,11.75,0.0,0.0
临沂,gfs_seamless,2025-01-02,5,2025-01-07,7.0,-1.5,-3.0,-5.2,,29.4,10.2,34.6,21.1,10.76,0.0,0.0
临沂,gfs_seamless,2025-01-01,6,2025-01-07,6.2,-1.0,-2.6,-4.0,,34.4,8.4,31.3,0.0,11.38,0.0,0.0
临沂,gfs_seamless,2024-12-31,7,2025-01-07,6.4,-1.0,-3.4,-4.6,,28.5,10.4,27.7,0.0,11.33,0.0,0.0
临沂,jma_seamless,2025-01-06,1,2025-01-07,6.8,-2.3,-3.6,-5.5,,26.5,8.1,,0.1,,0.0,0.0
临沂,jma_seamless,2025-01-05,2,2025-01-07,6.6,-2.4,-3.7,-5.1,,28.2,6.7,,0.2,,0.0,0.0
临沂,jma_seamless,2025-01-04,3,2025-01-07,6.7,-2.8,-3.9,-5.0,,30.0,5.5,,0.0,,0.0,0.0
临沂,jma_seamless,2025-01-03,4,2025-01-07,6.3,-3.0,-4.0,-5.7,,29.0,6.6,,0.0,,0.0,0.0
临沂,jma_seamless,2025-01-02,5,2025-01-07,6.2,-2.7,-3.8,-5.9,,36.7,7.9,,0.0,,0.0,0.0
临沂,jma_seamless,2025-01-01,6,2025-01-07,4.6,-2.6,-4.2,-4.7,,38.7,5.4,,0.3,,0.0,0.0
临沂,jma_seamless,2024-12-31,7,2025-01-07,4.3,-2.4,-4.2,-5.3,,42.1,7.4,,0.0,,0.0,0.0
临沂,ecmwf_ifs025,2025-01-07,1,2025-01-08,3.7,-3.9,-5.6,-8.5,,40.1,12.0,,0.0,11.03,0.0,
临沂,ecmwf_ifs025,2025-01-06,2,2025-01-08,3.8,-3.8,-5.6,-8.4,,40.9,12.0,,0.0,11.1,0.0,
临沂,ecmwf_ifs025,2025-01-05,3,2025-01-08,4.4,-3.5,-5.2,-7.9,,41.2,11.4,,0.0,10.99,0.0,
临沂,ecmwf_ifs025,2025-01-04,4,2025-01-08,3.8,-3.7,-5.4,-8.2,,42.7,11.8,,0.0,11.08,0.0,
临沂,ecmwf_ifs025,2025-01-03,5,2025-01-08,5.4,-3.2,-5.4,-7.4,,40.1,11.0,,3.5,10.81,0.0,
临沂,ecmwf_ifs025,2025-01-02,6,2025-01-08,5.2,-3.4,-5.2,-7.6,,35.3,10.9,,12.8,12.3,0.0,
临沂,ecmwf_ifs025,2025-01-01,7,2025-01-08,5.7,-4.1,-5.3,-7.7,,31.8,8.5,,7.9,12.66,0.0,
临沂,gfs_seamless,2025-01-07,1,2025-01-08,3.8,-3.0,-5.2,-8.1,,31.2,14.7,44.6,1.3,11.75,0.0,0.0
临沂,gfs_seamless,2025-01-06,2,2025-01-08,4.0,-2.9,-5.2,-8.2,,29.8,16.1,42.8,1.2,11.78,0.0,0.0
临沂,gfs_seamless,2025-01-05,3,2025-01-08,2.8,-3.3,-5.7,-8.6,,30.7,15.8,37.1,4.4,11.95,0.0,0.0
临沂,gfs_seamless,2025-01-04,4,2025-01-08,4.1,-2.0,-4.8,-6.4,,28.8,12.9,40.0,9.5,11.84,0.0,0.0
临沂,gfs_seamless,2025-01-03,5,2025-01-08,4.5,-1.6,-4.2,-5.6,,26.8,11.4,25.9,41.6,11.39,0.0,0.0
临沂,gfs_seamless,2025-01-02,6,2025-01-08,5.9,-2.7,-4.3,-7.0,,31.2,11.9,38.2,51.8,11.39,0.0,0.0
临沂,gfs_seamless,2025-01-01,7,2025-01-08,4.1,-3.3,-5.7,-7.8,,29.6,12.2,25.6,23.8,11.44,0.0,0.0
临沂,jma_seamless,2025-01-07,1,2025-01-08,3.8,-3.2,-4.8,-7.0,,27.4,9.6,,0.0,,0.0,0.0
临沂,jma_seamless,2025-01-06,2,2025-01-08,3.1,-3.0,-5.2,-6.9,,26.3,10.0,,0.0,,0.0,0.0
临沂,jma_seamless,2025-01-05,3,2025-01-08,3.7,-2.7,-4.8,-6.1,,30.2,8.7,,0.0,,0.0,0.0
临沂,jma_seamless,2025-01-04,4,2025-01-08,3.7,-2.5,-4.7,-5.7,,30.7,8.2,,0.0,,0.0,0.0
临沂,jma_seamless,2025-01-03,5,2025-01-08,3.2,-2.3,-5.2,-5.4,,25.0,8.0,,0.0,,0.0,0.0
临沂,jma_seamless,2025-01-02,6,2025-01-08,3.4,-2.2,-4.9,-5.4,,27.7,8.3,,6.0,,0.0,0.0
临沂,jma_seamless,2025-01-01,7,2025-01-08,3.3,-2.9,-5.4,-5.4,,25.5,6.0,,1.5,,0.0,0.0
临沂,ecmwf_ifs025,2025-01-08,1,2025-01-09,2.1,-4.8,-7.7,-9.0,,22.9,9.8,,0.0,11.17,0.0,
临沂,ecmwf_ifs025,2025-01-07,2,2025-01-09,2.3,-5.3,-7.7,-9.5,,22.8,9.4,,0.3,11.21,0.0,
临沂,ecmwf_ifs025,2025-01-06,3,2025-01-09,2.2,-5.1,-7.5,-8.9,,22.2,8.5,,6.2,11.21,0.0,
临沂,ecmwf_ifs025,2025-01-05,4,2025-01-09,1.6,-5.2,-7.8,-9.2,,22.9,8.9,,10.0,11.17,0.0,
临沂,ecmwf_ifs025,2025-01-04,5,2025-01-09,1.3,-5.8,-8.0,-9.6,,24.8,8.0,,0.0,11.35,0.0,
临沂,ecmwf_ifs025,2025-01-03,6,2025-01-09,3.4,-5.5,-7.1,-9.3,,34.5,8.2,,2.4,12.37,0.0,
临沂,ecmwf_ifs025,2025-01-02,7,2025-01-09,2.7,-5.7,-6.8,-8.2,,31.4,5.3,,36.8,12.63,0.0,
临沂,gfs_seamless,2025-01-08,1,2025-01-09,2.1,-3.8,-7.0,-8.0,,25.2,10.4,26.3,0.2,12.0,0.0,0.0
临沂,gfs_seamless,2025-01-07,2,2025-01-09,2.1,-4.2,-7.1,-8.7,,25.2,11.4,27.4,0.8,12.01,0.0,0.0
临沂,gfs_seamless,2025-01-06,3,2025-01-09,2.4,-4.1,-6.7,-8.2,,24.4,10.0,22.7,10.3,11.8,0.0,0.0
临沂,gfs_seamless,2025-01-05,4,2025-01-09,2.7,-3.0,-6.2,-6.9,,24.5,10.0,23.8,0.6,12.06,0.0,0.0
临沂,gfs_seamless,2025-01-04,5,2025-01-09,3.7,-3.1,-5.6,-6.8,,25.5,9.3,25.2,6.5,11.67,0.0,0.0
临沂,gfs_seamless,2025-01-03,6,2025-01-09,3.9,-3.6,-5.5,-7.2,,27.2,8.6,19.8,27.2,11.62,0.0,0.0
临沂,gfs_seamless,2025-01-02,7,2025-01-09,2.4,-6.0,-7.3,-10.8,,27.3,11.2,31.3,1.9,11.63,0.0,0.0
临沂,jma_seamless,2025-01-08,1,2025-01-09,1.6,-3.4,-6.8,-6.6,,18.0,7.7,,0.0,,0.0,0.0
临沂,jma_seamless,2025-01-07,2,2025-01-09,0.6,-3.5,-7.1,-6.9,,18.1,8.1,,0.0,,0.0,0.0
临沂,jma_seamless,2025-01-06,3,2025-01-09,1.2,-3.2,-6.6,-6.4,,20.5,7.8,,0.3,,0.0,0.0
临沂,jma_seamless,2025-01-05,4,2025-01-09,1.0,-3.0,-6.6,-6.1,,20.2,7.6,,1.7,,0.0,0.0
临沂,jma_seamless,2025-01-04,5,2025-01-09,3.3,-3.4,-5.7,-6.0,,22.3,6.1,,12.4,,0.0,0.0
临沂,jma_seamless,2025-01-03,6,2025-01-09,1.6,-3.1,-5.7,,,23.5,4.4,,14.2,,0.0,0.0
临沂,jma_seamless,2025-01-02,7,2025-01-09,2.4,-3.4,-5.9,,,23.8,4.5,,19.7,,0.0,0.0
临沂,ecmwf_ifs025,2025-01-09,1,2025-01-10,3.1,-8.0,-7.4,-10.8,,27.0,5.3,,0.4,11.11,0.0,
临沂,ecmwf_ifs025,2025-01-08,2,2025-01-10,4.6,-6.2,-6.5,-8.8,,25.0,5.4,,0.8,11.1,0.0,
临沂,ecmwf_ifs025,2025-01-07,3,2025-01-10,4.9,-6.2,-6.3,-8.8,,21.9,5.4,,1.2,10.89,0.0,
临沂,ecmwf_ifs025,2025-01-06,4,2025-01-10,5.2,-5.4,-6.2,-8.4,,20.9,6.3,,2.5,11.21,0.0,
临沂,ecmwf_ifs025,2025-01-05,5,2025-01-10,3.8,-6.1,-6.6,-9.3,,22.6,6.6,,11.4,11.26,0.0,
临沂,ecmwf_ifs025,2025-01-04,6,2025-01-10,3.6,-6.8,-7.1,-9.4,,22.8,5.2,,27.4,12.44,0.0,
临沂,ecmwf_ifs025,2025-01-03,7,2025-01-10,2.5,-6.0,-7.0,,,27.1,4.0,,40.7,12.64,0.0,
临沂,gfs_seamless,2025-01-09,1,2025-01-10,3.6,-4.4,-6.0,-7.3,,22.9,6.5,16.9,21.0,12.04,0.0,0.0
临沂,gfs_seamless,2025-01-08,2,2025-01-10,3.6,-4.3,-5.6,-6.8,,25.8,5.7,14.4,14.8,11.98,0.0,0.0
临沂,gfs_seamless,2025-01-07,3,2025-01-10,4.1,-3.8,-5.6,-7.4,,23.6,8.5,18.0,5.2,12.07,0.0,0.0
临沂,gfs_seamless,2025-01-06,4,2025-01-10,4.6,-3.9,-5.3,-7.4,,23.3,8.1,19.1,0.0,12.14,0.0,0.0
临沂,gfs_seamless,2025-01-05,5,2025-01-10,4.6,-2.6,-4.8,-5.7,,24.5,7.6,19.1,12.5,11.72,0.0,0.0
临沂,gfs_seamless,2025-01-04,6,2025-01-10,4.9,-2.6,-4.4,-5.3,,23.3,6.7,18.4,0.1,11.82,0.0,0.0
临沂,gfs_seamless,2025-01-03,7,2025-01-10,5.3,-3.9,-4.5,-6.2,,28.2,5.4,22.3,47.7,9.75,0.0,0.0
临沂,jma_seamless,2025-01-09,1,2025-01-10,1.6,-4.0,-6.3,,,22.5,4.7,,0.0,,0.0,0.0
临沂,jma_seamless,2025-01-08,2,2025-01-10,1.6,-3.9,-6.4,-6.1,,20.5,5.2,,15.2,,0.0,0.0
临沂,jma_seamless,2025-01-07,3,2025-01-10,2.0,-3.6,-6.1,-5.9,,19.8,5.5,,13.8,,0.0,0.0
临沂,jma_seamless,2025-01-06,4,2025-01-10,3.0,-3.3,-5.5,-5.6,,20.7,5.6,,18.0,,0.0,0.0
临沂,jma_seamless,2025-01-05,5,2025-01-10,2.3,-3.2,-5.8,-5.2,,20.9,5.0,,1.9,,0.0,0.0
临沂,jma_seamless,2025-01-04,6,2025-01-10,4.2,-3.7,-5.0,,,27.5,3.5,,14.3,,0.0,0.0
临沂,jma_seamless,2025-01-03,7,2025-01-10,2.6,-3.5,-5.3,,,31.4,2.5,,42.3,,0.0,0.0
临沂,ecmwf_ifs025,2025-01-10,1,2025-01-11,6.2,-5.5,-5.0,-7.9,,33.2,5.1,,0.4,11.1,0.0,
临沂,ecmwf_ifs025,2025-01-09,2,2025-01-11,5.9,-5.6,-5.0,-8.6,,33.3,6.2,,0.0,11.18,0.0,
临沂,ecmwf_ifs025,2025-01-08,3,2025-01-11,6.2,-3.8,-4.4,-6.9,,38.9,7.3,,24.7,10.7,0.0,
临沂,ecmwf_ifs025,2025-01-07,4,2025-01-11,6.1,-4.7,-4.9,-7.9,,32.5,7.2,,18.9,9.83,0.0,
临沂,ecmwf_ifs025,2025-01-06,5,2025-01-11,5.4,-4.4,-4.6,-6.6,,32.0,5.1,,54.8,8.61,0.0,
临沂,ecmwf_ifs025,2025-01-05,6,2025-01-11,3.6,-4.6,-5.6,-7.6,,32.4,6.6,,40.4,12.33,0.0,
临沂,ecmwf_ifs025,2025-01-04,7,2025-01-11,4.8,-5.6,-6.1,-9.0,,30.7,7.1,,28.7,12.79,0.0,
临沂,gfs_seamless,2025-01-10,1,2025-01-11,5.7,-2.7,-3.7,-5.0,,27.8,5.8,17.3,37.3,11.71,0.0,0.0
临沂,gfs_seamless,2025-01-09,2,2025-01-11,5.5,-2.0,-3.5,-4.5,,31.7,6.5,15.5,79.9,9.52,0.0,0.0
临沂,gfs_seamless,2025-01-08,3,2025-01-11,5.1,-1.3,-3.3,-4.0,,31.5,7.2,20.2,95.1,8.96,0.0,0.0
临沂,gfs_seamless,2025-01-07,4,2025-01-11,6.0,-1.8,-3.0,-4.7,,28.7,7.7,26.6,86.3,7.1,0.0,0.0
临沂,gfs_seamless,2025-01-06,5,2025-01-11,5.3,-2.0,-3.6,-4.6,,29.8,6.7,18.4,90.2,6.88,0.1,0.0
临沂,gfs_seamless,2025-01-05,6,2025-01-11,3.9,-1.1,-3.8,-3.1,,30.2,5.5,10.4,83.9,5.65,0.0,0.0
临沂,gfs_seamless,2025-01-04,7,2025-01-11,4.6,-2.1,-3.7,-4.1,,30.0,5.2,19.8,60.0,7.53,0.0,0.0
临沂,jma_seamless,2025-01-10,1,2025-01-11,3.9,-3.2,-4.8,,,28.1,3.4,,1.0,,0.0,0.0
临沂,jma_seamless,2025-01-09,2,2025-01-11,3.4,-3.3,-5.0,,,26.5,3.6,,4.8,,0.0,0.0
临沂,jma_seamless,2025-01-08,3,2025-01-11,3.9,-2.7,-4.8,-4.9,,24.0,5.5,,30.3,,0.0,0.0
临沂,jma_seamless,2025-01-07,4,2025-01-11,3.9,-2.0,-4.5,-4.5,,21.7,6.3,,45.2,,0.0,0.0
临沂,jma_seamless,2025-01-06,5,2025-01-11,4.6,-2.4,-3.7,,,25.7,3.8,,40.3,,0.0,0.0
临沂,jma_seamless,2025-01-05,6,2025-01-11,4.7,-3.3,-4.8,-5.7,,25.0,5.8,,1.8,,0.0,0.0
临沂,jma_seamless,2025-01-04,7,2025-01-11,1.7,-2.5,-5.0,,,43.0,4.4,,18.1,,0.0,0.0
临沂,ecmwf_ifs025,2025-01-11,1,2025-01-12,6.5,-2.5,-3.9,-5.1,,41.8,6.5,,7.9,11.29,0.0,
临沂,ecmwf_ifs025,2025-01-10,2,2025-01-12,6.4,-3.2,-4.1,-6.0,,36.6,6.7,,4.3,11.29,0.0,
临沂,ecmwf_ifs025,2025-01-09,3,2025-01-12,6.1,-2.7,-4.0,-5.1,,37.2,5.9,,4.8,11.33,0.0,
临沂,ecmwf_ifs025,2025-01-08,4,2025-01-12,6.7,-2.2,-3.8,-5.4,,38.5,8.2,,2.4,11.29,0.0,
临沂,ecmwf_ifs025,2025-01-07,5,2025-01-12,6.6,-2.1,-3.9,-5.6,,34.9,9.1,,2.5,11.27,0.0,
临沂,ecmwf_ifs025,2025-01-06,6,2025-01-12,7.2,-2.8,-3.7,-6.1,,40.1,8.1,,13.8,12.6,0.0,
临沂,ecmwf_ifs025,2025-01-05,7,2025-01-12,5.4,-3.0,-4.6,-7.2,,44.0,11.0,,3.9,12.94,0.3,
临沂,gfs_seamless,2025-01-11,1,2025-01-12,6.4,-1.0,-2.4,-3.3,,34.7,6.2,15.8,1.8,12.01,0.0,0.0
临沂,gfs_seamless,2025-01-10,2,2025-01-12,6.8,-1.0,-2.1,-3.0,,32.0,5.6,15.5,14.7,12.01,0.0,0.0
临沂,gfs_seamless,2025-01-09,3,2025-01-12,7.2,-0.7,-1.8,-3.0,,35.4,6.5,12.6,17.7,11.97,0.0,0.0
临沂,gfs_seamless,2025-01-08,4,2025-01-12,7.1,-0.8,-1.7,-2.9,,36.0,6.0,11.5,6.5,11.95,0.0,0.0
临沂,gfs_seamless,2025-01-07,5,2025-01-12,8.4,-1.3,-1.6,-3.7,,43.9,6.4,16.6,9.3,11.53,0.0,0.0
临沂,gfs_seamless,2025-01-06,6,2025-01-12,8.0,-1.6,-2.0,-5.1,,37.3,9.7,36.7,36.3,11.3,0.0,0.0
临沂,gfs_seamless,2025-01-05,7,2025-01-12,7.2,-1.1,-2.4,-3.4,,34.5,6.2,31.0,22.0,11.34,0.0,0.0
临沂,jma_seamless,2025-01-11,1,2025-01-12,4.6,-1.8,-4.0,,,33.0,4.8,,5.5,,0.0,0.0
临沂,jma_seamless,2025-01-10,2,2025-01-12,5.1,-1.7,-3.7,-3.5,,34.7,4.9,,6.5,,0.0,0.0
临沂,jma_seamless,2025-01-09,3,2025-01-12,5.1,-1.8,-3.9,-3.9,,32.1,5.5,,0.0,,0.0,0.0
临沂,jma_seamless,2025-01-08,4,2025-01-12,5.1,-2.3,-3.8,,,32.5,4.6,,4.0,,0.0,0.0
临沂,jma_seamless,2025-01-07,5,2025-01-12,5.9,-1.5,-3.3,,,34.5,4.6,,19.0,,0.0,0.0
临沂,jma_seamless,2025-01-06,6,2025-01-12,6.8,-2.4,-3.4,-4.4,,28.0,5.1,,28.6,,0.0,0.0
临沂,jma_seamless,2025-01-05,7,2025-01-12,6.1,-2.3,-3.3,-5.0,,38.8,6.7,,12.3,,0.0,0.0
临沂,ecmwf_ifs025,2025-01-12,1,2025-01-13,8.7,-2.5,-2.5,-5.9,,56.4,8.6,,2.2,11.21,0.0,
临沂,ecmwf_ifs025,2025-01-11,2,2025-01-13,8.5,-3.2,-3.2,-6.6,,48.8,8.3,,0.0,11.27,0.0,
临沂,ecmwf_ifs025,2025-01-10,3,2025-01-13,9.1,-3.1,-3.0,-6.3,,47.8,7.8,,2.5,11.27,0.0,
临沂,ecmwf_ifs025,2025-01-09,4,2025-01-13,9.2,-2.9,-2.8,-6.1,,47.0,8.0,,2.7,11.3,0.0,
临沂,ecmwf_ifs025,2025-01-08,5,2025-01-13,8.6,-3.0,-2.7,-5.9,,50.7,7.1,,0.4,11.23,0.0,
临沂,ecmwf_ifs025,2025-01-07,6,2025-01-13,8.6,-3.6,-3.4,-7.2,,44.9,8.7,,3.0,12.68,0.0,
临沂,ecmwf_ifs025,2025-01-06,7,2025-01-13,8.9,-4.0,-3.3,-7.9,,46.1,9.5,,11.7,13.03,0.0,
临沂,gfs_seamless,2025-01-12,1,2025-01-13,8.8,-1.1,-1.3,-4.3,,39.8,8.9,24.8,38.8,11.73,0.0,0.0
临沂,gfs_seamless,2025-01-11,2,2025-01-13,8.5,-1.2,-1.3,-4.3,,38.0,8.5,27.4,58.2,10.86,0.0,0.0
临沂,gfs_seamless,2025-01-10,3,2025-01-13,8.7,-1.1,-1.1,-4.2,,37.9,8.6,25.2,58.8,10.63,0.0,0.0
临沂,gfs_seamless,2025-01-09,4,2025-01-13,9.9,0.1,-0.4,-2.7,,38.9,8.4,22.0,70.0,10.65,0.0,0.0
临沂,gfs_seamless,2025-01-08,5,2025-01-13,9.4,0.6,-0.4,-2.4,,38.8,9.1,32.0,76.2,10.77,0.0,0.0
临沂,gfs_seamless,2025-01-07,6,2025-01-13,8.0,0.1,-0.7,-2.6,,36.5,8.0,24.8,83.8,6.79,0.0,0.0
临沂,gfs_seamless,2025-01-06,7,2025-01-13,6.4,-0.2,-0.9,-1.8,,49.5,4.9,20.9,78.1,6.92,0.0,0.0
临沂,jma_seamless,2025-01-12,1,2025-01-13,8.1,-1.3,-2.4,-3.7,,42.8,6.4,,13.3,,0.0,0.0
临沂,jma_seamless,2025-01-11,2,2025-01-13,7.8,-1.4,-2.6,-3.8,,38.6,6.5,,21.7,,0.0,0.0
临沂,jma_seamless,2025-01-10,3,2025-01-13,7.9,-1.0,-2.1,-3.6,,34.8,7.1,,22.2,,0.0,0.0
临沂,jma_seamless,2025-01-09,4,2025-01-13,7.5,-0.9,-2.3,-3.6,,35.9,7.4,,8.2,,0.0,0.0
临沂,jma_seamless,2025-01-08,5,2025-01-13,8.1,-1.3,-2.4,-3.8,,36.7,6.6,,5.2,,0.0,0.0
临沂,jma_seamless,2025-01-07,6,2025-01-13,8.5,-3.1,-2.6,-5.2,,39.9,5.1,,10.5,,0.0,0.0
临沂,jma_seamless,2025-01-06,7,2025-01-13,7.1,-3.2,-2.6,-5.3,,39.4,5.1,,30.4,,0.0,0.0
临沂,ecmwf_ifs025,2025-01-13,1,2025-01-14,9.7,-2.5,-3.1,-6.6,,40.1,11.0,,26.8,10.76,0.0,
临沂,ecmwf_ifs025,2025-01-12,2,2025-01-14,9.1,-2.2,-3.2,-6.1,,40.9,10.4,,27.9,10.04,0.0,
临沂,ecmwf_ifs025,2025-01-11,3,2025-01-14,7.9,-2.2,-3.0,-6.0,,39.6,10.2,,42.6,8.04,0.0,
临沂,ecmwf_ifs025,2025-01-10,4,2025-01-14,7.0,-1.8,-3.0,-5.7,,39.3,10.9,,56.8,7.14,0.0,
临沂,ecmwf_ifs025,2025-01-09,5,2025-01-14,7.5,-2.3,-2.3,-5.8,,45.8,9.2,,43.8,5.99,0.0,
临沂,ecmwf_ifs025,2025-01-08,6,2025-01-14,9.0,-1.3,-1.5,-4.2,,49.6,7.8,,30.3,12.14,0.0,
临沂,ecmwf_ifs025,2025-01-07,7,2025-01-14,7.1,-2.9,-3.0,-5.5,,43.7,6.4,,7.3,13.03,0.0,
临沂,gfs_seamless,2025-01-13,1,2025-01-14,9.1,-1.9,-2.4,-6.7,,34.5,14.5,40.7,83.2,10.39,0.0,0.0
临沂,gfs_seamless,2025-01-12,2,2025-01-14,9.1,-1.2,-1.7,-5.1,,35.0,11.5,43.2,50.5,11.31,0.0,0.0
临沂,gfs_seamless,2025-01-11,3,2025-01-14,10.0,-1.0,-1.3,-5.3,,33.6,13.3,43.6,62.6,11.16,0.0,0.0
临沂,gfs_seamless,2025-01-10,4,2025-01-14,7.9,0.3,-2.0,-4.0,,33.0,14.8,42.8,69.6,10.37,0.0,0.0
临沂,gfs_seamless,2025-01-09,5,2025-01-14,10.2,0.9,-0.5,-2.5,,38.0,10.9,40.3,85.3,10.45,0.0,0.0
临沂,gfs_seamless,2025-01-08,6,2025-01-14,9.3,0.7,-1.2,-2.5,,32.6,10.1,43.9,61.0,11.47,0.0,0.0
临沂,gfs_seamless,2025-01-07,7,2025-01-14,7.7,-1.4,-2.5,-5.4,,31.0,11.5,33.8,12.9,11.92,0.0,0.0
临沂,jma_seamless,2025-01-13,1,2025-01-14,9.2,-2.1,-2.6,-5.2,,41.2,8.0,,27.0,,0.0,0.0
临沂,jma_seamless,2025-01-12,2,2025-01-14,8.3,-2.2,-3.4,-5.6,,37.7,8.7,,24.4,,0.0,0.0
临沂,jma_seamless,2025-01-11,3,2025-01-14,8.2,-2.3,-3.4,-5.7,,37.1,8.9,,10.0,,0.0,0.0
临沂,jma_seamless,2025-01-10,4,2025-01-14,5.9,-1.8,-3.7,-5.8,,32.8,11.4,,14.8,,0.0,0.0
临沂,jma_seamless,2025-01-09,5,2025-01-14,8.5,-2.6,-3.4,-5.7,,38.1,7.6,,11.5,,0.0,0.0
临沂,jma_seamless,2025-01-08,6,2025-01-14,8.9,-2.7,-2.0,-4.9,,45.3,5.4,,27.2,,0.0,0.0
临沂,jma_seamless,2025-01-07,7,2025-01-14,10.1,-2.3,-0.8,-4.1,,41.0,4.9,,16.3,,0.0,0.0
临沂,ecmwf_ifs025,2025-01-14,1,2025-01-15,2.0,-6.9,-8.5,-11.0,,22.4,8.5,,0.0,11.87,0.0,
临沂,ecmwf_ifs025,2025-01-13,2,2025-01-15,2.3,-8.0,-8.7,-12.3,,22.0,8.5,,0.0,11.88,0.0,
临沂,ecmwf_ifs025,2025-01-12,3,2025-01-15,2.3,-8.0,-8.8,-12.3,,22.0,8.4,,0.0,11.94,0.0,
临沂,ecmwf_ifs025,2025-01-11,4,2025-01-15,1.3,-7.6,-9.1,-11.9,,20.7,8.6,,2.5,11.87,0.0,
临沂,ecmwf_ifs025,2025-01-10,5,2025-01-15,2.9,-6.7,-8.2,-10.9,,23.6,8.9,,0.0,11.91,0.0,
临沂,ecmwf_ifs025,2025-01-09,6,2025-01-15,1.3,-7.0,-8.8,-11.4,,31.2,9.1,,3.3,12.89,0.0,
临沂,ecmwf_ifs025,2025-01-08,7,2025-01-15,0.7,-4.4,-5.1,-8.6,,43.3,10.1,,4.2,13.12,0.0,
临沂,gfs_seamless,2025-01-14,1,2025-01-15,3.4,-4.2,-5.9,-8.0,,20.5,8.8,17.3,0.0,12.75,0.0,0.0
临沂,gfs_seamless,2025-01-13,2,2025-01-15,3.9,-3.5,-5.6,-7.2,,19.7,9.0,18.7,0.0,12.7,0.0,0.0
临沂,gfs_seamless,2025-01-12,3,2025-01-15,3.4,-3.3,-5.7,-7.2,,20.9,9.7,24.8,0.0,12.72,0.0,0.0
临沂,gfs_seamless,2025-01-11,4,2025-01-15,3.5,-2.9,-5.3,-6.6,,21.7,9.3,40.7,0.0,12.66,0.0,0.0
临沂,gfs_seamless,2025-01-10,5,2025-01-15,4.8,-2.8,-4.6,-6.8,,26.0,10.5,43.2,3.5,12.39,0.0,0.0
临沂,gfs_seamless,2025-01-09,6,2025-01-15,4.5,-3.7,-5.5,-7.8,,26.4,10.3,41.4,26.3,11.29,0.0,0.0
临沂,gfs_seamless,2025-01-08,7,2025-01-15,1.7,-3.0,-6.1,-7.5,,27.5,12.3,35.3,19.2,11.62,0.0,0.0
临沂,jma_seamless,2025-01-14,1,2025-01-15,1.5,-2.9,-6.4,-6.1,,14.3,7.8,,0.0,,0.0,0.0
临沂,jma_seamless,2025-01-13,2,2025-01-15,1.8,-3.2,-6.5,-6.5,,14.5,8.1,,0.0,,0.0,0.0
临沂,jma_seamless,2025-01-12,3,2025-01-15,1.4,-3.0,-6.5,-6.4,,15.5,8.3,,0.0,,0.0,0.0
临沂,jma_seamless,2025-01-11,4,2025-01-15,2.6,-3.1,-6.1,-6.3,,16.6,7.7,,0.0,,0.0,0.0
临沂,jma_seamless,2025-01-10,5,2025-01-15,-0.1,-3.7,-7.2,-7.0,,14.6,7.9,,0.0,,0.0,0.0
临沂,jma_seamless,2025-01-09,6,2025-01-15,1.5,-3.1,-6.4,-6.1,,17.3,7.3,,0.8,,0.0,0.0
临沂,jma_seamless,2025-01-08,7,2025-01-15,2.1,-3.0,-5.6,-6.0,,22.0,7.2,,3.9,,0.0,0.0
临沂,ecmwf_ifs025,2025-01-15,1,2025-01-16,5.2,-5.3,-6.3,-8.7,,38.2,7.3,,0.0,11.96,0.0,
临沂,ecmwf_ifs025,2025-01-14,2,2025-01-16,5.5,-4.8,-6.2,-8.5,,35.7,8.4,,0.0,11.96,0.0,
临沂,ecmwf_ifs025,2025-01-13,3,2025-01-16,6.1,-4.8,-6.2,-8.7,,35.7,8.9,,0.0,11.96,0.0,
临沂,ecmwf_ifs025,2025-01-12,4,2025-01-16,6.3,-4.9,-6.3,-8.6,,36.3,8.3,,0.0,11.89,0.0,
临沂,ecmwf_ifs025,2025-01-11,5,2025-01-16,6.7,-5.0,-6.2,-8.8,,34.0,8.6,,0.0,11.77,0.0,
临沂,ecmwf_ifs025,2025-01-10,6,2025-01-16,7.1,-7.3,-6.8,-11.4,,33.9,8.1,,0.0,12.99,0.0,
临沂,ecmwf_ifs025,2025-01-09,7,2025-01-16,6.8,-4.7,-5.5,-8.4,,33.5,8.5,,0.0,13.29,0.0,
临沂,gfs_seamless,2025-01-15,1,2025-01-16,6.8,-2.4,-3.6,-5.7,,23.8,8.3,18.0,0.0,12.71,0.0,0.0
临沂,gfs_seamless,2025-01-14,2,2025-01-16,7.1,-2.6,-3.3,-5.7,,22.8,7.7,21.2,0.0,12.64,0.0,0.0
临沂,gfs_seamless,2025-01-13,3,2025-01-16,7.5,-1.8,-3.2,-5.2,,25.6,9.2,23.8,0.0,12.65,0.0,0.0
临沂,gfs_seamless,2025-01-12,4,2025-01-16,6.9,-2.1,-3.5,-5.6,,26.0,9.2,25.9,0.0,12.64,0.0,0.0
临沂,gfs_seamless,2025-01-11,5,2025-01-16,6.3,-2.2,-3.3,-5.4,,26.8,8.2,19.8,0.0,12.37,0.0,0.0
临沂,gfs_seamless,2025-01-10,6,2025-01-16,7.5,-4.1,-3.3,-7.5,,25.6,7.8,21.6,0.0,12.35,0.0,0.0
临沂,gfs_seamless,2025-01-09,7,2025-01-16,6.8,-3.4,-4.2,-7.1,,27.5,9.0,21.6,0.1,12.3,0.0,0.0
临沂,jma_seamless,2025-01-15,1,2025-01-16,4.7,-2.6,-4.8,-4.8,,24.2,5.6,,0.0,,0.0,0.0
临沂,jma_seamless,2025-01-14,2,2025-01-16,4.1,-2.5,-5.1,-4.9,,22.3,6.1,,0.0,,0.0,0.0
临沂,jma_seamless,2025-01-13,3,2025-01-16,4.4,-2.6,-5.1,-5.0,,22.5,6.0,,0.0,,0.0,0.0
临沂,jma_seamless,2025-01-12,4,2025-01-16,4.2,-2.8,-5.2,-5.4,,22.7,6.3,,0.0,,0.0,0.0
临沂,jma_seamless,2025-01-11,5,2025-01-16,4.5,-2.6,-5.1,-5.1,,22.2,6.2,,0.0,,0.0,0.0
临沂,jma_seamless,2025-01-10,6,2025-01-16,4.4,-2.4,-4.8,-5.0,,19.5,6.4,,0.0,,0.0,0.0
临沂,jma_seamless,2025-01-09,7,2025-01-16,4.4,-2.9,-5.0,-5.9,,20.5,7.3,,0.0,,0.0,0.0
临沂,ecmwf_ifs025,2025-01-16,1,2025-01-17,8.1,-4.8,-4.2,-7.3,,49.5,5.5,,8.4,11.68,0.0,
临沂,ecmwf_ifs025,2025-01-15,2,2025-01-17,7.5,-4.9,-4.5,-7.2,,45.0,5.1,,10.4,11.8,0.0,
临沂,ecmwf_ifs025,2025-01-14,3,2025-01-17,8.0,-4.9,-4.6,-7.4,,33.3,5.4,,10.3,11.98,0.0,
临沂,ecmwf_ifs025,2025-01-13,4,2025-01-17,7.8,-5.2,-5.0,-7.9,,32.1,5.8,,12.8,11.83,0.0,
临沂,ecmwf_ifs025,2025-01-12,5,2025-01-17,9.1,-4.7,-4.8,,,43.5,4.4,,12.8,11.98,0.0,
临沂,ecmwf_ifs025,2025-01-11,6,2025-01-17,8.6,-5.4,-4.8,-8.7,,46.6,7.1,,4.1,13.08,0.0,
临沂,ecmwf_ifs025,2025-01-10,7,2025-01-17,8.6,-4.3,-3.5,-6.5,,47.5,5.0,,6.5,13.38,0.0,
临沂,gfs_seamless,2025-01-16,1,2025-01-17,7.2,-1.6,-2.1,-3.7,,34.9,5.7,13.3,12.8,12.5,0.0,0.0
临沂,gfs_seamless,2025-01-15,2,2025-01-17,7.5,-1.2,-1.8,,,29.9,4.8,8.3,12.8,12.56,0.0,0.0
临沂,gfs_seamless,2025-01-14,3,2025-01-17,8.4,-2.0,-2.0,-4.6,,33.4,6.6,23.0,8.5,12.6,0.0,0.0
临沂,gfs_seamless,2025-01-13,4,2025-01-17,7.9,-1.1,-1.5,-3.1,,38.4,5.5,10.1,5.6,12.54,0.0,0.0
临沂,gfs_seamless,2025-01-12,5,2025-01-17,7.2,-1.3,-1.7,,,35.1,4.8,9.4,9.3,12.22,0.0,0.0
临沂,gfs_seamless,2025-01-11,6,2025-01-17,8.5,-0.9,-1.2,-3.4,,30.3,7.0,15.1,22.6,12.45,0.0,0.0
临沂,gfs_seamless,2025-01-10,7,2025-01-17,9.4,-1.7,-1.4,-3.8,,25.4,5.6,10.1,4.1,12.39,0.0,0.0
临沂,jma_seamless,2025-01-16,1,2025-01-17,5.3,-2.8,-3.9,,,36.9,1.9,,14.5,,0.0,0.0
临沂,jma_seamless,2025-01-15,2,2025-01-17,5.8,-2.8,-4.1,,,29.4,2.4,,2.5,,0.0,0.0
临沂,jma_seamless,2025-01-14,3,2025-01-17,5.8,-2.5,-4.1,,,26.8,3.1,,3.8,,0.0,0.0
临沂,jma_seamless,2025-01-13,4,2025-01-17,4.8,-2.3,-3.9,,,44.2,3.2,,2.2,,0.0,0.0
临沂,jma_seamless,2025-01-12,5,2025-01-17,4.8,-2.3,-3.8,,,50.0,3.8,,1.6,,0.0,0.0
临沂,jma_seamless,2025-01-11,6,2025-01-17,6.6,-3.3,-3.9,,,35.5,2.1,,1.3,,0.0,0.0
临沂,jma_seamless,2025-01-10,7,2025-01-17,7.8,-2.0,-2.9,-4.6,,29.0,6.6,,9.2,,0.0,0.0
临沂,ecmwf_ifs025,2025-01-17,1,2025-01-18,11.1,-2.5,-2.7,-5.0,,47.7,6.3,,30.2,9.9,0.0,
临沂,ecmwf_ifs025,2025-01-16,2,2025-01-18,10.7,-3.4,-3.2,-6.0,,47.1,6.2,,43.5,9.53,0.0,
临沂,ecmwf_ifs025,2025-01-15,3,2025-01-18,9.1,-3.1,-3.6,-5.4,,48.4,5.6,,23.0,9.55,0.0,
临沂,ecmwf_ifs025,2025-01-14,4,2025-01-18,8.7,-3.1,-3.4,-5.2,,48.5,5.2,,28.6,9.12,0.0,
临沂,ecmwf_ifs025,2025-01-13,5,2025-01-18,8.4,-4.1,-3.9,,,50.2,4.2,,21.7,9.27,0.0,
临沂,ecmwf_ifs025,2025-01-12,6,2025-01-18,8.8,-3.1,11.3,-5.8,,50.6,6.6,,15.8,12.92,0.0,
临沂,ecmwf_ifs025,2025-01-11,7,2025-01-18,7.8,-3.7,-2.2,-5.8,,54.3,5.0,,22.1,13.17,0.0,
临沂,gfs_seamless,2025-01-17,1,2025-01-18,9.8,0.8,0.1,-1.5,,34.5,7.1,18.4,78.0,10.05,0.0,0.0
临沂,gfs_seamless,2025-01-16,2,2025-01-18,9.7,0.2,0.3,-1.6,,36.1,5.6,22.0,82.1,10.61,0.0,0.0
临沂,gfs_seamless,2025-01-15,3,2025-01-18,9.6,0.7,0.5,-1.1,,31.8,5.6,16.2,92.7,10.5,0.0,0.0
临沂,gfs_seamless,2025-01-14,4,2025-01-18,10.2,0.1,0.7,-2.0,,44.3,6.2,16.2,100.0,10.77,0.0,0.0
临沂,gfs_seamless,2025-01-13,5,2025-01-18,8.6,1.0,0.4,-0.9,,38.1,6.1,13.0,100.0,8.57,0.0,0.0
临沂,gfs_seamless,2025-01-12,6,2025-01-18,8.9,0.8,0.6,-0.7,,39.1,5.0,14.8,79.9,10.04,0.0,0.0
临沂,gfs_seamless,2025-01-11,7,2025-01-18,9.7,0.9,1.5,,,33.5,3.9,7.9,76.9,11.25,0.0,0.0
临沂,jma_seamless,2025-01-17,1,2025-01-18,9.1,-1.8,-1.6,-3.9,,33.6,5.5,,29.5,,0.0,0.0
临沂,jma_seamless,2025-01-16,2,2025-01-18,8.2,-1.8,-1.7,-3.9,,29.5,5.6,,45.6,,0.0,0.0
临沂,jma_seamless,2025-01-15,3,2025-01-18,7.4,-1.8,-2.0,,,29.2,4.7,,50.6,,0.0,0.0
临沂,jma_seamless,2025-01-14,4,2025-01-18,7.9,-1.8,-1.7,-3.6,,37.2,5.0,,38.7,,0.0,0.0
临沂,jma_seamless,2025-01-13,5,2025-01-18,7.9,-1.6,-1.4,-3.5,,55.2,5.1,,38.0,,0.0,0.0
临沂,jma_seamless,2025-01-12,6,2025-01-18,7.9,-2.4,-1.5,-4.9,,46.5,6.2,,35.9,,0.0,0.0
临沂,jma_seamless,2025-01-11,7,2025-01-18,10.5,-1.1,-0.6,-3.4,,39.8,6.3,,45.1,,0.0,0.0
临沂,ecmwf_ifs025,2025-01-18,1,2025-01-19,6.2,-3.4,-4.5,,,53.1,4.7,,0.0,11.91,0.0,
临沂,ecmwf_ifs025,2025-01-17,2,2025-01-19,6.4,-3.6,-4.8,,,52.5,4.4,,0.0,12.01,0.0,
临沂,ecmwf_ifs025,2025-01-16,3,2025-01-19,6.1,-3.8,-4.8,-6.0,,50.3,5.1,,8.8,12.01,0.0,
临沂,ecmwf_ifs025,2025-01-15,4,2025-01-19,7.0,-4.5,-4.6,-6.7,,54.1,5.1,,0.0,11.83,0.0,
临沂,ecmwf_ifs025,2025-01-14,5,2025-01-19,6.1,-3.7,-5.0,-6.2,,50.7,5.9,,0.0,11.97,0.0,
临沂,ecmwf_ifs025,2025-01-13,6,2025-01-19,8.5,-4.0,-6.3,-6.1,,55.9,5.0,,3.2,13.25,0.0,
临沂,ecmwf_ifs025,2025-01-12,7,2025-01-19,8.8,-4.6,-0.3,-7.1,,57.5,5.6,,0.0,13.56,0.0,
临沂,gfs_seamless,2025-01-18,1,2025-01-19,11.5,1.7,1.4,-0.1,,29.4,6.1,16.6,7.2,12.65,0.0,0.0
临沂,gfs_seamless,2025-01-17,2,2025-01-19,11.3,1.5,1.4,-0.2,,31.5,5.7,13.0,8.8,12.69,0.0,0.0
临沂,gfs_seamless,2025-01-16,3,2025-01-19,11.1,1.7,1.6,,,33.3,4.8,13.3,8.5,12.62,0.0,0.0
临沂,gfs_seamless,2025-01-15,4,2025-01-19,11.3,1.9,1.9,,,31.1,4.8,12.6,23.8,12.43,0.0,0.0
临沂,gfs_seamless,2025-01-14,5,2025-01-19,11.7,2.9,2.7,1.4,,41.3,5.8,14.0,58.0,10.56,0.0,0.0
临沂,gfs_seamless,2025-01-13,6,2025-01-19,10.9,1.2,1.7,-0.2,,35.1,5.0,11.2,30.8,11.72,0.0,0.0
临沂,gfs_seamless,2025-01-12,7,2025-01-19,10.7,2.6,2.2,1.4,,35.8,5.0,25.9,57.0,11.04,0.0,0.0
临沂,jma_seamless,2025-01-18,1,2025-01-19,9.8,-1.9,-1.4,,,34.5,4.8,,9.2,,0.0,0.0
临沂,jma_seamless,2025-01-17,2,2025-01-19,9.6,-2.2,-1.5,,,31.7,4.6,,1.6,,0.0,0.0
临沂,jma_seamless,2025-01-16,3,2025-01-19,9.4,-2.4,-1.8,,,33.4,3.4,,1.4,,0.0,0.0
临沂,jma_seamless,2025-01-15,4,2025-01-19,9.9,-2.4,-1.3,,,35.0,3.9,,1.3,,0.0,0.0
临沂,jma_seamless,2025-01-14,5,2025-01-19,9.6,-2.7,-1.4,,,39.2,3.2,,0.8,,0.0,0.0
临沂,jma_seamless,2025-01-13,6,2025-01-19,10.3,-1.6,-1.4,,,40.2,4.6,,1.3,,0.0,0.0
临沂,jma_seamless,2025-01-12,7,2025-01-19,10.9,-0.8,-0.5,-3.0,,34.8,6.1,,1.3,,0.0,0.0
临沂,ecmwf_ifs025,2025-01-19,1,2025-01-20,9.5,-4.6,-3.4,-7.6,,45.3,6.6,,0.0,12.05,0.0,
临沂,ecmwf_ifs025,2025-01-18,2,2025-01-20,9.2,-4.3,-3.3,-7.3,,50.2,6.8,,0.0,12.05,0.0,
临沂,ecmwf_ifs025,2025-01-17,3,2025-01-20,9.2,-4.5,-3.6,-7.3,,45.3,6.2,,0.0,12.06,0.0,
临沂,ecmwf_ifs025,2025-01-16,4,2025-01-20,9.3,-4.9,-3.6,-8.0,,44.2,6.7,,0.0,12.06,0.0,
临沂,ecmwf_ifs025,2025-01-15,5,2025-01-20,7.5,-4.5,-4.3,,,41.5,4.4,,0.0,12.09,0.0,
临沂,ecmwf_ifs025,2025-01-14,6,2025-01-20,6.9,-4.8,,-7.3,,43.0,5.6,,1.0,13.37,0.0,
临沂,ecmwf_ifs025,2025-01-13,7,2025-01-20,8.1,-2.6,-0.1,,,49.3,3.7,,0.0,13.67,0.0,
临沂,gfs_seamless,2025-01-19,1,2025-01-20,10.0,0.1,0.5,-2.1,,32.4,6.5,9.0,4.2,12.82,0.0,0.0
临沂,gfs_seamless,2025-01-18,2,2025-01-20,9.8,0.8,0.6,-1.3,,31.8,6.4,11.5,49.5,12.57,0.0,0.0
临沂,gfs_seamless,2025-01-17,3,2025-01-20,10.1,0.2,0.3,-1.8,,34.9,6.1,13.0,23.2,12.72,0.0,0.0
临沂,gfs_seamless,2025-01-16,4,2025-01-20,8.6,0.7,0.1,-1.1,,31.9,5.8,16.9,39.5,11.57,0.0,0.0
临沂,gfs_seamless,2025-01-15,5,2025-01-20,9.3,1.5,0.7,-0.5,,33.0,6.5,12.6,40.7,10.2,0.0,0.0
临沂,gfs_seamless,2025-01-14,6,2025-01-20,10.6,1.8,1.4,0.2,,36.5,5.6,13.0,1.9,12.64,0.0,0.0
临沂,gfs_seamless,2025-01-13,7,2025-01-20,10.6,-1.3,-0.1,-4.1,,38.5,7.4,24.5,15.0,12.38,0.0,0.0
临沂,jma_seamless,2025-01-19,1,2025-01-20,7.6,-2.6,-2.5,,,34.3,2.6,,0.0,,0.0,0.0
临沂,jma_seamless,2025-01-18,2,2025-01-20,7.6,-2.6,-2.8,,,28.3,3.0,,6.2,,0.0,0.0
临沂,jma_seamless,2025-01-17,3,2025-01-20,7.6,-3.0,-3.0,,,34.0,2.0,,2.2,,0.0,0.0
临沂,jma_seamless,2025-01-16,4,2025-01-20,7.4,-2.5,-2.9,,,28.0,3.0,,0.0,,0.0,0.0
临沂,jma_seamless,2025-01-15,5,2025-01-20,9.3,-2.8,-2.2,,,36.8,1.9,,0.0,,0.0,0.0
临沂,jma_seamless,2025-01-14,6,2025-01-20,9.1,-3.0,-1.8,,,37.5,2.5,,0.0,,0.0,0.0
临沂,jma_seamless,2025-01-13,7,2025-01-20,12.0,-3.3,-1.5,,,39.3,2.9,,1.5,,0.0,0.0
临沂,ecmwf_ifs025,2025-01-20,1,2025-01-21,9.3,-2.0,-2.2,,,60.2,4.4,,24.3,11.72,0.0,
临沂,ecmwf_ifs025,2025-01-19,2,2025-01-21,8.5,-2.5,-2.6,,,58.8,4.3,,31.9,11.76,0.0,
临沂,ecmwf_ifs025,2025-01-18,3,2025-01-21,9.4,-2.6,-2.4,-4.6,,60.8,5.2,,30.4,11.4,0.0,
临沂,ecmwf_ifs025,2025-01-17,4,2025-01-21,10.0,-2.2,-1.7,-4.5,,58.7,5.8,,21.4,11.66,0.0,
临沂,ecmwf_ifs025,2025-01-16,5,2025-01-21,8.5,-2.4,-2.9,-4.5,,55.1,5.3,,27.2,11.24,0.0,
临沂,ecmwf_ifs025,2025-01-15,6,2025-01-21,9.0,-2.7,,-5.3,,45.7,6.4,,11.4,13.48,0.0,
临沂,ecmwf_ifs025,2025-01-14,7,2025-01-21,7.5,-4.4,-1.4,-8.4,,51.5,9.4,,8.5,13.76,0.0,
临沂,gfs_seamless,2025-01-20,1,2025-01-21,12.4,1.7,2.9,0.0,,40.3,5.7,15.8,42.2,11.82,0.0,0.0
临沂,gfs_seamless,2025-01-19,2,2025-01-21,11.5,1.5,2.4,-0.2,,39.0,5.8,21.6,41.9,11.49,0.0,0.0
临沂,gfs_seamless,2025-01-18,3,2025-01-21,12.1,1.3,2.1,-0.7,,40.7,6.4,21.6,21.8,12.83,0.0,0.0
临沂,gfs_seamless,2025-01-17,4,2025-01-21,11.3,1.0,1.5,-1.0,,39.5,6.4,20.2,53.1,11.6,0.0,0.0
临沂,gfs_seamless,2025-01-16,5,2025-01-21,10.4,0.8,1.4,,,36.6,4.1,18.4,25.6,12.58,0.0,0.0
临沂,gfs_seamless,2025-01-15,6,2025-01-21,10.2,1.3,1.1,-0.2,,33.4,5.1,9.0,15.3,12.58,0.0,0.0
临沂,gfs_seamless,2025-01-14,7,2025-01-21,10.4,1.2,1.1,-0.6,,39.1,6.0,28.4,5.2,12.57,0.0,0.0
临沂,jma_seamless,2025-01-20,1,2025-01-21,10.7,-2.1,0.1,,,54.2,3.4,,33.3,,0.0,0.0
临沂,jma_seamless,2025-01-19,2,2025-01-21,10.2,-2.6,-0.4,,,48.0,2.2,,36.9,,0.0,0.0
临沂,jma_seamless,2025-01-18,3,2025-01-21,10.1,-2.9,-0.9,,,38.8,2.3,,44.0,,0.0,0.0
临沂,jma_seamless,2025-01-17,4,2025-01-21,10.4,-2.7,-1.0,,,37.8,2.5,,19.8,,0.0,0.0
临沂,jma_seamless,2025-01-16,5,2025-01-21,10.1,-2.7,-0.9,,,34.3,2.1,,21.5,,0.0,0.0
临沂,jma_seamless,2025-01-15,6,2025-01-21,10.6,-2.2,-1.0,,,43.8,3.6,,20.4,,0.0,0.0
临沂,jma_seamless,2025-01-14,7,2025-01-21,10.7,-1.6,-0.7,-3.4,,33.0,5.0,,10.0,,0.0,0.0
临沂,ecmwf_ifs025,2025-01-21,1,2025-01-22,7.4,-1.3,-3.0,-5.0,,69.2,10.4,,33.2,10.72,0.0,
临沂,ecmwf_ifs025,2025-01-20,2,2025-01-22,7.1,-1.0,-2.9,-4.8,,70.5,11.1,,27.0,11.01,0.0,
临沂,ecmwf_ifs025,2025-01-19,3,2025-01-22,6.4,-0.9,-3.0,-4.7,,76.5,11.4,,27.4,9.15,0.0,
临沂,ecmwf_ifs025,2025-01-18,4,2025-01-22,5.0,0.0,-1.6,-3.2,,80.1,9.6,,15.3,6.91,0.0,
临沂,ecmwf_ifs025,2025-01-17,5,2025-01-22,7.6,-0.8,-1.6,-4.2,,79.3,9.9,,25.8,5.88,0.3,
临沂,ecmwf_ifs025,2025-01-16,6,2025-01-22,6.4,-1.8,,-6.2,,56.8,13.0,,14.0,13.41,0.0,
临沂,ecmwf_ifs025,2025-01-15,7,2025-01-22,6.2,-5.1,-2.1,-10.3,,64.1,13.3,,24.0,13.86,0.0,
临沂,gfs_seamless,2025-01-21,1,2025-01-22,12.2,3.8,2.9,0.8,,58.1,12.2,34.2,51.4,12.28,0.0,0.0
临沂,gfs_seamless,2025-01-20,2,2025-01-22,11.6,4.1,2.9,1.2,,57.5,11.8,33.5,71.8,11.14,0.0,0.0
临沂,gfs_seamless,2025-01-19,3,2025-01-22,10.9,3.4,2.2,0.4,,56.7,11.6,31.0,73.8,9.61,0.0,0.0
临沂,gfs_seamless,2025-01-18,4,2025-01-22,9.6,3.6,2.3,1.2,,58.4,9.0,30.2,92.7,6.91,0.0,0.0
临沂,gfs_seamless,2025-01-17,5,2025-01-22,8.4,2.3,1.6,0.4,,60.2,6.5,12.2,93.1,6.51,0.0,0.0
临沂,gfs_seamless,2025-01-16,6,2025-01-22,10.5,1.9,1.3,-0.4,,53.5,7.6,19.4,65.6,9.8,0.0,0.0
临沂,gfs_seamless,2025-01-15,7,2025-01-22,9.7,0.3,-0.0,-3.1,,44.5,10.5,37.8,13.8,12.76,0.0,0.0
临沂,jma_seamless,2025-01-21,1,2025-01-22,9.3,1.9,1.9,-0.9,,75.8,9.5,,59.2,,0.0,0.0
临沂,jma_seamless,2025-01-20,2,2025-01-22,9.8,1.6,1.9,-1.2,,78.0,9.2,,65.2,,0.0,0.0
临沂,jma_seamless,2025-01-19,3,2025-01-22,9.2,1.5,1.0,-0.8,,56.3,7.5,,59.9,,0.0,0.0
临沂,jma_seamless,2025-01-18,4,2025-01-22,9.7,0.6,1.2,-1.6,,73.5,6.6,,54.4,,0.0,0.0
临沂,jma_seamless,2025-01-17,5,2025-01-22,10.5,0.3,0.8,-2.1,,68.2,7.0,,38.6,,0.0,0.0
临沂,jma_seamless,2025-01-16,6,2025-01-22,9.5,0.0,-0.0,-2.6,,50.8,7.7,,18.6,,0.0,0.0
临沂,jma_seamless,2025-01-15,7,2025-01-22,6.1,-1.9,-2.3,-4.5,,55.5,6.8,,21.7,,0.0,0.0
临沂,ecmwf_ifs025,2025-01-22,1,2025-01-23,8.4,-2.1,-1.9,-6.2,,81.8,11.5,,48.8,6.3,0.0,
临沂,ecmwf_ifs025,2025-01-21,2,2025-01-23,8.6,-2.1,-1.5,-6.1,,85.5,11.1,,58.2,5.54,0.0,
临沂,ecmwf_ifs025,2025-01-20,3,2025-01-23,8.6,-1.5,-1.0,-5.5,,84.0,11.5,,74.3,6.13,0.0,
临沂,ecmwf_ifs025,2025-01-19,4,2025-01-23,8.7,-1.9,-1.3,-5.9,,85.7,11.3,,88.0,3.9,0.3,
临沂,ecmwf_ifs025,2025-01-18,5,2025-01-23,7.6,-1.6,-0.4,-5.1,,84.8,9.7,,62.1,4.93,0.0,
临沂,ecmwf_ifs025,2025-01-17,6,2025-01-23,8.7,-2.6,,-6.3,,86.1,9.6,,78.8,5.9,0.3,
临沂,ecmwf_ifs025,2025-01-16,7,2025-01-23,8.1,-2.5,1.0,-6.0,,73.6,9.1,,35.4,13.97,0.0,
临沂,gfs_seamless,2025-01-22,1,2025-01-23,10.2,2.3,2.1,-1.0,,78.0,11.9,31.7,77.9,9.89,0.0,0.0
临沂,gfs_seamless,2025-01-21,2,2025-01-23,9.7,2.6,2.3,-0.6,,79.4,11.9,31.7,63.5,7.66,0.0,0.0
临沂,gfs_seamless,2025-01-20,3,2025-01-23,10.4,2.1,2.1,-1.0,,74.8,10.7,29.5,66.1,10.83,0.0,0.0
临沂,gfs_seamless,2025-01-19,4,2025-01-23,9.7,1.4,1.4,-1.5,,67.7,9.3,29.5,38.0,12.54,0.0,0.0
临沂,gfs_seamless,2025-01-18,5,2025-01-23,10.8,2.2,2.3,-0.4,,65.2,8.9,31.7,67.7,11.73,0.0,0.0
临沂,gfs_seamless,2025-01-17,6,2025-01-23,11.1,2.4,2.4,0.1,,55.4,7.9,21.2,75.2,12.18,0.0,0.0
临沂,gfs_seamless,2025-01-16,7,2025-01-23,9.6,1.0,1.1,-1.3,,65.5,7.3,32.0,32.1,11.84,0.0,0.0
临沂,jma_seamless,2025-01-22,1,2025-01-23,9.6,4.0,3.6,1.8,,82.8,8.5,,88.3,,0.0,0.0
临沂,jma_seamless,2025-01-21,2,2025-01-23,10.4,3.6,4.0,1.3,,86.8,8.7,,77.9,,0.0,0.0
临沂,jma_seamless,2025-01-20,3,2025-01-23,9.5,1.8,3.2,-0.4,,88.5,7.2,,69.7,,0.0,0.0
临沂,jma_seamless,2025-01-19,4,2025-01-23,9.1,0.3,1.7,-1.7,,87.2,6.0,,55.4,,0.0,0.0
临沂,jma_seamless,2025-01-18,5,2025-01-23,7.1,1.3,1.7,,,85.8,3.5,,96.2,,0.0,0.0
临沂,jma_seamless,2025-01-17,6,2025-01-23,7.4,1.7,1.9,,,91.0,4.2,,81.7,,0.6,0.0
临沂,jma_seamless,2025-01-16,7,2025-01-23,10.8,-0.3,0.9,-2.2,,82.2,5.5,,4.2,,0.0,0.0
临沂,ecmwf_ifs025,2025-01-23,1,2025-01-24,8.4,-2.8,-1.9,-6.6,,78.3,9.7,,49.3,4.7,0.0,
临沂,ecmwf_ifs025,2025-01-22,2,2025-01-24,9.2,-1.9,-0.9,-6.0,,77.2,11.4,,50.8,7.77,0.0,
临沂,ecmwf_ifs025,2025-01-21,3,2025-01-24,7.2,-1.4,-0.9,-5.7,,80.1,12.8,,59.7,4.53,0.3,
临沂,ecmwf_ifs025,2025-01-20,4,2025-01-24,9.5,-1.5,-0.3,-6.0,,79.3,13.9,,63.6,5.64,1.5,
临沂,ecmwf_ifs025,2025-01-19,5,2025-01-24,9.7,-1.0,-0.9,-5.3,,69.1,13.5,,85.5,4.87,0.0,
临沂,ecmwf_ifs025,2025-01-18,6,2025-01-24,8.4,-1.6,,-6.1,,69.8,13.5,,49.0,11.67,0.0,
临沂,ecmwf_ifs025,2025-01-17,7,2025-01-24,8.9,-2.8,3.6,-6.5,,69.0,9.6,,51.6,13.77,0.0,
临沂,gfs_seamless,2025-01-23,1,2025-01-24,10.0,3.6,2.4,0.6,,73.1,11.8,31.7,99.9,8.39,0.0,0.0
临沂,gfs_seamless,2025-01-22,2,2025-01-24,9.7,4.1,2.4,1.1,,70.7,12.6,34.2,100.0,8.49,0.0,0.0
临沂,gfs_seamless,2025-01-21,3,2025-01-24,9.6,2.1,1.6,-1.2,,65.0,11.5,32.0,99.5,9.86,0.0,0.0
临沂,gfs_seamless,2025-01-20,4,2025-01-24,9.7,2.3,1.7,-0.5,,63.2,9.9,25.9,97.9,11.1,0.0,0.0
临沂,gfs_seamless,2025-01-19,5,2025-01-24,9.3,0.7,0.9,-2.1,,60.3,8.6,24.8,64.9,11.31,0.0,0.0
临沂,gfs_seamless,2025-01-18,6,2025-01-24,10.0,1.2,1.6,-1.4,,57.7,8.2,28.1,52.5,11.9,0.0,0.0
临沂,gfs_seamless,2025-01-17,7,2025-01-24,11.0,0.7,2.3,-1.7,,49.3,7.4,33.1,49.9,11.46,0.0,0.0
临沂,jma_seamless,2025-01-23,1,2025-01-24,9.4,3.3,2.6,0.7,,76.9,9.5,,67.0,,0.0,0.0
临沂,jma_seamless,2025-01-22,2,2025-01-24,9.6,3.9,3.3,1.3,,79.0,10.0,,60.1,,0.0,0.0
临沂,jma_seamless,2025-01-21,3,2025-01-24,8.9,4.1,3.8,1.5,,77.2,10.6,,73.2,,0.0,0.0
临沂,jma_seamless,2025-01-20,4,2025-01-24,9.7,4.1,3.5,1.9,,78.0,8.7,,64.1,,0.0,0.0
临沂,jma_seamless,2025-01-19,5,2025-01-24,10.1,1.9,1.9,-0.5,,79.9,8.1,,46.7,,0.0,0.0
临沂,jma_seamless,2025-01-18,6,2025-01-24,7.7,-1.0,0.7,-3.5,,90.8,6.7,,92.0,,0.0,0.0
临沂,jma_seamless,2025-01-17,7,2025-01-24,8.0,-0.5,2.1,-2.3,,88.8,5.4,,76.8,,0.6,0.0
临沂,ecmwf_ifs025,2025-01-24,1,2025-01-25,5.4,-2.4,-3.3,-6.3,,56.8,10.5,,65.1,9.24,0.0,
临沂,ecmwf_ifs025,2025-01-23,2,2025-01-25,5.9,-2.2,-3.2,-6.1,,57.2,10.7,,54.8,11.32,0.0,
临沂,ecmwf_ifs025,2025-01-22,3,2025-01-25,6.3,-2.1,-2.7,-6.1,,53.6,11.2,,57.1,10.41,0.0,
临沂,ecmwf_ifs025,2025-01-21,4,2025-01-25,7.1,-1.6,-2.0,-5.8,,49.8,12.4,,57.3,9.89,0.0,
临沂,ecmwf_ifs025,2025-01-20,5,2025-01-25,7.0,-1.8,-2.0,-5.9,,51.8,11.6,,57.8,8.32,0.0,
临沂,ecmwf_ifs025,2025-01-19,6,2025-01-25,5.1,-1.4,,-5.3,,50.8,11.3,,77.3,5.52,0.0,
临沂,ecmwf_ifs025,2025-01-18,7,2025-01-25,5.9,-2.1,-1.0,-6.5,,54.9,12.6,,52.9,8.94,0.0,
临沂,gfs_seamless,2025-01-24,1,2025-01-25,7.7,1.4,-0.2,-2.3,,52.8,12.8,36.7,99.8,10.25,0.2,0.1
临沂,gfs_seamless,2025-01-23,2,2025-01-25,7.1,1.6,-0.3,-2.2,,51.7,13.8,37.8,100.0,9.14,0.2,0.1
临沂,gfs_seamless,2025-01-22,3,2025-01-25,7.5,0.9,-0.8,-3.3,,47.9,14.7,40.3,89.1,10.31,0.0,0.0
临沂,gfs_seamless,2025-01-21,4,2025-01-25,8.0,1.5,-0.0,-1.6,,45.5,10.4,26.6,100.0,10.08,0.0,0.0
临沂,gfs_seamless,2025-01-20,5,2025-01-25,8.8,3.0,2.1,1.7,,54.0,5.4,17.3,100.0,9.45,0.1,0.0
临沂,gfs_seamless,2025-01-19,6,2025-01-25,7.6,1.5,0.5,-0.7,,50.0,7.2,28.4,99.2,9.42,0.3,0.0
临沂,gfs_seamless,2025-01-18,7,2025-01-25,7.5,1.9,1.7,-0.7,,48.2,8.8,40.0,100.0,7.48,0.0,0.0
临沂,jma_seamless,2025-01-24,1,2025-01-25,7.8,1.2,0.2,-1.3,,57.2,8.0,,63.9,,0.0,0.0
临沂,jma_seamless,2025-01-23,2,2025-01-25,8.1,2.0,0.7,-0.4,,59.5,8.2,,68.5,,0.0,0.0
临沂,jma_seamless,2025-01-22,3,2025-01-25,8.0,3.3,1.5,0.9,,68.8,9.0,,75.8,,0.0,0.0
临沂,jma_seamless,2025-01-21,4,2025-01-25,7.9,3.1,1.8,1.0,,76.8,7.8,,86.2,,3.0,0.0
临沂,jma_seamless,2025-01-20,5,2025-01-25,8.4,1.9,1.3,-0.6,,82.0,8.3,,86.8,,6.9,0.0
临沂,jma_seamless,2025-01-19,6,2025-01-25,8.4,2.5,1.7,-0.0,,79.2,8.8,,91.9,,1.8,0.0
临沂,jma_seamless,2025-01-18,7,2025-01-25,8.1,3.1,2.1,0.6,,87.4,9.0,,86.8,,6.0,0.0
临沂,ecmwf_ifs025,2025-01-25,1,2025-01-26,0.6,-4.4,-6.4,-9.2,,59.1,12.4,,54.5,3.36,2.1,
临沂,ecmwf_ifs025,2025-01-24,2,2025-01-26,0.9,-4.7,-6.2,-9.5,,58.6,12.1,,54.1,4.23,2.1,
临沂,ecmwf_ifs025,2025-01-23,3,2025-01-26,1.1,-6.1,-6.4,-11.1,,52.3,11.6,,50.5,4.68,0.3,
临沂,ecmwf_ifs025,2025-01-22,4,2025-01-26,1.1,-5.5,-5.3,-10.4,,61.0,11.6,,63.9,3.85,0.9,
临沂,ecmwf_ifs025,2025-01-21,5,2025-01-26,1.1,-4.1,-4.0,-8.3,,72.5,10.2,,76.7,3.38,3.3,
临沂,ecmwf_ifs025,2025-01-20,6,2025-01-26,1.3,-3.3,,-7.6,,70.5,11.3,,77.5,4.52,2.4,
临沂,ecmwf_ifs025,2025-01-19,7,2025-01-26,2.0,-3.9,-1.9,-8.7,,81.0,12.5,,74.8,3.68,8.4,
临沂,gfs_seamless,2025-01-25,1,2025-01-26,4.9,-1.6,-3.1,-6.4,,55.4,15.3,55.1,69.5,4.92,1.1,0.3
临沂,gfs_seamless,2025-01-24,2,2025-01-26,4.8,-1.0,-2.6,-5.4,,53.0,14.0,50.0,75.0,4.2,0.9,0.1
临沂,gfs_seamless,2025-01-23,3,2025-01-26,5.6,-0.9,-2.6,-5.5,,45.7,14.9,48.6,83.3,4.68,0.4,0.1
临沂,gfs_seamless,2025-01-22,4,2025-01-26,5.6,-0.7,-2.4,-5.4,,45.6,15.5,51.8,83.3,5.32,0.4,0.1
临沂,gfs_seamless,2025-01-21,5,2025-01-26,6.9,0.5,-1.5,-4.0,,43.7,16.3,43.6,89.0,10.12,0.0,0.0
临沂,gfs_seamless,2025-01-20,6,2025-01-26,5.4,-1.4,-2.6,-6.4,,46.0,16.1,45.4,60.0,11.54,0.4,0.0
临沂,gfs_seamless,2025-01-19,7,2025-01-26,3.4,-2.4,-4.9,-8.3,,48.3,20.4,58.7,56.4,8.89,0.7,0.0
临沂,jma_seamless,2025-01-25,1,2025-01-26,5.2,-0.6,-2.5,-4.2,,51.2,10.6,,58.9,,1.2,0.1
临沂,jma_seamless,2025-01-24,2,2025-01-26,6.0,-0.5,-2.3,-4.0,,44.8,10.4,,57.6,,0.0,0.0
临沂,jma_seamless,2025-01-23,3,2025-01-26,5.0,-0.4,-2.3,-3.8,,56.9,10.1,,63.0,,1.2,0.1
临沂,jma_seamless,2025-01-22,4,2025-01-26,4.9,0.0,-1.5,-3.3,,66.6,10.0,,72.6,,7.2,0.0
临沂,jma_seamless,2025-01-21,5,2025-01-26,7.0,-0.5,-2.1,-4.5,,55.2,12.4,,47.9,,6.9,0.0
临沂,jma_seamless,2025-01-20,6,2025-01-26,6.5,-1.4,-1.2,-5.0,,61.7,9.9,,47.0,,4.8,0.0
临沂,jma_seamless,2025-01-19,7,2025-01-26,2.8,-1.0,-3.3,-5.3,,45.2,13.1,,28.2,,3.0,0.0
临沂,ecmwf_ifs025,2025-01-26,1,2025-01-27,-2.4,-7.0,-12.0,-13.5,,21.7,17.2,,0.0,13.11,0.0,
临沂,ecmwf_ifs025,2025-01-25,2,2025-01-27,-3.6,-7.6,-12.4,-14.5,,25.5,18.5,,0.0,13.09,0.0,
临沂,ecmwf_ifs025,2025-01-24,3,2025-01-27,-4.7,-8.1,-12.8,-15.1,,27.0,18.1,,0.0,13.04,0.0,
临沂,ecmwf_ifs025,2025-01-23,4,2025-01-27,-2.4,-8.0,-12.1,-14.6,,25.4,16.6,,0.0,13.01,0.0,
临沂,ecmwf_ifs025,2025-01-22,5,2025-01-27,-3.5,-8.2,-12.4,-14.9,,27.5,16.6,,0.0,12.97,0.0,
临沂,ecmwf_ifs025,2025-01-21,6,2025-01-27,-3.3,-8.3,,-15.1,,33.8,16.9,,0.0,14.12,0.0,
临沂,ecmwf_ifs025,2025-01-20,7,2025-01-27,-3.2,-8.5,-8.8,-15.5,,46.8,17.6,,2.5,14.52,0.0,
临沂,gfs_seamless,2025-01-26,1,2025-01-27,1.9,-3.9,-8.4,-10.4,,23.5,21.3,52.6,0.0,14.01,0.0,0.0
临沂,gfs_seamless,2025-01-25,2,2025-01-27,2.1,-3.3,-7.4,-9.0,,24.6,17.9,40.3,0.0,14.01,0.0,0.0
临沂,gfs_seamless,2025-01-24,3,2025-01-27,2.6,-3.5,-6.8,-8.7,,25.9,15.0,41.4,0.0,13.92,0.0,0.0
临沂,gfs_seamless,2025-01-23,4,2025-01-27,2.4,-3.4,-6.8,-8.7,,23.4,15.4,41.4,0.0,13.97,0.0,0.0
临沂,gfs_seamless,2025-01-22,5,2025-01-27,2.8,-3.4,-6.4,-8.2,,21.6,13.0,37.1,0.0,13.77,0.0,0.0
临沂,gfs_seamless,2025-01-21,6,2025-01-27,5.0,-2.1,-4.3,-5.4,,20.9,8.6,29.9,3.0,13.73,0.0,0.0
临沂,gfs_seamless,2025-01-20,7,2025-01-27,4.3,-3.3,-4.9,-6.4,,20.0,7.3,20.5,14.1,13.58,0.0,0.0
临沂,jma_seamless,2025-01-26,1,2025-01-27,0.9,-2.6,-7.5,-7.6,,14.5,15.1,,0.0,,0.0,0.0
临沂,jma_seamless,2025-01-25,2,2025-01-27,1.1,-2.6,-7.4,-7.6,,14.8,15.1,,0.0,,0.0,0.0
临沂,jma_seamless,2025-01-24,3,2025-01-27,1.1,-2.5,-7.5,-7.7,,15.6,16.1,,0.0,,0.0,0.0
临沂,jma_seamless,2025-01-23,4,2025-01-27,0.8,-2.5,-7.5,-7.6,,16.2,15.5,,0.0,,0.0,0.0
临沂,jma_seamless,2025-01-22,5,2025-01-27,0.9,-2.8,-7.5,-8.0,,17.4,15.9,,0.0,,0.0,0.0
临沂,jma_seamless,2025-01-21,6,2025-01-27,1.3,-2.4,-6.7,-6.4,,15.4,10.7,,0.0,,0.0,0.0
临沂,jma_seamless,2025-01-20,7,2025-01-27,1.4,-2.9,-6.5,-6.1,,15.9,7.8,,0.9,,0.0,0.0
临沂,ecmwf_ifs025,2025-01-27,1,2025-01-28,-2.4,-9.7,-12.1,-14.8,,20.2,9.8,,0.0,13.06,0.0,
临沂,ecmwf_ifs025,2025-01-26,2,2025-01-28,-1.1,-8.5,-11.3,-13.5,,17.5,10.1,,0.0,13.14,0.0,
临沂,ecmwf_ifs025,2025-01-25,3,2025-01-28,-1.4,-9.1,-11.5,-14.1,,19.3,9.8,,0.0,13.09,0.0,
临沂,ecmwf_ifs025,2025-01-24,4,2025-01-28,-1.1,-9.7,-11.6,-14.9,,20.9,10.0,,0.0,13.08,0.0,
临沂,ecmwf_ifs025,2025-01-23,5,2025-01-28,-1.0,-10.0,-11.0,-14.4,,22.5,7.9,,0.0,13.05,0.0,
临沂,ecmwf_ifs025,2025-01-22,6,2025-01-28,-2.0,-10.7,,-16.0,,25.9,9.8,,0.0,14.27,0.0,
临沂,ecmwf_ifs025,2025-01-21,7,2025-01-28,-3.8,-11.6,-9.6,-18.6,,29.5,14.4,,0.0,14.7,0.0,
临沂,gfs_seamless,2025-01-27,1,2025-01-28,2.3,-4.6,-6.9,-9.2,,22.3,11.5,30.6,0.0,14.07,0.0,0.0
临沂,gfs_seamless,2025-01-26,2,2025-01-28,2.3,-4.8,-6.9,-9.2,,20.5,10.6,31.0,0.0,14.12,0.0,0.0
临沂,gfs_seamless,2025-01-25,3,2025-01-28,2.9,-4.0,-6.5,-8.6,,21.4,11.9,32.4,0.0,14.09,0.0,0.0
临沂,gfs_seamless,2025-01-24,4,2025-01-28,2.2,-4.2,-7.2,-9.3,,20.5,13.7,35.6,0.0,14.22,0.0,0.0
临沂,gfs_seamless,2025-01-23,5,2025-01-28,3.5,-3.9,-5.8,-8.0,,20.5,10.2,33.1,0.2,13.85,0.0,0.0
临沂,gfs_seamless,2025-01-22,6,2025-01-28,5.5,-2.2,-3.9,-4.9,,20.1,6.9,19.1,1.7,13.76,0.0,0.0
临沂,gfs_seamless,2025-01-21,7,2025-01-28,5.1,-2.2,-4.9,-6.0,,21.7,10.3,38.9,4.6,13.73,0.0,0.0
临沂,jma_seamless,2025-01-27,1,2025-01-28,1.1,-2.9,-7.0,-6.8,,14.6,10.2,,0.0,,0.0,0.0
临沂,jma_seamless,2025-01-26,2,2025-01-28,1.4,-2.7,-6.7,-6.6,,14.0,10.3,,0.0,,0.0,0.0
临沂,jma_seamless,2025-01-25,3,2025-01-28,1.9,-2.7,-6.6,-6.7,,13.6,10.7,,0.0,,0.0,0.0
临沂,jma_seamless,2025-01-24,4,2025-01-28,1.4,-3.0,-7.0,-7.4,,14.0,11.8,,0.0,,0.0,0.0
临沂,jma_seamless,2025-01-23,5,2025-01-28,1.7,-2.8,-7.0,-7.2,,13.0,11.9,,0.0,,0.0,0.0
临沂,jma_seamless,2025-01-22,6,2025-01-28,1.4,-2.7,-6.6,-6.5,,15.0,9.8,,0.0,,0.0,0.0
临沂,jma_seamless,2025-01-21,7,2025-01-28,4.2,-3.1,-5.3,-5.2,,19.1,5.1,,0.0,,0.0,0.0
临沂,ecmwf_ifs025,2025-01-28,1,2025-01-29,7.5,-5.4,-4.6,-8.9,,34.8,7.5,,1.2,12.92,0.0,
临沂,ecmwf_ifs025,2025-01-27,2,2025-01-29,6.3,-5.2,-4.9,-8.7,,32.8,7.5,,0.7,12.96,0.0,
临沂,ecmwf_ifs025,2025-01-26,3,2025-01-29,6.7,-5.0,-4.6,-8.3,,34.3,7.3,,0.0,12.96,0.0,
临沂,ecmwf_ifs025,2025-01-25,4,2025-01-29,6.9,-4.9,-4.2,-7.6,,42.4,5.9,,2.5,12.95,0.0,
临沂,ecmwf_ifs025,2025-01-24,5,2025-01-29,7.3,-5.1,-4.0,-7.3,,42.0,4.9,,8.0,12.91,0.0,
临沂,ecmwf_ifs025,2025-01-23,6,2025-01-29,8.0,-3.9,-3.8,-6.5,,42.7,6.0,,0.0,14.38,0.0,
临沂,ecmwf_ifs025,2025-01-22,7,2025-01-29,6.3,-4.9,-4.5,-8.0,,37.2,6.8,,4.5,14.82,0.0,
临沂,gfs_seamless,2025-01-28,1,2025-01-29,6.4,-2.7,-3.5,-5.3,,29.7,6.4,17.3,12.8,13.97,0.0,0.0
临沂,gfs_seamless,2025-01-27,2,2025-01-29,6.5,-3.6,-3.8,-6.5,,28.0,6.7,15.5,9.1,13.97,0.0,0.0
临沂,gfs_seamless,2025-01-26,3,2025-01-29,6.4,-3.7,-4.0,-6.7,,26.6,6.9,19.4,15.0,14.03,0.0,0.0
临沂,gfs_seamless,2025-01-25,4,2025-01-29,6.0,-3.2,-4.2,-6.2,,24.5,7.1,25.9,2.6,14.07,0.0,0.0
临沂,gfs_seamless,2025-01-24,5,2025-01-29,5.5,-2.5,-4.3,-5.5,,23.7,7.5,19.1,1.1,13.89,0.0,0.0
临沂,gfs_seamless,2025-01-23,6,2025-01-29,8.5,-2.9,-2.8,-6.2,,35.0,8.2,25.9,2.8,13.45,0.0,0.0
临沂,gfs_seamless,2025-01-22,7,2025-01-29,6.8,-3.5,-4.7,-8.2,,43.8,12.8,35.6,38.3,10.79,0.0,0.0
临沂,jma_seamless,2025-01-28,1,2025-01-29,4.9,-3.3,-4.8,-5.7,,19.9,5.8,,2.6,,0.0,0.0
临沂,jma_seamless,2025-01-27,2,2025-01-29,5.2,-3.2,-4.5,-5.2,,20.2,5.0,,1.0,,0.0,0.0
临沂,jma_seamless,2025-01-26,3,2025-01-29,5.4,-3.2,-4.4,-5.6,,18.6,5.7,,5.4,,0.0,0.0
临沂,jma_seamless,2025-01-25,4,2025-01-29,6.0,-3.2,-4.1,-5.3,,19.7,5.2,,2.2,,0.0,0.0
临沂,jma_seamless,2025-01-24,5,2025-01-29,5.3,-3.5,-4.7,-6.2,,16.2,6.4,,1.7,,0.0,0.0
临沂,jma_seamless,2025-01-23,6,2025-01-29,6.3,-3.1,-4.4,-5.7,,17.8,6.2,,0.0,,0.0,0.0
临沂,jma_seamless,2025-01-22,7,2025-01-29,6.0,-2.6,-4.1,,,24.3,4.2,,0.0,,0.0,0.0
临沂,ecmwf_ifs025,2025-01-29,1,2025-01-30,8.7,-1.7,-1.2,-4.1,,51.0,6.4,,12.8,12.15,0.0,
临沂,ecmwf_ifs025,2025-01-28,2,2025-01-30,8.3,-1.7,-1.5,-4.4,,52.5,7.0,,10.3,11.57,0.0,
临沂,ecmwf_ifs025,2025-01-27,3,2025-01-30,8.3,-1.7,-1.7,-4.6,,52.2,7.7,,23.7,11.59,0.0,
临沂,ecmwf_ifs025,2025-01-26,4,2025-01-30,8.7,-1.8,-1.5,-5.0,,50.6,8.4,,10.2,12.72,0.0,
临沂,ecmwf_ifs025,2025-01-25,5,2025-01-30,8.6,-0.5,-1.2,-3.6,,55.5,9.0,,27.9,12.03,0.0,
临沂,ecmwf_ifs025,2025-01-24,6,2025-01-30,9.2,-4.2,-1.5,-7.1,,48.8,6.6,,19.3,14.37,0.0,
临沂,ecmwf_ifs025,2025-01-23,7,2025-01-30,11.1,-2.5,-1.5,-6.3,,55.0,10.1,,16.5,14.93,0.0,
临沂,gfs_seamless,2025-01-29,1,2025-01-30,9.6,-1.4,-0.8,-4.6,,42.4,8.8,25.6,60.4,12.77,0.0,0.0
临沂,gfs_seamless,2025-01-28,2,2025-01-30,9.7,-1.0,-0.9,-4.2,,47.8,8.8,29.2,52.2,13.38,0.0,0.0
临沂,gfs_seamless,2025-01-27,3,2025-01-30,9.2,-1.0,-0.9,-4.3,,48.5,9.4,28.8,86.1,12.85,0.0,0.0
临沂,gfs_seamless,2025-01-26,4,2025-01-30,11.3,-0.9,-0.1,-4.2,,41.1,9.3,33.8,93.5,12.42,0.0,0.0
临沂,gfs_seamless,2025-01-25,5,2025-01-30,9.7,-2.0,-1.0,-5.7,,41.8,10.0,34.2,74.3,11.42,0.0,0.0
临沂,gfs_seamless,2025-01-24,6,2025-01-30,7.0,-0.2,-1.2,-3.7,,55.8,10.5,29.9,85.5,9.72,0.0,0.0
临沂,gfs_seamless,2025-01-23,7,2025-01-30,10.2,-4.2,-1.0,-7.9,,50.9,8.6,38.9,42.4,12.73,0.0,0.0
临沂,jma_seamless,2025-01-29,1,2025-01-30,8.8,-0.7,-1.2,-2.7,,30.1,5.6,,56.5,,0.0,0.0
临沂,jma_seamless,2025-01-28,2,2025-01-30,8.3,-1.4,-1.7,-3.8,,28.1,6.4,,39.3,,0.0,0.0
临沂,jma_seamless,2025-01-27,3,2025-01-30,8.4,-0.7,-1.7,-3.3,,25.4,7.1,,52.0,,0.0,0.0
临沂,jma_seamless,2025-01-26,4,2025-01-30,9.1,-1.0,-1.6,-3.3,,27.2,6.3,,46.7,,0.0,0.0
临沂,jma_seamless,2025-01-25,5,2025-01-30,7.2,-0.6,-2.0,-3.5,,23.4,8.2,,53.4,,0.0,0.0
临沂,jma_seamless,2025-01-24,6,2025-01-30,9.4,-1.0,-1.2,-3.6,,29.2,7.0,,51.0,,0.0,0.0
临沂,jma_seamless,2025-01-23,7,2025-01-30,8.1,-2.1,-1.9,,,35.9,4.7,,30.7,,0.0,0.0
临沂,ecmwf_ifs025,2025-01-30,1,2025-01-31,4.7,-0.5,-1.7,-4.3,,74.8,11.6,,80.7,3.88,0.9,
临沂,ecmwf_ifs025,2025-01-29,2,2025-01-31,6.8,-0.7,-1.2,-4.8,,74.2,12.6,,85.9,5.12,0.3,
临沂,ecmwf_ifs025,2025-01-28,3,2025-01-31,4.9,-0.4,-1.1,-4.4,,94.2,12.6,,81.9,2.66,4.2,
临沂,ecmwf_ifs025,2025-01-27,4,2025-01-31,3.6,0.0,-1.8,-4.0,,87.2,12.7,,92.2,2.53,3.6,
临沂,ecmwf_ifs025,2025-01-26,5,2025-01-31,4.3,0.1,-1.9,-4.2,,83.0,14.7,,86.0,3.07,3.9,
临沂,ecmwf_ifs025,2025-01-25,6,2025-01-31,5.1,0.4,-2.2,-4.1,,71.5,15.8,,84.8,10.14,3.0,
临沂,ecmwf_ifs025,2025-01-24,7,2025-01-31,3.0,-2.4,-2.9,-6.4,,76.4,10.8,,66.1,6.13,1.8,
临沂,gfs_seamless,2025-01-30,1,2025-01-31,6.4,2.7,-0.2,-1.0,,63.6,14.5,37.8,100.0,5.43,0.0,0.0
临沂,gfs_seamless,2025-01-29,2,2025-01-31,7.2,2.4,0.2,-1.4,,72.9,14.4,36.0,100.0,5.37,0.0,0.0
临沂,gfs_seamless,2025-01-28,3,2025-01-31,6.4,2.4,0.1,-1.2,,80.6,13.7,38.9,100.0,2.68,0.8,0.0
临沂,gfs_seamless,2025-01-27,4,2025-01-31,7.7,3.6,0.6,0.1,,65.3,14.6,40.7,100.0,6.0,0.0,0.0
临沂,gfs_seamless,2025-01-26,5,2025-01-31,6.1,-0.0,-1.8,-4.7,,49.2,16.7,47.9,100.0,8.55,0.0,0.0
临沂,gfs_seamless,2025-01-25,6,2025-01-31,10.5,-1.1,0.5,-4.3,,53.8,8.7,23.8,87.8,11.3,0.0,0.0
临沂,gfs_seamless,2025-01-24,7,2025-01-31,6.8,-1.6,-2.1,-7.0,,55.8,18.4,40.7,84.6,5.39,0.9,0.0
临沂,jma_seamless,2025-01-30,1,2025-01-31,6.7,0.5,-0.3,-2.4,,64.9,9.0,,92.3,,1.8,0.0
临沂,jma_seamless,2025-01-29,2,2025-01-31,6.6,0.4,-0.2,-2.4,,80.2,8.5,,83.2,,1.2,0.0
临沂,jma_seamless,2025-01-28,3,2025-01-31,7.9,0.6,1.5,-1.2,,87.0,5.7,,90.2,,2.1,0.0
临沂,jma_seamless,2025-01-27,4,2025-01-31,6.9,0.3,0.0,-1.4,,53.5,5.3,,77.5,,1.2,0.0
临沂,jma_seamless,2025-01-26,5,2025-01-31,6.6,0.4,-0.7,-1.8,,65.7,6.6,,84.6,,3.6,0.0
临沂,jma_seamless,2025-01-25,6,2025-01-31,8.0,-1.3,-0.4,,,60.5,4.3,,81.7,,1.2,0.0
临沂,jma_seamless,2025-01-24,7,2025-01-31,5.0,0.2,-2.0,-2.6,,48.7,8.3,,82.6,,0.6,0.0
临沂,ecmwf_ifs025,2025-01-31,1,2025-02-01,6.3,1.0,-0.5,-2.2,,71.5,10.4,,59.1,8.94,0.0,
临沂,ecmwf_ifs025,2025-01-30,2,2025-02-01,6.6,0.3,-1.1,-3.4,,67.8,11.8,,67.7,9.84,0.9,
临沂,ecmwf_ifs025,2025-01-29,3,2025-02-01,6.6,0.6,-1.2,-3.5,,68.8,13.9,,70.3,7.27,1.2,
临沂,ecmwf_ifs025,2025-01-28,4,2025-02-01,4.0,1.7,-1.2,-2.6,,86.9,16.4,,97.7,2.38,1.5,
临沂,ecmwf_ifs025,2025-01-27,5,2025-02-01,6.2,1.2,-1.0,-3.1,,80.0,15.8,,87.2,4.58,1.2,
临沂,ecmwf_ifs025,2025-01-26,6,2025-02-01,7.0,0.6,0.3,-3.7,,86.7,15.0,,92.4,6.68,1.5,
临沂,ecmwf_ifs025,2025-01-25,7,2025-02-01,3.8,-4.4,-4.8,-8.7,,60.1,10.6,,20.9,15.23,0.0,
临沂,gfs_seamless,2025-01-31,1,2025-02-01,7.1,1.7,0.0,-1.8,,67.3,12.2,38.2,99.1,9.14,0.0,0.0
临沂,gfs_seamless,2025-01-30,2,2025-02-01,7.4,1.4,-0.2,-2.4,,65.6,13.6,39.2,100.0,10.98,0.0,0.0
临沂,gfs_seamless,2025-01-29,3,2025-02-01,8.1,1.0,0.1,-2.7,,65.5,12.6,38.9,93.7,10.52,0.0,0.0
临沂,gfs_seamless,2025-01-28,4,2025-02-01,3.8,2.6,-0.4,-0.9,,92.5,13.2,39.6,100.0,1.27,2.2,0.0
临沂,gfs_seamless,2025-01-27,5,2025-02-01,7.0,-2.4,-1.1,-6.1,,69.5,9.8,36.0,95.1,9.57,0.0,0.0
临沂,gfs_seamless,2025-01-26,6,2025-02-01,5.6,-3.4,-3.1,-6.1,,40.8,6.3,23.0,63.2,11.19,0.0,0.0
临沂,gfs_seamless,2025-01-25,7,2025-02-01,7.7,-3.0,-3.2,-7.5,,39.9,12.1,41.8,31.2,14.03,0.0,0.0
临沂,jma_seamless,2025-01-31,1,2025-02-01,5.5,1.4,-0.1,-0.7,,69.9,6.9,,91.0,,0.0,0.0
临沂,jma_seamless,2025-01-30,2,2025-02-01,6.8,1.9,0.4,-0.6,,71.5,8.2,,80.1,,0.0,0.0
临沂,jma_seamless,2025-01-29,3,2025-02-01,6.6,2.7,1.0,0.4,,73.4,8.2,,88.6,,0.9,0.0
临沂,jma_seamless,2025-01-28,4,2025-02-01,7.8,4.3,3.5,2.5,,87.4,7.3,,95.8,,4.8,0.0
临沂,jma_seamless,2025-01-27,5,2025-02-01,7.5,0.0,0.7,-3.1,,80.1,9.3,,74.9,,2.1,0.0
临沂,jma_seamless,2025-01-26,6,2025-02-01,6.7,1.5,-0.1,-1.0,,72.9,8.1,,78.0,,0.0,0.0
临沂,jma_seamless,2025-01-25,7,2025-02-01,4.2,-2.5,-3.9,-5.7,,40.6,8.0,,52.8,,0.0,0.0
临沂,ecmwf_ifs025,2025-02-01,1,2025-02-02,8.4,-1.7,-0.4,-4.3,,72.0,6.9,,51.4,8.54,0.0,
临沂,ecmwf_ifs025,2025-01-31,2,2025-02-02,8.6,-2.4,-1.0,-5.0,,63.6,6.5,,40.9,10.71,0.0,
临沂,ecmwf_ifs025,2025-01-30,3,2025-02-02,6.8,-2.5,-1.5,,,60.8,4.7,,39.5,6.87,0.0,
临沂,ecmwf_ifs025,2025-01-29,4,2025-02-02,7.3,-2.4,-1.3,-4.7,,62.2,5.9,,47.2,8.25,0.0,
临沂,ecmwf_ifs025,2025-01-28,5,2025-02-02,7.0,-1.7,-1.4,-4.7,,69.5,7.8,,41.0,9.01,0.0,
临沂,ecmwf_ifs025,2025-01-27,6,2025-02-02,6.9,-1.4,-1.4,-4.0,,70.3,7.0,,39.6,14.63,0.0,
临沂,ecmwf_ifs025,2025-01-26,7,2025-02-02,7.8,0.2,0.7,-2.5,,75.8,8.1,,79.7,9.07,0.0,
临沂,gfs_seamless,2025-02-01,1,2025-02-02,8.6,2.0,1.0,-0.3,,63.2,7.6,33.8,100.0,6.9,0.0,0.0
临沂,gfs_seamless,2025-01-31,2,2025-02-02,8.2,2.4,1.6,0.7,,65.4,6.0,30.6,100.0,8.16,0.0,0.0
临沂,gfs_seamless,2025-01-30,3,2025-02-02,8.2,2.1,1.0,-0.1,,58.7,7.3,32.8,100.0,7.21,0.0,0.0
临沂,gfs_seamless,2025-01-29,4,2025-02-02,8.2,2.5,1.5,0.7,,66.0,6.4,28.4,100.0,6.67,0.0,0.0
临沂,gfs_seamless,2025-01-28,5,2025-02-02,7.3,2.6,1.5,0.5,,73.8,7.4,31.0,100.0,3.95,0.0,0.0
临沂,gfs_seamless,2025-01-27,6,2025-02-02,9.5,1.8,0.0,-1.4,,47.0,10.8,34.2,100.0,9.89,0.0,0.0
临沂,gfs_seamless,2025-01-26,7,2025-02-02,9.8,0.0,-0.1,-2.7,,46.3,7.9,27.4,84.8,11.91,0.0,0.0
临沂,jma_seamless,2025-02-01,1,2025-02-02,8.4,-1.7,0.1,-3.5,,70.3,5.0,,64.5,,0.0,0.0
临沂,jma_seamless,2025-01-31,2,2025-02-02,8.8,-0.9,0.7,,,65.6,4.7,,77.0,,0.0,0.0
临沂,jma_seamless,2025-01-30,3,2025-02-02,8.8,-0.7,0.6,,,64.2,4.3,,82.5,,0.0,0.0
临沂,jma_seamless,2025-01-29,4,2025-02-02,9.0,2.3,2.7,,,77.1,3.7,,84.8,,0.0,0.0
临沂,jma_seamless,2025-01-28,5,2025-02-02,9.8,1.9,3.4,,,77.7,4.7,,90.0,,0.3,0.0
临沂,jma_seamless,2025-01-27,6,2025-02-02,7.9,0.5,0.7,-1.4,,55.2,5.8,,85.5,,0.0,0.0
临沂,jma_seamless,2025-01-26,7,2025-02-02,7.6,-2.2,-1.6,-5.1,,52.1,7.3,,42.2,,0.0,0.0
临沂,ecmwf_ifs025,2025-02-02,1,2025-02-03,4.6,-3.1,-4.3,-7.0,,45.9,9.8,,8.0,13.7,0.0,
临沂,ecmwf_ifs025,2025-02-01,2,2025-02-03,4.4,-3.2,-4.3,-7.1,,45.8,9.8,,5.8,13.71,0.0,
临沂,ecmwf_ifs025,2025-01-31,3,2025-02-03,5.2,-2.9,-4.2,-6.9,,46.4,10.3,,8.0,13.54,0.0,
临沂,ecmwf_ifs025,2025-01-30,4,2025-02-03,5.0,-2.6,-4.1,-6.7,,42.9,11.1,,6.5,13.58,0.0,
临沂,ecmwf_ifs025,2025-01-29,5,2025-02-03,5.0,-2.2,-4.0,-6.1,,43.6,10.6,,10.1,13.66,0.0,
临沂,ecmwf_ifs025,2025-01-28,6,2025-02-03,5.6,-2.4,-3.8,-6.0,,55.7,9.3,,16.6,14.81,0.0,
临沂,ecmwf_ifs025,2025-01-27,7,2025-02-03,4.2,-2.9,-5.3,-7.6,,44.8,13.2,,12.1,15.46,0.0,
临沂,gfs_seamless,2025-02-02,1,2025-02-03,5.1,-0.7,-3.3,-4.9,,30.8,12.9,34.6,28.0,14.92,0.0,0.0
临沂,gfs_seamless,2025-02-01,2,2025-02-03,5.1,-0.9,-3.0,-5.1,,39.0,13.1,36.4,25.8,14.85,0.0,0.0
临沂,gfs_seamless,2025-01-31,3,2025-02-03,6.1,-1.3,-3.0,-5.4,,37.7,12.3,37.8,19.0,14.75,0.0,0.0
临沂,gfs_seamless,2025-01-30,4,2025-02-03,6.6,-1.2,-2.5,-5.2,,40.5,11.7,31.0,30.4,14.61,0.0,0.0
临沂,gfs_seamless,2025-01-29,5,2025-02-03,7.6,-0.9,-1.7,-4.1,,50.4,9.1,32.4,53.0,13.26,0.0,0.0
临沂,gfs_seamless,2025-01-28,6,2025-02-03,6.3,-1.1,-2.7,-4.9,,37.7,11.0,32.4,62.6,13.81,0.0,0.0
临沂,gfs_seamless,2025-01-27,7,2025-02-03,6.9,-0.6,-2.5,-4.0,,33.9,9.8,33.8,19.8,14.41,0.0,0.0
临沂,jma_seamless,2025-02-02,1,2025-02-03,4.0,-1.5,-4.2,-4.7,,26.9,8.7,,7.6,,0.0,0.0
临沂,jma_seamless,2025-02-01,2,2025-02-03,4.0,-1.6,-3.9,-5.1,,27.1,9.6,,10.5,,0.0,0.0
临沂,jma_seamless,2025-01-31,3,2025-02-03,5.3,-1.9,-3.2,-5.0,,30.1,8.0,,9.9,,0.0,0.0
临沂,jma_seamless,2025-01-30,4,2025-02-03,6.0,-0.6,-2.4,-3.7,,32.5,8.9,,11.0,,0.0,0.0
临沂,jma_seamless,2025-01-29,5,2025-02-03,6.7,-1.3,-1.7,-3.7,,44.4,6.5,,11.0,,0.0,0.0
临沂,jma_seamless,2025-01-28,6,2025-02-03,5.8,-0.7,-2.4,-4.0,,37.7,9.4,,8.7,,0.0,0.0
临沂,jma_seamless,2025-01-27,7,2025-02-03,3.1,-2.0,-4.4,-5.7,,46.2,9.9,,28.5,,0.0,0.0
临沂,ecmwf_ifs025,2025-02-03,1,2025-02-04,4.1,-5.1,-5.2,-7.4,,38.9,5.1,,4.9,13.84,0.0,
临沂,ecmwf_ifs025,2025-02-02,2,2025-02-04,3.8,-4.9,-5.3,,,37.7,3.6,,4.2,13.86,0.0,
临沂,ecmwf_ifs025,2025-02-01,3,2025-02-04,3.8,-4.7,-5.3,,,33.5,3.3,,3.8,13.88,0.0,
临沂,ecmwf_ifs025,2025-01-31,4,2025-02-04,4.3,-4.1,-4.6,,,31.8,4.4,,15.0,13.8,0.0,
临沂,ecmwf_ifs025,2025-01-30,5,2025-02-04,4.1,-3.0,-4.8,-5.2,,28.7,5.4,,16.4,13.83,0.0,
临沂,ecmwf_ifs025,2025-01-29,6,2025-02-04,4.4,-3.6,-5.3,-7.3,,34.0,9.0,,12.9,15.15,0.0,
临沂,ecmwf_ifs025,2025-01-28,7,2025-02-04,4.1,-4.2,-6.4,-8.4,,39.0,10.1,,8.4,15.66,0.0,
临沂,gfs_seamless,2025-02-03,1,2025-02-04,4.7,-3.5,-4.3,-6.6,,22.5,7.3,28.8,3.3,15.11,0.0,0.0
临沂,gfs_seamless,2025-02-02,2,2025-02-04,5.1,-3.0,-4.2,-6.1,,24.3,7.6,34.2,1.5,15.09,0.0,0.0
临沂,gfs_seamless,2025-02-01,3,2025-02-04,4.3,-2.0,-4.3,-4.9,,24.6,7.4,32.4,0.4,15.06,0.0,0.0
临沂,gfs_seamless,2025-01-31,4,2025-02-04,5.7,-2.3,-4.1,-5.9,,27.6,9.5,32.8,9.9,14.82,0.0,0.0
临沂,gfs_seamless,2025-01-30,5,2025-02-04,6.1,-1.7,-3.1,-5.1,,30.7,9.3,33.1,18.2,14.61,0.0,0.0
临沂,gfs_seamless,2025-01-29,6,2025-02-04,5.8,-1.8,-3.1,-4.8,,35.5,7.9,24.5,1.1,14.73,0.0,0.0
临沂,gfs_seamless,2025-01-28,7,2025-02-04,6.4,-2.1,-3.9,-6.4,,31.5,12.3,36.0,13.6,14.51,0.0,0.0
临沂,jma_seamless,2025-02-03,1,2025-02-04,2.9,-2.8,-5.2,,,22.2,4.5,,2.0,,0.0,0.0
临沂,jma_seamless,2025-02-02,2,2025-02-04,2.8,-3.0,-5.5,-5.0,,22.0,5.0,,5.9,,0.0,0.0
临沂,jma_seamless,2025-02-01,3,2025-02-04,3.4,-3.5,-5.3,,,22.2,3.3,,4.5,,0.0,0.0
临沂,jma_seamless,2025-01-31,4,2025-02-04,4.0,-2.8,-4.9,-5.2,,21.8,6.0,,8.2,,0.0,0.0
临沂,jma_seamless,2025-01-30,5,2025-02-04,3.5,-2.9,-5.6,-5.9,,20.7,7.2,,4.7,,0.0,0.0
临沂,jma_seamless,2025-01-29,6,2025-02-04,5.4,-3.1,-4.6,-6.0,,23.5,7.0,,8.6,,0.0,0.0
临沂,jma_seamless,2025-01-28,7,2025-02-04,-0.2,-3.0,-7.8,-7.8,,15.2,13.7,,0.0,,0.0,0.0
临沂,ecmwf_ifs025,2025-02-04,1,2025-02-05,1.0,-4.6,-7.4,-8.6,,31.5,9.2,,4.3,14.39,0.0,
临沂,ecmwf_ifs025,2025-02-03,2,2025-02-05,1.5,-5.2,-6.9,-9.1,,30.3,8.7,,7.8,14.16,0.0,
临沂,ecmwf_ifs025,2025-02-02,3,2025-02-05,1.1,-4.8,-7.0,-8.6,,28.5,8.7,,17.0,13.82,0.0,
临沂,ecmwf_ifs025,2025-02-01,4,2025-02-05,3.3,-4.9,-6.3,-8.3,,25.3,7.4,,19.9,13.73,0.0,
临沂,ecmwf_ifs025,2025-01-31,5,2025-02-05,4.2,-4.8,-6.0,-8.3,,23.8,7.7,,18.5,13.57,0.0,
临沂,ecmwf_ifs025,2025-01-30,6,2025-02-05,5.4,-4.6,-5.2,,,27.6,4.8,,21.9,15.29,0.0,
临沂,ecmwf_ifs025,2025-01-29,7,2025-02-05,0.5,-5.2,-7.8,-9.4,,25.9,9.5,,3.2,15.84,0.0,
临沂,gfs_seamless,2025-02-04,1,2025-02-05,1.4,-3.9,-7.0,-8.8,,19.9,13.2,45.7,8.1,15.67,0.0,0.0
临沂,gfs_seamless,2025-02-03,2,2025-02-05,1.6,-4.4,-7.0,-9.3,,20.0,12.7,45.0,8.7,15.56,0.0,0.0
临沂,gfs_seamless,2025-02-02,3,2025-02-05,1.6,-3.6,-6.7,-8.0,,20.6,11.5,34.9,2.7,15.55,0.0,0.0
临沂,gfs_seamless,2025-02-01,4,2025-02-05,2.6,-2.1,-5.8,-6.2,,23.8,11.5,42.8,8.8,15.46,0.0,0.0
临沂,gfs_seamless,2025-01-31,5,2025-02-05,5.2,-1.6,-3.7,-5.2,,25.5,9.8,33.1,8.4,15.16,0.0,0.0
临沂,gfs_seamless,2025-01-30,6,2025-02-05,7.6,-1.7,-2.6,-4.5,,26.8,7.2,20.5,19.2,14.94,0.0,0.0
临沂,gfs_seamless,2025-01-29,7,2025-02-05,4.8,-5.0,-5.8,-10.0,,27.1,12.6,41.8,70.9,12.66,0.0,0.0
临沂,jma_seamless,2025-02-04,1,2025-02-05,1.5,-2.9,-6.2,-6.2,,19.5,8.1,,4.4,,0.0,0.0
临沂,jma_seamless,2025-02-03,2,2025-02-05,1.2,-3.3,-6.6,-6.9,,19.7,8.7,,3.2,,0.0,0.0
临沂,jma_seamless,2025-02-02,3,2025-02-05,0.5,-2.6,-6.7,-6.1,,18.0,8.9,,6.8,,0.0,0.0
临沂,jma_seamless,2025-02-01,4,2025-02-05,-0.6,-2.6,-7.3,-6.6,,14.9,10.6,,0.7,,0.0,0.0
临沂,jma_seamless,2025-01-31,5,2025-02-05,-0.1,-3.8,-7.6,-7.7,,15.1,9.5,,0.0,,0.0,0.0
临沂,jma_seamless,2025-01-30,6,2025-02-05,0.7,-3.3,-7.2,-7.3,,15.3,10.0,,9.5,,0.0,0.0
临沂,jma_seamless,2025-01-29,7,2025-02-05,0.6,-4.9,-7.9,-8.7,,12.9,8.6,,0.0,,0.0,0.0
临沂,ecmwf_ifs025,2025-02-05,1,2025-02-06,6.5,-5.1,-5.2,-9.7,,34.2,10.9,,25.0,12.88,0.0,
临沂,ecmwf_ifs025,2025-02-04,2,2025-02-06,6.8,-5.7,-5.6,-9.9,,30.8,9.4,,24.4,12.74,0.0,
临沂,ecmwf_ifs025,2025-02-03,3,2025-02-06,6.3,-5.9,-5.6,-10.1,,34.9,9.3,,22.2,12.82,0.0,
临沂,ecmwf_ifs025,2025-02-02,4,2025-02-06,6.3,-6.4,-5.7,-10.8,,34.0,9.5,,29.1,13.25,0.0,
临沂,ecmwf_ifs025,2025-02-01,5,2025-02-06,5.4,-5.7,-5.7,-9.2,,31.8,7.4,,23.6,13.05,0.0,
临沂,ecmwf_ifs025,2025-01-31,6,2025-02-06,6.1,-5.7,-5.2,-9.5,,33.8,8.1,,30.8,15.33,0.0,
临沂,ecmwf_ifs025,2025-01-30,7,2025-02-06,4.4,-4.2,-5.2,-7.4,,37.0,7.3,,48.2,15.9,0.0,
临沂,gfs_seamless,2025-02-05,1,2025-02-06,5.0,-3.1,-5.1,-7.9,,23.5,13.6,63.0,72.5,13.35,0.0,0.0
临沂,gfs_seamless,2025-02-04,2,2025-02-06,4.8,-3.9,-5.8,-9.1,,22.5,14.3,58.3,48.7,14.55,0.0,0.0
临沂,gfs_seamless,2025-02-03,3,2025-02-06,6.0,-4.0,-4.8,-8.3,,21.3,10.7,33.8,82.6,13.94,0.0,0.0
临沂,gfs_seamless,2025-02-02,4,2025-02-06,6.0,-3.2,-4.0,-7.3,,21.5,10.5,29.9,23.3,15.53,0.0,0.0
临沂,gfs_seamless,2025-02-01,5,2025-02-06,6.4,-2.2,-3.3,-5.7,,24.4,9.2,25.2,50.2,14.76,0.0,0.0
临沂,gfs_seamless,2025-01-31,6,2025-02-06,6.4,-2.0,-2.9,-5.3,,35.1,8.7,24.1,75.1,13.77,0.0,0.0
临沂,gfs_seamless,2025-01-30,7,2025-02-06,10.6,-1.4,-1.1,-4.9,,41.9,9.6,34.6,72.7,12.11,0.0,0.0
临沂,jma_seamless,2025-02-05,1,2025-02-06,5.9,-2.8,-4.2,-6.1,,19.4,8.1,,24.5,,0.0,0.0
临沂,jma_seamless,2025-02-04,2,2025-02-06,5.4,-2.9,-4.8,-6.0,,18.2,7.5,,28.1,,0.0,0.0
临沂,jma_seamless,2025-02-03,3,2025-02-06,5.4,-2.5,-4.4,-5.3,,19.0,6.9,,29.0,,0.0,0.0
临沂,jma_seamless,2025-02-02,4,2025-02-06,5.2,-2.5,-4.8,-5.4,,18.8,7.2,,31.0,,0.0,0.0
临沂,jma_seamless,2025-02-01,5,2025-02-06,4.5,-3.7,-5.4,-7.3,,15.3,8.7,,6.2,,0.0,0.0
临沂,jma_seamless,2025-01-31,6,2025-02-06,2.9,-3.4,-6.2,-7.2,,14.8,9.4,,0.0,,0.0,0.0
临沂,jma_seamless,2025-01-30,7,2025-02-06,3.8,-4.8,-6.2,-8.7,,14.4,8.8,,6.6,,0.0,0.0
临沂,ecmwf_ifs025,2025-02-06,1,2025-02-07,-2.1,-9.9,-12.8,-17.5,,14.3,18.9,,0.1,14.83,0.0,
临沂,ecmwf_ifs025,2025-02-05,2,2025-02-07,-2.7,-9.4,-12.7,-16.7,,10.1,17.8,,0.7,14.84,0.0,
临沂,ecmwf_ifs025,2025-02-04,3,2025-02-07,-2.3,-9.5,-12.5,-16.7,,12.3,17.3,,7.1,14.22,0.0,
临沂,ecmwf_ifs025,2025-02-03,4,2025-02-07,-0.6,-9.3,-11.5,-16.1,,16.8,15.7,,15.5,14.24,0.0,
临沂,ecmwf_ifs025,2025-02-02,5,2025-02-07,-1.1,-6.9,-10.1,-13.0,,25.8,15.5,,18.1,13.49,0.0,
临沂,ecmwf_ifs025,2025-02-01,6,2025-02-07,-1.4,-7.8,-9.8,-14.4,,20.8,16.4,,8.6,15.57,0.0,
临沂,ecmwf_ifs025,2025-01-31,7,2025-02-07,8.1,-2.6,-2.6,-5.8,,49.0,8.1,,13.1,16.02,0.0,
临沂,gfs_seamless,2025-02-06,1,2025-02-07,-3.0,-8.2,-12.6,-15.8,,17.3,21.0,62.6,0.7,16.23,0.0,0.0
临沂,gfs_seamless,2025-02-05,2,2025-02-07,-2.9,-8.9,-12.6,-16.4,,15.7,19.5,55.1,0.2,16.17,0.0,0.0
临沂,gfs_seamless,2025-02-04,3,2025-02-07,-0.5,-9.6,-12.0,-17.2,,15.2,19.2,59.4,12.8,16.16,0.0,0.0
临沂,gfs_seamless,2025-02-03,4,2025-02-07,0.8,-9.4,-11.6,-17.2,,15.9,20.6,59.4,30.5,15.74,0.0,0.0
临沂,gfs_seamless,2025-02-02,5,2025-02-07,9.3,-6.1,-5.4,-11.8,,26.3,14.3,45.4,18.7,15.33,0.0,0.0
临沂,gfs_seamless,2025-02-01,6,2025-02-07,10.3,0.6,-0.7,-3.2,,39.9,12.4,43.6,92.0,13.96,0.0,0.0
临沂,gfs_seamless,2025-01-31,7,2025-02-07,8.0,-1.2,-2.0,-6.0,,53.5,15.4,49.7,87.6,12.81,0.0,0.0
临沂,jma_seamless,2025-02-06,1,2025-02-07,-1.1,-8.0,-11.2,-14.4,,12.5,15.3,,0.1,,0.0,0.0
临沂,jma_seamless,2025-02-05,2,2025-02-07,-1.6,-8.1,-11.2,-14.5,,12.0,15.4,,0.0,,0.0,0.0
临沂,jma_seamless,2025-02-04,3,2025-02-07,1.3,-7.9,-10.4,-14.2,,11.9,15.1,,0.4,,0.0,0.0
临沂,jma_seamless,2025-02-03,4,2025-02-07,1.6,-8.3,-10.7,-15.0,,11.6,16.3,,5.3,,0.0,0.0
临沂,jma_seamless,2025-02-02,5,2025-02-07,-1.9,-7.8,-11.0,-13.5,,14.5,13.0,,0.5,,0.0,0.0
临沂,jma_seamless,2025-02-01,6,2025-02-07,6.3,-5.9,-5.4,-9.2,,18.6,6.8,,0.0,,0.0,0.0
临沂,jma_seamless,2025-01-31,7,2025-02-07,4.9,-3.4,-4.7,,,23.1,2.8,,19.2,,0.0,0.0
临沂,ecmwf_ifs025,2025-02-07,1,2025-02-08,0.5,-8.2,-9.5,-12.5,,12.3,8.4,,3.3,14.63,0.0,
临沂,ecmwf_ifs025,2025-02-06,2,2025-02-08,0.8,-9.2,-9.9,-13.8,,13.0,8.7,,6.8,14.53,0.0,
临沂,ecmwf_ifs025,2025-02-05,3,2025-02-08,0.8,-9.6,-9.9,-14.0,,10.6,8.0,,4.2,14.4,0.0,
临沂,ecmwf_ifs025,2025-02-04,4,2025-02-08,0.4,-9.4,-10.0,-13.7,,10.9,7.9,,11.5,14.32,0.0,
临沂,ecmwf_ifs025,2025-02-03,5,2025-02-08,0.2,-8.8,-10.2,-13.4,,9.1,8.7,,2.9,14.55,0.0,
临沂,ecmwf_ifs025,2025-02-02,6,2025-02-08,0.3,-8.7,-10.2,-13.5,,11.5,9.3,,13.5,15.72,0.0,
临沂,ecmwf_ifs025,2025-02-01,7,2025-02-08,-0.7,-8.9,-8.4,-13.3,,28.3,8.3,,3.6,16.35,0.0,
临沂,gfs_seamless,2025-02-07,1,2025-02-08,-0.2,-8.0,-9.5,-12.2,,14.5,8.2,16.9,74.7,14.73,0.0,0.0
临沂,gfs_seamless,2025-02-06,2,2025-02-08,-0.1,-7.8,-9.5,-12.6,,16.8,9.9,21.6,46.9,15.97,0.0,0.0
临沂,gfs_seamless,2025-02-05,3,2025-02-08,-0.1,-6.9,-8.9,-11.2,,15.8,8.9,15.1,47.8,16.07,0.0,0.0
临沂,gfs_seamless,2025-02-04,4,2025-02-08,0.4,-7.9,-8.9,-12.1,,14.9,8.1,17.3,47.1,16.16,0.0,0.0
临沂,gfs_seamless,2025-02-03,5,2025-02-08,0.3,-8.3,-9.3,-12.5,,13.8,8.1,14.8,18.0,15.84,0.0,0.0
临沂,gfs_seamless,2025-02-02,6,2025-02-08,1.8,-6.2,-7.6,-11.8,,29.6,14.0,47.5,55.1,15.39,0.0,0.0
临沂,gfs_seamless,2025-02-01,7,2025-02-08,8.6,-2.2,-3.1,-7.7,,70.4,18.3,51.8,100.0,10.32,0.3,0.0
临沂,jma_seamless,2025-02-07,1,2025-02-08,-1.0,-6.4,-9.1,-10.3,,11.7,8.0,,0.0,,0.0,0.0
临沂,jma_seamless,2025-02-06,2,2025-02-08,-0.8,-6.1,-8.9,-9.8,,13.4,7.8,,13.5,,0.0,0.0
临沂,jma_seamless,2025-02-05,3,2025-02-08,-0.9,-6.1,-8.9,-9.9,,13.9,8.1,,4.2,,0.0,0.0
临沂,jma_seamless,2025-02-04,4,2025-02-08,-0.9,-6.2,-9.0,-10.1,,13.4,8.3,,0.0,,0.0,0.0
临沂,jma_seamless,2025-02-03,5,2025-02-08,-0.8,-5.8,-9.0,-10.1,,13.0,9.5,,0.0,,0.0,0.0
临沂,jma_seamless,2025-02-02,6,2025-02-08,-1.1,-6.3,-9.3,-10.7,,15.1,9.7,,0.0,,0.0,0.0
临沂,jma_seamless,2025-02-01,7,2025-02-08,4.5,-3.3,-4.9,-5.7,,29.2,5.7,,45.2,,0.0,0.0
临沂,ecmwf_ifs025,2025-02-08,1,2025-02-09,2.1,-8.9,-7.8,,,22.8,3.8,,0.1,14.73,0.0,
临沂,ecmwf_ifs025,2025-02-07,2,2025-02-09,2.3,-8.3,-7.5,,,21.1,4.2,,1.2,14.75,0.0,
临沂,ecmwf_ifs025,2025-02-06,3,2025-02-09,2.4,-8.4,-7.6,,,18.5,4.4,,4.2,14.69,0.0,
临沂,ecmwf_ifs025,2025-02-05,4,2025-02-09,2.4,-8.4,-7.5,,,18.5,4.1,,6.4,14.7,0.0,
临沂,ecmwf_ifs025,2025-02-04,5,2025-02-09,3.0,-9.3,-8.1,-12.3,,17.2,5.3,,3.2,14.66,0.0,
临沂,ecmwf_ifs025,2025-02-03,6,2025-02-09,2.9,-7.9,-8.3,-12.1,,11.6,8.2,,6.1,15.85,0.0,
临沂,ecmwf_ifs025,2025-02-02,7,2025-02-09,2.4,-8.5,-8.5,-11.5,,15.1,5.5,,0.0,16.55,0.0,
临沂,gfs_seamless,2025-02-08,1,2025-02-09,2.5,-6.3,-6.5,,,18.1,4.4,10.8,25.8,16.06,0.0,0.0
临沂,gfs_seamless,2025-02-07,2,2025-02-09,3.1,-5.4,-5.9,,,17.6,4.7,10.4,29.3,16.01,0.0,0.0
临沂,gfs_seamless,2025-02-06,3,2025-02-09,3.1,-5.5,-6.1,-8.0,,17.8,5.3,9.7,15.7,16.17,0.0,0.0
临沂,gfs_seamless,2025-02-05,4,2025-02-09,2.8,-4.0,-5.7,-6.5,,18.0,5.8,10.8,12.8,16.13,0.0,0.0
临沂,gfs_seamless,2025-02-04,5,2025-02-09,3.0,-5.3,-5.9,-7.5,,17.6,4.9,10.4,13.2,15.88,0.0,0.0
临沂,gfs_seamless,2025-02-03,6,2025-02-09,3.7,-5.6,-6.1,,,16.6,4.3,9.0,6.2,15.92,0.0,0.0
临沂,gfs_seamless,2025-02-02,7,2025-02-09,4.5,-5.4,-5.8,-9.1,,21.0,8.1,33.5,19.4,16.02,0.0,0.0
临沂,jma_seamless,2025-02-08,1,2025-02-09,0.6,-5.8,-7.2,,,17.2,2.9,,0.0,,0.0,0.0
临沂,jma_seamless,2025-02-07,2,2025-02-09,0.5,-5.7,-7.1,,,16.0,2.1,,0.6,,0.0,0.0
临沂,jma_seamless,2025-02-06,3,2025-02-09,0.6,-5.5,-7.2,,,17.3,3.3,,5.7,,0.0,0.0
临沂,jma_seamless,2025-02-05,4,2025-02-09,0.5,-5.5,-7.1,,,20.0,2.1,,0.0,,0.0,0.0
临沂,jma_seamless,2025-02-04,5,2025-02-09,0.7,-5.8,-7.3,,,19.5,3.4,,0.0,,0.0,0.0
临沂,jma_seamless,2025-02-03,6,2025-02-09,0.0,-5.5,-7.6,,,17.1,4.0,,0.3,,0.0,0.0
临沂,jma_seamless,2025-02-02,7,2025-02-09,1.0,-5.6,-7.1,,,18.2,4.7,,11.2,,0.0,0.0
临沂,ecmwf_ifs025,2025-02-09,1,2025-02-10,8.1,-4.2,-3.9,-7.6,,27.6,7.8,,10.5,14.52,0.0,
临沂,ecmwf_ifs025,2025-02-08,2,2025-02-10,8.0,-4.1,-4.0,-7.7,,29.3,8.5,,7.0,14.47,0.0,
临沂,ecmwf_ifs025,2025-02-07,3,2025-02-10,7.7,-4.1,-4.0,-7.7,,34.7,8.3,,5.1,13.64,0.0,
临沂,ecmwf_ifs025,2025-02-06,4,2025-02-10,7.9,-4.7,-4.1,-8.3,,33.6,8.2,,11.8,14.21,0.0,
临沂,ecmwf_ifs025,2025-02-05,5,2025-02-10,7.9,-4.6,-4.1,-8.3,,33.7,8.4,,5.0,13.92,0.0,
临沂,ecmwf_ifs025,2025-02-04,6,2025-02-10,7.5,-5.0,-4.6,-8.9,,30.6,8.9,,8.3,15.99,0.0,
临沂,ecmwf_ifs025,2025-02-03,7,2025-02-10,6.2,-7.4,-5.9,-11.4,,23.7,8.0,,10.5,16.67,0.0,
临沂,gfs_seamless,2025-02-09,1,2025-02-10,7.5,-2.6,-3.2,-5.8,,29.2,8.1,15.1,54.4,15.08,0.0,0.0
临沂,gfs_seamless,2025-02-08,2,2025-02-10,7.6,-2.5,-2.9,-5.7,,30.0,8.1,15.8,71.2,15.3,0.0,0.0
临沂,gfs_seamless,2025-02-07,3,2025-02-10,8.6,-2.5,-2.6,-6.0,,27.7,8.9,19.1,50.2,15.67,0.0,0.0
临沂,gfs_seamless,2025-02-06,4,2025-02-10,6.6,-3.2,-3.6,-6.7,,28.2,8.5,18.0,56.8,12.63,0.0,0.0
临沂,gfs_seamless,2025-02-05,5,2025-02-10,7.4,-1.9,-2.7,-4.5,,32.8,6.8,24.8,22.4,15.43,0.0,0.0
临沂,gfs_seamless,2025-02-04,6,2025-02-10,6.9,-3.2,-3.4,-6.8,,34.3,8.8,24.1,65.2,13.49,0.0,0.0
临沂,gfs_seamless,2025-02-03,7,2025-02-10,5.5,-2.6,-4.3,-5.9,,28.1,8.3,31.0,77.0,13.17,0.0,0.0
临沂,jma_seamless,2025-02-09,1,2025-02-10,5.7,-2.8,-4.4,-5.3,,18.9,6.1,,7.6,,0.0,0.0
临沂,jma_seamless,2025-02-08,2,2025-02-10,5.0,-2.8,-4.6,-5.1,,18.6,5.7,,12.2,,0.0,0.0
临沂,jma_seamless,2025-02-07,3,2025-02-10,5.3,-2.8,-4.6,-5.4,,18.7,6.3,,10.3,,0.0,0.0
临沂,jma_seamless,2025-02-06,4,2025-02-10,4.6,-3.2,-4.9,-5.4,,18.9,5.4,,2.4,,0.0,0.0
临沂,jma_seamless,2025-02-05,5,2025-02-10,5.3,-2.9,-4.6,-5.5,,20.9,6.4,,7.3,,0.0,0.0
临沂,jma_seamless,2025-02-04,6,2025-02-10,5.4,-3.4,-4.6,-6.2,,21.5,6.6,,0.0,,0.0,0.0
临沂,jma_seamless,2025-02-03,7,2025-02-10,3.8,-3.4,-5.4,-6.2,,17.9,6.5,,15.2,,0.0,0.0
临沂,ecmwf_ifs025,2025-02-10,1,2025-02-11,9.0,-2.0,-0.4,-4.9,,66.2,7.6,,51.2,11.06,2.1,
临沂,ecmwf_ifs025,2025-02-09,2,2025-02-11,6.2,-2.0,-1.7,-5.1,,68.5,7.9,,57.7,6.48,3.6,
临沂,ecmwf_ifs025,2025-02-08,3,2025-02-11,5.0,-1.9,-2.1,-4.5,,77.5,6.8,,55.0,3.98,5.1,
临沂,ecmwf_ifs025,2025-02-07,4,2025-02-11,5.3,-2.0,-2.1,-4.3,,80.4,6.0,,54.3,4.8,3.3,
临沂,ecmwf_ifs025,2025-02-06,5,2025-02-11,7.4,-2.0,-1.4,-4.5,,74.4,6.5,,48.1,8.31,0.6,
临沂,ecmwf_ifs025,2025-02-05,6,2025-02-11,4.3,-1.1,-2.4,-3.5,,80.1,6.6,,56.1,8.19,0.0,
临沂,ecmwf_ifs025,2025-02-04,7,2025-02-11,8.0,-2.6,-2.2,-6.7,,69.2,11.0,,38.5,16.4,0.9,
临沂,gfs_seamless,2025-02-10,1,2025-02-11,11.0,-1.0,0.1,-4.2,,63.0,8.9,32.0,71.3,11.59,4.5,0.0
临沂,gfs_seamless,2025-02-09,2,2025-02-11,10.9,-1.0,-0.4,-4.4,,65.9,9.6,27.0,67.8,10.79,6.9,0.0
临沂,gfs_seamless,2025-02-08,3,2025-02-11,10.0,-0.9,0.3,-4.1,,63.4,8.9,26.3,75.6,10.77,4.7,0.0
临沂,gfs_seamless,2025-02-07,4,2025-02-11,10.4,-0.8,-0.0,-3.6,,61.2,7.7,18.4,66.5,9.6,4.9,0.0
临沂,gfs_seamless,2025-02-06,5,2025-02-11,10.3,-0.8,0.3,-3.7,,67.4,8.2,20.9,67.7,12.44,2.8,0.0
临沂,gfs_seamless,2025-02-05,6,2025-02-11,8.5,0.5,-0.1,-3.2,,70.5,11.8,34.2,98.0,6.95,1.6,0.0
临沂,gfs_seamless,2025-02-04,7,2025-02-11,6.1,-1.8,-1.0,-5.1,,89.8,8.8,25.6,97.5,3.49,2.7,0.1
临沂,jma_seamless,2025-02-10,1,2025-02-11,7.4,-0.6,-1.5,-2.7,,53.2,5.9,,49.1,,3.3,0.0
临沂,jma_seamless,2025-02-09,2,2025-02-11,6.8,-0.8,-2.1,-2.8,,51.9,5.7,,48.2,,6.3,0.0
临沂,jma_seamless,2025-02-08,3,2025-02-11,8.0,-0.9,-1.5,-2.9,,48.1,5.7,,34.5,,3.9,0.0
临沂,jma_seamless,2025-02-07,4,2025-02-11,8.3,-0.9,-1.2,-2.6,,49.7,4.9,,40.8,,3.0,0.0
临沂,jma_seamless,2025-02-06,5,2025-02-11,5.3,-1.0,-2.3,-2.9,,64.8,5.4,,74.2,,3.6,0.0
临沂,jma_seamless,2025-02-05,6,2025-02-11,6.4,-0.8,-1.3,,,53.8,4.8,,52.0,,0.0,0.0
临沂,jma_seamless,2025-02-04,7,2025-02-11,8.6,-1.3,-1.4,-3.4,,43.2,5.8,,48.0,,0.0,0.0
临沂,ecmwf_ifs025,2025-02-11,1,2025-02-12,7.6,0.7,-1.3,-3.1,,60.2,12.5,,34.6,12.43,0.0,
临沂,ecmwf_ifs025,2025-02-10,2,2025-02-12,7.3,0.4,-2.2,-3.3,,62.7,12.1,,46.1,11.93,0.0,
临沂,ecmwf_ifs025,2025-02-09,3,2025-02-12,7.8,1.5,-1.2,-2.2,,65.4,12.9,,51.4,10.59,0.0,
临沂,ecmwf_ifs025,2025-02-08,4,2025-02-12,7.6,0.5,-2.1,-3.4,,61.3,12.8,,33.8,11.24,0.0,
临沂,ecmwf_ifs025,2025-02-07,5,2025-02-12,9.9,2.1,0.5,-0.9,,68.6,10.5,,41.0,9.7,0.0,
临沂,ecmwf_ifs025,2025-02-06,6,2025-02-12,8.8,1.0,-1.2,-2.3,,70.4,10.8,,38.0,14.77,0.0,
临沂,ecmwf_ifs025,2025-02-05,7,2025-02-12,10.1,0.3,0.0,-3.5,,56.0,12.2,,33.4,7.06,0.0,
临沂,gfs_seamless,2025-02-11,1,2025-02-12,8.3,1.7,0.4,-2.3,,53.0,14.7,32.4,80.6,14.14,0.2,0.0
临沂,gfs_seamless,2025-02-10,2,2025-02-12,7.6,1.0,-0.6,-3.1,,50.4,14.7,34.2,75.1,14.19,0.1,0.0
临沂,gfs_seamless,2025-02-09,3,2025-02-12,7.3,1.2,-0.3,-3.0,,54.0,15.4,40.3,78.8,14.62,0.0,0.0
临沂,gfs_seamless,2025-02-08,4,2025-02-12,7.3,1.1,-1.0,-2.8,,51.0,13.6,35.6,71.1,14.8,0.0,0.0
临沂,gfs_seamless,2025-02-07,5,2025-02-12,9.3,2.0,1.5,-0.7,,56.3,9.3,27.7,98.4,14.23,0.4,0.0
临沂,gfs_seamless,2025-02-06,6,2025-02-12,9.4,1.7,-0.0,-2.3,,55.0,14.9,35.6,78.8,14.83,0.2,0.0
临沂,gfs_seamless,2025-02-05,7,2025-02-12,4.7,0.9,-0.8,-2.6,,84.0,11.6,34.2,92.0,2.32,0.6,0.0
临沂,jma_seamless,2025-02-11,1,2025-02-12,7.3,-0.5,-1.7,-4.1,,53.1,10.6,,34.8,,0.9,0.0
临沂,jma_seamless,2025-02-10,2,2025-02-12,7.8,-0.9,-1.9,-4.4,,52.2,10.2,,29.5,,0.3,0.0
临沂,jma_seamless,2025-02-09,3,2025-02-12,7.3,-1.3,-2.0,-4.6,,54.5,9.2,,32.1,,-0.3,0.0
临沂,jma_seamless,2025-02-08,4,2025-02-12,7.0,-1.1,-1.7,-4.4,,50.6,9.2,,34.2,,0.0,0.0
临沂,jma_seamless,2025-02-07,5,2025-02-12,9.1,-1.1,-0.9,-3.5,,55.4,6.4,,46.6,,0.3,-0.1
临沂,jma_seamless,2025-02-06,6,2025-02-12,9.4,0.8,0.6,-1.2,,61.5,6.3,,70.9,,1.2,0.0
临沂,jma_seamless,2025-02-05,7,2025-02-12,7.9,-0.2,-1.3,-2.4,,27.0,6.4,,44.0,,0.0,0.0
临沂,ecmwf_ifs025,2025-02-12,1,2025-02-13,11.1,-2.5,-1.4,-6.0,,45.5,9.1,,0.8,15.09,0.0,
临沂,ecmwf_ifs025,2025-02-11,2,2025-02-13,10.9,-2.3,-1.4,-5.7,,44.4,8.7,,0.3,14.91,0.0,
临沂,ecmwf_ifs025,2025-02-10,3,2025-02-13,11.0,-2.5,-1.6,-5.7,,44.3,8.1,,1.6,15.13,0.0,
临沂,ecmwf_ifs025,2025-02-09,4,2025-02-13,11.5,-2.5,-1.0,-4.9,,48.0,6.0,,0.0,14.94,0.0,
临沂,ecmwf_ifs025,2025-02-08,5,2025-02-13,11.0,-1.8,-1.3,-4.6,,41.2,7.3,,0.0,15.32,0.0,
临沂,ecmwf_ifs025,2025-02-07,6,2025-02-13,13.0,-1.3,0.3,-3.6,,47.1,6.3,,2.8,16.44,0.0,
临沂,ecmwf_ifs025,2025-02-06,7,2025-02-13,8.5,-2.4,-1.3,-5.0,,46.2,6.4,,6.9,17.18,0.0,
临沂,gfs_seamless,2025-02-12,1,2025-02-13,9.2,-0.9,-1.0,-4.2,,25.8,9.4,22.3,24.7,16.37,0.0,0.0
临沂,gfs_seamless,2025-02-11,2,2025-02-13,9.0,-1.1,-1.1,-4.4,,23.3,9.3,19.8,75.3,15.29,0.0,0.0
临沂,gfs_seamless,2025-02-10,3,2025-02-13,9.1,-1.1,-1.3,-4.6,,27.0,10.0,22.0,62.6,15.59,0.0,0.0
临沂,gfs_seamless,2025-02-09,4,2025-02-13,9.5,-0.9,-0.9,-4.1,,28.9,9.1,21.2,46.6,16.5,0.0,0.0
临沂,gfs_seamless,2025-02-08,5,2025-02-13,8.6,-1.1,-1.3,-4.4,,28.1,9.1,23.0,68.1,14.9,0.0,0.0
临沂,gfs_seamless,2025-02-07,6,2025-02-13,10.4,-0.6,0.5,-3.3,,35.8,7.7,20.9,63.1,15.25,0.0,0.0
临沂,gfs_seamless,2025-02-06,7,2025-02-13,7.4,-1.2,-1.4,-3.6,,25.6,6.4,19.4,94.0,14.21,0.0,0.0
临沂,jma_seamless,2025-02-12,1,2025-02-13,8.6,-2.6,-2.4,-5.0,,23.0,5.9,,14.3,,0.0,0.0
临沂,jma_seamless,2025-02-11,2,2025-02-13,8.6,-3.0,-2.5,-5.5,,23.6,6.1,,16.0,,-0.6,0.0
临沂,jma_seamless,2025-02-10,3,2025-02-13,8.5,-3.2,-2.5,-5.6,,22.6,5.8,,21.8,,0.0,0.0
临沂,jma_seamless,2025-02-09,4,2025-02-13,7.5,-3.3,-2.9,,,25.1,3.2,,13.9,,0.0,0.0
临沂,jma_seamless,2025-02-08,5,2025-02-13,8.6,-3.3,-2.3,,,25.1,3.1,,11.6,,-0.3,-0.2
临沂,jma_seamless,2025-02-07,6,2025-02-13,7.9,-2.9,-2.1,,,32.0,2.5,,23.4,,0.0,0.0
临沂,jma_seamless,2025-02-06,7,2025-02-13,9.7,-2.2,-1.9,,,31.6,4.4,,30.3,,0.6,0.1
临沂,ecmwf_ifs025,2025-02-13,1,2025-02-14,12.8,0.3,1.3,-1.8,,55.1,6.4,,6.7,14.87,0.0,
临沂,ecmwf_ifs025,2025-02-12,2,2025-02-14,13.1,1.3,2.1,-0.6,,55.5,6.3,,21.5,13.84,0.0,
临沂,ecmwf_ifs025,2025-02-11,3,2025-02-14,12.8,0.2,1.6,-2.0,,54.1,6.6,,18.3,14.49,0.0,
临沂,ecmwf_ifs025,2025-02-10,4,2025-02-14,13.6,0.9,1.6,-1.1,,54.7,6.4,,16.1,14.83,0.0,
临沂,ecmwf_ifs025,2025-02-09,5,2025-02-14,12.4,1.9,2.5,0.0,,58.0,6.4,,43.1,8.91,0.0,
临沂,ecmwf_ifs025,2025-02-08,6,2025-02-14,11.6,3.0,2.6,,,50.3,4.8,,41.7,19.07,0.0,
临沂,ecmwf_ifs025,2025-02-07,7,2025-02-14,14.8,4.2,4.3,3.1,,63.8,5.2,,33.2,10.12,0.0,
临沂,gfs_seamless,2025-02-13,1,2025-02-14,10.4,0.7,1.1,-1.4,,33.5,6.6,13.3,73.5,14.8,0.0,0.0
临沂,gfs_seamless,2025-02-12,2,2025-02-14,11.0,1.7,1.8,-0.4,,32.8,6.9,13.7,72.1,15.35,0.0,0.0
临沂,gfs_seamless,2025-02-11,3,2025-02-14,11.5,0.4,1.4,-2.4,,32.2,8.5,17.6,58.8,15.79,0.0,0.0
临沂,gfs_seamless,2025-02-10,4,2025-02-14,12.3,1.0,1.5,-2.0,,32.8,9.6,24.8,66.4,15.94,0.0,0.0
临沂,gfs_seamless,2025-02-09,5,2025-02-14,10.7,1.8,2.1,,,32.4,4.7,13.3,97.0,13.31,0.0,0.0
临沂,gfs_seamless,2025-02-08,6,2025-02-14,10.3,2.3,1.0,-0.1,,32.7,8.1,26.6,93.2,11.45,0.0,0.0
临沂,gfs_seamless,2025-02-07,7,2025-02-14,12.7,2.3,2.7,0.1,,43.0,7.6,29.2,99.8,12.44,0.0,0.0
临沂,jma_seamless,2025-02-13,1,2025-02-14,10.4,-1.5,-0.7,,,31.5,4.5,,29.6,,0.0,0.0
临沂,jma_seamless,2025-02-12,2,2025-02-14,10.9,-1.1,0.0,-3.0,,27.0,5.3,,47.5,,0.0,0.0
临沂,jma_seamless,2025-02-11,3,2025-02-14,11.1,-1.7,-0.4,-3.5,,25.0,5.0,,20.3,,0.0,0.0
临沂,jma_seamless,2025-02-10,4,2025-02-14,11.1,-2.7,-0.4,,,29.2,4.4,,41.0,,0.0,0.0
临沂,jma_seamless,2025-02-09,5,2025-02-14,9.4,-2.0,-0.8,,,37.6,3.9,,54.6,,0.0,0.0
临沂,jma_seamless,2025-02-08,6,2025-02-14,10.3,-0.4,0.1,-2.7,,41.1,6.6,,71.5,,0.0,0.0
临沂,jma_seamless,2025-02-07,7,2025-02-14,4.9,-0.3,-0.5,-2.2,,70.8,5.7,,75.8,,1.8,0.0
临沂,ecmwf_ifs025,2025-02-14,1,2025-02-15,16.8,2.4,3.9,-0.2,,65.3,8.9,,20.0,13.62,0.0,
临沂,ecmwf_ifs025,2025-02-13,2,2025-02-15,16.3,2.4,4.1,0.6,,64.3,6.3,,32.4,8.62,0.0,
临沂,ecmwf_ifs025,2025-02-12,3,2025-02-15,15.3,1.8,3.7,-0.6,,65.4,7.9,,28.0,12.06,0.0,
临沂,ecmwf_ifs025,2025-02-11,4,2025-02-15,15.2,2.4,3.2,-0.1,,64.7,8.8,,25.4,13.22,0.0,
临沂,ecmwf_ifs025,2025-02-10,5,2025-02-15,14.8,2.9,3.4,0.4,,60.1,8.9,,10.6,15.18,0.0,
临沂,ecmwf_ifs025,2025-02-09,6,2025-02-15,15.9,3.1,3.0,0.6,,61.6,9.1,,14.2,19.32,0.0,
临沂,ecmwf_ifs025,2025-02-08,7,2025-02-15,12.0,1.6,2.5,-0.3,,69.6,6.4,,40.2,18.59,0.0,
临沂,gfs_seamless,2025-02-14,1,2025-02-15,14.1,2.5,3.6,-0.3,,43.5,10.0,33.1,79.7,15.5,0.0,0.0
临沂,gfs_seamless,2025-02-13,2,2025-02-15,13.9,2.9,3.9,0.1,,42.8,10.1,23.8,77.7,15.37,0.0,0.0
临沂,gfs_seamless,2025-02-12,3,2025-02-15,14.0,2.5,3.6,-0.6,,44.5,11.0,30.6,82.9,15.06,0.0,0.0
临沂,gfs_seamless,2025-02-11,4,2025-02-15,14.2,2.8,3.8,0.1,,34.5,9.6,23.8,81.9,15.79,0.0,0.0
临沂,gfs_seamless,2025-02-10,5,2025-02-15,14.3,3.3,4.1,1.0,,30.8,8.4,22.0,66.0,15.95,0.0,0.0
临沂,gfs_seamless,2025-02-09,6,2025-02-15,13.2,2.5,2.5,-0.1,,45.4,9.2,28.4,58.0,14.31,0.0,0.0
临沂,gfs_seamless,2025-02-08,7,2025-02-15,10.6,0.8,2.0,-1.7,,54.7,7.7,21.2,76.5,14.6,0.0,0.0
临沂,jma_seamless,2025-02-14,1,2025-02-15,13.4,0.1,2.2,-2.3,,52.3,6.9,,30.8,,0.0,0.0
临沂,jma_seamless,2025-02-13,2,2025-02-15,12.6,2.2,3.0,-0.1,,45.6,7.9,,60.4,,0.0,0.0
临沂,jma_seamless,2025-02-12,3,2025-02-15,13.0,1.2,2.2,-1.5,,43.0,8.7,,20.8,,0.0,0.0
临沂,jma_seamless,2025-02-11,4,2025-02-15,12.9,0.7,2.2,-1.6,,44.7,6.9,,24.9,,0.0,0.0
临沂,jma_seamless,2025-02-10,5,2025-02-15,12.3,1.2,2.1,-0.8,,48.2,6.5,,37.5,,0.0,0.0
临沂,jma_seamless,2025-02-09,6,2025-02-15,8.8,1.5,1.8,,,58.0,3.1,,58.0,,0.0,0.0
临沂,jma_seamless,2025-02-08,7,2025-02-15,8.9,2.1,2.0,0.5,,75.6,5.8,,74.4,,1.2,0.0
临沂,ecmwf_ifs025,2025-02-15,1,2025-02-16,11.0,3.4,0.8,0.5,,47.0,11.3,,2.6,15.41,0.0,
临沂,ecmwf_ifs025,2025-02-14,2,2025-02-16,11.7,2.8,1.3,-0.1,,56.1,10.5,,3.2,15.39,0.0,
临沂,ecmwf_ifs025,2025-02-13,3,2025-02-16,11.3,2.9,0.9,0.5,,58.7,8.7,,0.7,15.24,0.0,
临沂,ecmwf_ifs025,2025-02-12,4,2025-02-16,12.4,2.5,1.6,-0.7,,55.0,11.6,,0.0,15.36,0.0,
临沂,ecmwf_ifs025,2025-02-11,5,2025-02-16,14.8,3.3,3.6,0.5,,48.7,10.4,,2.0,15.45,0.0,
临沂,ecmwf_ifs025,2025-02-10,6,2025-02-16,14.9,2.3,3.2,-0.6,,46.7,10.2,,0.0,19.52,0.0,
临沂,ecmwf_ifs025,2025-02-09,7,2025-02-16,14.6,3.5,3.3,0.6,,44.1,11.1,,0.0,20.43,0.0,
临沂,gfs_seamless,2025-02-15,1,2025-02-16,11.9,2.3,2.1,-1.5,,29.8,14.7,38.5,40.2,16.78,0.0,0.0
临沂,gfs_seamless,2025-02-14,2,2025-02-16,11.7,2.5,2.4,-0.8,,30.7,12.0,31.3,26.9,16.72,0.0,0.0
临沂,gfs_seamless,2025-02-13,3,2025-02-16,10.4,2.6,1.6,-1.0,,30.1,14.0,35.3,41.7,16.71,0.0,0.0
临沂,gfs_seamless,2025-02-12,4,2025-02-16,10.2,1.9,1.2,-1.8,,28.1,13.7,34.9,18.5,16.78,0.0,0.0
临沂,gfs_seamless,2025-02-11,5,2025-02-16,12.3,3.0,2.8,0.3,,29.2,9.8,29.2,48.5,15.42,0.0,0.0
临沂,gfs_seamless,2025-02-10,6,2025-02-16,12.1,1.8,1.8,-0.9,,39.2,8.9,23.0,5.4,16.52,0.0,0.0
临沂,gfs_seamless,2025-02-09,7,2025-02-16,11.9,4.6,2.5,1.7,,36.3,12.4,36.0,12.2,16.91,0.0,0.0
临沂,jma_seamless,2025-02-15,1,2025-02-16,11.8,1.3,1.2,-1.3,,38.5,8.2,,9.1,,0.0,0.0
临沂,jma_seamless,2025-02-14,2,2025-02-16,12.1,1.1,1.3,-1.2,,37.9,7.1,,5.0,,0.0,0.0
临沂,jma_seamless,2025-02-13,3,2025-02-16,12.3,0.6,0.8,-2.1,,35.4,8.1,,0.4,,0.0,0.0
临沂,jma_seamless,2025-02-12,4,2025-02-16,11.4,0.5,0.6,-1.9,,31.8,7.1,,6.5,,0.0,0.0
临沂,jma_seamless,2025-02-11,5,2025-02-16,12.1,-0.4,0.2,-3.0,,33.8,7.4,,1.8,,0.0,0.0
临沂,jma_seamless,2025-02-10,6,2025-02-16,11.0,-0.4,-0.3,-2.7,,35.4,6.6,,6.0,,0.0,0.0
临沂,jma_seamless,2025-02-09,7,2025-02-16,12.8,-0.4,0.9,-2.4,,43.9,5.9,,5.4,,0.0,0.0
临沂,ecmwf_ifs025,2025-02-16,1,2025-02-17,9.9,0.8,1.0,-1.4,,37.8,6.9,,19.5,13.69,0.0,
临沂,ecmwf_ifs025,2025-02-15,2,2025-02-17,9.8,0.5,0.1,,,40.3,3.9,,21.2,12.63,0.0,
临沂,ecmwf_ifs025,2025-02-14,3,2025-02-17,9.8,0.4,-1.0,-1.8,,40.7,6.5,,20.0,13.65,0.0,
临沂,ecmwf_ifs025,2025-02-13,4,2025-02-17,10.0,-0.4,-0.1,-3.1,,43.3,7.7,,7.6,15.44,0.0,
临沂,ecmwf_ifs025,2025-02-12,5,2025-02-17,11.0,0.9,1.1,,,35.4,4.3,,5.0,15.11,0.0,
临沂,ecmwf_ifs025,2025-02-11,6,2025-02-17,13.4,-0.6,1.1,,,49.5,4.2,,0.2,19.67,0.0,
临沂,ecmwf_ifs025,2025-02-10,7,2025-02-17,14.5,1.9,2.5,-0.0,,56.7,6.5,,7.8,20.56,0.0,
临沂,gfs_seamless,2025-02-16,1,2025-02-17,7.6,0.4,-0.6,-2.3,,33.0,8.2,20.9,77.9,13.05,0.0,0.0
临沂,gfs_seamless,2025-02-15,2,2025-02-17,7.5,0.6,-0.8,-2.3,,30.3,9.0,22.3,81.7,13.51,0.0,0.0
临沂,gfs_seamless,2025-02-14,3,2025-02-17,7.0,0.1,-1.9,-3.4,,26.7,10.8,36.0,81.8,14.84,0.0,0.0
临沂,gfs_seamless,2025-02-13,4,2025-02-17,8.9,0.0,-0.7,-2.1,,28.8,6.2,24.8,12.1,17.02,0.0,0.0
临沂,gfs_seamless,2025-02-12,5,2025-02-17,9.4,0.5,-0.2,-2.0,,30.2,7.5,23.0,35.5,16.17,0.0,0.0
临沂,gfs_seamless,2025-02-11,6,2025-02-17,10.9,-1.4,-0.1,-5.1,,43.3,10.3,31.0,63.8,14.33,0.0,0.0
临沂,gfs_seamless,2025-02-10,7,2025-02-17,11.6,1.2,1.2,-1.7,,45.6,9.4,28.8,64.1,13.61,0.0,0.0
临沂,jma_seamless,2025-02-16,1,2025-02-17,8.3,-2.4,-1.8,,,36.9,4.6,,31.1,,0.0,0.0
临沂,jma_seamless,2025-02-15,2,2025-02-17,7.9,-1.7,-1.8,-3.9,,32.1,5.9,,40.2,,0.0,0.0
临沂,jma_seamless,2025-02-14,3,2025-02-17,8.4,-2.4,-1.6,,,33.6,2.7,,25.2,,0.0,0.0
临沂,jma_seamless,2025-02-13,4,2025-02-17,8.7,-1.9,-1.8,,,29.7,4.3,,15.0,,0.0,0.0
临沂,jma_seamless,2025-02-12,5,2025-02-17,8.1,-1.5,-1.8,,,33.3,4.0,,4.6,,0.0,0.0
临沂,jma_seamless,2025-02-11,6,2025-02-17,9.7,-1.3,-0.3,-3.0,,48.9,4.9,,0.0,,0.0,0.0
临沂,jma_seamless,2025-02-10,7,2025-02-17,11.7,-1.4,0.3,-3.8,,46.8,6.3,,0.5,,0.6,0.0
临沂,ecmwf_ifs025,2025-02-17,1,2025-02-18,12.7,-0.1,1.5,-2.9,,58.5,8.1,,19.6,15.07,0.0,
临沂,ecmwf_ifs025,2025-02-16,2,2025-02-18,11.5,-1.1,0.7,-3.6,,54.5,6.7,,15.6,12.97,0.0,
临沂,ecmwf_ifs025,2025-02-15,3,2025-02-18,11.3,-1.6,0.1,-4.5,,47.9,7.6,,5.2,15.36,0.0,
临沂,ecmwf_ifs025,2025-02-14,4,2025-02-18,11.2,-2.0,-0.7,-4.7,,54.9,7.0,,2.4,15.31,0.0,
临沂,ecmwf_ifs025,2025-02-13,5,2025-02-18,10.8,0.2,0.4,-2.2,,60.5,7.0,,4.0,15.28,0.0,
临沂,ecmwf_ifs025,2025-02-12,6,2025-02-18,10.8,-0.4,0.5,-3.3,,53.0,8.3,,10.1,19.5,0.0,
临沂,ecmwf_ifs025,2025-02-11,7,2025-02-18,13.0,1.0,2.4,-1.1,,62.3,6.6,,14.8,20.71,0.0,
临沂,gfs_seamless,2025-02-17,1,2025-02-18,10.4,-0.2,0.7,-2.9,,48.2,7.7,19.4,24.4,16.59,0.0,0.0
临沂,gfs_seamless,2025-02-16,2,2025-02-18,9.4,-1.4,-0.2,-3.8,,41.5,6.4,19.4,24.5,16.11,0.0,0.0
临沂,gfs_seamless,2025-02-15,3,2025-02-18,8.9,-1.5,-0.5,-4.0,,44.6,6.7,15.8,56.4,15.49,0.0,0.0
临沂,gfs_seamless,2025-02-14,4,2025-02-18,8.9,-1.5,-0.9,-4.0,,38.6,6.5,16.9,29.5,15.85,0.0,0.0
临沂,gfs_seamless,2025-02-13,5,2025-02-18,8.9,-1.0,-0.7,-3.9,,41.2,8.0,23.8,67.2,14.65,0.0,0.0
临沂,gfs_seamless,2025-02-12,6,2025-02-18,9.1,-1.0,-0.8,-3.6,,46.1,7.1,25.2,64.8,14.35,0.0,0.0
临沂,gfs_seamless,2025-02-11,7,2025-02-18,10.9,1.1,0.9,-1.9,,50.6,9.7,36.0,93.1,14.62,0.0,0.0
临沂,jma_seamless,2025-02-17,1,2025-02-18,9.1,-0.7,-0.1,-2.9,,51.4,6.2,,46.0,,0.0,0.0
临沂,jma_seamless,2025-02-16,2,2025-02-18,9.3,-1.7,-0.9,,,40.7,4.3,,28.2,,0.0,0.0
临沂,jma_seamless,2025-02-15,3,2025-02-18,8.5,-2.3,-1.4,,,36.4,3.9,,30.0,,0.0,0.0
临沂,jma_seamless,2025-02-14,4,2025-02-18,10.4,-2.1,-1.1,,,31.2,4.5,,21.9,,0.0,0.0
临沂,jma_seamless,2025-02-13,5,2025-02-18,9.1,-2.1,-0.9,,,43.3,3.7,,24.0,,0.0,0.0
临沂,jma_seamless,2025-02-12,6,2025-02-18,9.8,-1.3,-0.4,,,44.6,4.1,,14.9,,0.0,0.0
临沂,jma_seamless,2025-02-11,7,2025-02-18,9.7,0.5,0.5,-2.7,,48.8,10.1,,27.1,,0.0,0.0
临沂,ecmwf_ifs025,2025-02-18,1,2025-02-19,10.4,1.7,0.4,-1.9,,65.3,13.0,,23.5,14.53,0.0,
临沂,ecmwf_ifs025,2025-02-17,2,2025-02-19,9.2,2.0,0.9,-1.5,,65.8,12.8,,52.1,13.78,0.0,
临沂,ecmwf_ifs025,2025-02-16,3,2025-02-19,9.1,0.8,0.9,-2.7,,64.6,11.2,,71.1,10.82,0.0,
临沂,ecmwf_ifs025,2025-02-15,4,2025-02-19,10.2,1.3,1.0,-1.2,,67.1,8.0,,65.2,11.94,0.3,
临沂,ecmwf_ifs025,2025-02-14,5,2025-02-19,9.0,1.8,0.4,-0.7,,65.0,8.4,,46.8,11.94,0.0,
临沂,ecmwf_ifs025,2025-02-13,6,2025-02-19,8.9,0.8,0.4,-2.1,,67.9,9.1,,55.6,18.55,0.6,
临沂,ecmwf_ifs025,2025-02-12,7,2025-02-19,11.3,2.0,0.8,-1.3,,66.2,11.5,,38.7,20.73,0.0,
临沂,gfs_seamless,2025-02-18,1,2025-02-19,7.9,-0.2,-1.6,-4.4,,46.2,13.7,32.4,98.0,13.54,0.0,0.0
临沂,gfs_seamless,2025-02-17,2,2025-02-19,7.3,0.3,-1.1,-3.5,,59.2,12.2,29.5,95.9,11.87,0.0,0.0
临沂,gfs_seamless,2025-02-16,3,2025-02-19,7.6,-0.0,-1.1,-3.7,,60.2,11.7,30.6,99.8,12.47,0.0,0.0
临沂,gfs_seamless,2025-02-15,4,2025-02-19,8.1,0.5,-1.0,-3.1,,49.8,11.6,32.0,92.3,14.11,0.0,0.0
临沂,gfs_seamless,2025-02-14,5,2025-02-19,7.2,0.5,-1.5,-3.3,,53.4,12.3,33.1,98.1,11.62,0.0,0.0
临沂,gfs_seamless,2025-02-13,6,2025-02-19,7.0,-0.2,-1.8,-4.0,,59.0,12.0,26.3,85.9,13.11,0.0,0.0
临沂,gfs_seamless,2025-02-12,7,2025-02-19,9.2,0.9,-0.5,-1.8,,49.3,8.3,27.4,90.3,14.01,0.0,0.0
临沂,jma_seamless,2025-02-18,1,2025-02-19,7.1,-0.8,-1.7,-4.0,,54.5,9.2,,29.4,,0.0,0.0
临沂,jma_seamless,2025-02-17,2,2025-02-19,7.3,0.2,-1.2,-2.9,,56.3,9.4,,50.7,,0.0,0.0
临沂,jma_seamless,2025-02-16,3,2025-02-19,8.5,0.1,-0.9,-2.7,,49.9,8.4,,64.5,,0.0,0.0
临沂,jma_seamless,2025-02-15,4,2025-02-19,8.8,-1.0,-1.0,-3.5,,52.4,6.8,,43.7,,0.0,0.0
临沂,jma_seamless,2025-02-14,5,2025-02-19,6.2,-1.4,-2.4,-4.1,,42.0,7.2,,40.8,,0.0,0.0
临沂,jma_seamless,2025-02-13,6,2025-02-19,6.4,-0.6,-1.9,-4.0,,43.2,10.0,,42.3,,0.0,0.0
临沂,jma_seamless,2025-02-12,7,2025-02-19,7.3,-0.3,-1.1,-3.5,,51.8,9.4,,44.9,,0.0,0.0
临沂,ecmwf_ifs025,2025-02-19,1,2025-02-20,8.9,1.5,1.1,-0.7,,56.1,7.0,,44.2,11.47,0.0,
临沂,ecmwf_ifs025,2025-02-18,2,2025-02-20,8.5,2.1,0.9,-0.2,,57.4,7.7,,59.4,6.76,0.0,
临沂,ecmwf_ifs025,2025-02-17,3,2025-02-20,7.9,1.6,0.6,-1.0,,57.9,8.6,,92.6,5.16,0.3,
临沂,ecmwf_ifs025,2025-02-16,4,2025-02-20,7.7,0.9,-0.1,-1.3,,63.9,6.8,,93.4,7.48,0.0,
临沂,ecmwf_ifs025,2025-02-15,5,2025-02-20,8.9,1.2,0.3,-0.6,,73.7,5.8,,78.5,7.53,0.0,
临沂,ecmwf_ifs025,2025-02-14,6,2025-02-20,7.2,0.9,-1.3,-1.0,,81.4,5.9,,97.4,10.11,2.1,
临沂,ecmwf_ifs025,2025-02-13,7,2025-02-20,7.8,-0.3,-0.8,-2.7,,66.8,6.9,,69.2,16.04,0.9,
临沂,gfs_seamless,2025-02-19,1,2025-02-20,7.6,0.3,-1.1,-2.9,,43.5,9.7,27.4,97.4,14.02,0.0,0.0
临沂,gfs_seamless,2025-02-18,2,2025-02-20,7.7,0.2,-1.1,-2.8,,44.8,9.1,26.6,87.0,13.43,0.0,0.0
临沂,gfs_seamless,2025-02-17,3,2025-02-20,6.9,0.2,-1.4,-3.2,,53.4,10.3,25.6,96.8,11.22,0.0,0.0
临沂,gfs_seamless,2025-02-16,4,2025-02-20,6.8,0.8,-1.2,-2.5,,54.6,10.6,23.4,97.2,12.57,0.0,0.0
临沂,gfs_seamless,2025-02-15,5,2025-02-20,6.2,0.7,-1.7,-3.1,,55.9,12.9,31.7,89.5,12.3,0.0,0.0
临沂,gfs_seamless,2025-02-14,6,2025-02-20,5.9,-0.8,-1.9,-4.0,,58.7,9.2,26.3,91.0,11.67,0.0,0.0
临沂,gfs_seamless,2025-02-13,7,2025-02-20,6.6,-1.7,-3.0,-5.6,,41.9,11.1,28.1,59.0,16.07,0.0,0.0
临沂,jma_seamless,2025-02-19,1,2025-02-20,7.0,-0.8,-1.4,-3.3,,50.1,6.9,,54.5,,0.0,0.0
临沂,jma_seamless,2025-02-18,2,2025-02-20,6.5,-0.8,-2.1,-3.6,,49.1,7.8,,46.2,,0.0,0.0
临沂,jma_seamless,2025-02-17,3,2025-02-20,7.5,0.3,-0.7,-2.2,,57.8,7.3,,59.2,,0.0,0.0
临沂,jma_seamless,2025-02-16,4,2025-02-20,8.9,0.9,-0.2,-1.9,,59.2,8.8,,46.4,,0.0,0.0
临沂,jma_seamless,2025-02-15,5,2025-02-20,7.3,-0.9,-1.4,-3.6,,56.2,7.3,,36.0,,0.0,0.0
临沂,jma_seamless,2025-02-14,6,2025-02-20,6.0,-1.2,-2.2,-3.8,,51.2,7.1,,41.0,,0.0,0.0
临沂,jma_seamless,2025-02-13,7,2025-02-20,5.5,-2.5,-3.1,-5.1,,42.5,6.5,,28.8,,0.0,0.0
临沂,ecmwf_ifs025,2025-02-20,1,2025-02-21,8.4,1.1,1.0,-0.6,,60.4,5.5,,68.9,9.91,0.0,
临沂,ecmwf_ifs025,2025-02-19,2,2025-02-21,8.3,1.6,1.2,0.1,,58.6,5.2,,61.9,10.79,0.0,
临沂,ecmwf_ifs025,2025-02-18,3,2025-02-21,9.0,0.3,0.8,-1.8,,59.0,6.4,,50.5,11.8,0.0,
临沂,ecmwf_ifs025,2025-02-17,4,2025-02-21,7.3,0.5,0.1,-1.8,,70.8,7.0,,92.1,4.35,0.3,
临沂,ecmwf_ifs025,2025-02-16,5,2025-02-21,7.0,0.6,-0.2,-2.2,,75.9,8.7,,81.3,3.95,1.2,
临沂,ecmwf_ifs025,2025-02-15,6,2025-02-21,5.4,0.0,-1.9,-3.4,,69.3,10.5,,85.2,9.25,2.4,
临沂,ecmwf_ifs025,2025-02-14,7,2025-02-21,5.8,-1.3,-2.6,-5.2,,74.1,11.1,,41.6,8.24,0.3,
临沂,gfs_seamless,2025-02-20,1,2025-02-21,7.7,0.6,0.6,-1.5,,52.1,6.5,11.5,89.9,13.29,0.0,0.0
临沂,gfs_seamless,2025-02-19,2,2025-02-21,8.5,0.5,0.6,-1.8,,48.6,6.9,22.0,86.2,14.67,0.0,0.0
临沂,gfs_seamless,2025-02-18,3,2025-02-21,8.5,0.1,0.5,-1.6,,49.0,5.2,16.2,80.3,16.25,0.0,0.0
临沂,gfs_seamless,2025-02-17,4,2025-02-21,6.8,0.3,-0.4,-2.2,,62.0,7.4,25.6,95.0,10.83,0.2,0.0
临沂,gfs_seamless,2025-02-16,5,2025-02-21,6.3,0.1,-1.2,-2.7,,54.2,8.1,18.7,96.5,10.72,0.0,0.0
临沂,gfs_seamless,2025-02-15,6,2025-02-21,6.2,-0.9,-1.6,-3.7,,54.5,7.6,20.5,97.4,11.17,0.0,0.0
临沂,gfs_seamless,2025-02-14,7,2025-02-21,5.2,-0.4,-2.4,-3.1,,50.1,7.6,25.6,88.5,9.96,0.0,0.0
临沂,jma_seamless,2025-02-20,1,2025-02-21,7.5,-0.6,0.1,,,60.3,2.7,,40.0,,0.0,0.0
临沂,jma_seamless,2025-02-19,2,2025-02-21,7.1,-1.1,-0.5,,,58.0,3.8,,38.7,,0.0,0.0
临沂,jma_seamless,2025-02-18,3,2025-02-21,6.1,-0.9,-1.1,,,55.1,4.6,,30.2,,0.0,0.0
临沂,jma_seamless,2025-02-17,4,2025-02-21,7.0,0.4,-0.1,-1.6,,62.1,6.2,,58.2,,0.0,0.0
临沂,jma_seamless,2025-02-16,5,2025-02-21,7.5,-0.4,-0.6,-2.8,,67.5,6.9,,51.2,,0.0,0.0
临沂,jma_seamless,2025-02-15,6,2025-02-21,5.7,-1.5,-2.9,-3.7,,39.2,5.9,,19.0,,0.0,0.0
临沂,jma_seamless,2025-02-14,7,2025-02-21,6.9,-1.1,-1.4,,,55.6,4.5,,37.6,,0.0,0.0
临沂,ecmwf_ifs025,2025-02-21,1,2025-02-22,5.9,0.0,-0.9,-3.4,,56.1,10.2,,65.3,8.86,0.0,
临沂,ecmwf_ifs025,2025-02-20,2,2025-02-22,4.7,-0.2,-1.5,-3.9,,59.7,11.4,,83.2,6.61,0.0,
临沂,ecmwf_ifs025,2025-02-19,3,2025-02-22,7.0,0.0,-1.1,-2.9,,69.3,8.6,,85.5,3.54,0.6,
临沂,ecmwf_ifs025,2025-02-18,4,2025-02-22,6.1,-0.4,-1.2,-2.8,,62.7,6.7,,66.5,10.67,0.0,
临沂,ecmwf_ifs025,2025-02-17,5,2025-02-22,6.1,0.3,-2.0,-1.8,,60.7,6.2,,75.4,7.22,0.0,
临沂,ecmwf_ifs025,2025-02-16,6,2025-02-22,6.3,-1.8,-2.7,-5.0,,70.2,8.4,,72.5,8.01,1.2,
临沂,ecmwf_ifs025,2025-02-15,7,2025-02-22,4.9,-2.6,-4.5,-5.9,,46.6,8.4,,0.1,21.63,0.0,
临沂,gfs_seamless,2025-02-21,1,2025-02-22,5.6,0.3,-1.7,-3.3,,71.1,11.3,31.3,95.6,10.55,0.3,0.1
临沂,gfs_seamless,2025-02-20,2,2025-02-22,4.6,-0.6,-2.6,-4.8,,77.0,13.0,33.5,93.5,7.23,0.4,0.2
临沂,gfs_seamless,2025-02-19,3,2025-02-22,4.8,-0.6,-2.4,-4.3,,70.2,11.0,31.7,98.3,9.67,0.0,0.0
临沂,gfs_seamless,2025-02-18,4,2025-02-22,4.7,-1.2,-2.3,-4.2,,63.1,8.2,23.0,95.8,11.13,0.2,0.1
临沂,gfs_seamless,2025-02-17,5,2025-02-22,5.3,-0.5,-2.7,-4.3,,44.5,11.6,28.1,99.0,11.98,0.0,0.0
临沂,gfs_seamless,2025-02-16,6,2025-02-22,6.3,-2.1,-2.4,-5.4,,36.0,8.7,32.0,68.8,14.57,0.0,0.0
临沂,gfs_seamless,2025-02-15,7,2025-02-22,5.1,-2.4,-4.2,-6.7,,25.4,12.1,29.5,44.8,16.92,0.0,0.0
临沂,jma_seamless,2025-02-21,1,2025-02-22,5.7,0.4,-1.5,-2.6,,51.0,9.1,,63.9,,0.0,0.0
临沂,jma_seamless,2025-02-20,2,2025-02-22,4.8,0.7,-1.3,-1.7,,57.0,7.4,,74.5,,0.0,0.0
临沂,jma_seamless,2025-02-19,3,2025-02-22,5.8,0.6,-1.1,-2.0,,60.4,7.8,,59.8,,0.0,0.0
临沂,jma_seamless,2025-02-18,4,2025-02-22,4.9,-0.7,-2.3,-3.0,,34.7,6.3,,63.1,,0.0,0.0
临沂,jma_seamless,2025-02-17,5,2025-02-22,4.7,-1.9,-2.9,-4.0,,34.6,5.5,,20.5,,0.0,0.0
临沂,jma_seamless,2025-02-16,6,2025-02-22,6.1,-1.0,-2.5,-3.4,,35.5,6.5,,58.3,,0.0,0.0
临沂,jma_seamless,2025-02-15,7,2025-02-22,5.3,-2.2,-3.6,-4.8,,32.6,6.7,,16.2,,0.0,0.0
临沂,ecmwf_ifs025,2025-02-22,1,2025-02-23,5.1,-2.2,-4.0,-5.7,,43.3,9.3,,18.8,16.33,0.0,
临沂,ecmwf_ifs025,2025-02-21,2,2025-02-23,6.1,-1.6,-3.0,-4.9,,36.0,9.0,,22.8,16.51,0.0,
临沂,ecmwf_ifs025,2025-02-20,3,2025-02-23,6.4,-2.5,-3.5,-5.5,,37.6,7.4,,23.8,16.62,0.0,
临沂,ecmwf_ifs025,2025-02-19,4,2025-02-23,7.0,-3.1,-3.7,-6.2,,54.9,7.6,,51.2,8.02,0.9,
临沂,ecmwf_ifs025,2025-02-18,5,2025-02-23,7.5,-2.1,-3.2,-5.0,,53.8,7.4,,38.9,10.73,2.1,
临沂,ecmwf_ifs025,2025-02-17,6,2025-02-23,8.7,-2.9,-2.3,-5.7,,36.2,6.9,,26.8,20.74,0.3,
临沂,ecmwf_ifs025,2025-02-16,7,2025-02-23,7.5,-2.0,-2.6,-5.2,,31.4,8.2,,14.5,21.84,0.0,
临沂,gfs_seamless,2025-02-22,1,2025-02-23,6.5,-1.0,-2.3,-4.3,,41.0,9.4,31.0,25.5,18.05,0.0,0.0
临沂,gfs_seamless,2025-02-21,2,2025-02-23,7.0,-1.7,-2.6,-5.4,,44.1,10.2,34.2,43.0,17.43,0.0,0.0
临沂,gfs_seamless,2025-02-20,3,2025-02-23,6.5,-2.2,-3.1,-6.1,,35.5,10.5,28.8,53.4,17.68,0.0,0.0
临沂,gfs_seamless,2025-02-19,4,2025-02-23,6.3,-2.0,-3.2,-5.9,,39.8,10.6,32.0,8.3,18.54,0.0,0.0
临沂,gfs_seamless,2025-02-18,5,2025-02-23,6.3,-2.0,-3.5,-6.0,,25.0,11.2,28.4,21.9,17.87,0.0,0.0
临沂,gfs_seamless,2025-02-17,6,2025-02-23,7.5,-2.0,-2.6,-5.2,,25.0,8.4,27.7,59.6,16.91,0.0,0.0
临沂,gfs_seamless,2025-02-16,7,2025-02-23,7.2,-1.7,-2.4,-4.5,,21.1,7.2,18.0,47.5,16.16,0.0,0.0
临沂,jma_seamless,2025-02-22,1,2025-02-23,5.6,-1.7,-3.6,-4.5,,35.4,7.2,,2.0,,0.0,0.0
临沂,jma_seamless,2025-02-21,2,2025-02-23,5.7,-2.0,-3.3,-4.5,,29.8,6.3,,7.2,,0.0,0.0
临沂,jma_seamless,2025-02-20,3,2025-02-23,5.2,-1.8,-3.5,-4.5,,30.4,7.0,,15.0,,0.0,0.0
临沂,jma_seamless,2025-02-19,4,2025-02-23,5.0,-2.1,-3.5,-4.6,,27.5,6.3,,17.1,,0.0,0.0
临沂,jma_seamless,2025-02-18,5,2025-02-23,6.0,-3.3,-4.0,-5.8,,26.0,5.9,,0.7,,0.0,0.0
临沂,jma_seamless,2025-02-17,6,2025-02-23,5.7,-2.6,-3.9,-5.4,,22.4,6.9,,7.3,,0.0,0.0
临沂,jma_seamless,2025-02-16,7,2025-02-23,5.8,-2.8,-4.0,-5.1,,19.0,5.7,,8.1,,0.0,0.0
临沂,ecmwf_ifs025,2025-02-23,1,2025-02-24,8.9,-4.8,-3.4,-7.8,,33.4,6.5,,10.3,16.81,0.0,
临沂,ecmwf_ifs025,2025-02-22,2,2025-02-24,8.9,-4.4,-2.7,-7.4,,30.2,6.7,,22.8,16.88,0.0,
临沂,ecmwf_ifs025,2025-02-21,3,2025-02-24,8.5,-3.8,-2.8,-6.4,,30.2,6.0,,25.5,16.37,0.0,
临沂,ecmwf_ifs025,2025-02-20,4,2025-02-24,9.8,-3.8,-2.1,-6.2,,30.7,5.5,,12.8,16.83,0.0,
临沂,ecmwf_ifs025,2025-02-19,5,2025-02-24,11.3,-2.8,-1.9,-5.0,,32.0,5.5,,15.0,17.01,0.0,
临沂,ecmwf_ifs025,2025-02-18,6,2025-02-24,11.6,-2.2,-1.4,-4.8,,35.8,6.6,,16.1,20.98,0.0,
临沂,ecmwf_ifs025,2025-02-17,7,2025-02-24,12.0,-1.9,-0.9,-5.3,,41.4,9.0,,26.2,21.95,0.0,
临沂,gfs_seamless,2025-02-23,1,2025-02-24,7.9,-2.9,-2.6,-6.1,,18.1,7.8,19.8,47.0,18.05,0.0,0.0
临沂,gfs_seamless,2025-02-22,2,2025-02-24,8.2,-2.1,-1.9,-5.0,,18.8,7.5,24.5,41.0,17.59,0.0,0.0
临沂,gfs_seamless,2025-02-21,3,2025-02-24,6.8,-2.0,-2.3,-4.9,,21.7,7.4,17.3,57.4,15.98,0.0,0.0
临沂,gfs_seamless,2025-02-20,4,2025-02-24,8.2,-2.3,-1.9,-5.3,,21.7,7.6,20.2,45.3,17.83,0.0,0.0
临沂,gfs_seamless,2025-02-19,5,2025-02-24,9.2,-1.7,-1.6,-5.5,,22.3,10.4,27.7,33.4,18.49,0.0,0.0
临沂,gfs_seamless,2025-02-18,6,2025-02-24,9.4,-1.6,-1.4,-5.2,,22.9,9.9,28.8,27.1,18.17,0.0,0.0
临沂,gfs_seamless,2025-02-17,7,2025-02-24,9.8,-1.0,-0.7,-3.7,,27.7,7.3,15.1,53.2,17.28,0.0,0.0
临沂,jma_seamless,2025-02-23,1,2025-02-24,5.6,-3.2,-3.7,,,19.8,4.6,,8.9,,0.0,0.0
临沂,jma_seamless,2025-02-22,2,2025-02-24,5.7,-3.3,-3.7,-5.3,,19.0,4.9,,17.6,,0.0,0.0
临沂,jma_seamless,2025-02-21,3,2025-02-24,5.8,-3.3,-3.6,,,19.7,4.8,,12.3,,0.0,0.0
临沂,jma_seamless,2025-02-20,4,2025-02-24,6.6,-3.3,-3.4,-5.3,,19.5,5.0,,2.3,,0.0,0.0
临沂,jma_seamless,2025-02-19,5,2025-02-24,7.3,-3.5,-3.3,-5.7,,20.2,5.3,,6.0,,0.0,0.0
临沂,jma_seamless,2025-02-18,6,2025-02-24,6.9,-3.2,-3.0,-5.3,,20.8,5.2,,1.9,,0.0,0.0
临沂,jma_seamless,2025-02-17,7,2025-02-24,6.6,-3.2,-3.2,,,24.3,2.9,,2.9,,0.0,0.0
临沂,ecmwf_ifs025,2025-02-24,1,2025-02-25,13.7,0.7,1.6,-2.7,,50.6,10.7,,33.3,15.16,0.0,
临沂,ecmwf_ifs025,2025-02-23,2,2025-02-25,13.4,-0.2,1.0,-3.6,,52.2,10.3,,30.6,14.92,0.0,
临沂,ecmwf_ifs025,2025-02-22,3,2025-02-25,14.7,-0.6,1.6,-4.2,,47.3,10.8,,32.5,15.01,0.0,
临沂,ecmwf_ifs025,2025-02-21,4,2025-02-25,15.3,-0.6,1.7,-4.2,,47.9,10.8,,35.5,14.42,0.0,
临沂,ecmwf_ifs025,2025-02-20,5,2025-02-25,13.8,0.8,1.9,-2.5,,46.4,10.4,,24.1,15.21,0.0,
临沂,ecmwf_ifs025,2025-02-19,6,2025-02-25,15.5,0.8,3.4,-1.8,,50.8,8.1,,33.7,21.02,0.0,
临沂,ecmwf_ifs025,2025-02-18,7,2025-02-25,15.0,1.3,3.1,-1.6,,53.3,9.3,,7.4,22.08,0.0,
临沂,gfs_seamless,2025-02-24,1,2025-02-25,12.1,1.2,1.4,-1.9,,29.9,10.2,29.2,80.8,15.15,0.0,0.0
临沂,gfs_seamless,2025-02-23,2,2025-02-25,11.8,0.6,1.0,-2.7,,26.4,10.4,29.5,81.6,14.97,0.0,0.0
临沂,gfs_seamless,2025-02-22,3,2025-02-25,12.3,-0.1,0.9,-3.7,,30.5,10.9,31.7,53.5,15.81,0.0,0.0
临沂,gfs_seamless,2025-02-21,4,2025-02-25,12.0,-0.4,0.8,-4.2,,38.5,11.6,29.2,50.5,15.26,0.0,0.0
临沂,gfs_seamless,2025-02-20,5,2025-02-25,11.5,0.4,1.3,-3.0,,37.9,10.5,22.0,58.3,15.17,0.0,0.0
临沂,gfs_seamless,2025-02-19,6,2025-02-25,13.8,1.6,2.6,-1.7,,34.2,11.1,33.8,68.5,15.5,0.0,0.0
临沂,gfs_seamless,2025-02-18,7,2025-02-25,13.6,0.4,2.3,-2.7,,34.5,9.4,31.7,77.3,15.36,0.0,0.0
临沂,jma_seamless,2025-02-24,1,2025-02-25,11.6,0.2,0.3,-2.6,,27.8,8.2,,35.3,,0.0,0.0
临沂,jma_seamless,2025-02-23,2,2025-02-25,11.1,0.5,0.2,-2.2,,27.3,8.3,,28.1,,0.0,0.0
临沂,jma_seamless,2025-02-22,3,2025-02-25,11.3,0.1,0.0,-2.5,,22.4,7.6,,19.0,,0.0,0.0
临沂,jma_seamless,2025-02-21,4,2025-02-25,11.6,-0.4,-0.2,-3.2,,21.9,7.9,,15.3,,0.0,0.0
临沂,jma_seamless,2025-02-20,5,2025-02-25,11.8,-0.5,0.0,-2.7,,28.1,6.2,,0.0,,0.0,0.0
临沂,jma_seamless,2025-02-19,6,2025-02-25,12.9,-0.1,1.1,-2.4,,27.7,6.7,,19.5,,0.0,0.0
临沂,jma_seamless,2025-02-18,7,2025-02-25,11.1,-1.2,-0.0,-3.8,,28.4,7.1,,32.9,,0.0,0.0
临沂,ecmwf_ifs025,2025-02-25,1,2025-02-26,14.6,-1.3,3.0,-4.4,,45.1,8.4,,16.4,16.48,0.0,
临沂,ecmwf_ifs025,2025-02-24,2,2025-02-26,14.2,-1.7,2.3,-4.8,,47.5,8.2,,17.2,16.07,0.0,
临沂,ecmwf_ifs025,2025-02-23,3,2025-02-26,14.3,-0.9,2.8,-3.8,,51.8,8.1,,19.8,15.99,0.0,
临沂,ecmwf_ifs025,2025-02-22,4,2025-02-26,14.2,-0.7,2.3,-3.5,,44.5,7.9,,22.3,16.5,0.0,
临沂,ecmwf_ifs025,2025-02-21,5,2025-02-26,12.7,-0.5,2.1,-3.3,,49.4,7.8,,4.8,16.65,0.0,
临沂,ecmwf_ifs025,2025-02-20,6,2025-02-26,14.4,-0.2,2.7,-3.6,,46.8,10.2,,4.5,21.28,0.0,
临沂,ecmwf_ifs025,2025-02-19,7,2025-02-26,13.1,-1.2,2.1,-4.0,,43.4,7.6,,0.2,22.54,0.0,
临沂,gfs_seamless,2025-02-25,1,2025-02-26,15.2,1.8,4.1,-0.6,,35.0,7.9,20.2,28.4,18.39,0.0,0.0
临沂,gfs_seamless,2025-02-24,2,2025-02-26,14.7,1.5,3.2,-1.2,,33.4,8.8,16.9,26.8,18.48,0.0,0.0
临沂,gfs_seamless,2025-02-23,3,2025-02-26,14.5,2.1,3.7,-0.3,,33.7,8.0,16.9,48.5,17.97,0.0,0.0
临沂,gfs_seamless,2025-02-22,4,2025-02-26,14.6,3.0,4.4,0.8,,37.7,8.1,19.4,47.6,17.43,0.0,0.0
临沂,gfs_seamless,2025-02-21,5,2025-02-26,14.6,1.8,4.1,-0.7,,45.6,8.3,23.8,44.1,16.33,0.0,0.0
临沂,gfs_seamless,2025-02-20,6,2025-02-26,13.4,2.6,3.3,-0.3,,48.1,10.4,34.9,84.6,14.77,0.0,0.0
临沂,gfs_seamless,2025-02-19,7,2025-02-26,13.6,0.8,1.8,-3.3,,43.9,14.1,50.8,66.0,15.81,0.0,0.0
临沂,jma_seamless,2025-02-25,1,2025-02-26,13.4,-0.7,2.0,-3.0,,38.8,6.3,,1.3,,0.0,0.0
临沂,jma_seamless,2025-02-24,2,2025-02-26,12.5,-1.3,1.0,-3.2,,37.9,5.2,,1.2,,0.0,0.0
临沂,jma_seamless,2025-02-23,3,2025-02-26,12.8,-1.1,1.1,-3.1,,34.0,5.6,,0.0,,0.0,0.0
临沂,jma_seamless,2025-02-22,4,2025-02-26,13.2,-1.0,1.0,-3.1,,31.0,5.9,,6.2,,0.0,0.0
临沂,jma_seamless,2025-02-21,5,2025-02-26,13.6,-1.2,1.5,-3.6,,37.3,6.4,,2.2,,0.0,0.0
临沂,jma_seamless,2025-02-20,6,2025-02-26,13.0,-0.6,2.1,-2.5,,41.0,5.6,,6.8,,0.0,0.0
临沂,jma_seamless,2025-02-19,7,2025-02-26,13.5,-0.0,1.9,-2.4,,58.5,7.1,,22.2,,0.0,0.0
临沂,ecmwf_ifs025,2025-02-26,1,2025-02-27,16.2,2.6,6.4,0.1,,66.3,8.6,,1.0,16.38,0.0,
临沂,ecmwf_ifs025,2025-02-25,2,2025-02-27,16.8,2.2,6.4,-0.4,,63.5,8.9,,0.0,16.5,0.0,
临沂,ecmwf_ifs025,2025-02-24,3,2025-02-27,16.8,1.5,6.1,-0.9,,63.8,7.7,,8.2,16.5,0.0,
临沂,ecmwf_ifs025,2025-02-23,4,2025-02-27,15.9,1.2,5.6,-1.3,,66.2,7.9,,0.0,16.65,0.0,
临沂,ecmwf_ifs025,2025-02-22,5,2025-02-27,15.5,1.3,5.2,-1.1,,67.1,7.7,,6.2,16.26,0.0,
临沂,ecmwf_ifs025,2025-02-21,6,2025-02-27,16.4,2.2,5.4,-0.5,,66.0,9.3,,0.0,21.48,0.0,
临沂,ecmwf_ifs025,2025-02-20,7,2025-02-27,17.5,1.9,5.4,-1.2,,62.0,10.7,,4.7,22.75,0.0,
临沂,gfs_seamless,2025-02-26,1,2025-02-27,16.9,4.5,7.1,2.5,,59.2,8.3,19.4,54.6,17.79,0.0,0.0
临沂,gfs_seamless,2025-02-25,2,2025-02-27,16.7,4.9,7.2,2.9,,59.0,8.4,19.8,58.6,17.63,0.0,0.0
临沂,gfs_seamless,2025-02-24,3,2025-02-27,16.3,3.9,6.3,2.0,,57.5,7.4,17.3,28.3,12.46,0.0,0.0
临沂,gfs_seamless,2025-02-23,4,2025-02-27,15.4,5.1,6.7,3.1,,55.8,8.7,17.6,36.7,16.87,0.0,0.0
临沂,gfs_seamless,2025-02-22,5,2025-02-27,16.3,5.3,7.1,3.1,,54.8,9.4,20.9,43.8,16.85,0.0,0.0
临沂,gfs_seamless,2025-02-21,6,2025-02-27,15.6,3.6,6.2,1.1,,63.3,9.6,24.8,82.0,13.95,0.0,0.0
临沂,gfs_seamless,2025-02-20,7,2025-02-27,14.8,2.2,4.6,0.2,,74.7,7.0,23.0,74.2,10.61,0.0,0.0
临沂,jma_seamless,2025-02-26,1,2025-02-27,15.1,4.4,6.4,2.9,,62.3,6.3,,15.6,,0.0,0.0
临沂,jma_seamless,2025-02-25,2,2025-02-27,15.3,3.8,5.6,2.3,,54.7,6.1,,31.9,,0.0,0.0
临沂,jma_seamless,2025-02-24,3,2025-02-27,15.3,2.6,4.8,1.0,,56.8,5.9,,4.5,,0.0,0.0
临沂,jma_seamless,2025-02-23,4,2025-02-27,15.7,2.9,4.9,0.6,,53.3,8.4,,0.5,,0.0,0.0
临沂,jma_seamless,2025-02-22,5,2025-02-27,15.9,2.7,5.4,0.7,,53.8,7.1,,10.9,,0.0,0.0
临沂,jma_seamless,2025-02-21,6,2025-02-27,15.1,3.5,5.7,1.7,,63.1,7.0,,18.6,,0.0,0.0
临沂,jma_seamless,2025-02-20,7,2025-02-27,15.6,2.1,5.7,0.6,,68.5,5.4,,22.3,,0.0,0.0
临沂,ecmwf_ifs025,2025-02-27,1,2025-02-28,20.0,4.7,9.5,2.8,,68.8,8.0,,42.1,15.05,1.2,
临沂,ecmwf_ifs025,2025-02-26,2,2025-02-28,20.5,4.5,10.0,2.4,,70.7,8.6,,45.0,14.29,3.3,
临沂,ecmwf_ifs025,2025-02-25,3,2025-02-28,21.4,4.4,10.4,2.4,,68.7,8.2,,33.1,15.62,3.0,
临沂,ecmwf_ifs025,2025-02-24,4,2025-02-28,21.4,5.3,10.3,3.6,,69.3,7.7,,34.9,15.64,0.3,
临沂,ecmwf_ifs025,2025-02-23,5,2025-02-28,20.3,4.4,9.9,2.6,,70.3,7.5,,35.0,16.38,0.0,
临沂,ecmwf_ifs025,2025-02-22,6,2025-02-28,19.5,3.6,8.3,1.8,,66.0,6.8,,18.1,21.56,0.0,
临沂,ecmwf_ifs025,2025-02-21,7,2025-02-28,19.9,4.7,8.7,2.2,,70.1,10.7,,12.8,22.9,0.0,
临沂,gfs_seamless,2025-02-27,1,2025-02-28,19.5,6.9,9.5,5.0,,63.5,9.6,40.7,79.6,14.95,0.1,0.0
临沂,gfs_seamless,2025-02-26,2,2025-02-28,19.2,7.5,9.7,5.7,,69.2,9.6,40.7,68.2,15.78,0.8,0.0
临沂,gfs_seamless,2025-02-25,3,2025-02-28,20.2,6.9,10.2,5.2,,66.6,8.9,42.1,56.5,17.28,0.0,0.0
临沂,gfs_seamless,2025-02-24,4,2025-02-28,19.5,7.5,9.8,5.8,,61.3,9.3,44.3,74.3,17.13,0.0,0.0
临沂,gfs_seamless,2025-02-23,5,2025-02-28,19.4,7.6,10.3,6.3,,62.9,7.5,35.3,59.5,16.93,0.0,0.0
临沂,gfs_seamless,2025-02-22,6,2025-02-28,18.4,8.0,10.1,6.4,,66.9,9.1,37.8,64.5,15.76,0.0,0.0
临沂,gfs_seamless,2025-02-21,7,2025-02-28,18.0,5.6,9.6,4.6,,74.9,5.4,25.9,78.0,16.03,0.0,0.0
临沂,jma_seamless,2025-02-27,1,2025-02-28,18.4,3.9,8.5,2.6,,81.9,5.6,,29.2,,1.5,0.0
临沂,jma_seamless,2025-02-26,2,2025-02-28,18.3,3.8,8.5,,,80.1,4.6,,43.9,,0.6,0.0
临沂,jma_seamless,2025-02-25,3,2025-02-28,18.6,2.6,7.6,1.3,,79.6,5.1,,30.3,,0.3,0.0
临沂,jma_seamless,2025-02-24,4,2025-02-28,17.7,3.1,7.6,1.6,,77.6,5.9,,42.8,,0.3,0.0
临沂,jma_seamless,2025-02-23,5,2025-02-28,18.7,3.6,8.5,2.3,,76.4,5.5,,23.5,,0.3,0.0
临沂,jma_seamless,2025-02-22,6,2025-02-28,17.7,3.1,7.9,,,79.2,4.8,,10.2,,0.0,0.0
临沂,jma_seamless,2025-02-21,7,2025-02-28,15.8,4.6,6.8,2.2,,68.4,9.8,,35.9,,0.0,0.0
临沂,ecmwf_ifs025,2025-02-28,1,2025-03-01,14.4,8.0,8.8,6.2,,89.8,10.0,,79.2,5.94,7.2,
临沂,ecmwf_ifs025,2025-02-27,2,2025-03-01,17.4,8.3,10.2,6.5,,86.6,10.3,,46.2,13.38,10.5,
临沂,ecmwf_ifs025,2025-02-26,3,2025-03-01,20.8,9.3,13.2,8.0,,85.3,9.1,,69.9,12.28,9.0,
临沂,ecmwf_ifs025,2025-02-25,4,2025-03-01,21.1,10.2,14.7,,,84.4,7.4,,83.3,11.05,15.6,
临沂,ecmwf_ifs025,2025-02-24,5,2025-03-01,19.0,10.2,13.8,,,85.7,8.2,,84.7,11.1,11.7,
临沂,ecmwf_ifs025,2025-02-23,6,2025-03-01,16.4,7.8,11.8,6.6,,83.8,7.3,,75.0,11.63,11.4,
临沂,ecmwf_ifs025,2025-02-22,7,2025-03-01,18.3,8.8,10.9,7.2,,82.5,9.9,,49.1,20.98,6.3,
临沂,gfs_seamless,2025-02-28,1,2025-03-01,13.5,8.3,8.2,6.7,,89.5,9.6,33.5,78.8,5.18,11.4,0.0
临沂,gfs_seamless,2025-02-27,2,2025-03-01,15.2,8.7,9.2,7.1,,87.9,9.7,34.9,94.9,6.72,4.5,0.0
临沂,gfs_seamless,2025-02-26,3,2025-03-01,17.6,8.5,9.7,6.7,,85.8,11.0,37.8,96.4,8.78,20.1,0.0
临沂,gfs_seamless,2025-02-25,4,2025-03-01,15.0,7.8,8.0,5.6,,89.2,12.3,34.6,100.0,3.21,15.6,0.0
临沂,gfs_seamless,2025-02-24,5,2025-03-01,11.2,8.0,7.5,6.5,,89.6,8.8,32.8,97.8,3.14,3.3,0.0
临沂,gfs_seamless,2025-02-23,6,2025-03-01,9.6,7.7,5.9,5.3,,91.1,13.2,52.6,100.0,0.59,3.0,0.0
临沂,gfs_seamless,2025-02-22,7,2025-03-01,9.9,5.0,6.0,2.0,,92.8,13.6,50.0,100.0,0.64,4.9,0.0
临沂,jma_seamless,2025-02-28,1,2025-03-01,12.9,7.8,8.8,6.4,,89.3,8.3,,96.2,,17.1,0.0
临沂,jma_seamless,2025-02-27,2,2025-03-01,14.0,8.9,9.9,7.7,,89.2,7.9,,97.2,,20.1,0.0
临沂,jma_seamless,2025-02-26,3,2025-03-01,15.3,9.2,10.9,8.1,,91.3,7.8,,96.3,,4.2,0.0
临沂,jma_seamless,2025-02-25,4,2025-03-01,18.7,10.4,14.3,,,91.5,8.0,,83.1,,15.0,0.0
临沂,jma_seamless,2025-02-24,5,2025-03-01,18.0,9.2,12.8,8.0,,90.5,8.1,,78.3,,13.8,0.0
临沂,jma_seamless,2025-02-23,6,2025-03-01,20.9,7.2,13.3,5.3,,89.4,9.8,,83.0,,28.5,0.0
临沂,jma_seamless,2025-02-22,7,2025-03-01,15.1,8.7,10.8,7.2,,92.0,9.4,,94.1,,10.5,0.0
临沂,ecmwf_ifs025,2025-03-01,1,2025-03-02,8.7,1.8,0.6,-3.7,,93.8,25.6,,98.5,1.34,42.0,
临沂,ecmwf_ifs025,2025-02-28,2,2025-03-02,8.1,3.2,1.6,-1.6,,93.2,23.0,,91.3,1.63,29.4,
临沂,ecmwf_ifs025,2025-02-27,3,2025-03-02,10.3,3.2,3.2,-1.7,,93.3,23.8,,98.8,1.69,33.6,
临沂,ecmwf_ifs025,2025-02-26,4,2025-03-02,12.7,2.4,2.2,-2.6,,93.9,23.0,,94.4,1.47,34.2,
临沂,ecmwf_ifs025,2025-02-25,5,2025-03-02,12.3,0.7,1.9,-5.1,,93.0,25.8,,100.0,1.83,78.9,
临沂,ecmwf_ifs025,2025-02-24,6,2025-03-02,14.7,2.4,3.1,-2.7,,90.6,24.1,,92.2,2.89,41.4,
临沂,ecmwf_ifs025,2025-02-23,7,2025-03-02,12.0,0.7,5.1,-4.2,,88.8,18.8,,96.1,8.09,14.4,
临沂,gfs_seamless,2025-03-01,1,2025-03-02,9.3,2.2,1.4,-3.2,,90.0,25.8,73.1,97.1,0.58,37.6,0.1
临沂,gfs_seamless,2025-02-28,2,2025-03-02,10.7,3.1,2.5,-1.7,,90.5,23.4,69.8,99.5,0.82,49.7,0.0
临沂,gfs_seamless,2025-02-27,3,2025-03-02,10.7,2.2,3.3,-2.9,,89.8,23.1,73.4,99.7,0.48,35.9,0.3
临沂,gfs_seamless,2025-02-26,4,2025-03-02,11.8,1.7,3.9,-3.2,,84.0,20.9,65.5,100.0,3.16,14.8,0.5
临沂,gfs_seamless,2025-02-25,5,2025-03-02,14.0,2.4,3.3,-2.1,,81.9,19.0,65.9,92.0,6.33,1.5,0.0
临沂,gfs_seamless,2025-02-24,6,2025-03-02,9.6,2.1,1.3,-2.9,,74.1,22.4,65.5,92.9,4.17,0.0,0.0
临沂,gfs_seamless,2025-02-23,7,2025-03-02,18.3,4.2,4.4,-0.2,,55.4,21.8,67.3,83.1,15.89,0.0,0.0
临沂,jma_seamless,2025-03-01,1,2025-03-02,9.7,1.6,2.3,-3.2,,89.6,19.8,,99.6,,46.2,0.0
临沂,jma_seamless,2025-02-28,2,2025-03-02,10.4,4.0,3.9,0.2,,90.3,17.1,,100.0,,22.8,0.0
临沂,jma_seamless,2025-02-27,3,2025-03-02,10.8,4.4,4.7,0.7,,89.4,17.2,,99.6,,23.7,0.0
临沂,jma_seamless,2025-02-26,4,2025-03-02,13.5,5.3,8.7,2.3,,91.8,13.8,,98.4,,12.6,0.0
临沂,jma_seamless,2025-02-25,5,2025-03-02,11.8,6.1,4.4,2.9,,88.6,16.5,,98.8,,25.5,0.0
临沂,jma_seamless,2025-02-24,6,2025-03-02,13.1,2.1,4.7,-2.0,,92.2,16.0,,99.8,,55.8,0.0
临沂,jma_seamless,2025-02-23,7,2025-03-02,17.2,7.4,11.7,5.4,,91.0,10.7,,99.3,,14.1,0.0
临沂,ecmwf_ifs025,2025-03-02,1,2025-03-03,6.6,0.9,-2.8,-4.2,,72.0,20.9,,91.7,9.67,5.7,
临沂,ecmwf_ifs025,2025-03-01,2,2025-03-03,6.1,1.1,-2.5,-4.0,,68.6,21.0,,83.9,10.25,3.3,
临沂,ecmwf_ifs025,2025-02-28,3,2025-03-03,5.5,0.8,-2.8,-4.6,,83.3,22.9,,100.0,3.72,10.2,
临沂,ecmwf_ifs025,2025-02-27,4,2025-03-03,4.8,0.5,-3.2,-5.0,,84.2,23.2,,100.0,3.78,14.4,
临沂,ecmwf_ifs025,2025-02-26,5,2025-03-03,2.8,-0.1,-4.2,-5.5,,80.5,20.9,,100.0,2.58,8.7,
临沂,ecmwf_ifs025,2025-02-25,6,2025-03-03,5.7,0.5,-2.7,-4.9,,59.8,21.8,,63.3,20.21,1.8,
临沂,ecmwf_ifs025,2025-02-24,7,2025-03-03,6.2,0.4,-2.5,-4.9,,55.8,21.4,,83.2,21.45,1.2,
临沂,gfs_seamless,2025-03-02,1,2025-03-03,6.2,-0.2,-3.8,-6.1,,67.3,24.2,65.5,100.0,12.39,2.4,1.0
临沂,gfs_seamless,2025-03-01,2,2025-03-03,7.1,0.7,-3.2,-5.1,,63.9,25.9,67.7,100.0,14.8,1.1,0.1
临沂,gfs_seamless,2025-02-28,3,2025-03-03,7.5,0.7,-3.0,-5.0,,57.7,24.8,69.1,100.0,11.09,0.4,0.1
临沂,gfs_seamless,2025-02-27,4,2025-03-03,5.8,1.2,-2.6,-4.1,,71.6,23.1,64.4,100.0,1.77,7.7,1.0
临沂,gfs_seamless,2025-02-26,5,2025-03-03,6.7,0.3,-2.7,-5.5,,71.0,25.2,64.1,100.0,7.22,2.4,0.6
临沂,gfs_seamless,2025-02-25,6,2025-03-03,6.4,1.0,-2.9,-4.3,,56.2,22.3,54.7,96.7,7.12,0.3,0.0
临沂,gfs_seamless,2025-02-24,7,2025-03-03,7.9,-0.0,-2.9,-5.4,,40.2,21.4,63.7,100.0,13.09,0.3,0.2
临沂,jma_seamless,2025-03-02,1,2025-03-03,8.6,0.6,-1.5,-3.7,,64.4,15.3,,79.3,,14.7,0.0
临沂,jma_seamless,2025-03-01,2,2025-03-03,6.1,1.4,-0.8,-2.9,,72.2,16.1,,87.9,,13.8,0.0
临沂,jma_seamless,2025-02-28,3,2025-03-03,5.5,1.5,-1.2,-2.8,,74.5,16.3,,94.6,,17.4,0.0
临沂,jma_seamless,2025-02-27,4,2025-03-03,4.7,1.1,-1.7,-3.3,,76.5,16.6,,95.6,,22.8,0.0
临沂,jma_seamless,2025-02-26,5,2025-03-03,5.5,1.9,-0.9,-2.1,,79.5,15.1,,94.8,,17.7,0.0
临沂,jma_seamless,2025-02-25,6,2025-03-03,8.7,0.2,-1.4,-4.2,,72.2,15.1,,92.3,,14.7,0.0
临沂,jma_seamless,2025-02-24,7,2025-03-03,8.7,0.8,-0.1,-3.2,,59.7,13.7,,96.8,,3.6,0.0
临沂,ecmwf_ifs025,2025-03-03,1,2025-03-04,5.8,0.4,-1.2,-3.4,,84.4,12.5,,78.1,11.35,7.2,
临沂,ecmwf_ifs025,2025-03-02,2,2025-03-04,4.0,0.4,-2.2,-3.6,,86.0,13.4,,74.7,13.94,6.3,
临沂,ecmwf_ifs025,2025-03-01,3,2025-03-04,3.9,0.3,-2.1,-3.7,,87.1,13.2,,80.0,12.61,5.7,
临沂,ecmwf_ifs025,2025-02-28,4,2025-03-04,4.6,-0.2,-2.4,-4.3,,82.6,13.1,,71.7,10.81,1.2,
临沂,ecmwf_ifs025,2025-02-27,5,2025-03-04,4.2,-1.5,-3.1,-5.3,,78.5,10.6,,30.9,14.5,0.3,
临沂,ecmwf_ifs025,2025-02-26,6,2025-03-04,3.9,-1.7,-2.6,-5.1,,72.8,9.0,,32.5,22.36,0.9,
临沂,ecmwf_ifs025,2025-02-25,7,2025-03-04,7.5,0.2,-0.1,-2.7,,71.0,8.5,,42.4,22.42,2.1,
临沂,gfs_seamless,2025-03-03,1,2025-03-04,4.0,0.1,-1.8,-3.9,,89.5,13.0,39.2,96.1,6.1,1.9,1.0
临沂,gfs_seamless,2025-03-02,2,2025-03-04,4.0,0.0,-2.2,-4.0,,90.2,12.8,41.4,99.5,6.67,2.3,0.9
临沂,gfs_seamless,2025-03-01,3,2025-03-04,5.9,0.0,-0.8,-3.7,,84.2,11.7,36.4,98.5,6.57,4.3,1.4
临沂,gfs_seamless,2025-02-28,4,2025-03-04,6.1,0.7,-0.3,-2.6,,78.8,10.3,30.6,99.1,7.91,0.8,0.1
临沂,gfs_seamless,2025-02-27,5,2025-03-04,6.4,1.3,0.6,-2.0,,85.4,11.0,45.0,100.0,4.37,0.7,0.0
临沂,gfs_seamless,2025-02-26,6,2025-03-04,9.4,0.3,0.8,-3.3,,64.0,11.4,43.9,96.0,14.57,0.3,0.0
临沂,gfs_seamless,2025-02-25,7,2025-03-04,10.4,2.1,1.1,-1.2,,49.4,11.8,30.6,95.8,15.51,0.0,0.0
临沂,jma_seamless,2025-03-03,1,2025-03-04,6.4,0.3,-0.6,-3.0,,76.4,10.0,,70.9,,4.5,0.0
临沂,jma_seamless,2025-03-02,2,2025-03-04,6.3,0.5,-0.3,-2.7,,74.8,10.0,,85.2,,3.3,0.0
临沂,jma_seamless,2025-03-01,3,2025-03-04,6.1,0.5,-0.5,-2.6,,75.6,9.5,,80.1,,2.7,0.0
临沂,jma_seamless,2025-02-28,4,2025-03-04,7.6,-0.2,-0.5,-3.3,,65.9,9.0,,72.8,,2.7,0.7
临沂,jma_seamless,2025-02-27,5,2025-03-04,6.2,1.1,-0.3,-2.1,,73.7,10.5,,89.1,,2.1,0.0
临沂,jma_seamless,2025-02-26,6,2025-03-04,8.9,-0.4,-0.3,-3.9,,64.2,10.6,,61.0,,3.6,0.8
临沂,jma_seamless,2025-02-25,7,2025-03-04,10.3,0.1,0.4,-3.0,,52.2,9.2,,60.8,,0.0,0.0
临沂,ecmwf_ifs025,2025-03-04,1,2025-03-05,9.7,-1.1,0.5,-3.9,,72.1,7.6,,34.0,17.46,0.0,
临沂,ecmwf_ifs025,2025-03-03,2,2025-03-05,8.8,-1.3,0.6,-3.6,,75.4,6.2,,41.3,16.04,0.0,
临沂,ecmwf_ifs025,2025-03-02,3,2025-03-05,8.1,-1.1,-0.1,-3.2,,76.8,5.9,,50.3,15.13,0.0,
临沂,ecmwf_ifs025,2025-03-01,4,2025-03-05,7.5,-1.2,-0.6,-4.2,,77.6,8.2,,28.8,17.24,0.0,
临沂,ecmwf_ifs025,2025-02-28,5,2025-03-05,8.2,-2.8,-0.8,-5.2,,77.8,6.0,,33.3,16.75,0.0,
临沂,ecmwf_ifs025,2025-02-27,6,2025-03-05,8.8,-2.5,-0.5,-4.5,,74.5,5.2,,24.2,22.52,0.0,
临沂,ecmwf_ifs025,2025-02-26,7,2025-03-05,9.4,-2.6,-0.2,,,69.1,4.7,,19.5,24.17,0.0,
临沂,gfs_seamless,2025-03-04,1,2025-03-05,10.1,0.9,2.1,-1.2,,62.4,6.6,16.6,76.8,17.25,0.0,0.0
临沂,gfs_seamless,2025-03-03,2,2025-03-05,9.3,2.5,2.6,1.1,,73.1,5.3,19.8,97.6,14.8,0.3,0.0
临沂,gfs_seamless,2025-03-02,3,2025-03-05,5.7,1.8,0.4,-0.9,,81.2,9.1,21.2,100.0,6.4,0.9,0.0
临沂,gfs_seamless,2025-03-01,4,2025-03-05,9.6,2.8,2.2,1.4,,76.2,5.5,25.9,99.8,9.23,0.0,0.0
临沂,gfs_seamless,2025-02-28,5,2025-03-05,10.2,2.7,3.2,1.0,,68.0,6.3,29.5,84.1,10.9,0.0,0.0
临沂,gfs_seamless,2025-02-27,6,2025-03-05,11.7,3.4,3.7,0.6,,64.0,10.6,46.1,73.9,17.41,0.0,0.0
临沂,gfs_seamless,2025-02-26,7,2025-03-05,11.2,0.2,1.3,-3.4,,50.1,11.5,42.8,56.7,15.87,0.0,0.0
临沂,jma_seamless,2025-03-04,1,2025-03-05,9.7,0.3,1.0,-1.9,,57.9,6.5,,33.6,,0.0,0.0
临沂,jma_seamless,2025-03-03,2,2025-03-05,9.0,0.1,1.0,,,67.6,4.3,,48.2,,0.0,0.0
临沂,jma_seamless,2025-03-02,3,2025-03-05,9.8,0.8,1.6,,,64.8,4.7,,30.1,,0.3,0.0
临沂,jma_seamless,2025-03-01,4,2025-03-05,8.9,0.7,0.5,-1.2,,58.0,6.0,,29.6,,0.0,0.0
临沂,jma_seamless,2025-02-28,5,2025-03-05,8.5,0.2,0.7,-1.7,,64.3,5.8,,48.8,,0.0,0.0
临沂,jma_seamless,2025-02-27,6,2025-03-05,6.9,-0.1,-0.0,-2.6,,66.4,7.3,,55.4,,0.0,0.0
临沂,jma_seamless,2025-02-26,7,2025-03-05,11.2,0.7,0.8,-2.1,,42.2,8.7,,53.0,,0.0,0.0
临沂,ecmwf_ifs025,2025-03-05,1,2025-03-06,12.3,-1.1,1.7,-3.7,,60.5,7.1,,20.0,17.52,0.0,
临沂,ecmwf_ifs025,2025-03-04,2,2025-03-06,12.1,-0.7,1.6,-3.5,,62.0,7.7,,17.3,17.04,0.0,
临沂,ecmwf_ifs025,2025-03-03,3,2025-03-06,12.1,-1.0,2.0,,,63.6,4.4,,11.2,17.49,0.0,
临沂,ecmwf_ifs025,2025-03-02,4,2025-03-06,12.5,0.3,1.5,-2.6,,60.7,8.8,,12.0,17.79,0.0,
临沂,ecmwf_ifs025,2025-03-01,5,2025-03-06,11.3,0.3,1.4,-2.8,,64.8,9.3,,36.2,17.61,0.0,
临沂,ecmwf_ifs025,2025-02-28,6,2025-03-06,11.3,-0.8,1.1,-3.6,,70.0,7.7,,42.2,22.52,0.0,
临沂,ecmwf_ifs025,2025-02-27,7,2025-03-06,11.3,-0.8,0.9,-3.4,,65.8,7.3,,37.5,24.06,0.0,
临沂,gfs_seamless,2025-03-05,1,2025-03-06,12.5,2.6,3.6,0.3,,49.2,8.0,30.2,37.6,19.94,0.0,0.0
临沂,gfs_seamless,2025-03-04,2,2025-03-06,13.1,2.7,3.9,0.6,,50.0,7.3,27.7,56.1,19.35,0.0,0.0
临沂,gfs_seamless,2025-03-03,3,2025-03-06,12.1,1.7,2.6,-1.4,,55.0,10.6,27.4,51.1,19.72,0.0,0.0
临沂,gfs_seamless,2025-03-02,4,2025-03-06,10.9,0.9,1.0,-2.9,,57.5,12.7,31.7,34.5,19.91,0.0,0.0
临沂,gfs_seamless,2025-03-01,5,2025-03-06,9.7,2.7,0.7,-1.1,,49.6,15.0,39.6,54.5,19.99,0.0,0.0
临沂,gfs_seamless,2025-02-28,6,2025-03-06,10.4,1.9,0.4,-2.2,,44.4,16.0,47.9,86.9,17.72,0.0,0.0
临沂,gfs_seamless,2025-02-27,7,2025-03-06,9.2,1.1,-1.1,-3.0,,38.2,14.5,37.1,73.8,17.74,0.0,0.0
临沂,jma_seamless,2025-03-05,1,2025-03-06,11.0,1.4,1.5,-0.1,,46.5,5.3,,15.5,,0.0,0.0
临沂,jma_seamless,2025-03-04,2,2025-03-06,10.7,1.0,1.4,-0.4,,51.8,4.9,,23.8,,0.0,0.0
临沂,jma_seamless,2025-03-03,3,2025-03-06,11.0,1.3,1.3,-0.8,,44.8,6.6,,29.8,,0.0,0.0
临沂,jma_seamless,2025-03-02,4,2025-03-06,12.0,1.7,1.8,-0.8,,46.6,8.1,,35.6,,0.0,0.0
临沂,jma_seamless,2025-03-01,5,2025-03-06,10.3,1.2,0.5,-2.0,,41.1,10.3,,35.4,,0.0,0.0
临沂,jma_seamless,2025-02-28,6,2025-03-06,11.1,0.9,1.2,-1.8,,54.5,8.5,,50.0,,0.0,0.0
临沂,jma_seamless,2025-02-27,7,2025-03-06,10.6,0.6,0.4,-2.4,,42.2,9.3,,34.6,,0.0,0.0
临沂,ecmwf_ifs025,2025-03-06,1,2025-03-07,10.5,-0.2,1.4,-2.8,,63.0,7.4,,41.3,11.9,0.0,
临沂,ecmwf_ifs025,2025-03-05,2,2025-03-07,9.8,-0.7,0.8,-3.1,,62.3,6.8,,41.8,10.98,0.0,
临沂,ecmwf_ifs025,2025-03-04,3,2025-03-07,10.0,-0.2,1.1,-2.8,,63.9,7.6,,47.9,11.55,0.0,
临沂,ecmwf_ifs025,2025-03-03,4,2025-03-07,9.6,-0.4,0.5,-2.9,,60.9,7.2,,35.5,11.47,0.0,
临沂,ecmwf_ifs025,2025-03-02,5,2025-03-07,9.2,-0.5,0.2,-2.9,,60.4,6.9,,51.1,11.99,0.0,
临沂,ecmwf_ifs025,2025-03-01,6,2025-03-07,9.8,0.9,1.8,-1.0,,66.5,6.0,,56.8,22.52,0.0,
临沂,ecmwf_ifs025,2025-02-28,7,2025-03-07,9.5,-0.5,1.1,-2.6,,61.5,6.0,,63.0,23.37,0.0,
临沂,gfs_seamless,2025-03-06,1,2025-03-07,11.4,2.9,2.9,0.7,,48.5,8.0,25.9,95.2,14.24,0.0,0.0
临沂,gfs_seamless,2025-03-05,2,2025-03-07,10.2,3.5,2.7,1.4,,48.5,7.9,19.1,77.2,13.31,0.0,0.0
临沂,gfs_seamless,2025-03-04,3,2025-03-07,11.1,3.0,2.8,0.9,,49.2,7.6,20.5,69.8,13.96,0.0,0.0
临沂,gfs_seamless,2025-03-03,4,2025-03-07,10.2,1.6,1.4,-0.6,,44.7,7.2,25.6,84.1,13.98,0.0,0.0
临沂,gfs_seamless,2025-03-02,5,2025-03-07,8.3,0.2,-0.1,-2.5,,42.9,8.0,34.2,85.5,13.46,0.0,0.0
临沂,gfs_seamless,2025-03-01,6,2025-03-07,8.6,0.8,-0.3,-2.1,,42.6,9.1,30.6,94.8,14.49,0.0,0.0
临沂,gfs_seamless,2025-02-28,7,2025-03-07,9.2,2.0,0.8,-0.5,,45.0,8.3,27.4,99.5,15.09,0.0,0.0
临沂,jma_seamless,2025-03-06,1,2025-03-07,11.0,1.5,1.9,-0.2,,38.4,5.8,,40.5,,0.0,0.0
临沂,jma_seamless,2025-03-05,2,2025-03-07,10.3,1.7,1.5,0.2,,38.0,5.4,,35.5,,0.0,0.0
临沂,jma_seamless,2025-03-04,3,2025-03-07,11.0,0.9,1.6,,,37.6,4.5,,54.7,,0.0,0.0
临沂,jma_seamless,2025-03-03,4,2025-03-07,10.6,1.1,1.7,,,44.4,2.8,,45.6,,0.0,0.0
临沂,jma_seamless,2025-03-02,5,2025-03-07,8.8,0.3,0.6,,,42.2,4.2,,35.9,,0.0,0.0
临沂,jma_seamless,2025-03-01,6,2025-03-07,8.5,0.1,0.3,,,49.7,4.3,,31.4,,0.0,0.0
临沂,jma_seamless,2025-02-28,7,2025-03-07,10.4,1.4,1.1,-0.6,,48.8,6.5,,45.1,,0.0,0.0
临沂,ecmwf_ifs025,2025-03-07,1,2025-03-08,14.1,1.9,4.3,-0.5,,68.1,7.9,,16.7,15.29,0.0,
临沂,ecmwf_ifs025,2025-03-06,2,2025-03-08,14.1,0.8,4.0,-1.8,,67.0,8.1,,12.2,17.78,0.0,
临沂,ecmwf_ifs025,2025-03-05,3,2025-03-08,13.7,1.2,3.8,-1.2,,65.5,7.6,,15.5,15.78,0.0,
临沂,ecmwf_ifs025,2025-03-04,4,2025-03-08,14.3,1.4,4.4,-1.2,,67.2,8.5,,11.7,17.01,0.0,
临沂,ecmwf_ifs025,2025-03-03,5,2025-03-08,14.1,1.3,4.2,-1.7,,65.3,9.8,,6.8,17.93,0.0,
临沂,ecmwf_ifs025,2025-03-02,6,2025-03-08,14.4,1.7,3.9,-1.6,,69.5,11.2,,3.1,23.06,0.0,
临沂,ecmwf_ifs025,2025-03-01,7,2025-03-08,14.8,2.1,4.6,-0.6,,66.1,9.1,,8.8,24.52,0.0,
临沂,gfs_seamless,2025-03-07,1,2025-03-08,14.5,3.0,5.4,0.5,,54.4,9.2,24.8,46.1,18.45,0.0,0.0
临沂,gfs_seamless,2025-03-06,2,2025-03-08,14.4,3.4,5.3,0.9,,54.5,9.4,26.6,43.0,19.2,0.0,0.0
临沂,gfs_seamless,2025-03-05,3,2025-03-08,13.3,3.1,4.8,0.7,,55.7,8.6,23.0,54.2,17.98,0.0,0.0
临沂,gfs_seamless,2025-03-04,4,2025-03-08,14.0,2.5,4.6,-0.0,,54.0,8.8,27.0,58.1,18.69,0.0,0.0
临沂,gfs_seamless,2025-03-03,5,2025-03-08,13.5,1.7,3.8,-0.8,,55.8,8.3,26.6,42.8,19.21,0.0,0.0
临沂,gfs_seamless,2025-03-02,6,2025-03-08,12.7,1.2,3.4,-1.0,,57.2,7.1,14.4,40.1,19.71,0.0,0.0
临沂,gfs_seamless,2025-03-01,7,2025-03-08,12.3,2.3,2.8,-0.5,,53.5,9.6,22.0,72.2,18.73,0.0,0.0
临沂,jma_seamless,2025-03-07,1,2025-03-08,13.7,4.9,5.0,3.8,,51.1,5.5,,42.3,,0.0,0.0
临沂,jma_seamless,2025-03-06,2,2025-03-08,14.4,2.8,4.3,0.9,,43.3,6.8,,17.7,,0.0,0.0
临沂,jma_seamless,2025-03-05,3,2025-03-08,13.3,2.5,3.5,0.5,,39.5,7.0,,25.9,,0.0,0.0
临沂,jma_seamless,2025-03-04,4,2025-03-08,13.0,2.4,3.5,0.5,,44.4,6.6,,20.1,,0.0,0.0
临沂,jma_seamless,2025-03-03,5,2025-03-08,13.2,1.6,3.3,-0.2,,45.3,6.0,,37.5,,0.0,0.0
临沂,jma_seamless,2025-03-02,6,2025-03-08,13.5,0.2,3.1,-1.8,,53.9,6.1,,13.5,,0.0,0.0
临沂,jma_seamless,2025-03-01,7,2025-03-08,13.2,0.0,2.7,,,58.3,3.7,,7.5,,0.0,0.0
临沂,ecmwf_ifs025,2025-03-08,1,2025-03-09,13.7,2.7,4.7,0.5,,66.6,7.8,,40.3,17.12,0.0,
临沂,ecmwf_ifs025,2025-03-07,2,2025-03-09,13.7,3.0,4.8,0.7,,66.0,8.3,,33.7,17.2,0.0,
临沂,ecmwf_ifs025,2025-03-06,3,2025-03-09,12.6,2.1,4.0,-0.4,,67.2,8.3,,36.3,16.47,0.0,
临沂,ecmwf_ifs025,2025-03-05,4,2025-03-09,13.0,2.4,3.9,0.1,,67.8,8.1,,42.0,15.71,0.0,
临沂,ecmwf_ifs025,2025-03-04,5,2025-03-09,13.6,3.5,4.8,1.3,,68.1,8.3,,29.8,16.68,0.0,
临沂,ecmwf_ifs025,2025-03-03,6,2025-03-09,13.9,3.6,4.7,1.0,,70.1,9.9,,14.9,22.44,0.0,
临沂,ecmwf_ifs025,2025-03-02,7,2025-03-09,16.5,3.6,6.6,1.3,,69.4,8.7,,36.8,24.94,0.0,
临沂,gfs_seamless,2025-03-08,1,2025-03-09,14.5,5.1,5.6,2.6,,54.5,11.0,34.6,89.7,18.05,0.0,0.0
临沂,gfs_seamless,2025-03-07,2,2025-03-09,13.9,4.7,5.3,2.1,,53.0,10.8,32.4,81.5,16.67,0.0,0.0
临沂,gfs_seamless,2025-03-06,3,2025-03-09,14.3,5.2,5.0,2.6,,52.4,11.6,32.8,94.0,17.36,0.0,0.0
临沂,gfs_seamless,2025-03-05,4,2025-03-09,13.4,5.0,4.9,2.6,,50.0,10.1,31.3,100.0,17.98,0.0,0.0
临沂,gfs_seamless,2025-03-04,5,2025-03-09,13.7,5.1,4.6,2.7,,52.5,10.6,34.2,79.2,16.69,0.0,0.0
临沂,gfs_seamless,2025-03-03,6,2025-03-09,13.2,2.6,3.7,-0.2,,51.4,9.9,25.6,51.5,18.53,0.0,0.0
临沂,gfs_seamless,2025-03-02,7,2025-03-09,14.5,3.3,4.8,0.9,,53.8,8.8,32.0,39.4,19.52,0.0,0.0
临沂,jma_seamless,2025-03-08,1,2025-03-09,14.7,4.4,5.4,2.7,,57.2,7.1,,26.1,,0.0,0.0
临沂,jma_seamless,2025-03-07,2,2025-03-09,15.4,5.5,6.1,3.6,,48.8,8.6,,51.1,,0.0,0.0
临沂,jma_seamless,2025-03-06,3,2025-03-09,14.7,4.7,5.0,2.5,,46.4,9.2,,56.3,,0.0,0.0
临沂,jma_seamless,2025-03-05,4,2025-03-09,13.5,4.2,4.3,2.1,,52.3,8.2,,40.2,,0.0,0.0
临沂,jma_seamless,2025-03-04,5,2025-03-09,13.3,4.2,4.7,2.0,,61.2,8.7,,22.9,,0.3,0.0
临沂,jma_seamless,2025-03-03,6,2025-03-09,13.9,4.7,4.9,2.7,,53.1,8.2,,14.0,,0.0,0.0
临沂,jma_seamless,2025-03-02,7,2025-03-09,16.0,3.1,5.7,1.7,,47.0,5.6,,28.5,,0.0,0.0
临沂,ecmwf_ifs025,2025-03-09,1,2025-03-10,15.8,2.6,6.6,0.6,,76.8,7.0,,6.8,18.09,0.0,
临沂,ecmwf_ifs025,2025-03-08,2,2025-03-10,15.7,2.3,6.4,0.1,,76.8,7.7,,7.8,18.15,0.0,
临沂,ecmwf_ifs025,2025-03-07,3,2025-03-10,16.4,2.7,6.8,0.8,,79.1,6.8,,7.1,17.84,0.0,
临沂,ecmwf_ifs025,2025-03-06,4,2025-03-10,16.0,2.0,6.4,-0.3,,78.1,7.8,,15.5,17.29,0.0,
临沂,ecmwf_ifs025,2025-03-05,5,2025-03-10,15.4,2.0,6.2,0.1,,79.8,6.6,,26.1,14.97,0.0,
临沂,ecmwf_ifs025,2025-03-04,6,2025-03-10,11.6,3.3,5.1,1.0,,87.0,8.6,,60.2,10.4,0.0,
临沂,ecmwf_ifs025,2025-03-03,7,2025-03-10,12.9,4.8,6.7,2.8,,84.2,8.2,,75.0,20.59,6.9,
临沂,gfs_seamless,2025-03-09,1,2025-03-10,16.3,4.4,7.1,1.8,,64.6,10.8,34.6,28.6,19.42,0.0,0.0
临沂,gfs_seamless,2025-03-08,2,2025-03-10,16.4,4.5,7.4,2.0,,61.3,10.3,26.3,48.3,19.49,0.0,0.0
临沂,gfs_seamless,2025-03-07,3,2025-03-10,13.9,5.2,6.5,2.9,,64.2,10.1,32.0,74.6,13.55,0.0,0.0
临沂,gfs_seamless,2025-03-06,4,2025-03-10,12.2,4.7,5.8,2.7,,68.8,8.3,20.9,87.7,10.39,0.0,0.0
临沂,gfs_seamless,2025-03-05,5,2025-03-10,16.3,4.6,7.2,2.1,,66.9,10.4,35.6,11.6,19.6,0.0,0.0
临沂,gfs_seamless,2025-03-04,6,2025-03-10,16.5,3.9,6.8,1.3,,65.1,10.1,36.0,29.1,19.46,0.0,0.0
临沂,gfs_seamless,2025-03-03,7,2025-03-10,16.0,4.8,6.6,2.3,,72.6,10.7,32.0,33.0,14.5,0.0,0.0
临沂,jma_seamless,2025-03-09,1,2025-03-10,15.3,4.7,6.8,3.0,,66.8,7.2,,18.5,,0.0,0.0
临沂,jma_seamless,2025-03-08,2,2025-03-10,15.1,6.6,7.9,5.1,,63.2,7.5,,52.3,,0.0,0.0
临沂,jma_seamless,2025-03-07,3,2025-03-10,10.5,6.9,6.4,5.7,,80.6,6.8,,79.3,,1.8,0.0
临沂,jma_seamless,2025-03-06,4,2025-03-10,12.1,5.9,6.8,5.1,,81.8,5.1,,73.4,,1.2,0.0
临沂,jma_seamless,2025-03-05,5,2025-03-10,13.1,5.8,7.4,,,86.7,4.2,,71.4,,1.5,0.0
临沂,jma_seamless,2025-03-04,6,2025-03-10,12.4,5.1,7.3,3.5,,88.2,7.1,,68.4,,1.8,0.0
临沂,jma_seamless,2025-03-03,7,2025-03-10,12.9,7.1,7.6,5.8,,77.5,7.3,,91.7,,0.6,0.0
临沂,ecmwf_ifs025,2025-03-10,1,2025-03-11,18.3,5.3,9.7,3.7,,80.5,7.1,,50.4,15.36,0.0,
临沂,ecmwf_ifs025,2025-03-09,2,2025-03-11,19.4,5.1,9.9,3.8,,81.7,6.1,,39.2,16.46,0.0,
临沂,ecmwf_ifs025,2025-03-08,3,2025-03-11,19.5,5.2,10.8,3.9,,81.1,6.2,,26.4,17.72,0.0,
临沂,ecmwf_ifs025,2025-03-07,4,2025-03-11,18.6,4.9,10.1,3.3,,83.3,7.0,,37.2,15.98,0.0,
临沂,ecmwf_ifs025,2025-03-06,5,2025-03-11,18.5,5.0,10.0,3.7,,80.5,6.2,,30.0,16.26,0.0,
临沂,ecmwf_ifs025,2025-03-05,6,2025-03-11,17.3,4.4,9.4,3.0,,81.6,6.0,,39.8,23.04,0.0,
临沂,ecmwf_ifs025,2025-03-04,7,2025-03-11,16.1,5.3,9.0,3.5,,85.5,8.0,,57.7,24.0,4.5,
临沂,gfs_seamless,2025-03-10,1,2025-03-11,17.0,7.6,9.7,6.1,,75.8,8.6,23.4,83.5,10.98,0.0,0.0
临沂,gfs_seamless,2025-03-09,2,2025-03-11,17.1,8.6,10.8,7.3,,73.4,8.5,23.4,91.9,12.12,0.0,0.0
临沂,gfs_seamless,2025-03-08,3,2025-03-11,17.0,5.8,9.7,3.8,,75.9,9.1,20.5,50.9,14.67,0.0,0.0
临沂,gfs_seamless,2025-03-07,4,2025-03-11,17.1,5.7,9.2,3.8,,71.5,8.5,24.1,68.9,18.76,0.0,0.0
临沂,gfs_seamless,2025-03-06,5,2025-03-11,16.9,6.6,8.9,4.7,,70.0,9.6,22.3,50.8,19.4,0.0,0.0
临沂,gfs_seamless,2025-03-05,6,2025-03-11,19.1,8.0,10.3,6.1,,67.0,10.7,24.8,26.0,19.98,0.0,0.0
临沂,gfs_seamless,2025-03-04,7,2025-03-11,20.3,8.1,10.5,6.2,,67.8,11.0,32.4,36.6,19.79,0.0,0.0
临沂,jma_seamless,2025-03-10,1,2025-03-11,14.3,6.5,8.7,5.7,,88.9,5.2,,65.3,,0.0,0.0
临沂,jma_seamless,2025-03-09,2,2025-03-11,16.3,8.0,10.5,7.4,,86.2,5.3,,45.3,,0.0,0.0
临沂,jma_seamless,2025-03-08,3,2025-03-11,17.0,6.8,10.7,6.2,,86.9,4.9,,62.7,,0.0,0.0
临沂,jma_seamless,2025-03-07,4,2025-03-11,12.6,7.0,8.3,6.2,,85.0,5.5,,83.6,,0.0,0.0
临沂,jma_seamless,2025-03-06,5,2025-03-11,15.8,5.7,8.9,,,85.9,4.6,,71.5,,0.0,0.0
临沂,jma_seamless,2025-03-05,6,2025-03-11,16.1,7.1,9.9,,,86.0,3.8,,65.9,,0.0,0.0
临沂,jma_seamless,2025-03-04,7,2025-03-11,15.9,7.4,9.5,6.5,,81.6,6.1,,51.0,,0.0,0.0
临沂,ecmwf_ifs025,2025-03-11,1,2025-03-12,18.5,6.9,9.3,5.1,,64.3,9.3,,63.2,15.45,0.0,
临沂,ecmwf_ifs025,2025-03-10,2,2025-03-12,18.1,7.1,9.0,5.2,,59.7,9.6,,61.1,16.76,0.0,
临沂,ecmwf_ifs025,2025-03-09,3,2025-03-12,18.5,8.4,10.0,6.9,,60.2,9.1,,61.5,15.67,0.3,
临沂,ecmwf_ifs025,2025-03-08,4,2025-03-12,18.2,8.4,9.6,6.8,,56.5,9.5,,84.2,15.06,0.0,
临沂,ecmwf_ifs025,2025-03-07,5,2025-03-12,19.3,7.1,10.1,5.2,,55.5,9.6,,40.1,18.44,0.0,
临沂,ecmwf_ifs025,2025-03-06,6,2025-03-12,18.3,7.2,9.5,5.6,,57.2,8.6,,68.6,23.76,0.0,
临沂,ecmwf_ifs025,2025-03-05,7,2025-03-12,18.9,7.2,9.6,5.8,,61.3,7.7,,50.2,24.59,0.0,
临沂,gfs_seamless,2025-03-11,1,2025-03-12,18.1,9.5,9.9,7.9,,48.2,10.7,34.6,95.0,16.8,0.0,0.0
临沂,gfs_seamless,2025-03-10,2,2025-03-12,18.0,10.3,9.8,,,43.7,11.6,36.4,99.8,17.95,0.0,0.0
临沂,gfs_seamless,2025-03-09,3,2025-03-12,17.0,10.6,9.7,,,41.9,12.4,38.5,89.5,17.88,0.0,0.0
临沂,gfs_seamless,2025-03-08,4,2025-03-12,18.3,9.4,9.9,7.8,,41.7,10.7,38.5,83.8,19.29,0.0,0.0
临沂,gfs_seamless,2025-03-07,5,2025-03-12,21.2,10.1,10.0,,,38.3,12.6,25.2,99.6,19.39,0.0,0.0
临沂,gfs_seamless,2025-03-06,6,2025-03-12,20.2,10.4,11.4,,,44.8,9.1,31.3,88.2,19.75,0.0,0.0
临沂,gfs_seamless,2025-03-05,7,2025-03-12,18.3,9.6,10.0,7.7,,63.0,12.6,47.2,97.8,11.63,0.0,0.0
临沂,jma_seamless,2025-03-11,1,2025-03-12,19.3,7.9,9.9,6.8,,65.9,6.9,,41.8,,0.0,0.0
临沂,jma_seamless,2025-03-10,2,2025-03-12,19.6,8.7,10.2,7.7,,58.5,7.1,,53.6,,0.0,0.0
临沂,jma_seamless,2025-03-09,3,2025-03-12,19.4,9.9,11.3,9.1,,62.8,7.2,,85.7,,0.0,0.0
临沂,jma_seamless,2025-03-08,4,2025-03-12,19.3,7.4,9.7,6.8,,61.2,5.0,,80.6,,0.0,0.0
临沂,jma_seamless,2025-03-07,5,2025-03-12,18.1,7.1,9.2,6.4,,58.2,5.2,,63.8,,0.0,0.0
临沂,jma_seamless,2025-03-06,6,2025-03-12,18.2,6.5,8.3,5.4,,47.0,6.2,,64.0,,0.0,0.0
临沂,jma_seamless,2025-03-05,7,2025-03-12,11.8,6.2,6.6,5.2,,87.2,5.8,,91.6,,1.5,0.0
临沂,ecmwf_ifs025,2025-03-12,1,2025-03-13,15.8,5.3,6.7,3.0,,59.6,10.1,,62.2,17.41,0.0,
临沂,ecmwf_ifs025,2025-03-11,2,2025-03-13,15.5,5.3,5.7,2.9,,45.6,10.8,,52.9,16.64,0.0,
临沂,ecmwf_ifs025,2025-03-10,3,2025-03-13,13.4,4.4,4.5,1.7,,47.1,11.1,,55.3,11.07,0.0,
临沂,ecmwf_ifs025,2025-03-09,4,2025-03-13,13.7,5.7,4.7,3.2,,45.5,11.5,,54.1,13.13,0.0,
临沂,ecmwf_ifs025,2025-03-08,5,2025-03-13,13.9,3.8,4.3,1.2,,51.1,10.3,,46.5,13.85,0.0,
临沂,ecmwf_ifs025,2025-03-07,6,2025-03-13,14.5,4.7,5.0,2.1,,53.8,11.0,,65.3,23.75,0.0,
临沂,ecmwf_ifs025,2025-03-06,7,2025-03-13,15.0,5.1,5.0,2.3,,46.0,12.6,,46.6,25.48,0.0,
临沂,gfs_seamless,2025-03-12,1,2025-03-13,16.6,7.9,7.2,5.6,,32.5,12.8,37.4,92.2,18.5,0.0,0.0
临沂,gfs_seamless,2025-03-11,2,2025-03-13,16.2,7.1,6.1,4.5,,27.3,13.6,34.9,91.6,16.47,0.0,0.0
临沂,gfs_seamless,2025-03-10,3,2025-03-13,15.5,8.0,5.5,5.5,,32.0,14.7,36.4,99.9,14.72,0.0,0.0
临沂,gfs_seamless,2025-03-09,4,2025-03-13,14.8,6.6,5.1,3.9,,40.9,13.8,30.6,99.0,16.75,0.0,0.0
临沂,gfs_seamless,2025-03-08,5,2025-03-13,13.6,7.3,5.3,4.7,,36.2,14.1,34.9,100.0,15.65,0.0,0.0
临沂,gfs_seamless,2025-03-07,6,2025-03-13,16.9,6.1,5.4,3.5,,36.6,12.5,39.6,94.8,14.99,0.0,0.0
临沂,gfs_seamless,2025-03-06,7,2025-03-13,16.8,7.2,6.8,4.6,,45.0,13.8,46.4,84.6,13.68,0.0,0.0
临沂,jma_seamless,2025-03-12,1,2025-03-13,16.0,6.9,6.6,5.1,,47.8,9.3,,56.6,,0.0,0.0
临沂,jma_seamless,2025-03-11,2,2025-03-13,15.1,8.0,6.1,6.1,,33.9,10.7,,80.5,,0.0,0.0
临沂,jma_seamless,2025-03-10,3,2025-03-13,15.5,7.4,6.1,5.5,,37.4,10.3,,65.0,,0.0,0.0
临沂,jma_seamless,2025-03-09,4,2025-03-13,15.3,7.3,5.8,5.4,,34.5,10.2,,54.3,,0.0,0.0
临沂,jma_seamless,2025-03-08,5,2025-03-13,17.2,4.8,5.7,2.9,,40.5,8.1,,40.9,,0.6,0.0
临沂,jma_seamless,2025-03-07,6,2025-03-13,17.5,5.6,5.5,3.8,,34.5,8.2,,21.1,,0.0,0.0
临沂,jma_seamless,2025-03-06,7,2025-03-13,16.2,5.8,5.6,4.0,,46.9,8.1,,48.5,,0.3,0.0
临沂,ecmwf_ifs025,2025-03-13,1,2025-03-14,14.2,3.6,4.1,0.2,,57.1,14.1,,49.4,14.57,0.6,
临沂,ecmwf_ifs025,2025-03-12,2,2025-03-14,14.2,3.7,3.9,0.1,,57.2,15.0,,43.0,14.72,0.0,
临沂,ecmwf_ifs025,2025-03-11,3,2025-03-14,13.4,3.3,3.4,-0.4,,57.1,15.2,,53.2,13.35,0.0,
临沂,ecmwf_ifs025,2025-03-10,4,2025-03-14,10.0,4.7,3.1,1.6,,56.5,13.9,,58.6,7.25,0.3,
临沂,ecmwf_ifs025,2025-03-09,5,2025-03-14,9.2,5.5,2.7,2.6,,56.5,13.6,,64.0,4.69,0.9,
临沂,ecmwf_ifs025,2025-03-08,6,2025-03-14,9.4,3.9,2.9,0.8,,62.8,12.8,,66.6,8.71,4.2,
临沂,ecmwf_ifs025,2025-03-07,7,2025-03-14,8.5,5.0,3.1,2.3,,64.1,11.6,,66.8,8.49,0.0,
临沂,gfs_seamless,2025-03-13,1,2025-03-14,14.5,5.7,4.6,2.4,,38.6,16.4,41.4,62.5,17.72,0.0,0.0
临沂,gfs_seamless,2025-03-12,2,2025-03-14,14.5,5.7,4.6,2.5,,42.1,16.0,41.4,65.4,15.17,0.2,0.0
临沂,gfs_seamless,2025-03-11,3,2025-03-14,13.9,4.6,4.3,1.1,,38.3,15.8,45.0,70.3,18.86,0.0,0.0
临沂,gfs_seamless,2025-03-10,4,2025-03-14,13.7,5.0,4.0,1.9,,45.3,13.8,44.6,95.2,9.25,0.0,0.0
临沂,gfs_seamless,2025-03-09,5,2025-03-14,10.9,6.3,4.4,4.0,,55.6,11.2,41.8,100.0,3.29,0.1,0.0
临沂,gfs_seamless,2025-03-08,6,2025-03-14,12.8,5.3,4.2,2.8,,54.5,11.3,28.8,97.7,13.67,0.3,0.0
临沂,gfs_seamless,2025-03-07,7,2025-03-14,12.4,3.9,3.4,0.7,,52.9,13.3,41.4,83.4,9.89,0.0,0.0
临沂,jma_seamless,2025-03-13,1,2025-03-14,13.8,5.9,5.2,3.4,,53.6,11.7,,57.5,,0.0,0.0
临沂,jma_seamless,2025-03-12,2,2025-03-14,11.1,7.1,4.8,4.5,,59.0,13.6,,90.9,,0.6,0.0
临沂,jma_seamless,2025-03-11,3,2025-03-14,11.7,7.2,5.0,4.7,,56.3,13.3,,84.1,,0.0,0.0
临沂,jma_seamless,2025-03-10,4,2025-03-14,10.3,6.4,4.0,4.1,,53.6,11.1,,90.4,,0.6,0.0
临沂,jma_seamless,2025-03-09,5,2025-03-14,10.6,4.4,3.8,1.5,,55.4,12.2,,93.5,,2.7,0.0
临沂,jma_seamless,2025-03-08,6,2025-03-14,9.5,5.8,3.7,3.2,,61.4,12.0,,83.0,,1.8,0.0
临沂,jma_seamless,2025-03-07,7,2025-03-14,10.4,5.2,3.5,2.7,,59.0,11.0,,80.8,,1.2,0.0
临沂,ecmwf_ifs025,2025-03-14,1,2025-03-15,13.6,3.5,4.9,0.5,,51.7,11.7,,73.2,13.19,0.6,
临沂,ecmwf_ifs025,2025-03-13,2,2025-03-15,12.3,4.9,4.4,2.5,,48.1,10.4,,66.5,7.29,0.0,
临沂,ecmwf_ifs025,2025-03-12,3,2025-03-15,9.7,6.1,3.5,3.8,,48.1,10.8,,73.4,5.09,0.0,
临沂,ecmwf_ifs025,2025-03-11,4,2025-03-15,9.2,5.3,3.0,2.4,,47.3,13.1,,75.7,4.98,0.0,
临沂,ecmwf_ifs025,2025-03-10,5,2025-03-15,8.3,4.2,2.1,1.0,,59.2,13.6,,87.2,3.82,1.5,
临沂,ecmwf_ifs025,2025-03-09,6,2025-03-15,10.4,2.7,2.2,-1.1,,70.2,15.1,,74.0,21.66,2.1,
临沂,ecmwf_ifs025,2025-03-08,7,2025-03-15,16.7,4.2,5.7,1.2,,50.9,12.2,,55.1,26.14,1.2,
临沂,gfs_seamless,2025-03-14,1,2025-03-15,13.0,5.9,5.3,3.2,,42.6,12.7,42.1,97.5,11.82,0.0,0.0
临沂,gfs_seamless,2025-03-13,2,2025-03-15,14.9,5.3,5.6,2.6,,38.8,11.9,39.2,91.5,17.66,0.0,0.0
临沂,gfs_seamless,2025-03-12,3,2025-03-15,14.9,5.1,4.7,1.7,,35.1,16.4,46.1,90.7,17.33,0.0,0.0
临沂,gfs_seamless,2025-03-11,4,2025-03-15,13.2,5.2,3.6,2.1,,34.6,14.3,38.2,92.7,11.85,0.0,0.0
临沂,gfs_seamless,2025-03-10,5,2025-03-15,12.5,3.8,3.2,-0.0,,44.1,16.9,44.6,93.9,16.2,0.0,0.0
临沂,gfs_seamless,2025-03-09,6,2025-03-15,13.0,3.6,3.1,-0.1,,42.2,15.6,43.2,81.4,18.75,0.0,0.0
临沂,gfs_seamless,2025-03-08,7,2025-03-15,17.3,5.0,5.6,1.8,,45.8,14.8,37.4,78.5,19.58,0.0,0.0
临沂,jma_seamless,2025-03-14,1,2025-03-15,14.1,7.0,5.8,5.6,,31.5,7.4,,75.5,,0.0,0.0
临沂,jma_seamless,2025-03-13,2,2025-03-15,12.2,5.9,5.0,3.9,,47.9,9.3,,68.4,,0.6,0.0
临沂,jma_seamless,2025-03-12,3,2025-03-15,11.7,7.2,5.1,5.7,,42.5,8.2,,81.5,,0.6,0.0
临沂,jma_seamless,2025-03-11,4,2025-03-15,11.1,4.5,4.3,2.7,,61.5,7.3,,77.6,,1.2,0.0
临沂,jma_seamless,2025-03-10,5,2025-03-15,11.9,3.1,4.4,1.8,,60.5,5.4,,75.2,,2.4,0.0
临沂,jma_seamless,2025-03-09,6,2025-03-15,13.1,4.1,5.3,2.7,,61.2,6.0,,61.8,,1.2,0.0
临沂,jma_seamless,2025-03-08,7,2025-03-15,11.4,3.2,4.3,0.8,,67.5,8.8,,77.9,,3.0,0.0
临沂,ecmwf_ifs025,2025-03-15,1,2025-03-16,8.0,1.4,-1.0,-2.7,,43.8,15.0,,9.0,19.03,0.3,
临沂,ecmwf_ifs025,2025-03-14,2,2025-03-16,8.1,1.3,-0.8,-2.8,,48.9,15.0,,22.7,17.54,1.2,
临沂,ecmwf_ifs025,2025-03-13,3,2025-03-16,8.0,0.4,-0.2,-3.8,,47.3,14.5,,24.0,18.52,0.6,
临沂,ecmwf_ifs025,2025-03-12,4,2025-03-16,7.9,1.0,-0.0,-2.6,,44.8,12.0,,25.5,10.31,0.3,
临沂,ecmwf_ifs025,2025-03-11,5,2025-03-16,10.4,1.1,0.3,-2.6,,46.1,12.4,,33.2,14.08,0.6,
临沂,ecmwf_ifs025,2025-03-10,6,2025-03-16,8.2,1.8,1.1,-1.8,,59.4,13.0,,28.7,24.06,4.5,
临沂,ecmwf_ifs025,2025-03-09,7,2025-03-16,9.2,2.0,1.4,-1.9,,53.7,14.5,,11.1,26.6,0.0,
临沂,gfs_seamless,2025-03-15,1,2025-03-16,8.9,2.7,0.1,-1.3,,29.8,16.2,45.0,41.1,22.04,0.0,0.0
临沂,gfs_seamless,2025-03-14,2,2025-03-16,9.2,2.5,0.2,-1.6,,33.6,16.8,46.1,43.8,21.75,0.0,0.0
临沂,gfs_seamless,2025-03-13,3,2025-03-16,10.1,2.8,0.9,-1.1,,31.9,15.7,43.6,34.4,22.26,0.0,0.0
临沂,gfs_seamless,2025-03-12,4,2025-03-16,11.1,2.3,1.4,-1.4,,24.5,13.8,40.3,48.8,21.27,0.0,0.0
临沂,gfs_seamless,2025-03-11,5,2025-03-16,11.0,4.1,1.8,0.8,,25.1,14.2,42.8,57.8,20.3,0.0,0.0
临沂,gfs_seamless,2025-03-10,6,2025-03-16,9.3,1.8,0.3,-2.3,,35.3,15.5,45.0,58.7,19.3,0.0,0.0
临沂,gfs_seamless,2025-03-09,7,2025-03-16,9.8,2.0,0.3,-2.4,,29.4,17.5,49.7,61.9,20.02,0.0,0.0
临沂,jma_seamless,2025-03-15,1,2025-03-16,8.4,2.6,0.1,-0.6,,30.4,11.8,,20.2,,0.0,0.0
临沂,jma_seamless,2025-03-14,2,2025-03-16,8.6,2.9,0.5,-0.2,,32.8,11.5,,28.5,,0.0,0.0
临沂,jma_seamless,2025-03-13,3,2025-03-16,8.3,3.4,0.9,0.1,,38.2,13.4,,36.3,,0.0,0.0
临沂,jma_seamless,2025-03-12,4,2025-03-16,8.7,2.2,0.6,-0.9,,39.9,10.9,,31.0,,0.6,0.0
临沂,jma_seamless,2025-03-11,5,2025-03-16,7.4,1.8,1.2,-1.1,,59.7,9.6,,54.9,,3.3,0.0
临沂,jma_seamless,2025-03-10,6,2025-03-16,7.5,1.7,0.9,-2.0,,44.8,13.4,,16.8,,0.6,0.0
临沂,jma_seamless,2025-03-09,7,2025-03-16,9.1,3.2,1.7,0.0,,33.6,12.2,,20.6,,0.0,0.0
临沂,ecmwf_ifs025,2025-03-16,1,2025-03-17,13.7,-1.6,0.7,-6.2,,42.7,14.0,,0.0,20.08,0.0,
临沂,ecmwf_ifs025,2025-03-15,2,2025-03-17,13.3,-0.8,0.8,-5.2,,41.3,13.8,,0.0,20.12,0.0,
临沂,ecmwf_ifs025,2025-03-14,3,2025-03-17,13.8,-0.7,0.8,-5.3,,37.9,15.2,,0.0,20.15,0.0,
临沂,ecmwf_ifs025,2025-03-13,4,2025-03-17,13.8,-1.4,0.7,-6.1,,40.4,15.0,,1.3,20.1,0.0,
临沂,ecmwf_ifs025,2025-03-12,5,2025-03-17,13.2,-1.6,-0.1,-6.8,,42.0,17.3,,0.0,19.26,0.0,
临沂,ecmwf_ifs025,2025-03-11,6,2025-03-17,13.1,-0.0,0.9,-4.3,,45.3,14.6,,4.5,24.84,0.0,
临沂,ecmwf_ifs025,2025-03-10,7,2025-03-17,9.9,-0.2,0.6,-4.2,,47.0,12.7,,11.3,27.01,0.0,
临沂,gfs_seamless,2025-03-16,1,2025-03-17,13.6,1.5,1.9,-2.8,,23.7,16.2,45.4,1.1,22.31,0.0,0.0
临沂,gfs_seamless,2025-03-15,2,2025-03-17,13.6,2.1,1.8,-2.2,,25.0,17.3,45.7,0.8,22.26,0.0,0.0
临沂,gfs_seamless,2025-03-14,3,2025-03-17,15.1,2.0,2.1,-2.4,,27.2,18.0,50.4,9.0,21.71,0.0,0.0
临沂,gfs_seamless,2025-03-13,4,2025-03-17,14.5,2.4,2.1,-2.0,,32.8,18.7,56.9,8.6,22.0,0.0,0.0
临沂,gfs_seamless,2025-03-12,5,2025-03-17,12.4,4.3,1.9,0.3,,28.2,19.3,59.0,0.5,22.27,0.0,0.0
临沂,gfs_seamless,2025-03-11,6,2025-03-17,12.4,4.7,2.2,0.9,,30.1,18.0,49.3,10.2,21.55,0.0,0.0
临沂,gfs_seamless,2025-03-10,7,2025-03-17,14.4,1.2,2.8,-2.7,,30.6,13.7,37.4,26.5,21.81,0.0,0.0
临沂,jma_seamless,2025-03-16,1,2025-03-17,14.1,1.3,1.7,-1.9,,21.3,10.7,,0.0,,0.0,0.0
临沂,jma_seamless,2025-03-15,2,2025-03-17,14.0,1.7,1.9,-1.5,,21.8,10.9,,0.0,,0.0,0.0
临沂,jma_seamless,2025-03-14,3,2025-03-17,13.7,1.4,1.9,-1.8,,22.2,10.8,,0.1,,0.0,0.0
临沂,jma_seamless,2025-03-13,4,2025-03-17,12.9,1.0,1.5,-2.3,,23.5,10.9,,0.0,,0.0,0.0
临沂,jma_seamless,2025-03-12,5,2025-03-17,13.6,0.6,2.0,-2.5,,29.6,9.6,,0.0,,0.0,0.0
临沂,jma_seamless,2025-03-11,6,2025-03-17,11.8,0.3,1.1,-2.8,,29.0,9.5,,0.0,,0.0,0.0
临沂,jma_seamless,2025-03-10,7,2025-03-17,13.0,0.5,1.2,-2.6,,20.0,9.7,,0.0,,0.0,0.0
临沂,ecmwf_ifs025,2025-03-17,1,2025-03-18,10.3,0.2,0.2,-3.1,,39.3,10.0,,0.0,20.11,0.0,
临沂,ecmwf_ifs025,2025-03-16,2,2025-03-18,10.2,0.2,0.1,-3.1,,39.8,10.2,,1.2,20.11,0.0,
临沂,ecmwf_ifs025,2025-03-15,3,2025-03-18,10.8,1.2,0.7,-2.2,,35.4,11.5,,0.0,20.06,0.0,
临沂,ecmwf_ifs025,2025-03-14,4,2025-03-18,10.1,0.9,-0.3,-3.0,,31.9,13.3,,0.0,20.33,0.0,
临沂,ecmwf_ifs025,2025-03-13,5,2025-03-18,10.8,0.3,-1.0,-4.2,,30.3,15.6,,0.0,20.29,0.0,
临沂,ecmwf_ifs025,2025-03-12,6,2025-03-18,8.8,1.9,-0.9,-2.5,,27.3,17.3,,0.3,25.07,0.0,
临沂,ecmwf_ifs025,2025-03-11,7,2025-03-18,8.7,1.3,-0.5,-3.1,,41.2,16.4,,5.3,26.96,0.0,
临沂,gfs_seamless,2025-03-17,1,2025-03-18,9.9,1.9,0.8,-1.7,,24.9,13.2,37.8,0.8,22.5,0.0,0.0
临沂,gfs_seamless,2025-03-16,2,2025-03-18,10.8,2.8,1.4,-0.3,,24.3,11.6,41.8,0.2,22.42,0.0,0.0
临沂,gfs_seamless,2025-03-15,3,2025-03-18,14.1,2.2,3.6,-1.0,,24.1,11.3,33.5,0.0,22.33,0.0,0.0
临沂,gfs_seamless,2025-03-14,4,2025-03-18,13.1,1.7,2.6,-1.8,,32.8,12.2,27.7,0.8,22.31,0.0,0.0
临沂,gfs_seamless,2025-03-13,5,2025-03-18,13.5,2.2,3.1,-0.9,,25.6,10.8,29.5,0.1,22.36,0.0,0.0
临沂,gfs_seamless,2025-03-12,6,2025-03-18,12.0,2.8,2.7,0.3,,25.4,8.9,23.4,0.2,22.29,0.0,0.0
临沂,gfs_seamless,2025-03-11,7,2025-03-18,10.4,1.2,1.2,-2.7,,33.3,13.6,37.4,11.4,22.32,0.0,0.0
临沂,jma_seamless,2025-03-17,1,2025-03-18,10.7,2.0,1.3,0.2,,22.9,6.2,,0.0,,0.0,0.0
临沂,jma_seamless,2025-03-16,2,2025-03-18,10.7,2.7,1.5,0.9,,22.3,6.6,,0.0,,0.0,0.0
临沂,jma_seamless,2025-03-15,3,2025-03-18,11.3,4.1,2.6,2.2,,24.1,7.4,,0.0,,0.0,0.0
临沂,jma_seamless,2025-03-14,4,2025-03-18,11.2,3.9,2.7,,,23.3,4.8,,0.0,,0.0,0.0
临沂,jma_seamless,2025-03-13,5,2025-03-18,12.4,2.7,2.6,0.9,,22.0,6.4,,0.0,,0.0,0.0
临沂,jma_seamless,2025-03-12,6,2025-03-18,9.6,3.1,1.1,0.9,,17.8,8.1,,0.0,,0.0,0.0
临沂,jma_seamless,2025-03-11,7,2025-03-18,9.3,4.3,1.7,1.7,,21.7,10.6,,0.0,,0.0,0.0
临沂,ecmwf_ifs025,2025-03-18,1,2025-03-19,15.7,-0.6,3.7,-3.9,,53.3,9.4,,0.0,19.87,0.0,
临沂,ecmwf_ifs025,2025-03-17,2,2025-03-19,15.5,-0.3,3.7,-3.5,,54.2,9.4,,0.0,19.85,0.0,
临沂,ecmwf_ifs025,2025-03-16,3,2025-03-19,15.2,-0.5,3.8,-3.9,,55.0,10.0,,0.0,19.83,0.0,
临沂,ecmwf_ifs025,2025-03-15,4,2025-03-19,15.9,0.1,4.2,-3.5,,54.6,11.2,,0.0,19.92,0.0,
临沂,ecmwf_ifs025,2025-03-14,5,2025-03-19,15.5,-1.0,3.4,-4.7,,53.5,10.7,,0.0,19.99,0.0,
临沂,ecmwf_ifs025,2025-03-13,6,2025-03-19,16.3,-1.4,3.7,-4.8,,55.5,9.4,,0.0,25.15,0.0,
临沂,ecmwf_ifs025,2025-03-12,7,2025-03-19,13.2,-0.6,2.0,-3.5,,46.2,8.1,,2.1,27.43,0.0,
临沂,gfs_seamless,2025-03-18,1,2025-03-19,16.6,2.1,4.9,-1.4,,35.8,12.7,28.1,1.1,22.17,0.0,0.0
临沂,gfs_seamless,2025-03-17,2,2025-03-19,16.2,1.8,4.8,-1.6,,33.2,11.7,28.1,0.4,22.18,0.0,0.0
临沂,gfs_seamless,2025-03-16,3,2025-03-19,16.9,4.4,6.1,1.8,,37.1,10.8,28.1,0.4,22.13,0.0,0.0
临沂,gfs_seamless,2025-03-15,4,2025-03-19,18.4,3.2,7.0,1.1,,34.8,7.8,19.4,0.8,22.23,0.0,0.0
临沂,gfs_seamless,2025-03-14,5,2025-03-19,17.7,4.5,7.1,2.0,,34.0,10.1,22.3,2.7,22.22,0.0,0.0
临沂,gfs_seamless,2025-03-13,6,2025-03-19,17.6,3.3,6.8,1.1,,36.4,8.1,19.4,39.2,19.83,0.0,0.0
临沂,gfs_seamless,2025-03-12,7,2025-03-19,16.7,4.9,5.8,2.2,,39.2,11.7,37.1,23.9,21.81,0.0,0.0
临沂,jma_seamless,2025-03-18,1,2025-03-19,15.8,0.6,3.7,-1.9,,28.1,7.6,,0.0,,0.0,0.0
临沂,jma_seamless,2025-03-17,2,2025-03-19,16.1,0.4,3.8,-1.6,,29.9,6.1,,0.0,,0.0,0.0
临沂,jma_seamless,2025-03-16,3,2025-03-19,16.6,2.1,4.4,-0.2,,33.0,7.6,,0.0,,0.0,0.0
临沂,jma_seamless,2025-03-15,4,2025-03-19,17.3,2.0,4.8,-0.2,,30.5,7.4,,0.0,,0.0,0.0
临沂,jma_seamless,2025-03-14,5,2025-03-19,17.7,3.5,5.5,1.3,,27.1,8.4,,0.0,,0.0,0.0
临沂,jma_seamless,2025-03-13,6,2025-03-19,16.5,1.0,4.3,-0.5,,32.0,5.0,,0.0,,0.0,0.0
临沂,jma_seamless,2025-03-12,7,2025-03-19,15.6,1.9,3.7,-0.5,,22.2,8.0,,0.0,,0.0,0.0
临沂,ecmwf_ifs025,2025-03-19,1,2025-03-20,22.1,3.2,8.0,0.2,,49.7,11.6,,0.0,20.25,0.0,
临沂,ecmwf_ifs025,2025-03-18,2,2025-03-20,21.5,3.0,7.9,0.1,,53.0,10.9,,0.0,20.23,0.0,
临沂,ecmwf_ifs025,2025-03-17,3,2025-03-20,21.2,4.0,7.9,1.1,,56.2,11.6,,0.0,20.22,0.0,
临沂,ecmwf_ifs025,2025-03-16,4,2025-03-20,20.6,3.4,8.0,0.4,,60.2,11.7,,0.0,20.27,0.0,
临沂,ecmwf_ifs025,2025-03-15,5,2025-03-20,19.0,3.0,7.6,-0.1,,61.6,11.6,,0.0,20.21,0.0,
临沂,ecmwf_ifs025,2025-03-14,6,2025-03-20,19.8,3.8,7.8,0.8,,61.9,11.8,,0.0,25.35,0.0,
临沂,ecmwf_ifs025,2025-03-13,7,2025-03-20,18.8,3.2,7.4,0.3,,58.2,10.8,,1.8,27.61,0.0,
临沂,gfs_seamless,2025-03-19,1,2025-03-20,21.9,7.0,9.8,4.5,,30.8,12.8,32.8,0.0,22.55,0.0,0.0
临沂,gfs_seamless,2025-03-18,2,2025-03-20,21.5,7.2,10.0,5.1,,30.2,11.0,30.6,0.0,22.49,0.0,0.0
临沂,gfs_seamless,2025-03-17,3,2025-03-20,21.5,7.3,10.1,5.2,,28.0,11.1,28.4,0.0,22.48,0.0,0.0
临沂,gfs_seamless,2025-03-16,4,2025-03-20,22.2,8.6,10.7,6.8,,24.7,11.0,28.1,0.0,22.52,0.0,0.0
临沂,gfs_seamless,2025-03-15,5,2025-03-20,22.5,8.1,10.8,6.1,,30.9,11.6,28.8,0.2,22.5,0.0,0.0
临沂,gfs_seamless,2025-03-14,6,2025-03-20,21.2,7.7,10.3,5.9,,34.2,10.1,23.0,0.0,22.29,0.0,0.0
临沂,gfs_seamless,2025-03-13,7,2025-03-20,19.8,7.3,9.1,4.9,,39.8,13.1,38.5,16.0,21.86,0.0,0.0
临沂,jma_seamless,2025-03-19,1,2025-03-20,22.0,6.4,8.8,4.1,,30.2,11.0,,0.0,,0.0,0.0
临沂,jma_seamless,2025-03-18,2,2025-03-20,21.8,5.3,8.4,3.1,,28.3,9.7,,0.0,,0.0,0.0
临沂,jma_seamless,2025-03-17,3,2025-03-20,20.7,5.8,8.2,3.8,,31.0,9.0,,0.0,,0.0,0.0
临沂,jma_seamless,2025-03-16,4,2025-03-20,20.7,5.9,8.2,3.8,,30.3,9.8,,0.0,,0.0,0.0
临沂,jma_seamless,2025-03-15,5,2025-03-20,20.9,6.4,8.6,4.5,,30.8,9.0,,0.0,,0.0,0.0
临沂,jma_seamless,2025-03-14,6,2025-03-20,20.0,5.5,8.1,4.1,,34.0,6.8,,0.0,,0.0,0.0
临沂,jma_seamless,2025-03-13,7,2025-03-20,18.9,5.5,8.0,4.5,,35.8,5.5,,0.0,,0.0,0.0
临沂,ecmwf_ifs025,2025-03-20,1,2025-03-21,24.7,6.4,11.1,4.0,,34.7,11.5,,0.0,20.82,0.0,
临沂,ecmwf_ifs025,2025-03-19,2,2025-03-21,23.9,6.2,10.5,3.9,,39.9,11.2,,0.0,20.82,0.0,
临沂,ecmwf_ifs025,2025-03-18,3,2025-03-21,23.5,6.3,10.4,3.9,,43.3,11.6,,0.0,20.79,0.0,
临沂,ecmwf_ifs025,2025-03-17,4,2025-03-21,22.6,6.7,10.4,4.2,,48.8,12.4,,0.0,20.75,0.0,
临沂,ecmwf_ifs025,2025-03-16,5,2025-03-21,22.3,6.2,10.0,3.5,,46.3,13.4,,0.0,20.51,0.0,
临沂,ecmwf_ifs025,2025-03-15,6,2025-03-21,21.8,6.9,9.7,4.3,,47.2,13.4,,0.0,25.56,0.0,
临沂,ecmwf_ifs025,2025-03-14,7,2025-03-21,23.7,5.8,10.3,3.9,,49.9,8.9,,0.0,27.85,0.0,
临沂,gfs_seamless,2025-03-20,1,2025-03-21,24.4,9.8,12.2,7.8,,18.5,14.1,34.6,0.0,23.11,0.0,0.0
临沂,gfs_seamless,2025-03-19,2,2025-03-21,24.2,10.0,12.1,8.2,,20.4,12.5,30.6,0.0,23.21,0.0,0.0
临沂,gfs_seamless,2025-03-18,3,2025-03-21,23.9,10.0,12.2,8.4,,21.9,11.5,26.3,0.0,22.96,0.0,0.0
临沂,gfs_seamless,2025-03-17,4,2025-03-21,23.8,9.6,12.5,8.0,,24.8,11.2,26.3,0.4,22.68,0.0,0.0
临沂,gfs_seamless,2025-03-16,5,2025-03-21,24.0,10.2,12.3,,,24.4,12.7,35.3,0.1,23.01,0.0,0.0
临沂,gfs_seamless,2025-03-15,6,2025-03-21,24.2,9.7,12.8,8.7,,22.6,7.6,23.4,0.0,22.54,0.0,0.0
临沂,gfs_seamless,2025-03-14,7,2025-03-21,21.7,9.2,11.1,7.2,,30.7,12.7,32.8,8.2,22.54,0.0,0.0
临沂,jma_seamless,2025-03-20,1,2025-03-21,24.4,10.0,11.1,8.4,,18.4,11.7,,0.0,,0.0,0.0
临沂,jma_seamless,2025-03-19,2,2025-03-21,24.2,9.1,10.7,7.4,,18.4,11.0,,0.0,,0.0,0.0
临沂,jma_seamless,2025-03-18,3,2025-03-21,23.7,9.0,10.5,7.2,,21.1,11.7,,0.0,,0.0,0.0
临沂,jma_seamless,2025-03-17,4,2025-03-21,22.1,9.1,10.2,7.6,,23.8,9.8,,0.0,,0.0,0.0
临沂,jma_seamless,2025-03-16,5,2025-03-21,21.0,7.6,9.5,5.9,,27.6,9.2,,0.0,,0.0,0.0
临沂,jma_seamless,2025-03-15,6,2025-03-21,21.9,6.1,9.0,5.0,,31.8,6.0,,0.0,,0.0,0.0
临沂,jma_seamless,2025-03-14,7,2025-03-21,21.0,7.3,9.7,6.4,,35.2,6.0,,0.0,,0.0,0.0
临沂,ecmwf_ifs025,2025-03-21,1,2025-03-22,25.4,8.2,12.4,6.1,,32.6,12.3,,2.7,20.97,0.0,
临沂,ecmwf_ifs025,2025-03-20,2,2025-03-22,25.1,7.9,12.1,5.7,,38.0,12.6,,9.2,20.78,0.0,
临沂,ecmwf_ifs025,2025-03-19,3,2025-03-22,24.3,7.4,11.6,5.1,,42.3,12.7,,8.7,20.75,0.0,
临沂,ecmwf_ifs025,2025-03-18,4,2025-03-22,24.2,8.0,11.4,5.6,,40.7,13.7,,0.8,20.88,0.0,
临沂,ecmwf_ifs025,2025-03-17,5,2025-03-22,23.5,7.3,11.4,5.0,,43.1,12.4,,0.0,20.68,0.0,
临沂,ecmwf_ifs025,2025-03-16,6,2025-03-22,24.4,9.0,12.4,7.1,,51.9,12.0,,0.0,25.69,0.0,
临沂,ecmwf_ifs025,2025-03-15,7,2025-03-22,24.4,7.4,11.8,5.1,,44.0,12.3,,0.0,28.08,0.0,
临沂,gfs_seamless,2025-03-21,1,2025-03-22,25.0,11.0,13.6,,,21.0,12.9,34.6,13.9,23.26,0.0,0.0
临沂,gfs_seamless,2025-03-20,2,2025-03-22,25.0,10.3,13.2,,,20.7,12.6,32.0,17.8,23.26,0.0,0.0
临沂,gfs_seamless,2025-03-19,3,2025-03-22,24.7,10.9,13.1,,,22.6,13.5,36.4,0.0,23.26,0.0,0.0
临沂,gfs_seamless,2025-03-18,4,2025-03-22,24.2,10.4,13.2,,,25.9,12.8,34.2,0.0,23.05,0.0,0.0
临沂,gfs_seamless,2025-03-17,5,2025-03-22,25.2,11.6,13.8,,,24.8,13.7,31.7,12.5,22.56,0.0,0.0
临沂,gfs_seamless,2025-03-16,6,2025-03-22,24.9,11.4,12.9,,,23.0,11.3,34.9,0.0,22.94,0.0,0.0
临沂,gfs_seamless,2025-03-15,7,2025-03-22,25.0,10.1,13.0,,,26.9,11.0,28.1,16.8,22.36,0.0,0.0
临沂,jma_seamless,2025-03-21,1,2025-03-22,25.0,11.3,12.3,,,20.4,11.8,,0.5,,0.0,0.0
临沂,jma_seamless,2025-03-20,2,2025-03-22,25.3,11.2,12.3,,,19.8,11.6,,17.4,,0.0,0.0
临沂,jma_seamless,2025-03-19,3,2025-03-22,24.9,10.9,12.1,,,21.7,11.5,,2.2,,0.0,0.0
临沂,jma_seamless,2025-03-18,4,2025-03-22,25.0,10.5,11.8,,,20.0,11.3,,1.8,,0.0,0.0
临沂,jma_seamless,2025-03-17,5,2025-03-22,23.1,9.9,11.2,8.4,,24.6,10.4,,2.0,,0.0,0.0
临沂,jma_seamless,2025-03-16,6,2025-03-22,24.0,7.9,11.7,6.2,,31.2,9.6,,3.4,,0.0,0.0
临沂,jma_seamless,2025-03-15,7,2025-03-22,23.9,8.6,11.7,7.3,,34.3,8.4,,0.1,,0.0,0.0
临沂,ecmwf_ifs025,2025-03-22,1,2025-03-23,25.4,9.3,13.0,7.4,,36.5,12.6,,33.5,13.87,0.0,
临沂,ecmwf_ifs025,2025-03-21,2,2025-03-23,20.5,8.9,11.3,6.9,,43.0,12.7,,38.0,9.76,0.0,
临沂,ecmwf_ifs025,2025-03-20,3,2025-03-23,22.1,10.0,11.3,8.4,,46.6,11.4,,38.8,10.43,0.0,
临沂,ecmwf_ifs025,2025-03-19,4,2025-03-23,21.4,7.9,11.5,6.2,,50.9,9.6,,23.1,14.05,0.0,
临沂,ecmwf_ifs025,2025-03-18,5,2025-03-23,21.9,11.1,11.8,,,40.8,11.8,,36.7,10.39,0.0,
临沂,ecmwf_ifs025,2025-03-17,6,2025-03-23,18.4,8.9,10.7,7.1,,57.0,11.2,,22.3,21.93,0.0,
临沂,ecmwf_ifs025,2025-03-16,7,2025-03-23,24.1,10.1,13.5,,,48.4,12.1,,0.0,28.04,0.0,
临沂,gfs_seamless,2025-03-22,1,2025-03-23,24.5,12.3,13.2,,,25.6,15.2,64.4,75.8,13.59,0.0,0.0
临沂,gfs_seamless,2025-03-21,2,2025-03-23,24.6,13.0,13.4,,,23.1,15.2,64.4,87.0,15.25,0.0,0.0
临沂,gfs_seamless,2025-03-20,3,2025-03-23,25.6,11.8,13.3,,,21.6,15.5,64.1,41.7,17.32,0.0,0.0
临沂,gfs_seamless,2025-03-19,4,2025-03-23,25.5,12.0,13.6,,,20.0,13.5,56.2,36.3,21.6,0.0,0.0
临沂,gfs_seamless,2025-03-18,5,2025-03-23,24.4,12.3,13.5,,,22.6,12.1,41.4,57.8,17.57,0.0,0.0
临沂,gfs_seamless,2025-03-17,6,2025-03-23,22.6,10.5,11.7,,,32.6,11.9,38.9,44.7,17.84,0.0,0.0
临沂,gfs_seamless,2025-03-16,7,2025-03-23,24.4,8.2,12.5,6.5,,36.0,10.1,29.9,41.7,20.73,0.0,0.0
临沂,jma_seamless,2025-03-22,1,2025-03-23,25.2,11.4,12.8,,,21.9,13.0,,42.5,,0.0,0.0
临沂,jma_seamless,2025-03-21,2,2025-03-23,24.4,10.8,12.3,,,25.3,13.5,,38.9,,0.0,0.0
临沂,jma_seamless,2025-03-20,3,2025-03-23,22.8,11.5,12.0,,,24.6,12.6,,39.6,,0.0,0.0
临沂,jma_seamless,2025-03-19,4,2025-03-23,24.8,11.4,12.6,,,21.0,11.8,,31.7,,0.0,0.0
临沂,jma_seamless,2025-03-18,5,2025-03-23,23.9,11.7,12.4,,,23.3,11.3,,32.7,,0.0,0.0
临沂,jma_seamless,2025-03-17,6,2025-03-23,25.2,10.9,12.9,,,25.5,7.7,,6.9,,0.0,0.0
临沂,jma_seamless,2025-03-16,7,2025-03-23,24.7,11.8,13.3,,,27.7,9.4,,24.0,,0.0,0.0
临沂,ecmwf_ifs025,2025-03-23,1,2025-03-24,26.8,12.3,14.5,,,30.4,14.1,,0.0,20.82,0.0,
临沂,ecmwf_ifs025,2025-03-22,2,2025-03-24,26.9,12.0,14.5,,,29.5,15.9,,0.0,20.87,0.0,
临沂,ecmwf_ifs025,2025-03-21,3,2025-03-24,27.3,11.3,14.1,,27.1,39.9,15.2,,0.0,20.65,0.0,
临沂,ecmwf_ifs025,2025-03-20,4,2025-03-24,27.4,10.7,13.8,,26.8,31.9,13.2,,0.0,20.79,0.0,
临沂,ecmwf_ifs025,2025-03-19,5,2025-03-24,26.2,11.2,14.8,,,47.0,15.3,,0.0,20.69,0.0,
临沂,ecmwf_ifs025,2025-03-18,6,2025-03-24,26.4,9.5,13.5,7.1,,51.4,16.8,,1.0,26.02,0.0,
临沂,ecmwf_ifs025,2025-03-17,7,2025-03-24,25.2,11.4,14.9,,,51.2,15.1,,0.0,28.59,0.0,
临沂,gfs_seamless,2025-03-23,1,2025-03-24,25.1,13.0,13.3,,,37.7,20.0,66.6,0.0,23.07,0.0,0.0
临沂,gfs_seamless,2025-03-22,2,2025-03-24,25.0,10.7,12.8,,,39.0,19.2,66.6,0.5,23.0,0.0,0.0
临沂,gfs_seamless,2025-03-21,3,2025-03-24,25.0,10.7,13.0,,,37.2,19.1,65.5,2.8,22.92,0.0,0.0
临沂,gfs_seamless,2025-03-20,4,2025-03-24,25.8,9.6,11.7,7.1,,28.4,18.1,56.5,1.1,22.99,0.0,0.0
临沂,gfs_seamless,2025-03-19,5,2025-03-24,28.5,12.8,15.4,,27.4,28.5,18.4,58.3,19.0,23.0,0.0,0.0
临沂,gfs_seamless,2025-03-18,6,2025-03-24,26.0,12.7,14.8,,,33.0,14.8,52.6,13.9,22.64,0.0,0.0
临沂,gfs_seamless,2025-03-17,7,2025-03-24,28.1,12.3,15.2,,27.3,31.9,17.1,59.4,29.8,22.99,0.0,0.0
临沂,jma_seamless,2025-03-23,1,2025-03-24,26.1,14.1,14.1,,,26.6,14.0,,0.0,,0.0,0.0
临沂,jma_seamless,2025-03-22,2,2025-03-24,25.2,14.1,13.9,,,32.5,14.9,,0.0,,0.0,0.0
临沂,jma_seamless,2025-03-21,3,2025-03-24,25.4,11.8,13.2,,,25.6,14.9,,0.0,,0.0,0.0
临沂,jma_seamless,2025-03-20,4,2025-03-24,25.1,11.3,12.4,,,18.8,14.2,,0.0,,0.0,0.0
临沂,jma_seamless,2025-03-19,5,2025-03-24,26.5,12.2,14.0,,,20.4,11.8,,0.0,,0.0,0.0
临沂,jma_seamless,2025-03-18,6,2025-03-24,27.0,12.1,13.8,,26.3,19.5,12.0,,2.2,,0.0,0.0
临沂,jma_seamless,2025-03-17,7,2025-03-24,25.1,13.5,14.0,,,26.2,12.3,,27.8,,0.0,0.0
临沂,ecmwf_ifs025,2025-03-24,1,2025-03-25,28.2,11.3,16.2,,27.6,36.2,14.0,,6.4,19.45,0.0,
临沂,ecmwf_ifs025,2025-03-23,2,2025-03-25,29.6,8.8,15.8,6.5,29.2,39.8,14.3,,3.5,20.28,0.0,
临沂,ecmwf_ifs025,2025-03-22,3,2025-03-25,29.5,9.2,16.4,7.4,29.0,38.5,11.8,,5.0,20.44,0.0,
临沂,ecmwf_ifs025,2025-03-21,4,2025-03-25,28.8,10.6,16.0,,28.3,38.2,13.9,,9.5,20.26,0.0,
临沂,ecmwf_ifs025,2025-03-20,5,2025-03-25,29.8,13.6,17.0,,29.3,38.3,16.0,,0.6,20.48,0.0,
临沂,ecmwf_ifs025,2025-03-19,6,2025-03-25,27.6,7.2,15.1,4.4,28.4,54.8,15.2,,4.5,26.16,0.0,
临沂,ecmwf_ifs025,2025-03-18,7,2025-03-25,22.2,15.0,16.1,,,53.0,15.7,,13.8,28.59,0.0,
临沂,gfs_seamless,2025-03-24,1,2025-03-25,27.6,11.0,15.0,,27.0,33.5,14.9,73.1,22.3,20.94,0.0,0.0
临沂,gfs_seamless,2025-03-23,2,2025-03-25,27.5,9.6,14.2,7.4,26.9,33.4,14.8,67.7,13.1,22.3,0.0,0.0
临沂,gfs_seamless,2025-03-22,3,2025-03-25,27.4,9.2,14.3,7.0,27.1,38.3,14.4,61.2,13.6,21.83,0.0,0.0
临沂,gfs_seamless,2025-03-21,4,2025-03-25,27.2,8.4,14.1,6.1,26.9,38.1,14.0,58.7,17.5,20.43,0.0,0.0
临沂,gfs_seamless,2025-03-20,5,2025-03-25,28.5,11.0,16.7,,28.0,38.2,12.3,42.5,21.0,21.76,0.0,0.0
临沂,gfs_seamless,2025-03-19,6,2025-03-25,29.2,13.8,18.0,,29.1,42.8,17.3,61.2,24.9,22.26,0.0,0.0
临沂,gfs_seamless,2025-03-18,7,2025-03-25,27.9,15.1,17.8,,27.6,39.7,17.4,67.3,42.0,20.81,0.0,0.0
临沂,jma_seamless,2025-03-24,1,2025-03-25,28.3,13.3,16.0,,27.2,27.4,14.1,,5.7,,0.0,0.0
临沂,jma_seamless,2025-03-23,2,2025-03-25,28.8,12.6,15.5,,27.7,30.0,13.1,,5.0,,0.0,0.0
临沂,jma_seamless,2025-03-22,3,2025-03-25,27.4,10.1,16.0,,27.1,37.9,11.5,,0.0,,0.0,0.0
临沂,jma_seamless,2025-03-21,4,2025-03-25,26.1,11.2,14.5,,,27.5,12.1,,0.0,,0.0,0.0
临沂,jma_seamless,2025-03-20,5,2025-03-25,26.6,11.9,14.1,,,28.4,10.8,,13.7,,0.0,0.0
临沂,jma_seamless,2025-03-19,6,2025-03-25,28.0,14.3,16.4,,27.1,29.5,10.4,,12.7,,0.0,0.0
临沂,jma_seamless,2025-03-18,7,2025-03-25,23.7,15.1,15.9,,,31.2,11.7,,19.7,,0.0,0.0
临沂,ecmwf_ifs025,2025-03-25,1,2025-03-26,32.1,11.3,18.8,,32.8,42.2,14.8,,,,,
临沂,ecmwf_ifs025,2025-03-24,2,2025-03-26,31.3,11.0,18.8,,32.0,44.3,14.9,,,,,
临沂,ecmwf_ifs025,2025-03-23,3,2025-03-26,31.5,11.4,19.2,,32.8,47.0,12.3,,,,,
临沂,ecmwf_ifs025,2025-03-22,4,2025-03-26,31.5,11.8,19.4,,33.3,49.2,10.5,,,,,
临沂,ecmwf_ifs025,2025-03-21,5,2025-03-26,30.8,12.0,19.5,,32.4,50.5,11.1,,,,,
临沂,ecmwf_ifs025,2025-03-20,6,2025-03-26,25.8,11.3,16.7,,,46.7,12.0,,,,,
临沂,ecmwf_ifs025,2025-03-19,7,2025-03-26,20.0,12.9,13.8,,,35.2,19.5,,,,,
临沂,gfs_seamless,2025-03-25,1,2025-03-26,32.6,11.0,18.2,,32.5,36.2,17.1,53.3,22.0,,,
临沂,gfs_seamless,2025-03-24,2,2025-03-26,32.5,10.4,17.4,,32.9,39.2,17.9,56.9,14.9,,,
临沂,gfs_seamless,2025-03-23,3,2025-03-26,29.5,10.8,17.2,,30.1,48.4,14.8,54.0,35.3,,,
临沂,gfs_seamless,2025-03-22,4,2025-03-26,31.2,11.4,19.5,,32.8,49.1,15.9,49.0,20.5,,,
临沂,gfs_seamless,2025-03-21,5,2025-03-26,30.7,13.9,21.0,,33.2,55.6,13.5,46.1,16.0,,,
临沂,gfs_seamless,2025-03-20,6,2025-03-26,31.0,13.9,21.1,,31.8,45.6,14.8,56.5,14.8,,,
临沂,gfs_seamless,2025-03-19,7,2025-03-26,24.1,11.5,14.8,,,49.2,15.6,54.0,54.7,,,
临沂,jma_seamless,2025-03-25,1,2025-03-26,30.6,12.6,18.7,,30.8,42.5,12.9,,,,,
临沂,jma_seamless,2025-03-24,2,2025-03-26,27.1,13.1,18.3,,27.6,50.9,11.3,,,,,
临沂,jma_seamless,2025-03-23,3,2025-03-26,25.2,15.6,19.8,,,65.9,8.3,,,,,
临沂,jma_seamless,2025-03-22,4,2025-03-26,27.4,15.0,20.2,,28.7,61.6,9.5,,,,,
临沂,jma_seamless,2025-03-21,5,2025-03-26,25.6,10.1,15.5,,,48.4,10.5,,,,,
临沂,jma_seamless,2025-03-20,6,2025-03-26,26.0,10.4,15.2,,,38.5,13.3,,,,,
临沂,jma_seamless,2025-03-19,7,2025-03-26,27.7,16.8,22.1,,29.0,60.0,10.2,,,,,
临沂,ecmwf_ifs025,2025-03-26,1,2025-03-27,19.1,8.1,8.7,5.2,,23.3,18.0,,,,,
临沂,ecmwf_ifs025,2025-03-25,2,2025-03-27,19.4,10.8,9.3,,,22.7,20.0,,,,,
临沂,ecmwf_ifs025,2025-03-24,3,2025-03-27,19.3,12.7,9.9,,,16.8,18.8,,,,,
临沂,ecmwf_ifs025,2025-03-23,4,2025-03-27,18.7,11.8,8.8,,,16.8,21.3,,,,,
临沂,ecmwf_ifs025,2025-03-22,5,2025-03-27,20.6,10.9,9.1,,,19.5,19.2,,,,,
临沂,ecmwf_ifs025,2025-03-21,6,2025-03-27,22.9,9.4,11.8,6.7,,32.4,19.1,,,,,
临沂,ecmwf_ifs025,2025-03-20,7,2025-03-27,12.7,10.1,6.0,,,27.8,21.4,,,,,
临沂,gfs_seamless,2025-03-26,1,2025-03-27,17.4,6.6,7.5,2.9,,29.2,22.1,68.4,85.6,,,
临沂,gfs_seamless,2025-03-25,2,2025-03-27,18.0,7.6,7.0,4.2,,27.0,21.9,64.4,88.2,,,
临沂,gfs_seamless,2025-03-24,3,2025-03-27,17.6,8.6,8.1,5.5,,27.4,21.4,63.4,87.7,,,
临沂,gfs_seamless,2025-03-23,4,2025-03-27,18.4,8.7,8.1,5.5,,27.7,22.2,61.2,91.6,,,
临沂,gfs_seamless,2025-03-22,5,2025-03-27,18.5,7.8,9.2,4.4,,37.0,21.9,63.7,65.8,,,
临沂,gfs_seamless,2025-03-21,6,2025-03-27,19.0,6.6,7.5,2.3,,28.5,28.4,75.6,70.1,,,
临沂,gfs_seamless,2025-03-20,7,2025-03-27,18.1,6.3,6.7,2.2,,29.0,25.3,69.5,83.8,,,
临沂,jma_seamless,2025-03-26,1,2025-03-27,19.5,9.2,9.8,6.8,,25.2,15.9,,,,,
临沂,jma_seamless,2025-03-25,2,2025-03-27,20.0,12.2,11.2,,,14.4,14.0,,,,,
临沂,jma_seamless,2025-03-24,3,2025-03-27,19.3,11.6,10.6,,,20.3,15.4,,,,,
临沂,jma_seamless,2025-03-23,4,2025-03-27,18.1,11.5,9.7,,,18.0,15.1,,,,,
临沂,jma_seamless,2025-03-22,5,2025-03-27,20.2,9.6,11.9,7.4,,40.2,14.9,,,,,
临沂,jma_seamless,2025-03-21,6,2025-03-27,22.0,10.1,15.5,,,47.1,15.2,,,,,
临沂,jma_seamless,2025-03-20,7,2025-03-27,26.3,12.1,19.8,,,65.2,12.9,,,,,
临沂,ecmwf_ifs025,2025-03-27,1,2025-03-28,12.7,4.6,4.8,2.3,,41.8,9.3,,,,,
临沂,ecmwf_ifs025,2025-03-26,2,2025-03-28,15.1,4.7,5.7,2.4,,34.8,9.5,,,,,
临沂,ecmwf_ifs025,2025-03-25,3,2025-03-28,14.4,5.6,5.1,2.5,,26.3,15.2,,,,,
临沂,ecmwf_ifs025,2025-03-24,4,2025-03-28,14.4,8.1,5.9,5.9,,16.2,12.7,,,,,
临沂,ecmwf_ifs025,2025-03-23,5,2025-03-28,15.1,6.2,5.2,3.9,,21.2,11.1,,,,,
临沂,ecmwf_ifs025,2025-03-22,6,2025-03-28,13.9,6.0,5.3,3.7,,21.8,11.0,,,,,
临沂,ecmwf_ifs025,2025-03-21,7,2025-03-28,11.0,6.6,2.3,2.8,,13.4,22.2,,,,,
临沂,gfs_seamless,2025-03-27,1,2025-03-28,13.8,5.9,4.9,3.0,,40.1,14.3,36.0,80.7,,,
临沂,gfs_seamless,2025-03-26,2,2025-03-28,12.6,5.1,4.1,2.3,,49.8,12.2,26.3,78.9,,,
临沂,gfs_seamless,2025-03-25,3,2025-03-28,13.9,3.1,5.0,0.3,,58.0,10.5,26.3,77.4,,,
临沂,gfs_seamless,2025-03-24,4,2025-03-28,12.8,4.2,3.6,0.9,,46.5,14.0,47.5,89.1,,,
临沂,gfs_seamless,2025-03-23,5,2025-03-28,10.1,5.2,2.0,1.5,,32.0,18.9,51.1,65.6,,,
临沂,gfs_seamless,2025-03-22,6,2025-03-28,11.0,3.4,0.8,-1.0,,16.8,20.2,48.2,85.0,,,
临沂,gfs_seamless,2025-03-21,7,2025-03-28,11.3,5.1,2.2,1.3,,18.0,18.9,55.4,80.5,,,
临沂,jma_seamless,2025-03-27,1,2025-03-28,15.1,7.2,5.9,4.9,,35.7,12.1,,,,,
临沂,jma_seamless,2025-03-26,2,2025-03-28,15.0,7.3,7.4,5.9,,37.0,7.7,,,,,
临沂,jma_seamless,2025-03-25,3,2025-03-28,14.3,5.8,6.2,3.0,,14.3,13.3,,,,,
临沂,jma_seamless,2025-03-24,4,2025-03-28,13.3,7.1,4.9,4.3,,10.5,15.2,,,,,
临沂,jma_seamless,2025-03-23,5,2025-03-28,11.3,6.1,3.1,2.8,,8.7,17.1,,,,,
临沂,jma_seamless,2025-03-22,6,2025-03-28,11.3,5.2,2.0,1.7,,8.6,17.3,,,,,
临沂,jma_seamless,2025-03-21,7,2025-03-28,11.9,5.6,2.7,2.3,,7.8,16.2,,,,,
临沂,ecmwf_ifs025,2025-03-28,1,2025-03-29,11.8,2.7,2.9,0.1,,39.1,9.4,,,,,
临沂,ecmwf_ifs025,2025-03-27,2,2025-03-29,12.8,1.6,3.3,-0.9,,38.0,8.0,,,,,
临沂,ecmwf_ifs025,2025-03-26,3,2025-03-29,12.9,1.5,3.5,-0.7,,39.0,7.2,,,,,
临沂,ecmwf_ifs025,2025-03-25,4,2025-03-29,12.2,2.9,2.8,0.3,,22.2,9.5,,,,,
临沂,ecmwf_ifs025,2025-03-24,5,2025-03-29,13.1,4.3,4.7,2.5,,30.8,7.3,,,,,
临沂,ecmwf_ifs025,2025-03-23,6,2025-03-29,11.2,5.5,3.4,3.0,,25.0,11.4,,,,,
临沂,ecmwf_ifs025,2025-03-22,7,2025-03-29,12.1,3.5,2.3,0.3,,19.5,12.5,,,,,
临沂,gfs_seamless,2025-03-28,1,2025-03-29,12.0,3.0,2.6,-0.2,,21.6,12.4,32.4,67.6,,,
临沂,gfs_seamless,2025-03-27,2,2025-03-29,13.1,2.9,3.9,0.1,,34.6,10.2,30.2,34.2,,,
临沂,gfs_seamless,2025-03-26,3,2025-03-29,12.9,2.0,3.2,-0.6,,39.0,8.6,23.8,49.4,,,
临沂,gfs_seamless,2025-03-25,4,2025-03-29,12.1,2.0,2.8,-0.7,,34.6,9.0,29.9,20.4,,,
临沂,gfs_seamless,2025-03-24,5,2025-03-29,13.9,3.6,3.1,0.8,,15.2,10.7,26.3,19.8,,,
临沂,gfs_seamless,2025-03-23,6,2025-03-29,15.4,2.3,4.3,-0.3,,17.5,9.0,36.7,23.2,,,
临沂,gfs_seamless,2025-03-22,7,2025-03-29,13.2,4.3,3.1,1.4,,20.8,12.3,43.9,48.0,,,
临沂,jma_seamless,2025-03-28,1,2025-03-29,12.1,5.4,4.2,3.8,,29.8,7.1,,,,,
临沂,jma_seamless,2025-03-27,2,2025-03-29,12.7,5.2,4.2,4.0,,28.2,5.9,,,,,
临沂,jma_seamless,2025-03-26,3,2025-03-29,13.7,3.5,3.9,2.3,,11.6,5.3,,,,,
临沂,jma_seamless,2025-03-25,4,2025-03-29,14.5,4.5,4.0,2.8,,10.0,7.2,,,,,
临沂,jma_seamless,2025-03-24,5,2025-03-29,13.4,4.6,3.4,2.9,,10.0,7.0,,,,,
临沂,jma_seamless,2025-03-23,6,2025-03-29,14.8,3.9,2.7,1.3,,10.0,10.1,,,,,
临沂,jma_seamless,2025-03-22,7,2025-03-29,15.8,3.7,3.9,0.7,,10.4,11.7,,,,,
临沂,ecmwf_ifs025,2025-03-29,1,2025-03-30,15.2,1.2,4.7,-1.7,,45.6,9.3,,,,,
临沂,ecmwf_ifs025,2025-03-28,2,2025-03-30,15.1,1.1,4.6,-1.4,,40.3,7.9,,,,,
临沂,ecmwf_ifs025,2025-03-27,3,2025-03-30,15.6,2.4,5.5,0.5,,37.4,6.6,,,,,
临沂,ecmwf_ifs025,2025-03-26,4,2025-03-30,16.1,2.4,5.8,0.4,,31.5,6.9,,,,,
临沂,ecmwf_ifs025,2025-03-25,5,2025-03-30,15.8,2.1,5.6,0.0,,29.6,7.1,,,,,
临沂,ecmwf_ifs025,2025-03-24,6,2025-03-30,16.6,3.4,6.4,1.3,,37.8,7.7,,,,,
临沂,ecmwf_ifs025,2025-03-23,7,2025-03-30,14.5,0.8,3.8,-2.1,,26.5,9.0,,,,,
临沂,gfs_seamless,2025-03-29,1,2025-03-30,15.2,3.0,4.7,0.3,,22.3,9.9,40.0,66.3,,,
临沂,gfs_seamless,2025-03-28,2,2025-03-30,15.5,3.1,4.7,0.2,,23.4,10.8,38.5,78.1,,,
临沂,gfs_seamless,2025-03-27,3,2025-03-30,15.7,4.2,5.6,1.6,,29.9,10.3,36.4,78.9,,,
临沂,gfs_seamless,2025-03-26,4,2025-03-30,15.9,3.0,5.4,0.1,,38.0,10.6,27.7,79.6,,,
临沂,gfs_seamless,2025-03-25,5,2025-03-30,14.3,2.7,4.3,-0.5,,37.9,12.0,34.2,93.7,,,
临沂,gfs_seamless,2025-03-24,6,2025-03-30,15.9,4.3,5.6,1.3,,36.5,12.4,38.5,76.0,,,
临沂,gfs_seamless,2025-03-23,7,2025-03-30,17.6,4.4,5.8,0.9,,32.8,15.5,45.0,72.7,,,
临沂,jma_seamless,2025-03-29,1,2025-03-30,16.1,5.1,5.4,3.4,,19.3,7.5,,,,,
临沂,jma_seamless,2025-03-28,2,2025-03-30,15.3,3.9,5.2,,,17.2,4.0,,,,,
临沂,jma_seamless,2025-03-27,3,2025-03-30,15.9,4.2,5.2,,,17.0,4.5,,,,,
临沂,jma_seamless,2025-03-26,4,2025-03-30,15.9,5.7,6.0,,,14.2,4.2,,,,,
临沂,jma_seamless,2025-03-25,5,2025-03-30,17.3,5.8,5.7,4.1,,19.4,7.8,,,,,
临沂,jma_seamless,2025-03-24,6,2025-03-30,17.4,4.6,5.8,2.0,,24.2,10.9,,,,,
临沂,jma_seamless,2025-03-23,7,2025-03-30,17.8,7.2,6.7,5.3,,18.1,9.8,,,,,
临沂,ecmwf_ifs025,2025-03-30,1,2025-03-31,16.4,3.7,5.8,0.5,,47.2,13.1,,,,,
临沂,ecmwf_ifs025,2025-03-29,2,2025-03-31,16.8,5.3,6.5,2.4,,46.1,13.4,,,,,
临沂,ecmwf_ifs025,2025-03-28,3,2025-03-31,16.8,4.6,6.2,1.7,,44.2,12.4,,,,,
临沂,ecmwf_ifs025,2025-03-27,4,2025-03-31,17.2,5.2,6.9,2.4,,43.5,12.6,,,,,
临沂,ecmwf_ifs025,2025-03-26,5,2025-03-31,17.8,5.7,7.4,3.0,,39.0,12.5,,,,,
临沂,ecmwf_ifs025,2025-03-25,6,2025-03-31,18.2,7.6,8.2,5.6,,37.9,10.9,,,,,
临沂,ecmwf_ifs025,2025-03-24,7,2025-03-31,17.4,5.5,7.4,2.8,,41.1,12.4,,,,,
临沂,gfs_seamless,2025-03-30,1,2025-03-31,15.9,3.8,5.2,0.4,,41.1,14.1,40.7,62.4,,,
临沂,gfs_seamless,2025-03-29,2,2025-03-31,16.3,4.2,5.8,0.9,,40.6,14.4,37.8,31.3,,,
临沂,gfs_seamless,2025-03-28,3,2025-03-31,16.3,4.6,5.7,1.3,,37.8,14.7,36.7,49.5,,,
临沂,gfs_seamless,2025-03-27,4,2025-03-31,17.2,5.9,7.1,2.8,,39.7,15.1,42.8,43.4,,,
临沂,gfs_seamless,2025-03-26,5,2025-03-31,16.9,5.8,6.8,3.0,,44.5,13.5,36.0,72.5,,,
临沂,gfs_seamless,2025-03-25,6,2025-03-31,17.0,5.9,6.9,2.9,,46.0,14.6,42.1,76.1,,,
临沂,gfs_seamless,2025-03-24,7,2025-03-31,17.3,5.2,7.4,2.2,,50.4,13.5,41.4,43.4,,,
临沂,jma_seamless,2025-03-30,1,2025-03-31,17.7,8.0,7.4,5.8,,29.4,12.7,,,,,
临沂,jma_seamless,2025-03-29,2,2025-03-31,18.2,8.0,7.6,5.9,,25.3,12.2,,,,,
临沂,jma_seamless,2025-03-28,3,2025-03-31,18.3,7.5,7.5,5.5,,24.9,10.6,,,,,
临沂,jma_seamless,2025-03-27,4,2025-03-31,18.6,7.3,8.0,5.5,,27.4,9.6,,,,,
临沂,jma_seamless,2025-03-26,5,2025-03-31,18.8,7.4,8.6,5.5,,35.6,10.3,,,,,
临沂,jma_seamless,2025-03-25,6,2025-03-31,18.3,9.5,9.1,8.1,,31.0,9.4,,,,,
临沂,jma_seamless,2025-03-24,7,2025-03-31,18.0,8.2,8.5,6.3,,35.7,10.8,,,,,
临沂,ecmwf_ifs025,2025-03-31,1,2025-04-01,20.0,5.3,8.5,2.1,,46.3,15.3,,,,,
临沂,ecmwf_ifs025,2025-03-30,2,2025-04-01,20.1,5.3,8.6,2.2,,48.3,14.6,,,,,
临沂,ecmwf_ifs025,2025-03-29,3,2025-04-01,19.7,5.4,8.6,2.2,,50.2,15.3,,,,,
临沂,ecmwf_ifs025,2025-03-28,4,2025-04-01,20.4,5.7,9.1,2.7,,49.5,14.5,,,,,
临沂,ecmwf_ifs025,2025-03-27,5,2025-04-01,20.9,6.4,9.7,3.6,,45.8,14.0,,,,,
临沂,ecmwf_ifs025,2025-03-26,6,2025-04-01,21.4,7.8,10.5,5.5,,42.2,13.1,,,,,
临沂,ecmwf_ifs025,2025-03-25,7,2025-04-01,20.9,8.3,10.7,6.1,,47.3,12.9,,,,,
临沂,gfs_seamless,2025-03-31,1,2025-04-01,20.8,5.2,8.7,1.7,,42.5,17.3,56.2,11.9,,,
临沂,gfs_seamless,2025-03-30,2,2025-04-01,20.0,4.4,8.2,0.8,,45.0,16.2,49.7,16.3,,,
临沂,gfs_seamless,2025-03-29,3,2025-04-01,20.5,4.9,8.4,1.4,,44.8,16.3,43.6,12.0,,,
临沂,gfs_seamless,2025-03-28,4,2025-04-01,21.9,5.3,9.2,2.3,,37.1,13.9,41.8,0.0,,,
临沂,gfs_seamless,2025-03-27,5,2025-04-01,22.5,5.8,9.8,3.0,,44.0,13.5,38.5,5.7,,,
临沂,gfs_seamless,2025-03-26,6,2025-04-01,19.7,5.9,9.4,3.4,,42.5,11.7,28.1,21.7,,,
临沂,gfs_seamless,2025-03-25,7,2025-04-01,21.2,6.8,9.3,4.1,,48.1,13.8,39.2,35.8,,,
临沂,jma_seamless,2025-03-31,1,2025-04-01,19.9,9.0,9.3,6.8,,32.5,13.9,,,,,
临沂,jma_seamless,2025-03-30,2,2025-04-01,19.9,9.1,9.5,7.0,,33.5,13.6,,,,,
临沂,jma_seamless,2025-03-29,3,2025-04-01,20.0,9.1,9.7,7.1,,32.4,12.6,,,,,
临沂,jma_seamless,2025-03-28,4,2025-04-01,20.4,9.7,10.3,8.0,,37.1,11.9,,,,,
临沂,jma_seamless,2025-03-27,5,2025-04-01,21.5,10.4,11.3,,,31.8,10.0,,,,,
临沂,jma_seamless,2025-03-26,6,2025-04-01,19.7,9.7,10.5,8.2,,42.0,10.7,,,,,
临沂,jma_seamless,2025-03-25,7,2025-04-01,18.2,8.8,10.7,7.5,,60.2,8.4,,,,,
临沂,ecmwf_ifs025,2025-04-01,1,2025-04-02,19.3,9.2,9.6,7.5,,34.0,11.1,,,,,
临沂,ecmwf_ifs025,2025-03-31,2,2025-04-02,19.6,8.8,9.4,7.1,,30.2,10.4,,,,,
临沂,ecmwf_ifs025,2025-03-30,3,2025-04-02,20.0,9.2,9.8,7.5,,31.0,10.8,,,,,
临沂,ecmwf_ifs025,2025-03-29,4,2025-04-02,19.9,9.7,9.8,7.9,,29.9,12.6,,,,,
临沂,ecmwf_ifs025,2025-03-28,5,2025-04-02,19.1,9.6,9.4,7.7,,29.4,13.2,,,,,
临沂,ecmwf_ifs025,2025-03-27,6,2025-04-02,19.7,9.7,10.2,8.5,,23.6,8.8,,,,,
临沂,ecmwf_ifs025,2025-03-26,7,2025-04-02,19.2,10.0,9.8,8.6,,29.2,10.0,,,,,
临沂,gfs_seamless,2025-04-01,1,2025-04-02,18.8,9.0,9.5,6.8,,31.3,13.8,63.0,17.7,,,
临沂,gfs_seamless,2025-03-31,2,2025-04-02,19.4,9.2,9.7,7.3,,29.1,12.6,41.0,9.2,,,
临沂,gfs_seamless,2025-03-30,3,2025-04-02,20.1,8.5,10.2,6.7,,33.5,10.6,34.2,14.8,,,
临沂,gfs_seamless,2025-03-29,4,2025-04-02,20.5,8.4,9.7,6.2,,27.8,13.0,55.4,18.1,,,
临沂,gfs_seamless,2025-03-28,5,2025-04-02,22.2,8.8,10.7,7.4,,24.0,9.1,33.1,45.8,,,
临沂,gfs_seamless,2025-03-27,6,2025-04-02,22.9,8.9,10.8,6.9,,29.3,12.3,42.1,34.5,,,
临沂,gfs_seamless,2025-03-26,7,2025-04-02,21.8,8.0,11.1,6.2,,39.6,10.3,33.1,59.2,,,
临沂,jma_seamless,2025-04-01,1,2025-04-02,18.4,9.5,10.2,8.6,,34.5,7.1,,,,,
临沂,jma_seamless,2025-03-31,2,2025-04-02,18.7,10.7,10.0,,,28.8,7.5,,,,,
临沂,jma_seamless,2025-03-30,3,2025-04-02,18.8,10.4,9.7,,,27.2,7.5,,,,,
临沂,jma_seamless,2025-03-29,4,2025-04-02,18.9,10.3,9.9,,,30.5,7.0,,,,,
临沂,jma_seamless,2025-03-28,5,2025-04-02,19.8,10.3,9.9,,,18.7,5.1,,,,,
临沂,jma_seamless,2025-03-27,6,2025-04-02,22.4,10.0,11.8,9.5,,45.0,6.0,,,,,
临沂,jma_seamless,2025-03-26,7,2025-04-02,22.6,10.0,11.7,9.8,,43.0,5.0,,,,,
临沂,ecmwf_ifs025,2025-04-02,1,2025-04-03,19.3,6.3,9.2,4.4,,43.0,8.9,,,,,
临沂,ecmwf_ifs025,2025-04-01,2,2025-04-03,19.4,5.6,8.9,3.7,,41.8,8.5,,,,,
临沂,ecmwf_ifs025,2025-03-31,3,2025-04-03,19.3,6.4,9.2,4.7,,42.4,8.5,,,,,
临沂,ecmwf_ifs025,2025-03-30,4,2025-04-03,18.9,5.9,9.3,4.5,,43.6,6.9,,,,,
临沂,ecmwf_ifs025,2025-03-29,5,2025-04-03,18.9,6.0,9.1,4.4,,38.5,7.8,,,,,
临沂,ecmwf_ifs025,2025-03-28,6,2025-04-03,17.8,6.9,9.5,6.2,,46.2,5.0,,,,,
临沂,ecmwf_ifs025,2025-03-27,7,2025-04-03,20.2,6.7,9.4,5.0,,33.6,8.4,,,,,
临沂,gfs_seamless,2025-04-02,1,2025-04-03,19.4,8.1,9.5,6.5,,34.7,9.3,28.4,51.2,,,
临沂,gfs_seamless,2025-04-01,2,2025-04-03,19.6,8.5,9.4,6.9,,33.5,9.9,32.4,62.5,,,
临沂,gfs_seamless,2025-03-31,3,2025-04-03,19.8,7.9,9.5,6.1,,34.2,9.9,32.4,77.9,,,
临沂,gfs_seamless,2025-03-30,4,2025-04-03,20.3,8.2,9.9,6.3,,41.2,10.8,34.2,51.0,,,
临沂,gfs_seamless,2025-03-29,5,2025-04-03,20.6,8.7,9.9,7.2,,31.6,9.2,32.8,70.9,,,
临沂,gfs_seamless,2025-03-28,6,2025-04-03,22.3,10.4,11.4,,,37.6,11.0,30.2,68.5,,,
临沂,gfs_seamless,2025-03-27,7,2025-04-03,20.8,10.4,11.1,,,41.5,10.6,20.5,74.3,,,
临沂,jma_seamless,2025-04-02,1,2025-04-03,19.1,8.2,9.5,6.7,,39.3,8.8,,,,,
临沂,jma_seamless,2025-04-01,2,2025-04-03,19.3,8.9,9.9,7.7,,36.1,8.1,,,,,
临沂,jma_seamless,2025-03-31,3,2025-04-03,19.8,8.6,9.8,7.3,,32.9,8.3,,,,,
临沂,jma_seamless,2025-03-30,4,2025-04-03,19.5,8.8,9.9,7.6,,35.0,8.0,,,,,
临沂,jma_seamless,2025-03-29,5,2025-04-03,20.1,9.1,9.9,8.0,,33.1,7.8,,,,,
临沂,jma_seamless,2025-03-28,6,2025-04-03,21.0,9.6,10.4,8.5,,32.1,8.2,,,,,
临沂,jma_seamless,2025-03-27,7,2025-04-03,23.0,9.1,11.7,7.5,,28.6,10.3,,,,,
临沂,ecmwf_ifs025,2025-04-03,1,2025-04-04,23.2,8.6,12.3,6.6,,51.2,12.0,,,,,
临沂,ecmwf_ifs025,2025-04-02,2,2025-04-04,23.5,7.8,12.3,5.5,,42.8,13.2,,,,,
临沂,ecmwf_ifs025,2025-04-01,3,2025-04-04,23.2,7.5,12.5,5.0,,44.2,13.5,,,,,
临沂,ecmwf_ifs025,2025-03-31,4,2025-04-04,23.3,8.4,12.2,6.3,,42.1,12.3,,,,,
临沂,ecmwf_ifs025,2025-03-30,5,2025-04-04,20.9,7.7,11.1,5.6,,51.1,11.5,,,,,
临沂,ecmwf_ifs025,2025-03-29,6,2025-04-04,21.9,6.5,11.5,4.5,,48.1,9.9,,,,,
临沂,ecmwf_ifs025,2025-03-28,7,2025-04-04,21.4,9.1,11.8,7.3,,46.7,11.4,,,,,
临沂,gfs_seamless,2025-04-03,1,2025-04-04,21.4,6.8,10.4,4.2,,54.5,13.7,43.6,84.0,,,
临沂,gfs_seamless,2025-04-02,2,2025-04-04,21.6,6.9,10.9,4.4,,52.2,13.1,42.5,75.5,,,
临沂,gfs_seamless,2025-04-01,3,2025-04-04,21.0,6.8,11.0,4.1,,51.8,13.8,36.7,71.4,,,
临沂,gfs_seamless,2025-03-31,4,2025-04-04,23.0,7.8,10.5,5.3,,40.7,14.5,41.0,77.0,,,
临沂,gfs_seamless,2025-03-30,5,2025-04-04,22.2,7.9,11.0,5.4,,57.3,14.6,45.7,61.4,,,
临沂,gfs_seamless,2025-03-29,6,2025-04-04,20.8,7.5,11.0,5.3,,46.7,12.2,29.5,89.0,,,
临沂,gfs_seamless,2025-03-28,7,2025-04-04,23.2,9.0,11.6,7.0,,42.1,12.5,35.3,91.8,,,
临沂,jma_seamless,2025-04-03,1,2025-04-04,23.8,10.5,13.0,,,48.6,11.6,,,,,
临沂,jma_seamless,2025-04-02,2,2025-04-04,23.7,11.0,13.4,,,43.8,12.5,,,,,
临沂,jma_seamless,2025-04-01,3,2025-04-04,23.5,11.8,13.5,,,33.9,11.5,,,,,
临沂,jma_seamless,2025-03-31,4,2025-04-04,23.2,12.4,13.3,,,31.0,13.5,,,,,
临沂,jma_seamless,2025-03-30,5,2025-04-04,23.3,10.5,13.2,,,37.9,11.2,,,,,
临沂,jma_seamless,2025-03-29,6,2025-04-04,18.6,11.0,11.9,,,43.4,11.2,,,,,
临沂,jma_seamless,2025-03-28,7,2025-04-04,22.9,12.1,12.5,,,40.6,11.3,,,,,
临沂,ecmwf_ifs025,2025-04-04,1,2025-04-05,18.5,9.2,10.2,7.3,,48.5,12.0,,,,,
临沂,ecmwf_ifs025,2025-04-03,2,2025-04-05,18.4,9.1,9.9,7.0,,34.7,13.4,,,,,
临沂,ecmwf_ifs025,2025-04-02,3,2025-04-05,20.1,10.5,10.4,,,22.2,12.2,,,,,
临沂,ecmwf_ifs025,2025-04-01,4,2025-04-05,21.6,9.5,10.5,7.8,,16.4,11.6,,,,,
临沂,ecmwf_ifs025,2025-03-31,5,2025-04-05,20.9,11.1,11.8,,,29.7,10.8,,,,,
临沂,ecmwf_ifs025,2025-03-30,6,2025-04-05,22.3,11.4,12.1,,,28.1,9.9,,,,,
临沂,ecmwf_ifs025,2025-03-29,7,2025-04-05,23.9,11.1,14.5,,,46.7,10.6,,,,,
临沂,gfs_seamless,2025-04-04,1,2025-04-05,19.4,9.7,10.4,7.9,,36.7,12.5,39.2,5.4,,,
临沂,gfs_seamless,2025-04-03,2,2025-04-05,20.3,8.6,10.2,6.5,,22.0,12.9,35.6,0.5,,,
临沂,gfs_seamless,2025-04-02,3,2025-04-05,20.8,9.7,11.3,8.1,,25.8,11.2,32.4,9.6,,,
临沂,gfs_seamless,2025-04-01,4,2025-04-05,22.3,10.0,11.4,8.1,,15.7,13.2,34.2,0.2,,,
临沂,gfs_seamless,2025-03-31,5,2025-04-05,24.5,10.2,13.0,,,31.8,12.5,35.3,1.8,,,
临沂,gfs_seamless,2025-03-30,6,2025-04-05,20.8,11.7,12.0,,,37.7,13.8,43.9,19.2,,,
临沂,gfs_seamless,2025-03-29,7,2025-04-05,23.5,10.2,13.1,,,45.3,11.5,32.0,33.8,,,
临沂,jma_seamless,2025-04-04,1,2025-04-05,19.9,11.4,11.3,,,33.6,7.8,,,,,
临沂,jma_seamless,2025-04-03,2,2025-04-05,19.7,11.1,11.2,,,23.1,9.6,,,,,
临沂,jma_seamless,2025-04-02,3,2025-04-05,19.7,11.9,10.6,,,12.6,10.1,,,,,
临沂,jma_seamless,2025-04-01,4,2025-04-05,19.4,10.9,10.1,,,9.8,10.9,,,,,
临沂,jma_seamless,2025-03-31,5,2025-04-05,19.3,11.5,10.4,,,18.3,11.1,,,,,
临沂,jma_seamless,2025-03-30,6,2025-04-05,20.0,10.7,11.3,,,19.5,12.9,,,,,
临沂,jma_seamless,2025-03-29,7,2025-04-05,23.9,12.0,12.4,,,29.8,8.5,,,,,
临沂,ecmwf_ifs025,2025-04-05,1,2025-04-06,23.0,6.0,12.0,4.1,,47.7,9.0,,,,,
临沂,ecmwf_ifs025,2025-04-04,2,2025-04-06,23.3,5.6,11.6,3.5,,43.9,9.4,,,,,
临沂,ecmwf_ifs025,2025-04-03,3,2025-04-06,22.3,5.4,10.9,3.2,,37.8,9.6,,,,,
临沂,ecmwf_ifs025,2025-04-02,4,2025-04-06,24.8,7.7,12.4,5.6,,32.1,11.3,,,,,
临沂,ecmwf_ifs025,2025-04-01,5,2025-04-06,25.8,6.7,13.0,4.7,,35.5,10.1,,,,,
临沂,ecmwf_ifs025,2025-03-31,6,2025-04-06,26.1,10.7,14.9,,,39.9,9.4,,,,,
临沂,ecmwf_ifs025,2025-03-30,7,2025-04-06,26.3,12.5,15.6,,,41.2,12.3,,,,,
临沂,gfs_seamless,2025-04-05,1,2025-04-06,24.5,8.5,12.6,6.3,,29.3,13.0,34.9,0.5,,,
临沂,gfs_seamless,2025-04-04,2,2025-04-06,24.6,8.8,12.7,6.6,,28.1,13.5,28.8,0.5,,,
临沂,gfs_seamless,2025-04-03,3,2025-04-06,24.6,9.6,13.2,7.8,,29.5,12.5,33.1,0.0,,,
临沂,gfs_seamless,2025-04-02,4,2025-04-06,26.1,10.1,13.5,,,30.0,17.1,50.8,0.6,,,
临沂,gfs_seamless,2025-04-01,5,2025-04-06,26.6,11.3,14.4,,,27.8,14.2,41.8,3.7,,,
临沂,gfs_seamless,2025-03-31,6,2025-04-06,27.5,10.4,13.7,,26.8,32.1,15.2,44.3,16.7,,,
临沂,gfs_seamless,2025-03-30,7,2025-04-06,24.6,9.3,12.9,7.1,,40.2,14.4,40.0,19.8,,,
临沂,jma_seamless,2025-04-05,1,2025-04-06,23.9,9.5,12.5,8.3,,31.3,8.7,,,,,
临沂,jma_seamless,2025-04-04,2,2025-04-06,23.6,8.4,11.7,7.0,,27.3,8.4,,,,,
临沂,jma_seamless,2025-04-03,3,2025-04-06,23.4,9.7,11.4,8.4,,23.6,9.2,,,,,
临沂,jma_seamless,2025-04-02,4,2025-04-06,23.1,8.3,11.3,7.0,,24.2,7.9,,,,,
临沂,jma_seamless,2025-04-01,5,2025-04-06,24.0,9.5,11.8,8.1,,23.9,9.9,,,,,
临沂,jma_seamless,2025-03-31,6,2025-04-06,23.5,7.3,11.8,6.0,,26.5,7.3,,,,,
临沂,jma_seamless,2025-03-30,7,2025-04-06,24.1,10.4,12.8,,,28.9,10.8,,,,,
临沂,ecmwf_ifs025,2025-04-06,1,2025-04-07,26.8,12.8,16.6,,,43.9,12.9,,,,,
临沂,ecmwf_ifs025,2025-04-05,2,2025-04-07,27.6,11.5,16.7,,27.7,46.0,11.5,,,,,
临沂,ecmwf_ifs025,2025-04-04,3,2025-04-07,27.4,9.9,15.8,8.2,27.3,42.0,12.1,,,,,
临沂,ecmwf_ifs025,2025-04-03,4,2025-04-07,26.0,10.8,15.0,,,38.8,12.5,,,,,
临沂,ecmwf_ifs025,2025-04-02,5,2025-04-07,27.6,11.7,15.8,,27.0,34.5,12.0,,,,,
临沂,ecmwf_ifs025,2025-04-01,6,2025-04-07,26.3,14.7,17.4,,,37.0,9.9,,,,,
临沂,ecmwf_ifs025,2025-03-31,7,2025-04-07,28.6,15.8,18.3,,28.3,41.2,14.6,,,,,
临沂,gfs_seamless,2025-04-06,1,2025-04-07,28.6,13.2,17.0,,27.8,34.2,15.3,47.9,55.9,,,
临沂,gfs_seamless,2025-04-05,2,2025-04-07,28.9,13.1,17.4,,28.4,38.8,15.9,40.0,63.7,,,
临沂,gfs_seamless,2025-04-04,3,2025-04-07,27.1,12.6,16.0,,26.8,37.9,15.9,46.8,53.0,,,
临沂,gfs_seamless,2025-04-03,4,2025-04-07,27.1,13.3,16.4,,26.8,38.0,15.4,49.3,86.4,,,
临沂,gfs_seamless,2025-04-02,5,2025-04-07,27.9,14.0,17.5,,27.4,37.7,12.7,36.7,32.1,,,
临沂,gfs_seamless,2025-04-01,6,2025-04-07,28.7,13.0,18.4,,28.2,39.0,15.0,46.8,72.2,,,
临沂,gfs_seamless,2025-03-31,7,2025-04-07,29.2,13.7,18.4,,28.8,40.0,14.7,37.8,54.7,,,
临沂,jma_seamless,2025-04-06,1,2025-04-07,27.1,15.1,17.6,,27.0,41.1,11.1,,,,,
临沂,jma_seamless,2025-04-05,2,2025-04-07,26.9,14.6,16.8,,,36.7,11.7,,,,,
临沂,jma_seamless,2025-04-04,3,2025-04-07,26.3,13.1,15.5,,,33.7,11.4,,,,,
临沂,jma_seamless,2025-04-03,4,2025-04-07,25.6,13.6,14.9,,,30.2,11.7,,,,,
临沂,jma_seamless,2025-04-02,5,2025-04-07,26.3,13.4,15.3,,,30.8,12.4,,,,,
临沂,jma_seamless,2025-04-01,6,2025-04-07,25.8,13.3,15.7,,,36.6,11.9,,,,,
临沂,jma_seamless,2025-03-31,7,2025-04-07,26.8,14.7,16.9,,,44.0,13.1,,,,,
临沂,ecmwf_ifs025,2025-04-07,1,2025-04-08,21.4,12.7,12.5,,,41.5,14.3,,,,,
临沂,ecmwf_ifs025,2025-04-06,2,2025-04-08,21.0,11.9,12.3,,,44.5,14.0,,,,,
临沂,ecmwf_ifs025,2025-04-05,3,2025-04-08,22.3,10.6,13.7,,,57.7,10.7,,,,,
临沂,ecmwf_ifs025,2025-04-04,4,2025-04-08,22.4,11.3,14.1,,,53.0,9.1,,,,,
临沂,ecmwf_ifs025,2025-04-03,5,2025-04-08,25.7,12.1,16.5,,,48.9,7.6,,,,,
临沂,ecmwf_ifs025,2025-04-02,6,2025-04-08,28.3,11.9,17.8,,28.1,42.2,10.0,,,,,
临沂,ecmwf_ifs025,2025-04-01,7,2025-04-08,27.2,14.9,19.1,,27.9,54.3,9.5,,,,,
临沂,gfs_seamless,2025-04-07,1,2025-04-08,21.4,12.8,12.0,,,28.0,15.0,39.2,62.5,,,
临沂,gfs_seamless,2025-04-06,2,2025-04-08,21.3,12.5,11.7,,,29.1,16.0,46.4,66.8,,,
临沂,gfs_seamless,2025-04-05,3,2025-04-08,21.9,12.1,13.2,,,36.0,14.8,41.4,68.7,,,
临沂,gfs_seamless,2025-04-04,4,2025-04-08,22.3,13.2,13.3,,,37.1,13.2,31.3,74.0,,,
临沂,gfs_seamless,2025-04-03,5,2025-04-08,28.2,14.3,18.9,,27.8,39.3,10.1,27.0,62.0,,,
临沂,gfs_seamless,2025-04-02,6,2025-04-08,28.2,13.7,17.9,,28.4,47.5,10.2,31.7,48.5,,,
临沂,gfs_seamless,2025-04-01,7,2025-04-08,29.0,14.7,17.9,,29.1,45.2,8.1,28.1,82.4,,,
临沂,jma_seamless,2025-04-07,1,2025-04-08,21.5,11.6,13.7,,,37.4,10.5,,,,,
临沂,jma_seamless,2025-04-06,2,2025-04-08,21.6,12.2,14.0,,,48.5,9.6,,,,,
临沂,jma_seamless,2025-04-05,3,2025-04-08,24.9,12.3,16.5,,,58.8,7.0,,,,,
临沂,jma_seamless,2025-04-04,4,2025-04-08,26.4,12.8,16.5,,,51.9,5.3,,,,,
临沂,jma_seamless,2025-04-03,5,2025-04-08,25.9,14.0,17.4,,,50.6,6.6,,,,,
临沂,jma_seamless,2025-04-02,6,2025-04-08,26.8,14.4,17.6,,,46.0,8.3,,,,,
临沂,jma_seamless,2025-04-01,7,2025-04-08,24.7,13.8,15.3,,,30.8,8.7,,,,,
临沂,ecmwf_ifs025,2025-05-20,1,2025-05-21,36.2,22.7,32.1,,50.1,62.3,7.0,,,,,
临沂,ecmwf_ifs025,2025-05-19,2,2025-05-21,36.0,22.6,32.1,,50.7,64.4,7.3,,,,,
临沂,ecmwf_ifs025,2025-05-18,3,2025-05-21,36.1,22.9,32.2,,52.0,66.0,8.2,,,,,
临沂,ecmwf_ifs025,2025-05-17,4,2025-05-21,35.3,23.5,32.8,,51.3,69.8,7.4,,,,,
临沂,ecmwf_ifs025,2025-05-16,5,2025-05-21,36.6,22.9,31.9,,49.5,59.0,8.6,,,,,
临沂,ecmwf_ifs025,2025-05-15,6,2025-05-21,31.8,18.2,27.1,,39.3,68.4,12.6,,,,,
临沂,ecmwf_ifs025,2025-05-14,7,2025-05-21,38.1,18.5,27.6,,46.1,44.9,8.4,,,,,
临沂,gfs_seamless,2025-05-20,1,2025-05-21,39.0,22.7,31.5,,52.3,51.1,8.6,,,,,
临沂,gfs_seamless,2025-05-19,2,2025-05-21,40.0,22.0,31.7,,54.4,49.5,9.9,,,,,
临沂,gfs_seamless,2025-05-18,3,2025-05-21,40.1,23.6,33.4,,56.1,51.4,9.4,,,,,
临沂,gfs_seamless,2025-05-17,4,2025-05-21,39.9,22.0,31.6,,57.9,54.6,10.4,,,,,
临沂,gfs_seamless,2025-05-16,5,2025-05-21,39.4,19.4,29.2,,54.3,52.1,10.2,,,,,
临沂,gfs_seamless,2025-05-15,6,2025-05-21,39.2,18.3,28.4,,58.2,58.4,13.0,,,,,
临沂,gfs_seamless,2025-05-14,7,2025-05-21,35.1,17.6,24.6,,43.6,56.2,12.9,,,,,
临沂,jma_seamless,2025-05-20,1,2025-05-21,33.4,23.5,32.1,,47.7,76.1,5.6,,,,,
临沂,jma_seamless,2025-05-19,2,2025-05-21,33.7,24.7,32.2,,46.1,70.8,5.9,,,,,
临沂,jma_seamless,2025-05-18,3,2025-05-21,35.9,25.2,33.2,,51.1,65.7,7.2,,,,,
临沂,jma_seamless,2025-05-17,4,2025-05-21,37.2,25.5,32.9,,50.0,56.5,7.6,,,,,
临沂,jma_seamless,2025-05-16,5,2025-05-21,37.3,24.5,31.9,,50.9,57.5,6.3,,,,,
临沂,jma_seamless,2025-05-15,6,2025-05-21,36.9,25.1,31.0,,44.4,47.7,11.1,,,,,
临沂,jma_seamless,2025-05-14,7,2025-05-21,35.9,22.1,30.6,,48.7,61.6,6.9,,,,,
临沂,ecmwf_ifs025,2025-05-21,1,2025-05-22,28.4,19.9,22.2,,29.0,50.5,17.6,,,,,
临沂,ecmwf_ifs025,2025-05-20,2,2025-05-22,28.2,20.4,21.3,,28.3,45.5,18.1,,,,,
临沂,ecmwf_ifs025,2025-05-19,3,2025-05-22,28.6,20.4,22.3,,29.7,55.1,17.3,,,,,
临沂,ecmwf_ifs025,2025-05-18,4,2025-05-22,28.4,19.1,22.7,,29.5,55.3,16.8,,,,,
临沂,ecmwf_ifs025,2025-05-17,5,2025-05-22,27.0,19.0,20.6,,27.0,43.4,17.5,,,,,
临沂,ecmwf_ifs025,2025-05-16,6,2025-05-22,28.3,17.9,20.3,,28.8,50.0,15.5,,,,,
临沂,ecmwf_ifs025,2025-05-15,7,2025-05-22,27.7,18.1,19.3,,27.3,38.0,14.2,,,,,
临沂,gfs_seamless,2025-05-21,1,2025-05-22,29.8,19.8,22.4,,30.1,45.0,18.4,,,,,
临沂,gfs_seamless,2025-05-20,2,2025-05-22,28.5,20.3,23.3,,30.4,61.1,17.7,,,,,
临沂,gfs_seamless,2025-05-19,3,2025-05-22,28.9,19.4,22.0,,30.0,53.7,20.8,,,,,
临沂,gfs_seamless,2025-05-18,4,2025-05-22,32.1,20.3,22.9,,33.9,47.2,19.7,,,,,
临沂,gfs_seamless,2025-05-17,5,2025-05-22,29.8,19.2,21.0,,29.2,37.0,17.9,,,,,
临沂,gfs_seamless,2025-05-16,6,2025-05-22,28.8,16.8,19.3,,29.6,51.4,19.5,,,,,
临沂,gfs_seamless,2025-05-15,7,2025-05-22,39.8,17.9,26.2,,62.3,60.6,13.1,,,,,
临沂,jma_seamless,2025-05-21,1,2025-05-22,28.2,19.8,22.5,,28.7,50.7,13.9,,,,,
临沂,jma_seamless,2025-05-20,2,2025-05-22,29.0,20.3,24.1,,30.4,55.6,12.9,,,,,
临沂,jma_seamless,2025-05-19,3,2025-05-22,30.5,20.7,24.0,,32.3,52.6,13.7,,,,,
临沂,jma_seamless,2025-05-18,4,2025-05-22,29.4,19.7,21.8,,29.8,47.0,14.5,,,,,
临沂,jma_seamless,2025-05-17,5,2025-05-22,30.0,19.2,22.6,,29.7,40.3,12.8,,,,,
临沂,jma_seamless,2025-05-16,6,2025-05-22,28.0,19.0,24.1,,28.7,52.7,12.6,,,,,
临沂,jma_seamless,2025-05-15,7,2025-05-22,27.1,22.0,25.1,,28.7,65.6,13.5,,,,,
临沂,ecmwf_ifs025,2025-05-22,1,2025-05-23,24.3,15.3,16.6,,,49.2,16.5,,,,,
临沂,ecmwf_ifs025,2025-05-21,2,2025-05-23,24.5,17.9,17.4,,,39.7,16.0,,,,,
临沂,ecmwf_ifs025,2025-05-20,3,2025-05-23,25.2,17.7,17.5,,,36.4,13.5,,,,,
临沂,ecmwf_ifs025,2025-05-19,4,2025-05-23,26.5,18.2,18.4,,,29.4,18.1,,,,,
临沂,ecmwf_ifs025,2025-05-18,5,2025-05-23,24.3,17.1,16.8,,,44.6,18.5,,,,,
临沂,ecmwf_ifs025,2025-05-17,6,2025-05-23,21.5,16.4,16.5,,,45.8,12.8,,,,,
临沂,ecmwf_ifs025,2025-05-16,7,2025-05-23,23.8,16.8,19.1,,,60.9,8.5,,,,,
临沂,gfs_seamless,2025-05-22,1,2025-05-23,24.8,17.8,17.2,,,39.0,16.8,,,,,
临沂,gfs_seamless,2025-05-21,2,2025-05-23,25.6,17.2,18.0,,,36.6,14.3,,,,,
临沂,gfs_seamless,2025-05-20,3,2025-05-23,19.3,13.4,14.0,,,57.5,17.3,,,,,
临沂,gfs_seamless,2025-05-19,4,2025-05-23,24.7,15.8,16.6,,,42.8,15.6,,,,,
临沂,gfs_seamless,2025-05-18,5,2025-05-23,24.5,17.1,16.9,,,40.0,10.9,,,,,
临沂,gfs_seamless,2025-05-17,6,2025-05-23,22.5,15.2,16.6,,,47.8,10.7,,,,,
临沂,gfs_seamless,2025-05-16,7,2025-05-23,22.1,17.2,16.3,,,51.8,15.6,,,,,
临沂,jma_seamless,2025-05-22,1,2025-05-23,25.3,18.5,18.6,,,34.8,9.7,,,,,
临沂,jma_seamless,2025-05-21,2,2025-05-23,26.7,18.8,18.7,,,36.1,12.7,,,,,
临沂,jma_seamless,2025-05-20,3,2025-05-23,27.9,19.8,19.9,,26.9,27.8,10.6,,,,,
临沂,jma_seamless,2025-05-19,4,2025-05-23,28.9,19.0,20.2,,27.7,28.4,8.8,,,,,
临沂,jma_seamless,2025-05-18,5,2025-05-23,28.7,17.6,19.5,,27.6,28.7,8.0,,,,,
临沂,jma_seamless,2025-05-17,6,2025-05-23,28.0,18.7,19.3,,27.1,29.8,8.9,,,,,
临沂,jma_seamless,2025-05-16,7,2025-05-23,26.4,17.8,20.1,,,50.6,12.5,,,,,
临沂,ecmwf_ifs025,2025-05-23,1,2025-05-24,26.9,15.0,18.4,,,36.4,10.1,,,,,
临沂,ecmwf_ifs025,2025-05-22,2,2025-05-24,28.1,14.6,18.2,,27.5,36.1,11.4,,,,,
临沂,ecmwf_ifs025,2025-05-21,3,2025-05-24,28.0,14.3,18.2,,27.1,30.0,12.1,,,,,
临沂,ecmwf_ifs025,2025-05-20,4,2025-05-24,29.1,15.0,19.0,,28.0,30.7,10.3,,,,,
临沂,ecmwf_ifs025,2025-05-19,5,2025-05-24,27.5,14.4,18.3,,27.2,39.0,9.6,,,,,
临沂,ecmwf_ifs025,2025-05-18,6,2025-05-24,28.4,15.3,19.3,,27.9,38.7,8.2,,,,,
临沂,ecmwf_ifs025,2025-05-17,7,2025-05-24,26.1,17.6,19.4,,,50.2,9.9,,,,,
临沂,gfs_seamless,2025-05-23,1,2025-05-24,27.3,18.2,19.4,,26.7,31.2,11.5,,,,,
临沂,gfs_seamless,2025-05-22,2,2025-05-24,27.7,15.8,19.2,,26.9,30.8,9.8,,,,,
临沂,gfs_seamless,2025-05-21,3,2025-05-24,26.0,14.6,17.4,,,39.1,9.4,,,,,
临沂,gfs_seamless,2025-05-20,4,2025-05-24,27.9,14.5,18.7,,27.3,34.9,11.8,,,,,
临沂,gfs_seamless,2025-05-19,5,2025-05-24,28.3,14.9,18.1,,27.3,28.9,12.8,,,,,
临沂,gfs_seamless,2025-05-18,6,2025-05-24,29.0,15.2,19.0,,28.1,33.1,9.9,,,,,
临沂,gfs_seamless,2025-05-17,7,2025-05-24,29.2,15.9,19.0,,29.1,42.8,14.2,,,,,
临沂,jma_seamless,2025-05-23,1,2025-05-24,27.6,16.9,18.6,,26.9,30.9,7.8,,,,,
临沂,jma_seamless,2025-05-22,2,2025-05-24,26.0,18.0,19.2,,,34.8,5.8,,,,,
临沂,jma_seamless,2025-05-21,3,2025-05-24,27.9,18.0,19.4,,27.1,31.0,8.4,,,,,
临沂,jma_seamless,2025-05-20,4,2025-05-24,28.1,17.8,19.2,,27.0,27.3,6.8,,,,,
临沂,jma_seamless,2025-05-19,5,2025-05-24,28.3,16.4,19.9,,28.2,44.0,5.1,,,,,
临沂,jma_seamless,2025-05-18,6,2025-05-24,31.2,17.4,21.5,,30.6,36.0,4.8,,,,,
临沂,jma_seamless,2025-05-17,7,2025-05-24,26.0,16.7,18.3,,,46.6,8.4,,,,,
临沂,ecmwf_ifs025,2025-05-24,1,2025-05-25,28.8,13.5,20.4,,28.4,40.3,5.5,,,,,
临沂,ecmwf_ifs025,2025-05-23,2,2025-05-25,29.1,15.1,20.7,,28.4,36.5,6.1,,,,,
临沂,ecmwf_ifs025,2025-05-22,3,2025-05-25,29.3,14.3,20.7,,28.9,39.9,5.5,,,,,
临沂,ecmwf_ifs025,2025-05-21,4,2025-05-25,29.0,14.7,20.7,,28.4,38.0,6.0,,,,,
临沂,ecmwf_ifs025,2025-05-20,5,2025-05-25,29.1,14.7,20.3,,28.3,35.3,5.8,,,,,
临沂,ecmwf_ifs025,2025-05-19,6,2025-05-25,27.2,16.9,19.8,,26.8,35.8,5.7,,,,,
临沂,ecmwf_ifs025,2025-05-18,7,2025-05-25,29.7,15.3,20.4,,29.8,44.3,9.3,,,,,
临沂,gfs_seamless,2025-05-24,1,2025-05-25,30.6,16.0,21.0,,28.8,22.7,7.2,,,,,
临沂,gfs_seamless,2025-05-23,2,2025-05-25,31.2,16.7,22.0,,29.4,23.7,7.6,,,,,
临沂,gfs_seamless,2025-05-22,3,2025-05-25,32.1,16.4,22.1,,30.4,24.5,8.9,,,,,
临沂,gfs_seamless,2025-05-21,4,2025-05-25,31.5,16.4,21.7,,29.8,25.0,7.0,,,,,
临沂,gfs_seamless,2025-05-20,5,2025-05-25,31.6,17.8,21.9,,30.0,26.6,12.2,,,,,
临沂,gfs_seamless,2025-05-19,6,2025-05-25,30.0,16.0,20.5,,28.9,32.5,10.3,,,,,
临沂,gfs_seamless,2025-05-18,7,2025-05-25,25.9,15.1,18.4,,,39.2,8.0,,,,,
临沂,jma_seamless,2025-05-24,1,2025-05-25,29.8,15.6,20.9,,28.7,31.8,4.4,,,,,
临沂,jma_seamless,2025-05-23,2,2025-05-25,30.5,15.8,21.1,,29.5,32.8,4.8,,,,,
临沂,jma_seamless,2025-05-22,3,2025-05-25,29.4,17.6,21.7,,28.7,36.2,4.6,,,,,
临沂,jma_seamless,2025-05-21,4,2025-05-25,29.3,16.5,21.0,,28.3,33.3,4.8,,,,,
临沂,jma_seamless,2025-05-20,5,2025-05-25,29.1,15.8,21.1,,29.6,48.8,5.7,,,,,
临沂,jma_seamless,2025-05-19,6,2025-05-25,28.8,16.9,20.6,,29.7,52.2,5.9,,,,,
临沂,jma_seamless,2025-05-18,7,2025-05-25,30.1,16.0,21.6,,30.4,44.6,7.3,,,,,
临沂,ecmwf_ifs025,2025-05-25,1,2025-05-26,25.5,16.7,21.1,,,47.2,5.5,,,,,
临沂,ecmwf_ifs025,2025-05-24,2,2025-05-26,28.8,17.5,22.2,,28.6,42.7,5.4,,,,,
临沂,ecmwf_ifs025,2025-05-23,3,2025-05-26,29.4,18.1,22.2,,28.7,36.0,6.2,,,,,
临沂,ecmwf_ifs025,2025-05-22,4,2025-05-26,24.9,18.7,20.6,,,46.4,6.6,,,,,
临沂,ecmwf_ifs025,2025-05-21,5,2025-05-26,29.9,15.7,21.6,,29.1,35.5,7.5,,,,,
临沂,ecmwf_ifs025,2025-05-20,6,2025-05-26,27.6,18.1,21.6,,27.2,38.6,6.2,,,,,
临沂,ecmwf_ifs025,2025-05-19,7,2025-05-26,28.4,17.9,20.9,,28.0,39.5,7.6,,,,,
临沂,gfs_seamless,2025-05-25,1,2025-05-26,28.7,17.9,20.6,,27.8,33.6,8.6,,,,,
临沂,gfs_seamless,2025-05-24,2,2025-05-26,32.1,20.4,22.7,,30.4,24.9,10.1,,,,,
临沂,gfs_seamless,2025-05-23,3,2025-05-26,31.2,19.2,22.4,,29.9,29.6,12.2,,,,,
临沂,gfs_seamless,2025-05-22,4,2025-05-26,29.5,19.0,20.5,,28.3,29.8,11.2,,,,,
临沂,gfs_seamless,2025-05-21,5,2025-05-26,30.8,18.1,21.8,,29.4,28.3,9.3,,,,,
临沂,gfs_seamless,2025-05-20,6,2025-05-26,31.9,18.6,21.9,,30.9,31.7,13.9,,,,,
临沂,gfs_seamless,2025-05-19,7,2025-05-26,28.9,15.9,20.3,,28.6,41.2,10.5,,,,,
临沂,jma_seamless,2025-05-25,1,2025-05-26,23.1,17.6,19.6,,,48.0,7.6,,,,,
临沂,jma_seamless,2025-05-24,2,2025-05-26,28.3,17.8,21.0,,27.7,36.6,7.4,,,,,
临沂,jma_seamless,2025-05-23,3,2025-05-26,31.5,19.9,22.6,,30.2,28.9,6.5,,,,,
临沂,jma_seamless,2025-05-22,4,2025-05-26,28.6,20.3,21.7,,28.1,38.0,9.4,,,,,
临沂,jma_seamless,2025-05-21,5,2025-05-26,30.4,18.9,22.3,,30.4,41.8,8.5,,,,,
临沂,jma_seamless,2025-05-20,6,2025-05-26,23.2,16.2,19.2,,,50.9,6.6,,,,,
临沂,jma_seamless,2025-05-19,7,2025-05-26,24.8,18.9,20.8,,,59.6,8.5,,,,,
临沂,ecmwf_ifs025,2025-05-26,1,2025-05-27,29.0,15.3,22.1,,29.8,51.5,6.4,,,,,
临沂,ecmwf_ifs025,2025-05-25,2,2025-05-27,27.9,15.9,21.5,,28.2,48.8,6.7,,,,,
临沂,ecmwf_ifs025,2025-05-24,3,2025-05-27,28.9,16.0,21.8,,28.8,43.5,8.3,,,,,
临沂,ecmwf_ifs025,2025-05-23,4,2025-05-27,30.2,16.2,22.3,,29.8,38.8,7.5,,,,,
临沂,ecmwf_ifs025,2025-05-22,5,2025-05-27,27.5,14.2,21.1,,27.8,48.6,7.5,,,,,
临沂,ecmwf_ifs025,2025-05-21,6,2025-05-27,28.0,19.5,21.2,,27.7,40.7,10.7,,,,,
临沂,ecmwf_ifs025,2025-05-20,7,2025-05-27,32.0,19.1,24.5,,32.8,42.6,6.6,,,,,
临沂,gfs_seamless,2025-05-26,1,2025-05-27,30.5,17.3,21.4,,29.8,36.3,11.8,,,,,
临沂,gfs_seamless,2025-05-25,2,2025-05-27,30.9,17.5,21.5,,30.2,35.5,11.7,,,,,
临沂,gfs_seamless,2025-05-24,3,2025-05-27,32.8,17.8,23.2,,31.8,30.3,10.8,,,,,
临沂,gfs_seamless,2025-05-23,4,2025-05-27,32.8,17.1,22.7,,32.1,32.5,10.1,,,,,
临沂,gfs_seamless,2025-05-22,5,2025-05-27,30.4,16.4,21.6,,30.8,44.7,12.2,,,,,
临沂,gfs_seamless,2025-05-21,6,2025-05-27,30.2,15.9,21.0,,30.1,41.5,11.5,,,,,
临沂,gfs_seamless,2025-05-20,7,2025-05-27,31.7,16.4,19.9,,32.8,45.4,15.0,,,,,
临沂,jma_seamless,2025-05-26,1,2025-05-27,30.0,16.0,22.1,,30.5,46.4,6.6,,,,,
临沂,jma_seamless,2025-05-25,2,2025-05-27,29.4,16.8,22.2,,30.3,50.8,6.7,,,,,
临沂,jma_seamless,2025-05-24,3,2025-05-27,30.7,17.2,21.9,,30.1,36.4,7.2,,,,,
临沂,jma_seamless,2025-05-23,4,2025-05-27,32.0,18.4,22.8,,32.4,40.6,6.6,,,,,
临沂,jma_seamless,2025-05-22,5,2025-05-27,31.3,19.5,23.0,,31.9,43.5,8.5,,,,,
临沂,jma_seamless,2025-05-21,6,2025-05-27,32.3,18.6,23.9,,35.0,50.3,6.4,,,,,
临沂,jma_seamless,2025-05-20,7,2025-05-27,25.9,17.0,19.7,,,57.8,8.9,,,,,
临沂,ecmwf_ifs025,2025-05-27,1,2025-05-28,29.3,17.4,22.0,,29.7,47.3,10.6,,,,,
临沂,ecmwf_ifs025,2025-05-26,2,2025-05-28,29.7,17.4,22.4,,30.5,49.5,10.3,,,,,
临沂,ecmwf_ifs025,2025-05-25,3,2025-05-28,29.2,16.7,21.8,,29.7,48.2,11.1,,,,,
临沂,ecmwf_ifs025,2025-05-24,4,2025-05-28,30.9,16.8,22.3,,30.9,40.5,10.4,,,,,
临沂,ecmwf_ifs025,2025-05-23,5,2025-05-28,31.8,17.9,22.9,,31.8,38.6,10.6,,,,,
临沂,ecmwf_ifs025,2025-05-22,6,2025-05-28,30.4,19.2,22.0,,30.9,45.5,10.3,,,,,
临沂,ecmwf_ifs025,2025-05-21,7,2025-05-28,30.1,18.9,21.7,,30.8,47.4,13.7,,,,,
临沂,gfs_seamless,2025-05-27,1,2025-05-28,30.8,16.6,20.9,,30.5,38.7,13.7,,,,,
临沂,gfs_seamless,2025-05-26,2,2025-05-28,31.2,16.8,20.9,,31.3,41.0,15.3,,,,,
临沂,gfs_seamless,2025-05-25,3,2025-05-28,31.1,17.3,21.5,,30.6,36.6,13.5,,,,,
临沂,gfs_seamless,2025-05-24,4,2025-05-28,33.5,18.4,23.0,,32.6,29.5,13.2,,,,,
临沂,gfs_seamless,2025-05-23,5,2025-05-28,33.1,18.3,23.2,,33.1,35.7,12.5,,,,,
临沂,gfs_seamless,2025-05-22,6,2025-05-28,30.6,15.9,20.9,,31.8,49.0,16.3,,,,,
临沂,gfs_seamless,2025-05-21,7,2025-05-28,31.0,15.1,20.6,,32.4,48.9,14.6,,,,,
临沂,jma_seamless,2025-05-27,1,2025-05-28,30.8,19.1,23.2,,32.6,51.4,8.4,,,,,
临沂,jma_seamless,2025-05-26,2,2025-05-28,31.0,19.3,23.2,,32.6,49.9,9.1,,,,,
临沂,jma_seamless,2025-05-25,3,2025-05-28,30.9,19.6,22.9,,31.3,43.5,9.8,,,,,
临沂,jma_seamless,2025-05-24,4,2025-05-28,31.7,19.5,23.0,,31.9,40.1,8.5,,,,,
临沂,jma_seamless,2025-05-23,5,2025-05-28,31.8,19.6,23.2,,32.7,43.8,9.6,,,,,
临沂,jma_seamless,2025-05-22,6,2025-05-28,31.3,19.6,23.6,,32.6,47.4,9.5,,,,,
临沂,jma_seamless,2025-05-21,7,2025-05-28,31.9,16.1,22.5,,34.9,52.8,8.4,,,,,
临沂,ecmwf_ifs025,2025-05-28,1,2025-05-29,30.1,17.2,23.0,,30.9,48.2,8.0,,,,,
临沂,ecmwf_ifs025,2025-05-27,2,2025-05-29,30.6,17.1,23.0,,31.1,44.6,8.5,,,,,
临沂,ecmwf_ifs025,2025-05-26,3,2025-05-29,30.4,16.8,22.9,,31.5,48.8,8.0,,,,,
临沂,ecmwf_ifs025,2025-05-25,4,2025-05-29,29.2,16.6,22.8,,30.2,52.3,9.3,,,,,
临沂,ecmwf_ifs025,2025-05-24,5,2025-05-29,30.3,16.7,22.9,,30.5,43.7,9.0,,,,,
临沂,ecmwf_ifs025,2025-05-23,6,2025-05-29,32.3,19.4,23.2,,32.6,39.5,9.6,,,,,
临沂,ecmwf_ifs025,2025-05-22,7,2025-05-29,30.8,17.5,23.0,,33.6,56.3,10.0,,,,,
临沂,gfs_seamless,2025-05-28,1,2025-05-29,31.4,16.7,22.2,,31.4,39.8,10.7,,,,,
临沂,gfs_seamless,2025-05-27,2,2025-05-29,31.3,15.9,21.5,,31.1,38.7,11.1,,,,,
临沂,gfs_seamless,2025-05-26,3,2025-05-29,31.4,15.0,21.4,,31.3,39.4,10.5,,,,,
临沂,gfs_seamless,2025-05-25,4,2025-05-29,30.9,16.1,21.6,,30.1,34.7,9.6,,,,,
临沂,gfs_seamless,2025-05-24,5,2025-05-29,33.8,17.5,23.4,,33.9,34.5,12.3,,,,,
临沂,gfs_seamless,2025-05-23,6,2025-05-29,32.7,18.0,22.7,,32.6,36.0,13.0,,,,,
临沂,gfs_seamless,2025-05-22,7,2025-05-29,31.1,17.0,21.4,,32.0,45.7,14.0,,,,,
临沂,jma_seamless,2025-05-28,1,2025-05-29,30.1,18.3,23.3,,32.1,55.5,6.7,,,,,
临沂,jma_seamless,2025-05-27,2,2025-05-29,31.2,18.7,22.7,,32.0,44.8,7.8,,,,,
临沂,jma_seamless,2025-05-26,3,2025-05-29,31.1,18.3,22.7,,32.0,46.0,7.0,,,,,
临沂,jma_seamless,2025-05-25,4,2025-05-29,31.0,19.3,22.6,,31.0,40.4,8.7,,,,,
临沂,jma_seamless,2025-05-24,5,2025-05-29,32.9,19.3,23.5,,34.5,43.9,6.8,,,,,
临沂,jma_seamless,2025-05-23,6,2025-05-29,31.6,19.5,22.4,,31.0,35.1,8.8,,,,,
临沂,jma_seamless,2025-05-22,7,2025-05-29,28.5,18.1,22.4,,29.7,55.7,8.3,,,,,
临沂,ecmwf_ifs025,2025-05-29,1,2025-05-30,31.6,17.5,24.0,,32.3,43.5,8.3,,,,,
临沂,ecmwf_ifs025,2025-05-28,2,2025-05-30,31.6,17.2,24.1,,31.9,40.9,7.1,,,,,
临沂,ecmwf_ifs025,2025-05-27,3,2025-05-30,31.8,18.3,24.1,,31.7,38.5,8.7,,,,,
临沂,ecmwf_ifs025,2025-05-26,4,2025-05-30,31.6,17.3,24.2,,31.7,40.1,8.2,,,,,
临沂,ecmwf_ifs025,2025-05-25,5,2025-05-30,31.1,17.6,23.8,,31.0,39.8,9.4,,,,,
临沂,ecmwf_ifs025,2025-05-24,6,2025-05-30,31.2,20.8,24.0,,30.7,37.0,9.3,,,,,
临沂,ecmwf_ifs025,2025-05-23,7,2025-05-30,31.5,20.4,23.8,,31.2,37.5,9.6,,,,,
临沂,gfs_seamless,2025-05-29,1,2025-05-30,32.5,17.7,22.9,,32.4,36.8,12.4,,,,,
临沂,gfs_seamless,2025-05-28,2,2025-05-30,33.3,18.5,23.7,,32.7,31.8,11.4,,,,,
临沂,gfs_seamless,2025-05-27,3,2025-05-30,33.3,17.3,23.9,,32.7,32.0,11.1,,,,,
临沂,gfs_seamless,2025-05-26,4,2025-05-30,33.4,16.8,23.6,,32.8,31.8,10.5,,,,,
临沂,gfs_seamless,2025-05-25,5,2025-05-30,34.3,17.2,24.3,,33.2,27.3,9.0,,,,,
临沂,gfs_seamless,2025-05-24,6,2025-05-30,35.6,16.4,24.3,,35.3,29.1,9.6,,,,,
临沂,gfs_seamless,2025-05-23,7,2025-05-30,34.7,18.6,25.6,,34.1,29.1,6.5,,,,,
临沂,jma_seamless,2025-05-29,1,2025-05-30,32.1,19.3,24.6,,34.6,50.2,7.0,,,,,
临沂,jma_seamless,2025-05-28,2,2025-05-30,32.5,19.4,24.4,,34.2,45.4,7.6,,,,,
临沂,jma_seamless,2025-05-27,3,2025-05-30,32.2,19.2,24.1,,33.5,44.8,7.9,,,,,
临沂,jma_seamless,2025-05-26,4,2025-05-30,32.8,18.9,24.6,,34.2,43.2,4.8,,,,,
临沂,jma_seamless,2025-05-25,5,2025-05-30,31.0,18.1,22.4,,30.8,39.0,7.1,,,,,
临沂,jma_seamless,2025-05-24,6,2025-05-30,33.4,17.9,22.4,,32.3,28.8,5.6,,,,,
临沂,jma_seamless,2025-05-23,7,2025-05-30,32.1,18.4,22.4,,32.0,37.6,8.4,,,,,
临沂,ecmwf_ifs025,2025-05-30,1,2025-05-31,27.5,19.8,22.7,,27.5,44.5,8.5,,,,,
临沂,ecmwf_ifs025,2025-05-29,2,2025-05-31,26.5,21.3,22.8,,,43.8,8.1,,,,,
临沂,ecmwf_ifs025,2025-05-28,3,2025-05-31,27.3,21.2,23.3,,27.1,40.4,7.4,,,,,
临沂,ecmwf_ifs025,2025-05-27,4,2025-05-31,31.5,19.7,23.3,,31.5,39.4,8.9,,,,,
临沂,ecmwf_ifs025,2025-05-26,5,2025-05-31,30.9,21.7,23.7,,30.3,36.1,10.3,,,,,
临沂,ecmwf_ifs025,2025-05-25,6,2025-05-31,31.4,22.6,24.5,,30.8,35.8,10.5,,,,,
临沂,ecmwf_ifs025,2025-05-24,7,2025-05-31,29.0,21.1,23.5,,28.3,36.9,10.4,,,,,
临沂,gfs_seamless,2025-05-30,1,2025-05-31,24.8,19.3,20.3,,,41.2,9.8,,,,,
临沂,gfs_seamless,2025-05-29,2,2025-05-31,24.8,20.1,20.3,,,42.5,10.6,,,,,
临沂,gfs_seamless,2025-05-28,3,2025-05-31,26.0,21.0,21.6,,,38.8,9.2,,,,,
临沂,gfs_seamless,2025-05-27,4,2025-05-31,30.0,21.7,22.4,,28.8,30.5,9.7,,,,,
临沂,gfs_seamless,2025-05-26,5,2025-05-31,32.4,22.3,23.7,,31.3,30.0,9.7,,,,,
临沂,gfs_seamless,2025-05-25,6,2025-05-31,34.4,20.5,25.3,,33.2,26.6,7.4,,,,,
临沂,gfs_seamless,2025-05-24,7,2025-05-31,33.2,20.1,23.3,,32.5,31.7,12.9,,,,,
临沂,jma_seamless,2025-05-30,1,2025-05-31,27.3,20.9,23.1,,27.7,49.8,9.5,,,,,
临沂,jma_seamless,2025-05-29,2,2025-05-31,28.0,22.1,23.3,,28.0,44.6,9.3,,,,,
临沂,jma_seamless,2025-05-28,3,2025-05-31,30.2,21.6,23.1,,29.6,37.0,9.3,,,,,
临沂,jma_seamless,2025-05-27,4,2025-05-31,30.0,22.1,23.2,,29.2,35.1,9.2,,,,,
临沂,jma_seamless,2025-05-26,5,2025-05-31,31.3,21.3,24.2,,30.3,32.6,6.1,,,,,
临沂,jma_seamless,2025-05-25,6,2025-05-31,31.1,19.1,23.1,,31.0,39.9,5.9,,,,,
临沂,jma_seamless,2025-05-24,7,2025-05-31,31.5,19.3,23.1,,31.0,35.8,7.1,,,,,
临沂,ecmwf_ifs025,2025-05-31,1,2025-06-01,26.7,16.3,20.0,,,59.8,14.6,,,,,
临沂,ecmwf_ifs025,2025-05-30,2,2025-06-01,28.2,17.7,20.7,,28.9,52.5,14.0,,,,,
临沂,ecmwf_ifs025,2025-05-29,3,2025-06-01,25.0,19.1,21.2,,,56.9,11.1,,,,,
临沂,ecmwf_ifs025,2025-05-28,4,2025-06-01,29.2,17.6,22.0,,30.9,56.8,12.4,,,,,
临沂,ecmwf_ifs025,2025-05-27,5,2025-06-01,30.0,19.1,22.8,,30.9,49.2,10.5,,,,,
临沂,ecmwf_ifs025,2025-05-26,6,2025-06-01,32.2,20.8,23.8,,33.2,43.2,11.9,,,,,
临沂,ecmwf_ifs025,2025-05-25,7,2025-06-01,30.5,21.7,24.5,,31.7,49.6,12.5,,,,,
临沂,gfs_seamless,2025-05-31,1,2025-06-01,27.5,17.3,19.4,,27.6,45.4,17.2,,,,,
临沂,gfs_seamless,2025-05-30,2,2025-06-01,26.6,18.7,19.5,,,50.6,15.2,,,,,
临沂,gfs_seamless,2025-05-29,3,2025-06-01,27.4,17.4,20.3,,27.6,46.4,13.3,,,,,
临沂,gfs_seamless,2025-05-28,4,2025-06-01,29.2,18.8,21.4,,29.0,41.8,13.5,,,,,
临沂,gfs_seamless,2025-05-27,5,2025-06-01,30.1,19.6,21.7,,29.5,37.2,16.7,,,,,
临沂,gfs_seamless,2025-05-26,6,2025-06-01,30.3,19.6,22.7,,29.7,36.8,10.5,,,,,
临沂,gfs_seamless,2025-05-25,7,2025-06-01,34.9,20.0,25.5,,34.2,28.1,11.3,,,,,
临沂,jma_seamless,2025-05-31,1,2025-06-01,24.7,16.0,19.4,,,60.4,12.3,,,,,
临沂,jma_seamless,2025-05-30,2,2025-06-01,23.4,16.8,18.6,,,65.6,13.5,,,,,
临沂,jma_seamless,2025-05-29,3,2025-06-01,23.8,16.2,18.8,,,61.8,13.1,,,,,
临沂,jma_seamless,2025-05-28,4,2025-06-01,22.7,17.4,19.9,,,63.9,10.5,,,,,
临沂,jma_seamless,2025-05-27,5,2025-06-01,27.2,17.4,21.6,,27.6,50.5,9.2,,,,,
临沂,jma_seamless,2025-05-26,6,2025-06-01,34.1,20.0,24.8,,36.0,41.4,6.4,,,,,
临沂,jma_seamless,2025-05-25,7,2025-06-01,32.2,20.4,23.5,,32.1,37.6,9.5,,,,,
临沂,ecmwf_ifs025,2025-06-01,1,2025-06-02,24.0,15.2,20.0,,,72.6,8.9,,,,,
临沂,ecmwf_ifs025,2025-05-31,2,2025-06-02,24.6,15.8,20.6,,,70.3,8.7,,,,,
临沂,ecmwf_ifs025,2025-05-30,3,2025-06-02,23.4,16.1,19.4,,,73.6,11.6,,,,,
临沂,ecmwf_ifs025,2025-05-29,4,2025-06-02,23.8,17.4,20.3,,,69.5,11.8,,,,,
临沂,ecmwf_ifs025,2025-05-28,5,2025-06-02,26.4,17.4,21.3,,,75.9,12.2,,,,,
临沂,ecmwf_ifs025,2025-05-27,6,2025-06-02,23.0,18.8,21.8,,,76.1,11.7,,,,,
临沂,ecmwf_ifs025,2025-05-26,7,2025-06-02,30.1,19.1,24.3,,34.3,66.0,13.6,,,,,
临沂,gfs_seamless,2025-06-01,1,2025-06-02,28.8,16.5,20.6,,29.9,53.8,11.6,,,,,
临沂,gfs_seamless,2025-05-31,2,2025-06-02,31.1,17.3,21.7,,32.2,47.2,9.2,,,,,
临沂,gfs_seamless,2025-05-30,3,2025-06-02,28.7,16.1,21.2,,30.6,60.8,9.7,,,,,
临沂,gfs_seamless,2025-05-29,4,2025-06-02,28.2,16.7,20.5,,30.2,64.0,11.6,,,,,
临沂,gfs_seamless,2025-05-28,5,2025-06-02,25.9,16.8,20.5,,,65.9,9.1,,,,,
临沂,gfs_seamless,2025-05-27,6,2025-06-02,30.2,17.4,20.1,,33.9,63.0,11.7,,,,,
临沂,gfs_seamless,2025-05-26,7,2025-06-02,30.0,17.2,21.1,,30.9,49.3,12.7,,,,,
临沂,jma_seamless,2025-06-01,1,2025-06-02,23.4,16.0,20.1,,,73.5,7.9,,,,,
临沂,jma_seamless,2025-05-31,2,2025-06-02,22.6,16.9,19.8,,,76.4,8.6,,,,,
临沂,jma_seamless,2025-05-30,3,2025-06-02,21.6,16.3,19.2,,,76.5,10.2,,,,,
临沂,jma_seamless,2025-05-29,4,2025-06-02,24.5,16.9,20.3,,,71.7,7.9,,,,,
临沂,jma_seamless,2025-05-28,5,2025-06-02,28.2,17.6,22.9,,29.7,59.5,6.8,,,,,
临沂,jma_seamless,2025-05-27,6,2025-06-02,25.1,16.6,20.6,,,64.8,10.8,,,,,
临沂,jma_seamless,2025-05-26,7,2025-06-02,26.4,18.9,22.1,,,51.8,10.9,,,,,
临沂,ecmwf_ifs025,2025-06-02,1,2025-06-03,30.5,17.5,23.6,,31.8,49.8,8.2,,,,,
临沂,ecmwf_ifs025,2025-06-01,2,2025-06-03,31.6,16.0,23.2,,33.3,48.3,7.9,,,,,
临沂,ecmwf_ifs025,2025-05-31,3,2025-06-03,31.8,15.3,23.3,,33.3,46.8,8.4,,,,,
临沂,ecmwf_ifs025,2025-05-30,4,2025-06-03,32.7,14.4,23.3,,34.2,44.2,8.1,,,,,
临沂,ecmwf_ifs025,2025-05-29,5,2025-06-03,32.0,16.2,23.1,,32.2,39.6,10.8,,,,,
临沂,ecmwf_ifs025,2025-05-28,6,2025-06-03,28.7,18.4,22.5,,29.4,51.5,13.4,,,,,
临沂,ecmwf_ifs025,2025-05-27,7,2025-06-03,27.6,17.9,23.9,,29.2,63.0,3.5,,,,,
临沂,gfs_seamless,2025-06-02,1,2025-06-03,32.5,16.9,23.5,,32.1,34.8,11.0,,,,,
临沂,gfs_seamless,2025-06-01,2,2025-06-03,34.1,17.3,24.0,,34.6,35.7,10.8,,,,,
临沂,gfs_seamless,2025-05-31,3,2025-06-03,35.1,18.2,25.2,,34.9,30.6,9.8,,,,,
临沂,gfs_seamless,2025-05-30,4,2025-06-03,35.4,17.1,25.0,,37.7,39.1,10.2,,,,,
临沂,gfs_seamless,2025-05-29,5,2025-06-03,34.8,16.8,25.6,,39.3,47.5,8.2,,,,,
临沂,gfs_seamless,2025-05-28,6,2025-06-03,34.1,17.1,24.1,,35.5,39.5,12.2,,,,,
临沂,gfs_seamless,2025-05-27,7,2025-06-03,30.6,18.4,23.2,,33.0,55.2,11.7,,,,,
临沂,jma_seamless,2025-06-02,1,2025-06-03,33.0,18.6,24.2,,33.7,39.6,6.3,,,,,
临沂,jma_seamless,2025-06-01,2,2025-06-03,32.5,17.2,23.4,,32.6,37.6,7.0,,,,,
临沂,jma_seamless,2025-05-31,3,2025-06-03,32.3,18.1,23.2,,31.6,33.0,7.3,,,,,
临沂,jma_seamless,2025-05-30,4,2025-06-03,33.2,15.5,22.8,,36.1,47.8,6.5,,,,,
临沂,jma_seamless,2025-05-29,5,2025-06-03,34.5,21.0,26.3,,37.1,42.8,7.6,,,,,
临沂,jma_seamless,2025-05-28,6,2025-06-03,34.8,15.3,25.0,,34.8,32.0,8.3,,,,,
临沂,jma_seamless,2025-05-27,7,2025-06-03,28.3,17.7,22.0,,29.8,59.2,10.1,,,,,
临沂,ecmwf_ifs025,2025-06-03,1,2025-06-04,34.2,22.2,23.8,,,,,,,,,
临沂,ecmwf_ifs025,2025-06-02,2,2025-06-04,34.4,22.8,23.6,,,,,,,,,
临沂,ecmwf_ifs025,2025-06-01,3,2025-06-04,35.1,22.5,23.3,,,,,,,,,
临沂,ecmwf_ifs025,2025-05-31,4,2025-06-04,35.0,22.7,24.9,,,,,,,,,
临沂,ecmwf_ifs025,2025-05-30,5,2025-06-04,34.6,23.2,26.4,,,,,,,,,
临沂,ecmwf_ifs025,2025-05-29,6,2025-06-04,36.1,22.8,26.3,,,,,,,,,
临沂,ecmwf_ifs025,2025-05-28,7,2025-06-04,35.4,22.1,23.6,,,,,,,,,
临沂,ecmwf_ifs025,2025-06-04,1,2025-06-05,36.0,23.2,26.6,,,,,,,,,
临沂,ecmwf_ifs025,2025-06-03,2,2025-06-05,36.0,22.4,26.9,,,,,,,,,
临沂,ecmwf_ifs025,2025-06-02,3,2025-06-05,37.2,21.9,26.7,,,,,,,,,
临沂,ecmwf_ifs025,2025-06-01,4,2025-06-05,37.3,22.7,27.0,,,,,,,,,
临沂,ecmwf_ifs025,2025-05-31,5,2025-06-05,35.9,23.9,28.0,,,,,,,,,
临沂,ecmwf_ifs025,2025-05-30,6,2025-06-05,36.0,20.7,28.7,,,,,,,,,
临沂,ecmwf_ifs025,2025-05-29,7,2025-06-05,35.7,21.6,24.7,,,,,,,,,
临沂,ecmwf_ifs025,2025-06-05,1,2025-06-06,35.6,26.7,31.2,,,,,,,,,
临沂,ecmwf_ifs025,2025-06-04,2,2025-06-06,33.3,26.9,30.9,,,,,,,,,
临沂,ecmwf_ifs025,2025-06-03,3,2025-06-06,30.6,25.6,31.9,,,,,,,,,
临沂,ecmwf_ifs025,2025-06-02,4,2025-06-06,29.2,21.3,29.8,,,,,,,,,
临沂,ecmwf_ifs025,2025-06-01,5,2025-06-06,32.9,27.3,30.4,,,,,,,,,
临沂,ecmwf_ifs025,2025-05-31,6,2025-06-06,30.2,25.7,30.7,,,,,,,,,
临沂,ecmwf_ifs025,2025-05-30,7,2025-06-06,286.7,24.8,24.3,,,,,,,,,
临沂,ecmwf_ifs025,2025-06-06,1,2025-06-07,35.6,26.2,27.0,,,,,,,,,
临沂,ecmwf_ifs025,2025-06-05,2,2025-06-07,33.0,24.3,28.1,,,,,,,,,
临沂,ecmwf_ifs025,2025-06-04,3,2025-06-07,37.1,25.6,29.2,,,,,,,,,
临沂,ecmwf_ifs025,2025-06-03,4,2025-06-07,30.5,20.2,31.2,,,,,,,,,
临沂,ecmwf_ifs025,2025-06-02,5,2025-06-07,32.3,21.5,30.1,,,,,,,,,
临沂,ecmwf_ifs025,2025-06-01,6,2025-06-07,34.6,24.9,30.9,,,,,,,,,
临沂,ecmwf_ifs025,2025-05-31,7,2025-06-07,32.0,24.5,27.7,,,,,,,,,
临沂,ecmwf_ifs025,2025-06-07,1,2025-06-08,29.6,23.2,29.6,,,,,,,,,
临沂,ecmwf_ifs025,2025-06-06,2,2025-06-08,31.6,24.6,29.4,,,,,,,,,
临沂,ecmwf_ifs025,2025-06-05,3,2025-06-08,30.1,23.8,29.1,,,,,,,,,
临沂,ecmwf_ifs025,2025-06-04,4,2025-06-08,33.0,20.1,29.3,,,,,,,,,
临沂,ecmwf_ifs025,2025-06-03,5,2025-06-08,28.3,20.8,28.0,,,,,,,,,
临沂,ecmwf_ifs025,2025-06-02,6,2025-06-08,26.6,21.1,27.4,,,,,,,,,
临沂,ecmwf_ifs025,2025-06-01,7,2025-06-08,34.7,23.5,26.2,,,,,,,,,
临沂,ecmwf_ifs025,2025-06-08,1,2025-06-09,34.4,22.9,32.0,,,,,,,,,
临沂,ecmwf_ifs025,2025-06-07,2,2025-06-09,35.7,22.5,33.0,,,,,,,,,
临沂,ecmwf_ifs025,2025-06-06,3,2025-06-09,31.8,21.4,33.4,,,,,,,,,
临沂,ecmwf_ifs025,2025-06-05,4,2025-06-09,33.2,21.7,30.4,,,,,,,,,
临沂,ecmwf_ifs025,2025-06-04,5,2025-06-09,34.7,21.0,28.8,,,,,,,,,
临沂,ecmwf_ifs025,2025-06-03,6,2025-06-09,27.8,20.5,27.3,,,,,,,,,
临沂,ecmwf_ifs025,2025-06-02,7,2025-06-09,29.9,24.1,27.9,,,,,,,,,
临沂,ecmwf_ifs025,2025-06-09,1,2025-06-10,31.5,22.5,26.3,,,,,,,,,
临沂,ecmwf_ifs025,2025-06-08,2,2025-06-10,32.2,22.0,25.8,,,,,,,,,
临沂,ecmwf_ifs025,2025-06-07,3,2025-06-10,34.3,22.8,26.5,,,,,,,,,
临沂,ecmwf_ifs025,2025-06-06,4,2025-06-10,29.1,22.4,28.3,,,,,,,,,
临沂,ecmwf_ifs025,2025-06-05,5,2025-06-10,29.0,21.7,28.5,,,,,,,,,
临沂,ecmwf_ifs025,2025-06-04,6,2025-06-10,36.6,21.3,26.7,,,,,,,,,
临沂,ecmwf_ifs025,2025-06-03,7,2025-06-10,31.0,19.2,25.3,,,,,,,,,
临沂,ecmwf_ifs025,2025-06-10,1,2025-06-11,32.5,20.8,27.3,,,,,,,,,
临沂,ecmwf_ifs025,2025-06-09,2,2025-06-11,32.4,20.6,26.6,,,,,,,,,
临沂,ecmwf_ifs025,2025-06-08,3,2025-06-11,32.1,20.2,28.1,,,,,,,,,
临沂,ecmwf_ifs025,2025-06-07,4,2025-06-11,29.7,20.2,23.4,,,,,,,,,
临沂,ecmwf_ifs025,2025-06-06,5,2025-06-11,33.8,21.0,21.7,,,,,,,,,
临沂,ecmwf_ifs025,2025-06-05,6,2025-06-11,32.4,21.0,23.7,,,,,,,,,
临沂,ecmwf_ifs025,2025-06-04,7,2025-06-11,32.4,17.8,24.8,,,,,,,,,
临沂,ecmwf_ifs025,2025-06-11,1,2025-06-12,32.4,21.8,27.1,,,,,,,,,
临沂,ecmwf_ifs025,2025-06-10,2,2025-06-12,30.5,20.4,26.5,,,,,,,,,
临沂,ecmwf_ifs025,2025-06-09,3,2025-06-12,30.9,19.3,27.0,,,,,,,,,
临沂,ecmwf_ifs025,2025-06-08,4,2025-06-12,29.6,18.9,23.2,,,,,,,,,
临沂,ecmwf_ifs025,2025-06-07,5,2025-06-12,29.3,21.1,23.8,,,,,,,,,
临沂,ecmwf_ifs025,2025-06-06,6,2025-06-12,34.4,19.9,22.5,,,,,,,,,
临沂,ecmwf_ifs025,2025-06-05,7,2025-06-12,36.7,23.1,24.0,,,,,,,,,
临沂,ecmwf_ifs025,2025-06-12,1,2025-06-13,28.4,23.1,29.5,,,,,,,,,
临沂,ecmwf_ifs025,2025-06-11,2,2025-06-13,29.9,20.0,29.2,,,,,,,,,
临沂,ecmwf_ifs025,2025-06-10,3,2025-06-13,29.4,21.1,29.6,,,,,,,,,
临沂,ecmwf_ifs025,2025-06-09,4,2025-06-13,31.9,21.3,27.4,,,,,,,,,
临沂,ecmwf_ifs025,2025-06-08,5,2025-06-13,27.4,21.1,27.2,,,,,,,,,
临沂,ecmwf_ifs025,2025-06-07,6,2025-06-13,29.9,21.7,26.7,,,,,,,,,
临沂,ecmwf_ifs025,2025-06-06,7,2025-06-13,35.1,23.9,25.6,,,,,,,,,
临沂,ecmwf_ifs025,2025-06-13,1,2025-06-14,34.5,24.1,30.1,,,,,,,,,
临沂,ecmwf_ifs025,2025-06-12,2,2025-06-14,34.8,23.6,30.6,,,,,,,,,
临沂,ecmwf_ifs025,2025-06-11,3,2025-06-14,35.2,24.0,32.1,,,,,,,,,
临沂,ecmwf_ifs025,2025-06-10,4,2025-06-14,33.7,24.3,32.1,,,,,,,,,
临沂,ecmwf_ifs025,2025-06-09,5,2025-06-14,33.9,22.8,32.0,,,,,,,,,
临沂,ecmwf_ifs025,2025-06-08,6,2025-06-14,33.9,23.9,32.4,,,,,,,,,
临沂,ecmwf_ifs025,2025-06-07,7,2025-06-14,36.4,24.9,31.7,,,,,,,,,
临沂,ecmwf_ifs025,2025-06-14,1,2025-06-15,34.3,24.9,25.7,,,,,,,,,
临沂,ecmwf_ifs025,2025-06-13,2,2025-06-15,35.1,27.4,25.5,,,,,,,,,
临沂,ecmwf_ifs025,2025-06-12,3,2025-06-15,35.7,25.1,25.3,,,,,,,,,
临沂,ecmwf_ifs025,2025-06-11,4,2025-06-15,36.1,26.0,29.5,,,,,,,,,
临沂,ecmwf_ifs025,2025-06-10,5,2025-06-15,30.0,26.5,28.5,,,,,,,,,
临沂,ecmwf_ifs025,2025-06-09,6,2025-06-15,32.0,25.6,29.2,,,,,,,,,
临沂,ecmwf_ifs025,2025-06-08,7,2025-06-15,37.3,21.5,34.2,,,,,,,,,
临沂,ecmwf_ifs025,2025-06-15,1,2025-06-16,34.1,24.8,22.3,,,,,,,,,
临沂,ecmwf_ifs025,2025-06-14,2,2025-06-16,34.6,27.0,22.7,,,,,,,,,
临沂,ecmwf_ifs025,2025-06-13,3,2025-06-16,34.8,27.2,23.8,,,,,,,,,
临沂,ecmwf_ifs025,2025-06-12,4,2025-06-16,35.6,26.1,26.9,,,,,,,,,
临沂,ecmwf_ifs025,2025-06-11,5,2025-06-16,34.9,26.0,28.1,,,,,,,,,
临沂,ecmwf_ifs025,2025-06-10,6,2025-06-16,35.6,27.2,24.9,,,,,,,,,
临沂,ecmwf_ifs025,2025-06-09,7,2025-06-16,35.0,18.7,27.9,,,,,,,,,
临沂,ecmwf_ifs025,2025-06-16,1,2025-06-17,37.6,25.0,29.0,,,,,,,,,
临沂,ecmwf_ifs025,2025-06-15,2,2025-06-17,37.7,24.9,29.3,,,,,,,,,
临沂,ecmwf_ifs025,2025-06-14,3,2025-06-17,37.6,26.1,29.2,,,,,,,,,
临沂,ecmwf_ifs025,2025-06-13,4,2025-06-17,38.8,25.9,30.2,,,,,,,,,
临沂,ecmwf_ifs025,2025-06-12,5,2025-06-17,41.0,27.2,30.5,,,,,,,,,
临沂,ecmwf_ifs025,2025-06-11,6,2025-06-17,39.5,28.3,30.7,,,,,,,,,
临沂,ecmwf_ifs025,2025-06-10,7,2025-06-17,32.0,23.9,29.0,,,,,,,,,
临沂,gfs_seamless,2025-06-17,1,2025-06-18,40.7,28.2,32.1,,,,,,,,,0.0
临沂,gfs_seamless,2025-06-16,2,2025-06-18,39.0,22.8,29.1,,,,,,,,,0.0
临沂,gfs_seamless,2025-06-15,3,2025-06-18,41.0,22.9,32.4,,,,,,,,,0.0
临沂,gfs_seamless,2025-06-14,4,2025-06-18,43.9,25.2,33.8,,,,,,,,,0.0
临沂,gfs_seamless,2025-06-13,5,2025-06-18,42.2,28.9,31.8,,,,,,,,,0.0
临沂,gfs_seamless,2025-06-12,6,2025-06-18,42.7,27.1,32.9,,,,,,,,,0.0
临沂,gfs_seamless,2025-06-11,7,2025-06-18,43.5,29.2,32.8,,,,,,,,,0.0
临沂,gfs_seamless,2025-06-18,1,2025-06-19,28.9,22.6,27.2,,,,,,,,,0.0
临沂,gfs_seamless,2025-06-17,2,2025-06-19,32.4,22.5,26.9,,,,,,,,,0.0
临沂,gfs_seamless,2025-06-16,3,2025-06-19,32.6,24.2,27.8,,,,,,,,,0.0
临沂,gfs_seamless,2025-06-15,4,2025-06-19,34.5,25.7,25.4,,,,,,,,,0.0
临沂,gfs_seamless,2025-06-14,5,2025-06-19,31.1,24.0,28.9,,,,,,,,,0.0
临沂,gfs_seamless,2025-06-13,6,2025-06-19,35.8,21.7,30.5,,,,,,,,,0.0
临沂,gfs_seamless,2025-06-12,7,2025-06-19,37.6,24.9,33.0,,,,,,,,,0.0
临沂,gfs_seamless,2025-06-19,1,2025-06-20,30.9,20.7,27.2,,,,,,,,,0.0
临沂,gfs_seamless,2025-06-18,2,2025-06-20,31.2,22.1,27.4,,,,,,,,,0.0
临沂,gfs_seamless,2025-06-17,3,2025-06-20,34.8,21.1,27.5,,,,,,,,,0.0
临沂,gfs_seamless,2025-06-16,4,2025-06-20,33.8,21.1,26.8,,,,,,,,,0.0
临沂,gfs_seamless,2025-06-15,5,2025-06-20,31.2,21.4,27.8,,,,,,,,,0.0
临沂,gfs_seamless,2025-06-14,6,2025-06-20,33.0,21.5,27.2,,,,,,,,,0.0
临沂,gfs_seamless,2025-06-13,7,2025-06-20,35.6,24.8,30.8,,,,,,,,,0.0
临沂,gfs_seamless,2025-06-20,1,2025-06-21,36.3,23.8,30.0,,,,,,,,,0.0
临沂,gfs_seamless,2025-06-19,2,2025-06-21,36.5,22.8,30.6,,,,,,,,,0.0
临沂,gfs_seamless,2025-06-18,3,2025-06-21,37.8,22.5,27.3,,,,,,,,,0.0
临沂,gfs_seamless,2025-06-17,4,2025-06-21,35.8,22.2,26.7,,,,,,,,,0.0
临沂,gfs_seamless,2025-06-16,5,2025-06-21,38.1,25.5,30.0,,,,,,,,,0.0
临沂,gfs_seamless,2025-06-15,6,2025-06-21,38.9,23.1,28.3,,,,,,,,,0.0
临沂,gfs_seamless,2025-06-14,7,2025-06-21,39.4,26.1,30.6,,,,,,,,,0.0
临沂,gfs_seamless,2025-06-21,1,2025-06-22,38.2,23.6,30.4,,,,,,,,,0.0
临沂,gfs_seamless,2025-06-20,2,2025-06-22,38.4,24.5,31.6,,,,,,,,,0.0
临沂,gfs_seamless,2025-06-19,3,2025-06-22,38.7,25.2,29.0,,,,,,,,,0.0
临沂,gfs_seamless,2025-06-18,4,2025-06-22,38.0,25.8,27.8,,,,,,,,,0.0
临沂,gfs_seamless,2025-06-17,5,2025-06-22,39.2,25.6,28.0,,,,,,,,,0.0
临沂,gfs_seamless,2025-06-16,6,2025-06-22,39.5,26.4,29.9,,,,,,,,,0.0
临沂,gfs_seamless,2025-06-15,7,2025-06-22,39.8,27.4,28.5,,,,,,,,,0.0
临沂,gfs_seamless,2025-06-22,1,2025-06-23,37.4,25.8,30.8,,,,,,,,,0.0
临沂,gfs_seamless,2025-06-21,2,2025-06-23,38.8,25.8,32.0,,,,,,,,,0.0
临沂,gfs_seamless,2025-06-20,3,2025-06-23,39.4,26.8,29.5,,,,,,,,,0.0
临沂,gfs_seamless,2025-06-19,4,2025-06-23,38.7,26.9,28.5,,,,,,,,,0.0
临沂,gfs_seamless,2025-06-18,5,2025-06-23,38.5,25.4,25.7,,,,,,,,,0.0
临沂,gfs_seamless,2025-06-17,6,2025-06-23,40.0,25.6,28.3,,,,,,,,,0.0
临沂,gfs_seamless,2025-06-16,7,2025-06-23,40.7,26.8,30.5,,,,,,,,,0.0
临沂,gfs_seamless,2025-06-23,1,2025-06-24,38.8,24.9,32.2,,,,,,,,,0.0
临沂,gfs_seamless,2025-06-22,2,2025-06-24,38.6,25.3,32.6,,,,,,,,,0.0
临沂,gfs_seamless,2025-06-21,3,2025-06-24,39.7,26.5,30.2,,,,,,,,,0.0
临沂,gfs_seamless,2025-06-20,4,2025-06-24,39.2,26.3,27.5,,,,,,,,,0.0
临沂,gfs_seamless,2025-06-19,5,2025-06-24,37.0,25.4,23.1,,,,,,,,,0.0
临沂,gfs_seamless,2025-06-18,6,2025-06-24,37.9,25.2,27.6,,,,,,,,,0.0
临沂,gfs_seamless,2025-06-17,7,2025-06-24,41.5,27.4,29.2,,,,,,,,,0.0
临沂,gfs_seamless,2025-06-24,1,2025-06-25,38.6,27.3,31.0,,,,,,,,,0.0
临沂,gfs_seamless,2025-06-23,2,2025-06-25,38.7,26.9,43.8,,,,,,,,,0.0
临沂,gfs_seamless,2025-06-22,3,2025-06-25,37.1,26.7,28.7,,,,,,,,,0.0
临沂,gfs_seamless,2025-06-21,4,2025-06-25,37.3,26.7,28.9,,,,,,,,,0.0
临沂,gfs_seamless,2025-06-20,5,2025-06-25,37.2,24.6,26.8,,,,,,,,,0.0
临沂,gfs_seamless,2025-06-19,6,2025-06-25,35.2,23.3,25.6,,,,,,,,,0.0
临沂,gfs_seamless,2025-06-18,7,2025-06-25,37.7,26.3,29.1,,,,,,,,,0.0
临沂,gfs_seamless,2025-06-25,1,2025-06-26,28.5,21.6,24.0,,,,,,,,,0.0
临沂,gfs_seamless,2025-06-24,2,2025-06-26,30.5,20.9,23.7,,,,,,,,,0.0
临沂,gfs_seamless,2025-06-23,3,2025-06-26,28.1,21.5,25.0,,,,,,,,,0.0
临沂,gfs_seamless,2025-06-22,4,2025-06-26,29.0,22.3,25.1,,,,,,,,,0.0
临沂,gfs_seamless,2025-06-21,5,2025-06-26,29.7,20.9,24.7,,,,,,,,,0.0
临沂,gfs_seamless,2025-06-20,6,2025-06-26,30.6,22.1,23.0,,,,,,,,,0.0
临沂,gfs_seamless,2025-06-19,7,2025-06-26,35.4,23.8,23.9,,,,,,,,,0.0
临沂,gfs_seamless,2025-06-26,1,2025-06-27,29.1,22.0,26.4,,,,,,,,,0.0
临沂,gfs_seamless,2025-06-25,2,2025-06-27,31.2,20.7,28.3,,,,,,,,,0.0
临沂,gfs_seamless,2025-06-24,3,2025-06-27,29.2,19.9,28.3,,,,,,,,,0.0
临沂,gfs_seamless,2025-06-23,4,2025-06-27,28.3,19.7,27.7,,,,,,,,,0.0
临沂,gfs_seamless,2025-06-22,5,2025-06-27,23.2,20.3,26.2,,,,,,,,,0.0
临沂,gfs_seamless,2025-06-21,6,2025-06-27,22.0,18.4,24.2,,,,,,,,,0.0
临沂,gfs_seamless,2025-06-20,7,2025-06-27,25.6,18.3,22.3,,,,,,,,,0.0
临沂,gfs_seamless,2025-06-27,1,2025-06-28,32.7,21.1,28.2,,,,,,,,,0.0
临沂,gfs_seamless,2025-06-26,2,2025-06-28,32.7,20.7,31.1,,,,,,,,,0.0
临沂,gfs_seamless,2025-06-25,3,2025-06-28,31.8,21.1,31.3,,,,,,,,,0.0
临沂,gfs_seamless,2025-06-24,4,2025-06-28,33.2,23.0,29.5,,,,,,,,,0.0
临沂,gfs_seamless,2025-06-23,5,2025-06-28,33.5,19.8,29.1,,,,,,,,,0.0
临沂,gfs_seamless,2025-06-22,6,2025-06-28,34.7,19.6,28.9,,,,,,,,,0.0
临沂,gfs_seamless,2025-06-21,7,2025-06-28,29.4,18.0,28.2,,,,,,,,,0.0
临沂,gfs_seamless,2025-06-28,1,2025-06-29,33.4,23.5,30.7,,,,,,,,,0.0
临沂,gfs_seamless,2025-06-27,2,2025-06-29,31.8,24.3,29.3,,,,,,,,,0.0
临沂,gfs_seamless,2025-06-26,3,2025-06-29,29.9,22.2,31.2,,,,,,,,,0.0
临沂,gfs_seamless,2025-06-25,4,2025-06-29,31.4,21.4,30.5,,,,,,,,,0.0
临沂,gfs_seamless,2025-06-24,5,2025-06-29,34.7,23.6,29.2,,,,,,,,,0.0
临沂,gfs_seamless,2025-06-23,6,2025-06-29,36.8,24.2,31.6,,,,,,,,,0.0
临沂,gfs_seamless,2025-06-22,7,2025-06-29,37.7,23.3,30.2,,,,,,,,,0.0
临沂,gfs_seamless,2025-06-29,1,2025-06-30,35.9,23.1,31.7,,,,,,,,,0.0
临沂,gfs_seamless,2025-06-28,2,2025-06-30,34.5,24.2,32.2,,,,,,,,,0.0
临沂,gfs_seamless,2025-06-27,3,2025-06-30,34.7,23.6,31.8,,,,,,,,,0.0
临沂,gfs_seamless,2025-06-26,4,2025-06-30,34.2,22.2,33.2,,,,,,,,,0.0
临沂,gfs_seamless,2025-06-25,5,2025-06-30,35.6,23.4,32.7,,,,,,,,,0.0
临沂,gfs_seamless,2025-06-24,6,2025-06-30,30.7,24.1,31.8,,,,,,,,,0.0
临沂,gfs_seamless,2025-06-23,7,2025-06-30,35.2,23.3,31.5,,,,,,,,,0.0
临沂,gfs_seamless,2025-06-30,1,2025-07-01,30.6,25.4,31.2,,,,,,,,,0.0
临沂,gfs_seamless,2025-06-29,2,2025-07-01,31.2,24.6,35.4,,,,,,,,,0.0
临沂,gfs_seamless,2025-06-28,3,2025-07-01,31.6,24.5,34.5,,,,,,,,,0.0
临沂,gfs_seamless,2025-06-27,4,2025-07-01,31.2,24.4,34.8,,,,,,,,,0.0
临沂,gfs_seamless,2025-06-26,5,2025-07-01,30.8,25.1,33.4,,,,,,,,,0.0
临沂,gfs_seamless,2025-06-25,6,2025-07-01,36.8,27.0,34.2,,,,,,,,,0.0
临沂,gfs_seamless,2025-06-24,7,2025-07-01,33.1,24.8,32.1,,,,,,,,,0.0
临沂,jma_seamless,2025-07-01,1,2025-07-02,33.1,27.2,35.1,,,,,,,,,
临沂,jma_seamless,2025-06-30,2,2025-07-02,32.5,27.2,35.4,,,,,,,,,
临沂,jma_seamless,2025-06-29,3,2025-07-02,33.0,24.2,32.1,,,,,,,,,
临沂,jma_seamless,2025-06-28,4,2025-07-02,32.8,23.6,34.0,,,,,,,,,
临沂,jma_seamless,2025-06-27,5,2025-07-02,29.9,24.1,32.1,,,,,,,,,
临沂,jma_seamless,2025-06-26,6,2025-07-02,36.2,27.6,37.7,,,,,,,,,
临沂,jma_seamless,2025-06-25,7,2025-07-02,36.4,30.1,37.7,,,,,,,,,
临沂,jma_seamless,2025-07-02,1,2025-07-03,36.3,28.4,36.3,,,,,,,,,
临沂,jma_seamless,2025-07-01,2,2025-07-03,36.5,28.4,36.1,,,,,,,,,
临沂,jma_seamless,2025-06-30,3,2025-07-03,33.9,26.1,35.9,,,,,,,,,
临沂,jma_seamless,2025-06-29,4,2025-07-03,34.4,26.3,35.0,,,,,,,,,
临沂,jma_seamless,2025-06-28,5,2025-07-03,34.0,27.1,35.6,,,,,,,,,
临沂,jma_seamless,2025-06-27,6,2025-07-03,37.4,29.0,38.1,,,,,,,,,
临沂,jma_seamless,2025-06-26,7,2025-07-03,38.4,30.7,37.9,,,,,,,,,
临沂,jma_seamless,2025-07-03,1,2025-07-04,38.3,29.3,36.7,,,,,,,,,
临沂,jma_seamless,2025-07-02,2,2025-07-04,39.2,29.8,38.1,,,,,,,,,
临沂,jma_seamless,2025-07-01,3,2025-07-04,37.8,26.7,37.5,,,,,,,,,
临沂,jma_seamless,2025-06-30,4,2025-07-04,35.2,27.6,37.0,,,,,,,,,
临沂,jma_seamless,2025-06-29,5,2025-07-04,36.1,27.8,38.1,,,,,,,,,
临沂,jma_seamless,2025-06-28,6,2025-07-04,39.0,30.3,38.4,,,,,,,,,
临沂,jma_seamless,2025-06-27,7,2025-07-04,38.9,30.8,39.4,,,,,,,,,
临沂,jma_seamless,2025-07-04,1,2025-07-05,38.6,29.6,37.5,,,,,,,,,
临沂,jma_seamless,2025-07-03,2,2025-07-05,39.2,30.4,37.9,,,,,,,,,
临沂,jma_seamless,2025-07-02,3,2025-07-05,39.5,29.7,37.7,,,,,,,,,
临沂,jma_seamless,2025-07-01,4,2025-07-05,34.3,26.8,37.0,,,,,,,,,
临沂,jma_seamless,2025-06-30,5,2025-07-05,35.7,27.2,38.5,,,,,,,,,
临沂,jma_seamless,2025-06-29,6,2025-07-05,37.9,28.4,38.9,,,,,,,,,
临沂,jma_seamless,2025-06-28,7,2025-07-05,39.3,30.8,40.0,,,,,,,,,
临沂,jma_seamless,2025-07-05,1,2025-07-06,37.5,28.2,38.0,,,,,,,,,
临沂,jma_seamless,2025-07-04,2,2025-07-06,39.1,29.6,33.8,,,,,,,,,
临沂,jma_seamless,2025-07-03,3,2025-07-06,39.7,29.5,34.4,,,,,,,,,
临沂,jma_seamless,2025-07-02,4,2025-07-06,32.7,25.6,33.1,,,,,,,,,
临沂,jma_seamless,2025-07-01,5,2025-07-06,33.1,24.5,35.2,,,,,,,,,
临沂,jma_seamless,2025-06-30,6,2025-07-06,39.7,28.4,39.0,,,,,,,,,
临沂,jma_seamless,2025-06-29,7,2025-07-06,39.1,28.4,38.9,,,,,,,,,
临沂,jma_seamless,2025-07-06,1,2025-07-07,30.4,26.6,33.0,,,,,,,,,
临沂,jma_seamless,2025-07-05,2,2025-07-07,34.3,27.2,32.3,,,,,,,,,
临沂,jma_seamless,2025-07-04,3,2025-07-07,33.3,26.4,35.3,,,,,,,,,
临沂,jma_seamless,2025-07-03,4,2025-07-07,34.3,23.8,33.5,,,,,,,,,
临沂,jma_seamless,2025-07-02,5,2025-07-07,35.2,24.6,35.2,,,,,,,,,
临沂,jma_seamless,2025-07-01,6,2025-07-07,36.0,27.8,39.3,,,,,,,,,
临沂,jma_seamless,2025-06-30,7,2025-07-07,38.6,27.4,39.1,,,,,,,,,
临沂,jma_seamless,2025-07-07,1,2025-07-08,29.3,26.3,34.6,,,,,,,,,
临沂,jma_seamless,2025-07-06,2,2025-07-08,32.8,24.0,35.2,,,,,,,,,
临沂,jma_seamless,2025-07-05,3,2025-07-08,29.4,25.5,32.6,,,,,,,,,
临沂,jma_seamless,2025-07-04,4,2025-07-08,32.2,24.9,35.4,,,,,,,,,
临沂,jma_seamless,2025-07-03,5,2025-07-08,35.0,24.2,34.8,,,,,,,,,
临沂,jma_seamless,2025-07-02,6,2025-07-08,37.9,25.0,37.8,,,,,,,,,
临沂,jma_seamless,2025-07-01,7,2025-07-08,32.0,27.2,37.8,,,,,,,,,
临沂,jma_seamless,2025-07-08,1,2025-07-09,29.5,26.2,34.9,,,,,,,,,
临沂,jma_seamless,2025-07-07,2,2025-07-09,34.3,24.9,34.9,,,,,,,,,
临沂,jma_seamless,2025-07-06,3,2025-07-09,29.7,25.4,32.0,,,,,,,,,
临沂,jma_seamless,2025-07-05,4,2025-07-09,33.7,26.2,35.2,,,,,,,,,
临沂,jma_seamless,2025-07-04,5,2025-07-09,32.4,26.8,35.8,,,,,,,,,
临沂,jma_seamless,2025-07-03,6,2025-07-09,28.2,25.0,31.7,,,,,,,,,
临沂,jma_seamless,2025-07-02,7,2025-07-09,30.5,25.3,35.2,,,,,,,,,
临沂,jma_seamless,2025-07-09,1,2025-07-10,29.7,26.6,35.1,,,,,,,,,
临沂,jma_seamless,2025-07-08,2,2025-07-10,34.7,26.4,35.2,,,,,,,,,
临沂,jma_seamless,2025-07-07,3,2025-07-10,28.6,25.6,31.4,,,,,,,,,
临沂,jma_seamless,2025-07-06,4,2025-07-10,33.9,26.3,35.3,,,,,,,,,
临沂,jma_seamless,2025-07-05,5,2025-07-10,29.4,25.6,34.8,,,,,,,,,
临沂,jma_seamless,2025-07-04,6,2025-07-10,27.9,25.3,31.4,,,,,,,,,
临沂,jma_seamless,2025-07-03,7,2025-07-10,28.3,24.9,32.0,,,,,,,,,
临沂,jma_seamless,2025-07-10,1,2025-07-11,31.3,26.6,35.6,,,,,,,,,
临沂,jma_seamless,2025-07-09,2,2025-07-11,35.9,27.4,35.6,,,,,,,,,
临沂,jma_seamless,2025-07-08,3,2025-07-11,29.8,25.9,31.9,,,,,,,,,
临沂,jma_seamless,2025-07-07,4,2025-07-11,35.8,26.5,35.9,,,,,,,,,
临沂,jma_seamless,2025-07-06,5,2025-07-11,29.2,25.1,36.2,,,,,,,,,
临沂,jma_seamless,2025-07-05,6,2025-07-11,29.9,25.3,32.4,,,,,,,,,
临沂,jma_seamless,2025-07-04,7,2025-07-11,29.7,25.3,32.8,,,,,,,,,
临沂,jma_seamless,2025-07-11,1,2025-07-12,32.5,27.0,35.8,,,,,,,,,
临沂,jma_seamless,2025-07-10,2,2025-07-12,35.9,27.4,36.1,,,,,,,,,
临沂,jma_seamless,2025-07-09,3,2025-07-12,30.6,25.9,33.9,,,,,,,,,
临沂,jma_seamless,2025-07-08,4,2025-07-12,35.5,27.1,36.2,,,,,,,,,
临沂,jma_seamless,2025-07-07,5,2025-07-12,31.4,24.4,32.0,,,,,,,,,
临沂,jma_seamless,2025-07-06,6,2025-07-12,30.7,24.3,32.4,,,,,,,,,
临沂,jma_seamless,2025-07-05,7,2025-07-12,28.2,25.2,35.9,,,,,,,,,
临沂,jma_seamless,2025-07-12,1,2025-07-13,32.9,27.1,34.7,,,,,,,,,
临沂,jma_seamless,2025-07-11,2,2025-07-13,36.4,26.6,36.9,,,,,,,,,
临沂,jma_seamless,2025-07-10,3,2025-07-13,34.3,25.2,38.0,,,,,,,,,
临沂,jma_seamless,2025-07-09,4,2025-07-13,37.1,27.2,37.7,,,,,,,,,
临沂,jma_seamless,2025-07-08,5,2025-07-13,33.9,23.6,34.6,,,,,,,,,
临沂,jma_seamless,2025-07-07,6,2025-07-13,33.5,23.7,34.6,,,,,,,,,
临沂,jma_seamless,2025-07-06,7,2025-07-13,33.7,24.5,37.4,,,,,,,,,
临沂,jma_seamless,2025-07-13,1,2025-07-14,34.9,26.1,30.4,,,,,,,,,
临沂,jma_seamless,2025-07-12,2,2025-07-14,36.3,25.7,33.3,,,,,,,,,
临沂,jma_seamless,2025-07-11,3,2025-07-14,34.6,25.3,34.6,,,,,,,,,
临沂,jma_seamless,2025-07-10,4,2025-07-14,38.2,29.2,37.4,,,,,,,,,
临沂,jma_seamless,2025-07-09,5,2025-07-14,33.7,26.7,37.2,,,,,,,,,
临沂,jma_seamless,2025-07-08,6,2025-07-14,36.4,27.6,36.7,,,,,,,,,
临沂,jma_seamless,2025-07-07,7,2025-07-14,37.9,27.1,37.5,,,,,,,,,
临沂,jma_seamless,2025-07-14,1,2025-07-15,32.3,24.0,28.7,,,,,,,,,
临沂,jma_seamless,2025-07-13,2,2025-07-15,38.0,26.8,32.9,,,,,,,,,
临沂,jma_seamless,2025-07-12,3,2025-07-15,35.9,25.6,34.2,,,,,,,,,
临沂,jma_seamless,2025-07-11,4,2025-07-15,37.7,30.7,37.1,,,,,,,,,
临沂,jma_seamless,2025-07-10,5,2025-07-15,38.1,26.6,35.9,,,,,,,,,
临沂,jma_seamless,2025-07-09,6,2025-07-15,38.9,27.7,37.1,,,,,,,,,
临沂,jma_seamless,2025-07-08,7,2025-07-15,38.2,29.3,38.2,,,,,,,,,
临沂,gfs_seamless,2025-07-15,1,2025-07-16,37.4,25.3,34.7,,,,,,,,,
临沂,gfs_seamless,2025-07-14,2,2025-07-16,37.2,24.0,34.4,,,,,,,,,
临沂,gfs_seamless,2025-07-13,3,2025-07-16,39.9,24.6,34.4,,,,,,,,,
临沂,gfs_seamless,2025-07-12,4,2025-07-16,34.1,21.7,30.5,,,,,,,,,
临沂,gfs_seamless,2025-07-11,5,2025-07-16,36.0,24.1,33.1,,,,,,,,,
临沂,gfs_seamless,2025-07-10,6,2025-07-16,34.8,25.3,33.2,,,,,,,,,
临沂,gfs_seamless,2025-07-09,7,2025-07-16,38.3,21.8,31.8,,,,,,,,,
临沂,jma_seamless,2025-07-15,1,2025-07-16,30.1,23.7,31.6,,,,,,54.3,,,
临沂,jma_seamless,2025-07-14,2,2025-07-16,30.1,26.1,33.8,,,,,,52.2,,,
临沂,jma_seamless,2025-07-13,3,2025-07-16,31.2,24.1,32.1,,,,,,44.8,,,
临沂,jma_seamless,2025-07-12,4,2025-07-16,31.1,25.3,32.3,,,,,,47.1,,,
临沂,jma_seamless,2025-07-11,5,2025-07-16,33.9,27.7,35.2,,,,,,18.5,,,
临沂,jma_seamless,2025-07-10,6,2025-07-16,33.5,26.7,39.4,,,,,,35.8,,,
临沂,jma_seamless,2025-07-09,7,2025-07-16,38.7,25.7,40.1,,,,,,16.2,,,
临沂,gfs_seamless,2025-07-16,1,2025-07-17,33.9,23.7,30.6,,,,,,,,,
临沂,gfs_seamless,2025-07-15,2,2025-07-17,33.8,24.3,31.5,,,,,,,,,
临沂,gfs_seamless,2025-07-14,3,2025-07-17,34.3,23.6,31.3,,,,,,,,,
临沂,gfs_seamless,2025-07-13,4,2025-07-17,36.3,24.0,31.6,,,,,,,,,
临沂,gfs_seamless,2025-07-12,5,2025-07-17,36.3,22.4,31.2,,,,,,,,,
临沂,gfs_seamless,2025-07-11,6,2025-07-17,33.1,24.2,30.2,,,,,,,,,
临沂,gfs_seamless,2025-07-10,7,2025-07-17,35.5,25.2,31.5,,,,,,,,,
临沂,jma_seamless,2025-07-16,1,2025-07-17,30.1,23.9,30.1,,,,,,23.2,,,
临沂,jma_seamless,2025-07-15,2,2025-07-17,32.5,24.8,31.3,,,,,,36.2,,,
临沂,jma_seamless,2025-07-14,3,2025-07-17,31.6,24.9,30.9,,,,,,56.8,,,
临沂,jma_seamless,2025-07-13,4,2025-07-17,30.9,25.9,44.9,,,,,,46.5,,,
临沂,jma_seamless,2025-07-12,5,2025-07-17,32.7,26.4,33.9,,,,,,26.4,,,
临沂,jma_seamless,2025-07-11,6,2025-07-17,32.5,25.6,33.8,,,,,,20.9,,,
临沂,jma_seamless,2025-07-10,7,2025-07-17,33.0,25.2,35.0,,,,,,56.1,,,
临沂,gfs_seamless,2025-07-17,1,2025-07-18,35.4,24.7,31.6,,,,,,,,,
临沂,gfs_seamless,2025-07-16,2,2025-07-18,35.2,24.1,31.5,,,,,,,,,
临沂,gfs_seamless,2025-07-15,3,2025-07-18,34.9,23.5,30.9,,,,,,,,,
临沂,gfs_seamless,2025-07-14,4,2025-07-18,36.5,23.7,30.8,,,,,,,,,
临沂,gfs_seamless,2025-07-13,5,2025-07-18,36.3,23.4,30.3,,,,,,,,,
临沂,gfs_seamless,2025-07-12,6,2025-07-18,35.3,23.4,31.3,,,,,,,,,
临沂,gfs_seamless,2025-07-11,7,2025-07-18,33.4,23.7,30.8,,,,,,,,,
临沂,jma_seamless,2025-07-17,1,2025-07-18,32.0,24.6,31.9,,,,,,24.7,,,
临沂,jma_seamless,2025-07-16,2,2025-07-18,31.4,25.1,32.2,,,,,,23.8,,,
临沂,jma_seamless,2025-07-15,3,2025-07-18,33.6,24.1,32.0,,,,,,10.3,,,
临沂,jma_seamless,2025-07-14,4,2025-07-18,32.7,25.6,33.0,,,,,,17.1,,,
临沂,jma_seamless,2025-07-13,5,2025-07-18,31.9,26.2,33.8,,,,,,3.5,,,
临沂,jma_seamless,2025-07-12,6,2025-07-18,31.6,26.6,36.1,,,,,,22.4,,,
临沂,jma_seamless,2025-07-11,7,2025-07-18,32.2,26.1,35.1,,,,,,49.2,,,
临沂,gfs_seamless,2025-07-18,1,2025-07-19,33.9,23.9,31.4,,,,,,,,,
临沂,gfs_seamless,2025-07-17,2,2025-07-19,33.9,23.6,31.0,,,,,,,,,
临沂,gfs_seamless,2025-07-16,3,2025-07-19,33.7,23.3,31.2,,,,,,,,,
临沂,gfs_seamless,2025-07-15,4,2025-07-19,34.6,22.7,31.0,,,,,,,,,
临沂,gfs_seamless,2025-07-14,5,2025-07-19,35.2,23.9,31.5,,,,,,,,,
临沂,gfs_seamless,2025-07-13,6,2025-07-19,34.4,22.3,30.8,,,,,,,,,
临沂,gfs_seamless,2025-07-12,7,2025-07-19,36.5,24.2,32.9,,,,,,,,,
临沂,jma_seamless,2025-07-18,1,2025-07-19,29.5,26.1,31.8,,,,,,16.0,,,
临沂,jma_seamless,2025-07-17,2,2025-07-19,29.2,26.4,32.2,,,,,,15.8,,,
临沂,jma_seamless,2025-07-16,3,2025-07-19,30.4,26.1,32.9,,,,,,16.8,,,
临沂,jma_seamless,2025-07-15,4,2025-07-19,31.0,25.4,33.6,,,,,,19.7,,,
临沂,jma_seamless,2025-07-14,5,2025-07-19,32.0,26.3,33.7,,,,,,28.2,,,
临沂,jma_seamless,2025-07-13,6,2025-07-19,32.6,26.9,34.9,,,,,,56.8,,,
临沂,jma_seamless,2025-07-12,7,2025-07-19,33.6,27.2,35.4,,,,,,51.2,,,
临沂,gfs_seamless,2025-07-19,1,2025-07-20,36.9,25.7,34.4,,,,,,,,,
临沂,gfs_seamless,2025-07-18,2,2025-07-20,37.1,25.2,33.8,,,,,,,,,
临沂,gfs_seamless,2025-07-17,3,2025-07-20,31.4,25.0,32.5,,,,,,,,,
临沂,gfs_seamless,2025-07-16,4,2025-07-20,30.7,24.9,31.2,,,,,,,,,
临沂,gfs_seamless,2025-07-15,5,2025-07-20,33.1,24.8,32.3,,,,,,,,,
临沂,gfs_seamless,2025-07-14,6,2025-07-20,35.9,24.1,33.5,,,,,,,,,
临沂,gfs_seamless,2025-07-13,7,2025-07-20,33.0,24.3,32.3,,,,,,,,,
临沂,jma_seamless,2025-07-19,1,2025-07-20,30.9,27.1,33.7,,,,,,69.6,,,
临沂,jma_seamless,2025-07-18,2,2025-07-20,30.4,27.3,33.7,,,,,,66.8,,,
临沂,jma_seamless,2025-07-17,3,2025-07-20,30.8,27.3,33.6,,,,,,64.6,,,
临沂,jma_seamless,2025-07-16,4,2025-07-20,30.4,27.4,33.8,,,,,,66.5,,,
临沂,jma_seamless,2025-07-15,5,2025-07-20,30.9,27.3,34.6,,,,,,52.9,,,
临沂,jma_seamless,2025-07-14,6,2025-07-20,30.4,27.4,35.5,,,,,,71.6,,,
临沂,jma_seamless,2025-07-13,7,2025-07-20,29.0,27.2,36.7,,,,,,74.6,,,
临沂,gfs_seamless,2025-07-20,1,2025-07-21,35.6,25.9,34.3,,,,,,,,,
临沂,gfs_seamless,2025-07-19,2,2025-07-21,35.0,25.2,33.6,,,,,,,,,
临沂,gfs_seamless,2025-07-18,3,2025-07-21,35.1,25.9,32.7,,,,,,,,,
临沂,gfs_seamless,2025-07-17,4,2025-07-21,30.2,23.5,31.0,,,,,,,,,
临沂,gfs_seamless,2025-07-16,5,2025-07-21,35.8,25.6,33.2,,,,,,,,,
临沂,gfs_seamless,2025-07-15,6,2025-07-21,36.1,25.3,33.1,,,,,,,,,
临沂,gfs_seamless,2025-07-14,7,2025-07-21,36.6,25.4,32.8,,,,,,,,,
临沂,jma_seamless,2025-07-20,1,2025-07-21,30.2,27.2,33.7,,,,,,61.0,,,
临沂,jma_seamless,2025-07-19,2,2025-07-21,30.5,27.3,33.7,,,,,,48.9,,,
临沂,jma_seamless,2025-07-18,3,2025-07-21,30.6,27.4,33.6,,,,,,58.2,,,
临沂,jma_seamless,2025-07-17,4,2025-07-21,30.6,27.2,33.5,,,,,,38.0,,,
临沂,jma_seamless,2025-07-16,5,2025-07-21,30.1,27.5,33.1,,,,,,51.5,,,
临沂,jma_seamless,2025-07-15,6,2025-07-21,31.6,27.2,33.7,,,,,,59.2,,,
临沂,jma_seamless,2025-07-14,7,2025-07-21,29.0,26.7,33.0,,,,,,82.6,,,
临沂,gfs_seamless,2025-07-21,1,2025-07-22,35.8,25.6,33.0,,,,,,,,,
临沂,gfs_seamless,2025-07-20,2,2025-07-22,35.0,25.2,32.6,,,,,,,,,
临沂,gfs_seamless,2025-07-19,3,2025-07-22,33.8,25.1,32.2,,,,,,,,,
临沂,gfs_seamless,2025-07-18,4,2025-07-22,34.9,25.1,32.3,,,,,,,,,
临沂,gfs_seamless,2025-07-17,5,2025-07-22,30.8,24.5,31.3,,,,,,,,,
临沂,gfs_seamless,2025-07-16,6,2025-07-22,35.4,25.0,32.6,,,,,,,,,
临沂,gfs_seamless,2025-07-15,7,2025-07-22,34.4,24.6,31.8,,,,,,,,,
临沂,jma_seamless,2025-07-21,1,2025-07-22,29.4,27.0,33.0,,,,,,61.2,,,
临沂,jma_seamless,2025-07-20,2,2025-07-22,29.5,27.2,33.0,,,,,,43.7,,,
临沂,jma_seamless,2025-07-19,3,2025-07-22,29.9,26.9,33.0,,,,,,40.3,,,
临沂,jma_seamless,2025-07-18,4,2025-07-22,29.5,26.9,33.1,,,,,,39.6,,,
临沂,jma_seamless,2025-07-17,5,2025-07-22,29.7,27.3,33.0,,,,,,17.2,,,
临沂,jma_seamless,2025-07-16,6,2025-07-22,29.6,27.4,33.8,,,,,,42.6,,,
临沂,jma_seamless,2025-07-15,7,2025-07-22,30.5,26.6,34.5,,,,,,52.9,,,
临沂,gfs_seamless,2025-07-22,1,2025-07-23,35.5,24.5,32.5,,,,,,,,,
临沂,gfs_seamless,2025-07-21,2,2025-07-23,35.5,24.4,32.3,,,,,,,,,
临沂,gfs_seamless,2025-07-20,3,2025-07-23,35.1,24.0,32.0,,,,,,,,,
临沂,gfs_seamless,2025-07-19,4,2025-07-23,34.4,23.8,31.3,,,,,,,,,
临沂,gfs_seamless,2025-07-18,5,2025-07-23,34.4,24.1,31.6,,,,,,,,,
临沂,gfs_seamless,2025-07-17,6,2025-07-23,31.6,23.6,30.4,,,,,,,,,
临沂,gfs_seamless,2025-07-16,7,2025-07-23,35.2,23.5,31.6,,,,,,,,,
临沂,jma_seamless,2025-07-22,1,2025-07-23,30.0,26.9,32.7,,,,,,51.0,,,
临沂,jma_seamless,2025-07-21,2,2025-07-23,29.4,27.1,32.6,,,,,,34.8,,,
临沂,jma_seamless,2025-07-20,3,2025-07-23,29.3,26.8,32.5,,,,,,38.0,,,
临沂,jma_seamless,2025-07-19,4,2025-07-23,29.5,27.2,33.0,,,,,,24.8,,,
临沂,jma_seamless,2025-07-18,5,2025-07-23,28.8,27.0,32.1,,,,,,53.3,,,
临沂,jma_seamless,2025-07-17,6,2025-07-23,30.4,27.3,35.0,,,,,,40.1,,,
临沂,jma_seamless,2025-07-16,7,2025-07-23,30.1,27.5,33.4,,,,,,54.8,,,
临沂,gfs_seamless,2025-07-23,1,2025-07-24,35.1,24.5,32.5,,,,,,,,,
临沂,gfs_seamless,2025-07-22,2,2025-07-24,35.9,24.3,32.2,,,,,,,,,
临沂,gfs_seamless,2025-07-21,3,2025-07-24,34.6,24.0,31.3,,,,,,,,,
临沂,gfs_seamless,2025-07-20,4,2025-07-24,35.0,23.2,31.0,,,,,,,,,
临沂,gfs_seamless,2025-07-19,5,2025-07-24,34.3,23.0,30.8,,,,,,,,,
临沂,gfs_seamless,2025-07-18,6,2025-07-24,33.9,23.1,30.8,,,,,,,,,
临沂,gfs_seamless,2025-07-17,7,2025-07-24,32.8,24.1,30.3,,,,,,,,,
临沂,jma_seamless,2025-07-23,1,2025-07-24,29.3,26.8,32.3,,,,,,19.5,,,
临沂,jma_seamless,2025-07-22,2,2025-07-24,30.0,26.7,32.2,,,,,,17.0,,,
临沂,jma_seamless,2025-07-21,3,2025-07-24,29.3,26.9,32.2,,,,,,25.1,,,
临沂,jma_seamless,2025-07-20,4,2025-07-24,29.4,26.8,32.7,,,,,,21.4,,,
临沂,jma_seamless,2025-07-19,5,2025-07-24,29.3,27.0,32.0,,,,,,49.2,,,
临沂,jma_seamless,2025-07-18,6,2025-07-24,29.4,27.1,35.3,,,,,,49.4,,,
临沂,jma_seamless,2025-07-17,7,2025-07-24,30.1,27.4,33.9,,,,,,35.7,,,
临沂,gfs_seamless,2025-07-24,1,2025-07-25,35.8,24.1,32.1,,,,,,,,,
临沂,gfs_seamless,2025-07-23,2,2025-07-25,34.7,23.5,31.2,,,,,,,,,
临沂,gfs_seamless,2025-07-22,3,2025-07-25,34.8,22.8,31.2,,,,,,,,,
临沂,gfs_seamless,2025-07-21,4,2025-07-25,34.7,22.9,30.9,,,,,,,,,
临沂,gfs_seamless,2025-07-20,5,2025-07-25,34.5,22.3,30.4,,,,,,,,,
临沂,gfs_seamless,2025-07-19,6,2025-07-25,35.7,23.3,31.4,,,,,,,,,
临沂,gfs_seamless,2025-07-18,7,2025-07-25,35.6,24.6,30.6,,,,,,,,,
临沂,jma_seamless,2025-07-24,1,2025-07-25,28.7,26.1,31.8,,,,,,32.6,,,
临沂,jma_seamless,2025-07-23,2,2025-07-25,28.6,25.9,31.6,,,,,,19.4,,,
临沂,jma_seamless,2025-07-22,3,2025-07-25,28.7,26.1,32.0,,,,,,23.2,,,
临沂,jma_seamless,2025-07-21,4,2025-07-25,29.4,26.6,32.8,,,,,,19.3,,,
临沂,jma_seamless,2025-07-20,5,2025-07-25,29.7,26.7,32.9,,,,,,26.2,,,
临沂,jma_seamless,2025-07-19,6,2025-07-25,29.9,27.1,36.1,,,,,,26.0,,,
临沂,jma_seamless,2025-07-18,7,2025-07-25,30.1,27.5,35.2,,,,,,23.1,,,
临沂,gfs_seamless,2025-07-25,1,2025-07-26,34.2,24.5,32.2,,,,,,,,,
临沂,gfs_seamless,2025-07-24,2,2025-07-26,34.2,23.3,31.8,,,,,,,,,
临沂,gfs_seamless,2025-07-23,3,2025-07-26,34.6,23.2,31.8,,,,,,,,,
临沂,gfs_seamless,2025-07-22,4,2025-07-26,35.2,23.2,31.6,,,,,,,,,
临沂,gfs_seamless,2025-07-21,5,2025-07-26,34.1,23.3,30.9,,,,,,,,,
临沂,gfs_seamless,2025-07-20,6,2025-07-26,34.5,24.4,30.1,,,,,,,,,
临沂,gfs_seamless,2025-07-19,7,2025-07-26,36.7,25.1,30.5,,,,,,,,,
临沂,jma_seamless,2025-07-25,1,2025-07-26,29.2,26.1,32.5,,,,,,49.2,,,
临沂,jma_seamless,2025-07-24,2,2025-07-26,29.4,25.8,32.3,,,,,,57.5,,,
临沂,jma_seamless,2025-07-23,3,2025-07-26,29.4,25.9,32.0,,,,,,46.0,,,
临沂,jma_seamless,2025-07-22,4,2025-07-26,29.1,26.5,32.5,,,,,,38.5,,,
临沂,jma_seamless,2025-07-21,5,2025-07-26,29.8,26.7,34.5,,,,,,24.6,,,
临沂,jma_seamless,2025-07-20,6,2025-07-26,29.0,26.0,33.7,,,,,,32.2,,,
临沂,jma_seamless,2025-07-19,7,2025-07-26,30.7,27.2,36.1,,,,,,25.9,,,
临沂,gfs_seamless,2025-07-26,1,2025-07-27,35.2,24.7,32.8,,,,,,,,,
临沂,gfs_seamless,2025-07-25,2,2025-07-27,34.3,24.5,32.5,,,,,,,,,
临沂,gfs_seamless,2025-07-24,3,2025-07-27,34.0,23.9,32.0,,,,,,,,,
临沂,gfs_seamless,2025-07-23,4,2025-07-27,34.0,24.1,32.0,,,,,,,,,
临沂,gfs_seamless,2025-07-22,5,2025-07-27,36.1,23.6,31.5,,,,,,,,,
临沂,gfs_seamless,2025-07-21,6,2025-07-27,32.7,25.1,31.6,,,,,,,,,
临沂,gfs_seamless,2025-07-20,7,2025-07-27,33.8,24.1,30.9,,,,,,,,,
临沂,jma_seamless,2025-07-26,1,2025-07-27,30.8,26.6,33.3,,,,,,54.0,,,
临沂,jma_seamless,2025-07-25,2,2025-07-27,30.3,26.6,32.8,,,,,,44.0,,,
临沂,jma_seamless,2025-07-24,3,2025-07-27,29.9,26.4,32.4,,,,,,44.1,,,
临沂,jma_seamless,2025-07-23,4,2025-07-27,28.9,26.2,32.6,,,,,,49.0,,,
临沂,jma_seamless,2025-07-22,5,2025-07-27,29.2,26.8,34.9,,,,,,54.0,,,
临沂,jma_seamless,2025-07-21,6,2025-07-27,27.4,25.6,34.1,,,,,,53.8,,,
临沂,jma_seamless,2025-07-20,7,2025-07-27,27.1,25.3,32.1,,,,,,63.4,,,
临沂,gfs_seamless,2025-07-27,1,2025-07-28,34.6,24.5,32.4,,,,,,,,,
临沂,gfs_seamless,2025-07-26,2,2025-07-28,34.1,24.2,31.9,,,,,,,,,
临沂,gfs_seamless,2025-07-25,3,2025-07-28,35.3,24.4,32.5,,,,,,,,,
临沂,gfs_seamless,2025-07-24,4,2025-07-28,35.6,23.8,31.8,,,,,,,,,
临沂,gfs_seamless,2025-07-23,5,2025-07-28,34.3,24.5,30.9,,,,,,,,,
临沂,gfs_seamless,2025-07-22,6,2025-07-28,30.7,24.8,30.7,,,,,,,,,
临沂,gfs_seamless,2025-07-21,7,2025-07-28,30.5,24.2,31.3,,,,,,,,,
临沂,jma_seamless,2025-07-27,1,2025-07-28,29.5,26.5,32.9,,,,,,55.4,,,
临沂,jma_seamless,2025-07-26,2,2025-07-28,28.7,26.5,32.3,,,,,,59.8,,,
临沂,jma_seamless,2025-07-25,3,2025-07-28,29.4,26.4,32.7,,,,,,54.3,,,
临沂,jma_seamless,2025-07-24,4,2025-07-28,29.2,25.9,32.3,,,,,,53.9,,,
临沂,jma_seamless,2025-07-23,5,2025-07-28,29.9,26.1,34.6,,,,,,57.1,,,
临沂,jma_seamless,2025-07-22,6,2025-07-28,29.8,26.9,35.4,,,,,,40.8,,,
临沂,jma_seamless,2025-07-21,7,2025-07-28,29.8,26.3,33.8,,,,,,52.2,,,
临沂,gfs_seamless,2025-07-28,1,2025-07-29,36.4,24.7,32.5,,,,,,,,,
临沂,gfs_seamless,2025-07-27,2,2025-07-29,35.9,24.3,32.6,,,,,,,,,
临沂,gfs_seamless,2025-07-26,3,2025-07-29,35.8,24.7,30.9,,,,,,,,,
临沂,gfs_seamless,2025-07-25,4,2025-07-29,32.9,24.1,31.6,,,,,,,,,
临沂,gfs_seamless,2025-07-24,5,2025-07-29,36.9,24.8,32.6,,,,,,,,,
临沂,gfs_seamless,2025-07-23,6,2025-07-29,34.9,23.5,30.4,,,,,,,,,
临沂,gfs_seamless,2025-07-22,7,2025-07-29,27.4,23.5,28.9,,,,,,,,,
临沂,jma_seamless,2025-07-28,1,2025-07-29,30.7,26.7,32.8,,,,,,29.1,,,
临沂,jma_seamless,2025-07-27,2,2025-07-29,30.5,26.7,32.7,,,,,,18.2,,,
临沂,jma_seamless,2025-07-26,3,2025-07-29,27.8,26.1,32.3,,,,,,51.3,,,
临沂,jma_seamless,2025-07-25,4,2025-07-29,29.5,26.7,33.2,,,,,,43.8,,,
临沂,jma_seamless,2025-07-24,5,2025-07-29,29.8,26.1,34.6,,,,,,42.3,,,
临沂,jma_seamless,2025-07-23,6,2025-07-29,29.7,26.7,34.4,,,,,,40.8,,,
临沂,jma_seamless,2025-07-22,7,2025-07-29,30.3,26.5,34.5,,,,,,65.2,,,
临沂,ecmwf_ifs025,2025-09-09,1,2025-09-10,28.2,19.6,26.6,,33.1,83.2,6.1,,21.9,18.94,0.0,
临沂,ecmwf_ifs025,2025-09-08,2,2025-09-10,28.1,19.2,26.3,,32.9,83.2,8.3,,13.9,18.77,0.0,
临沂,ecmwf_ifs025,2025-09-07,3,2025-09-10,28.8,19.7,26.6,,34.8,82.8,7.0,,8.4,21.47,0.0,
临沂,ecmwf_ifs025,2025-09-06,4,2025-09-10,28.9,19.0,26.7,,35.1,83.0,7.9,,15.4,21.28,0.0,
临沂,ecmwf_ifs025,2025-09-05,5,2025-09-10,28.6,19.4,26.6,,34.3,83.2,7.9,,8.2,21.24,0.0,
临沂,ecmwf_ifs025,2025-09-04,6,2025-09-10,28.8,19.7,26.0,,34.5,81.4,8.2,,3.5,20.12,0.0,
临沂,ecmwf_ifs025,2025-09-03,7,2025-09-10,28.8,20.4,26.3,,34.1,79.8,6.1,,12.5,18.97,0.0,
临沂,gfs_seamless,2025-09-09,1,2025-09-10,30.4,19.2,26.0,,35.5,68.0,7.4,,,22.62,0.0,0.0
临沂,gfs_seamless,2025-09-08,2,2025-09-10,30.0,18.8,25.3,,35.2,70.6,8.5,,,22.75,0.0,0.0
临沂,gfs_seamless,2025-09-07,3,2025-09-10,29.7,19.0,25.4,,35.0,73.1,8.6,,,22.84,0.0,0.0
临沂,gfs_seamless,2025-09-06,4,2025-09-10,30.3,19.9,26.1,,36.1,71.2,10.4,,,22.6,0.0,0.0
临沂,gfs_seamless,2025-09-05,5,2025-09-10,30.9,18.3,26.0,,38.9,75.0,12.4,,,22.49,0.0,0.0
临沂,gfs_seamless,2025-09-04,6,2025-09-10,29.5,18.2,25.5,,34.2,71.4,8.6,,,22.06,0.0,0.0
临沂,gfs_seamless,2025-09-03,7,2025-09-10,29.7,18.6,24.9,,34.0,68.5,9.4,,,23.0,0.0,0.0
临沂,jma_seamless,2025-09-09,1,2025-09-10,31.9,21.1,29.0,,40.3,70.4,4.2,,6.3,,0.0,0.0
临沂,jma_seamless,2025-09-08,2,2025-09-10,31.4,21.4,28.5,,37.9,67.6,4.6,,8.8,,0.0,0.0
临沂,jma_seamless,2025-09-07,3,2025-09-10,30.8,21.3,27.9,,37.1,70.1,5.9,,25.7,,0.0,0.0
临沂,jma_seamless,2025-09-06,4,2025-09-10,31.4,22.4,28.1,,37.5,66.2,6.5,,9.7,,0.0,0.0
临沂,jma_seamless,2025-09-05,5,2025-09-10,33.9,23.6,30.1,,43.1,62.9,8.2,,11.9,,0.0,0.0
临沂,jma_seamless,2025-09-04,6,2025-09-10,31.0,22.4,27.9,,36.2,65.0,8.7,,49.0,,0.6,0.0
临沂,jma_seamless,2025-09-03,7,2025-09-10,31.2,24.0,31.0,,38.7,71.9,5.5,,37.0,,0.0,0.0
临沂,ecmwf_ifs025,2025-09-10,1,2025-09-11,26.5,20.7,26.4,,,86.8,8.6,,62.8,8.06,1.5,
临沂,ecmwf_ifs025,2025-09-09,2,2025-09-11,28.4,19.3,26.6,,33.5,82.1,9.3,,50.3,17.19,0.0,
临沂,ecmwf_ifs025,2025-09-08,3,2025-09-11,28.6,19.2,26.5,,34.1,82.4,10.2,,49.5,11.9,0.0,
临沂,ecmwf_ifs025,2025-09-07,4,2025-09-11,28.2,21.0,27.1,,33.0,82.5,10.6,,84.8,12.84,0.0,
临沂,ecmwf_ifs025,2025-09-06,5,2025-09-11,27.9,19.1,26.6,,32.2,82.2,8.8,,51.0,12.42,0.0,
临沂,ecmwf_ifs025,2025-09-05,6,2025-09-11,28.7,19.3,26.4,,34.5,82.7,8.3,,58.6,14.19,0.0,
临沂,ecmwf_ifs025,2025-09-04,7,2025-09-11,28.1,19.2,26.3,,32.8,82.6,7.7,,49.6,17.18,0.0,
临沂,gfs_seamless,2025-09-10,1,2025-09-11,29.6,19.6,25.1,,34.6,72.4,10.5,,,16.29,2.4,0.0
临沂,gfs_seamless,2025-09-09,2,2025-09-11,29.5,18.8,25.4,,34.3,72.0,12.2,,,19.33,0.1,0.0
临沂,gfs_seamless,2025-09-08,3,2025-09-11,29.7,19.2,25.6,,35.7,75.7,12.7,,,16.05,0.0,0.0
临沂,gfs_seamless,2025-09-07,4,2025-09-11,29.3,19.9,25.7,,34.8,76.5,15.2,,,14.33,0.0,0.0
临沂,gfs_seamless,2025-09-06,5,2025-09-11,31.0,20.7,27.2,,39.9,77.1,14.1,,,13.72,0.5,0.0
临沂,gfs_seamless,2025-09-05,6,2025-09-11,30.3,19.4,26.4,,37.4,76.1,11.9,,,16.23,3.2,0.0
临沂,gfs_seamless,2025-09-04,7,2025-09-11,29.9,19.4,26.0,,35.4,72.6,9.4,,,22.59,0.0,0.0
临沂,jma_seamless,2025-09-10,1,2025-09-11,32.1,22.9,29.1,,39.0,65.3,7.6,,59.8,,7.5,0.0
临沂,jma_seamless,2025-09-09,2,2025-09-11,32.5,23.2,29.5,,39.6,63.8,7.2,,48.6,,0.0,0.0
临沂,jma_seamless,2025-09-08,3,2025-09-11,29.2,22.4,28.9,,33.0,68.9,6.3,,53.1,,0.0,0.0
临沂,jma_seamless,2025-09-07,4,2025-09-11,30.2,23.0,29.3,,35.1,68.4,7.4,,58.6,,0.0,0.0
临沂,jma_seamless,2025-09-06,5,2025-09-11,30.5,22.3,28.8,,36.2,69.8,6.1,,54.7,,0.3,0.0
临沂,jma_seamless,2025-09-05,6,2025-09-11,31.0,24.5,31.0,,37.5,69.8,8.0,,42.2,,0.0,0.0
临沂,jma_seamless,2025-09-04,7,2025-09-11,32.5,22.5,28.9,,39.8,64.3,6.5,,9.2,,0.0,0.0
临沂,ecmwf_ifs025,2025-09-11,1,2025-09-12,22.4,19.1,22.6,,,92.6,14.3,,72.5,2.32,71.4,
临沂,ecmwf_ifs025,2025-09-10,2,2025-09-12,23.7,18.6,23.4,,,91.5,14.0,,81.4,4.7,82.8,
临沂,ecmwf_ifs025,2025-09-09,3,2025-09-12,25.0,21.5,25.8,,,92.4,15.9,,78.7,3.25,62.4,
临沂,ecmwf_ifs025,2025-09-08,4,2025-09-12,26.6,20.7,26.0,,,85.0,13.7,,80.8,7.49,66.3,
临沂,ecmwf_ifs025,2025-09-07,5,2025-09-12,25.1,22.8,26.8,,,90.3,12.6,,79.2,3.34,51.0,
临沂,ecmwf_ifs025,2025-09-06,6,2025-09-12,30.3,22.4,28.9,,41.0,87.5,15.4,,81.8,8.85,29.1,
临沂,ecmwf_ifs025,2025-09-05,7,2025-09-12,25.8,22.8,28.3,,,92.8,7.9,,83.8,2.55,32.7,
临沂,gfs_seamless,2025-09-11,1,2025-09-12,20.5,17.9,20.2,,,95.6,14.1,,,0.67,35.6,0.0
临沂,gfs_seamless,2025-09-10,2,2025-09-12,23.4,18.1,21.1,,,93.4,14.3,,,0.98,28.8,0.0
临沂,gfs_seamless,2025-09-09,3,2025-09-12,23.5,16.5,17.8,,,92.4,22.1,,,0.58,50.7,0.0
临沂,gfs_seamless,2025-09-08,4,2025-09-12,24.3,17.7,20.8,,,92.5,21.5,,,1.54,56.3,0.0
临沂,gfs_seamless,2025-09-07,5,2025-09-12,23.0,18.0,21.3,,,89.8,18.6,,,2.94,7.2,0.0
临沂,gfs_seamless,2025-09-06,6,2025-09-12,25.3,20.9,27.0,,,94.4,14.9,,,2.28,13.6,0.0
临沂,gfs_seamless,2025-09-05,7,2025-09-12,31.0,20.3,26.9,,40.4,78.7,10.8,,,14.91,0.0,0.0
临沂,jma_seamless,2025-09-11,1,2025-09-12,23.1,19.9,23.5,,,93.8,9.9,,90.2,,81.6,0.0
临沂,jma_seamless,2025-09-10,2,2025-09-12,26.7,22.2,27.7,,,81.2,9.0,,85.5,,23.1,0.0
临沂,jma_seamless,2025-09-09,3,2025-09-12,27.0,22.1,29.0,,29.3,75.2,7.7,,90.0,,18.6,0.0
临沂,jma_seamless,2025-09-08,4,2025-09-12,26.4,23.0,28.3,,,77.0,9.0,,87.8,,43.8,0.0
临沂,jma_seamless,2025-09-07,5,2025-09-12,26.4,24.4,30.2,,,86.8,6.9,,89.6,,18.3,0.0
临沂,jma_seamless,2025-09-06,6,2025-09-12,26.4,25.7,30.3,,,81.0,5.8,,89.8,,1.5,0.0
临沂,jma_seamless,2025-09-05,7,2025-09-12,29.2,26.1,32.3,,34.7,77.4,5.5,,81.1,,22.2,0.0
临沂,ecmwf_ifs025,2025-09-12,1,2025-09-13,26.5,19.5,26.0,,,83.1,5.3,,47.8,12.58,0.0,
临沂,ecmwf_ifs025,2025-09-11,2,2025-09-13,28.3,20.7,27.5,,32.8,79.9,6.2,,40.3,19.61,0.0,
临沂,ecmwf_ifs025,2025-09-10,3,2025-09-13,27.6,19.1,26.5,,30.9,78.4,6.6,,3.8,20.87,0.0,
临沂,ecmwf_ifs025,2025-09-09,4,2025-09-13,27.3,17.9,24.9,,30.0,76.6,5.6,,0.8,21.06,0.0,
临沂,ecmwf_ifs025,2025-09-08,5,2025-09-13,27.3,20.8,26.9,,30.3,78.5,6.8,,12.5,21.09,0.0,
临沂,ecmwf_ifs025,2025-09-07,6,2025-09-13,28.9,21.3,27.2,,34.4,79.6,8.6,,39.8,12.47,0.0,
临沂,ecmwf_ifs025,2025-09-06,7,2025-09-13,28.9,22.0,27.8,,34.4,79.6,8.6,,15.5,15.56,6.6,
临沂,gfs_seamless,2025-09-12,1,2025-09-13,27.8,18.1,25.1,,31.0,75.7,7.3,,,20.31,0.0,0.0
临沂,gfs_seamless,2025-09-11,2,2025-09-13,28.5,18.0,25.2,,33.1,78.7,5.5,,,16.1,0.0,0.0
临沂,gfs_seamless,2025-09-10,3,2025-09-13,28.0,16.2,23.3,,31.1,73.1,8.9,,,22.08,0.0,0.0
临沂,gfs_seamless,2025-09-09,4,2025-09-13,26.9,16.3,22.9,,,77.3,7.7,,,20.27,0.1,0.0
临沂,gfs_seamless,2025-09-08,5,2025-09-13,28.3,17.6,24.0,,31.7,73.0,6.9,,,22.14,0.0,0.0
临沂,gfs_seamless,2025-09-07,6,2025-09-13,28.9,21.0,26.1,,33.6,76.0,11.2,,,19.75,0.0,0.0
临沂,gfs_seamless,2025-09-06,7,2025-09-13,28.8,19.1,25.1,,32.7,72.4,10.6,,,18.31,0.0,0.0
临沂,jma_seamless,2025-09-12,1,2025-09-13,29.4,21.1,27.2,,33.9,71.2,5.5,,76.5,,0.3,0.0
临沂,jma_seamless,2025-09-11,2,2025-09-13,30.2,21.0,27.6,,36.2,72.4,5.6,,20.6,,0.3,0.0
临沂,jma_seamless,2025-09-10,3,2025-09-13,29.3,20.3,27.4,,34.1,73.5,7.2,,38.0,,3.0,0.0
临沂,jma_seamless,2025-09-09,4,2025-09-13,28.1,22.2,27.3,,31.3,73.2,7.0,,42.4,,13.8,0.0
临沂,jma_seamless,2025-09-08,5,2025-09-13,29.8,23.1,29.3,,35.5,73.9,7.1,,55.4,,0.0,0.0
临沂,jma_seamless,2025-09-07,6,2025-09-13,29.1,23.4,29.9,,34.2,76.4,4.4,,64.7,,0.3,0.0
临沂,jma_seamless,2025-09-06,7,2025-09-13,30.0,23.4,29.8,,35.3,71.1,5.7,,48.1,,0.0,0.0
临沂,ecmwf_ifs025,2025-09-13,1,2025-09-14,28.9,18.8,27.1,,35.0,82.5,5.6,,14.2,18.89,0.0,
临沂,ecmwf_ifs025,2025-09-12,2,2025-09-14,29.0,19.9,27.8,,35.3,82.4,5.4,,10.2,19.21,0.0,
临沂,ecmwf_ifs025,2025-09-11,3,2025-09-14,28.5,20.7,28.5,,34.1,83.8,5.0,,14.9,19.34,0.0,
临沂,ecmwf_ifs025,2025-09-10,4,2025-09-14,29.7,18.4,27.9,,37.1,81.2,5.2,,4.2,19.67,0.0,
临沂,ecmwf_ifs025,2025-09-09,5,2025-09-14,28.9,17.9,27.2,,35.0,82.4,6.5,,5.0,20.76,0.0,
临沂,ecmwf_ifs025,2025-09-08,6,2025-09-14,29.5,20.7,27.9,,36.5,81.5,5.1,,4.5,17.0,0.0,
临沂,ecmwf_ifs025,2025-09-07,7,2025-09-14,30.4,21.1,28.8,,39.4,81.5,5.7,,7.0,18.71,0.0,
临沂,gfs_seamless,2025-09-13,1,2025-09-14,29.8,20.3,28.2,,36.6,78.2,7.9,,,21.54,0.0,0.0
临沂,gfs_seamless,2025-09-12,2,2025-09-14,29.7,19.5,27.8,,36.1,77.4,8.1,,,21.61,0.0,0.0
临沂,gfs_seamless,2025-09-11,3,2025-09-14,29.8,20.3,27.1,,35.1,72.5,8.4,,,21.93,0.0,0.0
临沂,gfs_seamless,2025-09-10,4,2025-09-14,30.4,18.5,26.7,,37.3,74.5,8.3,,,21.71,0.0,0.0
临沂,gfs_seamless,2025-09-09,5,2025-09-14,28.9,18.7,25.7,,33.3,74.4,8.8,,,21.93,0.0,0.0
临沂,gfs_seamless,2025-09-08,6,2025-09-14,29.8,19.1,26.8,,35.7,74.9,8.2,,,21.61,0.0,0.0
临沂,gfs_seamless,2025-09-07,7,2025-09-14,30.3,21.0,28.1,,36.7,73.5,8.3,,,20.04,0.0,0.0
临沂,jma_seamless,2025-09-13,1,2025-09-14,31.0,21.7,29.1,,38.8,74.0,5.6,,44.0,,0.0,0.0
临沂,jma_seamless,2025-09-12,2,2025-09-14,31.8,22.0,29.0,,39.5,69.0,5.0,,25.8,,0.0,0.0
临沂,jma_seamless,2025-09-11,3,2025-09-14,32.5,22.4,29.2,,39.3,63.1,4.9,,4.8,,0.0,0.0
临沂,jma_seamless,2025-09-10,4,2025-09-14,33.4,22.0,29.1,,40.1,58.7,4.1,,1.9,,0.0,0.0
临沂,jma_seamless,2025-09-09,5,2025-09-14,33.7,22.6,29.7,,41.4,60.2,4.9,,0.4,,0.0,0.0
临沂,jma_seamless,2025-09-08,6,2025-09-14,32.0,23.2,31.0,,40.0,68.9,3.4,,20.9,,0.0,0.0
临沂,jma_seamless,2025-09-07,7,2025-09-14,29.8,23.8,31.3,,36.3,77.3,4.2,,45.5,,1.5,0.0
临沂,ecmwf_ifs025,2025-09-14,1,2025-09-15,27.5,20.7,28.5,,32.0,88.8,7.2,,49.9,13.13,0.0,
临沂,ecmwf_ifs025,2025-09-13,2,2025-09-15,28.9,20.3,28.9,,35.9,86.7,5.6,,44.0,14.83,0.6,
临沂,ecmwf_ifs025,2025-09-12,3,2025-09-15,29.4,20.7,28.8,,37.5,86.5,7.9,,35.6,16.88,3.3,
临沂,ecmwf_ifs025,2025-09-11,4,2025-09-15,28.9,21.0,29.2,,36.4,88.7,6.1,,32.2,16.03,2.1,
临沂,ecmwf_ifs025,2025-09-10,5,2025-09-15,29.4,20.8,28.9,,37.0,84.5,8.0,,6.7,18.98,0.3,
临沂,ecmwf_ifs025,2025-09-09,6,2025-09-15,29.2,20.2,27.8,,37.0,87.0,7.9,,23.1,17.55,0.0,
临沂,ecmwf_ifs025,2025-09-08,7,2025-09-15,30.0,23.3,29.7,,38.7,83.6,7.9,,26.8,17.1,0.3,
临沂,gfs_seamless,2025-09-14,1,2025-09-15,28.0,22.6,28.5,,33.7,89.6,6.7,,,7.78,6.6,0.0
临沂,gfs_seamless,2025-09-13,2,2025-09-15,30.3,21.7,29.2,,38.6,80.1,7.7,,,18.59,5.7,0.0
临沂,gfs_seamless,2025-09-12,3,2025-09-15,29.7,21.4,28.7,,38.2,85.4,7.5,,,13.35,6.5,0.0
临沂,gfs_seamless,2025-09-11,4,2025-09-15,31.3,22.3,28.5,,40.4,75.8,11.4,,,21.2,1.5,0.0
临沂,gfs_seamless,2025-09-10,5,2025-09-15,30.5,20.3,27.8,,38.2,76.5,9.2,,,17.58,0.0,0.0
临沂,gfs_seamless,2025-09-09,6,2025-09-15,30.4,20.8,27.9,,37.0,73.5,8.9,,,21.43,0.0,0.0
临沂,gfs_seamless,2025-09-08,7,2025-09-15,31.4,21.1,28.7,,40.4,75.0,8.6,,,21.38,0.0,0.0
临沂,jma_seamless,2025-09-14,1,2025-09-15,30.0,23.7,31.2,,37.2,78.2,5.0,,68.0,,0.3,0.0
临沂,jma_seamless,2025-09-13,2,2025-09-15,32.1,22.4,31.1,,43.9,78.0,5.2,,29.3,,0.0,0.0
临沂,jma_seamless,2025-09-12,3,2025-09-15,33.0,23.3,31.2,,44.5,72.3,6.2,,24.7,,0.9,0.0
临沂,jma_seamless,2025-09-11,4,2025-09-15,32.8,24.1,30.7,,41.6,67.0,7.8,,22.2,,0.0,0.0
临沂,jma_seamless,2025-09-10,5,2025-09-15,32.9,23.8,30.0,,40.2,62.5,7.4,,37.0,,0.0,0.0
临沂,jma_seamless,2025-09-09,6,2025-09-15,31.8,24.6,29.4,,36.6,59.8,8.4,,22.3,,0.0,0.0
临沂,jma_seamless,2025-09-08,7,2025-09-15,31.8,25.5,31.7,,40.1,70.8,7.2,,35.0,,-0.3,0.0
临沂,ecmwf_ifs025,2025-09-15,1,2025-09-16,30.0,22.3,29.3,,40.4,88.9,7.2,,75.1,15.28,45.6,
临沂,ecmwf_ifs025,2025-09-14,2,2025-09-16,28.5,22.2,29.8,,35.3,89.6,5.9,,74.2,13.85,12.3,
临沂,ecmwf_ifs025,2025-09-13,3,2025-09-16,31.0,23.3,30.7,,44.9,90.5,8.0,,85.8,11.53,12.6,
临沂,ecmwf_ifs025,2025-09-12,4,2025-09-16,31.4,23.1,30.9,,46.7,90.8,9.1,,86.5,12.22,26.4,
临沂,ecmwf_ifs025,2025-09-11,5,2025-09-16,28.8,23.0,30.1,,36.5,90.5,5.8,,75.2,10.26,9.6,
临沂,ecmwf_ifs025,2025-09-10,6,2025-09-16,29.5,22.9,29.8,,38.2,87.8,10.5,,66.3,12.66,1.5,
临沂,ecmwf_ifs025,2025-09-09,7,2025-09-16,25.0,22.0,28.6,,,96.0,4.9,,77.4,11.07,47.7,
临沂,gfs_seamless,2025-09-15,1,2025-09-16,31.6,19.3,29.0,,46.6,88.7,10.0,,,15.95,15.5,0.0
临沂,gfs_seamless,2025-09-14,2,2025-09-16,31.6,22.4,29.7,,46.1,87.5,9.4,,,14.64,9.6,0.0
临沂,gfs_seamless,2025-09-13,3,2025-09-16,31.1,22.7,30.4,,43.5,86.0,6.7,,,13.01,5.1,0.0
临沂,gfs_seamless,2025-09-12,4,2025-09-16,29.8,22.5,29.9,,39.7,89.3,8.0,,,10.42,24.8,0.0
临沂,gfs_seamless,2025-09-11,5,2025-09-16,29.4,21.9,28.7,,37.7,87.2,9.9,,,9.88,5.3,0.0
临沂,gfs_seamless,2025-09-10,6,2025-09-16,30.9,21.8,28.2,,41.6,83.0,8.7,,,16.01,4.8,0.0
临沂,gfs_seamless,2025-09-09,7,2025-09-16,28.6,20.7,28.6,,34.8,85.6,9.3,,,15.21,1.2,0.0
临沂,jma_seamless,2025-09-15,1,2025-09-16,29.4,24.7,31.8,,37.1,85.0,5.8,,53.1,,9.3,0.0
临沂,jma_seamless,2025-09-14,2,2025-09-16,32.1,25.1,32.9,,45.9,82.6,6.2,,65.7,,14.4,0.0
临沂,jma_seamless,2025-09-13,3,2025-09-16,29.7,25.8,33.2,,38.4,86.0,4.2,,77.2,,10.5,0.0
临沂,jma_seamless,2025-09-12,4,2025-09-16,32.8,25.6,33.3,,47.3,79.8,5.8,,56.9,,8.1,0.0
临沂,jma_seamless,2025-09-11,5,2025-09-16,28.3,25.5,32.2,,33.8,85.5,3.7,,58.4,,13.8,0.0
临沂,jma_seamless,2025-09-10,6,2025-09-16,31.5,24.1,30.9,,40.7,75.1,4.1,,50.6,,6.9,0.0
临沂,jma_seamless,2025-09-09,7,2025-09-16,31.4,25.5,32.2,,38.9,70.5,3.7,,29.2,,0.0,0.0
临沂,ecmwf_ifs025,2025-09-16,1,2025-09-17,24.6,18.4,21.5,,,74.1,16.6,,56.4,16.17,19.8,
临沂,ecmwf_ifs025,2025-09-15,2,2025-09-17,23.7,17.3,21.1,,,77.1,15.2,,63.8,15.08,30.6,
临沂,ecmwf_ifs025,2025-09-14,3,2025-09-17,23.0,17.6,20.7,,,80.3,14.3,,50.2,9.49,23.7,
临沂,ecmwf_ifs025,2025-09-13,4,2025-09-17,23.0,17.8,22.1,,,82.4,14.3,,68.6,5.94,26.7,
临沂,ecmwf_ifs025,2025-09-12,5,2025-09-17,23.9,18.0,21.2,,,80.5,16.5,,70.6,8.34,18.0,
临沂,ecmwf_ifs025,2025-09-11,6,2025-09-17,29.9,16.9,27.6,,37.6,80.8,11.2,,54.8,13.1,0.3,
临沂,ecmwf_ifs025,2025-09-10,7,2025-09-17,26.3,21.8,26.4,,,88.0,12.8,,70.1,9.51,14.4,
临沂,gfs_seamless,2025-09-16,1,2025-09-17,23.2,17.8,18.1,,,73.9,19.6,,,11.1,2.9,0.0
临沂,gfs_seamless,2025-09-15,2,2025-09-17,22.3,17.3,18.6,,,80.6,18.3,,,0.94,15.0,0.0
临沂,gfs_seamless,2025-09-14,3,2025-09-17,23.3,17.1,19.6,,,84.8,15.4,,,0.84,21.5,0.0
临沂,gfs_seamless,2025-09-13,4,2025-09-17,23.0,16.7,19.3,,,84.9,16.9,,,1.89,12.7,0.0
临沂,gfs_seamless,2025-09-12,5,2025-09-17,24.3,15.9,19.6,,,89.3,17.1,,,2.67,2.5,0.0
临沂,gfs_seamless,2025-09-11,6,2025-09-17,29.5,19.5,26.7,,36.2,80.1,10.2,,,13.68,0.0,0.0
临沂,gfs_seamless,2025-09-10,7,2025-09-17,27.7,19.3,26.3,,32.1,85.1,11.9,,,11.2,3.2,0.0
临沂,jma_seamless,2025-09-16,1,2025-09-17,24.5,19.0,21.3,,,67.8,11.9,,69.4,,13.2,0.0
临沂,jma_seamless,2025-09-15,2,2025-09-17,24.8,18.3,24.2,,,80.8,10.7,,89.5,,19.8,0.0
临沂,jma_seamless,2025-09-14,3,2025-09-17,27.0,23.2,26.7,,28.7,68.7,11.0,,85.8,,10.8,0.0
临沂,jma_seamless,2025-09-13,4,2025-09-17,25.6,23.8,27.3,,,72.8,10.0,,74.6,,14.7,0.0
临沂,jma_seamless,2025-09-12,5,2025-09-17,27.4,20.5,25.2,,29.1,65.6,11.2,,65.6,,13.8,0.0
临沂,jma_seamless,2025-09-11,6,2025-09-17,28.8,23.4,29.4,,33.2,75.0,6.5,,56.2,,4.5,0.0
临沂,jma_seamless,2025-09-10,7,2025-09-17,31.8,22.5,27.7,,35.4,55.8,10.5,,34.7,,0.6,0.0
临沂,ecmwf_ifs025,2025-09-17,1,2025-09-18,24.3,17.2,20.1,,,68.9,10.9,,59.0,18.11,3.0,
临沂,ecmwf_ifs025,2025-09-16,2,2025-09-18,21.7,17.6,18.9,,,69.4,10.6,,63.5,6.39,0.6,
临沂,ecmwf_ifs025,2025-09-15,3,2025-09-18,23.3,16.7,18.3,,,68.7,11.4,,72.6,12.51,0.0,
临沂,ecmwf_ifs025,2025-09-14,4,2025-09-18,21.5,16.3,18.5,,,70.2,9.3,,72.6,8.74,0.0,
临沂,ecmwf_ifs025,2025-09-13,5,2025-09-18,22.0,15.4,17.7,,,68.1,10.8,,58.0,10.61,0.0,
临沂,ecmwf_ifs025,2025-09-12,6,2025-09-18,21.0,15.6,17.1,,,72.0,9.9,,74.5,7.57,0.0,
临沂,ecmwf_ifs025,2025-09-11,7,2025-09-18,25.8,16.8,22.7,,,76.5,14.2,,82.6,10.71,7.2,
临沂,gfs_seamless,2025-09-17,1,2025-09-18,23.4,17.0,18.7,,,62.7,11.0,,,11.24,0.0,0.0
临沂,gfs_seamless,2025-09-16,2,2025-09-18,20.4,15.8,17.7,,,68.8,8.6,,,4.18,0.7,0.0
临沂,gfs_seamless,2025-09-15,3,2025-09-18,19.9,16.6,17.2,,,66.5,9.7,,,4.86,0.0,0.0
临沂,gfs_seamless,2025-09-14,4,2025-09-18,20.8,16.4,17.6,,,66.8,9.5,,,3.16,0.0,0.0
临沂,gfs_seamless,2025-09-13,5,2025-09-18,22.4,15.2,17.2,,,72.2,12.6,,,11.62,0.0,0.0
临沂,gfs_seamless,2025-09-12,6,2025-09-18,23.2,17.9,19.5,,,68.3,15.9,,,16.25,0.0,0.0
临沂,gfs_seamless,2025-09-11,7,2025-09-18,24.1,15.9,21.2,,,86.0,14.9,,,2.17,2.3,0.0
临沂,jma_seamless,2025-09-17,1,2025-09-18,24.6,19.9,21.1,,,43.7,7.8,,91.5,,0.0,0.0
临沂,jma_seamless,2025-09-16,2,2025-09-18,26.1,19.9,21.1,,,40.6,7.2,,73.7,,0.0,0.0
临沂,jma_seamless,2025-09-15,3,2025-09-18,22.9,18.7,17.8,,,51.5,12.5,,88.6,,0.0,0.0
临沂,jma_seamless,2025-09-14,4,2025-09-18,25.8,19.3,20.5,,,34.6,11.5,,84.2,,0.3,0.0
临沂,jma_seamless,2025-09-13,5,2025-09-18,22.9,20.1,20.2,,,48.5,11.3,,80.0,,0.0,0.0
临沂,jma_seamless,2025-09-12,6,2025-09-18,25.0,21.9,21.2,,,36.5,10.1,,82.2,,0.0,0.0
临沂,jma_seamless,2025-09-11,7,2025-09-18,26.2,18.9,24.5,,,69.0,9.3,,64.5,,11.7,0.0
临沂,ecmwf_ifs025,2025-09-18,1,2025-09-19,17.8,14.2,14.7,,,91.8,14.0,,65.7,2.18,48.3,
临沂,ecmwf_ifs025,2025-09-17,2,2025-09-19,18.2,14.5,15.0,,,90.4,12.9,,67.7,2.39,42.3,
临沂,ecmwf_ifs025,2025-09-16,3,2025-09-19,18.5,13.6,15.1,,,83.8,10.5,,56.2,2.84,24.6,
临沂,ecmwf_ifs025,2025-09-15,4,2025-09-19,18.6,14.8,15.7,,,81.2,12.5,,78.8,3.76,6.3,
临沂,ecmwf_ifs025,2025-09-14,5,2025-09-19,17.8,14.7,15.8,,,85.3,10.8,,74.5,3.81,10.8,
临沂,ecmwf_ifs025,2025-09-13,6,2025-09-19,18.0,15.2,17.2,,,87.2,9.9,,72.5,3.46,7.2,
临沂,ecmwf_ifs025,2025-09-12,7,2025-09-19,17.2,14.4,15.3,,,89.2,14.8,,96.2,2.76,20.7,
临沂,gfs_seamless,2025-09-18,1,2025-09-19,17.8,13.1,12.9,,,91.8,15.0,,,0.5,29.4,0.0
临沂,gfs_seamless,2025-09-17,2,2025-09-19,17.6,12.6,13.8,,,94.3,11.0,,,0.69,32.3,0.0
临沂,gfs_seamless,2025-09-16,3,2025-09-19,18.1,13.7,15.4,,,89.7,6.3,,,2.15,10.0,0.0
临沂,gfs_seamless,2025-09-15,4,2025-09-19,17.5,14.5,15.7,,,75.8,7.9,,,1.04,1.4,0.0
临沂,gfs_seamless,2025-09-14,5,2025-09-19,18.6,13.6,15.3,,,80.4,8.2,,,0.81,2.8,0.0
临沂,gfs_seamless,2025-09-13,6,2025-09-19,19.0,14.1,15.0,,,82.8,12.3,,,2.21,3.0,0.0
临沂,gfs_seamless,2025-09-12,7,2025-09-19,19.4,14.1,15.4,,,84.4,11.4,,,0.82,5.7,0.0
临沂,jma_seamless,2025-09-18,1,2025-09-19,23.0,15.2,17.1,,,77.4,10.8,,96.5,,19.8,0.0
临沂,jma_seamless,2025-09-17,2,2025-09-19,22.5,15.2,18.5,,,73.7,10.1,,90.5,,18.6,0.0
临沂,jma_seamless,2025-09-16,3,2025-09-19,23.3,16.4,18.7,,,56.1,11.3,,87.0,,0.9,0.0
临沂,jma_seamless,2025-09-15,4,2025-09-19,23.0,16.1,19.7,,,73.4,6.7,,97.6,,2.7,0.0
临沂,jma_seamless,2025-09-14,5,2025-09-19,22.1,17.9,19.5,,,54.2,9.9,,91.8,,2.1,0.0
临沂,jma_seamless,2025-09-13,6,2025-09-19,23.5,18.0,20.2,,,51.4,10.1,,95.4,,2.7,0.0
临沂,jma_seamless,2025-09-12,7,2025-09-19,25.4,18.1,21.8,,,61.3,9.1,,94.4,,0.6,0.0
临沂,ecmwf_ifs025,2025-09-19,1,2025-09-20,23.8,12.7,18.5,,,77.0,6.9,,3.4,20.11,0.0,
临沂,ecmwf_ifs025,2025-09-18,2,2025-09-20,23.8,13.2,18.7,,,76.0,6.9,,20.6,20.28,0.0,
临沂,ecmwf_ifs025,2025-09-17,3,2025-09-20,23.4,13.5,18.3,,,73.8,8.1,,14.6,20.24,0.0,
临沂,ecmwf_ifs025,2025-09-16,4,2025-09-20,24.2,13.0,18.7,,,76.3,8.0,,9.5,19.9,0.0,
临沂,ecmwf_ifs025,2025-09-15,5,2025-09-20,24.3,12.8,18.4,,,73.8,8.0,,4.8,20.1,0.0,
临沂,ecmwf_ifs025,2025-09-14,6,2025-09-20,18.8,15.1,16.9,,,80.7,7.7,,59.8,5.64,0.9,
临沂,ecmwf_ifs025,2025-09-13,7,2025-09-20,20.5,13.7,17.7,,,91.2,10.1,,89.3,3.11,16.5,
临沂,gfs_seamless,2025-09-19,1,2025-09-20,23.7,12.5,17.6,,,73.5,9.3,,,21.59,0.0,0.0
临沂,gfs_seamless,2025-09-18,2,2025-09-20,23.6,12.3,17.3,,,72.7,8.7,,,21.65,0.0,0.0
临沂,gfs_seamless,2025-09-17,3,2025-09-20,23.7,12.8,17.8,,,70.9,8.4,,,21.32,0.0,0.0
临沂,gfs_seamless,2025-09-16,4,2025-09-20,24.6,12.9,18.5,,,69.3,7.4,,,21.42,0.0,0.0
临沂,gfs_seamless,2025-09-15,5,2025-09-20,25.0,13.7,16.8,,,72.9,6.7,,,8.42,1.3,0.0
临沂,gfs_seamless,2025-09-14,6,2025-09-20,15.4,13.7,14.5,,,91.5,6.6,,,0.73,1.6,0.0
临沂,gfs_seamless,2025-09-13,7,2025-09-20,24.2,13.5,18.5,,,73.1,8.5,,,21.16,0.6,0.0
临沂,jma_seamless,2025-09-19,1,2025-09-20,25.8,15.8,19.0,,,55.3,6.1,,29.2,,0.0,0.0
临沂,jma_seamless,2025-09-18,2,2025-09-20,25.3,15.6,19.0,,,60.0,5.8,,51.6,,0.0,0.0
临沂,jma_seamless,2025-09-17,3,2025-09-20,24.6,16.0,19.9,,,67.1,5.7,,50.8,,1.5,0.0
临沂,jma_seamless,2025-09-16,4,2025-09-20,26.0,18.3,22.1,,,62.0,5.0,,61.5,,1.2,0.0
临沂,jma_seamless,2025-09-15,5,2025-09-20,24.2,17.2,21.9,,,75.5,8.0,,79.9,,3.3,0.0
临沂,jma_seamless,2025-09-14,6,2025-09-20,24.4,17.4,21.7,,,77.3,8.8,,82.9,,3.0,0.0
临沂,jma_seamless,2025-09-13,7,2025-09-20,23.0,16.4,21.7,,,82.5,8.0,,84.3,,12.9,0.0
临沂,ecmwf_ifs025,2025-09-20,1,2025-09-21,24.1,15.1,19.9,,,76.0,9.3,,67.0,15.97,0.0,
临沂,ecmwf_ifs025,2025-09-19,2,2025-09-21,24.7,15.1,20.2,,,75.4,10.1,,66.1,17.06,0.0,
临沂,ecmwf_ifs025,2025-09-18,3,2025-09-21,22.2,16.0,19.1,,,75.8,9.7,,71.0,9.02,0.0,
临沂,ecmwf_ifs025,2025-09-17,4,2025-09-21,20.4,16.5,19.1,,,78.6,8.5,,76.0,5.13,0.0,
临沂,ecmwf_ifs025,2025-09-16,5,2025-09-21,21.1,15.6,18.4,,,78.9,10.1,,70.8,5.02,0.0,
临沂,ecmwf_ifs025,2025-09-15,6,2025-09-21,22.5,16.8,19.8,,,80.8,9.5,,68.2,5.94,0.6,
临沂,ecmwf_ifs025,2025-09-14,7,2025-09-21,21.9,17.9,20.7,,,84.9,8.8,,68.6,5.3,5.4,
临沂,gfs_seamless,2025-09-20,1,2025-09-21,23.7,15.2,18.9,,,71.3,10.3,,,14.37,0.0,0.0
临沂,gfs_seamless,2025-09-19,2,2025-09-21,24.8,15.6,19.1,,,69.4,11.5,,,16.21,0.0,0.0
临沂,gfs_seamless,2025-09-18,3,2025-09-21,23.9,15.7,19.2,,,67.5,10.4,,,14.43,0.0,0.0
临沂,gfs_seamless,2025-09-17,4,2025-09-21,24.4,15.5,19.1,,,67.9,10.2,,,10.35,0.0,0.0
临沂,gfs_seamless,2025-09-16,5,2025-09-21,24.6,15.1,19.0,,,64.6,10.8,,,13.81,0.3,0.0
临沂,gfs_seamless,2025-09-15,6,2025-09-21,24.7,14.5,19.7,,,76.0,11.2,,,15.98,0.0,0.0
临沂,gfs_seamless,2025-09-14,7,2025-09-21,23.9,16.2,20.5,,,78.7,11.5,,,14.14,0.0,0.0
临沂,jma_seamless,2025-09-20,1,2025-09-21,26.5,17.9,21.3,,,53.0,7.8,,62.4,,0.0,0.0
临沂,jma_seamless,2025-09-19,2,2025-09-21,27.1,18.4,21.3,,27.5,49.5,7.9,,62.4,,0.0,0.0
临沂,jma_seamless,2025-09-18,3,2025-09-21,25.8,18.3,21.8,,,56.1,7.7,,76.6,,0.0,0.0
临沂,jma_seamless,2025-09-17,4,2025-09-21,27.3,20.1,22.6,,28.0,53.7,9.9,,70.2,,0.0,0.0
临沂,jma_seamless,2025-09-16,5,2025-09-21,24.0,22.5,24.3,,,64.6,8.2,,87.5,,0.6,0.0
临沂,jma_seamless,2025-09-15,6,2025-09-21,24.4,21.7,26.6,,,89.9,6.9,,90.0,,8.1,0.0
临沂,jma_seamless,2025-09-14,7,2025-09-21,26.7,22.2,26.2,,,76.0,8.7,,79.6,,4.5,0.0
临沂,ecmwf_ifs025,2025-09-21,1,2025-09-22,21.0,18.8,20.6,,,84.5,10.7,,83.1,4.71,3.9,
临沂,ecmwf_ifs025,2025-09-20,2,2025-09-22,23.0,19.0,21.3,,,80.6,11.5,,84.2,7.8,0.6,
临沂,ecmwf_ifs025,2025-09-19,3,2025-09-22,21.7,18.3,20.3,,,80.7,11.6,,60.0,5.9,0.0,
临沂,ecmwf_ifs025,2025-09-18,4,2025-09-22,21.8,18.4,20.1,,,79.3,12.6,,68.0,5.34,0.0,
临沂,ecmwf_ifs025,2025-09-17,5,2025-09-22,22.5,17.7,18.9,,,80.3,14.3,,73.8,7.24,1.2,
临沂,ecmwf_ifs025,2025-09-16,6,2025-09-22,21.5,18.0,19.2,,,77.5,13.2,,70.9,8.4,0.6,
临沂,ecmwf_ifs025,2025-09-15,7,2025-09-22,24.3,17.3,20.1,,,75.8,13.4,,60.4,8.15,1.2,
临沂,gfs_seamless,2025-09-21,1,2025-09-22,19.1,16.5,17.2,,,84.5,14.3,,,0.88,1.7,0.0
临沂,gfs_seamless,2025-09-20,2,2025-09-22,19.2,16.3,17.7,,,79.9,13.0,,,0.98,1.1,0.0
临沂,gfs_seamless,2025-09-19,3,2025-09-22,19.6,18.0,17.7,,,71.8,13.2,,,1.21,0.0,0.0
临沂,gfs_seamless,2025-09-18,4,2025-09-22,19.8,17.4,17.4,,,71.1,14.3,,,1.44,0.8,0.0
临沂,gfs_seamless,2025-09-17,5,2025-09-22,19.6,14.7,17.3,,,77.7,15.0,,,1.37,2.1,0.0
临沂,gfs_seamless,2025-09-16,6,2025-09-22,20.1,18.7,18.8,,,74.2,13.4,,,1.49,0.0,0.0
临沂,gfs_seamless,2025-09-15,7,2025-09-22,20.0,18.0,18.8,,,80.9,11.9,,,1.21,0.3,0.0
临沂,jma_seamless,2025-09-21,1,2025-09-22,22.8,20.5,22.6,,,67.0,8.2,,94.0,,1.2,0.0
临沂,jma_seamless,2025-09-20,2,2025-09-22,25.1,22.1,23.9,,,62.3,6.6,,90.0,,0.6,0.0
临沂,jma_seamless,2025-09-19,3,2025-09-22,26.9,20.3,24.1,,,60.8,8.4,,90.3,,1.8,0.0
临沂,jma_seamless,2025-09-18,4,2025-09-22,23.3,19.7,22.2,,,67.7,12.5,,94.1,,3.0,0.0
临沂,jma_seamless,2025-09-17,5,2025-09-22,27.4,20.9,23.5,,28.2,54.6,11.3,,85.9,,0.0,0.0
临沂,jma_seamless,2025-09-16,6,2025-09-22,27.3,23.1,27.5,,29.7,73.7,8.7,,91.3,,1.2,0.0
临沂,jma_seamless,2025-09-15,7,2025-09-22,23.8,18.2,23.9,,,88.3,9.8,,98.9,,14.7,0.0
临沂,ecmwf_ifs025,2025-09-22,1,2025-09-23,21.9,18.7,21.7,,,91.4,11.1,,96.4,7.24,3.9,
临沂,ecmwf_ifs025,2025-09-21,2,2025-09-23,23.1,18.2,22.6,,,91.2,10.3,,95.2,6.91,1.5,
临沂,ecmwf_ifs025,2025-09-20,3,2025-09-23,23.7,18.5,22.8,,,88.3,10.8,,97.2,8.26,2.1,
临沂,ecmwf_ifs025,2025-09-19,4,2025-09-23,21.6,18.0,21.1,,,92.6,12.7,,93.6,4.35,8.4,
临沂,ecmwf_ifs025,2025-09-18,5,2025-09-23,19.8,16.7,18.8,,,90.6,12.4,,86.9,2.93,24.9,
临沂,ecmwf_ifs025,2025-09-17,6,2025-09-23,18.4,15.5,16.7,,,89.9,15.0,,85.2,3.09,16.5,
临沂,ecmwf_ifs025,2025-09-16,7,2025-09-23,24.3,15.8,18.9,,,73.6,9.6,,52.0,14.44,2.4,
临沂,gfs_seamless,2025-09-22,1,2025-09-23,20.5,16.6,18.3,,,94.5,14.3,,,3.02,10.0,0.0
临沂,gfs_seamless,2025-09-21,2,2025-09-23,18.0,15.9,17.1,,,92.9,12.5,,,0.83,10.2,0.0
临沂,gfs_seamless,2025-09-20,3,2025-09-23,18.6,15.3,17.4,,,94.4,13.4,,,1.21,26.2,0.0
临沂,gfs_seamless,2025-09-19,4,2025-09-23,18.1,15.1,16.5,,,87.3,12.4,,,0.5,21.9,0.0
临沂,gfs_seamless,2025-09-18,5,2025-09-23,16.9,15.0,15.9,,,95.4,11.6,,,1.07,9.7,0.0
临沂,gfs_seamless,2025-09-17,6,2025-09-23,18.7,13.9,15.4,,,90.2,16.8,,,0.43,10.5,0.0
临沂,gfs_seamless,2025-09-16,7,2025-09-23,23.7,17.0,19.2,,,80.6,13.7,,,5.79,2.2,0.0
临沂,jma_seamless,2025-09-22,1,2025-09-23,23.5,18.6,22.4,,,82.1,8.6,,88.7,,3.3,0.0
临沂,jma_seamless,2025-09-21,2,2025-09-23,22.2,18.2,22.2,,,84.0,9.7,,96.0,,8.1,0.0
临沂,jma_seamless,2025-09-20,3,2025-09-23,25.7,19.1,24.7,,,88.8,6.9,,88.9,,12.3,0.0
临沂,jma_seamless,2025-09-19,4,2025-09-23,24.9,19.9,25.6,,,86.7,6.5,,82.5,,8.7,0.0
临沂,jma_seamless,2025-09-18,5,2025-09-23,22.0,19.6,23.0,,,87.2,8.0,,94.6,,37.8,0.0
临沂,jma_seamless,2025-09-17,6,2025-09-23,26.6,21.1,25.6,,,67.0,9.8,,85.0,,0.0,0.0
临沂,jma_seamless,2025-09-16,7,2025-09-23,29.4,22.0,29.0,,35.1,76.6,6.2,,81.5,,0.9,0.0
临沂,ecmwf_ifs025,2025-09-23,1,2025-09-24,24.3,17.7,21.9,,,83.5,9.2,,41.8,14.81,0.0,
临沂,ecmwf_ifs025,2025-09-22,2,2025-09-24,24.7,18.0,22.6,,,83.3,8.8,,28.3,16.17,0.0,
临沂,ecmwf_ifs025,2025-09-21,3,2025-09-24,24.9,18.1,22.7,,,81.1,7.9,,24.8,17.83,0.0,
临沂,ecmwf_ifs025,2025-09-20,4,2025-09-24,23.6,17.8,22.1,,,83.0,6.8,,27.2,14.05,0.0,
临沂,ecmwf_ifs025,2025-09-19,5,2025-09-24,22.1,17.0,20.9,,,88.8,8.6,,44.5,5.86,6.3,
临沂,ecmwf_ifs025,2025-09-18,6,2025-09-24,25.7,16.7,21.3,,,82.9,6.1,,23.5,11.69,0.0,
临沂,ecmwf_ifs025,2025-09-17,7,2025-09-24,25.6,17.6,22.2,,,83.5,11.1,,49.6,12.76,0.3,
临沂,gfs_seamless,2025-09-23,1,2025-09-24,25.5,17.1,22.3,,,79.7,8.9,27.0,67.7,18.58,0.4,0.0
临沂,gfs_seamless,2025-09-22,2,2025-09-24,26.2,17.7,22.3,,,81.0,9.4,43.6,83.0,17.4,1.4,0.0
临沂,gfs_seamless,2025-09-21,3,2025-09-24,25.5,16.3,21.5,,,82.6,6.3,23.4,97.3,16.36,3.6,0.0
临沂,gfs_seamless,2025-09-20,4,2025-09-24,26.8,17.6,22.7,,,82.5,11.6,34.9,65.2,16.78,16.5,0.0
临沂,gfs_seamless,2025-09-19,5,2025-09-24,25.3,15.7,20.8,,,84.7,10.7,29.2,81.2,11.12,1.3,0.0
临沂,gfs_seamless,2025-09-18,6,2025-09-24,26.1,16.2,22.2,,,82.6,8.5,33.1,71.5,14.88,4.3,0.0
临沂,gfs_seamless,2025-09-17,7,2025-09-24,22.2,16.6,20.3,,,89.0,11.6,41.8,95.7,5.9,0.7,0.0
临沂,jma_seamless,2025-09-23,1,2025-09-24,20.2,16.8,20.7,,,90.4,4.8,,88.2,,9.3,0.0
临沂,jma_seamless,2025-09-22,2,2025-09-24,23.9,17.9,22.3,,,82.7,5.8,,81.0,,6.9,0.0
临沂,jma_seamless,2025-09-21,3,2025-09-24,22.3,18.1,21.8,,,84.6,5.1,,69.8,,5.1,0.0
临沂,jma_seamless,2025-09-20,4,2025-09-24,22.2,19.7,23.3,,,82.9,4.9,,87.6,,1.5,0.0
临沂,jma_seamless,2025-09-19,5,2025-09-24,25.3,19.9,25.0,,,84.8,5.9,,93.5,,9.0,0.0
临沂,jma_seamless,2025-09-18,6,2025-09-24,24.4,19.0,24.1,,,83.5,6.1,,67.8,,4.8,0.0
临沂,jma_seamless,2025-09-17,7,2025-09-24,24.7,20.2,25.3,,,82.8,5.3,,70.9,,0.3,0.0
临沂,ecmwf_ifs025,2025-09-24,1,2025-09-25,26.1,15.5,20.5,,,76.8,9.4,,8.2,19.26,0.0,
临沂,ecmwf_ifs025,2025-09-23,2,2025-09-25,26.0,15.4,20.6,,,74.6,11.2,,5.4,19.63,0.0,
临沂,ecmwf_ifs025,2025-09-22,3,2025-09-25,26.3,16.2,21.2,,,76.0,10.1,,4.0,19.88,0.0,
临沂,ecmwf_ifs025,2025-09-21,4,2025-09-25,26.2,16.3,21.2,,,75.3,10.4,,3.3,19.74,0.0,
临沂,ecmwf_ifs025,2025-09-20,5,2025-09-25,25.8,16.0,21.2,,,77.5,11.2,,8.6,19.7,0.0,
临沂,ecmwf_ifs025,2025-09-19,6,2025-09-25,26.5,16.5,21.1,,,77.3,11.1,,7.0,18.16,0.0,
临沂,ecmwf_ifs025,2025-09-18,7,2025-09-25,26.4,17.6,21.4,,,75.6,9.4,,18.5,18.36,0.0,
临沂,gfs_seamless,2025-09-24,1,2025-09-25,27.1,16.2,21.2,,28.7,66.5,11.0,28.8,42.3,19.43,0.0,0.0
临沂,gfs_seamless,2025-09-23,2,2025-09-25,27.3,16.4,21.3,,29.2,68.5,12.1,28.4,8.3,20.86,0.0,0.0
临沂,gfs_seamless,2025-09-22,3,2025-09-25,27.3,16.2,22.4,,30.3,78.8,14.5,42.8,33.7,19.64,2.1,0.0
临沂,gfs_seamless,2025-09-21,4,2025-09-25,25.1,17.3,21.9,,,83.3,12.0,37.4,49.6,9.7,0.0,0.0
临沂,gfs_seamless,2025-09-20,5,2025-09-25,27.5,17.6,22.2,,29.9,71.2,11.8,32.0,0.3,20.82,0.0,0.0
临沂,gfs_seamless,2025-09-19,6,2025-09-25,27.1,17.4,22.3,,29.2,72.1,11.4,31.7,21.1,20.09,0.0,0.0
临沂,gfs_seamless,2025-09-18,7,2025-09-25,27.8,18.1,24.3,,30.5,72.0,6.1,23.0,30.4,20.12,0.0,0.0
临沂,jma_seamless,2025-09-24,1,2025-09-25,27.1,15.8,22.6,,29.8,78.2,7.3,,57.1,,0.0,0.0
临沂,jma_seamless,2025-09-23,2,2025-09-25,27.8,17.4,21.7,,30.4,71.2,9.1,,33.6,,1.8,0.0
临沂,jma_seamless,2025-09-22,3,2025-09-25,25.8,17.9,23.6,,,75.4,9.3,,48.2,,1.5,0.0
临沂,jma_seamless,2025-09-21,4,2025-09-25,27.3,18.9,23.6,,30.3,78.6,8.8,,55.0,,16.2,0.0
临沂,jma_seamless,2025-09-20,5,2025-09-25,25.8,19.9,24.8,,,81.4,8.5,,70.0,,4.8,0.0
临沂,jma_seamless,2025-09-19,6,2025-09-25,26.9,18.0,26.0,,,86.3,8.6,,72.1,,4.2,0.0
临沂,jma_seamless,2025-09-18,7,2025-09-25,28.4,18.7,23.8,,31.3,69.2,4.8,,10.0,,0.0,0.0
临沂,ecmwf_ifs025,2025-09-25,1,2025-09-26,23.8,17.3,21.1,,,78.9,8.2,,65.2,6.87,2.4,
临沂,ecmwf_ifs025,2025-09-24,2,2025-09-26,26.1,16.4,21.4,,,76.0,9.8,,36.6,14.9,0.9,
临沂,ecmwf_ifs025,2025-09-23,3,2025-09-26,24.7,17.2,22.1,,,78.2,7.4,,46.3,9.26,0.6,
临沂,ecmwf_ifs025,2025-09-22,4,2025-09-26,26.6,18.2,22.0,,,72.0,8.1,,43.6,14.81,0.0,
临沂,ecmwf_ifs025,2025-09-21,5,2025-09-26,26.0,17.4,22.1,,,73.3,7.9,,13.0,18.1,0.0,
临沂,ecmwf_ifs025,2025-09-20,6,2025-09-26,25.6,16.6,21.8,,,76.6,8.5,,29.0,13.54,0.3,
临沂,ecmwf_ifs025,2025-09-19,7,2025-09-26,25.5,16.9,20.4,,,70.0,12.0,,47.0,15.13,0.0,
临沂,gfs_seamless,2025-09-25,1,2025-09-26,22.8,18.9,21.1,,,75.8,9.5,26.6,100.0,6.4,0.0,0.0
临沂,gfs_seamless,2025-09-24,2,2025-09-26,26.5,18.2,21.2,,,70.6,10.3,37.1,95.8,10.71,0.2,0.0
临沂,gfs_seamless,2025-09-23,3,2025-09-26,22.9,19.0,21.1,,,75.4,12.8,43.6,95.5,5.45,1.8,0.0
临沂,gfs_seamless,2025-09-22,4,2025-09-26,23.7,19.1,22.3,,,86.6,12.8,40.7,99.5,4.13,4.6,0.0
临沂,gfs_seamless,2025-09-21,5,2025-09-26,21.5,18.0,22.5,,,91.1,11.3,35.3,88.7,0.69,1.9,0.0
临沂,gfs_seamless,2025-09-20,6,2025-09-26,27.6,18.2,21.9,,29.6,66.8,11.9,43.6,56.3,17.97,0.0,0.0
临沂,gfs_seamless,2025-09-19,7,2025-09-26,27.1,17.3,21.7,,28.2,60.0,9.5,32.0,52.6,20.62,0.0,0.0
临沂,jma_seamless,2025-09-25,1,2025-09-26,21.8,17.8,20.5,,,81.0,6.3,,97.2,,13.8,0.0
临沂,jma_seamless,2025-09-24,2,2025-09-26,23.1,19.0,24.3,,,91.8,7.3,,93.6,,29.1,0.0
临沂,jma_seamless,2025-09-23,3,2025-09-26,25.2,20.4,25.7,,,84.5,6.5,,94.1,,9.3,0.0
临沂,jma_seamless,2025-09-22,4,2025-09-26,26.5,21.4,27.5,,,88.3,8.2,,91.8,,2.1,0.0
临沂,jma_seamless,2025-09-21,5,2025-09-26,25.9,21.4,27.0,,,91.5,7.3,,96.6,,18.0,0.0
临沂,jma_seamless,2025-09-20,6,2025-09-26,26.4,19.9,25.2,,,78.2,10.8,,89.1,,7.8,0.0
临沂,jma_seamless,2025-09-19,7,2025-09-26,25.3,18.2,24.5,,,88.5,9.2,,71.1,,33.9,0.0
临沂,ecmwf_ifs025,2025-09-26,1,2025-09-27,22.6,17.6,22.1,,,88.6,6.9,,95.7,6.64,19.5,
临沂,ecmwf_ifs025,2025-09-25,2,2025-09-27,24.6,16.5,22.4,,,88.1,5.7,,90.6,7.25,27.0,
临沂,ecmwf_ifs025,2025-09-24,3,2025-09-27,23.5,18.2,21.8,,,86.8,8.5,,76.4,5.91,7.8,
临沂,ecmwf_ifs025,2025-09-23,4,2025-09-27,21.9,18.2,21.7,,,88.7,7.2,,77.3,3.57,6.6,
临沂,ecmwf_ifs025,2025-09-22,5,2025-09-27,21.6,18.5,21.5,,,81.5,5.0,,39.5,11.78,4.2,
临沂,ecmwf_ifs025,2025-09-21,6,2025-09-27,25.3,18.3,22.9,,,80.8,5.1,,19.6,12.73,2.7,
临沂,ecmwf_ifs025,2025-09-20,7,2025-09-27,19.7,16.1,18.3,,,85.0,7.3,,30.2,3.75,6.6,
临沂,gfs_seamless,2025-09-26,1,2025-09-27,20.7,18.4,21.5,,,90.4,5.4,20.5,100.0,2.39,4.2,0.0
临沂,gfs_seamless,2025-09-25,2,2025-09-27,19.5,16.8,19.6,,,90.5,8.9,32.4,100.0,1.33,9.4,0.0
临沂,gfs_seamless,2025-09-24,3,2025-09-27,21.2,17.2,19.6,,,90.7,10.6,39.6,100.0,1.3,18.6,0.0
临沂,gfs_seamless,2025-09-23,4,2025-09-27,25.1,17.7,21.4,,,89.5,9.4,32.8,98.3,6.17,9.1,0.0
临沂,gfs_seamless,2025-09-22,5,2025-09-27,25.1,18.2,22.1,,,86.5,6.8,34.6,99.6,2.38,1.1,0.0
临沂,gfs_seamless,2025-09-21,6,2025-09-27,23.2,19.6,24.5,,,93.8,8.5,27.7,99.7,2.01,1.1,0.0
临沂,gfs_seamless,2025-09-20,7,2025-09-27,22.3,17.1,20.0,,,75.9,6.5,24.8,71.7,2.87,0.1,0.0
临沂,jma_seamless,2025-09-26,1,2025-09-27,22.1,18.5,22.7,,,86.2,3.7,,81.2,,7.2,0.0
临沂,jma_seamless,2025-09-25,2,2025-09-27,22.4,19.1,23.2,,,89.7,5.0,,92.5,,23.1,0.0
临沂,jma_seamless,2025-09-24,3,2025-09-27,24.4,20.8,25.3,,,85.8,3.2,,84.8,,2.1,0.0
临沂,jma_seamless,2025-09-23,4,2025-09-27,25.8,20.1,24.9,,,76.4,7.1,,74.4,,1.8,0.0
临沂,jma_seamless,2025-09-22,5,2025-09-27,25.6,21.3,26.4,,,77.2,7.2,,64.6,,4.2,0.0
临沂,jma_seamless,2025-09-21,6,2025-09-27,27.1,19.4,25.8,,30.2,82.2,7.3,,64.6,,11.4,0.0
临沂,jma_seamless,2025-09-20,7,2025-09-27,25.2,18.6,24.1,,,86.2,6.1,,64.2,,16.5,0.0
临沂,ecmwf_ifs025,2025-09-27,1,2025-09-28,25.1,19.9,24.8,,,86.1,5.1,,85.9,8.82,22.8,
临沂,ecmwf_ifs025,2025-09-26,2,2025-09-28,24.7,19.4,24.7,,,91.4,3.8,,95.7,5.89,23.4,
临沂,ecmwf_ifs025,2025-09-25,3,2025-09-28,24.3,19.1,24.1,,,91.4,5.8,,99.8,7.15,10.2,
临沂,ecmwf_ifs025,2025-09-24,4,2025-09-28,21.6,18.4,22.2,,,92.2,5.3,,91.3,4.12,20.4,
临沂,ecmwf_ifs025,2025-09-23,5,2025-09-28,25.2,16.9,22.1,,,84.4,5.3,,52.9,14.01,0.0,
临沂,ecmwf_ifs025,2025-09-22,6,2025-09-28,25.2,18.0,23.5,,,82.3,3.3,,41.2,10.33,1.5,
临沂,ecmwf_ifs025,2025-09-21,7,2025-09-28,25.6,16.5,22.8,,,80.8,4.0,,38.6,9.8,0.0,
临沂,gfs_seamless,2025-09-27,1,2025-09-28,22.1,18.8,22.9,,,91.0,4.4,16.6,100.0,4.04,13.3,0.0
临沂,gfs_seamless,2025-09-26,2,2025-09-28,21.0,18.9,21.8,,,93.0,5.8,19.1,100.0,2.68,9.4,0.0
临沂,gfs_seamless,2025-09-25,3,2025-09-28,19.7,16.7,20.0,,,91.6,4.7,18.4,100.0,2.22,14.6,0.0
临沂,gfs_seamless,2025-09-24,4,2025-09-28,23.8,17.5,21.5,,,77.6,4.4,11.5,97.8,10.47,0.0,0.0
临沂,gfs_seamless,2025-09-23,5,2025-09-28,24.5,18.7,21.7,,,78.3,6.5,16.6,99.9,5.42,2.3,0.0
临沂,gfs_seamless,2025-09-22,6,2025-09-28,26.0,16.8,22.2,,,71.1,7.3,23.0,84.9,17.4,0.0,0.0
临沂,gfs_seamless,2025-09-21,7,2025-09-28,28.9,16.7,23.0,,32.0,67.0,9.2,29.5,47.2,17.82,0.0,0.0
临沂,jma_seamless,2025-09-27,1,2025-09-28,24.9,19.6,24.7,,,82.5,3.4,,80.9,,4.2,0.0
临沂,jma_seamless,2025-09-26,2,2025-09-28,23.9,19.7,24.6,,,84.9,5.0,,93.0,,10.8,0.0
临沂,jma_seamless,2025-09-25,3,2025-09-28,22.8,18.4,23.2,,,89.6,4.4,,78.8,,10.5,0.0
临沂,jma_seamless,2025-09-24,4,2025-09-28,25.1,19.2,24.0,,,78.7,4.9,,51.6,,0.9,0.0
临沂,jma_seamless,2025-09-23,5,2025-09-28,29.4,19.1,24.4,,31.8,60.7,3.1,,14.2,,0.0,0.0
临沂,jma_seamless,2025-09-22,6,2025-09-28,27.7,17.6,22.5,,29.0,60.0,3.3,,2.9,,0.0,0.0
临沂,jma_seamless,2025-09-21,7,2025-09-28,28.6,18.6,23.2,,30.3,59.4,5.1,,48.0,,0.0,0.0
临沂,ecmwf_ifs025,2025-09-28,1,2025-09-29,24.3,18.8,23.4,,,84.7,5.2,,68.5,10.46,2.1,
临沂,ecmwf_ifs025,2025-09-27,2,2025-09-29,23.8,19.1,23.9,,,88.3,4.1,,74.6,8.19,1.5,
临沂,ecmwf_ifs025,2025-09-26,3,2025-09-29,25.6,18.6,24.1,,,83.9,4.2,,63.9,12.96,0.0,
临沂,ecmwf_ifs025,2025-09-25,4,2025-09-29,25.2,18.3,23.5,,,84.8,3.7,,58.3,10.04,0.0,
临沂,ecmwf_ifs025,2025-09-24,5,2025-09-29,25.4,17.1,23.1,,,85.0,3.5,,77.3,11.66,0.0,
临沂,ecmwf_ifs025,2025-09-23,6,2025-09-29,23.8,18.1,22.1,,,82.7,5.2,,72.3,10.19,0.0,
临沂,ecmwf_ifs025,2025-09-22,7,2025-09-29,23.1,17.5,21.9,,,82.9,3.2,,75.8,7.16,0.9,
临沂,gfs_seamless,2025-09-28,1,2025-09-29,27.8,19.0,24.4,,30.7,73.1,6.9,27.7,92.0,16.86,1.7,0.0
临沂,gfs_seamless,2025-09-27,2,2025-09-29,27.0,18.6,24.2,,29.2,74.5,7.1,21.6,96.0,16.23,0.0,0.0
临沂,gfs_seamless,2025-09-26,3,2025-09-29,27.2,18.7,23.8,,29.5,72.8,5.4,20.9,84.0,16.78,1.0,0.0
临沂,gfs_seamless,2025-09-25,4,2025-09-29,26.9,17.0,23.3,,,69.8,4.6,21.2,79.9,19.05,0.0,0.0
临沂,gfs_seamless,2025-09-24,5,2025-09-29,26.8,18.7,22.8,,,66.0,5.3,14.8,85.3,17.59,0.0,0.0
临沂,gfs_seamless,2025-09-23,6,2025-09-29,25.7,17.7,21.6,,,60.8,9.0,30.6,72.1,17.18,0.0,0.0
临沂,gfs_seamless,2025-09-22,7,2025-09-29,28.2,18.6,23.0,,30.3,64.8,8.9,30.6,81.1,16.51,0.3,0.0
临沂,jma_seamless,2025-09-28,1,2025-09-29,25.9,20.6,24.6,,,71.1,5.0,,83.7,,0.0,0.0
临沂,jma_seamless,2025-09-27,2,2025-09-29,24.7,18.7,23.2,,,76.2,4.8,,80.1,,3.0,0.0
临沂,jma_seamless,2025-09-26,3,2025-09-29,25.6,17.3,22.2,,,82.6,4.5,,73.0,,1.2,0.0
临沂,jma_seamless,2025-09-25,4,2025-09-29,22.9,19.0,23.2,,,83.5,2.2,,70.3,,0.0,0.0
临沂,jma_seamless,2025-09-24,5,2025-09-29,25.7,15.9,22.7,,,77.4,3.1,,62.8,,0.0,0.0
临沂,jma_seamless,2025-09-23,6,2025-09-29,30.4,19.9,24.2,,32.9,56.8,4.2,,4.0,,0.0,0.0
临沂,jma_seamless,2025-09-22,7,2025-09-29,28.2,19.8,23.5,,29.1,54.0,5.2,,55.8,,0.0,0.0
临沂,ecmwf_ifs025,2025-09-29,1,2025-09-30,26.0,16.9,23.1,,,80.8,6.6,,5.5,17.85,0.0,
临沂,ecmwf_ifs025,2025-09-28,2,2025-09-30,25.8,17.9,23.4,,,81.1,5.6,,5.3,18.17,0.0,
临沂,ecmwf_ifs025,2025-09-27,3,2025-09-30,26.5,17.9,23.8,,,81.0,5.9,,15.6,16.58,0.0,
临沂,ecmwf_ifs025,2025-09-26,4,2025-09-30,26.9,16.8,23.7,,,77.8,5.2,,2.3,18.03,0.0,
临沂,ecmwf_ifs025,2025-09-25,5,2025-09-30,26.6,17.6,23.6,,,82.1,6.8,,26.8,18.09,0.0,
临沂,ecmwf_ifs025,2025-09-24,6,2025-09-30,26.9,17.1,23.1,,,82.2,6.9,,3.9,16.72,0.0,
临沂,ecmwf_ifs025,2025-09-23,7,2025-09-30,25.8,17.6,22.5,,,78.3,4.8,,25.5,16.84,0.0,
临沂,gfs_seamless,2025-09-29,1,2025-09-30,27.1,18.2,23.9,,29.3,73.2,9.0,20.5,27.8,19.22,0.0,0.0
临沂,gfs_seamless,2025-09-28,2,2025-09-30,27.2,18.5,23.7,,29.1,69.2,9.0,16.2,5.2,19.44,0.0,0.0
临沂,gfs_seamless,2025-09-27,3,2025-09-30,27.9,18.6,24.1,,30.0,66.4,8.4,18.0,25.0,19.35,0.0,0.0
临沂,gfs_seamless,2025-09-26,4,2025-09-30,26.9,18.0,23.2,,,70.6,10.0,22.0,12.7,19.23,0.0,0.0
临沂,gfs_seamless,2025-09-25,5,2025-09-30,26.0,18.1,22.6,,,74.5,11.6,27.0,25.6,19.24,1.1,0.0
临沂,gfs_seamless,2025-09-24,6,2025-09-30,27.1,18.5,22.9,,28.7,66.6,7.9,20.9,14.4,19.02,0.0,0.0
临沂,gfs_seamless,2025-09-23,7,2025-09-30,26.8,18.0,22.9,,,67.4,7.2,17.6,60.7,18.64,0.0,0.0
临沂,jma_seamless,2025-09-29,1,2025-09-30,27.6,19.2,24.0,,29.7,68.3,5.9,,25.3,,0.0,0.0
临沂,jma_seamless,2025-09-28,2,2025-09-30,26.8,18.1,22.9,,,70.1,6.1,,23.8,,0.0,0.0
临沂,jma_seamless,2025-09-27,3,2025-09-30,27.2,16.6,21.8,,29.7,74.8,5.7,,34.8,,0.0,0.0
临沂,jma_seamless,2025-09-26,4,2025-09-30,27.2,18.8,22.9,,29.5,72.8,6.4,,11.3,,0.0,0.0
临沂,jma_seamless,2025-09-25,5,2025-09-30,27.3,15.7,23.8,,30.2,78.4,5.0,,16.1,,0.0,0.0
临沂,jma_seamless,2025-09-24,6,2025-09-30,27.8,18.3,24.0,,31.1,76.5,4.1,,28.8,,0.0,0.0
临沂,jma_seamless,2025-09-23,7,2025-09-30,26.4,18.7,23.8,,,67.3,6.9,,6.9,,0.6,0.0
临沂,ecmwf_ifs025,2025-09-30,1,2025-10-01,26.3,17.6,23.9,,,83.8,6.7,,38.8,15.24,0.3,
临沂,ecmwf_ifs025,2025-09-29,2,2025-10-01,26.0,16.5,23.6,,,85.9,5.3,,48.1,12.61,3.3,
临沂,ecmwf_ifs025,2025-09-28,3,2025-10-01,25.8,17.2,23.5,,,85.3,6.1,,34.5,12.11,0.3,
临沂,ecmwf_ifs025,2025-09-27,4,2025-10-01,25.9,16.9,23.8,,,83.8,5.5,,32.2,13.77,0.9,
临沂,ecmwf_ifs025,2025-09-26,5,2025-10-01,26.7,16.6,23.9,,,82.9,5.3,,33.5,13.81,5.7,
临沂,ecmwf_ifs025,2025-09-25,6,2025-10-01,28.2,17.7,25.0,,32.9,81.6,5.7,,24.8,16.14,7.5,
临沂,ecmwf_ifs025,2025-09-24,7,2025-10-01,27.0,17.1,24.2,,30.0,82.7,4.1,,27.9,13.18,0.0,
临沂,gfs_seamless,2025-09-30,1,2025-10-01,28.6,19.0,24.0,,32.2,72.1,9.0,23.8,59.6,13.48,4.4,0.0
临沂,gfs_seamless,2025-09-29,2,2025-10-01,27.4,19.0,23.5,,30.2,76.0,8.9,24.1,81.3,11.41,2.1,0.0
临沂,gfs_seamless,2025-09-28,3,2025-10-01,27.4,19.1,24.3,,29.6,70.7,7.7,27.0,66.7,11.98,2.3,0.0
临沂,gfs_seamless,2025-09-27,4,2025-10-01,27.9,18.6,23.8,,30.5,69.9,10.0,40.0,66.3,13.5,2.8,0.0
临沂,gfs_seamless,2025-09-26,5,2025-10-01,28.4,18.6,24.2,,31.7,71.4,9.8,34.6,78.6,18.24,0.3,0.0
临沂,gfs_seamless,2025-09-25,6,2025-10-01,27.2,17.9,22.9,,29.2,70.4,8.6,26.3,60.6,15.73,0.5,0.0
临沂,gfs_seamless,2025-09-24,7,2025-10-01,27.0,18.2,23.2,,29.3,75.6,7.8,28.1,91.8,12.95,0.6,0.0
临沂,jma_seamless,2025-09-30,1,2025-10-01,28.1,19.8,24.8,,30.1,63.8,6.2,,53.8,,0.0,0.0
临沂,jma_seamless,2025-09-29,2,2025-10-01,29.8,18.8,24.9,,33.0,62.9,5.4,,40.2,,0.0,0.0
临沂,jma_seamless,2025-09-28,3,2025-10-01,29.4,17.7,24.6,,33.4,68.8,3.8,,33.4,,0.0,0.0
临沂,jma_seamless,2025-09-27,4,2025-10-01,29.0,17.4,23.7,,32.5,68.5,6.8,,27.1,,0.0,0.0
临沂,jma_seamless,2025-09-26,5,2025-10-01,31.1,19.4,25.3,,36.6,65.8,6.8,,26.2,,0.3,0.0
临沂,jma_seamless,2025-09-25,6,2025-10-01,29.4,18.7,24.8,,34.4,73.7,4.9,,24.7,,0.0,0.0
临沂,jma_seamless,2025-09-24,7,2025-10-01,29.0,18.5,24.5,,32.6,69.4,4.9,,4.2,,0.0,0.0
临沂,ecmwf_ifs025,2025-10-01,1,2025-10-02,20.5,17.1,18.9,,,91.3,16.6,,95.8,2.49,71.4,
临沂,ecmwf_ifs025,2025-09-30,2,2025-10-02,20.2,16.6,17.9,,,92.6,20.0,,96.8,2.09,75.0,
临沂,ecmwf_ifs025,2025-09-29,3,2025-10-02,20.0,17.0,18.5,,,93.1,19.5,,94.2,2.32,76.2,
临沂,ecmwf_ifs025,2025-09-28,4,2025-10-02,20.6,18.1,19.0,,,90.1,18.6,,95.7,3.22,41.4,
临沂,ecmwf_ifs025,2025-09-27,5,2025-10-02,19.3,16.6,17.3,,,90.1,20.4,,80.7,2.8,89.1,
临沂,ecmwf_ifs025,2025-09-26,6,2025-10-02,22.7,18.2,20.3,,,82.8,16.6,,82.6,6.28,27.3,
临沂,ecmwf_ifs025,2025-09-25,7,2025-10-02,21.1,18.7,20.3,,,80.1,13.3,,61.9,5.3,7.2,
临沂,gfs_seamless,2025-10-01,1,2025-10-02,19.2,16.3,16.5,,,93.4,24.5,63.4,100.0,0.26,78.5,0.0
临沂,gfs_seamless,2025-09-30,2,2025-10-02,20.2,16.5,16.6,,,92.1,22.4,62.6,100.0,0.32,49.0,0.0
临沂,gfs_seamless,2025-09-29,3,2025-10-02,20.3,16.9,17.3,,,92.9,19.6,52.6,100.0,0.26,49.9,0.0
临沂,gfs_seamless,2025-09-28,4,2025-10-02,21.3,17.1,18.0,,,91.9,19.8,57.2,100.0,0.36,51.4,0.0
临沂,gfs_seamless,2025-09-27,5,2025-10-02,21.2,17.3,18.0,,,91.3,18.7,49.7,100.0,0.54,19.8,0.0
临沂,gfs_seamless,2025-09-26,6,2025-10-02,18.3,16.7,17.1,,,93.1,18.6,49.0,100.0,0.27,20.3,0.0
临沂,gfs_seamless,2025-09-25,7,2025-10-02,18.0,16.3,17.1,,,91.4,14.7,50.4,100.0,0.7,6.9,0.0
临沂,jma_seamless,2025-10-01,1,2025-10-02,24.0,17.6,20.6,,,87.2,11.4,,99.0,,75.9,0.0
临沂,jma_seamless,2025-09-30,2,2025-10-02,24.3,19.2,21.7,,,86.1,13.3,,99.0,,28.2,0.0
临沂,jma_seamless,2025-09-29,3,2025-10-02,24.4,18.7,21.9,,,82.2,10.9,,92.0,,62.4,0.0
临沂,jma_seamless,2025-09-28,4,2025-10-02,23.7,19.4,21.5,,,85.5,14.4,,94.6,,54.0,0.0
临沂,jma_seamless,2025-09-27,5,2025-10-02,23.5,19.7,23.3,,,89.6,10.0,,96.8,,39.6,0.0
临沂,jma_seamless,2025-09-26,6,2025-10-02,21.8,18.5,20.5,,,81.0,12.2,,89.5,,27.6,0.0
临沂,jma_seamless,2025-09-25,7,2025-10-02,26.3,18.9,23.0,,,72.0,8.6,,79.2,,5.1,0.0
临沂,ecmwf_ifs025,2025-10-02,1,2025-10-03,24.5,18.8,21.8,,,82.4,13.0,,60.1,8.99,0.3,
临沂,ecmwf_ifs025,2025-10-01,2,2025-10-03,24.2,19.3,22.1,,,82.3,13.0,,89.2,8.05,0.0,
临沂,ecmwf_ifs025,2025-09-30,3,2025-10-03,23.0,19.5,22.0,,,86.1,14.7,,95.3,5.69,0.3,
临沂,ecmwf_ifs025,2025-09-29,4,2025-10-03,24.1,18.6,22.3,,,83.8,12.2,,88.4,8.36,0.0,
临沂,ecmwf_ifs025,2025-09-28,5,2025-10-03,24.0,18.0,21.7,,,82.2,11.8,,82.8,8.78,0.0,
临沂,ecmwf_ifs025,2025-09-27,6,2025-10-03,24.7,18.3,22.3,,,82.0,11.5,,71.8,12.1,4.2,
临沂,ecmwf_ifs025,2025-09-26,7,2025-10-03,21.8,18.4,21.4,,,90.0,11.9,,74.0,3.64,5.1,
临沂,gfs_seamless,2025-10-02,1,2025-10-03,21.2,18.0,19.3,,,86.8,16.3,49.0,83.4,3.71,0.9,0.0
临沂,gfs_seamless,2025-10-01,2,2025-10-03,21.8,17.9,19.4,,,87.2,15.7,48.6,82.4,5.54,0.3,0.0
临沂,gfs_seamless,2025-09-30,3,2025-10-03,24.6,17.7,20.0,,,83.7,14.5,44.6,81.4,10.92,0.0,0.0
临沂,gfs_seamless,2025-09-29,4,2025-10-03,23.5,17.3,20.9,,,83.3,10.7,38.9,95.6,9.79,0.0,0.0
临沂,gfs_seamless,2025-09-28,5,2025-10-03,24.2,16.9,20.5,,,76.2,10.2,32.8,80.9,15.89,0.0,0.0
临沂,gfs_seamless,2025-09-27,6,2025-10-03,24.4,17.2,20.5,,,76.8,11.3,38.5,84.0,16.42,0.4,0.0
临沂,gfs_seamless,2025-09-26,7,2025-10-03,21.3,17.4,20.0,,,85.3,11.1,33.8,98.5,7.71,0.0,0.0
临沂,jma_seamless,2025-10-02,1,2025-10-03,24.6,19.6,23.3,,,75.4,8.6,,66.2,,0.9,0.0
临沂,jma_seamless,2025-10-01,2,2025-10-03,24.3,20.4,24.0,,,81.3,9.4,,86.5,,2.4,0.0
临沂,jma_seamless,2025-09-30,3,2025-10-03,24.3,19.7,23.9,,,82.8,8.3,,93.0,,0.6,0.0
临沂,jma_seamless,2025-09-29,4,2025-10-03,23.2,19.7,22.7,,,79.5,8.3,,81.8,,1.8,0.0
临沂,jma_seamless,2025-09-28,5,2025-10-03,25.2,19.7,23.0,,,75.4,8.8,,61.7,,0.9,0.0
临沂,jma_seamless,2025-09-27,6,2025-10-03,23.6,20.0,23.3,,,80.1,8.6,,68.0,,1.8,0.0
临沂,jma_seamless,2025-09-26,7,2025-10-03,24.1,18.9,22.9,,,82.3,9.1,,74.0,,2.1,0.0
临沂,ecmwf_ifs025,2025-10-03,1,2025-10-04,24.0,17.0,22.3,,,83.9,5.8,,70.3,10.02,0.6,
临沂,ecmwf_ifs025,2025-10-02,2,2025-10-04,24.5,17.4,23.3,,,83.3,5.7,,64.0,12.69,0.6,
临沂,ecmwf_ifs025,2025-10-01,3,2025-10-04,23.2,17.7,23.0,,,87.9,5.6,,83.1,8.28,5.4,
临沂,ecmwf_ifs025,2025-09-30,4,2025-10-04,25.4,17.6,24.3,,,85.0,5.3,,73.6,11.31,0.0,
临沂,ecmwf_ifs025,2025-09-29,5,2025-10-04,25.1,18.4,23.9,,,83.7,7.1,,75.2,11.19,0.0,
临沂,ecmwf_ifs025,2025-09-28,6,2025-10-04,23.9,19.1,23.3,,,85.7,4.9,,86.1,11.54,1.8,
临沂,ecmwf_ifs025,2025-09-27,7,2025-10-04,24.3,18.9,23.0,,,87.6,6.8,,86.4,7.27,4.2,
临沂,gfs_seamless,2025-10-03,1,2025-10-04,26.1,17.5,22.6,,,79.3,5.7,14.4,74.1,13.13,4.0,0.0
临沂,gfs_seamless,2025-10-02,2,2025-10-04,25.2,17.7,22.6,,,78.8,6.9,26.3,99.2,11.34,1.4,0.0
临沂,gfs_seamless,2025-10-01,3,2025-10-04,23.9,17.4,21.8,,,82.5,6.4,23.4,72.8,6.26,0.8,0.0
临沂,gfs_seamless,2025-09-30,4,2025-10-04,23.0,18.2,22.3,,,84.6,4.9,13.7,89.2,4.41,0.4,0.0
临沂,gfs_seamless,2025-09-29,5,2025-10-04,22.1,18.0,21.9,,,82.5,5.6,16.9,79.0,2.76,0.0,0.0
临沂,gfs_seamless,2025-09-28,6,2025-10-04,24.5,17.9,21.5,,,81.5,7.4,32.4,77.2,8.7,3.3,0.0
临沂,gfs_seamless,2025-09-27,7,2025-10-04,25.2,17.7,21.6,,,82.5,6.5,27.4,90.0,5.93,1.6,0.0
临沂,jma_seamless,2025-10-03,1,2025-10-04,27.2,19.4,24.7,,29.2,70.0,4.7,,68.8,,0.0,0.0
临沂,jma_seamless,2025-10-02,2,2025-10-04,27.0,20.0,24.8,,29.1,72.7,5.4,,68.9,,0.3,0.0
临沂,jma_seamless,2025-10-01,3,2025-10-04,26.9,20.5,25.3,,,73.5,6.4,,92.5,,0.0,0.0
临沂,jma_seamless,2025-09-30,4,2025-10-04,27.9,20.2,25.7,,31.2,75.4,6.1,,76.8,,0.0,0.0
临沂,jma_seamless,2025-09-29,5,2025-10-04,27.2,20.3,24.9,,29.5,73.0,6.6,,61.0,,0.0,0.0
临沂,jma_seamless,2025-09-28,6,2025-10-04,26.5,19.7,24.5,,,75.4,5.8,,58.6,,2.1,0.0
临沂,jma_seamless,2025-09-27,7,2025-10-04,27.3,18.1,24.5,,29.9,75.4,4.5,,53.4,,0.3,0.0
临沂,ecmwf_ifs025,2025-10-04,1,2025-10-05,23.8,19.7,24.5,,,91.8,5.3,,84.0,4.66,13.8,
临沂,ecmwf_ifs025,2025-10-03,2,2025-10-05,25.0,19.4,24.4,,,93.0,7.7,,89.9,4.95,16.5,
临沂,ecmwf_ifs025,2025-10-02,3,2025-10-05,23.1,19.9,24.1,,,93.2,8.6,,97.7,4.01,12.0,
临沂,ecmwf_ifs025,2025-10-01,4,2025-10-05,25.5,19.5,25.0,,,90.9,7.0,,83.3,5.23,1.5,
临沂,ecmwf_ifs025,2025-09-30,5,2025-10-05,25.9,20.4,25.5,,,89.2,6.4,,96.5,6.78,4.2,
临沂,ecmwf_ifs025,2025-09-29,6,2025-10-05,26.2,19.5,26.2,,,90.8,5.2,,85.5,6.01,4.8,
临沂,ecmwf_ifs025,2025-09-28,7,2025-10-05,21.8,18.6,22.7,,,94.4,8.4,,94.0,2.69,19.2,
临沂,gfs_seamless,2025-10-04,1,2025-10-05,22.0,18.6,22.4,,,93.8,5.5,18.4,96.4,4.06,27.1,0.0
临沂,gfs_seamless,2025-10-03,2,2025-10-05,21.2,19.4,22.7,,,93.5,7.5,22.0,100.0,1.57,7.2,0.0
临沂,gfs_seamless,2025-10-02,3,2025-10-05,20.6,18.9,22.3,,,95.4,5.6,24.5,100.0,0.63,11.1,0.0
临沂,gfs_seamless,2025-10-01,4,2025-10-05,26.7,19.6,25.1,,,84.6,5.2,20.9,98.0,5.91,0.1,0.0
临沂,gfs_seamless,2025-09-30,5,2025-10-05,27.7,19.8,26.0,,31.9,83.7,7.4,24.5,87.2,10.26,0.8,0.0
临沂,gfs_seamless,2025-09-29,6,2025-10-05,29.8,19.2,26.9,,37.6,82.0,9.3,34.9,87.0,14.43,0.9,0.0
临沂,gfs_seamless,2025-09-28,7,2025-10-05,23.7,18.1,22.7,,,95.8,8.3,32.4,100.0,1.2,10.7,0.0
临沂,jma_seamless,2025-10-04,1,2025-10-05,26.2,21.6,27.2,,,83.0,4.3,,87.8,,2.4,0.0
临沂,jma_seamless,2025-10-03,2,2025-10-05,25.0,20.6,25.5,,,85.7,8.9,,85.9,,2.1,0.0
临沂,jma_seamless,2025-10-02,3,2025-10-05,26.4,21.7,26.5,,,81.6,8.8,,90.7,,1.2,0.0
临沂,jma_seamless,2025-10-01,4,2025-10-05,29.6,22.3,27.7,,35.7,77.0,8.7,,78.0,,0.0,0.0
临沂,jma_seamless,2025-09-30,5,2025-10-05,30.9,22.1,29.1,,37.4,70.2,6.9,,61.0,,0.0,0.0
临沂,jma_seamless,2025-09-29,6,2025-10-05,29.5,22.0,28.6,,35.0,75.3,7.1,,69.3,,0.3,0.0
临沂,jma_seamless,2025-09-28,7,2025-10-05,28.8,21.5,27.9,,34.4,81.1,7.6,,84.4,,2.7,0.0
临沂,ecmwf_ifs025,2025-10-05,1,2025-10-06,26.3,19.7,25.4,,,86.8,7.2,,55.0,10.24,0.3,
临沂,ecmwf_ifs025,2025-10-04,2,2025-10-06,24.8,20.7,24.8,,,89.0,9.6,,83.0,9.69,6.0,
临沂,ecmwf_ifs025,2025-10-03,3,2025-10-06,24.1,20.5,24.0,,,90.2,11.3,,86.5,5.54,30.6,
临沂,ecmwf_ifs025,2025-10-02,4,2025-10-06,27.6,20.8,27.0,,32.8,91.9,6.5,,79.2,8.1,14.4,
临沂,ecmwf_ifs025,2025-10-01,5,2025-10-06,27.2,20.1,26.4,,31.6,92.0,6.9,,59.5,6.62,12.3,
临沂,ecmwf_ifs025,2025-09-30,6,2025-10-06,28.9,21.0,28.2,,36.7,90.0,8.1,,59.3,8.85,4.2,
临沂,ecmwf_ifs025,2025-09-29,7,2025-10-06,22.6,19.9,22.6,,,89.0,14.5,,93.0,5.09,8.4,
临沂,gfs_seamless,2025-10-05,1,2025-10-06,21.4,17.7,21.0,,,87.2,12.0,34.9,100.0,3.63,1.8,0.0
临沂,gfs_seamless,2025-10-04,2,2025-10-06,22.3,17.9,21.3,,,89.5,12.6,36.0,96.7,5.59,3.6,0.0
临沂,gfs_seamless,2025-10-03,3,2025-10-06,20.6,18.2,20.6,,,94.0,12.2,33.1,100.0,1.79,4.5,0.0
临沂,gfs_seamless,2025-10-02,4,2025-10-06,26.3,19.1,24.4,,,92.2,7.3,20.2,98.8,4.73,4.0,0.0
临沂,gfs_seamless,2025-10-01,5,2025-10-06,27.8,20.4,25.3,,32.7,87.5,8.5,25.2,95.9,7.62,1.3,0.0
临沂,gfs_seamless,2025-09-30,6,2025-10-06,26.5,21.4,27.2,,,88.4,4.8,16.2,88.1,7.64,0.3,0.0
临沂,gfs_seamless,2025-09-29,7,2025-10-06,26.3,20.3,24.9,,,81.1,10.0,28.4,89.2,13.83,0.4,0.0
临沂,jma_seamless,2025-10-05,1,2025-10-06,27.3,21.2,26.3,,30.3,78.5,7.3,,80.0,,1.2,0.0
临沂,jma_seamless,2025-10-04,2,2025-10-06,30.2,22.0,28.6,,36.8,74.8,8.7,,71.6,,0.6,0.0
临沂,jma_seamless,2025-10-03,3,2025-10-06,26.3,23.3,28.5,,,84.2,7.7,,71.8,,0.6,0.0
临沂,jma_seamless,2025-10-02,4,2025-10-06,29.9,22.0,28.9,,36.8,77.8,6.7,,80.7,,1.5,0.0
临沂,jma_seamless,2025-10-01,5,2025-10-06,32.6,23.8,31.5,,42.1,69.8,4.9,,72.9,,0.0,0.0
临沂,jma_seamless,2025-09-30,6,2025-10-06,32.3,20.8,29.2,,44.4,77.5,9.0,,78.4,,0.6,0.0
临沂,jma_seamless,2025-09-29,7,2025-10-06,34.6,23.1,30.6,,49.2,70.5,8.7,,73.6,,0.0,0.0
临沂,ecmwf_ifs025,2025-10-06,1,2025-10-07,24.7,18.9,23.1,,,79.9,6.4,,29.7,10.48,0.0,
临沂,ecmwf_ifs025,2025-10-05,2,2025-10-07,25.0,19.7,24.3,,,83.8,7.0,,64.8,8.19,0.6,
临沂,ecmwf_ifs025,2025-10-04,3,2025-10-07,24.9,19.7,24.6,,,83.9,5.8,,41.2,9.23,0.3,
临沂,ecmwf_ifs025,2025-10-03,4,2025-10-07,26.8,20.6,26.2,,,84.7,6.4,,65.7,10.75,0.0,
临沂,ecmwf_ifs025,2025-10-02,5,2025-10-07,27.2,20.4,26.2,,30.5,82.7,8.1,,37.0,12.18,0.0,
临沂,ecmwf_ifs025,2025-10-01,6,2025-10-07,27.6,19.7,26.4,,31.3,81.3,9.3,,39.9,12.65,0.0,
临沂,ecmwf_ifs025,2025-09-30,7,2025-10-07,24.2,17.4,20.2,,,71.5,13.6,,24.1,15.02,0.0,
临沂,gfs_seamless,2025-10-06,1,2025-10-07,25.5,16.9,21.6,,,73.6,9.0,28.1,75.4,15.71,0.0,0.0
临沂,gfs_seamless,2025-10-05,2,2025-10-07,25.5,16.3,21.2,,,72.5,9.2,27.7,51.3,16.35,0.0,0.0
临沂,gfs_seamless,2025-10-04,3,2025-10-07,25.2,17.9,21.5,,,74.2,9.6,24.8,48.0,16.92,0.0,0.0
临沂,gfs_seamless,2025-10-03,4,2025-10-07,26.7,18.7,24.6,,,80.0,6.6,19.1,81.2,14.74,0.0,0.0
临沂,gfs_seamless,2025-10-02,5,2025-10-07,26.1,19.2,24.1,,,77.3,8.2,31.7,57.7,17.05,0.2,0.0
临沂,gfs_seamless,2025-10-01,6,2025-10-07,27.2,19.9,25.2,,30.1,78.9,7.5,23.4,91.9,14.84,0.8,0.0
临沂,gfs_seamless,2025-09-30,7,2025-10-07,29.6,20.5,26.8,,37.0,82.0,9.4,25.2,78.4,6.91,1.6,0.0
临沂,jma_seamless,2025-10-06,1,2025-10-07,25.2,19.8,22.9,,,61.1,6.2,,53.9,,0.0,0.0
临沂,jma_seamless,2025-10-05,2,2025-10-07,26.4,21.0,25.6,,,73.9,5.5,,56.7,,0.0,0.0
临沂,jma_seamless,2025-10-04,3,2025-10-07,27.2,21.9,25.9,,29.1,69.3,7.6,,64.5,,0.0,0.0
临沂,jma_seamless,2025-10-03,4,2025-10-07,27.9,21.1,27.3,,31.3,76.0,5.7,,68.9,,2.1,0.0
临沂,jma_seamless,2025-10-02,5,2025-10-07,28.4,22.3,27.9,,31.6,70.9,8.2,,71.0,,1.2,0.0
临沂,jma_seamless,2025-10-01,6,2025-10-07,29.6,21.0,27.6,,34.9,73.8,6.7,,78.2,,0.6,0.0
临沂,jma_seamless,2025-09-30,7,2025-10-07,36.2,23.2,31.8,,54.5,69.4,9.2,,52.7,,0.0,0.0
临沂,ecmwf_ifs025,2025-10-07,1,2025-10-08,23.4,17.5,21.5,,,83.4,10.2,,,,,
临沂,ecmwf_ifs025,2025-10-06,2,2025-10-08,23.5,18.1,21.5,,,80.8,11.4,,,,,
临沂,ecmwf_ifs025,2025-10-05,3,2025-10-08,24.0,18.3,22.2,,,84.3,10.8,,,,,
临沂,ecmwf_ifs025,2025-10-04,4,2025-10-08,25.7,19.5,24.2,,,82.9,9.4,,,,,
临沂,ecmwf_ifs025,2025-10-03,5,2025-10-08,26.3,18.9,23.5,,,84.5,9.7,,,,,
临沂,ecmwf_ifs025,2025-10-02,6,2025-10-08,25.0,17.4,20.8,,,72.0,12.5,,,,,
临沂,ecmwf_ifs025,2025-10-01,7,2025-10-08,22.1,15.7,17.6,,,66.2,12.9,,,,,
临沂,gfs_seamless,2025-10-07,1,2025-10-08,23.2,18.3,21.3,,,81.5,12.1,,,,,
临沂,gfs_seamless,2025-10-06,2,2025-10-08,23.5,18.4,20.8,,,78.0,13.0,,,,,
临沂,gfs_seamless,2025-10-05,3,2025-10-08,25.5,17.8,21.1,,,74.2,10.9,,,,,
临沂,gfs_seamless,2025-10-04,4,2025-10-08,25.8,19.8,23.7,,,77.9,8.0,,,,,
临沂,gfs_seamless,2025-10-03,5,2025-10-08,22.5,18.4,20.8,,,84.2,11.8,,,,,
临沂,gfs_seamless,2025-10-02,6,2025-10-08,19.6,16.1,15.2,,,71.3,17.6,,,,,
临沂,gfs_seamless,2025-10-01,7,2025-10-08,21.8,14.1,16.1,,,82.6,17.5,,,,,
临沂,jma_seamless,2025-10-07,1,2025-10-08,22.3,21.0,22.5,,,71.5,8.9,,,,,
临沂,jma_seamless,2025-10-06,2,2025-10-08,23.7,21.1,22.3,,,64.7,10.0,,,,,
临沂,jma_seamless,2025-10-05,3,2025-10-08,24.3,21.2,24.1,,,75.9,10.0,,,,,
临沂,jma_seamless,2025-10-04,4,2025-10-08,26.4,21.4,25.4,,,76.4,10.4,,,,,
临沂,jma_seamless,2025-10-03,5,2025-10-08,24.1,20.8,24.2,,,81.5,10.6,,,,,
临沂,jma_seamless,2025-10-02,6,2025-10-08,23.6,16.0,18.4,,,46.1,14.1,,,,,
临沂,jma_seamless,2025-10-01,7,2025-10-08,24.9,20.2,24.6,,,81.2,11.6,,,,,
临沂,ecmwf_ifs025,2025-10-08,1,2025-10-09,26.6,17.8,23.9,,,81.8,7.9,,,,,
临沂,ecmwf_ifs025,2025-10-07,2,2025-10-09,25.5,17.7,22.9,,,78.9,8.2,,,,,
临沂,ecmwf_ifs025,2025-10-06,3,2025-10-09,25.8,16.7,21.8,,,78.1,8.8,,,,,
临沂,ecmwf_ifs025,2025-10-05,4,2025-10-09,25.5,17.7,23.1,,,81.2,7.0,,,,,
临沂,ecmwf_ifs025,2025-10-04,5,2025-10-09,25.6,18.3,22.9,,,78.8,9.1,,,,,
临沂,ecmwf_ifs025,2025-10-03,6,2025-10-09,26.6,18.8,23.2,,,77.9,11.0,,,,,
临沂,ecmwf_ifs025,2025-10-02,7,2025-10-09,21.9,16.3,19.3,,,72.0,13.2,,,,,
临沂,gfs_seamless,2025-10-08,1,2025-10-09,27.5,19.4,23.8,,30.4,76.0,9.1,,,,,
临沂,gfs_seamless,2025-10-07,2,2025-10-09,25.7,19.0,22.1,,,77.7,10.8,,,,,
临沂,gfs_seamless,2025-10-06,3,2025-10-09,26.9,18.1,22.3,,,75.8,10.7,,,,,
临沂,gfs_seamless,2025-10-05,4,2025-10-09,27.0,18.7,23.1,,29.3,75.6,9.7,,,,,
临沂,gfs_seamless,2025-10-04,5,2025-10-09,27.4,16.8,23.0,,30.5,78.5,12.7,,,,,
临沂,gfs_seamless,2025-10-03,6,2025-10-09,22.4,14.8,16.8,,,79.3,16.7,,,,,
临沂,gfs_seamless,2025-10-02,7,2025-10-09,18.8,13.3,13.2,,,72.2,16.6,,,,,
临沂,jma_seamless,2025-10-08,1,2025-10-09,27.9,21.0,25.1,,30.8,72.2,8.3,,,,,
临沂,jma_seamless,2025-10-07,2,2025-10-09,28.2,20.7,24.9,,31.1,70.0,8.3,,,,,
临沂,jma_seamless,2025-10-06,3,2025-10-09,27.6,20.7,23.4,,29.0,61.5,9.6,,,,,
临沂,jma_seamless,2025-10-05,4,2025-10-09,25.1,20.7,22.1,,,63.2,11.2,,,,,
临沂,jma_seamless,2025-10-04,5,2025-10-09,22.5,19.7,20.9,,,77.5,14.4,,,,,
临沂,jma_seamless,2025-10-03,6,2025-10-09,16.6,13.7,12.9,,,62.4,15.9,,,,,
临沂,jma_seamless,2025-10-02,7,2025-10-09,20.7,13.8,13.2,,,53.9,15.5,,,,,
临沂,ecmwf_ifs025,2025-10-09,1,2025-10-10,25.4,19.6,24.4,,,86.3,7.7,,,,,
临沂,ecmwf_ifs025,2025-10-08,2,2025-10-10,29.0,18.6,25.3,,34.9,80.5,6.2,,,,,
临沂,ecmwf_ifs025,2025-10-07,3,2025-10-10,27.6,18.6,26.0,,31.8,85.1,5.7,,,,,
临沂,ecmwf_ifs025,2025-10-06,4,2025-10-10,27.7,18.7,26.3,,32.2,86.0,6.0,,,,,
临沂,ecmwf_ifs025,2025-10-05,5,2025-10-10,27.3,18.3,24.2,,31.1,85.7,7.3,,,,,
临沂,ecmwf_ifs025,2025-10-04,6,2025-10-10,23.5,17.5,19.6,,,78.0,14.3,,,,,
临沂,ecmwf_ifs025,2025-10-03,7,2025-10-10,28.1,17.8,24.9,,32.9,83.2,9.5,,,,,
临沂,gfs_seamless,2025-10-09,1,2025-10-10,28.9,19.4,25.0,,33.9,77.1,8.0,,,,,
临沂,gfs_seamless,2025-10-08,2,2025-10-10,28.6,19.5,25.6,,33.1,77.1,7.1,,,,,
临沂,gfs_seamless,2025-10-07,3,2025-10-10,23.3,17.8,21.1,,,81.2,11.4,,,,,
临沂,gfs_seamless,2025-10-06,4,2025-10-10,21.5,17.1,20.3,,,84.0,11.3,,,,,
临沂,gfs_seamless,2025-10-05,5,2025-10-10,25.2,16.4,17.5,,,83.1,18.2,,,,,
临沂,gfs_seamless,2025-10-04,6,2025-10-10,20.5,13.3,14.6,,,85.0,19.5,,,,,
临沂,gfs_seamless,2025-10-03,7,2025-10-10,19.8,15.1,16.1,,,84.1,17.4,,,,,
临沂,jma_seamless,2025-10-09,1,2025-10-10,28.2,21.4,26.3,,31.5,72.9,6.1,,,,,
临沂,jma_seamless,2025-10-08,2,2025-10-10,28.7,21.8,27.8,,32.9,74.8,5.6,,,,,
临沂,jma_seamless,2025-10-07,3,2025-10-10,28.1,22.0,27.5,,31.6,75.1,5.9,,,,,
临沂,jma_seamless,2025-10-06,4,2025-10-10,28.9,21.3,27.7,,33.5,75.1,6.3,,,,,
临沂,jma_seamless,2025-10-05,5,2025-10-10,25.2,20.0,24.8,,,80.7,8.2,,,,,
临沂,jma_seamless,2025-10-04,6,2025-10-10,24.6,16.7,20.3,,,72.3,9.7,,,,,
临沂,jma_seamless,2025-10-03,7,2025-10-10,21.5,14.4,16.2,,,53.6,11.4,,,,,
临沂,ecmwf_ifs025,2025-10-10,1,2025-10-11,22.9,17.2,22.1,,,85.6,7.0,,,,,
临沂,ecmwf_ifs025,2025-10-09,2,2025-10-11,23.5,19.3,23.6,,,87.6,8.4,,,,,
临沂,ecmwf_ifs025,2025-10-08,3,2025-10-11,26.0,18.7,25.4,,,87.9,7.8,,,,,
临沂,ecmwf_ifs025,2025-10-07,4,2025-10-11,27.6,20.3,26.6,,31.8,85.4,8.9,,,,,
临沂,ecmwf_ifs025,2025-10-06,5,2025-10-11,29.9,20.1,26.8,,38.3,83.2,10.1,,,,,
临沂,ecmwf_ifs025,2025-10-05,6,2025-10-11,20.0,16.5,18.1,,,85.2,13.7,,,,,
临沂,ecmwf_ifs025,2025-10-04,7,2025-10-11,20.9,16.2,17.2,,,75.8,14.7,,,,,
临沂,gfs_seamless,2025-10-10,1,2025-10-11,20.4,16.2,19.1,,,82.6,11.5,,,,,
临沂,gfs_seamless,2025-10-09,2,2025-10-11,21.8,16.5,19.8,,,81.4,13.9,,,,,
临沂,gfs_seamless,2025-10-08,3,2025-10-11,21.1,16.6,18.8,,,84.8,14.2,,,,,
临沂,gfs_seamless,2025-10-07,4,2025-10-11,17.8,16.2,16.6,,,88.0,15.1,,,,,
临沂,gfs_seamless,2025-10-06,5,2025-10-11,21.3,14.4,17.7,,,89.0,13.0,,,,,
临沂,gfs_seamless,2025-10-05,6,2025-10-11,15.1,12.0,11.8,,,87.5,16.4,,,,,
临沂,gfs_seamless,2025-10-04,7,2025-10-11,16.0,13.3,12.4,,,89.0,19.8,,,,,
临沂,jma_seamless,2025-10-10,1,2025-10-11,23.3,19.8,22.6,,,74.2,7.1,,,,,
临沂,jma_seamless,2025-10-09,2,2025-10-11,25.6,19.7,26.3,,,80.5,6.6,,,,,
临沂,jma_seamless,2025-10-08,3,2025-10-11,27.5,20.3,26.5,,30.5,76.7,7.9,,,,,
临沂,jma_seamless,2025-10-07,4,2025-10-11,31.1,19.7,28.0,,39.0,73.6,6.3,,,,,
临沂,jma_seamless,2025-10-06,5,2025-10-11,32.0,21.3,28.9,,39.3,66.8,4.3,,,,,
临沂,jma_seamless,2025-10-05,6,2025-10-11,20.3,17.0,18.6,,,80.9,10.3,,,,,
临沂,jma_seamless,2025-10-04,7,2025-10-11,21.8,18.1,21.5,,,84.2,8.8,,,,,
临沂,ecmwf_ifs025,2025-10-11,1,2025-10-12,18.6,16.1,16.9,,,86.7,12.4,,,,,
临沂,ecmwf_ifs025,2025-10-10,2,2025-10-12,18.8,16.5,17.7,,,91.4,14.5,,,,,
临沂,ecmwf_ifs025,2025-10-09,3,2025-10-12,19.6,17.1,18.8,,,87.8,11.9,,,,,
临沂,ecmwf_ifs025,2025-10-08,4,2025-10-12,22.2,17.1,19.9,,,88.8,12.6,,,,,
临沂,ecmwf_ifs025,2025-10-07,5,2025-10-12,24.1,17.4,21.7,,,85.1,10.8,,,,,
临沂,ecmwf_ifs025,2025-10-06,6,2025-10-12,26.5,18.0,23.7,,,86.0,10.7,,,,,
临沂,ecmwf_ifs025,2025-10-05,7,2025-10-12,24.1,16.7,19.7,,,89.2,13.8,,,,,
临沂,gfs_seamless,2025-10-11,1,2025-10-12,18.3,14.8,15.2,,,83.9,14.2,,,,,
临沂,gfs_seamless,2025-10-10,2,2025-10-12,18.2,15.2,16.0,,,88.6,13.4,,,,,
临沂,gfs_seamless,2025-10-09,3,2025-10-12,17.2,14.1,15.5,,,87.3,14.4,,,,,
临沂,gfs_seamless,2025-10-08,4,2025-10-12,16.3,13.0,13.5,,,88.7,17.7,,,,,
临沂,gfs_seamless,2025-10-07,5,2025-10-12,15.7,12.7,12.0,,,89.2,19.6,,,,,
临沂,gfs_seamless,2025-10-06,6,2025-10-12,15.9,10.6,9.7,,,83.0,22.2,,,,,
临沂,gfs_seamless,2025-10-05,7,2025-10-12,13.4,10.7,9.3,,,85.5,21.5,,,,,
临沂,jma_seamless,2025-10-11,1,2025-10-12,21.9,17.4,20.5,,,81.1,7.9,,,,,
临沂,jma_seamless,2025-10-10,2,2025-10-12,22.3,18.4,21.1,,,85.2,8.8,,,,,
临沂,jma_seamless,2025-10-09,3,2025-10-12,23.1,19.3,22.8,,,84.2,7.9,,,,,
临沂,jma_seamless,2025-10-08,4,2025-10-12,23.2,18.5,21.2,,,85.3,10.7,,,,,
临沂,jma_seamless,2025-10-07,5,2025-10-12,24.5,18.9,23.6,,,83.0,9.0,,,,,
临沂,jma_seamless,2025-10-06,6,2025-10-12,22.6,17.1,20.8,,,78.8,12.7,,,,,
临沂,jma_seamless,2025-10-05,7,2025-10-12,21.2,12.2,14.2,,,89.3,12.8,,,,,
临沂,ecmwf_ifs025,2025-10-12,1,2025-10-13,19.3,13.0,15.6,,,81.7,9.9,,,,,
临沂,ecmwf_ifs025,2025-10-11,2,2025-10-13,16.1,12.9,14.0,,,87.0,11.0,,,,,
临沂,ecmwf_ifs025,2025-10-10,3,2025-10-13,17.5,15.0,16.1,,,88.5,11.7,,,,,
临沂,ecmwf_ifs025,2025-10-09,4,2025-10-13,21.3,16.6,18.4,,,85.2,12.3,,,,,
临沂,ecmwf_ifs025,2025-10-08,5,2025-10-13,20.0,15.6,17.1,,,83.6,13.1,,,,,
临沂,ecmwf_ifs025,2025-10-07,6,2025-10-13,20.8,16.4,19.0,,,87.8,14.1,,,,,
临沂,ecmwf_ifs025,2025-10-06,7,2025-10-13,22.9,17.4,21.6,,,85.1,12.8,,,,,
临沂,gfs_seamless,2025-10-12,1,2025-10-13,16.5,13.5,14.2,,,83.6,10.0,,,,,
临沂,gfs_seamless,2025-10-11,2,2025-10-13,14.9,13.5,13.2,,,87.9,12.5,,,,,
临沂,gfs_seamless,2025-10-10,3,2025-10-13,15.6,13.9,13.7,,,87.8,12.2,,,,,
临沂,gfs_seamless,2025-10-09,4,2025-10-13,15.1,13.4,13.2,,,88.1,13.7,,,,,
临沂,gfs_seamless,2025-10-08,5,2025-10-13,16.5,12.4,12.9,,,89.8,13.2,,,,,
临沂,gfs_seamless,2025-10-07,6,2025-10-13,15.3,10.6,10.8,,,91.1,13.6,,,,,
临沂,gfs_seamless,2025-10-06,7,2025-10-13,17.9,10.7,10.2,,,84.2,15.0,,,,,
临沂,jma_seamless,2025-10-12,1,2025-10-13,18.0,14.8,16.7,,,83.7,5.9,,,,,
临沂,jma_seamless,2025-10-11,2,2025-10-13,18.7,14.6,17.0,,,86.9,6.8,,,,,
临沂,jma_seamless,2025-10-10,3,2025-10-13,22.6,15.9,19.5,,,82.2,8.8,,,,,
临沂,jma_seamless,2025-10-09,4,2025-10-13,18.6,17.4,18.6,,,89.9,9.6,,,,,
临沂,jma_seamless,2025-10-08,5,2025-10-13,19.7,15.2,16.9,,,83.9,9.7,,,,,
临沂,jma_seamless,2025-10-07,6,2025-10-13,20.8,16.3,18.2,,,81.3,9.5,,,,,
临沂,jma_seamless,2025-10-06,7,2025-10-13,22.4,14.0,19.3,,,83.5,9.2,,,,,
临沂,ecmwf_ifs025,2025-10-13,1,2025-10-14,22.3,13.1,17.1,,,77.0,7.3,,,,,
临沂,ecmwf_ifs025,2025-10-12,2,2025-10-14,22.8,12.6,17.1,,,77.2,9.3,,,,,
临沂,ecmwf_ifs025,2025-10-11,3,2025-10-14,23.4,12.4,17.0,,,79.9,9.3,,,,,
临沂,ecmwf_ifs025,2025-10-10,4,2025-10-14,23.1,14.8,19.1,,,81.2,8.2,,,,,
临沂,ecmwf_ifs025,2025-10-09,5,2025-10-14,22.8,15.9,19.9,,,84.0,7.6,,,,,
临沂,ecmwf_ifs025,2025-10-08,6,2025-10-14,22.0,15.9,18.5,,,82.3,7.8,,,,,
临沂,ecmwf_ifs025,2025-10-07,7,2025-10-14,23.9,16.1,19.3,,,81.0,11.0,,,,,
临沂,gfs_seamless,2025-10-13,1,2025-10-14,22.8,13.5,17.0,,,67.7,9.1,,,,,
临沂,gfs_seamless,2025-10-12,2,2025-10-14,22.9,13.1,16.8,,,68.2,8.8,,,,,
临沂,gfs_seamless,2025-10-11,3,2025-10-14,22.7,13.3,16.9,,,71.6,9.6,,,,,
临沂,gfs_seamless,2025-10-10,4,2025-10-14,22.7,13.2,17.6,,,71.9,8.5,,,,,
临沂,gfs_seamless,2025-10-09,5,2025-10-14,22.9,13.5,17.7,,,71.0,7.4,,,,,
临沂,gfs_seamless,2025-10-08,6,2025-10-14,21.6,15.0,18.6,,,74.6,5.3,,,,,
临沂,gfs_seamless,2025-10-07,7,2025-10-14,22.3,12.5,16.9,,,80.2,8.9,,,,,
临沂,jma_seamless,2025-10-13,1,2025-10-14,25.0,15.9,18.7,,,57.7,5.9,,,,,
临沂,jma_seamless,2025-10-12,2,2025-10-14,25.1,15.4,19.2,,,67.2,6.1,,,,,
临沂,jma_seamless,2025-10-11,3,2025-10-14,24.3,14.3,18.7,,,71.6,5.4,,,,,
临沂,jma_seamless,2025-10-10,4,2025-10-14,24.6,16.6,20.0,,,68.1,5.6,,,,,
临沂,jma_seamless,2025-10-09,5,2025-10-14,22.7,15.3,19.6,,,74.0,4.2,,,,,
临沂,jma_seamless,2025-10-08,6,2025-10-14,19.5,16.5,18.1,,,79.9,3.8,,,,,
临沂,jma_seamless,2025-10-07,7,2025-10-14,24.4,15.5,19.3,,,67.8,6.7,,,,,
临沂,ecmwf_ifs025,2025-10-14,1,2025-10-15,18.6,15.4,17.8,,,91.8,7.5,,,,,
临沂,ecmwf_ifs025,2025-10-13,2,2025-10-15,20.6,16.0,18.9,,,92.9,7.4,,,,,
临沂,ecmwf_ifs025,2025-10-12,3,2025-10-15,20.6,16.2,18.9,,,93.0,10.1,,,,,
临沂,ecmwf_ifs025,2025-10-11,4,2025-10-15,20.7,17.0,19.6,,,93.2,11.3,,,,,
临沂,ecmwf_ifs025,2025-10-10,5,2025-10-15,22.0,16.8,19.9,,,92.5,10.2,,,,,
临沂,ecmwf_ifs025,2025-10-09,6,2025-10-15,22.9,14.5,19.6,,,86.8,4.5,,,,,
临沂,ecmwf_ifs025,2025-10-08,7,2025-10-15,23.2,15.8,19.3,,,82.2,7.3,,,,,
临沂,gfs_seamless,2025-10-14,1,2025-10-15,17.6,15.7,17.1,,,86.9,9.3,,,,,
临沂,gfs_seamless,2025-10-13,2,2025-10-15,17.5,15.5,17.4,,,86.9,8.0,,,,,
临沂,gfs_seamless,2025-10-12,3,2025-10-15,17.6,16.1,17.0,,,87.9,10.9,,,,,
临沂,gfs_seamless,2025-10-11,4,2025-10-15,19.9,15.7,17.1,,,82.0,12.2,,,,,
临沂,gfs_seamless,2025-10-10,5,2025-10-15,18.4,16.0,17.3,,,88.2,12.9,,,,,
临沂,gfs_seamless,2025-10-09,6,2025-10-15,24.2,16.2,18.8,,,78.7,9.1,,,,,
临沂,gfs_seamless,2025-10-08,7,2025-10-15,24.6,17.4,21.3,,,69.3,6.1,,,,,
临沂,jma_seamless,2025-10-14,1,2025-10-15,19.6,18.3,20.9,,,92.6,6.1,,,,,
临沂,jma_seamless,2025-10-13,2,2025-10-15,20.1,17.8,20.4,,,88.3,7.2,,,,,
临沂,jma_seamless,2025-10-12,3,2025-10-15,22.6,17.3,21.1,,,82.8,4.9,,,,,
临沂,jma_seamless,2025-10-11,4,2025-10-15,20.6,17.0,20.8,,,88.9,3.8,,,,,
临沂,jma_seamless,2025-10-10,5,2025-10-15,20.6,16.4,20.4,,,90.0,6.6,,,,,
临沂,jma_seamless,2025-10-09,6,2025-10-15,22.8,15.5,20.6,,,78.0,4.7,,,,,
临沂,jma_seamless,2025-10-08,7,2025-10-15,22.2,17.1,20.7,,,81.8,4.3,,,,,
临沂,ecmwf_ifs025,2025-10-15,1,2025-10-16,22.5,15.7,18.2,,,82.9,11.9,,,,,
临沂,ecmwf_ifs025,2025-10-14,2,2025-10-16,23.1,14.1,18.2,,,81.8,9.8,,,,,
临沂,ecmwf_ifs025,2025-10-13,3,2025-10-16,23.4,15.0,18.9,,,82.8,9.3,,,,,
临沂,ecmwf_ifs025,2025-10-12,4,2025-10-16,23.7,14.8,18.8,,,82.6,10.7,,,,,
临沂,ecmwf_ifs025,2025-10-11,5,2025-10-16,23.5,15.4,19.5,,,83.5,8.4,,,,,
临沂,ecmwf_ifs025,2025-10-10,6,2025-10-16,23.9,16.0,20.1,,,84.3,7.8,,,,,
临沂,ecmwf_ifs025,2025-10-09,7,2025-10-16,24.0,15.7,19.6,,,84.5,6.5,,,,,
临沂,gfs_seamless,2025-10-15,1,2025-10-16,22.6,13.7,16.9,,,73.0,13.1,,,,,
临沂,gfs_seamless,2025-10-14,2,2025-10-16,22.8,13.7,17.3,,,72.8,11.1,,,,,
临沂,gfs_seamless,2025-10-13,3,2025-10-16,23.5,14.3,17.9,,,74.3,12.1,,,,,
临沂,gfs_seamless,2025-10-12,4,2025-10-16,21.7,14.8,16.9,,,76.4,13.7,,,,,
临沂,gfs_seamless,2025-10-11,5,2025-10-16,23.7,15.4,17.8,,,70.5,12.5,,,,,
临沂,gfs_seamless,2025-10-10,6,2025-10-16,22.6,14.9,17.1,,,72.0,13.8,,,,,
临沂,gfs_seamless,2025-10-09,7,2025-10-16,23.9,16.6,20.7,,,80.8,9.5,,,,,
临沂,jma_seamless,2025-10-15,1,2025-10-16,24.7,17.5,19.9,,,67.3,9.2,,,,,
临沂,jma_seamless,2025-10-14,2,2025-10-16,25.0,17.2,20.3,,,67.1,9.2,,,,,
临沂,jma_seamless,2025-10-13,3,2025-10-16,25.3,18.2,21.1,,,71.9,8.3,,,,,
临沂,jma_seamless,2025-10-12,4,2025-10-16,24.3,18.6,22.2,,,81.6,8.7,,,,,
临沂,jma_seamless,2025-10-11,5,2025-10-16,24.2,18.2,21.5,,,73.4,6.7,,,,,
临沂,jma_seamless,2025-10-10,6,2025-10-16,23.9,16.8,21.3,,,76.9,5.2,,,,,
临沂,jma_seamless,2025-10-09,7,2025-10-16,24.7,18.1,22.0,,,78.0,5.8,,,,,
临沂,ecmwf_ifs025,2025-10-16,1,2025-10-17,17.9,14.0,14.7,,,89.4,13.9,,,,,
临沂,ecmwf_ifs025,2025-10-15,2,2025-10-17,18.0,14.4,15.7,,,93.2,15.4,,,,,
临沂,ecmwf_ifs025,2025-10-14,3,2025-10-17,17.2,15.0,15.8,,,94.8,17.2,,,,,
临沂,ecmwf_ifs025,2025-10-13,4,2025-10-17,16.7,15.6,15.9,,,95.5,14.8,,,,,
临沂,ecmwf_ifs025,2025-10-12,5,2025-10-17,18.6,15.6,16.5,,,94.5,13.5,,,,,
临沂,ecmwf_ifs025,2025-10-11,6,2025-10-17,19.8,16.6,18.8,,,94.1,12.5,,,,,
临沂,ecmwf_ifs025,2025-10-10,7,2025-10-17,19.5,15.2,17.6,,,92.5,11.6,,,,,
临沂,gfs_seamless,2025-10-16,1,2025-10-17,18.4,13.8,14.6,,,87.7,15.3,,,,,
临沂,gfs_seamless,2025-10-15,2,2025-10-17,18.3,14.4,15.3,,,91.1,15.9,,,,,
临沂,gfs_seamless,2025-10-14,3,2025-10-17,18.2,15.1,16.5,,,90.9,14.9,,,,,
临沂,gfs_seamless,2025-10-13,4,2025-10-17,19.0,14.5,16.4,,,88.9,14.6,,,,,
临沂,gfs_seamless,2025-10-12,5,2025-10-17,17.9,15.5,15.8,,,89.0,14.2,,,,,
临沂,gfs_seamless,2025-10-11,6,2025-10-17,19.6,15.3,19.2,,,88.9,7.9,,,,,
临沂,gfs_seamless,2025-10-10,7,2025-10-17,21.4,15.3,17.8,,,83.3,10.3,,,,,
临沂,jma_seamless,2025-10-16,1,2025-10-17,18.6,13.3,16.7,,,84.4,11.0,,,,,
临沂,jma_seamless,2025-10-15,2,2025-10-17,20.1,14.4,19.2,,,87.2,10.0,,,,,
临沂,jma_seamless,2025-10-14,3,2025-10-17,20.2,15.5,19.2,,,86.7,11.5,,,,,
临沂,jma_seamless,2025-10-13,4,2025-10-17,24.6,16.2,22.6,,,89.6,10.9,,,,,
临沂,jma_seamless,2025-10-12,5,2025-10-17,21.7,17.0,21.4,,,86.8,9.2,,,,,
临沂,jma_seamless,2025-10-11,6,2025-10-17,24.3,17.0,22.7,,,87.8,9.8,,,,,
临沂,jma_seamless,2025-10-10,7,2025-10-17,21.5,14.8,18.8,,,88.0,12.3,,,,,
临沂,ecmwf_ifs025,2025-10-17,1,2025-10-18,15.0,9.5,9.8,6.9,,68.7,18.1,,,,,
临沂,ecmwf_ifs025,2025-10-16,2,2025-10-18,15.5,10.0,10.3,7.5,,69.4,18.3,,,,,
临沂,ecmwf_ifs025,2025-10-15,3,2025-10-18,16.3,10.0,10.8,7.5,,69.2,18.9,,,,,
临沂,ecmwf_ifs025,2025-10-14,4,2025-10-18,17.2,10.2,11.5,,,70.5,18.6,,,,,
临沂,ecmwf_ifs025,2025-10-13,5,2025-10-18,18.5,10.0,12.3,7.6,,71.2,17.8,,,,,
临沂,ecmwf_ifs025,2025-10-12,6,2025-10-18,16.4,11.0,11.6,,,72.8,19.9,,,,,
临沂,ecmwf_ifs025,2025-10-11,7,2025-10-18,17.5,10.7,12.2,,,66.8,18.9,,,,,
临沂,gfs_seamless,2025-10-17,1,2025-10-18,15.1,9.3,8.5,6.4,,65.7,21.3,,,,,
临沂,gfs_seamless,2025-10-16,2,2025-10-18,16.6,10.6,9.6,,,64.8,21.7,,,,,
临沂,gfs_seamless,2025-10-15,3,2025-10-18,16.3,10.2,10.3,,,66.6,20.7,,,,,
临沂,gfs_seamless,2025-10-14,4,2025-10-18,17.3,10.2,11.3,,,67.8,20.6,,,,,
临沂,gfs_seamless,2025-10-13,5,2025-10-18,18.4,10.6,11.6,,,66.0,20.6,,,,,
临沂,gfs_seamless,2025-10-12,6,2025-10-18,18.3,10.0,11.7,7.3,,69.0,20.4,,,,,
临沂,gfs_seamless,2025-10-11,7,2025-10-18,18.0,10.7,10.7,,,61.5,21.5,,,,,
临沂,jma_seamless,2025-10-17,1,2025-10-18,17.9,11.4,12.0,,,57.6,12.7,,,,,
临沂,jma_seamless,2025-10-16,2,2025-10-18,18.2,12.2,12.4,,,57.1,14.0,,,,,
临沂,jma_seamless,2025-10-15,3,2025-10-18,19.4,11.9,13.8,,,63.3,13.4,,,,,
临沂,jma_seamless,2025-10-14,4,2025-10-18,20.3,13.2,14.8,,,60.8,13.3,,,,,
临沂,jma_seamless,2025-10-13,5,2025-10-18,20.6,13.7,14.0,,,43.1,12.1,,,,,
临沂,jma_seamless,2025-10-12,6,2025-10-18,20.0,13.1,14.3,,,52.4,13.1,,,,,
临沂,jma_seamless,2025-10-11,7,2025-10-18,21.2,14.4,15.3,,,59.8,12.7,,,,,
临沂,ecmwf_ifs025,2025-10-18,1,2025-10-19,16.4,7.2,8.2,4.7,,68.4,13.2,,,,,
临沂,ecmwf_ifs025,2025-10-17,2,2025-10-19,16.6,8.1,8.4,5.7,,68.6,14.1,,,,,
临沂,ecmwf_ifs025,2025-10-16,3,2025-10-19,15.9,8.1,8.3,5.6,,69.6,14.6,,,,,
临沂,ecmwf_ifs025,2025-10-15,4,2025-10-19,16.4,8.8,8.6,6.3,,67.0,16.2,,,,,
临沂,ecmwf_ifs025,2025-10-14,5,2025-10-19,16.2,8.7,8.1,6.2,,65.7,15.8,,,,,
临沂,ecmwf_ifs025,2025-10-13,6,2025-10-19,15.3,9.0,8.4,7.1,,66.4,11.9,,,,,
临沂,ecmwf_ifs025,2025-10-12,7,2025-10-19,13.7,10.0,7.7,7.7,,64.1,16.4,,,,,
临沂,gfs_seamless,2025-10-18,1,2025-10-19,15.5,8.3,7.5,5.5,,63.7,17.4,,,,,
临沂,gfs_seamless,2025-10-17,2,2025-10-19,15.8,9.4,8.4,7.0,,64.0,16.7,,,,,
临沂,gfs_seamless,2025-10-16,3,2025-10-19,15.6,9.0,8.0,6.4,,63.7,17.1,,,,,
临沂,gfs_seamless,2025-10-15,4,2025-10-19,15.3,8.8,7.9,6.3,,60.5,15.7,,,,,
临沂,gfs_seamless,2025-10-14,5,2025-10-19,15.2,10.0,8.0,7.6,,57.4,17.7,,,,,
临沂,gfs_seamless,2025-10-13,6,2025-10-19,15.1,8.6,7.4,5.9,,56.4,17.3,,,,,
临沂,gfs_seamless,2025-10-12,7,2025-10-19,15.5,9.5,8.1,7.2,,54.4,15.5,,,,,
临沂,jma_seamless,2025-10-18,1,2025-10-19,18.1,10.1,10.4,,,57.6,11.0,,,,,
临沂,jma_seamless,2025-10-17,2,2025-10-19,18.2,10.4,10.5,,,52.0,10.7,,,,,
临沂,jma_seamless,2025-10-16,3,2025-10-19,19.0,10.1,10.4,,,48.0,10.6,,,,,
临沂,jma_seamless,2025-10-15,4,2025-10-19,19.0,10.9,11.1,,,48.0,9.8,,,,,
临沂,jma_seamless,2025-10-14,5,2025-10-19,17.9,11.5,10.7,,,37.2,10.0,,,,,
临沂,jma_seamless,2025-10-13,6,2025-10-19,18.3,11.6,11.2,,,41.0,8.5,,,,,
临沂,jma_seamless,2025-10-12,7,2025-10-19,14.9,12.5,10.3,,,46.7,9.8,,,,,
临沂,ecmwf_ifs025,2025-10-19,1,2025-10-20,12.1,7.5,6.3,5.2,,62.7,12.8,,,,,
临沂,ecmwf_ifs025,2025-10-18,2,2025-10-20,12.4,7.2,6.1,4.7,,62.7,13.4,,,,,
临沂,ecmwf_ifs025,2025-10-17,3,2025-10-20,12.0,8.3,6.5,6.1,,62.1,13.0,,,,,
临沂,ecmwf_ifs025,2025-10-16,4,2025-10-20,11.2,8.3,6.4,6.1,,62.7,13.2,,,,,
临沂,ecmwf_ifs025,2025-10-15,5,2025-10-20,12.6,7.5,6.3,5.2,,62.3,12.7,,,,,
临沂,ecmwf_ifs025,2025-10-14,6,2025-10-20,10.2,8.0,5.6,5.6,,75.0,14.0,,,,,
临沂,ecmwf_ifs025,2025-10-13,7,2025-10-20,10.2,8.4,5.7,5.9,,72.8,15.0,,,,,
临沂,gfs_seamless,2025-10-19,1,2025-10-20,12.8,6.9,5.6,3.9,,53.5,16.1,,,,,
临沂,gfs_seamless,2025-10-18,2,2025-10-20,12.0,8.3,6.3,5.8,,55.5,14.9,,,,,
临沂,gfs_seamless,2025-10-17,3,2025-10-20,14.3,8.1,6.9,5.5,,54.5,15.7,,,,,
临沂,gfs_seamless,2025-10-16,4,2025-10-20,14.5,7.8,7.1,5.2,,55.0,15.1,,,,,
临沂,gfs_seamless,2025-10-15,5,2025-10-20,14.7,8.4,7.9,6.2,,55.7,13.2,,,,,
临沂,gfs_seamless,2025-10-14,6,2025-10-20,15.0,8.6,7.6,6.1,,54.2,15.4,,,,,
临沂,gfs_seamless,2025-10-13,7,2025-10-20,15.1,7.6,6.9,4.8,,52.6,16.4,,,,,
临沂,jma_seamless,2025-10-19,1,2025-10-20,15.1,9.4,8.2,7.7,,44.0,11.0,,,,,
临沂,jma_seamless,2025-10-18,2,2025-10-20,14.5,10.5,8.7,,,42.3,10.6,,,,,
临沂,jma_seamless,2025-10-17,3,2025-10-20,16.1,10.5,8.8,,,37.5,11.8,,,,,
临沂,jma_seamless,2025-10-16,4,2025-10-20,14.6,10.9,9.1,,,42.0,8.8,,,,,
临沂,jma_seamless,2025-10-15,5,2025-10-20,16.8,11.7,10.1,,,36.0,9.9,,,,,
临沂,jma_seamless,2025-10-14,6,2025-10-20,18.1,12.9,11.9,,,42.7,8.9,,,,,
临沂,jma_seamless,2025-10-13,7,2025-10-20,15.2,11.9,10.4,,,42.5,8.4,,,,,
临沂,ecmwf_ifs025,2025-10-20,1,2025-10-21,13.7,6.2,6.5,3.9,,64.8,10.9,,,,,
临沂,ecmwf_ifs025,2025-10-19,2,2025-10-21,13.7,7.6,6.7,5.6,,63.0,11.1,,,,,
临沂,ecmwf_ifs025,2025-10-18,3,2025-10-21,13.8,7.9,6.7,5.7,,61.9,12.2,,,,,
临沂,ecmwf_ifs025,2025-10-17,4,2025-10-21,13.9,7.3,6.8,5.2,,62.8,10.9,,,,,
临沂,ecmwf_ifs025,2025-10-16,5,2025-10-21,14.3,7.2,6.6,4.9,,63.0,11.9,,,,,
临沂,ecmwf_ifs025,2025-10-15,6,2025-10-21,16.5,8.4,8.9,6.4,,72.3,11.8,,,,,
临沂,ecmwf_ifs025,2025-10-14,7,2025-10-21,16.5,8.4,8.9,6.4,,72.3,11.8,,,,,
临沂,gfs_seamless,2025-10-20,1,2025-10-21,14.2,7.4,6.6,4.9,,54.7,13.4,,,,,
临沂,gfs_seamless,2025-10-19,2,2025-10-21,14.2,8.5,7.1,6.3,,51.9,13.1,,,,,
临沂,gfs_seamless,2025-10-18,3,2025-10-21,14.4,7.9,7.0,5.5,,52.5,13.5,,,,,
临沂,gfs_seamless,2025-10-17,4,2025-10-21,15.0,8.7,7.4,6.4,,52.7,14.5,,,,,
临沂,gfs_seamless,2025-10-16,5,2025-10-21,15.5,7.7,7.7,5.4,,54.8,13.0,,,,,
临沂,gfs_seamless,2025-10-15,6,2025-10-21,15.4,8.0,7.7,5.6,,52.2,13.6,,,,,
临沂,gfs_seamless,2025-10-14,7,2025-10-21,15.3,8.5,7.2,5.9,,51.5,16.2,,,,,
临沂,jma_seamless,2025-10-20,1,2025-10-21,15.9,9.3,8.7,8.1,,44.8,8.5,,,,,
临沂,jma_seamless,2025-10-19,2,2025-10-21,15.9,10.3,9.1,,,43.0,8.2,,,,,
临沂,jma_seamless,2025-10-18,3,2025-10-21,16.2,10.5,9.4,,,42.0,8.2,,,,,
临沂,jma_seamless,2025-10-17,4,2025-10-21,16.9,10.3,9.6,,,42.2,8.3,,,,,
临沂,jma_seamless,2025-10-16,5,2025-10-21,16.2,11.0,9.8,,,38.6,8.5,,,,,
临沂,jma_seamless,2025-10-15,6,2025-10-21,19.1,12.2,11.8,,,41.5,7.9,,,,,
临沂,jma_seamless,2025-10-14,7,2025-10-21,16.6,11.9,10.7,,,42.0,8.7,,,,,
临沂,ecmwf_ifs025,2025-12-16,1,2025-12-17,8.0,0.0,-0.5,,,,,,,,,
临沂,ecmwf_ifs025,2025-12-15,2,2025-12-17,7.7,-1.1,-1.4,,,,,,,,,
临沂,ecmwf_ifs025,2025-12-14,3,2025-12-17,7.4,-0.9,-1.6,,,,,,,,,
临沂,ecmwf_ifs025,2025-12-13,4,2025-12-17,6.5,-1.0,-2.1,,,,,,,,,
临沂,ecmwf_ifs025,2025-12-12,5,2025-12-17,6.8,-1.0,-1.8,,,,,,,,,
临沂,ecmwf_ifs025,2025-12-11,6,2025-12-17,7.7,-1.3,-1.0,,,,,,,,,
临沂,ecmwf_ifs025,2025-12-10,7,2025-12-17,7.6,-1.9,-1.5,,,,,,,,,
临沂,gfs_seamless,2025-12-16,1,2025-12-17,8.4,1.2,0.4,,,,,,,,,
临沂,gfs_seamless,2025-12-15,2,2025-12-17,8.0,0.9,-0.2,,,,,,,,,
临沂,gfs_seamless,2025-12-14,3,2025-12-17,8.1,0.6,-0.8,,,,,,,,,
临沂,gfs_seamless,2025-12-13,4,2025-12-17,7.2,0.6,-1.1,,,,,,,,,
临沂,gfs_seamless,2025-12-12,5,2025-12-17,7.4,1.4,-0.8,,,,,,,,,
临沂,gfs_seamless,2025-12-11,6,2025-12-17,9.0,2.1,1.7,,,,,,,,,
临沂,gfs_seamless,2025-12-10,7,2025-12-17,10.5,1.9,2.1,,,,,,,,,
临沂,jma_seamless,2025-12-16,1,2025-12-17,7.7,0.0,-0.8,,,,,,,,,
临沂,jma_seamless,2025-12-15,2,2025-12-17,7.9,-0.1,-0.9,,,,,,,,,
临沂,jma_seamless,2025-12-14,3,2025-12-17,8.1,-0.8,-1.0,,,,,,,,,
临沂,jma_seamless,2025-12-13,4,2025-12-17,7.7,-0.3,-0.6,,,,,,,,,
临沂,jma_seamless,2025-12-12,5,2025-12-17,8.8,-0.4,-0.2,,,,,,,,,
临沂,jma_seamless,2025-12-11,6,2025-12-17,9.0,0.3,0.1,,,,,,,,,
临沂,jma_seamless,2025-12-10,7,2025-12-17,8.3,-0.4,-0.4,,,,,,,,,
临沂,ecmwf_ifs025,2025-12-17,1,2025-12-18,9.9,-1.9,-0.0,,,,,,,,,
临沂,ecmwf_ifs025,2025-12-16,2,2025-12-18,9.5,-1.7,-0.4,,,,,,,,,
临沂,ecmwf_ifs025,2025-12-15,3,2025-12-18,9.2,-1.9,-0.4,,,,,,,,,
临沂,ecmwf_ifs025,2025-12-14,4,2025-12-18,9.1,-2.1,-0.4,,,,,,,,,
临沂,ecmwf_ifs025,2025-12-13,5,2025-12-18,8.6,-2.0,-0.8,,,,,,,,,
临沂,ecmwf_ifs025,2025-12-12,6,2025-12-18,8.9,-2.2,-1.0,,,,,,,,,
临沂,ecmwf_ifs025,2025-12-11,7,2025-12-18,10.7,-1.8,0.3,,,,,,,,,
临沂,gfs_seamless,2025-12-17,1,2025-12-18,10.2,0.8,1.2,,,,,,,,,
临沂,gfs_seamless,2025-12-16,2,2025-12-18,11.1,0.9,1.6,,,,,,,,,
临沂,gfs_seamless,2025-12-15,3,2025-12-18,11.0,0.5,1.4,,,,,,,,,
临沂,gfs_seamless,2025-12-14,4,2025-12-18,11.5,0.4,1.5,,,,,,,,,
临沂,gfs_seamless,2025-12-13,5,2025-12-18,9.7,0.2,0.8,,,,,,,,,
临沂,gfs_seamless,2025-12-12,6,2025-12-18,9.3,1.3,1.2,,,,,,,,,
临沂,gfs_seamless,2025-12-11,7,2025-12-18,11.4,3.1,3.5,,,,,,,,,
临沂,jma_seamless,2025-12-17,1,2025-12-18,10.5,-0.9,0.4,,,,,,,,,
临沂,jma_seamless,2025-12-16,2,2025-12-18,10.6,-0.8,0.2,,,,,,,,,
临沂,jma_seamless,2025-12-15,3,2025-12-18,11.1,-0.9,0.4,,,,,,,,,
临沂,jma_seamless,2025-12-14,4,2025-12-18,11.6,-0.4,1.2,,,,,,,,,
临沂,jma_seamless,2025-12-13,5,2025-12-18,11.1,-1.2,0.8,,,,,,,,,
临沂,jma_seamless,2025-12-12,6,2025-12-18,11.7,-0.9,1.0,,,,,,,,,
临沂,jma_seamless,2025-12-11,7,2025-12-18,12.0,-1.5,0.8,,,,,,,,,
临沂,ecmwf_ifs025,2025-12-18,1,2025-12-19,15.4,2.8,5.8,,,,,,,,,
临沂,ecmwf_ifs025,2025-12-17,2,2025-12-19,15.1,2.2,5.2,,,,,,,,,
临沂,ecmwf_ifs025,2025-12-16,3,2025-12-19,15.1,2.0,5.1,,,,,,,,,
临沂,ecmwf_ifs025,2025-12-15,4,2025-12-19,14.4,1.2,4.6,,,,,,,,,
临沂,ecmwf_ifs025,2025-12-14,5,2025-12-19,14.0,1.2,4.6,,,,,,,,,
临沂,ecmwf_ifs025,2025-12-13,6,2025-12-19,13.1,0.2,3.2,,,,,,,,,
临沂,ecmwf_ifs025,2025-12-12,7,2025-12-19,12.7,0.7,3.5,,,,,,,,,
临沂,gfs_seamless,2025-12-18,1,2025-12-19,16.9,4.3,6.6,,,,,,,,,
临沂,gfs_seamless,2025-12-17,2,2025-12-19,16.0,4.4,6.4,,,,,,,,,
临沂,gfs_seamless,2025-12-16,3,2025-12-19,15.6,4.1,6.5,,,,,,,,,
临沂,gfs_seamless,2025-12-15,4,2025-12-19,14.7,3.3,5.9,,,,,,,,,
临沂,gfs_seamless,2025-12-14,5,2025-12-19,15.1,3.3,5.3,,,,,,,,,
临沂,gfs_seamless,2025-12-13,6,2025-12-19,13.1,2.2,4.5,,,,,,,,,
临沂,gfs_seamless,2025-12-12,7,2025-12-19,12.4,2.7,4.0,,,,,,,,,
临沂,jma_seamless,2025-12-18,1,2025-12-19,15.8,3.6,5.5,,,,,,,,,
临沂,jma_seamless,2025-12-17,2,2025-12-19,15.0,3.0,4.6,,,,,,,,,
临沂,jma_seamless,2025-12-16,3,2025-12-19,14.4,2.5,4.1,,,,,,,,,
临沂,jma_seamless,2025-12-15,4,2025-12-19,14.9,3.2,4.4,,,,,,,,,
临沂,jma_seamless,2025-12-14,5,2025-12-19,16.1,3.7,5.7,,,,,,,,,
临沂,jma_seamless,2025-12-13,6,2025-12-19,14.1,2.9,4.8,,,,,,,,,
临沂,jma_seamless,2025-12-12,7,2025-12-19,14.2,1.9,3.8,,,,,,,,,
临沂,ecmwf_ifs025,2025-12-19,1,2025-12-20,7.9,1.5,0.8,,,,,,,,,
临沂,ecmwf_ifs025,2025-12-18,2,2025-12-20,8.5,2.3,1.2,,,,,,,,,
临沂,ecmwf_ifs025,2025-12-17,3,2025-12-20,10.0,3.2,2.4,,,,,,,,,
临沂,ecmwf_ifs025,2025-12-16,4,2025-12-20,11.6,2.5,2.3,,,,,,,,,
临沂,ecmwf_ifs025,2025-12-15,5,2025-12-20,11.6,3.1,2.6,,,,,,,,,
临沂,ecmwf_ifs025,2025-12-14,6,2025-12-20,12.5,2.8,1.9,,,,,,,,,
临沂,ecmwf_ifs025,2025-12-13,7,2025-12-20,8.0,3.5,1.8,,,,,,,,,
临沂,gfs_seamless,2025-12-19,1,2025-12-20,9.7,3.2,2.1,,,,,,,,,
临沂,gfs_seamless,2025-12-18,2,2025-12-20,9.2,3.8,1.4,,,,,,,,,
临沂,gfs_seamless,2025-12-17,3,2025-12-20,9.7,3.3,2.4,,,,,,,,,
临沂,gfs_seamless,2025-12-16,4,2025-12-20,8.6,2.3,0.5,,,,,,,,,
临沂,gfs_seamless,2025-12-15,5,2025-12-20,11.9,2.6,3.1,,,,,,,,,
临沂,gfs_seamless,2025-12-14,6,2025-12-20,13.8,5.8,5.3,,,,,,,,,
临沂,gfs_seamless,2025-12-13,7,2025-12-20,11.9,3.5,4.0,,,,,,,,,
临沂,jma_seamless,2025-12-19,1,2025-12-20,9.4,2.3,1.5,,,,,,,,,
临沂,jma_seamless,2025-12-18,2,2025-12-20,9.5,3.4,1.4,,,,,,,,,
临沂,jma_seamless,2025-12-17,3,2025-12-20,11.0,3.8,2.0,,,,,,,,,
临沂,jma_seamless,2025-12-16,4,2025-12-20,8.7,1.9,0.5,,,,,,,,,
临沂,jma_seamless,2025-12-15,5,2025-12-20,10.0,2.2,1.4,,,,,,,,,
临沂,jma_seamless,2025-12-14,6,2025-12-20,8.6,4.2,1.6,,,,,,,,,
临沂,jma_seamless,2025-12-13,7,2025-12-20,11.4,2.9,1.7,,,,,,,,,
临沂,ecmwf_ifs025,2025-12-20,1,2025-12-21,4.8,-2.4,-3.6,,,,,,,,,
临沂,ecmwf_ifs025,2025-12-19,2,2025-12-21,4.7,-2.2,-3.7,,,,,,,,,
临沂,ecmwf_ifs025,2025-12-18,3,2025-12-21,5.1,-2.0,-3.3,,,,,,,,,
临沂,ecmwf_ifs025,2025-12-17,4,2025-12-21,5.2,-1.9,-3.5,,,,,,,,,
临沂,ecmwf_ifs025,2025-12-16,5,2025-12-21,6.0,-1.3,-2.6,,,,,,,,,
临沂,ecmwf_ifs025,2025-12-15,6,2025-12-21,4.8,-1.0,-2.9,,,,,,,,,
临沂,ecmwf_ifs025,2025-12-14,7,2025-12-21,5.9,-0.4,-1.5,,,,,,,,,
临沂,gfs_seamless,2025-12-20,1,2025-12-21,5.4,0.2,-2.3,,,,,,,,,
临沂,gfs_seamless,2025-12-19,2,2025-12-21,5.5,0.4,-2.2,,,,,,,,,
临沂,gfs_seamless,2025-12-18,3,2025-12-21,6.0,0.7,-1.7,,,,,,,,,
临沂,gfs_seamless,2025-12-17,4,2025-12-21,4.3,0.7,-2.6,,,,,,,,,
临沂,gfs_seamless,2025-12-16,5,2025-12-21,4.3,-0.2,-3.3,,,,,,,,,
临沂,gfs_seamless,2025-12-15,6,2025-12-21,6.3,-0.2,-2.5,,,,,,,,,
临沂,gfs_seamless,2025-12-14,7,2025-12-21,6.1,-3.5,-3.3,,,,,,,,,
临沂,jma_seamless,2025-12-20,1,2025-12-21,5.2,-1.9,-3.4,,,,,,,,,
临沂,jma_seamless,2025-12-19,2,2025-12-21,4.8,-1.8,-3.6,,,,,,,,,
临沂,jma_seamless,2025-12-18,3,2025-12-21,5.3,-1.5,-3.3,,,,,,,,,
临沂,jma_seamless,2025-12-17,4,2025-12-21,5.7,-1.8,-3.4,,,,,,,,,
临沂,jma_seamless,2025-12-16,5,2025-12-21,6.4,-1.3,-2.7,,,,,,,,,
临沂,jma_seamless,2025-12-15,6,2025-12-21,7.1,0.9,-0.7,,,,,,,,,
临沂,jma_seamless,2025-12-14,7,2025-12-21,5.6,-0.2,-1.9,,,,,,,,,
临沂,ecmwf_ifs025,2025-12-21,1,2025-12-22,7.1,-1.7,-0.9,,,,,,,,,
临沂,ecmwf_ifs025,2025-12-20,2,2025-12-22,6.5,-2.6,-1.3,,,,,,,,,
临沂,ecmwf_ifs025,2025-12-19,3,2025-12-22,7.5,-2.0,-1.0,,,,,,,,,
临沂,ecmwf_ifs025,2025-12-18,4,2025-12-22,8.2,-2.8,-1.0,,,,,,,,,
临沂,ecmwf_ifs025,2025-12-17,5,2025-12-22,7.8,-1.9,-0.8,,,,,,,,,
临沂,ecmwf_ifs025,2025-12-16,6,2025-12-22,8.9,-2.2,-0.9,,,,,,,,,
临沂,ecmwf_ifs025,2025-12-15,7,2025-12-22,5.7,-3.4,-2.7,,,,,,,,,
临沂,gfs_seamless,2025-12-21,1,2025-12-22,8.2,-0.1,-0.0,,,,,,,,,
临沂,gfs_seamless,2025-12-20,2,2025-12-22,7.3,-0.6,-0.6,,,,,,,,,
临沂,gfs_seamless,2025-12-19,3,2025-12-22,8.3,0.1,0.0,,,,,,,,,
临沂,gfs_seamless,2025-12-18,4,2025-12-22,9.1,0.1,0.0,,,,,,,,,
临沂,gfs_seamless,2025-12-17,5,2025-12-22,6.6,-1.8,-2.0,,,,,,,,,
临沂,gfs_seamless,2025-12-16,6,2025-12-22,6.6,-2.1,-2.3,,,,,,,,,
临沂,gfs_seamless,2025-12-15,7,2025-12-22,5.1,-4.1,-3.8,,,,,,,,,
临沂,jma_seamless,2025-12-21,1,2025-12-22,8.4,-1.1,-0.0,,,,,,,,,
临沂,jma_seamless,2025-12-20,2,2025-12-22,8.2,-2.3,-0.4,,,,,,,,,
临沂,jma_seamless,2025-12-19,3,2025-12-22,8.2,-1.1,-0.2,,,,,,,,,
临沂,jma_seamless,2025-12-18,4,2025-12-22,8.3,-0.3,0.4,,,,,,,,,
临沂,jma_seamless,2025-12-17,5,2025-12-22,9.5,0.3,1.5,,,,,,,,,
临沂,jma_seamless,2025-12-16,6,2025-12-22,9.8,2.8,2.9,,,,,,,,,
临沂,jma_seamless,2025-12-15,7,2025-12-22,7.6,0.8,1.7,,,,,,,,,
临沂,ecmwf_ifs025,2025-12-22,1,2025-12-23,7.7,0.9,2.0,,,,,,,,,
临沂,ecmwf_ifs025,2025-12-21,2,2025-12-23,7.7,1.9,2.5,,,,,,,,,
临沂,ecmwf_ifs025,2025-12-20,3,2025-12-23,8.5,1.4,2.3,,,,,,,,,
临沂,ecmwf_ifs025,2025-12-19,4,2025-12-23,9.3,3.6,3.0,,,,,,,,,
临沂,ecmwf_ifs025,2025-12-18,5,2025-12-23,10.0,2.3,3.3,,,,,,,,,
临沂,ecmwf_ifs025,2025-12-17,6,2025-12-23,10.6,2.5,2.4,,,,,,,,,
临沂,ecmwf_ifs025,2025-12-16,7,2025-12-23,8.7,3.0,2.9,,,,,,,,,
临沂,gfs_seamless,2025-12-22,1,2025-12-23,6.0,2.0,1.6,,,,,,,,,
临沂,gfs_seamless,2025-12-21,2,2025-12-23,5.9,2.7,1.8,,,,,,,,,
临沂,gfs_seamless,2025-12-20,3,2025-12-23,5.7,2.9,2.0,,,,,,,,,
临沂,gfs_seamless,2025-12-19,4,2025-12-23,6.0,3.9,2.1,,,,,,,,,
临沂,gfs_seamless,2025-12-18,5,2025-12-23,6.7,3.0,2.3,,,,,,,,,
临沂,gfs_seamless,2025-12-17,6,2025-12-23,6.4,0.9,-0.3,,,,,,,,,
临沂,gfs_seamless,2025-12-16,7,2025-12-23,9.0,-0.9,0.8,,,,,,,,,
临沂,jma_seamless,2025-12-22,1,2025-12-23,8.3,2.3,2.6,,,,,,,,,
临沂,jma_seamless,2025-12-21,2,2025-12-23,8.4,2.8,3.2,,,,,,,,,
临沂,jma_seamless,2025-12-20,3,2025-12-23,8.6,3.6,3.5,,,,,,,,,
临沂,jma_seamless,2025-12-19,4,2025-12-23,8.8,3.6,3.8,,,,,,,,,
临沂,jma_seamless,2025-12-18,5,2025-12-23,11.4,4.5,5.5,,,,,,,,,
临沂,jma_seamless,2025-12-17,6,2025-12-23,10.2,5.5,5.1,,,,,,,,,
临沂,jma_seamless,2025-12-16,7,2025-12-23,9.5,6.4,5.1,,,,,,,,,
临沂,ecmwf_ifs025,2025-12-23,1,2025-12-24,6.5,-2.1,-2.2,,,,,,,,,
临沂,ecmwf_ifs025,2025-12-22,2,2025-12-24,6.1,-1.8,-2.1,,,,,,,,,
临沂,ecmwf_ifs025,2025-12-21,3,2025-12-24,6.4,-1.6,-2.3,,,,,,,,,
临沂,ecmwf_ifs025,2025-12-20,4,2025-12-24,5.6,-1.8,-2.4,,,,,,,,,
临沂,ecmwf_ifs025,2025-12-19,5,2025-12-24,5.3,-1.6,-2.6,,,,,,,,,
临沂,ecmwf_ifs025,2025-12-18,6,2025-12-24,5.1,-2.1,-3.0,,,,,,,,,
临沂,ecmwf_ifs025,2025-12-17,7,2025-12-24,7.5,-1.7,-1.6,,,,,,,,,
临沂,gfs_seamless,2025-12-23,1,2025-12-24,6.4,0.6,-1.1,,,,,,,,,
临沂,gfs_seamless,2025-12-22,2,2025-12-24,6.9,0.3,-0.9,,,,,,,,,
临沂,gfs_seamless,2025-12-21,3,2025-12-24,7.0,0.0,-0.7,,,,,,,,,
临沂,gfs_seamless,2025-12-20,4,2025-12-24,6.8,0.2,-0.8,,,,,,,,,
临沂,gfs_seamless,2025-12-19,5,2025-12-24,6.4,-0.5,-2.0,,,,,,,,,
临沂,gfs_seamless,2025-12-18,6,2025-12-24,5.0,-0.6,-2.3,,,,,,,,,
临沂,gfs_seamless,2025-12-17,7,2025-12-24,5.3,-0.8,-1.8,,,,,,,,,
临沂,jma_seamless,2025-12-23,1,2025-12-24,6.7,-0.7,-1.8,,,,,,,,,
临沂,jma_seamless,2025-12-22,2,2025-12-24,6.4,-1.1,-2.1,,,,,,,,,
临沂,jma_seamless,2025-12-21,3,2025-12-24,7.0,-1.2,-1.6,,,,,,,,,
临沂,jma_seamless,2025-12-20,4,2025-12-24,6.7,-0.8,-1.6,,,,,,,,,
临沂,jma_seamless,2025-12-19,5,2025-12-24,7.2,-0.4,-0.9,,,,,,,,,
临沂,jma_seamless,2025-12-18,6,2025-12-24,7.9,0.2,-0.2,,,,,,,,,
临沂,jma_seamless,2025-12-17,7,2025-12-24,9.8,-0.1,1.2,,,,,,,,,
临沂,ecmwf_ifs025,2025-12-24,1,2025-12-25,2.8,-3.8,-5.8,,,,,,,,,
临沂,ecmwf_ifs025,2025-12-23,2,2025-12-25,2.6,-3.9,-5.7,,,,,,,,,
临沂,ecmwf_ifs025,2025-12-22,3,2025-12-25,2.9,-3.7,-5.3,,,,,,,,,
临沂,ecmwf_ifs025,2025-12-21,4,2025-12-25,4.6,-3.5,-4.6,,,,,,,,,
临沂,ecmwf_ifs025,2025-12-20,5,2025-12-25,5.8,-3.4,-4.2,,,,,,,,,
临沂,ecmwf_ifs025,2025-12-19,6,2025-12-25,5.4,-4.1,-4.0,,,,,,,,,
临沂,ecmwf_ifs025,2025-12-18,7,2025-12-25,6.6,-3.5,-3.4,,,,,,,,,
临沂,gfs_seamless,2025-12-24,1,2025-12-25,3.5,-0.9,-4.3,,,,,,,,,
临沂,gfs_seamless,2025-12-23,2,2025-12-25,3.6,-2.0,-4.8,,,,,,,,,
临沂,gfs_seamless,2025-12-22,3,2025-12-25,3.2,-1.9,-4.7,,,,,,,,,
临沂,gfs_seamless,2025-12-21,4,2025-12-25,4.5,-0.8,-3.3,,,,,,,,,
临沂,gfs_seamless,2025-12-20,5,2025-12-25,6.5,-0.1,-1.8,,,,,,,,,
临沂,gfs_seamless,2025-12-19,6,2025-12-25,6.5,-0.9,-1.8,,,,,,,,,
临沂,gfs_seamless,2025-12-18,7,2025-12-25,5.7,-1.4,-2.5,,,,,,,,,
临沂,jma_seamless,2025-12-24,1,2025-12-25,3.3,-2.6,-4.9,,,,,,,,,
临沂,jma_seamless,2025-12-23,2,2025-12-25,3.2,-2.6,-5.2,,,,,,,,,
临沂,jma_seamless,2025-12-22,3,2025-12-25,3.2,-2.5,-5.1,,,,,,,,,
临沂,jma_seamless,2025-12-21,4,2025-12-25,3.5,-2.5,-4.8,,,,,,,,,
临沂,jma_seamless,2025-12-20,5,2025-12-25,4.0,-2.0,-4.5,,,,,,,,,
临沂,jma_seamless,2025-12-19,6,2025-12-25,8.0,-2.5,-2.4,,,,,,,,,
临沂,jma_seamless,2025-12-18,7,2025-12-25,7.5,-2.0,-1.5,,,,,,,,,
临沂,ecmwf_ifs025,2025-12-25,1,2025-12-26,3.6,-4.6,-5.4,,,,,,,,,
临沂,ecmwf_ifs025,2025-12-24,2,2025-12-26,3.6,-4.6,-5.4,,,,,,,,,
临沂,ecmwf_ifs025,2025-12-23,3,2025-12-26,3.7,-4.3,-5.2,,,,,,,,,
临沂,ecmwf_ifs025,2025-12-22,4,2025-12-26,3.1,-5.0,-5.4,,,,,,,,,
临沂,ecmwf_ifs025,2025-12-21,5,2025-12-26,4.2,-4.5,-4.4,,,,,,,,,
临沂,ecmwf_ifs025,2025-12-20,6,2025-12-26,2.6,-4.2,-4.9,,,,,,,,,
临沂,ecmwf_ifs025,2025-12-19,7,2025-12-26,6.4,-2.8,-3.0,,,,,,,,,
临沂,gfs_seamless,2025-12-25,1,2025-12-26,3.9,-2.1,-4.2,,,,,,,,,
临沂,gfs_seamless,2025-12-24,2,2025-12-26,4.2,-2.0,-3.8,,,,,,,,,
临沂,gfs_seamless,2025-12-23,3,2025-12-26,3.9,-3.3,-4.4,,,,,,,,,
临沂,gfs_seamless,2025-12-22,4,2025-12-26,4.6,-2.0,-3.6,,,,,,,,,
临沂,gfs_seamless,2025-12-21,5,2025-12-26,6.0,-1.2,-2.7,,,,,,,,,
临沂,gfs_seamless,2025-12-20,6,2025-12-26,7.7,-0.4,-1.0,,,,,,,,,
临沂,gfs_seamless,2025-12-19,7,2025-12-26,7.8,0.6,0.5,,,,,,,,,
临沂,jma_seamless,2025-12-25,1,2025-12-26,3.6,-3.3,-4.9,,,,,,,,,
临沂,jma_seamless,2025-12-24,2,2025-12-26,3.7,-3.1,-4.9,,,,,,,,,
临沂,jma_seamless,2025-12-23,3,2025-12-26,2.8,-3.1,-5.2,,,,,,,,,
临沂,jma_seamless,2025-12-22,4,2025-12-26,3.5,-3.5,-5.0,,,,,,,,,
临沂,jma_seamless,2025-12-21,5,2025-12-26,2.4,-3.2,-5.2,,,,,,,,,
临沂,jma_seamless,2025-12-20,6,2025-12-26,2.1,-3.2,-4.9,,,,,,,,,
临沂,jma_seamless,2025-12-19,7,2025-12-26,9.0,-1.5,-1.5,,,,,,,,,
临沂,ecmwf_ifs025,2025-12-26,1,2025-12-27,6.3,-3.1,-3.0,,,,,,,,,
临沂,ecmwf_ifs025,2025-12-25,2,2025-12-27,5.9,-2.9,-3.1,,,,,,,,,
临沂,ecmwf_ifs025,2025-12-24,3,2025-12-27,6.0,-1.6,-2.6,,,,,,,,,
临沂,ecmwf_ifs025,2025-12-23,4,2025-12-27,6.8,-1.9,-1.8,,,,,,,,,
临沂,ecmwf_ifs025,2025-12-22,5,2025-12-27,6.4,-1.4,-1.7,,,,,,,,,
临沂,ecmwf_ifs025,2025-12-21,6,2025-12-27,7.2,-1.3,-1.4,,,,,,,,,
临沂,ecmwf_ifs025,2025-12-20,7,2025-12-27,5.6,-2.3,-2.6,,,,,,,,,
临沂,gfs_seamless,2025-12-26,1,2025-12-27,7.1,-1.4,-1.8,,,,,,,,,
临沂,gfs_seamless,2025-12-25,2,2025-12-27,6.9,-1.0,-1.5,,,,,,,,,
临沂,gfs_seamless,2025-12-24,3,2025-12-27,6.9,-0.2,-1.0,,,,,,,,,
临沂,gfs_seamless,2025-12-23,4,2025-12-27,6.9,-1.0,-0.8,,,,,,,,,
临沂,gfs_seamless,2025-12-22,5,2025-12-27,7.5,0.8,0.1,,,,,,,,,
临沂,gfs_seamless,2025-12-21,6,2025-12-27,8.9,0.6,0.9,,,,,,,,,
临沂,gfs_seamless,2025-12-20,7,2025-12-27,9.0,1.4,1.1,,,,,,,,,
临沂,jma_seamless,2025-12-26,1,2025-12-27,7.2,-1.5,-2.6,,,,,,,,,
临沂,jma_seamless,2025-12-25,2,2025-12-27,7.1,-1.8,-2.8,,,,,,,,,
临沂,jma_seamless,2025-12-24,3,2025-12-27,6.7,-1.7,-3.1,,,,,,,,,
临沂,jma_seamless,2025-12-23,4,2025-12-27,6.3,-1.5,-3.2,,,,,,,,,
临沂,jma_seamless,2025-12-22,5,2025-12-27,6.9,-1.2,-2.7,,,,,,,,,
临沂,jma_seamless,2025-12-21,6,2025-12-27,5.7,-1.6,-3.0,,,,,,,,,
临沂,jma_seamless,2025-12-20,7,2025-12-27,5.4,-2.4,-2.7,,,,,,,,,
临沂,ecmwf_ifs025,2025-12-27,1,2025-12-28,10.6,-1.7,0.1,,,,,,,,,
临沂,ecmwf_ifs025,2025-12-26,2,2025-12-28,9.8,-2.0,-0.5,,,,,,,,,
临沂,ecmwf_ifs025,2025-12-25,3,2025-12-28,9.8,-2.0,-0.6,,,,,,,,,
临沂,ecmwf_ifs025,2025-12-24,4,2025-12-28,9.4,-2.3,-0.9,,,,,,,,,
临沂,ecmwf_ifs025,2025-12-23,5,2025-12-28,10.2,-2.2,-0.3,,,,,,,,,
临沂,ecmwf_ifs025,2025-12-22,6,2025-12-28,8.1,-3.3,-1.8,,,,,,,,,
临沂,ecmwf_ifs025,2025-12-21,7,2025-12-28,7.9,-2.6,-1.4,,,,,,,,,
临沂,gfs_seamless,2025-12-27,1,2025-12-28,11.0,0.2,1.0,,,,,,,,,
临沂,gfs_seamless,2025-12-26,2,2025-12-28,10.3,0.3,0.7,,,,,,,,,
临沂,gfs_seamless,2025-12-25,3,2025-12-28,10.4,0.4,0.6,,,,,,,,,
临沂,gfs_seamless,2025-12-24,4,2025-12-28,9.8,0.6,0.6,,,,,,,,,
临沂,gfs_seamless,2025-12-23,5,2025-12-28,9.5,-0.1,0.3,,,,,,,,,
临沂,gfs_seamless,2025-12-22,6,2025-12-28,9.1,1.4,1.2,,,,,,,,,
临沂,gfs_seamless,2025-12-21,7,2025-12-28,9.4,1.6,1.7,,,,,,,,,
临沂,jma_seamless,2025-12-27,1,2025-12-28,11.5,-1.0,0.3,,,,,,,,,
临沂,jma_seamless,2025-12-26,2,2025-12-28,11.7,-1.3,0.0,,,,,,,,,
临沂,jma_seamless,2025-12-25,3,2025-12-28,11.7,-1.3,-0.3,,,,,,,,,
临沂,jma_seamless,2025-12-24,4,2025-12-28,11.6,-1.2,-0.2,,,,,,,,,
临沂,jma_seamless,2025-12-23,5,2025-12-28,11.4,-1.7,-0.5,,,,,,,,,
临沂,jma_seamless,2025-12-22,6,2025-12-28,10.4,-2.6,-0.8,,,,,,,,,
临沂,jma_seamless,2025-12-21,7,2025-12-28,9.1,-2.5,-1.5,,,,,,,,,
临沂,ecmwf_ifs025,2025-12-28,1,2025-12-29,9.8,0.4,0.4,,,,,,,,,
临沂,ecmwf_ifs025,2025-12-27,2,2025-12-29,9.2,0.4,0.5,,,,,,,,,
临沂,ecmwf_ifs025,2025-12-26,3,2025-12-29,8.8,0.5,-0.0,,,,,,,,,
临沂,ecmwf_ifs025,2025-12-25,4,2025-12-29,7.4,-0.6,-1.6,,,,,,,,,
临沂,ecmwf_ifs025,2025-12-24,5,2025-12-29,6.3,-0.7,-1.5,,,,,,,,,
临沂,ecmwf_ifs025,2025-12-23,6,2025-12-29,7.6,-0.3,-1.0,,,,,,,,,
临沂,ecmwf_ifs025,2025-12-22,7,2025-12-29,5.5,-2.7,-3.2,,,,,,,,,
临沂,gfs_seamless,2025-12-28,1,2025-12-29,9.9,2.8,1.7,,,,,,,,,
临沂,gfs_seamless,2025-12-27,2,2025-12-29,9.3,2.6,1.3,,,,,,,,,
临沂,gfs_seamless,2025-12-26,3,2025-12-29,7.8,2.5,0.7,,,,,,,,,
临沂,gfs_seamless,2025-12-25,4,2025-12-29,6.4,1.4,-0.8,,,,,,,,,
临沂,gfs_seamless,2025-12-24,5,2025-12-29,8.3,2.6,0.3,,,,,,,,,
临沂,gfs_seamless,2025-12-23,6,2025-12-29,9.7,2.6,1.3,,,,,,,,,
临沂,gfs_seamless,2025-12-22,7,2025-12-29,10.6,1.6,0.3,,,,,,,,,
临沂,jma_seamless,2025-12-28,1,2025-12-29,10.3,0.4,0.8,,,,,,,,,
临沂,jma_seamless,2025-12-27,2,2025-12-29,10.3,0.0,0.5,,,,,,,,,
临沂,jma_seamless,2025-12-26,3,2025-12-29,10.6,-0.4,0.4,,,,,,,,,
临沂,jma_seamless,2025-12-25,4,2025-12-29,9.7,-0.1,-0.2,,,,,,,,,
临沂,jma_seamless,2025-12-24,5,2025-12-29,10.6,0.0,-0.2,,,,,,,,,
临沂,jma_seamless,2025-12-23,6,2025-12-29,7.8,1.7,-0.3,,,,,,,,,
临沂,jma_seamless,2025-12-22,7,2025-12-29,8.3,0.5,-1.5,,,,,,,,,
临沂,ecmwf_ifs025,2025-12-29,1,2025-12-30,9.1,-1.7,-0.9,,,,,,,,,
临沂,ecmwf_ifs025,2025-12-28,2,2025-12-30,8.3,-2.0,-1.4,,,,,,,,,
临沂,ecmwf_ifs025,2025-12-27,3,2025-12-30,9.0,-1.7,-1.2,,,,,,,,,
临沂,ecmwf_ifs025,2025-12-26,4,2025-12-30,8.1,-2.5,-2.3,,,,,,,,,
临沂,ecmwf_ifs025,2025-12-25,5,2025-12-30,7.5,-2.5,-1.3,,,,,,,,,
临沂,ecmwf_ifs025,2025-12-24,6,2025-12-30,8.4,-3.1,-1.6,,,,,,,,,
临沂,ecmwf_ifs025,2025-12-23,7,2025-12-30,7.9,-4.3,-2.3,,,,,,,,,
临沂,gfs_seamless,2025-12-29,1,2025-12-30,8.7,0.7,0.0,,,,,,,,,
临沂,gfs_seamless,2025-12-28,2,2025-12-30,8.1,0.5,-0.9,,,,,,,,,
临沂,gfs_seamless,2025-12-27,3,2025-12-30,6.5,-0.6,-2.4,,,,,,,,,
临沂,gfs_seamless,2025-12-26,4,2025-12-30,5.5,-2.1,-3.6,,,,,,,,,
临沂,gfs_seamless,2025-12-25,5,2025-12-30,7.1,0.4,-1.0,,,,,,,,,
临沂,gfs_seamless,2025-12-24,6,2025-12-30,8.0,1.0,0.4,,,,,,,,,
临沂,gfs_seamless,2025-12-23,7,2025-12-30,7.1,-1.5,-1.7,,,,,,,,,
临沂,jma_seamless,2025-12-29,1,2025-12-30,9.2,-1.3,-0.3,,,,,,,,,
临沂,jma_seamless,2025-12-28,2,2025-12-30,8.6,-1.4,-1.2,,,,,,,,,
临沂,jma_seamless,2025-12-27,3,2025-12-30,9.4,-1.4,-0.8,,,,,,,,,
临沂,jma_seamless,2025-12-26,4,2025-12-30,9.0,-1.6,-1.5,,,,,,,,,
临沂,jma_seamless,2025-12-25,5,2025-12-30,9.8,-5.5,-1.9,,,,,,,,,
临沂,jma_seamless,2025-12-24,6,2025-12-30,9.4,-3.7,-1.5,,,,,,,,,
临沂,jma_seamless,2025-12-23,7,2025-12-30,5.9,-2.4,-2.9,,,,,,,,,
临沂,jma_seamless,2026-02-24,1,2026-02-25,10.8,3.2,2.9,0.6,,73.2,9.6,,32.0,,0.0,0.0
临沂,jma_seamless,2026-02-23,2,2026-02-25,9.4,3.4,2.6,0.7,,73.7,10.1,,100.0,,0.0,0.0
临沂,jma_seamless,2026-02-22,3,2026-02-25,11.0,4.0,3.2,1.5,,74.3,9.9,,71.7,,0.0,0.0
临沂,jma_seamless,2026-02-21,4,2026-02-25,10.1,3.3,2.4,0.5,,75.9,10.6,,79.7,,0.0,0.0
临沂,jma_seamless,2026-02-20,5,2026-02-25,10.3,3.6,2.4,0.5,,74.7,12.5,,80.6,,0.0,0.0
临沂,jma_seamless,2026-02-19,6,2026-02-25,12.6,3.2,3.5,0.1,,74.8,11.8,,92.9,,2.1,0.0
临沂,jma_seamless,2026-02-18,7,2026-02-25,10.0,4.0,3.4,1.3,,74.8,10.9,,97.5,,0.3,0.0
临沂,jma_seamless,2026-02-25,1,2026-02-26,9.8,3.7,3.1,1.0,,79.2,10.6,,85.7,,5.1,0.0
临沂,jma_seamless,2026-02-24,2,2026-02-26,7.9,4.2,2.9,1.4,,80.9,11.6,,94.6,,5.7,0.0
临沂,jma_seamless,2026-02-23,3,2026-02-26,8.8,4.4,3.2,1.8,,82.9,10.6,,96.6,,7.2,0.0
临沂,jma_seamless,2026-02-22,4,2026-02-26,8.7,4.3,3.4,2.2,,82.6,8.6,,93.6,,4.2,0.0
临沂,jma_seamless,2026-02-21,5,2026-02-26,11.0,4.3,3.8,1.5,,82.0,11.5,,99.5,,6.0,0.0
临沂,jma_seamless,2026-02-20,6,2026-02-26,11.2,5.5,5.4,2.6,,89.2,13.6,,99.1,,11.4,0.0
临沂,jma_seamless,2026-02-19,7,2026-02-26,10.8,6.3,4.9,3.3,,82.0,15.4,,90.5,,4.2,0.0
临沂,jma_seamless,2026-02-26,1,2026-02-27,12.3,5.9,5.1,3.9,,70.0,9.2,,67.1,,0.3,0.0
临沂,jma_seamless,2026-02-25,2,2026-02-27,12.5,5.6,5.0,3.5,,68.0,9.4,,49.8,,0.3,0.0
临沂,jma_seamless,2026-02-24,3,2026-02-27,12.8,4.8,4.3,2.4,,70.5,10.3,,33.1,,1.2,0.0
临沂,jma_seamless,2026-02-23,4,2026-02-27,11.8,5.3,4.9,3.1,,67.7,9.4,,30.4,,0.6,0.0
临沂,jma_seamless,2026-02-22,5,2026-02-27,13.6,5.8,5.7,3.7,,69.0,9.8,,47.4,,2.4,0.0
临沂,jma_seamless,2026-02-21,6,2026-02-27,13.2,6.7,6.1,4.3,,74.3,11.9,,51.7,,0.9,0.0
临沂,jma_seamless,2026-02-20,7,2026-02-27,14.1,6.9,6.1,4.4,,69.2,13.2,,76.8,,0.9,0.0
临沂,jma_seamless,2026-02-27,1,2026-02-28,10.6,3.9,2.5,0.8,,73.8,12.5,,75.8,,0.0,0.0
临沂,jma_seamless,2026-02-26,2,2026-02-28,9.6,4.0,2.4,0.8,,75.8,13.6,,80.7,,0.3,0.0
临沂,jma_seamless,2026-02-25,3,2026-02-28,10.5,3.2,2.4,-0.1,,76.5,13.0,,58.4,,0.3,0.0
临沂,jma_seamless,2026-02-24,4,2026-02-28,10.4,3.5,2.8,0.7,,65.5,10.6,,47.2,,0.0,0.0
临沂,jma_seamless,2026-02-23,5,2026-02-28,13.0,3.5,3.2,0.6,,65.2,11.0,,32.6,,0.0,0.0
临沂,jma_seamless,2026-02-22,6,2026-02-28,12.4,3.7,3.1,0.6,,69.8,12.6,,52.1,,0.0,0.0
临沂,jma_seamless,2026-02-21,7,2026-02-28,12.2,4.8,4.2,2.1,,71.5,11.6,,71.6,,0.0,0.0
临沂,jma_seamless,2026-02-28,1,2026-03-01,9.1,4.9,3.5,1.5,,87.0,15.5,,97.7,,16.8,0.0
临沂,jma_seamless,2026-02-27,2,2026-03-01,9.7,5.4,3.7,2.1,,87.0,16.1,,97.0,,17.4,0.0
临沂,jma_seamless,2026-02-26,3,2026-03-01,10.7,6.0,4.4,2.8,,87.5,16.6,,96.4,,17.4,0.0
临沂,jma_seamless,2026-02-25,4,2026-03-01,11.9,6.2,4.9,3.0,,85.2,16.7,,98.7,,10.8,0.0
临沂,jma_seamless,2026-02-24,5,2026-03-01,9.7,5.6,4.1,2.5,,80.8,15.0,,98.0,,8.7,0.0
临沂,jma_seamless,2026-02-23,6,2026-03-01,11.5,5.7,4.5,2.4,,82.5,16.7,,96.3,,19.5,0.0
临沂,jma_seamless,2026-02-22,7,2026-03-01,9.5,4.1,3.6,0.9,,82.9,13.2,,92.7,,10.5,0.0
临沂,jma_seamless,2026-03-01,1,2026-03-02,10.2,4.5,2.7,1.2,,74.9,14.7,,80.1,,7.2,0.0
临沂,jma_seamless,2026-02-28,2,2026-03-02,10.8,3.9,3.0,0.3,,75.2,15.6,,67.2,,12.9,0.0
临沂,jma_seamless,2026-02-27,3,2026-03-02,11.2,4.3,2.9,0.6,,75.8,16.8,,58.5,,12.3,0.0
临沂,jma_seamless,2026-02-26,4,2026-03-02,10.0,4.5,2.8,0.8,,75.1,17.4,,63.6,,8.4,0.0
临沂,jma_seamless,2026-02-25,5,2026-03-02,11.6,5.8,4.2,2.4,,75.2,17.2,,65.0,,13.5,0.0
临沂,jma_seamless,2026-02-24,6,2026-03-02,10.9,6.6,4.9,3.8,,78.3,14.2,,58.7,,15.3,0.0
临沂,jma_seamless,2026-02-23,7,2026-03-02,10.4,7.0,5.1,4.1,,79.6,15.6,,72.1,,18.9,0.0
临沂,jma_seamless,2026-03-02,1,2026-03-03,9.0,3.0,3.2,,,69.0,4.3,,52.1,,0.0,0.0
临沂,jma_seamless,2026-03-01,2,2026-03-03,11.1,3.9,4.2,2.3,,67.9,6.6,,29.6,,0.0,0.0
临沂,jma_seamless,2026-02-28,3,2026-03-03,11.9,3.4,3.8,1.3,,67.4,8.0,,49.3,,0.0,0.0
临沂,jma_seamless,2026-02-27,4,2026-03-03,10.8,3.4,3.8,2.1,,64.5,5.4,,54.1,,0.0,0.0
临沂,jma_seamless,2026-02-26,5,2026-03-03,10.0,3.5,3.5,1.9,,67.2,6.2,,40.5,,0.0,0.0
临沂,jma_seamless,2026-02-25,6,2026-03-03,10.5,4.2,4.2,2.7,,68.2,6.4,,52.4,,0.0,0.0
临沂,jma_seamless,2026-02-24,7,2026-03-03,13.2,3.9,5.1,2.6,,72.8,5.5,,25.8,,0.0,0.0
临沂,jma_seamless,2026-03-03,1,2026-03-04,10.6,3.3,2.8,0.8,,75.0,9.2,,49.0,,0.0,0.0
临沂,jma_seamless,2026-03-02,2,2026-03-04,12.8,3.2,3.4,0.9,,70.2,8.6,,21.0,,0.0,0.0
临沂,jma_seamless,2026-03-01,3,2026-03-04,10.5,4.0,3.3,1.5,,72.8,9.9,,54.8,,0.0,0.0
临沂,jma_seamless,2026-02-28,4,2026-03-04,10.1,3.3,2.7,0.9,,78.5,8.9,,46.2,,0.0,0.0
临沂,jma_seamless,2026-02-27,5,2026-03-04,12.8,3.2,3.3,0.4,,72.8,10.5,,50.2,,-0.6,0.0
临沂,jma_seamless,2026-02-26,6,2026-03-04,10.9,3.9,3.4,1.3,,75.5,10.0,,78.2,,0.6,0.0
临沂,jma_seamless,2026-02-25,7,2026-03-04,11.8,4.5,3.9,1.7,,70.7,12.0,,72.1,,0.0,0.0
临沂,jma_seamless,2026-03-04,1,2026-03-05,11.3,4.4,5.1,3.1,,69.6,5.7,,67.8,,0.0,0.0
临沂,jma_seamless,2026-03-03,2,2026-03-05,12.5,4.2,5.6,2.4,,72.1,7.2,,79.8,,0.0,0.0
临沂,jma_seamless,2026-03-02,3,2026-03-05,10.2,4.5,4.7,3.1,,70.0,6.0,,84.3,,0.0,0.0
临沂,jma_seamless,2026-03-01,4,2026-03-05,11.1,4.1,4.7,,,70.0,4.8,,85.3,,0.0,0.0
临沂,jma_seamless,2026-02-28,5,2026-03-05,10.8,4.2,4.5,2.3,,74.3,7.5,,69.5,,0.0,0.0
临沂,jma_seamless,2026-02-27,6,2026-03-05,10.8,5.1,3.8,2.4,,73.2,12.1,,89.5,,0.0,0.0
临沂,jma_seamless,2026-02-26,7,2026-03-05,10.4,4.1,3.7,1.3,,73.2,11.3,,83.0,,0.0,0.0
临沂,jma_seamless,2026-03-05,1,2026-03-06,9.3,3.1,1.7,0.0,,48.0,11.7,,53.3,,0.0,0.0
临沂,jma_seamless,2026-03-04,2,2026-03-06,9.2,3.1,1.8,0.2,,49.4,10.7,,31.8,,0.0,0.0
临沂,jma_seamless,2026-03-03,3,2026-03-06,10.0,3.4,2.1,0.5,,51.7,11.2,,29.0,,0.0,0.0
临沂,jma_seamless,2026-03-02,4,2026-03-06,9.9,3.2,2.2,1.0,,59.8,8.2,,3.1,,0.0,0.0
临沂,jma_seamless,2026-03-01,5,2026-03-06,13.0,4.4,4.1,2.2,,56.9,8.7,,5.1,,0.0,0.0
临沂,jma_seamless,2026-02-28,6,2026-03-06,11.6,3.1,3.1,1.1,,61.4,7.3,,7.9,,0.0,0.0
临沂,jma_seamless,2026-02-27,7,2026-03-06,12.4,4.2,4.4,1.9,,60.4,9.2,,51.8,,2.4,0.0
临沂,jma_seamless,2026-03-06,1,2026-03-07,8.1,0.3,-1.0,-2.4,,37.0,8.1,,32.3,,0.0,0.0
临沂,jma_seamless,2026-03-05,2,2026-03-07,8.8,1.1,-0.3,-1.4,,33.9,7.9,,21.8,,0.0,0.0
临沂,jma_seamless,2026-03-04,3,2026-03-07,8.9,-0.5,-0.6,-3.3,,40.5,7.8,,4.9,,0.0,0.0
临沂,jma_seamless,2026-03-03,4,2026-03-07,8.8,-0.4,-0.7,-3.0,,35.0,7.5,,9.5,,0.0,0.0
临沂,jma_seamless,2026-03-02,5,2026-03-07,8.3,-0.1,-0.5,-3.2,,40.5,9.1,,26.5,,0.0,0.0
临沂,jma_seamless,2026-03-01,6,2026-03-07,10.1,2.1,1.5,-0.6,,55.0,9.2,,48.1,,0.0,0.0
临沂,jma_seamless,2026-02-28,7,2026-03-07,12.5,2.6,2.9,-0.1,,55.1,9.4,,28.0,,0.0,0.0
临沂,jma_seamless,2026-03-07,1,2026-03-08,12.0,0.9,2.3,-0.9,,49.8,5.7,,36.5,,0.0,0.0
临沂,jma_seamless,2026-03-06,2,2026-03-08,11.7,1.7,2.5,-0.3,,46.0,6.5,,62.8,,0.0,0.0
临沂,jma_seamless,2026-03-05,3,2026-03-08,12.4,2.8,3.2,0.9,,45.2,7.0,,49.9,,0.0,0.0
临沂,jma_seamless,2026-03-04,4,2026-03-08,12.2,2.7,3.2,0.8,,46.6,6.8,,56.3,,0.0,0.0
临沂,jma_seamless,2026-03-03,5,2026-03-08,12.7,2.3,3.2,0.3,,46.5,6.8,,62.6,,0.0,0.0
临沂,jma_seamless,2026-03-02,6,2026-03-08,12.0,2.2,3.3,0.2,,46.2,7.0,,55.0,,0.0,0.0
临沂,jma_seamless,2026-03-01,7,2026-03-08,14.3,4.7,4.8,2.7,,52.7,8.3,,59.5,,0.0,0.0
临沂,jma_seamless,2026-03-08,1,2026-03-09,12.0,3.8,2.8,1.6,,38.9,8.6,,1.8,,0.0,0.0
临沂,jma_seamless,2026-03-07,2,2026-03-09,12.6,3.9,2.9,1.7,,36.5,8.7,,7.4,,0.0,0.0
临沂,jma_seamless,2026-03-06,3,2026-03-09,13.7,3.7,3.4,1.4,,37.5,8.9,,19.3,,0.0,0.0
临沂,jma_seamless,2026-03-05,4,2026-03-09,15.0,3.9,4.5,1.6,,43.9,9.1,,25.1,,0.0,0.0
临沂,jma_seamless,2026-03-04,5,2026-03-09,14.0,4.0,3.6,1.5,,38.4,9.9,,16.2,,0.0,0.0
临沂,jma_seamless,2026-03-03,6,2026-03-09,15.8,3.3,5.4,1.3,,60.7,7.6,,54.2,,0.0,0.0
临沂,jma_seamless,2026-03-02,7,2026-03-09,15.5,5.4,5.9,3.7,,57.0,7.6,,64.0,,0.0,0.0
临沂,jma_seamless,2026-03-09,1,2026-03-10,14.8,2.3,3.6,-0.7,,33.8,10.7,,17.5,,0.0,0.0
临沂,jma_seamless,2026-03-08,2,2026-03-10,14.3,1.6,2.7,-1.6,,27.2,10.8,,10.0,,0.0,0.0
临沂,jma_seamless,2026-03-07,3,2026-03-10,14.1,1.2,2.9,-1.8,,36.0,9.6,,16.5,,0.0,0.0
临沂,jma_seamless,2026-03-06,4,2026-03-10,14.7,1.7,3.4,-1.2,,39.0,9.7,,4.3,,0.0,0.0
临沂,jma_seamless,2026-03-05,5,2026-03-10,14.4,1.7,4.1,-0.8,,39.9,8.3,,21.7,,0.3,0.0
临沂,jma_seamless,2026-03-04,6,2026-03-10,13.2,1.8,3.6,-0.1,,44.2,6.4,,11.0,,0.0,0.0
临沂,jma_seamless,2026-03-03,7,2026-03-10,13.7,4.3,5.2,2.3,,53.6,8.1,,21.5,,0.0,0.0
临沂,ecmwf_ifs025,2026-03-10,1,2026-03-11,14.5,3.5,6.6,2.0,,71.4,6.1,,32.4,17.86,9.9,
临沂,ecmwf_ifs025,2026-03-09,2,2026-03-11,15.7,3.8,6.5,1.9,,65.5,7.4,,21.5,17.6,1.2,
临沂,ecmwf_ifs025,2026-03-08,3,2026-03-11,13.3,3.5,5.4,1.5,,73.2,7.5,,53.4,16.94,5.7,
临沂,ecmwf_ifs025,2026-03-07,4,2026-03-11,14.8,3.3,4.9,1.3,,73.6,7.3,,51.9,15.12,6.0,
临沂,ecmwf_ifs025,2026-03-06,5,2026-03-11,12.1,2.8,4.4,0.8,,70.4,7.2,,29.7,17.11,0.9,
临沂,ecmwf_ifs025,2026-03-05,6,2026-03-11,15.7,4.3,6.5,3.2,,67.5,5.1,,12.0,16.3,0.0,
临沂,ecmwf_ifs025,2026-03-04,7,2026-03-11,14.4,4.1,6.1,2.4,,73.6,6.9,,53.8,13.65,3.3,
临沂,gfs_seamless,2026-03-10,1,2026-03-11,15.8,6.6,7.3,4.8,,53.8,9.1,35.6,58.2,18.94,0.3,0.0
临沂,gfs_seamless,2026-03-09,2,2026-03-11,15.9,6.2,7.3,4.4,,54.4,8.8,36.4,69.1,19.09,0.7,0.0
临沂,gfs_seamless,2026-03-08,3,2026-03-11,14.6,2.8,4.8,0.1,,71.9,9.7,33.5,84.9,7.44,9.6,0.0
临沂,gfs_seamless,2026-03-07,4,2026-03-11,12.2,4.9,5.3,3.2,,75.5,7.3,29.9,68.2,11.18,9.2,0.0
临沂,gfs_seamless,2026-03-06,5,2026-03-11,14.6,5.6,6.6,4.1,,64.9,6.9,19.4,77.0,12.75,0.0,0.0
临沂,gfs_seamless,2026-03-05,6,2026-03-11,17.1,5.3,6.3,3.8,,47.1,6.7,16.9,61.1,16.06,0.0,0.0
临沂,gfs_seamless,2026-03-04,7,2026-03-11,13.1,5.0,3.9,2.7,,60.9,9.6,31.7,88.9,7.47,0.9,0.0
临沂,jma_seamless,2026-03-10,1,2026-03-11,13.3,6.1,7.3,4.9,,62.2,6.3,,58.9,17.86,9.9,
临沂,jma_seamless,2026-03-09,2,2026-03-11,13.7,7.6,6.7,6.8,,42.3,5.8,,46.4,17.6,1.2,
临沂,jma_seamless,2026-03-08,3,2026-03-11,16.5,7.5,7.3,6.3,,29.0,7.1,,44.9,16.94,5.7,
临沂,jma_seamless,2026-03-07,4,2026-03-11,16.9,7.5,7.0,6.2,,33.4,7.5,,18.8,15.12,6.0,
临沂,jma_seamless,2026-03-06,5,2026-03-11,14.4,6.5,7.2,4.7,,68.2,8.8,,53.8,17.11,0.9,
临沂,jma_seamless,2026-03-05,6,2026-03-11,17.1,7.6,7.9,6.3,,45.6,7.4,,33.0,16.3,0.0,
临沂,jma_seamless,2026-03-04,7,2026-03-11,10.8,6.0,4.8,4.3,,64.2,8.2,,75.7,13.65,3.3,
临沂,ecmwf_ifs025,2026-03-11,1,2026-03-12,13.9,3.6,4.8,1.1,,70.8,9.7,,6.5,18.41,0.0,
临沂,ecmwf_ifs025,2026-03-10,2,2026-03-12,13.4,2.6,3.7,-0.4,,70.4,11.0,,0.6,18.67,0.0,
临沂,ecmwf_ifs025,2026-03-09,3,2026-03-12,12.8,2.8,3.9,0.1,,70.2,9.8,,2.2,18.82,0.0,
临沂,ecmwf_ifs025,2026-03-08,4,2026-03-12,13.2,2.3,4.2,-0.2,,72.3,8.6,,0.0,18.68,0.0,
临沂,ecmwf_ifs025,2026-03-07,5,2026-03-12,13.9,0.2,3.2,-2.4,,72.2,7.8,,8.7,18.81,0.0,
临沂,ecmwf_ifs025,2026-03-06,6,2026-03-12,14.8,3.0,4.9,1.1,,76.1,6.8,,14.9,16.89,0.0,
临沂,ecmwf_ifs025,2026-03-05,7,2026-03-12,15.3,4.6,6.0,2.6,,71.5,8.2,,51.0,16.15,0.0,
临沂,gfs_seamless,2026-03-11,1,2026-03-12,14.1,4.8,5.2,1.8,,53.4,13.2,32.4,2.5,20.89,0.0,0.0
临沂,gfs_seamless,2026-03-10,2,2026-03-12,13.9,5.0,5.3,2.2,,52.2,12.1,38.2,15.6,20.92,0.0,0.0
临沂,gfs_seamless,2026-03-09,3,2026-03-12,13.6,4.8,4.7,2.0,,50.5,12.1,34.9,1.6,21.28,0.0,0.0
临沂,gfs_seamless,2026-03-08,4,2026-03-12,14.1,3.0,4.2,0.1,,52.8,10.7,31.0,3.1,21.37,0.0,0.0
临沂,gfs_seamless,2026-03-07,5,2026-03-12,14.3,3.9,4.0,1.1,,47.2,11.3,31.3,4.8,21.5,0.0,0.0
临沂,gfs_seamless,2026-03-06,6,2026-03-12,15.4,3.3,4.1,0.3,,45.7,11.7,34.6,0.8,20.97,0.0,0.0
临沂,gfs_seamless,2026-03-05,7,2026-03-12,17.7,4.5,7.1,2.3,,55.8,9.1,28.8,10.1,20.46,0.0,0.0
临沂,jma_seamless,2026-03-11,1,2026-03-12,13.9,6.2,6.1,4.4,,60.0,8.7,,46.3,18.41,0.0,
临沂,jma_seamless,2026-03-10,2,2026-03-12,13.4,5.8,5.6,4.1,,61.1,7.8,,24.8,18.67,0.0,
临沂,jma_seamless,2026-03-09,3,2026-03-12,14.0,5.3,4.9,3.2,,55.0,9.1,,26.8,18.82,0.0,
临沂,jma_seamless,2026-03-08,4,2026-03-12,15.1,4.1,4.8,1.9,,59.2,8.8,,4.0,18.68,0.0,
临沂,jma_seamless,2026-03-07,5,2026-03-12,13.5,4.6,5.1,2.9,,71.1,7.2,,22.1,18.81,0.0,
临沂,jma_seamless,2026-03-06,6,2026-03-12,13.2,5.3,5.1,3.2,,64.0,9.0,,48.2,16.89,0.0,
临沂,jma_seamless,2026-03-05,7,2026-03-12,17.3,4.7,6.1,2.6,,64.0,8.7,,43.4,16.15,0.0,
临沂,ecmwf_ifs025,2026-03-12,1,2026-03-13,15.3,1.5,5.1,-0.5,,63.2,6.5,,33.3,19.14,0.0,
临沂,ecmwf_ifs025,2026-03-11,2,2026-03-13,15.0,-0.4,4.0,-3.2,,60.1,8.0,,17.9,19.23,0.0,
临沂,ecmwf_ifs025,2026-03-10,3,2026-03-13,13.8,-1.3,3.5,-3.4,,62.4,5.7,,51.0,18.43,0.0,
临沂,ecmwf_ifs025,2026-03-09,4,2026-03-13,14.0,1.0,4.1,-1.1,,62.8,6.7,,68.5,18.41,0.0,
临沂,ecmwf_ifs025,2026-03-08,5,2026-03-13,14.0,-0.4,4.1,-2.6,,67.4,6.4,,43.0,18.37,0.0,
临沂,ecmwf_ifs025,2026-03-07,6,2026-03-13,12.9,1.4,3.7,-0.4,,74.7,5.9,,42.1,17.29,0.0,
临沂,ecmwf_ifs025,2026-03-06,7,2026-03-13,15.2,2.5,4.6,0.2,,68.2,7.9,,23.1,17.77,0.0,
临沂,gfs_seamless,2026-03-12,1,2026-03-13,15.5,4.2,5.7,2.1,,46.2,8.5,20.5,44.3,20.69,0.0,0.0
临沂,gfs_seamless,2026-03-11,2,2026-03-13,15.7,4.0,5.6,1.7,,43.3,9.2,29.2,26.0,21.38,0.0,0.0
临沂,gfs_seamless,2026-03-10,3,2026-03-13,15.6,3.5,5.3,1.1,,41.1,9.1,23.4,40.8,20.27,0.0,0.0
临沂,gfs_seamless,2026-03-09,4,2026-03-13,15.6,3.8,5.7,1.3,,42.6,9.5,34.6,50.0,20.15,0.0,0.0
临沂,gfs_seamless,2026-03-08,5,2026-03-13,14.2,2.4,4.4,-0.3,,42.5,9.5,25.2,80.2,18.47,0.0,0.0
临沂,gfs_seamless,2026-03-07,6,2026-03-13,14.9,3.5,5.0,0.8,,46.9,10.1,23.4,32.5,21.38,0.0,0.0
临沂,gfs_seamless,2026-03-06,7,2026-03-13,17.3,2.7,5.0,-0.4,,44.2,11.4,34.6,30.1,21.41,0.0,0.0
临沂,jma_seamless,2026-03-12,1,2026-03-13,15.6,2.8,5.5,1.3,,50.5,5.7,,24.6,19.14,0.0,
临沂,jma_seamless,2026-03-11,2,2026-03-13,15.1,3.3,5.3,1.6,,49.5,6.5,,20.3,19.23,0.0,
临沂,jma_seamless,2026-03-10,3,2026-03-13,15.0,2.9,4.6,0.7,,47.7,8.0,,19.8,18.43,0.0,
临沂,jma_seamless,2026-03-09,4,2026-03-13,15.2,3.0,5.3,1.1,,54.5,7.0,,68.8,18.41,0.0,
临沂,jma_seamless,2026-03-08,5,2026-03-13,14.7,3.2,5.3,1.2,,65.9,7.5,,42.2,18.37,0.0,
临沂,jma_seamless,2026-03-07,6,2026-03-13,15.2,3.6,5.4,1.8,,57.3,7.0,,19.1,17.29,0.0,
临沂,jma_seamless,2026-03-06,7,2026-03-13,14.9,2.9,5.5,1.2,,51.4,6.2,,38.7,17.77,0.0,
临沂,ecmwf_ifs025,2026-03-13,1,2026-03-14,15.5,4.4,6.1,2.5,,62.5,7.8,,92.8,15.14,0.0,
临沂,ecmwf_ifs025,2026-03-12,2,2026-03-14,15.8,4.2,6.5,2.6,,59.1,6.5,,86.1,15.26,0.0,
临沂,ecmwf_ifs025,2026-03-11,3,2026-03-14,15.7,4.0,6.4,2.2,,61.5,7.1,,96.0,16.3,0.0,
临沂,ecmwf_ifs025,2026-03-10,4,2026-03-14,13.5,3.0,5.2,0.8,,66.8,8.0,,69.9,14.14,0.0,
临沂,ecmwf_ifs025,2026-03-09,5,2026-03-14,13.8,2.0,3.4,-0.7,,77.1,9.1,,87.6,9.39,2.7,
临沂,ecmwf_ifs025,2026-03-08,6,2026-03-14,14.0,3.1,5.1,1.3,,78.4,6.7,,82.9,13.71,0.9,
临沂,ecmwf_ifs025,2026-03-07,7,2026-03-14,15.3,3.3,6.1,1.6,,79.5,6.6,,80.3,16.87,1.2,
临沂,gfs_seamless,2026-03-13,1,2026-03-14,16.2,5.7,6.8,3.5,,45.6,9.8,33.1,81.0,18.93,0.0,0.0
临沂,gfs_seamless,2026-03-12,2,2026-03-14,15.9,5.1,6.1,2.7,,43.1,10.2,34.9,81.6,20.26,0.0,0.0
临沂,gfs_seamless,2026-03-11,3,2026-03-14,14.1,6.2,5.9,4.0,,52.6,10.3,33.5,99.4,11.22,0.0,0.0
临沂,gfs_seamless,2026-03-10,4,2026-03-14,16.2,5.7,6.4,3.3,,55.9,11.2,37.1,92.3,16.25,0.0,0.0
临沂,gfs_seamless,2026-03-09,5,2026-03-14,15.2,7.0,7.3,5.5,,53.9,8.0,31.0,99.8,15.75,1.6,0.0
临沂,gfs_seamless,2026-03-08,6,2026-03-14,15.2,3.6,5.0,0.3,,64.7,13.4,38.2,100.0,6.68,0.6,0.0
临沂,gfs_seamless,2026-03-07,7,2026-03-14,15.2,1.7,4.4,-1.7,,64.0,12.0,38.9,96.6,11.16,0.8,0.1
临沂,jma_seamless,2026-03-13,1,2026-03-14,16.3,6.1,7.0,4.7,,49.3,7.0,,36.7,15.14,0.0,
临沂,jma_seamless,2026-03-12,2,2026-03-14,16.4,6.4,7.0,4.8,,47.8,8.1,,43.9,15.26,0.0,
临沂,jma_seamless,2026-03-11,3,2026-03-14,15.2,6.3,6.9,4.9,,45.8,7.2,,72.1,16.3,0.0,
临沂,jma_seamless,2026-03-10,4,2026-03-14,14.9,6.3,6.3,4.7,,49.1,7.9,,71.2,14.14,0.0,
临沂,jma_seamless,2026-03-09,5,2026-03-14,17.4,5.2,6.6,3.8,,62.1,6.6,,55.4,9.39,2.7,
临沂,jma_seamless,2026-03-08,6,2026-03-14,16.8,3.8,5.7,1.9,,57.5,7.4,,55.9,13.71,0.9,
临沂,jma_seamless,2026-03-07,7,2026-03-14,15.2,3.8,5.6,2.2,,47.3,6.5,,82.5,16.87,1.2,
临沂,ecmwf_ifs025,2026-03-14,1,2026-03-15,12.6,4.4,4.8,2.1,,66.4,9.2,,93.0,14.81,0.6,
临沂,ecmwf_ifs025,2026-03-13,2,2026-03-15,12.2,4.6,4.8,2.6,,69.0,8.2,,99.7,13.36,0.3,
临沂,ecmwf_ifs025,2026-03-12,3,2026-03-15,10.3,4.8,4.6,2.5,,71.5,9.5,,99.7,12.01,0.0,
临沂,ecmwf_ifs025,2026-03-11,4,2026-03-15,12.0,5.0,5.2,2.9,,70.8,9.0,,98.9,12.12,0.3,
临沂,ecmwf_ifs025,2026-03-10,5,2026-03-15,10.6,2.2,3.5,-0.1,,73.1,7.9,,100.0,10.56,1.5,
临沂,ecmwf_ifs025,2026-03-09,6,2026-03-15,10.4,1.4,1.7,-1.4,,56.2,9.0,,84.5,16.59,0.0,
临沂,ecmwf_ifs025,2026-03-08,7,2026-03-15,10.2,3.1,2.5,0.3,,62.1,10.3,,73.3,16.1,0.9,
临沂,gfs_seamless,2026-03-14,1,2026-03-15,12.6,4.8,4.2,2.1,,54.3,11.4,27.4,97.0,11.3,0.1,0.0
临沂,gfs_seamless,2026-03-13,2,2026-03-15,10.9,3.5,2.9,0.5,,54.2,11.5,32.4,100.0,6.33,0.2,0.0
临沂,gfs_seamless,2026-03-12,3,2026-03-15,6.9,2.0,1.4,-1.4,,75.2,12.0,33.8,100.0,2.47,2.2,0.0
临沂,gfs_seamless,2026-03-11,4,2026-03-15,10.4,2.0,1.8,-1.2,,59.9,11.0,34.6,90.8,13.26,1.6,0.0
临沂,gfs_seamless,2026-03-10,5,2026-03-15,6.8,3.9,2.3,1.1,,68.6,11.2,29.9,84.7,2.01,0.7,0.0
临沂,gfs_seamless,2026-03-09,6,2026-03-15,7.8,3.5,2.6,1.2,,80.4,8.8,31.3,100.0,2.31,0.2,0.1
临沂,gfs_seamless,2026-03-08,7,2026-03-15,11.1,2.4,1.9,-0.0,,42.0,8.3,25.6,93.1,12.5,0.0,0.0
临沂,jma_seamless,2026-03-14,1,2026-03-15,12.6,5.7,5.6,3.9,,62.8,8.2,,77.8,14.81,0.6,
临沂,jma_seamless,2026-03-13,2,2026-03-15,12.6,6.2,5.5,4.4,,57.5,8.7,,84.0,13.36,0.3,
临沂,jma_seamless,2026-03-12,3,2026-03-15,11.7,5.9,5.6,4.1,,67.2,8.2,,82.2,12.01,0.0,
临沂,jma_seamless,2026-03-11,4,2026-03-15,11.7,6.1,5.4,4.5,,69.5,7.7,,82.2,12.12,0.3,
临沂,jma_seamless,2026-03-10,5,2026-03-15,10.7,3.7,2.8,1.8,,43.0,7.4,,68.1,10.56,1.5,
临沂,jma_seamless,2026-03-09,6,2026-03-15,12.3,3.6,2.1,1.1,,27.6,9.7,,49.4,16.59,0.0,
临沂,jma_seamless,2026-03-08,7,2026-03-15,8.0,3.4,1.2,0.9,,30.0,9.5,,53.8,16.1,0.9,
临沂,ecmwf_ifs025,2026-03-15,1,2026-03-16,13.7,4.6,4.8,2.8,,58.4,7.5,,78.2,16.5,0.0,
临沂,ecmwf_ifs025,2026-03-14,2,2026-03-16,13.8,4.0,4.2,1.9,,55.2,8.2,,90.2,15.47,0.0,
临沂,ecmwf_ifs025,2026-03-13,3,2026-03-16,11.0,4.0,3.9,2.2,,65.7,7.1,,75.8,8.1,0.0,
临沂,ecmwf_ifs025,2026-03-12,4,2026-03-16,12.0,3.5,4.1,2.0,,48.2,6.0,,98.5,12.96,0.0,
临沂,ecmwf_ifs025,2026-03-11,5,2026-03-16,14.0,2.9,4.9,1.7,,62.2,5.1,,35.9,16.18,0.0,
临沂,ecmwf_ifs025,2026-03-10,6,2026-03-16,12.2,-0.1,3.0,,,60.0,4.4,,48.8,15.45,0.0,
临沂,ecmwf_ifs025,2026-03-09,7,2026-03-16,12.7,0.3,2.4,-2.0,,51.0,6.9,,59.9,17.68,0.0,
临沂,gfs_seamless,2026-03-15,1,2026-03-16,13.2,5.0,5.0,3.0,,40.7,8.6,28.4,95.5,18.66,0.0,0.0
临沂,gfs_seamless,2026-03-14,2,2026-03-16,13.4,5.4,4.2,3.1,,33.5,10.0,27.7,92.5,16.87,0.0,0.0
临沂,gfs_seamless,2026-03-13,3,2026-03-16,12.6,4.0,3.9,1.9,,43.5,8.3,23.0,79.2,15.4,0.0,0.0
临沂,gfs_seamless,2026-03-12,4,2026-03-16,13.1,2.4,4.1,0.5,,44.9,6.8,28.1,83.8,17.91,0.0,0.0
临沂,gfs_seamless,2026-03-11,5,2026-03-16,13.4,1.9,3.2,-0.3,,36.9,7.3,22.0,91.0,17.59,0.0,0.0
临沂,gfs_seamless,2026-03-10,6,2026-03-16,14.2,4.0,4.6,2.5,,41.1,6.1,18.4,28.4,21.85,0.0,0.0
临沂,gfs_seamless,2026-03-09,7,2026-03-16,13.6,3.2,4.7,1.7,,44.0,6.0,32.4,82.0,16.63,0.0,0.0
临沂,jma_seamless,2026-03-15,1,2026-03-16,14.1,5.4,5.3,3.5,,55.4,8.4,,61.3,16.5,0.0,
临沂,jma_seamless,2026-03-14,2,2026-03-16,13.7,5.5,5.3,3.6,,62.7,8.5,,59.9,15.47,0.0,
临沂,jma_seamless,2026-03-13,3,2026-03-16,14.1,5.3,4.8,3.2,,50.4,9.0,,79.5,8.1,0.0,
临沂,jma_seamless,2026-03-12,4,2026-03-16,14.3,5.0,5.7,3.4,,58.8,7.0,,82.2,12.96,0.0,
临沂,jma_seamless,2026-03-11,5,2026-03-16,14.2,4.6,5.5,3.2,,53.3,6.3,,55.2,16.18,0.0,
临沂,jma_seamless,2026-03-10,6,2026-03-16,14.1,2.5,4.9,,,44.9,3.3,,22.8,15.45,0.0,
临沂,jma_seamless,2026-03-09,7,2026-03-16,12.6,1.9,2.9,,,31.2,4.3,,35.3,17.68,0.0,
临沂,ecmwf_ifs025,2026-03-16,1,2026-03-17,13.9,2.4,5.1,0.3,,77.0,7.4,,69.7,15.58,4.8,
临沂,ecmwf_ifs025,2026-03-15,2,2026-03-17,14.9,2.5,4.9,0.1,,73.0,8.2,,69.3,15.34,4.8,
临沂,ecmwf_ifs025,2026-03-14,3,2026-03-17,11.7,2.2,3.4,-0.1,,79.3,7.9,,75.6,7.87,9.9,
临沂,ecmwf_ifs025,2026-03-13,4,2026-03-17,11.6,3.2,3.7,1.1,,74.9,7.8,,79.3,8.49,9.9,
临沂,ecmwf_ifs025,2026-03-12,5,2026-03-17,11.5,1.1,3.0,-1.1,,73.5,6.8,,80.0,8.42,6.6,
临沂,ecmwf_ifs025,2026-03-11,6,2026-03-17,15.4,3.7,7.4,,,71.9,3.3,,78.6,13.83,0.0,
临沂,ecmwf_ifs025,2026-03-10,7,2026-03-17,14.4,1.6,4.9,0.2,,57.4,5.1,,79.5,16.34,0.0,
临沂,gfs_seamless,2026-03-16,1,2026-03-17,14.9,5.3,6.1,3.4,,71.1,8.5,21.6,77.7,16.46,6.2,0.0
临沂,gfs_seamless,2026-03-15,2,2026-03-17,14.7,5.0,5.5,3.0,,59.7,8.5,18.4,100.0,16.33,4.9,0.0
临沂,gfs_seamless,2026-03-14,3,2026-03-17,14.9,4.2,5.6,2.0,,50.3,8.7,28.1,70.5,19.27,0.0,0.0
临沂,gfs_seamless,2026-03-13,4,2026-03-17,14.5,4.8,6.0,2.8,,62.2,8.2,25.6,72.6,18.85,0.0,0.0
临沂,gfs_seamless,2026-03-12,5,2026-03-17,14.9,5.2,5.2,3.9,,73.6,6.2,14.8,76.4,12.65,0.8,0.0
临沂,gfs_seamless,2026-03-11,6,2026-03-17,14.8,4.8,6.7,3.0,,63.8,7.7,26.3,66.4,14.49,0.0,0.0
临沂,gfs_seamless,2026-03-10,7,2026-03-17,9.1,4.6,2.5,2.8,,58.8,7.6,27.4,99.9,2.85,0.3,0.0
临沂,jma_seamless,2026-03-16,1,2026-03-17,15.6,5.2,6.2,3.2,,68.5,8.6,,63.6,15.58,4.8,
临沂,jma_seamless,2026-03-15,2,2026-03-17,15.3,5.6,6.1,3.6,,66.4,9.1,,75.6,15.34,4.8,
临沂,jma_seamless,2026-03-14,3,2026-03-17,11.5,6.2,5.4,4.4,,72.6,8.5,,74.0,7.87,9.9,
临沂,jma_seamless,2026-03-13,4,2026-03-17,12.0,6.2,5.7,4.8,,70.1,7.0,,94.5,8.49,9.9,
临沂,jma_seamless,2026-03-12,5,2026-03-17,10.1,5.9,5.1,3.9,,74.0,9.1,,86.3,8.42,6.6,
临沂,jma_seamless,2026-03-11,6,2026-03-17,11.5,5.9,4.8,3.7,,73.5,10.0,,89.0,13.83,0.0,
临沂,jma_seamless,2026-03-10,7,2026-03-17,16.8,5.2,6.4,3.8,,39.8,6.6,,33.4,16.34,0.0,
临沂,ecmwf_ifs025,2026-03-17,1,2026-03-18,10.8,2.7,4.1,0.1,,74.2,9.4,,80.1,11.12,0.0,
临沂,ecmwf_ifs025,2026-03-16,2,2026-03-18,11.0,3.1,4.2,0.1,,72.8,11.3,,66.6,13.2,0.3,
临沂,ecmwf_ifs025,2026-03-15,3,2026-03-18,11.9,1.9,3.7,-1.5,,72.8,11.8,,72.0,12.27,0.3,
临沂,ecmwf_ifs025,2026-03-14,4,2026-03-18,10.4,2.1,3.1,-1.5,,72.2,13.3,,65.7,13.77,0.0,
临沂,ecmwf_ifs025,2026-03-13,5,2026-03-18,12.0,1.8,3.6,-1.9,,69.0,13.5,,53.2,16.17,0.3,
临沂,ecmwf_ifs025,2026-03-12,6,2026-03-18,13.0,3.3,4.8,0.2,,55.7,11.9,,82.2,14.35,0.0,
临沂,ecmwf_ifs025,2026-03-11,7,2026-03-18,15.9,6.8,8.0,5.8,,68.3,6.1,,97.2,12.22,0.6,
临沂,gfs_seamless,2026-03-17,1,2026-03-18,11.3,4.1,4.1,1.2,,66.8,11.9,41.8,99.7,9.64,0.3,0.0
临沂,gfs_seamless,2026-03-16,2,2026-03-18,11.9,4.5,4.7,1.7,,64.9,11.6,31.0,95.8,10.58,0.6,0.0
临沂,gfs_seamless,2026-03-15,3,2026-03-18,14.3,4.8,4.1,2.1,,68.9,11.3,45.7,100.0,7.1,0.0,0.0
临沂,gfs_seamless,2026-03-14,4,2026-03-18,12.0,3.0,3.7,-0.8,,63.6,15.4,39.2,97.2,9.52,0.2,0.1
临沂,gfs_seamless,2026-03-13,5,2026-03-18,14.0,2.2,5.0,-1.4,,62.9,13.2,30.2,87.7,12.07,0.0,0.0
临沂,gfs_seamless,2026-03-12,6,2026-03-18,10.1,5.2,4.2,1.8,,68.5,16.3,50.4,93.6,14.51,0.2,0.0
临沂,gfs_seamless,2026-03-11,7,2026-03-18,15.3,6.8,7.5,4.3,,66.5,12.6,45.7,99.8,11.47,1.3,0.0
临沂,jma_seamless,2026-03-17,1,2026-03-18,13.2,5.1,5.6,2.7,,62.9,10.4,,74.0,11.12,0.0,
临沂,jma_seamless,2026-03-16,2,2026-03-18,14.1,6.6,6.4,4.4,,61.2,10.7,,71.5,13.2,0.3,
临沂,jma_seamless,2026-03-15,3,2026-03-18,12.5,5.1,5.2,2.6,,61.9,10.7,,69.3,12.27,0.3,
临沂,jma_seamless,2026-03-14,4,2026-03-18,12.8,4.8,5.1,2.1,,53.7,11.5,,61.6,13.77,0.0,
临沂,jma_seamless,2026-03-13,5,2026-03-18,12.2,3.5,3.7,0.4,,39.9,12.3,,34.8,16.17,0.3,
临沂,jma_seamless,2026-03-12,6,2026-03-18,14.5,6.3,6.1,4.0,,61.5,10.9,,77.4,14.35,0.0,
临沂,jma_seamless,2026-03-11,7,2026-03-18,12.5,8.2,6.7,6.3,,59.1,11.0,,87.1,12.22,0.6,
临沂,ecmwf_ifs025,2026-03-18,1,2026-03-19,13.1,-2.0,2.8,-4.4,,56.8,6.2,,65.4,19.49,0.0,
临沂,ecmwf_ifs025,2026-03-17,2,2026-03-19,13.5,-2.3,3.1,-4.4,,58.0,5.5,,51.9,19.2,0.0,
临沂,ecmwf_ifs025,2026-03-16,3,2026-03-19,14.0,-2.4,3.0,-4.7,,56.0,5.8,,71.5,18.24,0.0,
临沂,ecmwf_ifs025,2026-03-15,4,2026-03-19,12.6,-1.4,2.5,,,52.6,4.7,,65.0,19.75,0.0,
临沂,ecmwf_ifs025,2026-03-14,5,2026-03-19,10.8,-2.4,1.3,,,54.7,4.5,,75.5,14.79,0.0,
临沂,ecmwf_ifs025,2026-03-13,6,2026-03-19,12.6,1.0,3.1,-0.7,,57.4,5.5,,53.5,15.2,0.0,
临沂,ecmwf_ifs025,2026-03-12,7,2026-03-19,13.2,4.4,4.5,2.1,,52.8,9.2,,63.9,16.64,0.9,
临沂,gfs_seamless,2026-03-18,1,2026-03-19,13.8,1.4,4.6,-0.7,,40.4,6.9,22.3,87.8,19.28,0.0,0.0
临沂,gfs_seamless,2026-03-17,2,2026-03-19,14.1,1.9,4.2,0.4,,38.3,5.5,19.1,92.2,17.25,0.1,0.0
临沂,gfs_seamless,2026-03-16,3,2026-03-19,14.6,2.9,5.3,1.0,,43.5,7.0,24.8,83.4,20.96,0.0,0.0
临沂,gfs_seamless,2026-03-15,4,2026-03-19,12.9,2.6,4.6,0.6,,50.0,7.2,22.7,92.8,17.1,0.1,0.1
临沂,gfs_seamless,2026-03-14,5,2026-03-19,13.0,0.2,2.7,-2.2,,34.5,7.2,28.1,68.0,18.96,0.0,0.0
临沂,gfs_seamless,2026-03-13,6,2026-03-19,13.1,4.4,4.5,2.2,,68.9,8.7,27.4,83.6,8.59,0.1,0.0
临沂,gfs_seamless,2026-03-12,7,2026-03-19,11.5,2.9,3.2,-0.2,,52.0,11.6,44.6,80.5,20.19,1.2,0.0
临沂,jma_seamless,2026-03-18,1,2026-03-19,13.6,2.3,4.0,,,32.7,4.3,,47.4,19.49,0.0,
临沂,jma_seamless,2026-03-17,2,2026-03-19,14.1,3.3,5.0,,,34.9,4.8,,33.2,19.2,0.0,
临沂,jma_seamless,2026-03-16,3,2026-03-19,14.4,4.5,5.5,3.1,,36.9,6.1,,35.2,18.24,0.0,
临沂,jma_seamless,2026-03-15,4,2026-03-19,13.4,2.6,4.2,,,31.1,4.3,,51.8,19.75,0.0,
临沂,jma_seamless,2026-03-14,5,2026-03-19,12.8,2.3,3.3,,,26.9,4.0,,43.8,14.79,0.0,
临沂,jma_seamless,2026-03-13,6,2026-03-19,11.9,5.0,3.9,3.3,,41.8,7.3,,51.2,15.2,0.0,
临沂,jma_seamless,2026-03-12,7,2026-03-19,12.8,6.7,6.2,5.4,,66.3,7.1,,69.6,16.64,0.9,
临沂,ecmwf_ifs025,2026-03-19,1,2026-03-20,16.0,4.4,7.6,3.2,,73.5,5.5,,30.0,19.67,0.0,
临沂,ecmwf_ifs025,2026-03-18,2,2026-03-20,16.2,5.0,7.9,3.8,,71.2,5.8,,53.2,18.57,0.0,
临沂,ecmwf_ifs025,2026-03-17,3,2026-03-20,16.2,2.2,7.0,0.7,,70.6,5.5,,40.7,18.11,0.0,
临沂,ecmwf_ifs025,2026-03-16,4,2026-03-20,17.3,5.0,8.1,,,65.5,4.8,,63.3,18.45,0.0,
临沂,ecmwf_ifs025,2026-03-15,5,2026-03-20,16.8,2.1,6.9,0.4,,69.9,6.1,,32.7,18.64,0.0,
临沂,ecmwf_ifs025,2026-03-14,6,2026-03-20,16.7,1.0,6.2,-1.2,,73.3,6.9,,35.6,15.11,0.0,
临沂,ecmwf_ifs025,2026-03-13,7,2026-03-20,12.0,4.0,4.6,1.7,,62.4,9.0,,14.2,17.93,0.0,
临沂,gfs_seamless,2026-03-19,1,2026-03-20,17.3,6.6,9.1,5.1,,58.1,7.5,33.5,61.9,20.44,0.0,0.0
临沂,gfs_seamless,2026-03-18,2,2026-03-20,17.1,6.6,8.5,5.2,,58.8,7.3,32.8,68.2,17.68,0.0,0.0
临沂,gfs_seamless,2026-03-17,3,2026-03-20,16.1,6.1,7.5,4.4,,49.4,8.0,29.2,49.1,21.46,0.0,0.0
临沂,gfs_seamless,2026-03-16,4,2026-03-20,16.0,7.5,7.9,5.8,,52.4,9.0,33.5,38.2,21.87,0.0,0.0
临沂,gfs_seamless,2026-03-15,5,2026-03-20,17.0,6.2,8.4,5.0,,58.0,6.3,32.4,79.9,17.03,0.0,0.0
临沂,gfs_seamless,2026-03-14,6,2026-03-20,17.4,5.9,6.8,4.2,,45.8,7.9,28.4,73.5,20.45,0.0,0.0
临沂,gfs_seamless,2026-03-13,7,2026-03-20,16.9,3.8,6.1,1.0,,47.0,10.9,40.7,96.4,17.07,0.0,0.0
临沂,jma_seamless,2026-03-19,1,2026-03-20,16.7,5.8,8.0,,,55.8,4.2,,1.9,19.67,0.0,
临沂,jma_seamless,2026-03-18,2,2026-03-20,16.8,8.4,9.4,7.9,,57.5,5.2,,17.2,18.57,0.0,
临沂,jma_seamless,2026-03-17,3,2026-03-20,16.8,7.1,8.3,6.0,,50.2,6.6,,40.0,18.11,0.0,
临沂,jma_seamless,2026-03-16,4,2026-03-20,17.6,7.3,8.1,6.0,,47.3,7.2,,23.3,18.45,0.0,
临沂,jma_seamless,2026-03-15,5,2026-03-20,17.9,4.4,8.1,,,46.1,4.4,,25.4,18.64,0.0,
临沂,jma_seamless,2026-03-14,6,2026-03-20,16.8,4.0,6.9,,,47.1,4.0,,16.4,15.11,0.0,
临沂,jma_seamless,2026-03-13,7,2026-03-20,17.6,5.1,7.1,3.4,,56.0,7.6,,27.1,17.93,0.0,
临沂,ecmwf_ifs025,2026-03-20,1,2026-03-21,17.0,4.3,8.3,2.4,,74.1,7.6,,28.2,19.68,0.0,
临沂,ecmwf_ifs025,2026-03-19,2,2026-03-21,17.2,3.7,8.1,1.6,,71.5,8.1,,14.0,19.82,0.0,
临沂,ecmwf_ifs025,2026-03-18,3,2026-03-21,16.7,3.6,7.3,1.7,,59.5,7.2,,25.7,20.06,0.0,
临沂,ecmwf_ifs025,2026-03-17,4,2026-03-21,16.5,2.7,6.4,0.8,,60.2,6.9,,19.8,19.89,0.0,
临沂,ecmwf_ifs025,2026-03-16,5,2026-03-21,17.2,4.0,7.2,2.3,,61.2,6.9,,45.5,18.8,0.0,
临沂,ecmwf_ifs025,2026-03-15,6,2026-03-21,20.3,5.3,10.3,3.3,,73.8,8.7,,51.4,16.61,0.0,
临沂,ecmwf_ifs025,2026-03-14,7,2026-03-21,20.9,6.3,10.7,4.4,,72.2,9.1,,51.1,18.14,0.0,
临沂,gfs_seamless,2026-03-20,1,2026-03-21,18.0,6.7,9.5,4.6,,61.3,10.4,28.1,33.6,22.02,0.0,0.0
临沂,gfs_seamless,2026-03-19,2,2026-03-21,17.4,5.8,8.7,3.6,,56.8,10.1,29.5,50.0,20.05,0.0,0.0
临沂,gfs_seamless,2026-03-18,3,2026-03-21,17.3,5.5,8.0,3.3,,51.7,9.6,24.5,13.1,22.21,0.0,0.0
临沂,gfs_seamless,2026-03-17,4,2026-03-21,17.2,5.4,7.8,3.2,,51.6,9.8,29.2,9.4,22.37,0.0,0.0
临沂,gfs_seamless,2026-03-16,5,2026-03-21,17.1,8.0,9.0,6.0,,57.3,11.4,32.0,27.3,22.35,0.0,0.0
临沂,gfs_seamless,2026-03-15,6,2026-03-21,18.1,5.5,8.6,3.5,,51.8,8.7,19.1,65.2,14.86,0.0,0.0
临沂,gfs_seamless,2026-03-14,7,2026-03-21,18.4,5.6,8.4,3.3,,47.6,10.5,37.8,21.6,21.96,0.0,0.0
临沂,jma_seamless,2026-03-20,1,2026-03-21,18.3,6.9,9.3,5.1,,61.8,9.0,,50.2,19.68,0.0,
临沂,jma_seamless,2026-03-19,2,2026-03-21,18.9,7.4,9.8,5.8,,54.8,8.7,,21.7,19.82,0.0,
临沂,jma_seamless,2026-03-18,3,2026-03-21,18.3,8.0,9.0,6.5,,47.5,8.9,,17.2,20.06,0.0,
临沂,jma_seamless,2026-03-17,4,2026-03-21,17.5,4.9,7.1,2.9,,53.6,8.5,,3.1,19.89,0.0,
临沂,jma_seamless,2026-03-16,5,2026-03-21,18.5,7.3,8.8,5.7,,53.1,8.4,,31.4,18.8,0.0,
临沂,jma_seamless,2026-03-15,6,2026-03-21,18.9,6.8,9.6,5.4,,45.0,7.5,,9.5,16.61,0.0,
临沂,jma_seamless,2026-03-14,7,2026-03-21,19.4,5.8,8.9,3.9,,47.0,8.7,,3.4,18.14,0.0,
临沂,ecmwf_ifs025,2026-03-21,1,2026-03-22,20.3,7.9,11.5,6.7,,64.2,7.5,,66.6,18.71,0.0,
临沂,ecmwf_ifs025,2026-03-20,2,2026-03-22,20.6,8.2,11.6,7.3,,63.7,6.2,,72.8,18.43,0.0,
临沂,ecmwf_ifs025,2026-03-19,3,2026-03-22,19.0,7.8,11.4,7.3,,63.2,5.0,,72.1,17.43,0.0,
临沂,ecmwf_ifs025,2026-03-18,4,2026-03-22,19.3,7.2,10.7,6.2,,63.0,6.1,,61.4,18.22,0.0,
临沂,ecmwf_ifs025,2026-03-17,5,2026-03-22,18.1,6.5,10.0,5.7,,69.3,5.1,,60.8,12.72,0.0,
临沂,ecmwf_ifs025,2026-03-16,6,2026-03-22,22.0,9.9,13.1,9.6,,67.6,5.1,,39.6,17.48,0.0,
临沂,ecmwf_ifs025,2026-03-15,7,2026-03-22,22.8,8.6,12.7,7.8,,61.3,6.4,,12.3,18.64,0.0,
临沂,gfs_seamless,2026-03-21,1,2026-03-22,18.8,8.5,11.1,7.2,,58.2,8.3,32.0,76.9,16.6,0.0,0.0
临沂,gfs_seamless,2026-03-20,2,2026-03-22,19.6,8.8,11.7,7.6,,57.4,7.9,23.8,69.3,20.5,0.0,0.0
临沂,gfs_seamless,2026-03-19,3,2026-03-22,20.1,8.8,12.2,7.8,,56.5,7.1,16.6,71.1,20.32,0.0,0.0
临沂,gfs_seamless,2026-03-18,4,2026-03-22,20.0,8.0,11.5,7.0,,53.7,6.7,13.7,63.6,20.24,0.0,0.0
临沂,gfs_seamless,2026-03-17,5,2026-03-22,19.6,8.4,10.5,6.9,,57.8,9.2,27.7,96.8,20.17,0.0,0.0
临沂,gfs_seamless,2026-03-16,6,2026-03-22,20.5,9.7,11.0,7.9,,62.1,12.3,34.6,61.7,19.4,0.0,0.0
临沂,gfs_seamless,2026-03-15,7,2026-03-22,21.3,7.8,10.4,5.7,,51.4,11.5,32.4,69.3,15.93,0.0,0.0
临沂,jma_seamless,2026-03-21,1,2026-03-22,20.9,10.2,12.5,,,50.1,6.9,,64.7,18.71,0.0,
临沂,jma_seamless,2026-03-20,2,2026-03-22,21.4,11.3,12.6,,,43.6,7.7,,26.0,18.43,0.0,
临沂,jma_seamless,2026-03-19,3,2026-03-22,21.5,10.6,12.1,,,38.9,8.5,,25.1,17.43,0.0,
临沂,jma_seamless,2026-03-18,4,2026-03-22,20.6,8.2,10.6,7.1,,40.7,7.2,,52.7,18.22,0.0,
临沂,jma_seamless,2026-03-17,5,2026-03-22,16.2,8.6,9.9,8.1,,63.9,5.3,,56.8,12.72,0.0,
临沂,jma_seamless,2026-03-16,6,2026-03-22,20.9,9.2,11.3,8.8,,54.0,5.3,,42.0,17.48,0.0,
临沂,jma_seamless,2026-03-15,7,2026-03-22,21.2,9.6,11.9,8.8,,43.2,7.0,,22.8,18.64,0.0,
临沂,ecmwf_ifs025,2026-03-22,1,2026-03-23,17.1,7.9,9.3,5.9,,68.0,11.4,,77.2,17.54,0.0,
临沂,ecmwf_ifs025,2026-03-21,2,2026-03-23,17.1,7.3,8.7,5.1,,65.8,11.6,,74.2,18.74,0.0,
临沂,ecmwf_ifs025,2026-03-20,3,2026-03-23,18.3,8.1,9.6,6.1,,65.0,11.6,,83.5,17.72,0.0,
临沂,ecmwf_ifs025,2026-03-19,4,2026-03-23,19.5,7.0,8.9,4.8,,48.7,11.1,,79.5,18.8,0.0,
临沂,ecmwf_ifs025,2026-03-18,5,2026-03-23,17.8,8.4,8.5,6.3,,54.5,12.3,,93.1,16.26,0.0,
临沂,ecmwf_ifs025,2026-03-17,6,2026-03-23,17.1,8.6,8.6,6.8,,58.6,10.9,,89.5,11.74,0.0,
临沂,ecmwf_ifs025,2026-03-16,7,2026-03-23,18.0,8.7,8.3,6.8,,44.3,11.6,,82.5,15.15,0.0,
临沂,gfs_seamless,2026-03-22,1,2026-03-23,18.8,8.6,10.2,6.6,,57.0,12.4,31.3,66.0,21.17,0.0,0.0
临沂,gfs_seamless,2026-03-21,2,2026-03-23,18.9,8.6,9.5,6.4,,59.8,13.5,36.4,84.2,21.19,0.0,0.0
临沂,gfs_seamless,2026-03-20,3,2026-03-23,19.6,9.0,10.2,6.7,,48.0,14.6,42.5,71.5,21.91,0.0,0.0
临沂,gfs_seamless,2026-03-19,4,2026-03-23,20.0,9.4,10.6,7.4,,48.8,13.3,32.8,82.6,20.97,0.0,0.0
临沂,gfs_seamless,2026-03-18,5,2026-03-23,18.5,9.3,9.9,7.3,,55.9,13.1,34.2,94.8,19.11,0.0,0.0
临沂,gfs_seamless,2026-03-17,6,2026-03-23,18.0,9.1,9.1,7.7,,63.4,9.1,31.7,86.7,10.44,0.0,0.0
临沂,gfs_seamless,2026-03-16,7,2026-03-23,16.9,8.9,8.3,6.7,,37.7,14.0,41.8,94.2,18.32,0.0,0.0
临沂,jma_seamless,2026-03-22,1,2026-03-23,16.1,7.9,9.3,5.9,,65.2,11.2,,44.6,17.54,0.0,
临沂,jma_seamless,2026-03-21,2,2026-03-23,16.2,8.9,9.7,6.8,,62.8,13.0,,63.0,18.74,0.0,
临沂,jma_seamless,2026-03-20,3,2026-03-23,16.3,8.3,9.0,6.1,,57.4,12.7,,79.2,17.72,0.0,
临沂,jma_seamless,2026-03-19,4,2026-03-23,16.0,8.5,7.7,6.3,,40.0,13.1,,70.0,18.8,0.0,
临沂,jma_seamless,2026-03-18,5,2026-03-23,17.1,8.4,8.9,6.7,,53.2,10.0,,67.8,16.26,0.0,
临沂,jma_seamless,2026-03-17,6,2026-03-23,17.4,9.0,8.8,7.1,,50.7,11.9,,86.5,11.74,0.0,
临沂,jma_seamless,2026-03-16,7,2026-03-23,17.4,5.1,9.0,2.8,,59.0,10.0,,88.2,15.15,0.0,
临沂,ecmwf_ifs025,2026-03-23,1,2026-03-24,18.7,5.9,9.1,5.0,,65.0,5.4,,65.8,16.39,0.0,
临沂,ecmwf_ifs025,2026-03-22,2,2026-03-24,16.6,4.9,8.4,,,71.5,4.8,,88.5,12.46,0.0,
临沂,ecmwf_ifs025,2026-03-21,3,2026-03-24,13.7,6.3,8.0,,,67.9,4.4,,91.2,10.55,0.0,
临沂,ecmwf_ifs025,2026-03-20,4,2026-03-24,15.6,6.4,8.8,,,72.0,4.3,,99.0,8.04,0.0,
临沂,ecmwf_ifs025,2026-03-19,5,2026-03-24,17.2,5.3,9.8,,,64.5,4.7,,72.0,14.28,0.0,
临沂,ecmwf_ifs025,2026-03-18,6,2026-03-24,17.7,6.5,7.9,5.7,,51.9,5.1,,53.3,18.48,0.0,
临沂,ecmwf_ifs025,2026-03-17,7,2026-03-24,19.0,7.0,10.0,6.4,,57.3,5.0,,66.8,17.36,0.6,
临沂,gfs_seamless,2026-03-23,1,2026-03-24,18.5,7.2,9.9,6.0,,51.8,6.9,24.8,91.1,18.11,0.0,0.0
临沂,gfs_seamless,2026-03-22,2,2026-03-24,18.7,7.1,10.1,5.9,,52.1,6.7,27.4,96.1,18.82,0.0,0.0
临沂,gfs_seamless,2026-03-21,3,2026-03-24,17.6,7.0,8.6,5.8,,41.4,6.9,15.1,84.2,18.57,0.0,0.0
临沂,gfs_seamless,2026-03-20,4,2026-03-24,17.4,7.6,8.9,6.5,,43.6,6.7,16.9,66.3,18.91,0.0,0.0
临沂,gfs_seamless,2026-03-19,5,2026-03-24,19.8,7.3,10.1,6.0,,46.8,7.5,17.6,68.7,20.92,0.0,0.0
临沂,gfs_seamless,2026-03-18,6,2026-03-24,18.7,6.5,9.1,4.8,,47.7,8.2,19.1,62.2,21.55,0.0,0.0
临沂,gfs_seamless,2026-03-17,7,2026-03-24,18.7,8.0,10.0,6.7,,45.2,7.7,23.8,82.2,20.52,0.0,0.0
临沂,jma_seamless,2026-03-23,1,2026-03-24,17.0,7.2,8.9,6.1,,66.1,6.5,,58.5,16.39,0.0,
临沂,jma_seamless,2026-03-22,2,2026-03-24,13.6,7.9,8.2,6.9,,72.3,6.4,,76.8,12.46,0.0,
临沂,jma_seamless,2026-03-21,3,2026-03-24,16.4,7.2,9.5,,,67.0,4.6,,70.5,10.55,0.0,
临沂,jma_seamless,2026-03-20,4,2026-03-24,16.7,7.6,9.5,,,55.7,4.7,,64.3,8.04,0.0,
临沂,jma_seamless,2026-03-19,5,2026-03-24,17.1,8.1,8.5,7.1,,51.0,6.8,,56.0,14.28,0.0,
临沂,jma_seamless,2026-03-18,6,2026-03-24,13.6,7.6,7.4,6.0,,67.6,8.9,,71.3,18.48,0.0,
临沂,jma_seamless,2026-03-17,7,2026-03-24,17.8,5.0,6.7,3.5,,43.8,6.8,,28.7,17.36,0.6,
临沂,ecmwf_ifs025,2026-05-05,1,2026-05-06,31.4,17.5,22.9,,31.8,42.3,16.6,,,,,
临沂,ecmwf_ifs025,2026-05-04,2,2026-05-06,31.7,16.4,22.8,,32.3,42.6,15.7,,,,,
临沂,ecmwf_ifs025,2026-05-03,3,2026-05-06,32.2,16.6,22.4,,32.9,41.5,16.8,,,,,
临沂,ecmwf_ifs025,2026-05-02,4,2026-05-06,32.2,16.9,22.5,,32.7,40.6,15.3,,,,,
临沂,ecmwf_ifs025,2026-05-01,5,2026-05-06,31.6,16.8,22.4,,32.4,43.9,15.7,,,,,
临沂,ecmwf_ifs025,2026-04-30,6,2026-05-06,31.5,18.5,22.3,,32.2,43.7,15.7,,,,,
临沂,ecmwf_ifs025,2026-04-29,7,2026-05-06,31.9,16.3,22.0,,32.5,42.1,11.3,,,,,
临沂,ecmwf_ifs025,2026-05-06,1,2026-05-07,24.5,14.7,18.2,,,45.2,14.5,,,,,
临沂,ecmwf_ifs025,2026-05-05,2,2026-05-07,24.3,14.6,18.1,,,45.1,15.0,,,,,
临沂,ecmwf_ifs025,2026-05-04,3,2026-05-07,22.9,14.2,17.1,,,53.3,14.7,,,,,
临沂,ecmwf_ifs025,2026-05-03,4,2026-05-07,24.9,15.8,18.1,,,38.3,13.6,,,,,
临沂,ecmwf_ifs025,2026-05-02,5,2026-05-07,28.9,18.9,21.7,,29.5,49.9,13.2,,,,,
临沂,ecmwf_ifs025,2026-05-01,6,2026-05-07,24.8,15.8,17.9,,,48.3,10.5,,,,,
临沂,ecmwf_ifs025,2026-04-30,7,2026-05-07,24.6,17.2,18.0,,,41.6,15.7,,,,,
临沂,ecmwf_ifs025,2026-05-07,1,2026-05-08,25.9,9.8,16.0,8.7,,35.2,8.2,,,,,
临沂,ecmwf_ifs025,2026-05-06,2,2026-05-08,26.1,10.1,16.2,,,30.4,7.6,,,,,
临沂,ecmwf_ifs025,2026-05-05,3,2026-05-08,26.0,9.8,16.1,8.9,,30.5,7.3,,,,,
临沂,ecmwf_ifs025,2026-05-04,4,2026-05-08,25.3,10.9,15.6,,,26.0,7.2,,,,,
临沂,ecmwf_ifs025,2026-05-03,5,2026-05-08,25.6,11.8,16.4,,,38.8,9.0,,,,,
临沂,ecmwf_ifs025,2026-05-02,6,2026-05-08,28.5,14.8,18.1,,28.4,43.1,8.7,,,,,
临沂,ecmwf_ifs025,2026-05-01,7,2026-05-08,27.8,15.1,17.3,,27.3,36.5,9.1,,,,,
临沂,ecmwf_ifs025,2026-05-08,1,2026-05-09,26.8,12.6,16.3,,,30.0,15.1,,,,,
临沂,ecmwf_ifs025,2026-05-07,2,2026-05-09,27.3,13.0,16.6,,26.5,26.1,14.9,,,,,
临沂,ecmwf_ifs025,2026-05-06,3,2026-05-09,27.6,13.6,17.2,,26.6,22.9,14.0,,,,,
临沂,ecmwf_ifs025,2026-05-05,4,2026-05-09,27.5,13.4,16.8,,26.6,24.9,14.8,,,,,
临沂,ecmwf_ifs025,2026-05-04,5,2026-05-09,27.8,13.8,17.1,,26.7,24.7,14.0,,,,,
临沂,ecmwf_ifs025,2026-05-03,6,2026-05-09,28.3,14.7,18.0,,27.5,33.7,8.9,,,,,
临沂,ecmwf_ifs025,2026-05-02,7,2026-05-09,30.2,13.0,19.3,,29.6,37.0,8.2,,,,,
临沂,ecmwf_ifs025,2026-05-09,1,2026-05-10,30.5,14.9,20.8,,30.4,41.2,15.6,,,,,
临沂,ecmwf_ifs025,2026-05-08,2,2026-05-10,30.7,14.9,20.9,,30.6,40.2,15.3,,,,,
临沂,ecmwf_ifs025,2026-05-07,3,2026-05-10,30.6,14.0,19.9,,29.7,33.5,15.1,,,,,
临沂,ecmwf_ifs025,2026-05-06,4,2026-05-10,30.9,14.4,20.0,,30.0,33.4,15.4,,,,,
临沂,ecmwf_ifs025,2026-05-05,5,2026-05-10,31.3,14.9,20.3,,30.0,29.2,14.0,,,,,
临沂,ecmwf_ifs025,2026-05-04,6,2026-05-10,28.5,15.1,19.5,,27.7,34.4,10.4,,,,,
临沂,ecmwf_ifs025,2026-05-03,7,2026-05-10,29.0,16.2,19.1,,27.8,29.0,9.4,,,,,
临沂,ecmwf_ifs025,2026-05-10,1,2026-05-11,30.2,17.6,23.6,,32.8,57.9,8.7,,,,,
临沂,ecmwf_ifs025,2026-05-09,2,2026-05-11,31.3,18.0,23.9,,34.5,56.0,7.3,,,,,
临沂,ecmwf_ifs025,2026-05-08,3,2026-05-11,31.2,18.4,24.1,,32.2,46.4,8.9,,,,,
临沂,ecmwf_ifs025,2026-05-07,4,2026-05-11,32.5,17.6,23.6,,34.5,46.8,8.9,,,,,
临沂,ecmwf_ifs025,2026-05-06,5,2026-05-11,33.7,18.3,25.2,,34.8,39.3,10.5,,,,,
临沂,ecmwf_ifs025,2026-05-05,6,2026-05-11,34.8,19.7,25.2,,35.6,35.2,10.0,,,,,
临沂,ecmwf_ifs025,2026-05-04,7,2026-05-11,32.2,17.9,23.9,,32.2,38.0,10.1,,,,,
临沂,ecmwf_ifs025,2026-05-11,1,2026-05-12,30.4,16.3,23.4,,33.9,61.1,7.6,,,,,
临沂,ecmwf_ifs025,2026-05-10,2,2026-05-12,28.8,15.8,23.1,,32.9,73.1,6.4,,,,,
临沂,ecmwf_ifs025,2026-05-09,3,2026-05-12,32.1,18.2,25.2,,35.0,52.0,7.9,,,,,
临沂,ecmwf_ifs025,2026-05-08,4,2026-05-12,33.4,17.7,26.0,,37.5,51.2,7.1,,,,,
临沂,ecmwf_ifs025,2026-05-07,5,2026-05-12,35.5,18.7,26.6,,40.7,47.0,8.5,,,,,
临沂,ecmwf_ifs025,2026-05-06,6,2026-05-12,37.2,23.6,28.7,,42.3,41.5,15.6,,,,,
临沂,ecmwf_ifs025,2026-05-05,7,2026-05-12,37.2,24.0,28.3,,40.8,37.8,16.4,,,,,
临沂,ecmwf_ifs025,2026-05-12,1,2026-05-13,30.7,15.2,24.0,,34.7,62.2,7.1,,,,,
临沂,ecmwf_ifs025,2026-05-11,2,2026-05-13,31.6,16.8,24.3,,35.7,58.5,8.2,,,,,
临沂,ecmwf_ifs025,2026-05-10,3,2026-05-13,30.3,16.1,24.2,,34.4,64.4,8.3,,,,,
临沂,ecmwf_ifs025,2026-05-09,4,2026-05-13,36.7,21.5,29.2,,42.0,43.5,10.0,,,,,
临沂,ecmwf_ifs025,2026-05-08,5,2026-05-13,37.4,21.3,29.0,,42.7,41.5,10.2,,,,,
临沂,ecmwf_ifs025,2026-05-07,6,2026-05-13,38.3,25.1,30.8,,43.1,37.8,10.8,,,,,
临沂,ecmwf_ifs025,2026-05-06,7,2026-05-13,36.9,24.6,30.8,,42.1,42.7,10.6,,,,,
临沂,ecmwf_ifs025,2026-05-13,1,2026-05-14,29.1,17.5,22.9,,33.3,71.9,11.4,,,,,
临沂,ecmwf_ifs025,2026-05-12,2,2026-05-14,30.8,17.4,23.9,,37.7,72.0,10.2,,,,,
临沂,ecmwf_ifs025,2026-05-11,3,2026-05-14,33.4,17.7,25.3,,39.8,58.1,10.3,,,,,
临沂,ecmwf_ifs025,2026-05-10,4,2026-05-14,30.1,18.2,23.2,,34.2,65.3,10.2,,,,,
临沂,ecmwf_ifs025,2026-05-09,5,2026-05-14,38.0,22.8,30.7,,43.2,39.5,8.7,,,,,
临沂,ecmwf_ifs025,2026-05-08,6,2026-05-14,35.6,21.2,27.6,,39.2,42.5,10.7,,,,,
临沂,ecmwf_ifs025,2026-05-07,7,2026-05-14,35.6,18.5,27.5,,41.5,48.5,12.8,,,,,
临沂,ecmwf_ifs025,2026-05-14,1,2026-05-15,27.9,16.2,21.4,,31.1,74.4,13.3,,,,,
临沂,ecmwf_ifs025,2026-05-13,2,2026-05-15,28.1,16.6,21.6,,31.1,71.4,14.4,,,,,
临沂,ecmwf_ifs025,2026-05-12,3,2026-05-15,28.8,17.2,22.0,,32.6,71.8,14.5,,,,,
临沂,ecmwf_ifs025,2026-05-11,4,2026-05-15,29.3,18.0,22.3,,33.8,72.0,15.3,,,,,
临沂,ecmwf_ifs025,2026-05-10,5,2026-05-15,27.4,17.7,22.0,,30.0,74.1,14.1,,,,,
临沂,ecmwf_ifs025,2026-05-09,6,2026-05-15,33.0,20.0,25.6,,39.5,60.0,14.6,,,,,
临沂,ecmwf_ifs025,2026-05-08,7,2026-05-15,31.3,17.1,23.3,,38.6,70.7,13.5,,,,,
临沂,ecmwf_ifs025,2026-05-15,1,2026-05-16,29.1,15.7,22.4,,32.6,68.0,15.6,,,,,
临沂,ecmwf_ifs025,2026-05-14,2,2026-05-16,29.7,16.2,22.7,,34.0,68.6,17.1,,,,,
临沂,ecmwf_ifs025,2026-05-13,3,2026-05-16,29.7,16.5,22.9,,33.5,66.1,17.3,,,,,
临沂,ecmwf_ifs025,2026-05-12,4,2026-05-16,29.6,16.6,22.5,,33.6,67.7,16.7,,,,,
临沂,ecmwf_ifs025,2026-05-11,5,2026-05-16,31.4,17.4,22.8,,37.0,64.4,16.6,,,,,
临沂,ecmwf_ifs025,2026-05-10,6,2026-05-16,26.2,18.7,21.9,,,66.3,17.1,,,,,
临沂,ecmwf_ifs025,2026-05-09,7,2026-05-16,32.5,19.4,25.1,,37.2,56.7,17.7,,,,,
临沂,ecmwf_ifs025,2026-05-16,1,2026-05-17,29.9,18.9,24.1,,32.3,58.3,14.6,,,,,
临沂,ecmwf_ifs025,2026-05-15,2,2026-05-17,30.3,18.6,24.2,,33.0,57.9,15.6,,,,,
临沂,ecmwf_ifs025,2026-05-14,3,2026-05-17,29.9,19.3,24.3,,32.7,60.1,14.2,,,,,
临沂,ecmwf_ifs025,2026-05-13,4,2026-05-17,26.3,19.2,22.7,,,66.5,13.6,,,,,
临沂,ecmwf_ifs025,2026-05-12,5,2026-05-17,28.6,17.3,22.6,,31.2,65.7,15.2,,,,,
临沂,ecmwf_ifs025,2026-05-11,6,2026-05-17,28.5,20.2,23.8,,30.7,63.9,12.4,,,,,
临沂,ecmwf_ifs025,2026-05-10,7,2026-05-17,27.8,18.5,23.3,,29.3,61.2,14.5,,,,,
临沂,ecmwf_ifs025,2026-05-17,1,2026-05-18,23.4,19.5,23.0,,,86.0,12.5,,,,,
临沂,ecmwf_ifs025,2026-05-16,2,2026-05-18,23.1,19.1,21.7,,,82.1,12.5,,,,,
临沂,ecmwf_ifs025,2026-05-15,3,2026-05-18,23.2,19.4,21.9,,,83.3,11.0,,,,,
临沂,ecmwf_ifs025,2026-05-14,4,2026-05-18,22.4,18.9,22.2,,,91.3,12.3,,,,,
临沂,ecmwf_ifs025,2026-05-13,5,2026-05-18,22.4,19.1,21.2,,,79.0,13.5,,,,,
临沂,ecmwf_ifs025,2026-05-12,6,2026-05-18,29.4,19.5,23.2,,32.6,64.8,11.3,,,,,
临沂,ecmwf_ifs025,2026-05-11,7,2026-05-18,25.0,19.7,24.1,,,73.3,10.8,,,,,
临沂,ecmwf_ifs025,2026-05-18,1,2026-05-19,24.2,19.2,23.1,,,87.6,12.1,,,,,
临沂,ecmwf_ifs025,2026-05-17,2,2026-05-19,23.7,19.5,23.0,,,89.8,12.2,,,,,
临沂,ecmwf_ifs025,2026-05-16,3,2026-05-19,20.8,18.3,20.6,,,93.9,15.7,,,,,
临沂,ecmwf_ifs025,2026-05-15,4,2026-05-19,22.7,17.9,20.9,,,91.4,14.7,,,,,
临沂,ecmwf_ifs025,2026-05-14,5,2026-05-19,23.8,18.1,21.6,,,89.9,16.8,,,,,
临沂,ecmwf_ifs025,2026-05-13,6,2026-05-19,25.2,18.9,22.8,,,88.3,13.9,,,,,
临沂,ecmwf_ifs025,2026-05-12,7,2026-05-19,28.6,18.9,22.9,,32.2,71.8,13.5,,,,,
