region_name,model,issue_date,lead_day,forecast_date,temp_max,temp_min,apparent_temp,wind_chill,heat_index,relative_humidity,wind_speed,wind_gust,cloud_cover,shortwave_radiation,precipitation,snowfall
德州,ecmwf_ifs025,2024-12-31,1,2025-01-01,6.1,-3.4,-3.2,-6.0,,65.9,6.1,,9.0,8.87,0.0,
德州,ecmwf_ifs025,2024-12-30,2,2025-01-01,5.9,-2.7,-3.3,-5.7,,66.2,7.4,,3.0,8.88,0.0,
德州,ecmwf_ifs025,2024-12-29,3,2025-01-01,5.5,-2.9,-3.7,-6.0,,59.7,7.7,,0.9,8.95,0.0,
德州,ecmwf_ifs025,2024-12-28,4,2025-01-01,5.3,-2.3,-3.8,-5.8,,57.1,9.0,,0.1,8.77,0.0,
德州,ecmwf_ifs025,2024-12-27,5,2025-01-01,5.6,-2.4,-3.8,-5.6,,55.1,8.1,,3.9,9.02,0.0,
德州,ecmwf_ifs025,2024-12-26,6,2025-01-01,4.9,-3.4,-5.6,-8.0,,36.1,12.3,,0.0,10.9,0.0,
德州,ecmwf_ifs025,2024-12-25,7,2025-01-01,5.6,-4.1,-5.1,-8.1,,37.0,9.5,,1.7,10.99,0.0,
德州,gfs_seamless,2024-12-31,1,2025-01-01,8.0,-1.0,-1.5,-3.7,,43.9,7.5,29.2,16.0,10.29,0.0,0.0
德州,gfs_seamless,2024-12-30,2,2025-01-01,7.8,-1.4,-1.6,-4.2,,40.9,7.4,30.6,21.5,10.37,0.0,0.0
德州,gfs_seamless,2024-12-29,3,2025-01-01,8.1,-1.7,-1.8,-4.2,,37.1,6.5,23.8,16.7,10.38,0.0,0.0
德州,gfs_seamless,2024-12-28,4,2025-01-01,8.1,-1.6,-1.8,-4.0,,35.2,6.3,9.0,6.8,10.38,0.0,0.0
德州,gfs_seamless,2024-12-27,5,2025-01-01,7.5,-2.5,-3.3,-6.7,,34.5,11.6,34.6,22.6,10.02,0.0,0.0
德州,gfs_seamless,2024-12-26,6,2025-01-01,5.2,-4.4,-5.0,-8.6,,29.5,10.2,41.4,7.2,10.35,0.0,0.0
德州,gfs_seamless,2024-12-25,7,2025-01-01,5.8,-4.5,-5.1,-8.9,,22.8,10.6,28.8,14.1,10.4,0.0,0.0
德州,jma_seamless,2024-12-31,1,2025-01-01,9.5,0.1,-3.4,,,46.3,4.2,,8.1,,0.0,0.0
德州,jma_seamless,2024-12-30,2,2025-01-01,8.6,0.0,-3.7,-1.5,,31.0,4.9,,1.8,,0.0,0.0
德州,jma_seamless,2024-12-29,3,2025-01-01,8.4,0.1,-3.9,,,29.5,3.7,,1.3,,0.0,0.0
德州,jma_seamless,2024-12-28,4,2025-01-01,8.4,-0.1,-4.1,,,29.7,2.3,,8.3,,0.0,0.0
德州,jma_seamless,2024-12-27,5,2025-01-01,8.9,-0.3,-4.1,,,31.2,3.0,,11.7,,0.0,0.0
德州,jma_seamless,2024-12-26,6,2025-01-01,8.0,0.1,-4.1,-3.2,,23.8,9.9,,13.3,,0.0,0.0
德州,jma_seamless,2024-12-25,7,2025-01-01,2.7,-2.1,-4.8,-6.6,,17.2,12.9,,0.0,,0.0,0.0
德州,ecmwf_ifs025,2025-01-01,1,2025-01-02,4.1,-3.4,-5.1,-7.2,,53.5,9.3,,6.2,8.93,0.0,
德州,ecmwf_ifs025,2024-12-31,2,2025-01-02,4.0,-3.8,-5.2,-7.9,,56.1,10.1,,5.6,8.88,0.0,
德州,ecmwf_ifs025,2024-12-30,3,2025-01-02,3.8,-3.3,-5.5,-7.4,,50.1,10.6,,11.2,8.92,0.0,
德州,ecmwf_ifs025,2024-12-29,4,2025-01-02,4.3,-3.2,-5.5,-7.4,,53.8,10.9,,3.8,8.89,0.0,
德州,ecmwf_ifs025,2024-12-28,5,2025-01-02,3.2,-4.1,-6.1,-9.0,,31.5,12.9,,1.2,9.07,0.0,
德州,ecmwf_ifs025,2024-12-27,6,2025-01-02,2.2,-5.0,-7.0,-8.3,,34.0,7.1,,0.0,10.93,0.0,
德州,ecmwf_ifs025,2024-12-26,7,2025-01-02,4.5,-5.5,-5.7,-7.8,,43.2,4.9,,8.7,11.03,0.0,
德州,gfs_seamless,2025-01-01,1,2025-01-02,5.1,-2.3,-4.0,-6.4,,49.7,11.2,29.5,45.2,9.27,0.0,0.0
德州,gfs_seamless,2024-12-31,2,2025-01-02,4.9,-2.1,-4.3,-6.4,,50.7,12.1,49.7,39.7,9.57,0.0,0.0
德州,gfs_seamless,2024-12-30,3,2025-01-02,5.4,-2.6,-4.2,-6.8,,49.6,11.3,29.5,33.6,9.97,0.0,0.0
德州,gfs_seamless,2024-12-29,4,2025-01-02,5.6,-2.0,-4.4,-6.3,,50.4,12.2,25.6,41.8,9.78,0.0,0.0
德州,gfs_seamless,2024-12-28,5,2025-01-02,6.3,-2.8,-3.4,-6.5,,57.6,9.5,35.6,31.0,9.83,0.0,0.0
德州,gfs_seamless,2024-12-27,6,2025-01-02,5.4,-3.4,-4.6,-7.6,,41.6,10.7,33.5,18.1,10.04,0.0,0.0
德州,gfs_seamless,2024-12-26,7,2025-01-02,5.5,-3.4,-4.7,-7.6,,27.5,10.9,34.9,43.8,9.57,0.0,0.0
德州,jma_seamless,2025-01-01,1,2025-01-02,6.9,-1.4,-4.6,-4.0,,50.5,6.8,,7.8,,0.0,0.0
德州,jma_seamless,2024-12-31,2,2025-01-02,6.5,0.1,-5.5,-2.6,,27.2,7.8,,9.3,,0.0,0.0
德州,jma_seamless,2024-12-30,3,2025-01-02,7.0,0.1,-5.4,-2.4,,23.8,7.4,,7.0,,0.0,0.0
德州,jma_seamless,2024-12-29,4,2025-01-02,8.2,0.1,-4.8,-1.7,,47.4,5.6,,24.0,,0.0,0.0
德州,jma_seamless,2024-12-28,5,2025-01-02,7.4,-1.7,-4.4,-4.5,,48.4,7.4,,24.6,,0.0,0.0
德州,jma_seamless,2024-12-27,6,2025-01-02,7.2,0.1,-4.5,-1.7,,45.3,5.6,,0.0,,0.0,0.0
德州,jma_seamless,2024-12-26,7,2025-01-02,3.5,-3.7,-5.4,-6.0,,23.2,5.4,,7.3,,0.0,0.0
德州,ecmwf_ifs025,2025-01-02,1,2025-01-03,6.7,-5.7,-4.9,-9.0,,47.4,6.9,,0.0,9.11,0.0,
德州,ecmwf_ifs025,2025-01-01,2,2025-01-03,6.6,-4.8,-5.0,-8.6,,38.3,8.5,,0.0,9.16,0.0,
德州,ecmwf_ifs025,2024-12-31,3,2025-01-03,6.6,-5.0,-5.2,-9.0,,43.5,9.0,,0.0,9.15,0.0,
德州,ecmwf_ifs025,2024-12-30,4,2025-01-03,6.4,-4.9,-4.6,-8.5,,64.4,7.9,,0.2,9.06,0.0,
德州,ecmwf_ifs025,2024-12-29,5,2025-01-03,6.2,-4.6,-5.6,-8.3,,40.5,8.4,,0.0,9.21,0.0,
德州,ecmwf_ifs025,2024-12-28,6,2025-01-03,5.7,-4.9,-6.0,-9.0,,27.9,9.6,,0.0,10.98,0.0,
德州,ecmwf_ifs025,2024-12-27,7,2025-01-03,5.3,-4.0,-5.6,-8.1,,37.2,10.1,,12.2,11.08,0.0,
德州,gfs_seamless,2025-01-02,1,2025-01-03,7.1,-3.5,-3.6,-7.0,,31.1,8.5,17.3,0.2,10.68,0.0,0.0
德州,gfs_seamless,2025-01-01,2,2025-01-03,7.1,-3.7,-3.9,-7.5,,32.2,9.2,19.4,0.2,10.73,0.0,0.0
德州,gfs_seamless,2024-12-31,3,2025-01-03,7.3,-4.7,-4.5,-9.1,,30.8,10.5,21.2,7.2,10.77,0.0,0.0
德州,gfs_seamless,2024-12-30,4,2025-01-03,6.1,-4.6,-4.6,-8.4,,31.5,8.6,19.1,0.2,10.72,0.0,0.0
德州,gfs_seamless,2024-12-29,5,2025-01-03,5.4,-3.8,-4.7,-7.5,,29.5,8.9,36.7,21.2,10.37,0.0,0.0
德州,gfs_seamless,2024-12-28,6,2025-01-03,3.3,-6.4,-6.5,-10.8,,30.5,9.4,25.6,7.4,10.49,0.0,0.0
德州,gfs_seamless,2024-12-27,7,2025-01-03,3.8,-3.3,-4.7,-6.3,,38.6,7.1,11.9,25.1,8.36,0.0,0.0
德州,jma_seamless,2025-01-02,1,2025-01-03,5.5,-1.5,-4.5,-3.9,,28.6,6.3,,0.0,,0.0,0.0
德州,jma_seamless,2025-01-01,2,2025-01-03,5.7,-1.8,-4.7,-4.1,,23.9,6.1,,0.0,,0.0,0.0
德州,jma_seamless,2024-12-31,3,2025-01-03,5.3,-1.7,-5.3,-4.1,,18.5,6.3,,0.0,,0.0,0.0
德州,jma_seamless,2024-12-30,4,2025-01-03,4.4,-1.6,-5.3,-3.7,,18.3,5.7,,0.0,,0.0,0.0
德州,jma_seamless,2024-12-29,5,2025-01-03,4.2,-1.3,-5.6,-3.7,,21.8,6.4,,0.0,,0.0,0.0
德州,jma_seamless,2024-12-28,6,2025-01-03,3.9,-1.3,-5.7,-3.6,,20.5,6.1,,0.0,,0.0,0.0
德州,jma_seamless,2024-12-27,7,2025-01-03,4.5,-2.3,-4.7,-5.0,,34.2,6.8,,0.6,,0.0,0.0
德州,ecmwf_ifs025,2025-01-03,1,2025-01-04,7.3,-3.2,-3.3,-6.8,,67.3,8.8,,15.5,9.04,0.0,
德州,ecmwf_ifs025,2025-01-02,2,2025-01-04,7.4,-2.3,-3.1,-5.7,,64.9,8.7,,23.3,9.0,0.0,
德州,ecmwf_ifs025,2025-01-01,3,2025-01-04,7.6,-2.2,-3.2,-6.0,,64.0,10.3,,16.6,9.05,0.0,
德州,ecmwf_ifs025,2024-12-31,4,2025-01-04,7.8,-2.7,-2.9,-6.5,,61.2,9.7,,16.7,9.05,0.0,
德州,ecmwf_ifs025,2024-12-30,5,2025-01-04,6.9,-2.4,-3.2,-5.6,,61.9,8.0,,12.9,9.06,0.0,
德州,ecmwf_ifs025,2024-12-29,6,2025-01-04,6.9,-3.6,-3.6,-6.9,,56.5,7.8,,17.9,11.04,0.0,
德州,ecmwf_ifs025,2024-12-28,7,2025-01-04,4.6,-4.7,-5.4,-7.7,,48.4,6.5,,18.3,11.15,0.0,
德州,gfs_seamless,2025-01-03,1,2025-01-04,8.4,-1.7,-1.6,-5.3,,45.6,9.8,18.4,42.9,10.19,0.0,0.0
德州,gfs_seamless,2025-01-02,2,2025-01-04,8.9,-1.7,-1.5,-5.0,,42.7,8.8,13.7,28.9,10.31,0.0,0.0
德州,gfs_seamless,2025-01-01,3,2025-01-04,9.0,-1.8,-1.7,-5.5,,44.6,10.3,17.3,32.9,10.23,0.0,0.0
德州,gfs_seamless,2024-12-31,4,2025-01-04,8.8,-2.6,-2.0,-5.8,,39.7,7.9,28.1,22.5,10.51,0.0,0.0
德州,gfs_seamless,2024-12-30,5,2025-01-04,6.7,-3.6,-3.3,-7.0,,36.6,8.0,14.8,11.9,10.18,0.0,0.0
德州,gfs_seamless,2024-12-29,6,2025-01-04,6.9,-4.2,-3.8,-8.3,,35.2,9.8,22.0,38.7,9.67,0.0,0.0
德州,gfs_seamless,2024-12-28,7,2025-01-04,5.9,-4.8,-5.1,-9.7,,31.1,12.2,43.2,20.6,10.16,0.0,0.0
德州,jma_seamless,2025-01-03,1,2025-01-04,8.0,0.6,-2.9,-1.7,,64.1,7.0,,14.5,,0.0,0.0
德州,jma_seamless,2025-01-02,2,2025-01-04,8.0,0.0,-3.2,-2.3,,50.2,6.7,,11.7,,0.0,0.0
德州,jma_seamless,2025-01-01,3,2025-01-04,7.5,0.0,-3.0,-2.8,,47.6,8.3,,23.5,,0.0,0.0
德州,jma_seamless,2024-12-31,4,2025-01-04,7.5,0.0,-3.8,-2.4,,37.6,7.1,,17.1,,0.0,0.0
德州,jma_seamless,2024-12-30,5,2025-01-04,6.9,-0.9,-3.6,-3.6,,40.9,7.3,,13.4,,0.0,0.0
德州,jma_seamless,2024-12-29,6,2025-01-04,5.7,-1.0,-4.7,-3.2,,31.6,6.0,,0.0,,0.0,0.0
德州,jma_seamless,2024-12-28,7,2025-01-04,3.4,-2.3,-5.1,-4.7,,26.0,6.1,,1.6,,0.0,0.0
德州,ecmwf_ifs025,2025-01-04,1,2025-01-05,8.2,-3.0,-3.4,-6.4,,51.1,8.4,,0.3,9.12,0.0,
德州,ecmwf_ifs025,2025-01-03,2,2025-01-05,7.0,-4.1,-3.8,-6.4,,53.5,5.3,,0.0,9.16,0.0,
德州,ecmwf_ifs025,2025-01-02,3,2025-01-05,6.8,-3.8,-3.5,-6.0,,48.6,5.1,,0.0,9.19,0.0,
德州,ecmwf_ifs025,2025-01-01,4,2025-01-05,7.5,-3.1,-3.2,-5.8,,48.2,6.6,,0.0,9.18,0.0,
德州,ecmwf_ifs025,2024-12-31,5,2025-01-05,8.8,-2.8,-3.0,-5.4,,49.3,6.4,,2.5,9.18,0.0,
德州,ecmwf_ifs025,2024-12-30,6,2025-01-05,8.6,-2.2,-2.3,-4.5,,49.9,5.9,,14.2,11.1,0.0,
德州,ecmwf_ifs025,2024-12-29,7,2025-01-05,7.5,-4.2,-4.0,-6.5,,52.5,5.2,,1.0,11.2,0.0,
德州,gfs_seamless,2025-01-04,1,2025-01-05,8.9,-0.2,-1.7,-4.2,,35.6,12.5,45.4,3.0,10.49,0.0,0.0
德州,gfs_seamless,2025-01-03,2,2025-01-05,7.9,-0.8,-1.4,-3.5,,31.2,7.5,14.0,13.0,10.56,0.0,0.0
德州,gfs_seamless,2025-01-02,3,2025-01-05,8.3,-0.5,-1.1,-3.9,,36.8,9.9,19.8,21.2,10.48,0.0,0.0
德州,gfs_seamless,2025-01-01,4,2025-01-05,9.0,-1.0,-1.3,-4.4,,38.0,9.6,30.6,8.5,10.47,0.0,0.0
德州,gfs_seamless,2024-12-31,5,2025-01-05,8.5,-1.0,-1.5,-3.9,,38.1,8.0,13.7,25.0,10.12,0.0,0.0
德州,gfs_seamless,2024-12-30,6,2025-01-05,7.4,1.3,-1.4,-2.2,,39.1,11.7,37.4,58.3,6.46,0.0,0.0
德州,gfs_seamless,2024-12-29,7,2025-01-05,8.5,-2.4,-2.8,-6.4,,39.0,10.8,31.7,26.0,9.99,0.0,0.0
德州,jma_seamless,2025-01-04,1,2025-01-05,9.6,0.7,-2.9,-1.7,,43.3,7.4,,0.8,,0.0,0.0
德州,jma_seamless,2025-01-03,2,2025-01-05,9.5,0.1,-3.2,,,42.4,4.7,,0.8,,0.0,0.0
德州,jma_seamless,2025-01-02,3,2025-01-05,9.7,0.5,-3.7,-1.2,,38.9,5.5,,1.8,,0.0,0.0
德州,jma_seamless,2025-01-01,4,2025-01-05,9.9,1.3,-3.1,,,43.4,4.6,,4.4,,0.0,0.0
德州,jma_seamless,2024-12-31,5,2025-01-05,8.4,1.7,-3.7,-0.1,,44.7,6.2,,12.2,,0.0,0.0
德州,jma_seamless,2024-12-30,6,2025-01-05,8.1,0.4,-3.7,-1.1,,61.1,4.9,,9.8,,0.0,0.0
德州,jma_seamless,2024-12-29,7,2025-01-05,3.3,-2.8,-5.1,-5.0,,29.2,5.4,,0.0,,0.0,0.0
德州,ecmwf_ifs025,2025-01-05,1,2025-01-06,4.7,-4.0,-5.3,-7.7,,35.3,8.9,,0.0,9.33,0.0,
德州,ecmwf_ifs025,2025-01-04,2,2025-01-06,4.2,-4.1,-5.3,-7.2,,38.8,7.0,,0.0,9.33,0.0,
德州,ecmwf_ifs025,2025-01-03,3,2025-01-06,5.0,-3.5,-5.1,-6.2,,36.9,6.4,,0.0,9.29,0.0,
德州,ecmwf_ifs025,2025-01-02,4,2025-01-06,4.9,-4.4,-5.3,-7.6,,42.5,7.2,,0.0,9.28,0.0,
德州,ecmwf_ifs025,2025-01-01,5,2025-01-06,5.0,-4.3,-5.2,-6.7,,44.2,5.4,,0.0,9.29,0.0,
德州,ecmwf_ifs025,2024-12-31,6,2025-01-06,6.2,-4.3,-4.3,-6.5,,46.2,5.0,,0.1,11.16,0.0,
德州,ecmwf_ifs025,2024-12-30,7,2025-01-06,5.0,-3.5,-4.8,-5.9,,39.5,5.7,,7.2,11.26,0.0,
德州,gfs_seamless,2025-01-05,1,2025-01-06,5.3,-3.3,-4.5,-7.5,,31.5,10.9,40.3,0.0,10.83,0.0,0.0
德州,gfs_seamless,2025-01-04,2,2025-01-06,5.2,-3.4,-4.4,-7.5,,32.5,10.3,34.6,4.7,10.86,0.0,0.0
德州,gfs_seamless,2025-01-03,3,2025-01-06,4.4,-3.6,-4.8,-7.7,,35.6,10.4,28.8,0.0,10.85,0.0,0.0
德州,gfs_seamless,2025-01-02,4,2025-01-06,5.6,-2.9,-4.1,-7.1,,32.0,11.1,31.7,0.0,10.9,0.0,0.0
德州,gfs_seamless,2025-01-01,5,2025-01-06,6.2,-3.4,-4.3,-7.4,,35.5,10.1,37.8,0.1,10.38,0.0,0.0
德州,gfs_seamless,2024-12-31,6,2025-01-06,5.4,-3.3,-4.5,-7.6,,33.7,11.2,31.3,0.1,10.41,0.0,0.0
德州,gfs_seamless,2024-12-30,7,2025-01-06,5.6,-4.4,-4.8,-9.1,,36.0,11.8,34.9,1.6,10.32,0.0,0.0
德州,jma_seamless,2025-01-05,1,2025-01-06,4.9,-0.3,-4.5,-3.4,,24.0,9.0,,0.0,,0.0,0.0
德州,jma_seamless,2025-01-04,2,2025-01-06,5.6,-0.6,-4.3,-3.4,,27.7,7.8,,0.0,,0.0,0.0
德州,jma_seamless,2025-01-03,3,2025-01-06,5.3,-1.0,-5.2,-3.3,,28.1,6.4,,0.2,,0.0,0.0
德州,jma_seamless,2025-01-02,4,2025-01-06,4.8,-1.1,-5.4,-3.2,,30.4,5.8,,0.0,,0.0,0.0
德州,jma_seamless,2025-01-01,5,2025-01-06,6.3,-0.9,-5.1,-2.9,,35.0,5.6,,0.0,,0.0,0.0
德州,jma_seamless,2024-12-31,6,2025-01-06,4.8,-1.1,-4.7,,,46.2,3.8,,0.0,,0.0,0.0
德州,jma_seamless,2024-12-30,7,2025-01-06,4.8,-3.0,-4.7,-5.3,,33.7,5.6,,0.0,,0.0,0.0
德州,ecmwf_ifs025,2025-01-06,1,2025-01-07,7.0,-3.8,-4.3,-7.2,,37.7,8.1,,2.1,9.41,0.0,
德州,ecmwf_ifs025,2025-01-05,2,2025-01-07,5.9,-4.4,-4.7,-8.0,,35.6,8.2,,0.2,9.39,0.0,
德州,ecmwf_ifs025,2025-01-04,3,2025-01-07,6.7,-4.8,-4.7,-8.7,,35.1,8.9,,0.0,9.44,0.0,
德州,ecmwf_ifs025,2025-01-03,4,2025-01-07,7.4,-3.2,-5.0,-7.3,,33.2,10.5,,0.0,9.44,0.0,
德州,ecmwf_ifs025,2025-01-02,5,2025-01-07,7.9,-4.1,-4.7,-7.8,,34.4,8.7,,0.0,9.4,0.0,
德州,ecmwf_ifs025,2025-01-01,6,2025-01-07,5.5,-4.1,-4.4,-7.3,,36.4,7.2,,2.4,11.21,0.0,
德州,ecmwf_ifs025,2024-12-31,7,2025-01-07,4.7,-4.1,-5.3,-7.7,,36.5,8.4,,0.0,11.32,0.0,
德州,gfs_seamless,2025-01-06,1,2025-01-07,7.5,-3.3,-3.9,-7.7,,25.7,11.7,35.6,0.4,10.91,0.0,0.0
德州,gfs_seamless,2025-01-05,2,2025-01-07,7.6,-3.3,-4.1,-7.8,,24.8,12.0,34.9,0.5,10.91,0.0,0.0
德州,gfs_seamless,2025-01-04,3,2025-01-07,7.2,-3.3,-4.6,-8.2,,26.0,13.9,42.5,4.9,10.89,0.0,0.0
德州,gfs_seamless,2025-01-03,4,2025-01-07,7.6,-3.6,-4.6,-8.9,,25.5,15.3,48.2,0.5,10.95,0.0,0.0
德州,gfs_seamless,2025-01-02,5,2025-01-07,6.4,-4.0,-5.0,-9.6,,26.5,16.2,54.0,0.0,10.52,0.0,0.0
德州,gfs_seamless,2025-01-01,6,2025-01-07,4.7,-4.2,-5.6,-9.1,,29.5,12.8,42.8,14.5,10.54,0.0,0.0
德州,gfs_seamless,2024-12-31,7,2025-01-07,3.1,-3.6,-6.4,-9.0,,31.5,15.6,43.2,5.4,10.58,0.0,0.0
德州,jma_seamless,2025-01-06,1,2025-01-07,7.0,-0.7,-3.5,-3.7,,23.8,8.5,,0.1,,0.0,0.0
德州,jma_seamless,2025-01-05,2,2025-01-07,6.3,-0.8,-3.7,-3.4,,25.4,7.1,,0.0,,0.0,0.0
德州,jma_seamless,2025-01-04,3,2025-01-07,6.1,-1.0,-4.2,-3.5,,25.7,6.9,,0.6,,0.0,0.0
德州,jma_seamless,2025-01-03,4,2025-01-07,6.1,-1.5,-4.8,-3.4,,26.3,5.2,,8.5,,0.0,0.0
德州,jma_seamless,2025-01-02,5,2025-01-07,6.2,-1.4,-5.1,,,28.3,4.0,,0.0,,0.0,0.0
德州,jma_seamless,2025-01-01,6,2025-01-07,4.2,-2.0,-6.0,-4.1,,31.0,5.6,,8.5,,0.0,0.0
德州,jma_seamless,2024-12-31,7,2025-01-07,2.4,-3.1,-5.6,,,29.2,3.7,,0.0,,0.0,0.0
德州,ecmwf_ifs025,2025-01-07,1,2025-01-08,0.6,-4.9,-7.5,-9.4,,32.1,10.7,,2.1,9.51,0.0,
德州,ecmwf_ifs025,2025-01-06,2,2025-01-08,0.4,-4.8,-7.3,-9.3,,33.2,10.8,,1.1,9.54,0.0,
德州,ecmwf_ifs025,2025-01-05,3,2025-01-08,0.7,-5.4,-7.5,-9.9,,30.0,10.4,,0.0,9.57,0.0,
德州,ecmwf_ifs025,2025-01-04,4,2025-01-08,0.4,-5.4,-7.6,-10.2,,30.8,11.4,,0.0,9.51,0.0,
德州,ecmwf_ifs025,2025-01-03,5,2025-01-08,1.5,-5.2,-7.3,-9.1,,28.0,8.6,,0.0,9.5,0.0,
德州,ecmwf_ifs025,2025-01-02,6,2025-01-08,1.4,-5.3,-7.8,-9.5,,25.3,9.6,,0.0,11.28,0.0,
德州,ecmwf_ifs025,2025-01-01,7,2025-01-08,4.3,-5.5,-6.3,-7.8,,31.8,5.0,,1.6,11.38,0.0,
德州,gfs_seamless,2025-01-07,1,2025-01-08,1.1,-4.5,-7.4,-9.6,,28.1,13.2,50.0,1.2,11.12,0.0,0.0
德州,gfs_seamless,2025-01-06,2,2025-01-08,1.1,-5.0,-8.0,-10.6,,26.7,15.1,55.1,7.1,11.12,0.0,0.0
德州,gfs_seamless,2025-01-05,3,2025-01-08,1.4,-5.5,-7.5,-10.1,,28.9,10.8,38.2,3.4,11.08,0.0,0.0
德州,gfs_seamless,2025-01-04,4,2025-01-08,2.3,-4.3,-6.6,-8.7,,29.2,10.8,29.5,0.5,11.13,0.0,0.0
德州,gfs_seamless,2025-01-03,5,2025-01-08,3.6,-3.9,-6.1,-8.8,,26.8,13.2,49.7,0.0,10.81,0.0,0.0
德州,gfs_seamless,2025-01-02,6,2025-01-08,3.3,-6.2,-7.4,-11.7,,31.0,13.3,54.4,12.5,10.73,0.0,0.0
德州,gfs_seamless,2025-01-01,7,2025-01-08,3.4,-8.3,-9.2,-14.5,,30.5,14.2,49.7,3.4,10.8,0.0,0.0
德州,jma_seamless,2025-01-07,1,2025-01-08,2.6,-3.4,-6.7,-7.5,,23.0,10.3,,0.5,,0.0,0.0
德州,jma_seamless,2025-01-06,2,2025-01-08,2.4,-3.1,-6.6,-6.9,,23.0,9.5,,0.0,,0.0,0.0
德州,jma_seamless,2025-01-05,3,2025-01-08,2.5,-2.6,-6.4,-6.1,,24.0,8.9,,3.2,,0.0,0.0
德州,jma_seamless,2025-01-04,4,2025-01-08,2.4,-2.2,-6.3,-5.6,,23.2,8.7,,2.2,,0.0,0.0
德州,jma_seamless,2025-01-03,5,2025-01-08,2.0,-1.8,-6.0,-4.3,,22.9,6.5,,0.0,,0.0,0.0
德州,jma_seamless,2025-01-02,6,2025-01-08,3.7,-3.5,-6.6,-6.8,,23.4,8.0,,0.1,,0.0,0.0
德州,jma_seamless,2025-01-01,7,2025-01-08,3.3,-3.5,-5.6,,,23.1,4.4,,0.0,,0.0,0.0
德州,ecmwf_ifs025,2025-01-08,1,2025-01-09,1.6,-6.2,-7.8,-8.8,,34.0,5.4,,0.0,9.53,0.0,
德州,ecmwf_ifs025,2025-01-07,2,2025-01-09,1.9,-7.1,-8.2,-10.3,,23.3,6.2,,0.0,9.55,0.0,
德州,ecmwf_ifs025,2025-01-06,3,2025-01-09,1.8,-7.0,-8.0,,,29.0,4.8,,0.0,9.56,0.0,
德州,ecmwf_ifs025,2025-01-05,4,2025-01-09,0.7,-6.4,-8.3,-9.5,,24.4,6.2,,0.0,9.53,0.0,
德州,ecmwf_ifs025,2025-01-04,5,2025-01-09,1.1,-7.7,-8.6,,,23.8,4.7,,0.0,9.66,0.0,
德州,ecmwf_ifs025,2025-01-03,6,2025-01-09,2.2,-7.0,-7.6,,,24.4,2.5,,0.8,11.35,0.0,
德州,ecmwf_ifs025,2025-01-02,7,2025-01-09,3.0,-7.3,-7.6,-10.3,,26.3,5.8,,0.3,11.56,0.0,
德州,gfs_seamless,2025-01-08,1,2025-01-09,1.3,-7.1,-8.5,-11.5,,26.3,9.0,15.8,0.0,11.22,0.0,0.0
德州,gfs_seamless,2025-01-07,2,2025-01-09,1.7,-7.6,-8.5,-12.2,,26.4,9.3,29.2,0.5,11.25,0.0,0.0
德州,gfs_seamless,2025-01-06,3,2025-01-09,3.1,-7.3,-7.7,-11.3,,25.5,7.9,15.1,0.0,11.25,0.0,0.0
德州,gfs_seamless,2025-01-05,4,2025-01-09,3.0,-7.0,-7.5,-11.5,,25.4,9.5,22.7,0.0,11.29,0.0,0.0
德州,gfs_seamless,2025-01-04,5,2025-01-09,3.5,-6.8,-6.9,-10.4,,25.8,7.2,17.6,0.0,10.9,0.0,0.0
德州,gfs_seamless,2025-01-03,6,2025-01-09,3.7,-7.0,-7.0,-10.9,,27.7,7.9,16.2,9.8,10.72,0.0,0.0
德州,gfs_seamless,2025-01-02,7,2025-01-09,1.0,-9.9,-9.2,-13.9,,25.2,6.9,33.8,0.0,10.81,0.0,0.0
德州,jma_seamless,2025-01-08,1,2025-01-09,0.2,-3.3,-7.2,-6.1,,18.6,6.7,,0.0,,0.0,0.0
德州,jma_seamless,2025-01-07,2,2025-01-09,-0.6,-3.5,-7.5,-6.4,,19.1,6.7,,0.3,,0.0,0.0
德州,jma_seamless,2025-01-06,3,2025-01-09,0.3,-3.2,-6.7,-6.0,,19.5,6.7,,0.0,,0.0,0.0
德州,jma_seamless,2025-01-05,4,2025-01-09,0.1,-2.8,-6.9,-5.2,,19.7,6.0,,0.0,,0.0,0.0
德州,jma_seamless,2025-01-04,5,2025-01-09,3.7,-2.2,-5.8,,,20.1,4.7,,1.6,,0.0,0.0
德州,jma_seamless,2025-01-03,6,2025-01-09,3.6,-2.5,-6.3,,,23.2,4.5,,2.3,,0.0,0.0
德州,jma_seamless,2025-01-02,7,2025-01-09,2.8,-4.1,-6.1,,,22.9,4.2,,1.4,,0.0,0.0
德州,ecmwf_ifs025,2025-01-09,1,2025-01-10,3.5,-8.2,-7.6,-11.0,,22.9,5.2,,0.0,9.27,0.0,
德州,ecmwf_ifs025,2025-01-08,2,2025-01-10,4.4,-5.9,-6.4,,,26.2,4.2,,12.2,9.39,0.0,
德州,ecmwf_ifs025,2025-01-07,3,2025-01-10,4.5,-7.6,-7.1,,,24.6,4.1,,13.0,9.51,0.0,
德州,ecmwf_ifs025,2025-01-06,4,2025-01-10,4.0,-7.0,-7.0,-9.6,,27.4,5.1,,2.1,9.46,0.0,
德州,ecmwf_ifs025,2025-01-05,5,2025-01-10,4.2,-8.6,-7.5,-11.6,,26.8,5.4,,0.6,9.55,0.0,
德州,ecmwf_ifs025,2025-01-04,6,2025-01-10,3.9,-8.6,-7.7,-11.3,,25.8,4.9,,41.2,11.43,0.0,
德州,ecmwf_ifs025,2025-01-03,7,2025-01-10,4.9,-7.1,-7.1,-11.3,,23.6,8.6,,31.4,11.63,0.0,
德州,gfs_seamless,2025-01-09,1,2025-01-10,3.0,-7.3,-7.8,-11.5,,25.2,8.5,16.6,16.7,10.63,0.0,0.0
德州,gfs_seamless,2025-01-08,2,2025-01-10,3.6,-6.9,-7.1,-10.5,,25.2,7.2,14.8,19.9,11.12,0.0,0.0
德州,gfs_seamless,2025-01-07,3,2025-01-10,4.5,-6.3,-6.3,-9.6,,25.1,6.8,11.2,26.4,11.27,0.0,0.0
德州,gfs_seamless,2025-01-06,4,2025-01-10,3.4,-6.9,-6.7,-9.6,,24.6,5.4,9.4,12.6,11.35,0.0,0.0
德州,gfs_seamless,2025-01-05,5,2025-01-10,3.2,-6.3,-6.4,-8.7,,21.7,5.0,9.7,18.9,10.61,0.0,0.0
德州,gfs_seamless,2025-01-04,6,2025-01-10,4.8,-5.6,-5.4,,,21.4,4.0,10.4,0.8,11.0,0.0,0.0
德州,gfs_seamless,2025-01-03,7,2025-01-10,5.3,-6.5,-5.8,,,27.8,4.7,6.5,15.3,10.79,0.0,0.0
德州,jma_seamless,2025-01-09,1,2025-01-10,2.1,-3.4,-6.5,,,20.1,4.4,,0.0,,0.0,0.0
德州,jma_seamless,2025-01-08,2,2025-01-10,2.0,-3.8,-6.6,,,21.2,3.8,,1.6,,0.0,0.0
德州,jma_seamless,2025-01-07,3,2025-01-10,2.2,-2.9,-6.2,,,21.0,3.2,,10.8,,0.0,0.0
德州,jma_seamless,2025-01-06,4,2025-01-10,3.2,-2.5,-5.8,,,22.6,3.2,,18.4,,0.0,0.0
德州,jma_seamless,2025-01-05,5,2025-01-10,2.4,-2.4,-6.0,,,20.2,2.6,,0.7,,0.0,0.0
德州,jma_seamless,2025-01-04,6,2025-01-10,4.2,-1.9,-5.6,,,26.1,4.4,,16.7,,0.0,0.0
德州,jma_seamless,2025-01-03,7,2025-01-10,4.0,-3.6,-5.4,-6.6,,25.8,7.0,,19.3,,0.0,0.0
德州,ecmwf_ifs025,2025-01-10,1,2025-01-11,5.3,-6.6,-6.4,-9.4,,29.5,5.5,,14.1,9.37,0.0,
德州,ecmwf_ifs025,2025-01-09,2,2025-01-11,5.4,-7.4,-6.6,-10.1,,25.9,5.2,,15.4,9.48,0.0,
德州,ecmwf_ifs025,2025-01-08,3,2025-01-11,5.8,-5.8,-5.6,,,27.0,4.7,,24.6,9.35,0.0,
德州,ecmwf_ifs025,2025-01-07,4,2025-01-11,5.8,-6.8,-6.4,-9.8,,28.1,5.9,,26.0,9.41,0.0,
德州,ecmwf_ifs025,2025-01-06,5,2025-01-11,5.1,-5.8,-6.2,-8.1,,26.0,4.9,,12.7,8.99,0.0,
德州,ecmwf_ifs025,2025-01-05,6,2025-01-11,5.0,-4.4,-5.6,-7.6,,28.4,7.1,,47.8,11.52,0.0,
德州,ecmwf_ifs025,2025-01-04,7,2025-01-11,4.0,-4.9,-5.8,-8.1,,33.8,6.9,,32.4,11.62,0.0,
德州,gfs_seamless,2025-01-10,1,2025-01-11,5.5,-5.5,-5.7,-9.2,,25.4,8.0,15.1,27.2,10.86,0.0,0.0
德州,gfs_seamless,2025-01-09,2,2025-01-11,5.6,-5.0,-5.4,-8.6,,26.4,8.0,16.2,58.1,10.33,0.0,0.0
德州,gfs_seamless,2025-01-08,3,2025-01-11,5.8,-3.2,-4.2,-6.5,,26.9,7.9,18.7,77.9,10.22,0.0,0.0
德州,gfs_seamless,2025-01-07,4,2025-01-11,7.5,-2.3,-3.6,-5.7,,25.9,8.8,21.2,89.6,8.09,0.0,0.0
德州,gfs_seamless,2025-01-06,5,2025-01-11,5.0,-3.0,-4.0,-5.9,,25.5,7.0,13.0,89.6,5.75,0.0,0.0
德州,gfs_seamless,2025-01-05,6,2025-01-11,3.7,-2.7,-5.0,-5.5,,26.3,6.8,9.0,72.0,5.86,0.0,0.0
德州,gfs_seamless,2025-01-04,7,2025-01-11,6.0,-4.2,-5.1,-8.6,,28.1,10.9,30.2,54.5,6.67,0.0,0.0
德州,jma_seamless,2025-01-10,1,2025-01-11,3.7,-2.2,-6.0,,,26.0,3.4,,16.1,,0.0,0.0
德州,jma_seamless,2025-01-09,2,2025-01-11,3.2,-2.1,-6.2,,,27.5,3.0,,10.6,,0.0,0.0
德州,jma_seamless,2025-01-08,3,2025-01-11,3.8,-2.3,-5.7,,,25.0,4.1,,19.2,,0.0,0.0
德州,jma_seamless,2025-01-07,4,2025-01-11,3.6,-1.2,-5.0,-3.1,,25.9,5.4,,16.2,,0.0,0.0
德州,jma_seamless,2025-01-06,5,2025-01-11,4.4,-1.7,-5.1,,,26.6,3.8,,4.5,,0.0,0.0
德州,jma_seamless,2025-01-05,6,2025-01-11,4.2,-2.9,-5.0,-5.8,,24.8,7.1,,35.1,,0.0,0.0
德州,jma_seamless,2025-01-04,7,2025-01-11,1.8,-3.1,-5.2,-6.4,,43.9,8.1,,33.6,,0.0,0.0
德州,ecmwf_ifs025,2025-01-11,1,2025-01-12,4.0,-6.5,-6.3,-9.5,,35.3,6.0,,2.7,9.67,0.0,
德州,ecmwf_ifs025,2025-01-10,2,2025-01-12,3.9,-5.9,-6.3,-8.9,,28.5,6.2,,1.5,9.68,0.0,
德州,ecmwf_ifs025,2025-01-09,3,2025-01-12,3.8,-6.0,-6.3,-9.3,,25.8,6.8,,2.2,9.67,0.0,
德州,ecmwf_ifs025,2025-01-08,4,2025-01-12,4.2,-5.7,-6.2,-8.9,,27.3,6.6,,5.0,9.68,0.0,
德州,ecmwf_ifs025,2025-01-07,5,2025-01-12,4.2,-5.6,-6.0,-8.6,,26.2,6.2,,3.5,9.67,0.0,
德州,ecmwf_ifs025,2025-01-06,6,2025-01-12,3.4,-4.8,-6.3,-7.2,,30.0,5.4,,6.3,11.58,0.0,
德州,ecmwf_ifs025,2025-01-05,7,2025-01-12,2.9,-4.4,-6.6,-8.6,,31.4,10.2,,8.8,11.69,0.0,
德州,gfs_seamless,2025-01-11,1,2025-01-12,4.7,-4.9,-5.3,-8.5,,29.6,7.9,19.8,0.8,11.22,0.0,0.0
德州,gfs_seamless,2025-01-10,2,2025-01-12,5.1,-4.7,-5.1,-8.3,,29.5,8.1,28.8,5.5,11.22,0.0,0.0
德州,gfs_seamless,2025-01-09,3,2025-01-12,6.0,-4.3,-4.6,-7.9,,30.2,8.4,30.2,6.9,11.17,0.0,0.0
德州,gfs_seamless,2025-01-08,4,2025-01-12,5.8,-4.0,-4.4,-7.4,,29.5,7.8,23.0,12.1,11.18,0.0,0.0
德州,gfs_seamless,2025-01-07,5,2025-01-12,5.0,-4.3,-4.2,-7.4,,33.5,7.1,15.8,6.1,10.8,0.0,0.0
德州,gfs_seamless,2025-01-06,6,2025-01-12,5.0,-2.9,-3.9,-5.7,,39.6,6.7,12.6,17.0,10.84,0.0,0.0
德州,gfs_seamless,2025-01-05,7,2025-01-12,7.4,-3.2,-4.0,-7.3,,29.7,10.5,30.2,70.5,9.67,0.0,0.0
德州,jma_seamless,2025-01-11,1,2025-01-12,4.4,-0.7,-5.4,-2.3,,29.1,4.9,,0.3,,0.0,0.0
德州,jma_seamless,2025-01-10,2,2025-01-12,4.7,-0.7,-5.3,-2.4,,29.7,5.1,,0.5,,0.0,0.0
德州,jma_seamless,2025-01-09,3,2025-01-12,4.7,-1.0,-5.6,-2.8,,26.5,5.2,,0.3,,0.0,0.0
德州,jma_seamless,2025-01-08,4,2025-01-12,4.8,-0.6,-5.2,-2.8,,28.4,6.2,,1.2,,0.0,0.0
德州,jma_seamless,2025-01-07,5,2025-01-12,5.4,-0.3,-5.3,-2.1,,28.7,5.4,,0.3,,0.0,0.0
德州,jma_seamless,2025-01-06,6,2025-01-12,3.8,-3.5,-4.8,-5.5,,32.2,4.9,,17.2,,0.0,0.0
德州,jma_seamless,2025-01-05,7,2025-01-12,3.3,-3.1,-4.9,-5.3,,31.4,5.4,,15.2,,0.0,0.0
德州,ecmwf_ifs025,2025-01-12,1,2025-01-13,6.8,-3.2,-4.0,-6.8,,39.8,8.8,,3.3,9.71,0.0,
德州,ecmwf_ifs025,2025-01-11,2,2025-01-13,6.7,-3.2,-4.3,-6.8,,37.4,9.0,,2.1,9.72,0.0,
德州,ecmwf_ifs025,2025-01-10,3,2025-01-13,6.7,-3.2,-4.4,-6.7,,34.3,8.6,,2.0,9.71,0.0,
德州,ecmwf_ifs025,2025-01-09,4,2025-01-13,6.8,-2.5,-4.3,-6.2,,36.1,9.7,,5.7,9.75,0.0,
德州,ecmwf_ifs025,2025-01-08,5,2025-01-13,6.9,-2.8,-4.4,-6.5,,36.4,9.3,,5.0,9.73,0.0,
德州,ecmwf_ifs025,2025-01-07,6,2025-01-13,7.0,-3.3,-4.5,-7.7,,32.1,11.8,,3.5,11.66,0.0,
德州,ecmwf_ifs025,2025-01-06,7,2025-01-13,7.2,-5.1,-5.2,-8.9,,32.0,8.4,,0.0,11.87,0.0,
德州,gfs_seamless,2025-01-12,1,2025-01-13,7.3,-3.4,-3.6,-7.4,,34.5,10.0,35.3,0.4,11.19,0.0,0.0
德州,gfs_seamless,2025-01-11,2,2025-01-13,7.5,-3.4,-3.5,-7.4,,32.7,10.2,43.6,13.0,11.17,0.0,0.0
德州,gfs_seamless,2025-01-10,3,2025-01-13,7.9,-3.1,-3.2,-7.2,,31.7,10.5,47.9,6.7,11.2,0.0,0.0
德州,gfs_seamless,2025-01-09,4,2025-01-13,7.9,-2.6,-3.0,-6.5,,33.5,10.3,37.4,0.2,11.17,0.0,0.0
德州,gfs_seamless,2025-01-08,5,2025-01-13,7.7,-2.5,-3.2,-6.9,,32.9,12.3,46.1,2.8,10.87,0.0,0.0
德州,gfs_seamless,2025-01-07,6,2025-01-13,6.7,-2.2,-3.9,-6.4,,31.4,11.6,26.6,47.8,10.67,0.0,0.0
德州,gfs_seamless,2025-01-06,7,2025-01-13,7.8,-3.1,-3.5,-7.1,,39.3,10.2,29.9,75.5,8.39,0.0,0.0
德州,jma_seamless,2025-01-12,1,2025-01-13,7.8,0.1,-3.8,-1.9,,33.1,5.9,,0.0,,0.0,0.0
德州,jma_seamless,2025-01-11,2,2025-01-13,7.4,-0.0,-3.9,-2.0,,33.1,5.9,,0.2,,0.0,0.0
德州,jma_seamless,2025-01-10,3,2025-01-13,7.6,0.1,-3.6,-2.1,,31.5,6.6,,0.0,,0.0,0.0
德州,jma_seamless,2025-01-09,4,2025-01-13,7.3,0.3,-3.6,-2.1,,31.6,7.0,,0.0,,0.0,0.0
德州,jma_seamless,2025-01-08,5,2025-01-13,7.5,-0.2,-3.6,-2.6,,32.0,7.0,,0.0,,0.0,0.0
德州,jma_seamless,2025-01-07,6,2025-01-13,2.2,-3.2,-3.8,-5.8,,32.2,6.3,,0.0,,0.0,0.0
德州,jma_seamless,2025-01-06,7,2025-01-13,5.9,-3.1,-4.7,-5.8,,26.9,6.6,,5.4,,0.0,0.0
德州,ecmwf_ifs025,2025-01-13,1,2025-01-14,3.4,-4.6,-6.5,-9.6,,32.5,13.0,,21.0,9.03,0.0,
德州,ecmwf_ifs025,2025-01-12,2,2025-01-14,3.0,-3.9,-6.4,-8.7,,29.7,12.5,,16.9,9.3,0.0,
德州,ecmwf_ifs025,2025-01-11,3,2025-01-14,3.4,-3.8,-6.1,-8.2,,30.8,11.3,,22.0,8.29,0.0,
德州,ecmwf_ifs025,2025-01-10,4,2025-01-14,4.0,-4.0,-5.9,-8.7,,28.3,12.2,,37.4,9.11,0.0,
德州,ecmwf_ifs025,2025-01-09,5,2025-01-14,4.8,-4.6,-5.7,-9.3,,28.3,11.8,,24.4,9.56,0.0,
德州,ecmwf_ifs025,2025-01-08,6,2025-01-14,7.2,-3.4,-4.7,-7.9,,36.3,11.9,,16.4,11.79,0.0,
德州,ecmwf_ifs025,2025-01-07,7,2025-01-14,5.8,-4.8,-5.1,-7.4,,29.0,5.8,,8.0,11.85,0.0,
德州,gfs_seamless,2025-01-13,1,2025-01-14,3.8,-5.1,-6.0,-10.9,,28.0,15.8,43.9,31.1,11.25,0.0,0.0
德州,gfs_seamless,2025-01-12,2,2025-01-14,4.8,-4.8,-5.6,-10.1,,28.2,13.9,39.6,39.3,10.16,0.0,0.0
德州,gfs_seamless,2025-01-11,3,2025-01-14,5.6,-4.8,-5.1,-9.8,,28.6,12.9,39.6,39.3,9.84,0.0,0.0
德州,gfs_seamless,2025-01-10,4,2025-01-14,6.0,-4.0,-5.3,-9.3,,29.5,14.9,40.0,11.0,11.17,0.0,0.0
德州,gfs_seamless,2025-01-09,5,2025-01-14,6.3,-3.4,-5.0,-9.1,,30.3,17.5,42.8,16.6,10.79,0.0,0.0
德州,gfs_seamless,2025-01-08,6,2025-01-14,6.8,-3.5,-4.9,-8.2,,30.0,12.6,40.3,23.2,10.41,0.0,0.0
德州,gfs_seamless,2025-01-07,7,2025-01-14,5.6,-5.5,-6.1,-11.0,,25.8,14.0,67.0,9.0,11.22,0.0,0.0
德州,jma_seamless,2025-01-13,1,2025-01-14,7.5,-1.3,-5.5,-5.2,,26.0,11.3,,10.3,,0.0,0.0
德州,jma_seamless,2025-01-12,2,2025-01-14,7.0,-1.9,-6.0,-6.0,,23.8,11.4,,4.8,,0.0,0.0
德州,jma_seamless,2025-01-11,3,2025-01-14,6.3,-1.7,-5.8,-5.8,,23.6,11.9,,14.4,,0.0,0.0
德州,jma_seamless,2025-01-10,4,2025-01-14,5.0,-1.9,-5.5,-6.0,,23.3,11.6,,0.0,,0.0,0.0
德州,jma_seamless,2025-01-09,5,2025-01-14,6.7,-2.2,-5.5,-6.2,,26.5,11.0,,12.4,,0.0,0.0
德州,jma_seamless,2025-01-08,6,2025-01-14,0.7,-3.7,-4.5,-7.6,,29.7,9.6,,7.3,,0.0,0.0
德州,jma_seamless,2025-01-07,7,2025-01-14,6.2,-3.0,-4.1,-5.5,,32.4,6.1,,7.3,,0.0,0.0
德州,ecmwf_ifs025,2025-01-14,1,2025-01-15,3.3,-7.1,-7.9,-11.9,,22.1,10.2,,0.0,10.1,0.0,
德州,ecmwf_ifs025,2025-01-13,2,2025-01-15,3.5,-7.3,-8.1,-12.4,,18.5,11.2,,0.0,10.16,0.0,
德州,ecmwf_ifs025,2025-01-12,3,2025-01-15,3.6,-7.1,-8.0,-11.7,,17.7,9.7,,0.0,10.2,0.0,
德州,ecmwf_ifs025,2025-01-11,4,2025-01-15,2.3,-7.6,-8.4,-12.0,,17.7,8.9,,0.0,10.12,0.0,
德州,ecmwf_ifs025,2025-01-10,5,2025-01-15,3.9,-6.6,-7.6,-10.8,,18.1,8.8,,0.0,10.18,0.0,
德州,ecmwf_ifs025,2025-01-09,6,2025-01-15,2.3,-6.5,-8.1,-10.4,,16.6,8.0,,0.2,11.88,0.0,
德州,ecmwf_ifs025,2025-01-08,7,2025-01-15,1.2,-5.3,-7.5,-9.3,,24.9,8.8,,0.8,12.04,0.0,
德州,gfs_seamless,2025-01-14,1,2025-01-15,0.1,-5.3,-8.2,-10.1,,20.2,11.5,24.8,0.0,11.83,0.0,0.0
德州,gfs_seamless,2025-01-13,2,2025-01-15,0.6,-3.9,-8.6,-8.2,,20.2,10.9,24.1,0.0,11.8,0.0,0.0
德州,gfs_seamless,2025-01-12,3,2025-01-15,0.1,-3.9,-8.9,-8.0,,20.3,10.0,20.9,0.0,11.8,0.0,0.0
德州,gfs_seamless,2025-01-11,4,2025-01-15,-0.2,-3.3,-7.4,-7.3,,20.3,10.2,20.2,0.0,11.77,0.0,0.0
德州,gfs_seamless,2025-01-10,5,2025-01-15,1.2,-3.8,-7.6,-8.3,,23.0,11.7,47.9,4.2,11.55,0.0,0.0
德州,gfs_seamless,2025-01-09,6,2025-01-15,0.0,-3.8,-9.5,-7.5,,22.5,9.0,33.1,0.2,11.61,0.0,0.0
德州,gfs_seamless,2025-01-08,7,2025-01-15,0.9,-8.0,-9.5,-13.7,,23.2,12.6,56.2,0.9,11.65,0.0,0.0
德州,jma_seamless,2025-01-14,1,2025-01-15,2.5,-4.2,-6.6,-7.7,,14.3,8.2,,0.0,,0.0,0.0
德州,jma_seamless,2025-01-13,2,2025-01-15,2.7,-5.0,-6.8,-8.8,,14.3,8.6,,0.0,,0.0,0.0
德州,jma_seamless,2025-01-12,3,2025-01-15,2.4,-4.6,-6.8,-8.5,,13.6,8.9,,0.0,,0.0,0.0
德州,jma_seamless,2025-01-11,4,2025-01-15,3.3,-3.8,-6.3,-7.5,,13.6,9.0,,0.0,,0.0,0.0
德州,jma_seamless,2025-01-10,5,2025-01-15,0.9,-5.3,-7.4,-8.9,,14.8,7.8,,0.0,,0.0,0.0
德州,jma_seamless,2025-01-09,6,2025-01-15,2.5,-4.4,-6.6,-8.2,,14.3,8.9,,0.0,,0.0,0.0
德州,jma_seamless,2025-01-08,7,2025-01-15,0.5,-3.6,-6.5,-6.3,,17.7,6.2,,0.0,,0.0,0.0
德州,ecmwf_ifs025,2025-01-15,1,2025-01-16,6.6,-6.2,-5.8,-9.5,,22.8,6.7,,0.0,10.14,0.0,
德州,ecmwf_ifs025,2025-01-14,2,2025-01-16,6.1,-5.2,-5.7,-8.3,,21.0,6.6,,0.0,10.16,0.0,
德州,ecmwf_ifs025,2025-01-13,3,2025-01-16,5.7,-5.4,-5.3,-8.0,,16.6,5.6,,0.0,10.24,0.0,
德州,ecmwf_ifs025,2025-01-12,4,2025-01-16,6.4,-6.1,-5.5,-9.1,,16.8,6.2,,0.0,10.23,0.0,
德州,ecmwf_ifs025,2025-01-11,5,2025-01-16,6.6,-6.0,-6.2,-10.0,,19.5,8.5,,0.0,10.25,0.0,
德州,ecmwf_ifs025,2025-01-10,6,2025-01-16,7.5,-6.1,-6.1,-10.4,,18.7,9.5,,0.0,11.97,0.0,
德州,ecmwf_ifs025,2025-01-09,7,2025-01-16,6.2,-5.2,-5.9,-9.6,,25.3,10.1,,0.0,12.12,0.0,
德州,gfs_seamless,2025-01-15,1,2025-01-16,3.6,-6.4,-7.0,-11.1,,21.8,10.3,18.4,0.0,11.76,0.0,0.0
德州,gfs_seamless,2025-01-14,2,2025-01-16,4.2,-4.4,-5.8,-8.5,,19.0,9.7,20.5,0.0,11.78,0.0,0.0
德州,gfs_seamless,2025-01-13,3,2025-01-16,4.4,-4.1,-6.3,-8.3,,19.1,10.3,20.9,0.0,11.77,0.0,0.0
德州,gfs_seamless,2025-01-12,4,2025-01-16,3.6,-4.5,-5.1,-8.9,,19.0,10.8,22.0,0.0,11.81,0.0,0.0
德州,gfs_seamless,2025-01-11,5,2025-01-16,5.2,-3.9,-4.5,-7.8,,22.1,9.5,24.5,0.0,11.56,0.0,0.0
德州,gfs_seamless,2025-01-10,6,2025-01-16,3.7,-4.5,-6.6,-8.8,,20.6,10.2,28.8,1.0,11.47,0.0,0.0
德州,gfs_seamless,2025-01-09,7,2025-01-16,4.3,-6.7,-6.8,-11.7,,23.5,11.3,26.3,0.0,11.62,0.0,0.0
德州,jma_seamless,2025-01-15,1,2025-01-16,5.3,-3.4,-5.1,,,18.4,4.7,,0.0,,0.0,0.0
德州,jma_seamless,2025-01-14,2,2025-01-16,5.1,-3.2,-5.1,,,17.8,4.8,,0.0,,0.0,0.0
德州,jma_seamless,2025-01-13,3,2025-01-16,5.6,-3.4,-5.1,-5.9,,16.9,5.9,,0.0,,0.0,0.0
德州,jma_seamless,2025-01-12,4,2025-01-16,5.6,-3.6,-4.9,-6.2,,16.7,6.0,,0.0,,0.0,0.0
德州,jma_seamless,2025-01-11,5,2025-01-16,5.5,-3.5,-5.1,-6.2,,17.9,6.4,,0.0,,0.0,0.0
德州,jma_seamless,2025-01-10,6,2025-01-16,5.2,-3.6,-5.2,-6.8,,17.3,7.5,,0.0,,0.0,0.0
德州,jma_seamless,2025-01-09,7,2025-01-16,5.3,-3.0,-5.1,-6.4,,19.1,8.5,,0.0,,0.0,0.0
德州,ecmwf_ifs025,2025-01-16,1,2025-01-17,8.3,-4.5,-4.1,-8.4,,33.8,9.2,,7.7,10.26,0.0,
德州,ecmwf_ifs025,2025-01-15,2,2025-01-17,7.7,-4.8,-4.7,-8.4,,28.0,8.2,,6.6,10.34,0.0,
德州,ecmwf_ifs025,2025-01-14,3,2025-01-17,8.4,-4.3,-4.2,-7.7,,16.9,7.8,,4.9,10.41,0.0,
德州,ecmwf_ifs025,2025-01-13,4,2025-01-17,7.9,-4.3,-4.4,-7.4,,16.0,6.9,,14.5,10.3,0.0,
德州,ecmwf_ifs025,2025-01-12,5,2025-01-17,9.1,-4.2,-4.4,-8.0,,19.8,9.0,,8.7,10.41,0.0,
德州,ecmwf_ifs025,2025-01-11,6,2025-01-17,8.0,-4.4,-4.4,-8.5,,35.5,9.9,,2.5,12.08,0.0,
德州,ecmwf_ifs025,2025-01-10,7,2025-01-17,8.3,-4.7,-4.3,-7.4,,30.9,6.0,,2.4,12.22,0.0,
德州,gfs_seamless,2025-01-16,1,2025-01-17,4.2,-4.1,-4.3,-8.3,,25.4,10.2,30.2,8.6,11.88,0.0,0.0
德州,gfs_seamless,2025-01-15,2,2025-01-17,4.4,-2.7,-4.0,-6.5,,21.6,9.7,20.5,12.5,11.87,0.0,0.0
德州,gfs_seamless,2025-01-14,3,2025-01-17,5.1,-1.5,-3.8,-5.1,,26.6,9.8,20.9,0.5,11.87,0.0,0.0
德州,gfs_seamless,2025-01-13,4,2025-01-17,4.3,-1.7,-3.1,-5.2,,21.0,9.4,26.3,4.2,11.88,0.0,0.0
德州,gfs_seamless,2025-01-12,5,2025-01-17,5.5,-1.9,-3.1,-4.9,,21.3,7.8,14.4,3.0,11.56,0.0,0.0
德州,gfs_seamless,2025-01-11,6,2025-01-17,8.0,-1.8,-3.2,-5.4,,23.4,9.6,12.2,10.3,11.73,0.0,0.0
德州,gfs_seamless,2025-01-10,7,2025-01-17,5.7,-2.3,-3.0,-6.0,,18.3,9.7,19.8,0.0,11.67,0.0,0.0
德州,jma_seamless,2025-01-16,1,2025-01-17,6.3,-2.9,-4.2,-5.7,,20.2,6.8,,2.7,,0.0,0.0
德州,jma_seamless,2025-01-15,2,2025-01-17,6.4,-3.5,-4.4,-6.0,,18.6,6.0,,1.6,,0.0,0.0
德州,jma_seamless,2025-01-14,3,2025-01-17,6.7,-2.9,-4.2,-5.6,,19.2,6.5,,2.2,,0.0,0.0
德州,jma_seamless,2025-01-13,4,2025-01-17,5.7,-3.3,-4.5,-6.2,,28.2,6.9,,2.2,,0.0,0.0
德州,jma_seamless,2025-01-12,5,2025-01-17,5.8,-3.6,-4.5,-6.3,,26.6,6.3,,0.4,,0.0,0.0
德州,jma_seamless,2025-01-11,6,2025-01-17,7.6,-2.9,-3.8,-5.9,,21.6,7.4,,0.0,,0.0,0.0
德州,jma_seamless,2025-01-10,7,2025-01-17,6.2,-2.2,-4.2,-5.2,,26.3,7.6,,5.9,,0.0,0.0
德州,ecmwf_ifs025,2025-01-17,1,2025-01-18,9.7,-1.5,-1.8,-4.9,,32.9,9.3,,41.9,10.28,0.0,
德州,ecmwf_ifs025,2025-01-16,2,2025-01-18,9.0,-1.6,-2.6,-5.1,,32.9,9.4,,22.3,9.82,0.0,
德州,ecmwf_ifs025,2025-01-15,3,2025-01-18,7.7,-1.5,-2.9,-5.0,,41.0,9.7,,35.1,8.83,0.0,
德州,ecmwf_ifs025,2025-01-14,4,2025-01-18,6.9,-2.0,-2.5,-5.3,,41.2,8.5,,42.8,6.6,0.0,
德州,ecmwf_ifs025,2025-01-13,5,2025-01-18,7.9,-1.5,-2.3,-4.3,,44.3,7.4,,36.4,7.87,0.0,
德州,ecmwf_ifs025,2025-01-12,6,2025-01-18,7.6,-1.7,-2.5,-5.2,,51.5,9.5,,35.5,12.11,0.0,
德州,ecmwf_ifs025,2025-01-11,7,2025-01-18,7.3,-4.1,-3.3,-6.4,,50.7,5.3,,28.5,12.22,0.0,
德州,gfs_seamless,2025-01-17,1,2025-01-18,6.5,-1.6,-2.9,-5.8,,25.2,12.3,42.5,76.2,9.21,0.0,0.0
德州,gfs_seamless,2025-01-16,2,2025-01-18,6.6,-1.8,-2.9,-6.0,,25.5,11.9,40.3,71.0,8.24,0.0,0.0
德州,gfs_seamless,2025-01-15,3,2025-01-18,7.0,-1.1,-2.1,-5.0,,24.5,11.4,32.8,87.0,8.21,0.0,0.0
德州,gfs_seamless,2025-01-14,4,2025-01-18,7.9,-1.6,-1.6,-5.7,,28.9,11.7,32.8,75.7,9.81,0.0,0.0
德州,gfs_seamless,2025-01-13,5,2025-01-18,8.2,-1.2,-1.4,-4.7,,27.2,9.7,18.7,87.2,10.48,0.0,0.0
德州,gfs_seamless,2025-01-12,6,2025-01-18,10.1,-1.5,-2.2,-4.9,,26.9,9.3,23.4,90.5,11.03,0.0,0.0
德州,gfs_seamless,2025-01-11,7,2025-01-18,9.2,-0.3,-1.1,-2.7,,26.9,6.9,13.3,67.1,10.65,0.0,0.0
德州,jma_seamless,2025-01-17,1,2025-01-18,7.0,-2.7,-3.4,-5.8,,27.7,7.7,,39.5,,0.0,0.0
德州,jma_seamless,2025-01-16,2,2025-01-18,6.4,-2.8,-3.8,-5.8,,25.3,7.4,,32.1,,0.0,0.0
德州,jma_seamless,2025-01-15,3,2025-01-18,6.3,-3.0,-4.0,-5.9,,25.2,7.1,,44.0,,0.0,0.0
德州,jma_seamless,2025-01-14,4,2025-01-18,6.3,-2.9,-3.9,-5.7,,26.9,6.9,,38.3,,0.0,0.0
德州,jma_seamless,2025-01-13,5,2025-01-18,6.2,-3.2,-4.1,-6.4,,27.0,7.7,,22.2,,0.0,0.0
德州,jma_seamless,2025-01-12,6,2025-01-18,6.1,-2.0,-4.0,-5.4,,26.8,9.1,,27.2,,0.0,0.0
德州,jma_seamless,2025-01-11,7,2025-01-18,6.8,-2.0,-3.2,-4.3,,37.0,6.0,,32.9,,0.0,0.0
德州,ecmwf_ifs025,2025-01-18,1,2025-01-19,7.7,-3.4,-3.3,-5.7,,43.0,5.5,,0.0,10.48,0.0,
德州,ecmwf_ifs025,2025-01-17,2,2025-01-19,7.5,-4.1,-3.3,,,37.8,4.0,,1.6,10.52,0.0,
德州,ecmwf_ifs025,2025-01-16,3,2025-01-19,7.5,-3.7,-3.6,-6.0,,38.2,5.5,,3.6,10.52,0.0,
德州,ecmwf_ifs025,2025-01-15,4,2025-01-19,7.8,-4.2,-3.7,,,39.3,4.0,,0.0,10.58,0.0,
德州,ecmwf_ifs025,2025-01-14,5,2025-01-19,7.6,-3.9,-3.6,-6.2,,42.9,5.4,,0.2,10.52,0.0,
德州,ecmwf_ifs025,2025-01-13,6,2025-01-19,8.4,-4.7,-3.7,,,49.0,4.4,,10.1,12.27,0.0,
德州,ecmwf_ifs025,2025-01-12,7,2025-01-19,9.2,-4.5,-3.3,-6.8,,44.7,5.2,,0.0,12.41,0.0,
德州,gfs_seamless,2025-01-18,1,2025-01-19,5.2,0.0,-2.4,-2.9,,25.5,8.5,14.0,4.4,11.96,0.0,0.0
德州,gfs_seamless,2025-01-17,2,2025-01-19,5.3,0.0,-2.4,-2.9,,25.5,8.6,10.4,10.4,12.0,0.0,0.0
德州,gfs_seamless,2025-01-16,3,2025-01-19,6.3,0.1,-1.8,-2.6,,25.5,8.0,10.8,32.8,12.02,0.0,0.0
德州,gfs_seamless,2025-01-15,4,2025-01-19,7.3,0.4,-0.7,-1.6,,27.0,6.1,9.0,44.0,11.91,0.0,0.0
德州,gfs_seamless,2025-01-14,5,2025-01-19,8.4,0.7,-0.5,-1.4,,22.9,6.4,9.4,54.3,10.71,0.0,0.0
德州,gfs_seamless,2025-01-13,6,2025-01-19,8.5,-2.4,-0.6,-5.2,,22.5,6.9,14.4,16.9,11.76,0.0,0.0
德州,gfs_seamless,2025-01-12,7,2025-01-19,6.9,0.4,-0.9,-2.3,,25.8,8.2,24.1,39.9,11.75,0.0,0.0
德州,jma_seamless,2025-01-18,1,2025-01-19,6.3,-3.0,-4.0,,,27.4,4.6,,0.4,,0.0,0.0
德州,jma_seamless,2025-01-17,2,2025-01-19,6.1,-2.8,-4.1,,,26.5,4.3,,0.0,,0.0,0.0
德州,jma_seamless,2025-01-16,3,2025-01-19,6.3,-3.1,-4.3,,,25.5,3.4,,14.3,,0.0,0.0
德州,jma_seamless,2025-01-15,4,2025-01-19,6.3,-3.5,-4.2,,,32.1,1.5,,3.8,,0.0,0.0
德州,jma_seamless,2025-01-14,5,2025-01-19,6.0,-3.4,-4.3,,,36.4,1.8,,0.0,,0.0,0.0
德州,jma_seamless,2025-01-13,6,2025-01-19,7.1,-3.5,-3.9,,,30.1,3.4,,0.3,,0.0,0.0
德州,jma_seamless,2025-01-12,7,2025-01-19,7.9,-3.4,-3.6,,,37.7,3.5,,0.5,,0.0,0.0
德州,ecmwf_ifs025,2025-01-19,1,2025-01-20,10.5,-3.8,-2.7,-7.3,,30.6,8.3,,0.0,10.53,0.0,
德州,ecmwf_ifs025,2025-01-18,2,2025-01-20,10.1,-3.5,-2.6,-6.7,,36.1,7.6,,0.8,10.54,0.0,
德州,ecmwf_ifs025,2025-01-17,3,2025-01-20,9.9,-3.8,-2.8,-6.9,,32.7,7.3,,0.3,10.57,0.0,
德州,ecmwf_ifs025,2025-01-16,4,2025-01-20,9.7,-4.2,-3.2,-7.5,,33.9,7.5,,0.4,10.55,0.0,
德州,ecmwf_ifs025,2025-01-15,5,2025-01-20,9.0,-3.4,-3.0,-6.2,,29.4,6.7,,0.0,10.55,0.0,
德州,ecmwf_ifs025,2025-01-14,6,2025-01-20,8.2,-4.1,-3.7,-7.2,,36.6,7.0,,7.8,12.37,0.0,
德州,ecmwf_ifs025,2025-01-13,7,2025-01-20,9.3,-3.0,-2.5,-5.3,,41.5,5.7,,2.5,12.51,0.0,
德州,gfs_seamless,2025-01-19,1,2025-01-20,5.1,0.3,-2.5,-2.2,,25.6,7.3,15.8,0.0,12.0,0.0,0.0
德州,gfs_seamless,2025-01-18,2,2025-01-20,5.1,-0.3,-2.6,-2.8,,25.0,7.2,14.8,0.2,12.01,0.0,0.0
德州,gfs_seamless,2025-01-17,3,2025-01-20,5.5,-0.4,-0.5,-3.0,,33.6,7.3,13.3,0.2,12.01,0.0,0.0
德州,gfs_seamless,2025-01-16,4,2025-01-20,4.8,-0.6,-1.2,-3.1,,26.6,7.1,11.2,0.0,12.06,0.0,0.0
德州,gfs_seamless,2025-01-15,5,2025-01-20,4.7,0.4,-0.7,,,25.0,4.8,9.0,0.0,11.77,0.0,0.0
德州,gfs_seamless,2025-01-14,6,2025-01-20,10.3,-2.0,-2.7,-4.8,,28.3,7.1,18.7,0.0,11.74,0.0,0.0
德州,gfs_seamless,2025-01-13,7,2025-01-20,5.0,-0.4,-3.6,-2.4,,36.8,5.9,9.4,0.0,11.7,0.0,0.0
德州,jma_seamless,2025-01-19,1,2025-01-20,7.0,-2.9,-3.2,-5.0,,24.0,5.3,,0.2,,0.0,0.0
德州,jma_seamless,2025-01-18,2,2025-01-20,7.2,-2.5,-3.4,-4.4,,23.1,4.9,,0.0,,0.0,0.0
德州,jma_seamless,2025-01-17,3,2025-01-20,6.7,-2.9,-3.8,,,22.7,4.2,,0.6,,0.0,0.0
德州,jma_seamless,2025-01-16,4,2025-01-20,6.8,-3.1,-3.8,,,24.7,3.6,,0.0,,0.0,0.0
德州,jma_seamless,2025-01-15,5,2025-01-20,8.1,-2.6,-2.9,,,32.5,4.0,,0.0,,0.0,0.0
德州,jma_seamless,2025-01-14,6,2025-01-20,7.8,-3.4,-3.6,,,34.3,3.5,,0.0,,0.0,0.0
德州,jma_seamless,2025-01-13,7,2025-01-20,7.8,-2.3,-2.9,-4.9,,30.8,6.5,,0.0,,0.0,0.0
德州,ecmwf_ifs025,2025-01-20,1,2025-01-21,8.8,-2.8,-2.1,-6.3,,55.0,8.9,,14.9,10.38,0.0,
德州,ecmwf_ifs025,2025-01-19,2,2025-01-21,8.8,-2.3,-2.1,-5.8,,57.1,9.2,,29.6,10.23,0.0,
德州,ecmwf_ifs025,2025-01-18,3,2025-01-21,9.0,-2.1,-1.6,-5.2,,62.8,8.0,,27.4,10.12,0.0,
德州,ecmwf_ifs025,2025-01-17,4,2025-01-21,9.2,-2.3,-1.1,-5.1,,56.7,7.1,,38.4,10.02,0.0,
德州,ecmwf_ifs025,2025-01-16,5,2025-01-21,8.1,-2.5,-2.3,-6.2,,51.7,9.8,,36.2,8.96,0.0,
德州,ecmwf_ifs025,2025-01-15,6,2025-01-21,8.1,-1.9,-2.9,-5.0,,47.0,8.1,,22.5,12.46,0.0,
德州,ecmwf_ifs025,2025-01-14,7,2025-01-21,6.1,-3.4,-3.9,-7.4,,46.7,10.0,,0.4,12.63,0.0,
德州,gfs_seamless,2025-01-20,1,2025-01-21,7.5,0.3,-1.1,-3.0,,34.0,10.3,35.6,50.3,11.56,0.0,0.0
德州,gfs_seamless,2025-01-19,2,2025-01-21,6.9,-0.2,-1.6,-3.7,,32.6,10.4,33.8,54.8,11.19,0.0,0.0
德州,gfs_seamless,2025-01-18,3,2025-01-21,7.3,-0.3,-0.8,-3.7,,32.2,10.2,38.2,49.7,11.9,0.0,0.0
德州,gfs_seamless,2025-01-17,4,2025-01-21,7.4,-0.1,0.3,-2.6,,30.8,7.3,25.6,50.4,9.5,0.0,0.0
德州,gfs_seamless,2025-01-16,5,2025-01-21,7.4,-0.4,0.1,-2.8,,28.4,6.7,22.0,46.2,11.31,0.0,0.0
德州,gfs_seamless,2025-01-15,6,2025-01-21,9.5,-0.7,-2.8,-3.7,,32.0,8.6,18.0,11.0,11.66,0.0,0.0
德州,gfs_seamless,2025-01-14,7,2025-01-21,4.4,-0.6,-3.3,-4.1,,33.7,10.1,29.9,25.7,11.73,0.0,0.0
德州,jma_seamless,2025-01-20,1,2025-01-21,7.9,-2.2,-2.2,-4.6,,41.2,6.2,,32.6,,0.0,0.0
德州,jma_seamless,2025-01-19,2,2025-01-21,7.3,-2.5,-2.7,-4.9,,36.7,5.9,,39.8,,0.0,0.0
德州,jma_seamless,2025-01-18,3,2025-01-21,7.1,-2.4,-2.7,-4.6,,36.5,5.5,,33.0,,0.0,0.0
德州,jma_seamless,2025-01-17,4,2025-01-21,6.8,-2.7,-3.1,,,30.6,4.2,,33.1,,0.0,0.0
德州,jma_seamless,2025-01-16,5,2025-01-21,7.2,-2.0,-3.1,-4.4,,30.2,6.1,,25.6,,0.0,0.0
德州,jma_seamless,2025-01-15,6,2025-01-21,5.2,-1.7,-3.2,-4.1,,32.0,6.2,,4.0,,0.0,0.0
德州,jma_seamless,2025-01-14,7,2025-01-21,6.7,-2.6,-2.9,-5.0,,31.2,5.9,,1.6,,0.0,0.0
德州,ecmwf_ifs025,2025-01-21,1,2025-01-22,7.4,-2.0,-3.1,-6.1,,63.0,11.3,,21.4,9.78,0.0,
德州,ecmwf_ifs025,2025-01-20,2,2025-01-22,7.4,-1.8,-2.8,-5.9,,61.2,11.6,,21.3,10.08,0.0,
德州,ecmwf_ifs025,2025-01-19,3,2025-01-22,7.1,-1.7,-2.9,-5.7,,61.6,11.5,,25.7,10.16,0.0,
德州,ecmwf_ifs025,2025-01-18,4,2025-01-22,5.6,-1.7,-2.1,-4.9,,72.3,8.4,,30.0,6.54,0.9,
德州,ecmwf_ifs025,2025-01-17,5,2025-01-22,6.7,-1.6,-2.0,-4.9,,76.4,9.0,,21.7,8.7,0.0,
德州,ecmwf_ifs025,2025-01-16,6,2025-01-22,6.7,-2.8,-3.0,-6.3,,63.0,8.8,,10.4,12.56,0.0,
德州,ecmwf_ifs025,2025-01-15,7,2025-01-22,6.3,-4.9,-4.2,-8.2,,56.7,7.3,,15.5,12.71,0.0,
德州,gfs_seamless,2025-01-21,1,2025-01-22,5.3,0.2,-2.0,-4.0,,48.3,14.2,32.8,32.8,11.84,0.0,0.0
德州,gfs_seamless,2025-01-20,2,2025-01-22,5.3,0.2,-1.4,-4.0,,46.8,14.2,33.5,49.8,11.33,0.0,0.0
德州,gfs_seamless,2025-01-19,3,2025-01-22,4.2,0.4,-2.2,-3.5,,50.0,12.7,27.0,43.8,11.77,0.3,0.1
德州,gfs_seamless,2025-01-18,4,2025-01-22,6.2,0.2,-0.2,-3.5,,54.6,11.7,24.8,50.1,11.35,0.2,0.0
德州,gfs_seamless,2025-01-17,5,2025-01-22,7.2,0.6,-0.4,-2.3,,53.2,9.0,19.4,67.5,10.4,0.0,0.0
德州,gfs_seamless,2025-01-16,6,2025-01-22,9.0,-0.4,-2.3,-4.1,,44.5,11.2,30.6,53.6,10.4,0.0,0.0
德州,gfs_seamless,2025-01-15,7,2025-01-22,3.6,-0.4,-3.9,-3.8,,39.3,10.0,36.7,25.5,11.83,0.0,0.0
德州,jma_seamless,2025-01-21,1,2025-01-22,6.5,-1.6,-2.6,-4.8,,59.3,8.5,,9.8,,0.0,0.0
德州,jma_seamless,2025-01-20,2,2025-01-22,6.6,-1.7,-2.6,-4.8,,63.4,8.2,,6.8,,0.0,0.0
德州,jma_seamless,2025-01-19,3,2025-01-22,6.0,-2.1,-2.8,-4.7,,65.6,6.7,,6.8,,0.0,0.0
德州,jma_seamless,2025-01-18,4,2025-01-22,5.5,-2.2,-3.0,-4.2,,64.7,5.3,,1.4,,0.0,0.0
德州,jma_seamless,2025-01-17,5,2025-01-22,5.1,-2.2,-3.1,,,73.8,4.4,,7.0,,0.0,0.0
德州,jma_seamless,2025-01-16,6,2025-01-22,6.4,-2.4,-3.1,,,54.8,4.5,,0.3,,0.0,0.0
德州,jma_seamless,2025-01-15,7,2025-01-22,4.9,-2.8,-4.0,,,41.4,4.8,,6.9,,0.0,0.0
德州,ecmwf_ifs025,2025-01-22,1,2025-01-23,6.4,-3.7,-2.9,,,76.3,4.6,,3.0,10.16,0.0,
德州,ecmwf_ifs025,2025-01-21,2,2025-01-23,6.5,-3.7,-3.0,-6.2,,78.7,5.9,,17.5,10.04,0.0,
德州,ecmwf_ifs025,2025-01-20,3,2025-01-23,6.2,-3.5,-3.0,-5.9,,79.0,5.7,,10.8,9.93,0.0,
德州,ecmwf_ifs025,2025-01-19,4,2025-01-23,6.2,-3.8,-3.2,-6.4,,75.6,6.0,,9.5,9.91,0.0,
德州,ecmwf_ifs025,2025-01-18,5,2025-01-23,4.7,-2.7,-3.0,-5.9,,90.1,7.9,,41.0,5.82,0.0,
德州,ecmwf_ifs025,2025-01-17,6,2025-01-23,7.0,-3.6,-1.8,-6.0,,78.2,5.6,,28.7,12.65,0.0,
德州,ecmwf_ifs025,2025-01-16,7,2025-01-23,7.5,-3.8,-3.0,,,62.2,4.7,,0.0,12.83,0.0,
德州,gfs_seamless,2025-01-22,1,2025-01-23,6.3,-0.4,-2.1,-3.6,,55.6,9.4,23.4,33.4,11.12,0.0,0.0
德州,gfs_seamless,2025-01-21,2,2025-01-23,5.6,-0.1,-1.9,-3.6,,57.8,10.6,22.0,43.1,10.94,0.0,0.0
德州,gfs_seamless,2025-01-20,3,2025-01-23,4.9,0.0,-2.2,-3.5,,57.0,10.7,26.3,24.1,11.98,0.0,0.0
德州,gfs_seamless,2025-01-19,4,2025-01-23,4.4,-0.2,-2.0,-3.4,,51.7,9.5,19.8,16.9,12.1,0.0,0.0
德州,gfs_seamless,2025-01-18,5,2025-01-23,5.4,0.0,-1.5,-3.0,,65.9,8.7,13.7,12.2,11.71,0.0,0.0
德州,gfs_seamless,2025-01-17,6,2025-01-23,9.1,-2.1,-0.3,-4.9,,54.8,7.1,25.6,35.5,11.55,0.0,0.0
德州,gfs_seamless,2025-01-16,7,2025-01-23,4.3,-0.1,-2.9,-3.1,,53.5,8.8,24.8,8.7,11.87,0.0,0.0
德州,jma_seamless,2025-01-22,1,2025-01-23,5.8,-2.6,-2.4,,,65.5,4.2,,34.5,,0.0,0.0
德州,jma_seamless,2025-01-21,2,2025-01-23,5.9,-2.5,-2.4,-4.6,,67.9,5.4,,52.1,,0.0,0.0
德州,jma_seamless,2025-01-20,3,2025-01-23,5.9,-2.6,-2.5,,,69.5,4.1,,1.4,,0.0,0.0
德州,jma_seamless,2025-01-19,4,2025-01-23,6.6,-3.0,-2.5,,,61.0,2.3,,2.3,,0.0,0.0
德州,jma_seamless,2025-01-18,5,2025-01-23,6.2,-3.0,-2.4,,,78.8,1.4,,5.7,,0.0,0.0
德州,jma_seamless,2025-01-17,6,2025-01-23,7.0,-2.9,-2.2,,,74.5,0.9,,0.0,,0.0,0.0
德州,jma_seamless,2025-01-16,7,2025-01-23,7.9,-2.5,-2.1,,,60.1,1.9,,2.2,,0.0,0.0
德州,ecmwf_ifs025,2025-01-23,1,2025-01-24,7.6,-3.1,-2.9,-6.5,,77.5,8.3,,19.6,9.94,0.0,
德州,ecmwf_ifs025,2025-01-22,2,2025-01-24,8.3,-2.5,-2.0,-5.8,,79.9,8.4,,17.9,9.73,0.0,
德州,ecmwf_ifs025,2025-01-21,3,2025-01-24,5.4,-1.9,-1.7,-5.1,,88.9,8.3,,62.4,3.36,1.8,
德州,ecmwf_ifs025,2025-01-20,4,2025-01-24,6.8,-2.2,-1.7,-5.9,,85.4,9.8,,29.5,6.9,0.0,
德州,ecmwf_ifs025,2025-01-19,5,2025-01-24,8.0,-1.9,-1.3,-5.6,,80.9,10.2,,50.8,8.22,0.0,
德州,ecmwf_ifs025,2025-01-18,6,2025-01-24,7.4,-1.3,-0.6,-5.0,,84.4,10.6,,66.5,12.41,0.0,
德州,ecmwf_ifs025,2025-01-17,7,2025-01-24,7.9,-3.0,-2.1,-6.5,,76.5,8.8,,27.7,12.93,0.0,
德州,gfs_seamless,2025-01-23,1,2025-01-24,5.7,-0.3,-1.9,-4.7,,61.6,14.3,34.2,54.8,11.48,0.0,0.0
德州,gfs_seamless,2025-01-22,2,2025-01-24,5.6,0.4,-1.8,-3.8,,55.6,14.4,35.3,78.5,11.62,0.0,0.0
德州,gfs_seamless,2025-01-21,3,2025-01-24,5.6,0.1,-2.8,-3.9,,52.6,13.0,32.8,77.8,11.24,0.0,0.0
德州,gfs_seamless,2025-01-20,4,2025-01-24,5.1,-0.5,-1.5,-4.1,,49.2,10.8,25.9,64.0,11.44,0.0,0.0
德州,gfs_seamless,2025-01-19,5,2025-01-24,4.6,0.0,-1.7,-3.3,,50.5,10.1,20.9,36.2,11.43,0.0,0.0
德州,gfs_seamless,2025-01-18,6,2025-01-24,8.2,-1.2,-3.0,-4.7,,51.1,9.7,27.0,20.0,11.98,0.0,0.0
德州,gfs_seamless,2025-01-17,7,2025-01-24,9.5,0.2,-0.7,-3.7,,40.7,12.8,56.9,63.2,9.69,0.0,0.0
德州,jma_seamless,2025-01-23,1,2025-01-24,6.6,-1.6,-1.9,-4.6,,76.2,8.0,,62.4,,0.0,0.0
德州,jma_seamless,2025-01-22,2,2025-01-24,7.8,-2.0,-1.2,-4.6,,76.4,6.7,,37.9,,0.0,0.0
德州,jma_seamless,2025-01-21,3,2025-01-24,6.1,-1.6,-1.1,-3.9,,80.1,6.1,,61.3,,0.0,0.0
德州,jma_seamless,2025-01-20,4,2025-01-24,6.3,-2.3,-1.6,-4.3,,79.9,5.2,,45.0,,0.0,0.0
德州,jma_seamless,2025-01-19,5,2025-01-24,6.0,-2.5,-2.5,-4.5,,78.5,5.2,,21.2,,0.0,0.0
德州,jma_seamless,2025-01-18,6,2025-01-24,6.2,-2.0,-2.3,-4.1,,80.9,5.5,,10.2,,0.0,0.0
德州,jma_seamless,2025-01-17,7,2025-01-24,6.7,-2.3,-0.7,,,84.8,4.4,,68.4,,0.0,0.0
德州,ecmwf_ifs025,2025-01-24,1,2025-01-25,4.3,-1.9,-3.0,-4.7,,76.2,7.3,,76.6,7.29,0.0,
德州,ecmwf_ifs025,2025-01-23,2,2025-01-25,4.6,-1.6,-2.6,-4.4,,76.2,7.4,,73.4,8.33,0.0,
德州,ecmwf_ifs025,2025-01-22,3,2025-01-25,5.6,-0.1,-1.6,-3.1,,71.2,8.9,,76.2,7.93,0.0,
德州,ecmwf_ifs025,2025-01-21,4,2025-01-25,6.2,0.5,-1.1,-2.3,,68.0,8.5,,94.5,4.49,0.0,
德州,ecmwf_ifs025,2025-01-20,5,2025-01-25,5.7,-1.0,-1.7,-3.9,,71.3,8.0,,79.5,6.07,0.0,
德州,ecmwf_ifs025,2025-01-19,6,2025-01-25,2.0,-0.6,-2.9,-3.6,,88.1,8.6,,89.9,4.37,3.6,
德州,ecmwf_ifs025,2025-01-18,7,2025-01-25,5.3,-1.7,-2.8,-4.9,,73.4,8.6,,70.2,12.66,1.5,
德州,gfs_seamless,2025-01-24,1,2025-01-25,4.9,0.6,-2.2,-2.8,,58.6,11.0,32.4,89.4,7.92,0.0,0.0
德州,gfs_seamless,2025-01-23,2,2025-01-25,4.7,0.7,-2.4,-2.6,,57.5,10.5,29.2,100.0,8.24,0.2,0.1
德州,gfs_seamless,2025-01-22,3,2025-01-25,4.8,0.6,-4.5,-2.6,,55.1,9.9,23.4,58.7,10.17,0.4,0.2
德州,gfs_seamless,2025-01-21,4,2025-01-25,5.3,-0.1,-1.6,-2.5,,47.3,7.0,17.6,100.0,9.04,0.0,0.0
德州,gfs_seamless,2025-01-20,5,2025-01-25,6.4,-0.2,-0.5,-2.7,,56.6,7.2,18.4,100.0,6.23,0.3,0.0
德州,gfs_seamless,2025-01-19,6,2025-01-25,6.3,-1.3,-2.2,-4.5,,66.6,8.7,24.5,99.7,7.12,0.9,0.2
德州,gfs_seamless,2025-01-18,7,2025-01-25,3.6,0.1,-3.0,-4.3,,56.7,15.1,57.6,91.1,4.35,1.1,0.5
德州,jma_seamless,2025-01-24,1,2025-01-25,4.8,-1.3,-2.0,-3.8,,71.2,6.7,,79.8,,0.0,0.0
德州,jma_seamless,2025-01-23,2,2025-01-25,5.6,0.1,-1.0,-2.5,,69.0,7.7,,86.3,,0.0,0.0
德州,jma_seamless,2025-01-22,3,2025-01-25,6.2,0.1,-0.3,-1.7,,76.6,5.6,,79.0,,0.3,0.0
德州,jma_seamless,2025-01-21,4,2025-01-25,5.6,-0.5,-0.4,,,87.3,3.0,,93.1,,4.5,0.0
德州,jma_seamless,2025-01-20,5,2025-01-25,4.5,-1.5,-1.5,,,92.6,3.5,,90.3,,4.8,0.0
德州,jma_seamless,2025-01-19,6,2025-01-25,3.3,-0.8,-1.3,,,92.5,4.0,,97.3,,2.7,0.0
德州,jma_seamless,2025-01-18,7,2025-01-25,2.3,-0.8,-1.4,,,94.8,3.1,,91.5,,5.1,0.6
德州,ecmwf_ifs025,2025-01-25,1,2025-01-26,-0.1,-4.0,-6.8,-9.0,,64.2,13.6,,53.2,5.75,2.4,
德州,ecmwf_ifs025,2025-01-24,2,2025-01-26,0.3,-4.3,-6.7,-9.4,,66.4,13.6,,56.3,5.11,2.4,
德州,ecmwf_ifs025,2025-01-23,3,2025-01-26,0.2,-4.4,-6.4,-9.1,,71.5,12.0,,58.1,4.91,3.9,
德州,ecmwf_ifs025,2025-01-22,4,2025-01-26,0.5,-5.9,-6.3,-11.2,,76.3,12.8,,55.8,4.34,5.4,
德州,ecmwf_ifs025,2025-01-21,5,2025-01-26,0.8,-5.1,-6.0,-10.1,,79.9,12.4,,61.4,6.96,3.9,
德州,ecmwf_ifs025,2025-01-20,6,2025-01-26,1.1,-5.2,-5.1,-10.0,,83.3,11.6,,70.0,10.79,6.9,
德州,ecmwf_ifs025,2025-01-19,7,2025-01-26,-0.3,-4.4,-7.1,-9.7,,86.7,14.4,,82.5,8.63,7.8,
德州,gfs_seamless,2025-01-25,1,2025-01-26,2.9,-1.9,-2.9,-7.8,,54.5,21.3,64.8,55.7,11.41,2.5,1.2
德州,gfs_seamless,2025-01-24,2,2025-01-26,3.7,-2.1,-3.0,-7.7,,52.7,19.0,56.2,47.4,11.58,1.6,0.8
德州,gfs_seamless,2025-01-23,3,2025-01-26,3.3,-1.5,-8.7,-7.2,,49.0,20.6,52.9,49.8,12.18,1.1,0.4
德州,gfs_seamless,2025-01-22,4,2025-01-26,3.5,-1.2,-5.0,-7.3,,46.2,24.0,58.0,50.2,12.0,0.7,0.3
德州,gfs_seamless,2025-01-21,5,2025-01-26,3.2,0.2,-5.7,-5.4,,34.1,22.8,54.7,31.6,12.74,0.2,0.0
德州,gfs_seamless,2025-01-20,6,2025-01-26,1.9,-5.1,-5.7,-12.1,,23.1,22.7,53.6,14.4,13.0,0.0,0.0
德州,gfs_seamless,2025-01-19,7,2025-01-26,2.9,-2.5,-6.3,-9.2,,35.2,25.3,62.3,50.2,11.59,0.1,0.1
德州,jma_seamless,2025-01-25,1,2025-01-26,2.7,-2.0,-5.4,-6.4,,49.8,12.7,,36.6,,1.8,1.3
德州,jma_seamless,2025-01-24,2,2025-01-26,3.7,-2.2,-5.1,-6.5,,49.6,12.3,,37.2,,2.4,1.3
德州,jma_seamless,2025-01-23,3,2025-01-26,2.7,-2.1,-5.0,-6.6,,51.6,13.0,,45.2,,3.9,2.3
德州,jma_seamless,2025-01-22,4,2025-01-26,3.3,-2.2,-4.4,-6.9,,53.8,13.8,,48.1,,5.7,1.0
德州,jma_seamless,2025-01-21,5,2025-01-26,2.2,-1.7,-5.2,-7.0,,38.4,17.7,,22.9,,1.2,0.0
德州,jma_seamless,2025-01-20,6,2025-01-26,2.5,-2.4,-4.6,-7.3,,48.2,14.5,,22.9,,0.3,0.0
德州,jma_seamless,2025-01-19,7,2025-01-26,0.7,-3.0,-7.3,-8.3,,29.8,15.9,,22.9,,0.3,0.0
德州,ecmwf_ifs025,2025-01-26,1,2025-01-27,-1.0,-6.2,-10.4,-12.7,,23.2,18.2,,0.0,11.46,0.0,
德州,ecmwf_ifs025,2025-01-25,2,2025-01-27,-1.3,-6.3,-10.5,-12.8,,27.3,17.8,,0.0,11.54,0.0,
德州,ecmwf_ifs025,2025-01-24,3,2025-01-27,-1.2,-6.8,-10.5,-13.3,,30.4,17.5,,0.0,11.51,0.0,
德州,ecmwf_ifs025,2025-01-23,4,2025-01-27,-0.7,-7.5,-10.4,-13.7,,38.4,15.0,,1.2,11.53,0.0,
德州,ecmwf_ifs025,2025-01-22,5,2025-01-27,-3.0,-8.3,-11.7,-14.1,,53.4,13.0,,2.5,11.64,0.0,
德州,ecmwf_ifs025,2025-01-21,6,2025-01-27,-5.0,-8.8,-12.9,-15.9,,51.9,17.6,,0.0,13.18,0.0,
德州,ecmwf_ifs025,2025-01-20,7,2025-01-27,-4.3,-8.4,-12.6,-15.8,,57.5,19.9,,25.7,13.44,0.6,
德州,gfs_seamless,2025-01-26,1,2025-01-27,-1.7,-4.6,-11.4,-11.8,,27.2,24.6,59.0,0.0,13.33,0.0,0.0
德州,gfs_seamless,2025-01-25,2,2025-01-27,-1.1,-2.9,-10.7,-9.1,,24.5,21.1,53.3,0.0,13.31,0.0,0.0
德州,gfs_seamless,2025-01-24,3,2025-01-27,-0.5,-2.8,-9.5,-7.9,,26.7,15.2,49.0,0.7,13.2,0.0,0.0
德州,gfs_seamless,2025-01-23,4,2025-01-27,-0.5,-2.7,-8.7,-8.3,,21.8,17.8,52.9,1.0,13.28,0.0,0.0
德州,gfs_seamless,2025-01-22,5,2025-01-27,0.2,-2.8,-8.2,-7.4,,21.5,12.8,28.1,0.3,13.01,0.0,0.0
德州,gfs_seamless,2025-01-21,6,2025-01-27,4.6,-6.9,-9.6,-12.0,,19.8,11.6,41.4,2.9,12.93,0.0,0.0
德州,gfs_seamless,2025-01-20,7,2025-01-27,-0.5,-4.3,-9.9,-8.0,,20.2,8.6,27.0,20.8,12.87,0.0,0.0
德州,jma_seamless,2025-01-26,1,2025-01-27,-0.9,-4.0,-8.6,-9.3,,13.7,14.8,,0.0,,0.0,0.0
德州,jma_seamless,2025-01-25,2,2025-01-27,-1.1,-4.2,-9.0,-9.8,,14.9,15.8,,0.0,,0.0,0.0
德州,jma_seamless,2025-01-24,3,2025-01-27,-0.9,-4.4,-9.0,-10.3,,16.8,17.1,,0.0,,0.0,0.0
德州,jma_seamless,2025-01-23,4,2025-01-27,-1.4,-4.5,-9.2,-10.4,,16.1,17.0,,0.0,,0.0,0.0
德州,jma_seamless,2025-01-22,5,2025-01-27,-1.4,-3.9,-9.0,-9.4,,15.7,15.8,,0.0,,0.0,0.0
德州,jma_seamless,2025-01-21,6,2025-01-27,-1.1,-3.5,-7.9,-7.5,,14.0,9.9,,0.0,,0.0,0.0
德州,jma_seamless,2025-01-20,7,2025-01-27,-0.9,-3.8,-7.8,-6.9,,13.1,7.1,,0.0,,0.0,0.0
德州,ecmwf_ifs025,2025-01-27,1,2025-01-28,0.6,-10.3,-9.2,-13.2,,23.7,4.9,,0.0,11.51,0.0,
德州,ecmwf_ifs025,2025-01-26,2,2025-01-28,1.4,-8.1,-8.8,-11.8,,21.3,6.9,,0.0,11.41,0.0,
德州,ecmwf_ifs025,2025-01-25,3,2025-01-28,0.6,-9.2,-8.9,,,24.8,4.2,,0.0,11.39,0.0,
德州,ecmwf_ifs025,2025-01-24,4,2025-01-28,1.3,-10.3,-9.0,,,27.3,4.8,,0.7,11.43,0.0,
德州,ecmwf_ifs025,2025-01-23,5,2025-01-28,1.0,-10.0,-9.1,-13.6,,29.5,6.1,,8.3,11.49,0.0,
德州,ecmwf_ifs025,2025-01-22,6,2025-01-28,-0.5,-10.5,-11.0,-14.8,,44.5,7.4,,2.0,13.28,0.0,
德州,ecmwf_ifs025,2025-01-21,7,2025-01-28,-2.8,-10.2,-12.0,-16.9,,38.6,14.7,,0.4,13.55,0.0,
德州,gfs_seamless,2025-01-27,1,2025-01-28,-1.4,-3.1,-10.6,-6.6,,28.9,8.7,25.2,0.0,13.27,0.0,0.0
德州,gfs_seamless,2025-01-26,2,2025-01-28,-1.4,-3.1,-11.1,-6.0,,28.8,7.0,24.5,0.8,13.31,0.0,0.0
德州,gfs_seamless,2025-01-25,3,2025-01-28,-1.8,-4.6,-9.5,-9.3,,22.1,11.6,51.8,1.4,13.36,0.0,0.0
德州,gfs_seamless,2025-01-24,4,2025-01-28,-1.8,-3.6,-9.7,-8.3,,20.5,12.6,38.2,0.0,13.55,0.0,0.0
德州,gfs_seamless,2025-01-23,5,2025-01-28,-1.6,-3.1,-6.1,-6.2,,23.1,7.5,15.1,18.3,13.0,0.0,0.0
德州,gfs_seamless,2025-01-22,6,2025-01-28,2.7,-7.5,-9.9,-12.5,,22.1,10.8,30.2,22.9,12.85,0.0,0.0
德州,gfs_seamless,2025-01-21,7,2025-01-28,-0.9,-4.4,-9.3,-8.7,,19.0,10.4,33.8,5.8,13.02,0.0,0.0
德州,jma_seamless,2025-01-27,1,2025-01-28,0.2,-3.9,-7.4,-6.7,,14.1,6.5,,0.0,,0.0,0.0
德州,jma_seamless,2025-01-26,2,2025-01-28,0.2,-4.2,-7.6,-6.9,,13.2,6.0,,0.0,,0.0,0.0
德州,jma_seamless,2025-01-25,3,2025-01-28,0.3,-4.4,-7.9,-7.7,,13.8,7.5,,0.0,,0.0,0.0
德州,jma_seamless,2025-01-24,4,2025-01-28,-0.3,-4.5,-8.1,-8.2,,14.2,8.4,,0.0,,0.0,0.0
德州,jma_seamless,2025-01-23,5,2025-01-28,-0.3,-4.8,-8.5,-8.6,,13.5,8.7,,0.0,,0.0,0.0
德州,jma_seamless,2025-01-22,6,2025-01-28,0.5,-3.6,-7.3,-6.8,,14.7,7.5,,0.0,,0.0,0.0
德州,jma_seamless,2025-01-21,7,2025-01-28,3.5,-3.3,-5.8,-5.7,,15.7,5.8,,0.0,,0.0,0.0
德州,ecmwf_ifs025,2025-01-28,1,2025-01-29,6.3,-6.4,-6.3,-10.6,,25.3,8.8,,15.6,11.34,0.0,
德州,ecmwf_ifs025,2025-01-27,2,2025-01-29,5.3,-5.9,-6.4,-9.8,,23.2,8.3,,12.6,11.43,0.0,
德州,ecmwf_ifs025,2025-01-26,3,2025-01-29,6.0,-5.9,-5.7,-9.4,,21.9,7.3,,15.0,11.36,0.0,
德州,ecmwf_ifs025,2025-01-25,4,2025-01-29,3.8,-6.8,-6.8,-11.0,,27.0,8.6,,16.5,11.38,0.0,
德州,ecmwf_ifs025,2025-01-24,5,2025-01-29,3.8,-7.3,-7.5,-12.3,,27.8,10.7,,27.3,11.39,0.0,
德州,ecmwf_ifs025,2025-01-23,6,2025-01-29,5.5,-8.8,-7.2,-12.5,,35.0,6.8,,4.5,13.38,0.0,
德州,ecmwf_ifs025,2025-01-22,7,2025-01-29,2.8,-9.0,-8.9,-14.1,,41.7,10.1,,17.5,13.67,0.0,
德州,gfs_seamless,2025-01-28,1,2025-01-29,6.9,-5.2,-5.2,-9.6,,31.2,10.2,24.1,18.6,13.97,0.0,0.0
德州,gfs_seamless,2025-01-27,2,2025-01-29,5.7,-5.7,-5.5,-10.2,,27.8,10.3,32.0,19.3,13.97,0.0,0.0
德州,gfs_seamless,2025-01-26,3,2025-01-29,6.6,-6.0,-5.4,-10.5,,24.1,10.1,23.4,17.9,14.03,0.0,0.0
德州,gfs_seamless,2025-01-25,4,2025-01-29,6.0,-7.1,-5.9,-11.0,,21.7,7.7,31.3,13.3,14.07,0.0,0.0
德州,gfs_seamless,2025-01-24,5,2025-01-29,5.2,-6.2,-6.1,-10.9,,21.6,10.7,27.4,18.5,13.89,0.0,0.0
德州,gfs_seamless,2025-01-23,6,2025-01-29,6.6,-5.2,-4.8,-9.1,,23.1,8.7,28.1,34.5,13.45,0.0,0.0
德州,gfs_seamless,2025-01-22,7,2025-01-29,0.5,-6.9,-10.0,-13.0,,38.2,15.5,37.4,70.2,10.79,0.0,0.0
德州,jma_seamless,2025-01-28,1,2025-01-29,4.7,-3.6,-5.4,-6.4,,18.0,6.6,,7.7,,0.0,0.0
德州,jma_seamless,2025-01-27,2,2025-01-29,5.1,-4.0,-5.4,-6.6,,16.7,6.0,,6.4,,0.0,0.0
德州,jma_seamless,2025-01-26,3,2025-01-29,5.1,-3.9,-5.3,-6.8,,17.1,6.6,,10.0,,0.0,0.0
德州,jma_seamless,2025-01-25,4,2025-01-29,4.2,-3.4,-5.2,-5.9,,17.7,5.9,,2.2,,0.0,0.0
德州,jma_seamless,2025-01-24,5,2025-01-29,5.0,-4.7,-5.5,-8.4,,17.5,8.3,,11.3,,0.0,0.0
德州,jma_seamless,2025-01-23,6,2025-01-29,5.1,-3.6,-5.2,-7.0,,16.8,8.0,,0.8,,0.0,0.0
德州,jma_seamless,2025-01-22,7,2025-01-29,4.2,-2.9,-5.3,-5.1,,20.4,5.5,,0.0,,0.0,0.0
德州,ecmwf_ifs025,2025-01-29,1,2025-01-30,3.0,-3.3,-5.1,-7.9,,67.8,12.4,,57.1,5.26,0.0,
德州,ecmwf_ifs025,2025-01-28,2,2025-01-30,2.0,-3.7,-6.0,-8.3,,66.5,12.2,,59.9,4.03,0.0,
德州,ecmwf_ifs025,2025-01-27,3,2025-01-30,4.4,-3.1,-4.3,-6.3,,58.3,7.8,,21.5,11.06,0.0,
德州,ecmwf_ifs025,2025-01-26,4,2025-01-30,4.3,-4.0,-5.2,-7.7,,47.8,8.7,,22.2,11.16,0.0,
德州,ecmwf_ifs025,2025-01-25,5,2025-01-30,4.8,-3.6,-4.9,-6.6,,47.8,7.1,,34.2,11.11,0.0,
德州,ecmwf_ifs025,2025-01-24,6,2025-01-30,4.5,-4.8,-6.0,-8.7,,45.0,9.0,,23.6,13.51,0.0,
德州,ecmwf_ifs025,2025-01-23,7,2025-01-30,6.0,-8.1,-6.4,-13.7,,45.3,12.2,,8.4,13.77,0.0,
德州,gfs_seamless,2025-01-29,1,2025-01-30,4.7,-2.7,-4.4,-7.1,,63.1,12.2,30.6,88.8,12.77,0.0,0.0
德州,gfs_seamless,2025-01-28,2,2025-01-30,4.4,-2.9,-4.5,-7.2,,60.3,11.5,31.7,94.5,13.38,0.0,0.0
德州,gfs_seamless,2025-01-27,3,2025-01-30,5.9,-1.1,-2.4,-4.2,,46.4,8.6,25.2,83.7,12.85,0.0,0.0
德州,gfs_seamless,2025-01-26,4,2025-01-30,6.7,-0.0,-2.6,-4.3,,38.9,14.6,44.6,54.7,12.42,0.0,0.0
德州,gfs_seamless,2025-01-25,5,2025-01-30,9.1,-2.3,-3.0,-7.2,,36.9,14.8,43.9,43.4,11.42,0.0,0.0
德州,gfs_seamless,2025-01-24,6,2025-01-30,7.7,-2.2,-2.0,-5.5,,40.0,8.5,20.5,79.9,9.72,0.0,0.0
德州,gfs_seamless,2025-01-23,7,2025-01-30,6.0,-7.6,-6.4,-13.4,,40.5,13.5,47.9,15.1,12.73,0.0,0.0
德州,jma_seamless,2025-01-29,1,2025-01-30,4.6,-2.6,-4.4,-6.2,,59.4,9.2,,17.3,,0.0,0.0
德州,jma_seamless,2025-01-28,2,2025-01-30,4.6,-2.7,-4.7,-6.0,,43.7,8.3,,12.3,,0.0,0.0
德州,jma_seamless,2025-01-27,3,2025-01-30,4.4,-2.7,-4.4,-5.4,,37.0,6.7,,22.8,,0.0,0.0
德州,jma_seamless,2025-01-26,4,2025-01-30,4.7,-1.8,-4.2,-4.3,,31.7,6.5,,16.5,,0.0,0.0
德州,jma_seamless,2025-01-25,5,2025-01-30,7.5,-2.4,-2.8,-5.6,,30.5,8.2,,11.1,,0.0,0.0
德州,jma_seamless,2025-01-24,6,2025-01-30,7.0,-1.1,-2.8,-3.5,,38.4,6.4,,4.5,,0.0,0.0
德州,jma_seamless,2025-01-23,7,2025-01-30,1.2,-2.2,-5.9,-5.8,,24.7,9.5,,0.2,,0.0,0.0
德州,ecmwf_ifs025,2025-01-30,1,2025-01-31,1.0,-0.9,-4.6,-5.0,,81.8,12.6,,93.0,2.84,0.0,
德州,ecmwf_ifs025,2025-01-29,2,2025-01-31,1.7,-1.7,-4.6,-6.1,,78.2,12.9,,98.4,3.32,0.0,
德州,ecmwf_ifs025,2025-01-28,3,2025-01-31,1.0,-1.6,-4.9,-6.3,,81.7,14.5,,100.0,2.71,0.0,
德州,ecmwf_ifs025,2025-01-27,4,2025-01-31,0.6,-1.9,-5.5,-6.5,,80.0,13.9,,99.5,3.36,0.0,
德州,ecmwf_ifs025,2025-01-26,5,2025-01-31,0.5,-2.8,-5.7,-7.7,,78.4,14.1,,97.9,2.65,0.0,
德州,ecmwf_ifs025,2025-01-25,6,2025-01-31,1.4,-3.6,-5.9,-8.1,,71.6,11.8,,50.5,13.51,0.9,
德州,ecmwf_ifs025,2025-01-24,7,2025-01-31,4.3,-4.8,-5.0,-8.4,,67.6,8.1,,43.2,13.9,0.0,
德州,gfs_seamless,2025-01-30,1,2025-01-31,1.9,-1.6,-5.0,-6.5,,78.8,15.8,32.8,100.0,5.43,0.0,0.0
德州,gfs_seamless,2025-01-29,2,2025-01-31,3.0,-2.0,-4.6,-6.9,,75.4,15.1,28.4,100.0,5.37,0.0,0.0
德州,gfs_seamless,2025-01-28,3,2025-01-31,3.5,-2.1,-4.6,-7.0,,75.9,14.9,31.0,100.0,2.68,0.8,0.0
德州,gfs_seamless,2025-01-27,4,2025-01-31,4.2,-3.3,-4.7,-8.8,,70.6,16.7,30.6,94.8,6.0,0.0,0.0
德州,gfs_seamless,2025-01-26,5,2025-01-31,4.8,-4.4,-5.7,-9.5,,42.7,13.5,42.5,55.8,8.55,0.0,0.0
德州,gfs_seamless,2025-01-25,6,2025-01-31,5.5,-4.0,-5.2,-8.8,,35.0,12.8,30.2,3.5,11.3,0.0,0.0
德州,gfs_seamless,2025-01-24,7,2025-01-31,6.3,-6.5,-5.9,-13.2,,41.9,18.7,55.8,38.7,5.39,0.9,0.1
德州,jma_seamless,2025-01-30,1,2025-01-31,2.6,-2.1,-4.1,-5.4,,74.0,8.7,,73.1,,0.0,0.0
德州,jma_seamless,2025-01-29,2,2025-01-31,2.6,-1.9,-3.9,-5.2,,77.7,8.8,,80.7,,0.0,0.0
德州,jma_seamless,2025-01-28,3,2025-01-31,3.5,-2.2,-3.7,-5.5,,83.8,8.5,,79.0,,0.0,0.0
德州,jma_seamless,2025-01-27,4,2025-01-31,3.5,-1.4,-3.4,-4.9,,78.2,9.8,,94.3,,0.0,0.0
德州,jma_seamless,2025-01-26,5,2025-01-31,3.2,-2.0,-4.4,-5.0,,61.7,7.8,,82.7,,0.0,0.0
德州,jma_seamless,2025-01-25,6,2025-01-31,1.8,-1.9,-5.1,-5.8,,36.2,10.8,,8.2,,0.0,0.0
德州,jma_seamless,2025-01-24,7,2025-01-31,2.3,-2.5,-4.9,-7.0,,53.4,12.6,,61.2,,0.0,0.0
德州,ecmwf_ifs025,2025-01-31,1,2025-02-01,2.5,-1.9,-3.5,-3.8,,75.3,5.1,,62.7,5.66,0.0,
德州,ecmwf_ifs025,2025-01-30,2,2025-02-01,2.6,-2.2,-3.8,-4.6,,68.2,6.2,,75.8,6.27,0.0,
德州,ecmwf_ifs025,2025-01-29,3,2025-02-01,3.0,-3.0,-3.9,-6.0,,67.9,7.2,,47.5,7.38,0.0,
德州,ecmwf_ifs025,2025-01-28,4,2025-02-01,3.3,-2.7,-4.0,-6.8,,77.5,10.8,,83.7,5.41,0.3,
德州,ecmwf_ifs025,2025-01-27,5,2025-02-01,3.2,-2.6,-4.5,-6.1,,65.8,8.8,,66.9,9.06,0.3,
德州,ecmwf_ifs025,2025-01-26,6,2025-02-01,3.7,-3.8,-4.8,-8.1,,70.1,11.0,,75.6,13.39,1.5,
德州,ecmwf_ifs025,2025-01-25,7,2025-02-01,2.0,-6.3,-6.7,,,65.8,3.9,,18.3,13.94,0.0,
德州,gfs_seamless,2025-01-31,1,2025-02-01,5.0,-4.0,-3.1,-7.5,,66.0,8.2,22.7,97.8,9.14,0.0,0.0
德州,gfs_seamless,2025-01-30,2,2025-02-01,4.7,-4.0,-3.3,-7.5,,63.5,8.3,20.9,70.9,10.98,0.0,0.0
德州,gfs_seamless,2025-01-29,3,2025-02-01,5.8,-3.5,-2.5,-7.2,,66.0,9.1,22.0,74.6,10.52,0.0,0.0
德州,gfs_seamless,2025-01-28,4,2025-02-01,5.4,-0.8,-2.1,-4.3,,72.2,10.0,26.6,96.2,1.27,2.2,0.0
德州,gfs_seamless,2025-01-27,5,2025-02-01,5.1,-4.9,-3.9,-8.3,,66.5,7.5,21.6,92.1,9.57,0.0,0.0
德州,gfs_seamless,2025-01-26,6,2025-02-01,5.2,-5.5,-4.6,-9.0,,44.4,7.4,20.5,61.5,11.19,0.0,0.0
德州,gfs_seamless,2025-01-25,7,2025-02-01,6.4,-6.6,-5.2,-11.1,,35.9,9.7,26.6,55.2,14.03,0.0,0.0
德州,jma_seamless,2025-01-31,1,2025-02-01,2.8,-2.2,-3.9,,,66.9,2.9,,60.1,,0.0,0.0
德州,jma_seamless,2025-01-30,2,2025-02-01,3.4,-2.2,-3.4,,,70.2,3.8,,63.0,,0.0,0.0
德州,jma_seamless,2025-01-29,3,2025-02-01,4.2,-1.6,-2.3,,,76.7,4.6,,69.5,,0.0,0.0
德州,jma_seamless,2025-01-28,4,2025-02-01,3.7,-1.1,-2.2,-3.1,,86.2,5.6,,87.3,,0.0,0.0
德州,jma_seamless,2025-01-27,5,2025-02-01,4.1,-2.1,-2.8,-4.3,,75.2,5.7,,49.8,,0.0,0.0
德州,jma_seamless,2025-01-26,6,2025-02-01,1.5,-2.4,-4.5,,,75.4,4.7,,74.3,,0.0,0.0
德州,jma_seamless,2025-01-25,7,2025-02-01,2.2,-3.8,-5.3,-6.4,,48.5,6.0,,35.9,,0.0,0.0
德州,ecmwf_ifs025,2025-02-01,1,2025-02-02,5.2,-3.5,-4.0,-6.7,,64.0,7.6,,22.7,10.73,0.0,
德州,ecmwf_ifs025,2025-01-31,2,2025-02-02,5.0,-3.8,-4.1,-6.9,,64.0,7.1,,24.8,9.66,0.0,
德州,ecmwf_ifs025,2025-01-30,3,2025-02-02,5.1,-4.0,-4.3,-6.7,,66.4,6.1,,21.0,10.29,0.0,
德州,ecmwf_ifs025,2025-01-29,4,2025-02-02,5.5,-3.2,-3.9,-5.5,,64.1,5.5,,26.8,9.21,0.0,
德州,ecmwf_ifs025,2025-01-28,5,2025-02-02,4.7,-4.2,-4.0,,,72.2,3.2,,31.0,9.56,0.0,
德州,ecmwf_ifs025,2025-01-27,6,2025-02-02,5.2,-4.7,-4.7,,,62.6,4.2,,34.3,13.86,0.0,
德州,ecmwf_ifs025,2025-01-26,7,2025-02-02,6.2,-4.8,-3.6,,,68.9,4.0,,31.2,14.07,0.0,
德州,gfs_seamless,2025-02-01,1,2025-02-02,7.3,0.3,-2.1,-3.5,,45.4,12.5,43.2,76.7,6.9,0.0,0.0
德州,gfs_seamless,2025-01-31,2,2025-02-02,7.0,-0.9,-2.1,-4.3,,53.2,9.7,32.8,82.8,8.16,0.0,0.0
德州,gfs_seamless,2025-01-30,3,2025-02-02,6.6,-1.2,-2.9,-4.9,,48.9,10.5,32.8,73.7,7.21,0.0,0.0
德州,gfs_seamless,2025-01-29,4,2025-02-02,7.0,-0.9,-2.1,-4.3,,57.3,9.6,30.6,99.0,6.67,0.0,0.0
德州,gfs_seamless,2025-01-28,5,2025-02-02,6.9,-1.2,-1.9,-4.9,,59.4,10.4,23.8,67.4,3.95,0.0,0.0
德州,gfs_seamless,2025-01-27,6,2025-02-02,7.1,-0.4,-2.8,-4.3,,35.8,11.9,33.8,76.3,9.89,0.0,0.0
德州,gfs_seamless,2025-01-26,7,2025-02-02,7.4,-2.1,-3.0,-6.2,,36.6,11.4,25.2,73.9,11.91,0.0,0.0
德州,jma_seamless,2025-02-01,1,2025-02-02,5.2,-2.4,-3.5,-4.5,,58.2,5.4,,21.0,,0.0,0.0
德州,jma_seamless,2025-01-31,2,2025-02-02,5.7,-2.4,-3.1,-4.7,,56.0,5.8,,29.0,,0.0,0.0
德州,jma_seamless,2025-01-30,3,2025-02-02,6.8,-2.3,-2.4,,,62.0,3.9,,30.5,,0.0,0.0
德州,jma_seamless,2025-01-29,4,2025-02-02,7.2,-2.3,-2.0,,,71.2,4.7,,22.0,,0.0,0.0
德州,jma_seamless,2025-01-28,5,2025-02-02,7.9,-2.2,-1.8,,,66.2,4.5,,14.5,,0.0,0.0
德州,jma_seamless,2025-01-27,6,2025-02-02,6.6,-1.9,-1.9,-4.3,,53.7,6.1,,26.8,,0.0,0.0
德州,jma_seamless,2025-01-26,7,2025-02-02,4.2,-2.6,-3.7,-5.3,,56.0,6.8,,17.0,,0.0,0.0
德州,ecmwf_ifs025,2025-02-02,1,2025-02-03,2.5,-4.9,-6.8,-8.1,,25.3,7.0,,0.0,12.11,0.0,
德州,ecmwf_ifs025,2025-02-01,2,2025-02-03,2.3,-5.0,-6.9,-8.0,,23.2,6.5,,0.5,12.05,0.0,
德州,ecmwf_ifs025,2025-01-31,3,2025-02-03,1.8,-4.3,-6.7,-7.6,,26.8,7.5,,1.4,12.04,0.0,
德州,ecmwf_ifs025,2025-01-30,4,2025-02-03,1.8,-4.4,-6.6,-7.4,,29.7,6.7,,0.7,12.09,0.0,
德州,ecmwf_ifs025,2025-01-29,5,2025-02-03,2.6,-3.9,-6.1,-7.1,,30.3,7.4,,7.5,11.99,0.0,
德州,ecmwf_ifs025,2025-01-28,6,2025-02-03,1.7,-4.3,-6.8,-7.4,,30.8,7.0,,12.0,14.03,0.0,
德州,ecmwf_ifs025,2025-01-27,7,2025-02-03,1.3,-4.1,-6.9,-7.4,,40.8,7.6,,14.1,14.36,0.0,
德州,gfs_seamless,2025-02-02,1,2025-02-03,4.2,-5.2,-6.3,-9.7,,22.5,10.5,38.2,5.8,14.92,0.0,0.0
德州,gfs_seamless,2025-02-01,2,2025-02-03,4.2,-4.7,-6.0,-9.2,,24.7,10.9,27.4,24.2,14.85,0.0,0.0
德州,gfs_seamless,2025-01-31,3,2025-02-03,4.4,-4.7,-5.6,-8.7,,27.4,9.3,26.3,21.7,14.75,0.0,0.0
德州,gfs_seamless,2025-01-30,4,2025-02-03,4.6,-4.0,-4.8,-7.8,,32.5,9.0,27.0,33.7,14.61,0.0,0.0
德州,gfs_seamless,2025-01-29,5,2025-02-03,6.0,-2.0,-3.1,-5.1,,45.7,8.1,31.7,68.2,13.26,0.0,0.0
德州,gfs_seamless,2025-01-28,6,2025-02-03,4.3,-3.4,-5.1,-7.6,,27.8,10.7,34.2,54.8,13.81,0.0,0.0
德州,gfs_seamless,2025-01-27,7,2025-02-03,6.0,-3.8,-4.7,-7.8,,26.3,9.9,31.3,11.0,14.41,0.0,0.0
德州,jma_seamless,2025-02-02,1,2025-02-03,3.1,-3.3,-5.6,-6.1,,17.9,6.6,,0.1,,0.0,0.0
德州,jma_seamless,2025-02-01,2,2025-02-03,2.0,-3.2,-6.1,-6.3,,16.5,7.4,,0.6,,0.0,0.0
德州,jma_seamless,2025-01-31,3,2025-02-03,2.0,-3.8,-5.7,-6.0,,21.0,5.1,,4.5,,0.0,0.0
德州,jma_seamless,2025-01-30,4,2025-02-03,2.4,-4.1,-5.7,-6.9,,22.0,6.3,,3.9,,0.0,0.0
德州,jma_seamless,2025-01-29,5,2025-02-03,2.7,-3.2,-5.2,-6.5,,23.4,7.9,,15.6,,0.0,0.0
德州,jma_seamless,2025-01-28,6,2025-02-03,1.5,-2.6,-5.9,-6.7,,17.6,11.0,,6.3,,0.0,0.0
德州,jma_seamless,2025-01-27,7,2025-02-03,1.3,-3.4,-6.1,-8.0,,34.3,12.2,,6.6,,0.6,0.4
德州,ecmwf_ifs025,2025-02-03,1,2025-02-04,1.0,-5.8,-7.7,-9.3,,24.5,7.3,,11.8,12.33,0.0,
德州,ecmwf_ifs025,2025-02-02,2,2025-02-04,1.1,-6.0,-7.7,-9.5,,21.8,7.4,,4.6,12.33,0.0,
德州,ecmwf_ifs025,2025-02-01,3,2025-02-04,0.9,-5.8,-7.9,-9.2,,20.0,7.2,,8.8,12.3,0.0,
德州,ecmwf_ifs025,2025-01-31,4,2025-02-04,1.1,-5.8,-7.9,-9.2,,21.2,7.2,,7.2,12.3,0.0,
德州,ecmwf_ifs025,2025-01-30,5,2025-02-04,0.7,-5.7,-7.6,-9.1,,24.4,7.2,,9.6,12.38,0.0,
德州,ecmwf_ifs025,2025-01-29,6,2025-02-04,1.3,-5.1,-7.3,-8.7,,22.4,7.9,,16.9,14.15,0.0,
德州,ecmwf_ifs025,2025-01-28,7,2025-02-04,0.8,-5.6,-7.9,-9.0,,23.5,7.2,,7.6,14.48,0.0,
德州,gfs_seamless,2025-02-03,1,2025-02-04,3.1,-7.6,-7.3,-12.0,,23.7,8.8,46.1,20.0,15.11,0.0,0.0
德州,gfs_seamless,2025-02-02,2,2025-02-04,3.5,-7.6,-7.4,-12.3,,24.6,9.8,45.0,14.9,15.09,0.0,0.0
德州,gfs_seamless,2025-02-01,3,2025-02-04,3.0,-7.3,-7.2,-11.6,,24.6,8.7,27.0,1.2,15.06,0.0,0.0
德州,gfs_seamless,2025-01-31,4,2025-02-04,3.7,-5.8,-6.3,-9.8,,24.2,8.7,27.0,4.0,14.82,0.0,0.0
德州,gfs_seamless,2025-01-30,5,2025-02-04,2.8,-5.6,-5.5,-8.9,,25.0,6.9,26.3,42.9,14.61,0.0,0.0
德州,gfs_seamless,2025-01-29,6,2025-02-04,4.0,-4.5,-5.5,-8.5,,25.7,9.3,22.7,17.0,14.73,0.0,0.0
德州,gfs_seamless,2025-01-28,7,2025-02-04,5.5,-3.9,-5.6,-7.9,,25.6,9.8,40.7,5.9,14.51,0.0,0.0
德州,jma_seamless,2025-02-03,1,2025-02-04,1.4,-4.0,-6.3,-6.4,,19.3,5.5,,3.8,,0.0,0.0
德州,jma_seamless,2025-02-02,2,2025-02-04,0.2,-3.7,-6.7,-5.9,,17.2,5.2,,0.0,,0.0,0.0
德州,jma_seamless,2025-02-01,3,2025-02-04,-0.2,-3.4,-6.8,-5.7,,17.4,5.4,,0.0,,0.0,0.0
德州,jma_seamless,2025-01-31,4,2025-02-04,-0.3,-3.9,-7.2,,,18.4,4.6,,0.1,,0.0,0.0
德州,jma_seamless,2025-01-30,5,2025-02-04,-1.2,-4.0,-7.9,-6.8,,18.6,6.5,,0.7,,0.0,0.0
德州,jma_seamless,2025-01-29,6,2025-02-04,1.6,-3.7,-6.9,-7.0,,18.8,7.9,,3.8,,0.0,0.0
德州,jma_seamless,2025-01-28,7,2025-02-04,-1.8,-4.5,-8.7,-8.8,,14.9,10.2,,0.0,,0.0,0.0
德州,ecmwf_ifs025,2025-02-04,1,2025-02-05,0.9,-6.9,-8.6,-11.3,,18.9,9.2,,7.1,12.71,0.0,
德州,ecmwf_ifs025,2025-02-03,2,2025-02-05,0.6,-6.3,-8.4,-10.3,,19.0,8.4,,3.2,12.69,0.0,
德州,ecmwf_ifs025,2025-02-02,3,2025-02-05,0.1,-6.5,-8.6,-10.8,,18.9,9.3,,6.0,12.67,0.0,
德州,ecmwf_ifs025,2025-02-01,4,2025-02-05,-0.1,-5.2,-8.3,-8.8,,17.2,7.9,,8.9,12.65,0.0,
德州,ecmwf_ifs025,2025-01-31,5,2025-02-05,1.2,-5.3,-8.2,-8.9,,17.1,7.8,,4.4,12.59,0.0,
德州,ecmwf_ifs025,2025-01-30,6,2025-02-05,0.9,-5.0,-8.0,-8.9,,21.8,8.9,,11.8,14.28,0.0,
德州,ecmwf_ifs025,2025-01-29,7,2025-02-05,-0.2,-7.6,-8.8,-11.3,,19.5,7.1,,6.3,14.7,0.0,
德州,gfs_seamless,2025-02-04,1,2025-02-05,1.7,-8.3,-9.0,-14.2,,20.5,13.3,47.5,20.8,15.67,0.0,0.0
德州,gfs_seamless,2025-02-03,2,2025-02-05,1.6,-8.8,-9.1,-14.5,,21.2,12.1,42.8,3.2,15.56,0.0,0.0
德州,gfs_seamless,2025-02-02,3,2025-02-05,1.6,-8.0,-8.8,-13.8,,21.3,13.2,37.1,1.8,15.55,0.0,0.0
德州,gfs_seamless,2025-02-01,4,2025-02-05,2.7,-6.7,-7.7,-12.5,,21.8,14.1,41.8,4.7,15.46,0.0,0.0
德州,gfs_seamless,2025-01-31,5,2025-02-05,4.2,-4.9,-5.4,-9.9,,24.1,12.7,44.3,7.4,15.16,0.0,0.0
德州,gfs_seamless,2025-01-30,6,2025-02-05,7.4,-3.8,-4.0,-7.4,,25.9,8.5,26.3,2.0,14.94,0.0,0.0
德州,gfs_seamless,2025-01-29,7,2025-02-05,2.4,-9.4,-8.6,-14.8,,22.4,10.7,29.9,24.0,12.66,0.0,0.0
德州,jma_seamless,2025-02-04,1,2025-02-05,0.0,-3.7,-7.3,-7.5,,15.2,9.3,,0.3,,0.0,0.0
德州,jma_seamless,2025-02-03,2,2025-02-05,-0.1,-3.8,-7.6,-8.1,,14.2,10.9,,0.0,,0.0,0.0
德州,jma_seamless,2025-02-02,3,2025-02-05,0.3,-4.6,-7.6,-9.0,,13.9,10.5,,0.0,,0.0,0.0
德州,jma_seamless,2025-02-01,4,2025-02-05,-0.4,-4.9,-8.1,-9.2,,14.2,10.1,,0.5,,0.0,0.0
德州,jma_seamless,2025-01-31,5,2025-02-05,-1.7,-5.2,-8.9,-9.9,,13.2,11.2,,3.6,,0.0,0.0
德州,jma_seamless,2025-01-30,6,2025-02-05,-1.1,-4.2,-8.7,-9.3,,14.2,13.7,,7.5,,0.0,0.0
德州,jma_seamless,2025-01-29,7,2025-02-05,0.4,-5.2,-8.2,-8.6,,12.5,7.4,,0.0,,0.0,0.0
德州,ecmwf_ifs025,2025-02-05,1,2025-02-06,5.3,-7.5,-6.9,-13.7,,23.0,15.2,,7.0,12.47,0.0,
德州,ecmwf_ifs025,2025-02-04,2,2025-02-06,4.0,-8.0,-7.8,-13.7,,19.5,12.8,,1.2,12.67,0.0,
德州,ecmwf_ifs025,2025-02-03,3,2025-02-06,5.1,-6.8,-6.7,-12.6,,18.3,14.0,,0.0,12.69,0.0,
德州,ecmwf_ifs025,2025-02-02,4,2025-02-06,6.0,-5.3,-6.1,-10.3,,18.0,12.3,,0.0,12.66,0.0,
德州,ecmwf_ifs025,2025-02-01,5,2025-02-06,3.1,-5.4,-7.6,-10.4,,16.6,12.3,,0.0,12.6,0.0,
德州,ecmwf_ifs025,2025-01-31,6,2025-02-06,6.3,-5.4,-5.8,-9.3,,20.8,8.6,,15.7,14.42,0.0,
德州,ecmwf_ifs025,2025-01-30,7,2025-02-06,6.1,-4.8,-5.9,-10.2,,20.1,14.3,,21.2,14.82,0.0,
德州,gfs_seamless,2025-02-05,1,2025-02-06,3.6,-8.1,-8.9,-15.2,,19.5,18.6,59.8,16.8,13.35,0.0,0.0
德州,gfs_seamless,2025-02-04,2,2025-02-06,5.6,-8.8,-9.2,-16.3,,18.7,19.8,64.4,8.8,14.55,0.0,0.0
德州,gfs_seamless,2025-02-03,3,2025-02-06,5.1,-7.0,-7.2,-13.0,,20.2,14.9,58.3,3.2,13.94,0.0,0.0
德州,gfs_seamless,2025-02-02,4,2025-02-06,6.0,-5.5,-5.5,-10.4,,19.9,11.7,53.6,0.2,15.53,0.0,0.0
德州,gfs_seamless,2025-02-01,5,2025-02-06,7.5,-4.2,-4.0,-9.1,,21.0,12.8,46.1,3.4,14.76,0.0,0.0
德州,gfs_seamless,2025-01-31,6,2025-02-06,9.0,-3.7,-3.7,-9.8,,26.1,19.4,61.6,9.8,13.77,0.0,0.0
德州,gfs_seamless,2025-01-30,7,2025-02-06,8.4,-3.7,-3.5,-8.3,,26.7,12.0,49.0,47.1,12.11,0.0,0.0
德州,jma_seamless,2025-02-05,1,2025-02-06,2.4,-5.4,-6.3,-10.3,,15.8,11.9,,4.3,,0.0,0.0
德州,jma_seamless,2025-02-04,2,2025-02-06,1.9,-4.9,-6.3,-9.5,,15.3,11.0,,13.5,,0.0,0.0
德州,jma_seamless,2025-02-03,3,2025-02-06,3.2,-4.9,-5.5,-8.0,,15.2,6.7,,3.8,,0.0,0.0
德州,jma_seamless,2025-02-02,4,2025-02-06,1.2,-5.6,-6.9,-10.5,,12.7,11.6,,11.2,,0.0,0.0
德州,jma_seamless,2025-02-01,5,2025-02-06,4.9,-3.9,-6.0,-7.7,,15.6,9.2,,2.8,,0.0,0.0
德州,jma_seamless,2025-01-31,6,2025-02-06,3.1,-4.0,-6.3,-8.0,,12.6,9.6,,0.0,,0.0,0.0
德州,jma_seamless,2025-01-30,7,2025-02-06,4.2,-4.2,-6.3,-8.0,,12.0,9.0,,0.0,,0.0,0.0
德州,ecmwf_ifs025,2025-02-06,1,2025-02-07,-3.2,-10.7,-13.5,-17.8,,10.0,15.6,,0.0,12.93,0.0,
德州,ecmwf_ifs025,2025-02-05,2,2025-02-07,-3.4,-10.5,-13.5,-17.4,,10.1,15.1,,0.0,12.93,0.0,
德州,ecmwf_ifs025,2025-02-04,3,2025-02-07,-4.0,-11.0,-14.0,-18.0,,10.8,15.2,,0.0,12.95,0.0,
德州,ecmwf_ifs025,2025-02-03,4,2025-02-07,-3.9,-11.3,-14.0,-18.8,,10.4,16.7,,0.3,12.93,0.0,
德州,ecmwf_ifs025,2025-02-02,5,2025-02-07,-3.1,-10.5,-13.6,-18.4,,13.7,19.4,,3.8,12.98,0.0,
德州,ecmwf_ifs025,2025-02-01,6,2025-02-07,-2.3,-10.4,-12.0,-16.4,,17.8,12.0,,4.4,14.61,0.0,
德州,ecmwf_ifs025,2025-01-31,7,2025-02-07,5.4,-3.4,-4.9,-8.4,,46.1,14.0,,29.1,14.94,0.0,
德州,gfs_seamless,2025-02-06,1,2025-02-07,-3.6,-12.3,-15.2,-20.9,,15.5,20.6,50.4,0.0,16.23,0.0,0.0
德州,gfs_seamless,2025-02-05,2,2025-02-07,-3.2,-11.6,-14.5,-19.7,,15.3,19.0,46.1,0.0,16.17,0.0,0.0
德州,gfs_seamless,2025-02-04,3,2025-02-07,-2.9,-11.6,-14.3,-19.6,,15.1,18.5,52.2,0.2,16.16,0.0,0.0
德州,gfs_seamless,2025-02-03,4,2025-02-07,-1.8,-11.4,-14.9,-20.3,,14.1,23.6,54.7,0.2,15.74,0.0,0.0
德州,gfs_seamless,2025-02-02,5,2025-02-07,3.5,-8.8,-9.4,-15.7,,26.0,16.8,43.9,8.6,15.33,0.0,0.0
德州,gfs_seamless,2025-02-01,6,2025-02-07,11.7,-1.8,-1.0,-5.9,,37.2,11.7,36.0,35.1,13.96,0.0,0.0
德州,gfs_seamless,2025-01-31,7,2025-02-07,9.1,-4.1,-2.4,-9.6,,32.0,15.4,52.6,69.9,12.81,0.0,0.0
德州,jma_seamless,2025-02-06,1,2025-02-07,-4.3,-9.5,-13.1,-16.2,,8.7,15.1,,0.3,,0.0,0.0
德州,jma_seamless,2025-02-05,2,2025-02-07,-4.4,-9.7,-13.1,-16.4,,9.3,15.2,,1.0,,0.0,0.0
德州,jma_seamless,2025-02-04,3,2025-02-07,-4.5,-9.8,-13.2,-16.6,,9.2,15.6,,0.3,,0.0,0.0
德州,jma_seamless,2025-02-03,4,2025-02-07,-4.6,-10.5,-13.6,-17.4,,9.0,15.0,,0.9,,0.0,0.0
德州,jma_seamless,2025-02-02,5,2025-02-07,-2.4,-10.7,-12.0,-17.3,,12.5,13.8,,10.7,,0.0,0.0
德州,jma_seamless,2025-02-01,6,2025-02-07,3.6,-6.4,-6.1,-9.8,,17.7,6.9,,0.0,,0.0,0.0
德州,jma_seamless,2025-01-31,7,2025-02-07,4.9,-4.9,-5.6,,,18.4,3.8,,9.0,,0.0,0.0
德州,ecmwf_ifs025,2025-02-07,1,2025-02-08,-1.4,-10.6,-10.6,,,13.3,3.8,,0.0,12.96,0.0,
德州,ecmwf_ifs025,2025-02-06,2,2025-02-08,-1.1,-11.4,-11.1,,,13.8,3.6,,0.0,12.92,0.0,
德州,ecmwf_ifs025,2025-02-05,3,2025-02-08,-1.2,-11.1,-11.0,,,12.1,4.6,,0.0,12.92,0.0,
德州,ecmwf_ifs025,2025-02-04,4,2025-02-08,-1.8,-11.5,-11.2,,,12.8,3.8,,0.0,12.93,0.0,
德州,ecmwf_ifs025,2025-02-03,5,2025-02-08,-0.7,-11.4,-11.1,,,11.8,4.0,,0.0,12.9,0.0,
德州,ecmwf_ifs025,2025-02-02,6,2025-02-08,-0.1,-11.6,-11.1,,,13.5,3.3,,0.0,14.75,0.0,
德州,ecmwf_ifs025,2025-02-01,7,2025-02-08,-2.1,-11.0,-9.6,-14.8,,32.0,6.3,,25.7,15.16,0.0,
德州,gfs_seamless,2025-02-07,1,2025-02-08,-0.9,-12.3,-11.7,-16.4,,16.3,6.5,13.3,3.0,14.73,0.0,0.0
德州,gfs_seamless,2025-02-06,2,2025-02-08,-1.0,-12.3,-11.8,-17.0,,16.9,7.7,13.7,10.8,15.97,0.0,0.0
德州,gfs_seamless,2025-02-05,3,2025-02-08,-0.4,-11.7,-11.3,-15.8,,16.8,6.6,19.8,0.9,16.07,0.0,0.0
德州,gfs_seamless,2025-02-04,4,2025-02-08,-0.2,-11.9,-11.3,-16.7,,16.0,8.0,18.7,8.1,16.16,0.0,0.0
德州,gfs_seamless,2025-02-03,5,2025-02-08,-0.6,-12.0,-11.9,-17.3,,16.4,9.1,30.6,0.0,15.84,0.0,0.0
德州,gfs_seamless,2025-02-02,6,2025-02-08,-0.1,-10.1,-10.5,-15.8,,18.0,11.3,50.0,4.7,15.39,0.0,0.0
德州,gfs_seamless,2025-02-01,7,2025-02-08,3.5,-4.8,-7.0,-11.0,,39.5,18.5,43.2,86.3,10.32,0.0,0.0
德州,jma_seamless,2025-02-07,1,2025-02-08,-2.0,-7.6,-9.9,,,11.9,4.6,,0.0,,0.0,0.0
德州,jma_seamless,2025-02-06,2,2025-02-08,-1.8,-7.4,-9.8,-10.2,,12.4,5.3,,0.1,,0.0,0.0
德州,jma_seamless,2025-02-05,3,2025-02-08,-1.5,-7.2,-9.5,-10.0,,13.3,5.4,,0.4,,0.0,0.0
德州,jma_seamless,2025-02-04,4,2025-02-08,-1.7,-7.4,-9.6,-10.1,,13.2,5.2,,0.0,,0.0,0.0
德州,jma_seamless,2025-02-03,5,2025-02-08,-2.0,-7.4,-9.8,-10.8,,13.7,6.5,,0.0,,0.0,0.0
德州,jma_seamless,2025-02-02,6,2025-02-08,-1.1,-7.2,-9.5,-10.9,,14.6,7.2,,0.0,,0.0,0.0
德州,jma_seamless,2025-02-01,7,2025-02-08,4.0,-5.6,-5.8,-8.1,,21.8,5.2,,22.5,,0.0,0.0
德州,ecmwf_ifs025,2025-02-08,1,2025-02-09,3.3,-8.9,-8.3,-13.4,,12.9,8.5,,0.7,12.97,0.0,
德州,ecmwf_ifs025,2025-02-07,2,2025-02-09,3.6,-9.1,-8.0,-13.7,,12.7,8.6,,1.8,12.93,0.0,
德州,ecmwf_ifs025,2025-02-06,3,2025-02-09,3.4,-8.5,-8.1,-13.1,,11.7,9.0,,0.7,12.95,0.0,
德州,ecmwf_ifs025,2025-02-05,4,2025-02-09,3.8,-8.2,-8.1,-13.3,,10.6,10.5,,3.0,12.05,0.0,
德州,ecmwf_ifs025,2025-02-04,5,2025-02-09,4.0,-9.6,-8.4,-14.9,,11.8,10.3,,0.5,12.58,0.0,
德州,ecmwf_ifs025,2025-02-03,6,2025-02-09,0.4,-9.9,-9.8,-13.1,,12.1,5.5,,0.0,14.87,0.0,
德州,ecmwf_ifs025,2025-02-02,7,2025-02-09,3.4,-9.8,-9.6,-13.8,,12.8,7.1,,0.0,15.3,0.0,
德州,gfs_seamless,2025-02-08,1,2025-02-09,3.5,-9.0,-8.5,-14.1,,15.7,10.1,32.4,2.4,16.06,0.0,0.0
德州,gfs_seamless,2025-02-07,2,2025-02-09,3.8,-8.7,-8.0,-13.6,,14.4,9.6,30.6,15.2,16.01,0.0,0.0
德州,gfs_seamless,2025-02-06,3,2025-02-09,3.8,-9.0,-8.3,-14.3,,14.0,10.6,23.0,11.2,16.17,0.0,0.0
德州,gfs_seamless,2025-02-05,4,2025-02-09,4.2,-7.9,-7.7,-13.4,,16.5,12.0,25.2,12.0,16.13,0.0,0.0
德州,gfs_seamless,2025-02-04,5,2025-02-09,4.6,-8.3,-7.5,-13.2,,17.0,9.8,25.6,4.4,15.88,0.0,0.0
德州,gfs_seamless,2025-02-03,6,2025-02-09,3.1,-8.6,-8.4,-12.0,,14.8,6.2,16.2,0.0,15.92,0.0,0.0
德州,gfs_seamless,2025-02-02,7,2025-02-09,2.1,-9.9,-8.8,-14.7,,17.3,8.9,26.6,8.3,16.02,0.0,0.0
德州,jma_seamless,2025-02-08,1,2025-02-09,1.5,-7.3,-8.1,-10.2,,11.8,5.5,,0.0,,0.0,0.0
德州,jma_seamless,2025-02-07,2,2025-02-09,1.9,-7.3,-7.8,-9.9,,12.2,5.0,,0.7,,0.0,0.0
德州,jma_seamless,2025-02-06,3,2025-02-09,2.1,-7.3,-7.8,-9.9,,12.4,5.0,,2.2,,0.0,0.0
德州,jma_seamless,2025-02-05,4,2025-02-09,1.5,-6.6,-7.8,-9.4,,11.7,5.5,,0.0,,0.0,0.0
德州,jma_seamless,2025-02-04,5,2025-02-09,2.0,-6.9,-7.9,-10.3,,11.4,6.7,,0.0,,0.0,0.0
德州,jma_seamless,2025-02-03,6,2025-02-09,0.3,-7.3,-8.3,,,14.9,3.6,,0.0,,0.0,0.0
德州,jma_seamless,2025-02-02,7,2025-02-09,2.4,-7.3,-7.7,,,17.6,4.3,,3.1,,0.0,0.0
德州,ecmwf_ifs025,2025-02-09,1,2025-02-10,7.4,-3.4,-4.1,-7.5,,23.5,10.3,,3.6,13.05,0.0,
德州,ecmwf_ifs025,2025-02-08,2,2025-02-10,7.1,-3.3,-4.4,-7.2,,19.0,9.8,,8.2,12.84,0.0,
德州,ecmwf_ifs025,2025-02-07,3,2025-02-10,6.5,-3.3,-4.4,-7.3,,28.8,10.2,,0.4,12.99,0.0,
德州,ecmwf_ifs025,2025-02-06,4,2025-02-10,6.8,-3.1,-4.5,-7.5,,23.0,11.8,,0.8,12.95,0.0,
德州,ecmwf_ifs025,2025-02-05,5,2025-02-10,7.6,-3.3,-4.2,-7.6,,26.0,11.3,,8.7,12.34,0.0,
德州,ecmwf_ifs025,2025-02-04,6,2025-02-10,6.6,-3.1,-4.4,-7.4,,20.5,11.5,,21.2,14.91,0.0,
德州,ecmwf_ifs025,2025-02-03,7,2025-02-10,5.9,-9.2,-7.2,-14.7,,17.2,11.2,,20.8,15.49,0.0,
德州,gfs_seamless,2025-02-09,1,2025-02-10,9.2,-4.9,-3.8,-9.9,,28.9,12.7,42.5,3.0,15.08,0.0,0.0
德州,gfs_seamless,2025-02-08,2,2025-02-10,9.4,-4.6,-3.6,-9.5,,28.9,12.5,43.2,5.3,15.3,0.0,0.0
德州,gfs_seamless,2025-02-07,3,2025-02-10,10.1,-4.0,-3.2,-8.8,,25.3,12.8,41.0,16.5,15.67,0.0,0.0
德州,gfs_seamless,2025-02-06,4,2025-02-10,8.4,-3.6,-4.0,-8.7,,25.0,14.2,51.8,39.9,12.63,0.0,0.0
德州,gfs_seamless,2025-02-05,5,2025-02-10,7.6,-3.2,-3.3,-7.0,,31.0,9.6,26.3,38.2,15.43,0.0,0.0
德州,gfs_seamless,2025-02-04,6,2025-02-10,7.7,-6.6,-3.8,-11.1,,28.0,9.8,33.1,33.5,13.49,0.0,0.0
德州,gfs_seamless,2025-02-03,7,2025-02-10,7.3,-5.4,-5.3,-10.4,,22.2,12.3,33.5,19.3,13.17,0.0,0.0
德州,jma_seamless,2025-02-09,1,2025-02-10,5.5,-2.8,-4.5,-5.6,,16.8,6.9,,0.0,,0.0,0.0
德州,jma_seamless,2025-02-08,2,2025-02-10,5.2,-2.9,-4.8,-5.6,,15.0,6.5,,0.2,,0.0,0.0
德州,jma_seamless,2025-02-07,3,2025-02-10,6.2,-2.4,-4.5,-5.9,,13.5,9.2,,0.0,,0.0,0.0
德州,jma_seamless,2025-02-06,4,2025-02-10,5.4,-2.8,-4.9,-5.9,,13.1,7.7,,7.3,,0.0,0.0
德州,jma_seamless,2025-02-05,5,2025-02-10,6.3,-2.5,-4.7,-6.1,,13.5,9.3,,0.0,,0.0,0.0
德州,jma_seamless,2025-02-04,6,2025-02-10,6.5,-3.8,-4.8,-8.3,,13.5,11.7,,10.3,,0.0,0.0
德州,jma_seamless,2025-02-03,7,2025-02-10,4.6,-4.2,-5.7,-7.8,,14.5,8.5,,7.7,,0.0,0.0
德州,ecmwf_ifs025,2025-02-10,1,2025-02-11,8.4,-0.3,-1.0,-3.8,,51.1,10.6,,40.3,9.05,0.0,
德州,ecmwf_ifs025,2025-02-09,2,2025-02-11,7.9,-0.4,-1.7,-3.9,,49.2,10.3,,39.3,9.08,0.6,
德州,ecmwf_ifs025,2025-02-08,3,2025-02-11,8.0,-1.0,-1.7,-4.3,,49.0,9.1,,49.8,9.83,0.0,
德州,ecmwf_ifs025,2025-02-07,4,2025-02-11,6.2,-0.9,-2.9,-4.7,,65.7,11.0,,55.8,5.89,1.8,
德州,ecmwf_ifs025,2025-02-06,5,2025-02-11,7.9,-1.6,-2.0,-4.8,,53.7,8.6,,32.5,7.48,0.0,
德州,ecmwf_ifs025,2025-02-05,6,2025-02-11,9.1,-2.0,-1.4,-5.0,,56.3,7.7,,12.3,15.08,0.0,
德州,ecmwf_ifs025,2025-02-04,7,2025-02-11,7.7,-2.1,-3.8,-7.3,,41.5,16.3,,3.6,15.62,0.0,
德州,gfs_seamless,2025-02-10,1,2025-02-11,11.2,-0.5,-0.1,-4.8,,41.9,13.8,46.8,73.8,11.59,4.5,0.0
德州,gfs_seamless,2025-02-09,2,2025-02-11,10.8,-0.7,-0.4,-4.8,,47.4,12.5,38.9,66.9,10.79,6.9,0.0
德州,gfs_seamless,2025-02-08,3,2025-02-11,10.3,-0.4,-0.5,-4.6,,42.5,13.5,47.5,63.0,10.77,4.7,0.0
德州,gfs_seamless,2025-02-07,4,2025-02-11,11.1,-0.5,0.0,-5.0,,46.7,14.8,55.8,64.3,9.6,4.9,0.0
德州,gfs_seamless,2025-02-06,5,2025-02-11,9.9,-0.9,-1.2,-4.7,,37.5,11.2,41.4,69.7,12.44,2.8,0.0
德州,gfs_seamless,2025-02-05,6,2025-02-11,7.9,-0.1,-0.6,-2.8,,41.5,7.9,28.4,89.2,6.95,1.6,0.0
德州,gfs_seamless,2025-02-04,7,2025-02-11,8.5,-2.4,-1.6,-6.0,,34.1,9.4,19.8,87.4,3.49,0.0,0.0
德州,jma_seamless,2025-02-10,1,2025-02-11,8.5,-1.1,-2.1,-3.4,,33.5,6.3,,41.7,,0.0,0.0
德州,jma_seamless,2025-02-09,2,2025-02-11,8.2,-1.0,-2.3,-3.5,,40.6,6.8,,49.5,,0.6,0.1
德州,jma_seamless,2025-02-08,3,2025-02-11,8.6,-0.7,-2.2,-3.6,,34.3,8.1,,33.1,,-0.3,-0.1
德州,jma_seamless,2025-02-07,4,2025-02-11,9.0,-0.4,-1.8,-3.6,,32.8,9.3,,30.2,,0.0,0.0
德州,jma_seamless,2025-02-06,5,2025-02-11,7.9,-1.5,-3.0,-4.7,,28.4,8.5,,15.6,,0.0,0.0
德州,jma_seamless,2025-02-05,6,2025-02-11,8.8,-0.7,-2.2,-3.3,,26.4,7.2,,19.3,,0.0,0.0
德州,jma_seamless,2025-02-04,7,2025-02-11,8.9,-1.6,-2.7,-5.0,,18.3,9.3,,20.2,,0.0,0.0
德州,ecmwf_ifs025,2025-02-11,1,2025-02-12,7.6,0.7,-1.3,-2.8,,37.5,11.5,,1.2,13.3,0.0,
德州,ecmwf_ifs025,2025-02-10,2,2025-02-12,7.3,0.4,-2.2,-3.2,,37.6,11.7,,13.5,13.05,0.0,
德州,ecmwf_ifs025,2025-02-09,3,2025-02-12,7.8,1.5,-1.2,-2.1,,39.5,12.4,,4.8,12.87,0.0,
德州,ecmwf_ifs025,2025-02-08,4,2025-02-12,7.6,0.5,-2.1,-2.5,,37.2,9.3,,20.5,13.02,0.0,
德州,ecmwf_ifs025,2025-02-07,5,2025-02-12,9.9,2.1,0.5,-1.5,,40.3,13.1,,4.5,13.16,0.0,
德州,ecmwf_ifs025,2025-02-06,6,2025-02-12,8.8,1.0,-1.2,-2.4,,42.0,11.2,,35.9,12.19,0.0,
德州,ecmwf_ifs025,2025-02-05,7,2025-02-12,10.1,0.3,0.0,-2.8,,39.2,9.4,,45.0,15.56,0.0,
德州,gfs_seamless,2025-02-11,1,2025-02-12,6.9,-0.2,-3.3,-5.1,,28.5,17.4,52.6,23.0,15.46,0.0,0.0
德州,gfs_seamless,2025-02-10,2,2025-02-12,6.5,-1.6,-3.5,-6.6,,31.4,15.9,46.8,57.5,14.6,0.0,0.0
德州,gfs_seamless,2025-02-09,3,2025-02-12,6.1,-0.3,-3.3,-5.0,,28.2,15.9,42.8,77.2,11.76,0.0,0.0
德州,gfs_seamless,2025-02-08,4,2025-02-12,6.6,-2.5,-3.7,-7.5,,23.5,15.0,53.3,29.0,15.62,0.0,0.0
德州,gfs_seamless,2025-02-07,5,2025-02-12,7.6,-1.7,-2.7,-6.4,,24.1,14.5,52.2,67.2,14.77,0.0,0.0
德州,gfs_seamless,2025-02-06,6,2025-02-12,5.7,-2.3,-4.0,-7.3,,40.0,15.1,57.6,72.4,11.16,0.0,0.0
德州,gfs_seamless,2025-02-05,7,2025-02-12,8.1,-0.5,-1.5,-4.3,,51.0,11.5,29.9,86.8,13.58,0.0,0.0
德州,jma_seamless,2025-02-11,1,2025-02-12,5.9,-1.0,-3.8,-4.8,,24.8,11.0,,12.5,,0.0,0.0
德州,jma_seamless,2025-02-10,2,2025-02-12,6.2,-1.2,-3.8,-4.9,,31.5,10.4,,2.4,,0.0,0.0
德州,jma_seamless,2025-02-09,3,2025-02-12,5.4,-1.7,-3.9,-5.0,,33.3,8.7,,9.5,,-0.3,-0.2
德州,jma_seamless,2025-02-08,4,2025-02-12,5.9,-1.3,-3.8,-4.6,,26.0,8.9,,10.8,,0.0,0.0
德州,jma_seamless,2025-02-07,5,2025-02-12,6.4,-1.2,-3.1,-4.2,,29.7,8.3,,29.8,,0.0,0.0
德州,jma_seamless,2025-02-06,6,2025-02-12,6.4,-3.3,-3.7,-6.5,,30.4,7.7,,44.3,,0.0,0.0
德州,jma_seamless,2025-02-05,7,2025-02-12,6.9,-3.4,-4.2,,,20.0,4.2,,1.0,,0.0,0.0
德州,ecmwf_ifs025,2025-02-12,1,2025-02-13,11.1,-2.5,-1.4,-7.2,,25.3,13.8,,0.0,13.81,0.0,
德州,ecmwf_ifs025,2025-02-11,2,2025-02-13,10.9,-2.3,-1.4,-7.0,,26.3,13.9,,0.0,13.83,0.0,
德州,ecmwf_ifs025,2025-02-10,3,2025-02-13,11.0,-2.5,-1.6,-7.4,,25.5,14.5,,0.2,13.77,0.0,
德州,ecmwf_ifs025,2025-02-09,4,2025-02-13,11.5,-2.5,-1.0,-7.3,,24.6,13.9,,8.8,13.72,0.0,
德州,ecmwf_ifs025,2025-02-08,5,2025-02-13,11.0,-1.8,-1.3,-6.2,,27.2,12.9,,12.8,13.71,0.0,
德州,ecmwf_ifs025,2025-02-07,6,2025-02-13,13.0,-1.3,0.3,-5.9,,33.8,14.3,,2.7,15.49,0.0,
德州,ecmwf_ifs025,2025-02-06,7,2025-02-13,8.5,-2.4,-1.3,-6.8,,30.3,12.4,,0.5,15.98,0.0,
德州,gfs_seamless,2025-02-12,1,2025-02-13,11.3,-2.4,-2.0,-7.5,,18.5,15.5,45.0,44.8,14.83,0.0,0.0
德州,gfs_seamless,2025-02-11,2,2025-02-13,10.6,-2.7,-2.3,-7.9,,17.9,15.8,38.5,42.1,14.89,0.0,0.0
德州,gfs_seamless,2025-02-10,3,2025-02-13,11.7,-2.8,-2.2,-8.2,,18.3,16.5,45.0,31.9,15.85,0.0,0.0
德州,gfs_seamless,2025-02-09,4,2025-02-13,11.7,-2.8,-1.9,-7.7,,18.0,14.4,44.6,9.0,16.15,0.0,0.0
德州,gfs_seamless,2025-02-08,5,2025-02-13,11.7,-2.1,-1.7,-7.0,,17.8,15.2,54.4,6.2,15.97,0.0,0.0
德州,gfs_seamless,2025-02-07,6,2025-02-13,13.3,-1.4,-0.7,-6.5,,20.1,17.2,55.1,18.1,15.39,0.0,0.0
德州,gfs_seamless,2025-02-06,7,2025-02-13,9.1,-4.9,-2.8,-9.1,,22.2,9.7,32.4,44.8,15.54,0.0,0.0
德州,jma_seamless,2025-02-12,1,2025-02-13,9.3,-1.1,-2.5,-4.7,,18.0,10.4,,11.5,,0.0,0.0
德州,jma_seamless,2025-02-11,2,2025-02-13,8.9,-0.9,-2.8,-4.5,,17.9,10.6,,9.0,,0.0,0.0
德州,jma_seamless,2025-02-10,3,2025-02-13,9.1,-0.7,-2.6,-4.4,,18.8,10.8,,14.2,,0.0,0.0
德州,jma_seamless,2025-02-09,4,2025-02-13,8.2,-1.5,-3.2,-4.5,,20.5,8.1,,18.8,,0.0,0.0
德州,jma_seamless,2025-02-08,5,2025-02-13,8.9,-3.3,-3.2,-6.3,,24.4,7.1,,32.4,,0.0,0.0
德州,jma_seamless,2025-02-07,6,2025-02-13,8.8,-3.7,-3.5,-6.8,,25.7,7.2,,21.0,,0.0,0.0
德州,jma_seamless,2025-02-06,7,2025-02-13,9.4,-2.2,-2.9,-4.8,,23.9,6.5,,18.0,,0.0,0.0
德州,ecmwf_ifs025,2025-02-13,1,2025-02-14,12.8,0.3,1.3,-3.0,,41.3,10.2,,20.0,13.6,0.0,
德州,ecmwf_ifs025,2025-02-12,2,2025-02-14,13.1,1.3,2.1,-2.1,,40.7,11.6,,34.7,12.45,0.0,
德州,ecmwf_ifs025,2025-02-11,3,2025-02-14,12.8,0.2,1.6,-3.4,,43.2,11.4,,25.4,13.2,0.0,
德州,ecmwf_ifs025,2025-02-10,4,2025-02-14,13.6,0.9,1.6,-2.6,,42.5,11.6,,30.6,12.72,0.0,
德州,ecmwf_ifs025,2025-02-09,5,2025-02-14,12.4,1.9,2.5,-1.5,,40.8,12.0,,32.6,12.5,0.0,
德州,ecmwf_ifs025,2025-02-08,6,2025-02-14,11.6,3.0,2.6,1.4,,45.7,6.1,,47.2,17.99,0.0,
德州,ecmwf_ifs025,2025-02-07,7,2025-02-14,14.8,4.2,4.3,2.1,,47.1,8.4,,35.8,15.9,0.0,
德州,gfs_seamless,2025-02-13,1,2025-02-14,12.5,-0.1,0.8,-4.0,,24.0,12.5,23.4,87.8,13.58,0.0,0.0
德州,gfs_seamless,2025-02-12,2,2025-02-14,12.1,-0.2,0.7,-4.1,,23.1,12.3,22.3,93.4,12.71,0.0,0.0
德州,gfs_seamless,2025-02-11,3,2025-02-14,12.1,-0.6,0.0,-5.0,,26.0,14.0,28.8,80.3,12.87,0.0,0.0
德州,gfs_seamless,2025-02-10,4,2025-02-14,13.5,-0.3,0.7,-4.4,,19.3,13.2,28.4,80.0,15.14,0.0,0.0
德州,gfs_seamless,2025-02-09,5,2025-02-14,12.0,0.9,1.6,-1.4,,19.8,7.2,15.1,91.8,12.65,0.0,0.0
德州,gfs_seamless,2025-02-08,6,2025-02-14,10.7,0.2,1.0,-2.7,,22.6,8.6,41.4,86.7,10.93,0.0,0.0
德州,gfs_seamless,2025-02-07,7,2025-02-14,14.0,2.3,3.0,-0.1,,30.8,8.3,34.9,100.0,11.78,0.0,0.0
德州,jma_seamless,2025-02-13,1,2025-02-14,10.5,-1.6,-1.0,-4.1,,22.9,6.7,,26.6,,0.0,0.0
德州,jma_seamless,2025-02-12,2,2025-02-14,10.6,-1.6,-1.0,-4.4,,21.5,7.5,,32.7,,0.0,0.0
德州,jma_seamless,2025-02-11,3,2025-02-14,10.0,-1.8,-1.6,-4.9,,21.9,8.0,,39.3,,0.6,0.4
德州,jma_seamless,2025-02-10,4,2025-02-14,10.2,-2.4,-1.6,-4.8,,23.6,6.1,,41.7,,0.0,0.0
德州,jma_seamless,2025-02-09,5,2025-02-14,8.6,-3.3,-2.0,,,33.7,2.9,,32.5,,0.0,0.0
德州,jma_seamless,2025-02-08,6,2025-02-14,9.3,-3.3,-1.9,,,30.8,4.6,,55.1,,0.0,0.0
德州,jma_seamless,2025-02-07,7,2025-02-14,9.0,-1.2,-1.6,,,31.2,2.3,,57.1,,0.0,0.0
德州,ecmwf_ifs025,2025-02-14,1,2025-02-15,16.8,2.4,3.9,-0.0,,35.9,8.3,,11.1,14.04,0.0,
德州,ecmwf_ifs025,2025-02-13,2,2025-02-15,16.3,2.4,4.1,-0.0,,43.7,8.4,,25.0,13.63,0.0,
德州,ecmwf_ifs025,2025-02-12,3,2025-02-15,15.3,1.8,3.7,-0.9,,40.5,9.0,,15.8,14.01,0.0,
德州,ecmwf_ifs025,2025-02-11,4,2025-02-15,15.2,2.4,3.2,-0.3,,38.4,9.4,,6.3,14.09,0.0,
德州,ecmwf_ifs025,2025-02-10,5,2025-02-15,14.8,2.9,3.4,0.5,,37.2,8.6,,14.2,14.06,0.0,
德州,ecmwf_ifs025,2025-02-09,6,2025-02-15,15.9,3.1,3.0,-0.2,,39.8,12.8,,7.2,18.26,0.0,
德州,ecmwf_ifs025,2025-02-08,7,2025-02-15,12.0,1.6,2.5,-1.0,,42.0,8.6,,21.6,18.81,0.0,
德州,gfs_seamless,2025-02-14,1,2025-02-15,14.8,1.7,2.5,-2.0,,16.3,13.1,37.1,26.6,16.22,0.0,0.0
德州,gfs_seamless,2025-02-13,2,2025-02-15,14.4,2.1,2.6,-1.5,,17.0,13.3,37.4,42.8,16.22,0.0,0.0
德州,gfs_seamless,2025-02-12,3,2025-02-15,14.2,1.3,1.9,-2.8,,17.3,14.9,43.9,22.0,16.24,0.0,0.0
德州,gfs_seamless,2025-02-11,4,2025-02-15,13.5,1.6,2.0,-1.7,,16.7,11.3,27.7,15.9,16.25,0.0,0.0
德州,gfs_seamless,2025-02-10,5,2025-02-15,13.2,1.4,1.8,-1.9,,19.9,10.9,22.7,25.0,15.84,0.0,0.0
德州,gfs_seamless,2025-02-09,6,2025-02-15,14.5,2.4,2.1,-1.2,,27.6,13.5,34.9,28.2,15.42,0.0,0.0
德州,gfs_seamless,2025-02-08,7,2025-02-15,12.8,0.3,1.2,-3.5,,29.8,12.4,36.4,67.3,12.92,0.0,0.0
德州,jma_seamless,2025-02-14,1,2025-02-15,14.1,-0.6,0.8,-3.6,,25.1,8.6,,8.5,,0.0,0.0
德州,jma_seamless,2025-02-13,2,2025-02-15,13.4,-0.7,0.6,-3.9,,23.9,9.0,,10.5,,0.0,0.0
德州,jma_seamless,2025-02-12,3,2025-02-15,13.1,0.9,0.7,-2.1,,18.9,9.6,,1.8,,0.0,0.0
德州,jma_seamless,2025-02-11,4,2025-02-15,12.3,0.1,0.2,-2.5,,19.7,7.5,,1.8,,0.0,0.0
德州,jma_seamless,2025-02-10,5,2025-02-15,12.6,-1.0,-0.2,-3.7,,29.5,7.5,,3.9,,0.0,0.0
德州,jma_seamless,2025-02-09,6,2025-02-15,11.8,-2.3,-0.9,,,35.3,3.9,,16.2,,0.0,0.0
德州,jma_seamless,2025-02-08,7,2025-02-15,10.7,-0.6,-0.5,-2.7,,29.7,5.9,,31.1,,0.0,0.0
德州,ecmwf_ifs025,2025-02-15,1,2025-02-16,11.0,3.4,0.8,0.2,,27.8,12.6,,0.0,13.92,0.0,
德州,ecmwf_ifs025,2025-02-14,2,2025-02-16,11.7,2.8,1.3,-0.2,,32.7,10.9,,0.0,13.71,0.0,
德州,ecmwf_ifs025,2025-02-13,3,2025-02-16,11.3,2.9,0.9,-0.0,,36.3,10.8,,0.0,13.71,0.0,
德州,ecmwf_ifs025,2025-02-12,4,2025-02-16,12.4,2.5,1.6,-0.9,,28.2,12.8,,0.0,13.9,0.0,
德州,ecmwf_ifs025,2025-02-11,5,2025-02-16,14.8,3.3,3.6,0.0,,31.0,12.9,,0.0,13.87,0.0,
德州,ecmwf_ifs025,2025-02-10,6,2025-02-16,14.9,2.3,3.2,-0.9,,28.0,11.5,,0.0,18.39,0.0,
德州,ecmwf_ifs025,2025-02-09,7,2025-02-16,14.6,3.5,3.3,0.6,,28.5,11.3,,0.0,19.03,0.0,
德州,gfs_seamless,2025-02-15,1,2025-02-16,9.0,2.1,-0.6,-2.1,,24.0,16.8,53.6,8.3,16.25,0.0,0.0
德州,gfs_seamless,2025-02-14,2,2025-02-16,8.9,0.2,-0.5,-3.8,,27.6,13.2,37.8,21.0,16.19,0.0,0.0
德州,gfs_seamless,2025-02-13,3,2025-02-16,8.6,0.6,-1.5,-4.0,,18.7,16.7,59.4,1.7,16.48,0.0,0.0
德州,gfs_seamless,2025-02-12,4,2025-02-16,8.7,0.1,-1.4,-4.3,,25.8,14.9,55.4,8.3,16.21,0.0,0.0
德州,gfs_seamless,2025-02-11,5,2025-02-16,10.9,0.8,0.1,-3.2,,27.2,13.6,48.2,8.8,15.85,0.0,0.0
德州,gfs_seamless,2025-02-10,6,2025-02-16,11.3,0.1,-0.2,-3.6,,31.9,11.6,34.2,10.4,15.84,0.0,0.0
德州,gfs_seamless,2025-02-09,7,2025-02-16,11.3,1.6,1.4,-2.3,,24.3,14.3,48.6,3.5,16.1,0.0,0.0
德州,jma_seamless,2025-02-15,1,2025-02-16,8.2,-1.0,-1.1,-4.5,,22.5,9.9,,0.0,,0.0,0.0
德州,jma_seamless,2025-02-14,2,2025-02-16,8.8,-0.9,-1.4,-4.0,,18.9,8.8,,0.0,,0.0,0.0
德州,jma_seamless,2025-02-13,3,2025-02-16,8.9,-1.3,-1.2,-4.3,,24.0,8.1,,0.0,,0.0,0.0
德州,jma_seamless,2025-02-12,4,2025-02-16,8.8,-1.3,-1.6,-4.0,,22.6,7.2,,0.0,,0.0,0.0
德州,jma_seamless,2025-02-11,5,2025-02-16,8.4,-1.2,-2.0,-4.4,,20.0,8.7,,0.0,,0.0,0.0
德州,jma_seamless,2025-02-10,6,2025-02-16,8.5,-0.3,-1.6,-2.5,,26.8,6.4,,0.0,,0.0,0.0
德州,jma_seamless,2025-02-09,7,2025-02-16,9.3,-0.4,-1.4,-3.2,,23.9,8.1,,0.6,,0.0,0.0
德州,ecmwf_ifs025,2025-02-16,1,2025-02-17,9.9,0.8,1.0,-2.5,,27.3,10.7,,11.4,13.63,0.0,
德州,ecmwf_ifs025,2025-02-15,2,2025-02-17,9.8,0.5,0.1,-2.5,,26.6,9.2,,18.7,13.82,0.0,
德州,ecmwf_ifs025,2025-02-14,3,2025-02-17,9.8,0.4,-1.0,-3.0,,31.7,10.5,,13.4,13.72,0.0,
德州,ecmwf_ifs025,2025-02-13,4,2025-02-17,10.0,-0.4,-0.1,-3.8,,24.5,10.2,,4.5,13.94,0.0,
德州,ecmwf_ifs025,2025-02-12,5,2025-02-17,11.0,0.9,1.1,-2.0,,28.2,9.2,,0.4,13.88,0.0,
德州,ecmwf_ifs025,2025-02-11,6,2025-02-17,13.4,-0.6,1.1,-4.2,,29.7,10.8,,0.0,18.58,0.0,
德州,ecmwf_ifs025,2025-02-10,7,2025-02-17,14.5,1.9,2.5,-1.0,,32.8,9.7,,0.0,19.26,0.0,
德州,gfs_seamless,2025-02-16,1,2025-02-17,7.1,-1.7,-3.2,-6.3,,22.3,13.9,38.5,54.0,15.59,0.0,0.0
德州,gfs_seamless,2025-02-15,2,2025-02-17,6.8,-2.0,-3.8,-6.9,,22.3,15.1,46.4,40.2,15.77,0.0,0.0
德州,gfs_seamless,2025-02-14,3,2025-02-17,6.1,-3.3,-4.3,-8.1,,21.6,13.2,43.9,20.0,16.12,0.0,0.0
德州,gfs_seamless,2025-02-13,4,2025-02-17,6.6,-2.4,-3.8,-7.1,,22.1,13.5,37.8,0.0,16.48,0.0,0.0
德州,gfs_seamless,2025-02-12,5,2025-02-17,8.6,-2.4,-3.6,-7.4,,25.8,15.0,41.0,23.0,15.34,0.0,0.0
德州,gfs_seamless,2025-02-11,6,2025-02-17,12.4,-1.1,0.2,-4.7,,31.2,10.2,34.6,42.8,14.69,0.0,0.0
德州,gfs_seamless,2025-02-10,7,2025-02-17,13.7,1.8,0.7,-2.4,,33.5,16.5,51.5,60.7,13.16,0.0,0.0
德州,jma_seamless,2025-02-16,1,2025-02-17,5.8,-1.9,-3.6,-4.1,,17.2,5.8,,17.7,,0.0,0.0
德州,jma_seamless,2025-02-15,2,2025-02-17,6.0,-2.3,-3.7,-4.5,,15.0,5.7,,22.4,,0.0,0.0
德州,jma_seamless,2025-02-14,3,2025-02-17,7.2,-2.8,-3.7,-5.2,,17.2,5.9,,1.9,,0.0,0.0
德州,jma_seamless,2025-02-13,4,2025-02-17,8.2,-3.1,-3.3,-5.7,,20.4,6.3,,0.6,,0.0,0.0
德州,jma_seamless,2025-02-12,5,2025-02-17,7.2,-2.1,-3.4,-4.8,,17.8,6.9,,0.0,,0.0,0.0
德州,jma_seamless,2025-02-11,6,2025-02-17,10.5,-2.2,-1.6,,,31.5,4.2,,2.7,,0.0,0.0
德州,jma_seamless,2025-02-10,7,2025-02-17,11.7,-2.0,0.1,-4.4,,29.6,6.2,,6.7,,0.0,0.0
德州,ecmwf_ifs025,2025-02-17,1,2025-02-18,12.7,-0.1,1.5,-3.5,,39.1,10.3,,14.5,13.78,0.0,
德州,ecmwf_ifs025,2025-02-16,2,2025-02-18,11.5,-1.1,0.7,-4.5,,32.5,9.5,,8.1,13.64,0.0,
德州,ecmwf_ifs025,2025-02-15,3,2025-02-18,11.3,-1.6,0.1,-5.1,,40.3,9.5,,12.9,13.63,0.0,
德州,ecmwf_ifs025,2025-02-14,4,2025-02-18,11.2,-2.0,-0.7,-5.2,,46.6,8.3,,7.0,13.51,0.0,
德州,ecmwf_ifs025,2025-02-13,5,2025-02-18,10.8,0.2,0.4,-2.6,,37.6,8.3,,10.8,13.6,0.0,
德州,ecmwf_ifs025,2025-02-12,6,2025-02-18,10.8,-0.4,0.5,-3.8,,42.4,9.9,,9.2,18.73,0.0,
德州,ecmwf_ifs025,2025-02-11,7,2025-02-18,13.0,1.0,2.4,-2.5,,38.4,11.7,,6.5,19.42,0.0,
德州,gfs_seamless,2025-02-17,1,2025-02-18,8.8,-2.3,-2.4,-6.5,,33.0,11.5,33.1,42.5,16.31,0.0,0.0
德州,gfs_seamless,2025-02-16,2,2025-02-18,8.8,-3.0,-2.8,-7.3,,28.8,11.4,31.3,24.0,16.35,0.0,0.0
德州,gfs_seamless,2025-02-15,3,2025-02-18,8.4,-2.8,-2.8,-6.7,,25.3,10.3,32.8,15.7,16.42,0.0,0.0
德州,gfs_seamless,2025-02-14,4,2025-02-18,10.0,-2.1,-2.0,-6.2,,27.2,11.3,35.3,27.1,16.35,0.0,0.0
德州,gfs_seamless,2025-02-13,5,2025-02-18,8.2,-3.7,-3.0,-8.0,,34.3,10.9,33.8,32.4,15.18,0.0,0.0
德州,gfs_seamless,2025-02-12,6,2025-02-18,9.1,-2.0,-2.8,-6.6,,32.9,13.8,34.9,10.3,16.08,0.0,0.0
德州,gfs_seamless,2025-02-11,7,2025-02-18,9.8,1.2,1.2,-1.1,,38.0,7.4,31.0,91.3,10.78,0.0,0.0
德州,jma_seamless,2025-02-17,1,2025-02-18,8.0,-2.4,-2.9,-5.5,,29.2,7.7,,13.9,,0.0,0.0
德州,jma_seamless,2025-02-16,2,2025-02-18,8.7,-1.9,-2.4,-4.5,,24.0,6.8,,13.5,,0.0,0.0
德州,jma_seamless,2025-02-15,3,2025-02-18,8.2,-2.2,-2.6,-4.9,,23.9,6.8,,16.8,,0.0,0.0
德州,jma_seamless,2025-02-14,4,2025-02-18,8.8,-1.5,-2.0,-4.5,,25.6,8.0,,14.5,,0.0,0.0
德州,jma_seamless,2025-02-13,5,2025-02-18,9.2,-1.4,-1.6,-4.4,,26.2,8.0,,20.0,,0.0,0.0
德州,jma_seamless,2025-02-12,6,2025-02-18,8.6,-2.9,-2.7,-6.0,,34.3,7.7,,13.1,,0.0,0.0
德州,jma_seamless,2025-02-11,7,2025-02-18,6.7,-0.3,-1.4,-3.5,,33.9,9.3,,21.6,,0.0,0.0
德州,ecmwf_ifs025,2025-02-18,1,2025-02-19,10.4,1.7,0.4,-0.5,,39.6,7.2,,43.0,13.81,0.0,
德州,ecmwf_ifs025,2025-02-17,2,2025-02-19,9.2,2.0,0.9,-0.0,,35.6,6.8,,40.4,13.14,0.0,
德州,ecmwf_ifs025,2025-02-16,3,2025-02-19,9.1,0.8,0.9,-1.7,,31.8,7.8,,52.4,9.09,0.0,
德州,ecmwf_ifs025,2025-02-15,4,2025-02-19,10.2,1.3,1.0,-1.7,,40.4,9.7,,43.6,13.29,0.0,
德州,ecmwf_ifs025,2025-02-14,5,2025-02-19,9.0,1.8,0.4,-1.5,,49.6,11.5,,59.8,5.5,0.3,
德州,ecmwf_ifs025,2025-02-13,6,2025-02-19,8.9,0.8,0.4,-2.2,,39.2,9.4,,40.1,9.95,0.0,
德州,ecmwf_ifs025,2025-02-12,7,2025-02-19,11.3,2.0,0.8,-1.4,,44.7,12.3,,29.2,19.59,0.0,
德州,gfs_seamless,2025-02-18,1,2025-02-19,6.5,-2.9,-2.9,-7.2,,29.8,11.5,25.9,91.7,13.2,0.0,0.0
德州,gfs_seamless,2025-02-17,2,2025-02-19,6.1,-2.1,-3.4,-6.6,,29.8,12.9,27.7,100.0,11.42,0.0,0.0
德州,gfs_seamless,2025-02-16,3,2025-02-19,7.0,-2.5,-3.7,-7.3,,29.4,14.2,30.2,100.0,11.17,0.0,0.0
德州,gfs_seamless,2025-02-15,4,2025-02-19,7.5,-2.8,-3.5,-8.0,,27.8,15.5,35.6,94.1,14.2,0.0,0.0
德州,gfs_seamless,2025-02-14,5,2025-02-19,5.2,-2.0,-4.5,-7.2,,40.5,16.6,31.3,82.2,8.98,0.0,0.0
德州,gfs_seamless,2025-02-13,6,2025-02-19,5.6,-3.2,-4.2,-7.9,,31.1,13.0,26.3,76.0,13.52,0.0,0.0
德州,gfs_seamless,2025-02-12,7,2025-02-19,8.5,-0.3,-2.2,-3.9,,32.5,10.9,29.9,91.8,11.65,0.0,0.0
德州,jma_seamless,2025-02-18,1,2025-02-19,5.6,-2.9,-3.5,-4.9,,33.7,5.0,,26.3,,0.0,0.0
德州,jma_seamless,2025-02-17,2,2025-02-19,6.1,-2.8,-3.3,-5.2,,40.4,5.9,,30.2,,0.0,0.0
德州,jma_seamless,2025-02-16,3,2025-02-19,6.6,-2.6,-3.0,-5.7,,42.5,7.7,,53.5,,0.0,0.0
德州,jma_seamless,2025-02-15,4,2025-02-19,6.0,-2.8,-3.6,-6.1,,43.9,8.3,,27.7,,0.0,0.0
德州,jma_seamless,2025-02-14,5,2025-02-19,4.8,-2.6,-3.9,-5.6,,36.5,7.5,,13.2,,0.0,0.0
德州,jma_seamless,2025-02-13,6,2025-02-19,4.8,-2.8,-3.7,-5.9,,43.0,7.7,,29.2,,0.0,0.0
德州,jma_seamless,2025-02-12,7,2025-02-19,5.9,-2.9,-3.8,-5.8,,40.7,7.0,,19.5,,0.0,0.0
德州,ecmwf_ifs025,2025-02-19,1,2025-02-20,8.9,1.5,1.1,-0.7,,31.9,7.0,,33.2,13.83,0.0,
德州,ecmwf_ifs025,2025-02-18,2,2025-02-20,8.5,2.1,0.9,-0.1,,30.5,7.4,,40.7,13.9,0.0,
德州,ecmwf_ifs025,2025-02-17,3,2025-02-20,7.9,1.6,0.6,-0.3,,34.4,6.4,,44.2,12.36,0.0,
德州,ecmwf_ifs025,2025-02-16,4,2025-02-20,7.7,0.9,-0.1,-0.9,,42.8,5.8,,20.5,13.6,0.0,
德州,ecmwf_ifs025,2025-02-15,5,2025-02-20,8.9,1.2,0.3,-2.1,,41.4,10.8,,34.4,13.02,0.0,
德州,ecmwf_ifs025,2025-02-14,6,2025-02-20,7.2,0.9,-1.3,-2.0,,63.8,9.1,,51.0,16.72,0.9,
德州,ecmwf_ifs025,2025-02-13,7,2025-02-20,7.8,-0.3,-0.8,-3.4,,57.2,9.1,,17.9,19.24,0.0,
德州,gfs_seamless,2025-02-19,1,2025-02-20,8.2,-1.4,-1.4,-5.0,,29.1,10.1,36.0,75.7,14.16,0.0,0.0
德州,gfs_seamless,2025-02-18,2,2025-02-20,8.0,0.4,-1.6,-3.1,,26.8,11.2,36.4,90.5,15.57,0.0,0.0
德州,gfs_seamless,2025-02-17,3,2025-02-20,7.2,-0.1,-1.5,-3.2,,34.4,9.0,31.3,99.5,12.87,0.0,0.0
德州,gfs_seamless,2025-02-16,4,2025-02-20,5.9,-2.2,-2.4,-6.0,,42.2,10.2,28.8,94.6,12.03,0.0,0.0
德州,gfs_seamless,2025-02-15,5,2025-02-20,4.3,-2.5,-4.0,-6.9,,67.7,12.3,25.9,99.7,8.82,0.8,0.5
德州,gfs_seamless,2025-02-14,6,2025-02-20,3.5,-2.4,-4.1,-6.1,,57.8,9.8,22.7,86.2,8.48,0.0,0.0
德州,gfs_seamless,2025-02-13,7,2025-02-20,5.9,-2.8,-3.9,-6.6,,36.8,9.9,24.8,86.4,12.79,0.0,0.0
德州,jma_seamless,2025-02-19,1,2025-02-20,6.6,-2.2,-2.7,-4.1,,25.9,5.0,,24.1,,0.0,0.0
德州,jma_seamless,2025-02-18,2,2025-02-20,6.3,-1.7,-3.1,-4.1,,23.3,6.3,,20.7,,0.0,0.0
德州,jma_seamless,2025-02-17,3,2025-02-20,6.5,-1.7,-3.0,-4.5,,26.7,7.2,,31.1,,0.0,0.0
德州,jma_seamless,2025-02-16,4,2025-02-20,6.2,-1.7,-3.0,-4.8,,35.2,8.1,,41.6,,0.0,0.0
德州,jma_seamless,2025-02-15,5,2025-02-20,5.6,-2.6,-4.4,-5.6,,25.8,7.5,,6.7,,0.0,0.0
德州,jma_seamless,2025-02-14,6,2025-02-20,5.6,-2.4,-3.3,-5.1,,25.4,6.8,,38.5,,0.0,0.0
德州,jma_seamless,2025-02-13,7,2025-02-20,4.6,-3.3,-4.0,-5.6,,22.0,5.5,,27.2,,0.0,0.0
德州,ecmwf_ifs025,2025-02-20,1,2025-02-21,8.4,1.1,1.0,-2.1,,48.0,10.5,,53.6,9.63,0.6,
德州,ecmwf_ifs025,2025-02-19,2,2025-02-21,8.3,1.6,1.2,-1.5,,46.2,10.6,,62.0,7.87,0.0,
德州,ecmwf_ifs025,2025-02-18,3,2025-02-21,9.0,0.3,0.8,-2.7,,42.3,9.0,,31.7,11.8,0.0,
德州,ecmwf_ifs025,2025-02-17,4,2025-02-21,7.3,0.5,0.1,-2.9,,48.4,10.6,,23.4,12.25,0.0,
德州,ecmwf_ifs025,2025-02-16,5,2025-02-21,7.0,0.6,-0.2,-2.1,,42.7,8.2,,10.2,13.79,0.0,
德州,ecmwf_ifs025,2025-02-15,6,2025-02-21,5.4,0.0,-1.9,-2.9,,39.9,8.5,,27.7,19.24,0.0,
德州,ecmwf_ifs025,2025-02-14,7,2025-02-21,5.8,-1.3,-2.6,-3.6,,42.0,6.1,,2.8,19.9,0.0,
德州,gfs_seamless,2025-02-20,1,2025-02-21,7.0,-1.3,-3.1,-5.8,,40.9,14.0,38.5,81.3,13.54,0.0,0.0
德州,gfs_seamless,2025-02-19,2,2025-02-21,5.0,-0.5,-3.7,-4.9,,44.7,14.3,37.8,93.5,10.83,0.0,0.0
德州,gfs_seamless,2025-02-18,3,2025-02-21,6.6,-1.1,-3.6,-5.7,,37.0,14.7,38.9,75.3,14.93,0.0,0.0
德州,gfs_seamless,2025-02-17,4,2025-02-21,5.1,-1.4,-3.0,-5.5,,44.5,12.0,28.8,69.2,14.73,0.0,0.0
德州,gfs_seamless,2025-02-16,5,2025-02-21,6.0,-1.8,-3.9,-6.3,,35.7,13.3,38.9,93.8,14.03,0.0,0.0
德州,gfs_seamless,2025-02-15,6,2025-02-21,3.8,-3.7,-5.7,-8.4,,36.3,12.4,41.8,63.4,13.63,0.0,0.0
德州,gfs_seamless,2025-02-14,7,2025-02-21,4.6,-2.7,-4.8,-6.7,,38.0,10.4,32.8,56.5,14.8,0.0,0.0
德州,jma_seamless,2025-02-20,1,2025-02-21,4.9,-2.2,-3.7,-5.4,,42.1,8.3,,43.2,,0.0,0.0
德州,jma_seamless,2025-02-19,2,2025-02-21,6.6,-2.4,-3.0,-5.5,,29.0,7.7,,40.5,,0.0,0.0
德州,jma_seamless,2025-02-18,3,2025-02-21,3.7,-2.4,-4.6,-5.8,,38.7,8.6,,21.2,,0.0,0.0
德州,jma_seamless,2025-02-17,4,2025-02-21,4.5,-2.4,-4.5,-5.7,,37.9,8.3,,20.1,,0.0,0.0
德州,jma_seamless,2025-02-16,5,2025-02-21,5.1,-2.9,-4.3,-6.0,,35.4,7.6,,26.1,,0.0,0.0
德州,jma_seamless,2025-02-15,6,2025-02-21,2.6,-2.6,-5.0,-5.3,,19.6,6.7,,22.7,,0.0,0.0
德州,jma_seamless,2025-02-14,7,2025-02-21,5.7,-2.2,-3.4,-5.4,,35.7,8.3,,39.1,,0.0,0.0
德州,ecmwf_ifs025,2025-02-21,1,2025-02-22,5.9,0.0,-0.9,-2.1,,44.2,6.1,,27.0,10.81,0.0,
德州,ecmwf_ifs025,2025-02-20,2,2025-02-22,4.7,-0.2,-1.5,-2.9,,39.6,7.7,,24.3,13.8,0.0,
德州,ecmwf_ifs025,2025-02-19,3,2025-02-22,7.0,0.0,-1.1,-2.8,,44.0,8.3,,42.5,11.49,0.0,
德州,ecmwf_ifs025,2025-02-18,4,2025-02-22,6.1,-0.4,-1.2,-3.1,,43.9,7.7,,27.2,9.34,0.0,
德州,ecmwf_ifs025,2025-02-17,5,2025-02-22,6.1,0.3,-2.0,-2.5,,31.4,8.3,,18.0,14.78,0.0,
德州,ecmwf_ifs025,2025-02-16,6,2025-02-22,6.3,-1.8,-2.7,-5.0,,38.0,8.3,,49.0,19.25,0.0,
德州,ecmwf_ifs025,2025-02-15,7,2025-02-22,4.9,-2.6,-4.5,-4.7,,25.3,5.4,,2.6,20.26,0.0,
德州,gfs_seamless,2025-02-21,1,2025-02-22,5.1,-2.6,-3.6,-6.4,,34.9,10.1,32.4,66.8,16.4,0.0,0.0
德州,gfs_seamless,2025-02-20,2,2025-02-22,5.3,-3.8,-4.2,-8.0,,43.0,10.5,30.6,44.6,16.14,0.0,0.0
德州,gfs_seamless,2025-02-19,3,2025-02-22,5.0,-4.4,-4.6,-8.4,,43.2,9.4,31.3,66.4,15.98,0.0,0.0
德州,gfs_seamless,2025-02-18,4,2025-02-22,5.9,-4.2,-5.0,-8.7,,25.6,11.2,25.2,23.1,17.44,0.0,0.0
德州,gfs_seamless,2025-02-17,5,2025-02-22,4.9,-3.8,-4.7,-7.6,,29.9,9.3,29.2,50.5,15.85,0.0,0.0
德州,gfs_seamless,2025-02-16,6,2025-02-22,5.1,-4.5,-5.5,-8.9,,19.9,10.7,31.0,12.1,17.34,0.0,0.0
德州,gfs_seamless,2025-02-15,7,2025-02-22,4.1,-4.6,-5.5,-8.2,,20.8,8.2,24.8,24.1,17.18,0.0,0.0
德州,jma_seamless,2025-02-21,1,2025-02-22,4.2,-2.5,-4.5,-4.9,,28.7,6.0,,21.5,,0.0,0.0
德州,jma_seamless,2025-02-20,2,2025-02-22,4.0,-2.7,-4.6,-5.7,,36.6,7.4,,18.8,,0.0,0.0
德州,jma_seamless,2025-02-19,3,2025-02-22,4.0,-3.1,-5.0,-6.0,,34.9,6.9,,21.2,,0.0,0.0
德州,jma_seamless,2025-02-18,4,2025-02-22,3.6,-3.3,-5.2,,,20.8,3.5,,5.5,,0.0,0.0
德州,jma_seamless,2025-02-17,5,2025-02-22,2.9,-3.2,-5.8,-5.9,,19.5,6.4,,13.9,,0.0,0.0
德州,jma_seamless,2025-02-16,6,2025-02-22,3.8,-3.3,-5.3,-5.6,,18.5,5.5,,1.8,,0.0,0.0
德州,jma_seamless,2025-02-15,7,2025-02-22,3.4,-2.9,-5.3,-5.8,,25.0,7.0,,10.0,,0.0,0.0
德州,ecmwf_ifs025,2025-02-22,1,2025-02-23,5.1,-2.2,-4.0,-5.7,,26.3,9.2,,1.8,15.09,0.0,
德州,ecmwf_ifs025,2025-02-21,2,2025-02-23,6.1,-1.6,-3.0,-4.8,,25.0,8.5,,0.0,15.15,0.0,
德州,ecmwf_ifs025,2025-02-20,3,2025-02-23,6.4,-2.5,-3.5,-5.2,,26.3,6.7,,0.0,15.08,0.0,
德州,ecmwf_ifs025,2025-02-19,4,2025-02-23,7.0,-3.1,-3.7,-5.9,,31.8,6.7,,0.1,14.94,0.0,
德州,ecmwf_ifs025,2025-02-18,5,2025-02-23,7.5,-2.1,-3.2,-4.8,,23.0,6.9,,0.0,15.06,0.0,
德州,ecmwf_ifs025,2025-02-17,6,2025-02-23,8.7,-2.9,-2.3,-5.1,,23.6,5.4,,10.0,19.67,0.0,
德州,ecmwf_ifs025,2025-02-16,7,2025-02-23,7.5,-2.0,-2.6,-4.0,,23.2,5.3,,12.7,20.56,0.0,
德州,gfs_seamless,2025-02-22,1,2025-02-23,3.9,-5.1,-5.9,-10.0,,20.2,12.0,43.6,17.8,18.12,0.0,0.0
德州,gfs_seamless,2025-02-21,2,2025-02-23,4.1,-5.1,-5.8,-9.6,,24.3,10.6,39.2,0.5,18.09,0.0,0.0
德州,gfs_seamless,2025-02-20,3,2025-02-23,4.8,-6.2,-5.7,-10.8,,20.1,10.3,38.2,1.4,18.07,0.0,0.0
德州,gfs_seamless,2025-02-19,4,2025-02-23,5.7,-5.1,-4.7,-9.0,,20.0,8.8,15.8,0.0,18.05,0.0,0.0
德州,gfs_seamless,2025-02-18,5,2025-02-23,6.0,-4.6,-4.4,-8.1,,18.5,7.8,28.1,0.2,17.81,0.0,0.0
德州,gfs_seamless,2025-02-17,6,2025-02-23,8.1,-4.1,-3.4,-7.3,,18.0,7.3,27.7,28.4,17.37,0.0,0.0
德州,gfs_seamless,2025-02-16,7,2025-02-23,7.7,-3.4,-3.3,-6.5,,19.8,7.5,16.2,24.8,15.58,0.0,0.0
德州,jma_seamless,2025-02-22,1,2025-02-23,2.1,-3.8,-6.5,-6.4,,18.4,6.1,,0.0,,0.0,0.0
德州,jma_seamless,2025-02-21,2,2025-02-23,2.3,-3.7,-6.5,-6.2,,16.8,5.9,,0.0,,0.0,0.0
德州,jma_seamless,2025-02-20,3,2025-02-23,2.8,-3.8,-6.2,-6.1,,17.4,5.4,,0.2,,0.0,0.0
德州,jma_seamless,2025-02-19,4,2025-02-23,3.1,-3.7,-6.1,,,18.1,4.8,,0.0,,0.0,0.0
德州,jma_seamless,2025-02-18,5,2025-02-23,3.3,-3.5,-5.9,-5.6,,18.1,5.0,,0.0,,0.0,0.0
德州,jma_seamless,2025-02-17,6,2025-02-23,4.4,-3.1,-5.5,-5.4,,17.5,5.5,,0.0,,0.0,0.0
德州,jma_seamless,2025-02-16,7,2025-02-23,5.1,-3.1,-5.0,,,17.0,3.6,,0.0,,0.0,0.0
德州,ecmwf_ifs025,2025-02-23,1,2025-02-24,8.9,-4.8,-3.4,-10.4,,22.5,15.3,,12.5,15.25,0.0,
德州,ecmwf_ifs025,2025-02-22,2,2025-02-24,8.9,-4.4,-2.7,-9.9,,20.3,15.5,,15.8,15.3,0.0,
德州,ecmwf_ifs025,2025-02-21,3,2025-02-24,8.5,-3.8,-2.8,-9.2,,19.3,15.4,,8.0,15.08,0.0,
德州,ecmwf_ifs025,2025-02-20,4,2025-02-24,9.8,-3.8,-2.1,-8.7,,20.2,13.4,,7.6,15.33,0.0,
德州,ecmwf_ifs025,2025-02-19,5,2025-02-24,11.3,-2.8,-1.9,-7.8,,21.8,14.5,,2.2,15.33,0.0,
德州,ecmwf_ifs025,2025-02-18,6,2025-02-24,11.6,-2.2,-1.4,-7.0,,22.3,14.4,,1.9,19.87,0.0,
德州,ecmwf_ifs025,2025-02-17,7,2025-02-24,12.0,-1.9,-0.9,-7.0,,25.6,16.2,,10.8,20.72,0.0,
德州,gfs_seamless,2025-02-23,1,2025-02-24,10.0,-4.7,-3.5,-10.6,,15.9,16.7,54.7,43.6,17.49,0.0,0.0
德州,gfs_seamless,2025-02-22,2,2025-02-24,10.1,-4.4,-3.3,-10.3,,15.9,17.4,49.7,61.1,16.88,0.0,0.0
德州,gfs_seamless,2025-02-21,3,2025-02-24,10.0,-4.3,-3.3,-10.3,,18.1,17.9,54.4,54.0,16.58,0.0,0.0
德州,gfs_seamless,2025-02-20,4,2025-02-24,11.0,-3.3,-2.4,-9.0,,19.5,17.7,54.4,40.5,17.12,0.0,0.0
德州,gfs_seamless,2025-02-19,5,2025-02-24,12.6,-1.8,-1.6,-7.6,,21.4,20.3,54.4,25.8,16.21,0.0,0.0
德州,gfs_seamless,2025-02-18,6,2025-02-24,12.5,-2.6,-1.7,-8.3,,19.5,18.9,51.1,19.9,17.21,0.0,0.0
德州,gfs_seamless,2025-02-17,7,2025-02-24,13.0,-1.8,-0.9,-6.9,,24.1,16.6,41.0,11.0,17.37,0.0,0.0
德州,jma_seamless,2025-02-23,1,2025-02-24,7.8,-2.8,-3.3,-7.0,,15.9,11.1,,15.6,,0.0,0.0
德州,jma_seamless,2025-02-22,2,2025-02-24,7.8,-3.0,-3.4,-7.0,,16.2,10.5,,19.8,,0.0,0.0
德州,jma_seamless,2025-02-21,3,2025-02-24,7.9,-2.8,-3.3,-6.9,,16.6,10.7,,15.0,,0.0,0.0
德州,jma_seamless,2025-02-20,4,2025-02-24,8.6,-2.8,-2.7,-6.7,,17.8,10.3,,1.1,,0.0,0.0
德州,jma_seamless,2025-02-19,5,2025-02-24,9.4,-2.6,-2.2,-6.5,,19.0,10.4,,3.0,,0.0,0.0
德州,jma_seamless,2025-02-18,6,2025-02-24,9.0,-2.7,-2.6,-6.3,,19.1,9.3,,0.0,,0.0,0.0
德州,jma_seamless,2025-02-17,7,2025-02-24,8.5,-2.6,-2.7,-5.9,,17.3,8.2,,0.1,,0.0,0.0
德州,ecmwf_ifs025,2025-02-24,1,2025-02-25,13.7,0.7,1.6,-2.9,,33.8,11.6,,14.3,15.36,0.0,
德州,ecmwf_ifs025,2025-02-23,2,2025-02-25,13.4,-0.2,1.0,-4.0,,31.7,11.7,,12.6,15.43,0.0,
德州,ecmwf_ifs025,2025-02-22,3,2025-02-25,14.7,-0.6,1.6,-4.4,,30.6,11.4,,13.2,15.44,0.0,
德州,ecmwf_ifs025,2025-02-21,4,2025-02-25,15.3,-0.6,1.7,-4.8,,30.0,13.2,,15.2,15.36,0.0,
德州,ecmwf_ifs025,2025-02-20,5,2025-02-25,13.8,0.8,1.9,-2.4,,37.6,10.2,,1.3,15.33,0.0,
德州,ecmwf_ifs025,2025-02-19,6,2025-02-25,15.5,0.8,3.4,-3.1,,32.8,13.4,,6.9,20.07,0.0,
德州,ecmwf_ifs025,2025-02-18,7,2025-02-25,15.0,1.3,3.1,-1.4,,37.3,8.5,,2.1,21.01,0.0,
德州,gfs_seamless,2025-02-24,1,2025-02-25,13.7,0.4,1.1,-3.8,,19.1,14.6,52.2,31.7,18.16,0.0,0.0
德州,gfs_seamless,2025-02-23,2,2025-02-25,13.3,-0.1,1.1,-4.1,,21.3,12.8,51.1,21.6,18.21,0.0,0.0
德州,gfs_seamless,2025-02-22,3,2025-02-25,14.0,-0.6,1.1,-5.1,,20.8,14.7,49.0,0.9,18.21,0.0,0.0
德州,gfs_seamless,2025-02-21,4,2025-02-25,14.6,0.2,1.2,-4.5,,24.0,17.0,57.2,23.4,18.01,0.0,0.0
德州,gfs_seamless,2025-02-20,5,2025-02-25,15.8,2.0,2.6,-2.2,,30.2,16.8,53.3,9.2,17.59,0.0,0.0
德州,gfs_seamless,2025-02-19,6,2025-02-25,15.5,1.3,2.5,-2.0,,19.3,10.8,46.8,16.7,18.02,0.0,0.0
德州,gfs_seamless,2025-02-18,7,2025-02-25,14.5,1.7,3.2,-2.0,,32.2,13.4,63.0,15.8,17.64,0.0,0.0
德州,jma_seamless,2025-02-24,1,2025-02-25,12.3,0.6,0.3,-2.4,,20.1,9.3,,7.6,,0.0,0.0
德州,jma_seamless,2025-02-23,2,2025-02-25,11.8,-0.0,-0.0,-2.7,,18.4,7.9,,16.5,,0.0,0.0
德州,jma_seamless,2025-02-22,3,2025-02-25,11.7,-0.6,-0.2,-3.3,,21.0,7.6,,4.3,,0.0,0.0
德州,jma_seamless,2025-02-21,4,2025-02-25,11.0,-0.1,-0.9,-2.8,,22.6,7.8,,1.7,,0.0,0.0
德州,jma_seamless,2025-02-20,5,2025-02-25,11.6,-0.4,-0.2,-3.4,,22.5,8.7,,0.0,,0.0,0.0
德州,jma_seamless,2025-02-19,6,2025-02-25,13.4,-0.7,1.2,-3.5,,31.4,7.7,,0.0,,0.0,0.0
德州,jma_seamless,2025-02-18,7,2025-02-25,13.2,0.8,1.8,-2.3,,32.0,9.7,,4.0,,0.0,0.0
德州,ecmwf_ifs025,2025-02-25,1,2025-02-26,15.0,-0.7,2.3,-4.2,,31.8,10.0,,0.0,15.29,0.0,
德州,ecmwf_ifs025,2025-02-24,2,2025-02-26,15.1,-1.0,2.0,-4.8,,33.4,11.3,,3.4,15.2,0.0,
德州,ecmwf_ifs025,2025-02-23,3,2025-02-26,15.3,-0.1,2.6,-3.6,,32.8,10.7,,2.8,15.15,0.0,
德州,ecmwf_ifs025,2025-02-22,4,2025-02-26,16.2,-0.3,2.4,-4.3,,30.8,12.8,,1.1,15.17,0.0,
德州,ecmwf_ifs025,2025-02-21,5,2025-02-26,12.8,-1.8,0.7,-4.6,,37.4,7.3,,8.1,15.34,0.0,
德州,ecmwf_ifs025,2025-02-20,6,2025-02-26,14.8,-1.4,1.8,-4.7,,31.3,9.1,,0.0,20.24,0.0,
德州,ecmwf_ifs025,2025-02-19,7,2025-02-26,13.7,-0.6,1.2,-4.1,,31.9,10.1,,0.0,21.18,0.0,
德州,gfs_seamless,2025-02-25,1,2025-02-26,16.0,0.5,3.2,-2.9,,21.8,10.9,46.1,12.7,18.0,0.0,0.0
德州,gfs_seamless,2025-02-24,2,2025-02-26,16.4,0.0,2.8,-4.0,,21.2,13.0,35.3,16.7,17.97,0.0,0.0
德州,gfs_seamless,2025-02-23,3,2025-02-26,16.6,1.0,3.3,-2.4,,21.0,11.2,28.8,0.2,18.06,0.0,0.0
德州,gfs_seamless,2025-02-22,4,2025-02-26,14.7,0.4,2.5,-2.4,,19.6,8.5,34.6,8.6,18.27,0.0,0.0
德州,gfs_seamless,2025-02-21,5,2025-02-26,12.8,-1.4,1.2,-4.5,,23.0,8.5,53.3,2.5,18.03,0.0,0.0
德州,gfs_seamless,2025-02-20,6,2025-02-26,14.7,-0.0,1.6,-4.1,,37.2,13.5,46.1,55.8,15.45,0.0,0.0
德州,gfs_seamless,2025-02-19,7,2025-02-26,15.5,-1.8,2.5,-6.0,,27.3,12.2,61.9,35.9,17.57,0.0,0.0
德州,jma_seamless,2025-02-25,1,2025-02-26,14.7,-1.3,1.6,-4.1,,24.1,7.6,,1.3,,0.0,0.0
德州,jma_seamless,2025-02-24,2,2025-02-26,14.1,-2.3,0.8,-5.5,,21.5,8.2,,2.3,,0.0,0.0
德州,jma_seamless,2025-02-23,3,2025-02-26,14.7,-1.9,1.1,-5.2,,22.6,8.6,,1.3,,0.0,0.0
德州,jma_seamless,2025-02-22,4,2025-02-26,14.7,-0.7,1.2,-4.0,,21.9,9.3,,0.0,,0.0,0.0
德州,jma_seamless,2025-02-21,5,2025-02-26,14.9,-0.2,1.5,-3.6,,20.1,10.1,,0.0,,0.0,0.0
德州,jma_seamless,2025-02-20,6,2025-02-26,14.7,-0.1,2.4,-3.7,,25.4,10.9,,0.5,,0.0,0.0
德州,jma_seamless,2025-02-19,7,2025-02-26,11.1,0.8,1.4,-1.9,,38.0,8.2,,11.0,,0.0,0.0
德州,ecmwf_ifs025,2025-02-26,1,2025-02-27,15.8,5.3,6.5,2.5,,56.4,12.8,,5.0,14.86,0.0,
德州,ecmwf_ifs025,2025-02-25,2,2025-02-27,15.8,5.2,6.3,2.7,,57.2,10.9,,2.5,14.98,0.0,
德州,ecmwf_ifs025,2025-02-24,3,2025-02-27,15.7,4.8,6.1,2.2,,59.5,11.0,,7.9,15.02,0.0,
德州,ecmwf_ifs025,2025-02-23,4,2025-02-27,16.6,5.0,6.5,2.4,,53.9,11.1,,0.0,15.39,0.0,
德州,ecmwf_ifs025,2025-02-22,5,2025-02-27,14.6,4.4,5.2,1.9,,61.2,10.0,,2.8,14.14,0.0,
德州,ecmwf_ifs025,2025-02-21,6,2025-02-27,18.2,3.8,5.7,0.4,,49.4,14.1,,0.0,20.4,0.0,
德州,ecmwf_ifs025,2025-02-20,7,2025-02-27,17.7,5.2,6.7,1.5,,55.2,18.5,,12.6,21.41,0.0,
德州,gfs_seamless,2025-02-26,1,2025-02-27,18.0,5.3,7.2,2.1,,42.1,15.4,52.6,15.5,17.5,0.0,0.0
德州,gfs_seamless,2025-02-25,2,2025-02-27,17.9,5.0,7.2,1.8,,42.4,14.6,47.2,13.5,17.45,0.0,0.0
德州,gfs_seamless,2025-02-24,3,2025-02-27,17.9,5.2,6.6,2.4,,36.8,12.7,38.9,25.5,17.59,0.0,0.0
德州,gfs_seamless,2025-02-23,4,2025-02-27,18.0,5.6,6.6,3.1,,33.1,11.4,33.5,25.6,17.87,0.0,0.0
德州,gfs_seamless,2025-02-22,5,2025-02-27,18.4,5.4,6.8,2.4,,38.2,13.9,36.0,24.6,17.33,0.0,0.0
德州,gfs_seamless,2025-02-21,6,2025-02-27,18.3,4.9,6.3,1.8,,45.8,13.8,38.2,48.4,12.78,0.0,0.0
德州,gfs_seamless,2025-02-20,7,2025-02-27,14.5,2.9,4.5,-0.2,,52.9,11.4,34.2,34.8,13.77,0.0,0.0
德州,jma_seamless,2025-02-26,1,2025-02-27,15.4,6.7,6.6,5.0,,49.4,8.4,,13.3,,0.0,0.0
德州,jma_seamless,2025-02-25,2,2025-02-27,16.0,6.3,6.3,4.4,,40.3,9.2,,24.5,,0.0,0.0
德州,jma_seamless,2025-02-24,3,2025-02-27,15.9,4.5,5.4,2.2,,40.2,9.6,,5.0,,0.0,0.0
德州,jma_seamless,2025-02-23,4,2025-02-27,16.5,4.9,5.7,2.3,,37.0,11.0,,8.5,,0.0,0.0
德州,jma_seamless,2025-02-22,5,2025-02-27,16.4,5.1,5.9,2.5,,43.0,11.3,,0.0,,0.0,0.0
德州,jma_seamless,2025-02-21,6,2025-02-27,16.6,5.8,6.2,3.8,,48.4,9.2,,7.3,,0.0,0.0
德州,jma_seamless,2025-02-20,7,2025-02-27,14.6,3.0,4.9,1.1,,51.2,6.8,,25.7,,0.0,0.0
德州,ecmwf_ifs025,2025-02-27,1,2025-02-28,19.9,5.2,9.9,3.2,,59.2,8.7,,14.8,15.33,0.0,
德州,ecmwf_ifs025,2025-02-26,2,2025-02-28,19.8,3.2,9.5,1.3,,64.9,6.9,,22.8,14.68,0.0,
德州,ecmwf_ifs025,2025-02-25,3,2025-02-28,19.9,2.5,8.9,1.2,,63.5,5.2,,26.9,15.08,0.0,
德州,ecmwf_ifs025,2025-02-24,4,2025-02-28,20.1,5.2,9.8,3.4,,67.1,7.8,,22.1,15.15,0.0,
德州,ecmwf_ifs025,2025-02-23,5,2025-02-28,20.7,3.9,9.3,2.0,,62.6,7.3,,14.6,15.5,0.0,
德州,ecmwf_ifs025,2025-02-22,6,2025-02-28,20.7,3.0,8.1,0.5,,59.8,9.2,,33.7,20.6,0.0,
德州,ecmwf_ifs025,2025-02-21,7,2025-02-28,21.4,7.5,10.3,4.8,,58.5,15.0,,34.1,21.62,0.6,
德州,gfs_seamless,2025-02-27,1,2025-02-28,21.0,6.9,10.7,4.7,,47.0,11.0,34.9,41.9,17.11,0.0,0.0
德州,gfs_seamless,2025-02-26,2,2025-02-28,20.9,7.4,11.1,5.6,,47.5,9.4,33.1,42.7,16.71,0.0,0.0
德州,gfs_seamless,2025-02-25,3,2025-02-28,21.1,6.5,10.3,4.3,,40.4,10.8,28.8,32.5,17.63,0.0,0.0
德州,gfs_seamless,2025-02-24,4,2025-02-28,21.3,6.3,9.0,3.6,,41.0,13.5,36.4,25.7,16.99,0.0,0.0
德州,gfs_seamless,2025-02-23,5,2025-02-28,21.4,7.4,10.0,5.2,,44.1,11.6,41.4,1.0,17.85,0.0,0.0
德州,gfs_seamless,2025-02-22,6,2025-02-28,18.7,8.1,9.1,6.1,,52.4,11.6,44.3,85.0,13.28,0.0,0.0
德州,gfs_seamless,2025-02-21,7,2025-02-28,19.4,5.4,9.6,3.1,,61.8,10.2,32.4,49.0,15.83,0.0,0.0
德州,jma_seamless,2025-02-27,1,2025-02-28,18.1,4.2,8.7,,,74.5,4.3,,19.5,,0.0,0.0
德州,jma_seamless,2025-02-26,2,2025-02-28,17.9,4.2,8.3,,,71.5,4.4,,42.6,,0.0,0.0
德州,jma_seamless,2025-02-25,3,2025-02-28,17.8,3.4,7.9,,,69.5,4.7,,44.8,,0.0,0.0
德州,jma_seamless,2025-02-24,4,2025-02-28,17.9,4.8,8.2,3.4,,70.0,6.4,,37.6,,0.6,0.0
德州,jma_seamless,2025-02-23,5,2025-02-28,17.3,4.7,8.4,3.7,,74.4,5.2,,27.1,,0.0,0.0
德州,jma_seamless,2025-02-22,6,2025-02-28,17.2,4.0,7.6,3.0,,73.4,4.9,,2.5,,0.0,0.0
德州,jma_seamless,2025-02-21,7,2025-02-28,11.8,4.4,4.0,1.6,,32.4,11.6,,14.6,,0.0,0.0
德州,ecmwf_ifs025,2025-02-28,1,2025-03-01,20.9,10.5,13.9,,,58.5,8.4,,32.8,14.14,0.0,
德州,ecmwf_ifs025,2025-02-27,2,2025-03-01,19.5,10.2,13.1,,,64.6,8.0,,60.0,9.95,0.0,
德州,ecmwf_ifs025,2025-02-26,3,2025-03-01,18.0,11.3,13.4,,,75.5,6.9,,83.7,6.8,4.5,
德州,ecmwf_ifs025,2025-02-25,4,2025-03-01,16.6,9.7,11.6,8.7,,84.0,7.8,,77.5,5.88,1.8,
德州,ecmwf_ifs025,2025-02-24,5,2025-03-01,15.5,9.8,12.3,8.8,,80.5,7.7,,82.4,5.01,0.0,
德州,ecmwf_ifs025,2025-02-23,6,2025-03-01,14.9,8.1,9.5,6.9,,71.6,7.3,,89.1,9.43,1.5,
德州,ecmwf_ifs025,2025-02-22,7,2025-03-01,18.9,8.1,11.5,6.9,,71.7,7.6,,58.6,20.74,3.6,
德州,gfs_seamless,2025-02-28,1,2025-03-01,21.1,10.4,13.1,,,63.0,10.3,35.6,70.3,10.95,0.0,0.0
德州,gfs_seamless,2025-02-27,2,2025-03-01,20.4,11.9,13.1,,,72.4,10.8,37.1,91.5,6.61,1.6,0.0
德州,gfs_seamless,2025-02-26,3,2025-03-01,18.6,9.5,11.5,7.9,,69.0,10.5,26.6,98.8,8.74,3.4,0.0
德州,gfs_seamless,2025-02-25,4,2025-03-01,14.8,9.6,9.5,8.1,,72.7,10.5,28.4,99.2,3.16,2.2,0.0
德州,gfs_seamless,2025-02-24,5,2025-03-01,15.9,10.0,10.0,8.8,,65.5,9.3,30.6,94.5,3.36,0.3,0.0
德州,gfs_seamless,2025-02-23,6,2025-03-01,20.0,7.4,8.5,5.4,,53.3,10.9,48.6,88.9,8.64,0.0,0.0
德州,gfs_seamless,2025-02-22,7,2025-03-01,15.3,4.0,6.5,0.6,,65.2,14.4,41.8,98.9,7.17,0.0,0.0
德州,jma_seamless,2025-02-28,1,2025-03-01,17.6,7.7,11.4,7.0,,81.5,5.4,,21.0,,0.0,0.0
德州,jma_seamless,2025-02-27,2,2025-03-01,17.4,8.5,11.7,7.9,,81.8,5.5,,56.1,,0.0,0.0
德州,jma_seamless,2025-02-26,3,2025-03-01,14.9,9.2,11.2,8.7,,78.3,5.5,,86.2,,1.8,0.0
德州,jma_seamless,2025-02-25,4,2025-03-01,13.5,7.4,8.9,6.4,,83.5,6.2,,65.0,,10.8,0.0
德州,jma_seamless,2025-02-24,5,2025-03-01,13.7,7.5,8.0,6.0,,80.8,8.3,,66.5,,6.0,0.0
德州,jma_seamless,2025-02-23,6,2025-03-01,13.4,7.3,9.2,5.7,,87.2,8.5,,85.9,,19.2,0.0
德州,jma_seamless,2025-02-22,7,2025-03-01,11.1,7.6,6.7,5.9,,74.5,9.5,,96.3,,4.8,0.0
德州,ecmwf_ifs025,2025-03-01,1,2025-03-02,12.0,1.5,-1.8,-3.7,,55.7,22.8,,81.0,2.98,4.8,
德州,ecmwf_ifs025,2025-02-28,2,2025-03-02,12.3,1.6,-1.4,-3.8,,55.5,24.5,,77.9,2.55,3.9,
德州,ecmwf_ifs025,2025-02-27,3,2025-03-02,13.5,-1.7,-2.9,-8.4,,82.7,27.1,,99.2,1.42,27.3,
德州,ecmwf_ifs025,2025-02-26,4,2025-03-02,9.8,-0.1,-2.8,-6.2,,57.1,26.3,,93.0,1.68,7.5,
德州,ecmwf_ifs025,2025-02-25,5,2025-03-02,12.1,2.2,-0.1,-2.7,,52.2,21.7,,87.4,3.57,2.4,
德州,ecmwf_ifs025,2025-02-24,6,2025-03-02,9.9,2.1,-0.0,-2.8,,51.8,21.3,,79.7,5.21,0.3,
德州,ecmwf_ifs025,2025-02-23,7,2025-03-02,7.7,2.4,0.3,-2.4,,68.5,21.1,,83.5,5.81,2.1,
德州,gfs_seamless,2025-03-01,1,2025-03-02,12.4,-1.6,-2.7,-8.2,,80.1,27.0,67.7,100.0,3.27,13.2,2.2
德州,gfs_seamless,2025-02-28,2,2025-03-02,11.5,1.7,-0.9,-4.1,,57.3,28.0,61.6,96.5,7.49,1.1,0.0
德州,gfs_seamless,2025-02-27,3,2025-03-02,10.8,3.6,-0.4,-1.4,,54.5,25.7,57.2,95.7,4.17,0.0,0.0
德州,gfs_seamless,2025-02-26,4,2025-03-02,9.1,3.6,1.5,-0.9,,65.2,22.0,49.3,88.3,5.47,0.2,0.1
德州,gfs_seamless,2025-02-25,5,2025-03-02,10.9,3.0,0.8,-2.2,,49.1,26.0,64.8,96.8,12.07,0.0,0.0
德州,gfs_seamless,2025-02-24,6,2025-03-02,8.7,2.1,-0.5,-3.0,,55.8,23.0,56.9,90.2,4.8,0.0,0.0
德州,gfs_seamless,2025-02-23,7,2025-03-02,15.3,3.9,2.8,-0.3,,39.2,20.0,43.2,97.4,15.89,0.0,0.0
德州,jma_seamless,2025-03-01,1,2025-03-02,11.1,2.2,-0.6,-2.4,,55.6,19.5,,98.5,,9.0,0.0
德州,jma_seamless,2025-02-28,2,2025-03-02,11.4,-0.9,-2.5,-6.9,,82.2,23.6,,99.2,,34.5,11.2
德州,jma_seamless,2025-02-27,3,2025-03-02,13.5,1.1,-0.2,-3.8,,68.6,19.5,,99.7,,11.4,0.0
德州,jma_seamless,2025-02-26,4,2025-03-02,10.2,-1.1,1.4,-6.5,,90.9,19.0,,83.8,,41.1,5.7
德州,jma_seamless,2025-02-25,5,2025-03-02,6.8,0.5,0.8,-3.6,,80.1,14.2,,97.8,,10.5,0.0
德州,jma_seamless,2025-02-24,6,2025-03-02,10.1,-0.2,-0.1,-4.8,,77.3,15.8,,99.8,,14.7,1.8
德州,jma_seamless,2025-02-23,7,2025-03-02,7.2,4.0,2.0,0.3,,79.2,16.3,,99.8,,19.2,0.0
德州,ecmwf_ifs025,2025-03-02,1,2025-03-03,3.8,-2.4,-4.6,-7.0,,44.6,13.4,,75.0,10.55,0.0,
德州,ecmwf_ifs025,2025-03-01,2,2025-03-03,6.9,-0.2,-2.9,-4.8,,26.5,15.8,,79.7,11.48,0.0,
德州,ecmwf_ifs025,2025-02-28,3,2025-03-03,5.2,-3.4,-4.1,-9.1,,36.4,17.3,,81.0,5.91,0.0,
德州,ecmwf_ifs025,2025-02-27,4,2025-03-03,1.6,-3.6,-5.8,-9.2,,57.8,16.8,,76.0,9.04,0.0,
德州,ecmwf_ifs025,2025-02-26,5,2025-03-03,3.3,-0.6,-4.3,-5.5,,32.5,16.7,,76.4,4.56,0.0,
德州,ecmwf_ifs025,2025-02-25,6,2025-03-03,7.4,-0.4,-2.9,-5.1,,34.1,16.3,,69.2,20.23,0.0,
德州,ecmwf_ifs025,2025-02-24,7,2025-03-03,6.6,-0.2,-2.6,-4.6,,32.7,14.5,,60.0,22.03,0.0,
德州,gfs_seamless,2025-03-02,1,2025-03-03,3.3,-6.4,-5.7,-11.9,,77.0,13.2,51.1,93.8,13.73,0.6,0.3
德州,gfs_seamless,2025-03-01,2,2025-03-03,5.8,-0.5,-4.1,-5.8,,52.4,19.2,57.2,100.0,14.12,0.1,0.1
德州,gfs_seamless,2025-02-28,3,2025-03-03,6.3,0.2,-3.9,-5.3,,32.3,22.4,58.3,96.3,9.34,0.7,0.4
德州,gfs_seamless,2025-02-27,4,2025-03-03,7.3,1.5,-3.0,-3.7,,31.9,22.3,52.9,100.0,10.72,1.0,0.4
德州,gfs_seamless,2025-02-26,5,2025-03-03,7.8,1.0,-3.2,-4.5,,32.0,23.7,52.6,98.8,15.0,0.1,0.1
德州,gfs_seamless,2025-02-25,6,2025-03-03,8.7,-0.8,-3.0,-6.3,,33.2,20.0,49.0,98.3,14.8,0.0,0.0
德州,gfs_seamless,2025-02-24,7,2025-03-03,6.3,-2.2,-3.2,-7.2,,31.8,15.3,39.2,85.5,12.48,0.0,0.0
德州,jma_seamless,2025-03-02,1,2025-03-03,6.5,0.3,-2.6,-3.7,,26.4,13.1,,81.8,,0.0,0.0
德州,jma_seamless,2025-03-01,2,2025-03-03,7.2,0.5,-2.7,-4.0,,28.8,16.0,,77.9,,0.9,0.0
德州,jma_seamless,2025-02-28,3,2025-03-03,5.6,0.5,-3.4,-3.9,,26.6,15.7,,79.9,,1.8,0.0
德州,jma_seamless,2025-02-27,4,2025-03-03,6.2,-1.4,-3.4,-6.2,,36.9,15.2,,83.2,,7.5,5.5
德州,jma_seamless,2025-02-26,5,2025-03-03,6.0,0.7,-2.7,-3.5,,31.4,14.6,,71.9,,2.1,0.0
德州,jma_seamless,2025-02-25,6,2025-03-03,8.9,1.1,-1.4,-2.4,,23.5,11.6,,66.2,,0.3,0.0
德州,jma_seamless,2025-02-24,7,2025-03-03,9.4,0.7,-0.1,-2.6,,21.6,10.5,,68.9,,0.0,0.0
德州,ecmwf_ifs025,2025-03-03,1,2025-03-04,8.2,-1.9,-0.8,-3.9,,50.0,5.4,,39.7,15.53,0.0,
德州,ecmwf_ifs025,2025-03-02,2,2025-03-04,7.8,-1.9,-1.6,-4.7,,52.5,7.3,,32.7,15.82,0.0,
德州,ecmwf_ifs025,2025-03-01,3,2025-03-04,9.1,0.4,-0.1,-2.3,,41.7,8.2,,33.0,14.7,0.0,
德州,ecmwf_ifs025,2025-02-28,4,2025-03-04,8.9,-3.9,-1.1,-6.9,,49.3,6.9,,23.0,14.34,0.0,
德州,ecmwf_ifs025,2025-02-27,5,2025-03-04,1.7,-7.0,-5.5,-9.6,,63.5,5.1,,8.5,17.72,0.0,
德州,ecmwf_ifs025,2025-02-26,6,2025-03-04,8.6,-1.5,-1.7,-3.7,,44.4,5.9,,21.4,21.36,0.0,
德州,ecmwf_ifs025,2025-02-25,7,2025-03-04,8.4,-1.5,-0.5,,,45.6,3.7,,39.8,22.32,0.0,
德州,gfs_seamless,2025-03-03,1,2025-03-04,7.5,-3.5,-1.0,-6.4,,56.8,6.7,27.4,87.7,14.36,0.0,0.0
德州,gfs_seamless,2025-03-02,2,2025-03-04,5.6,-1.6,-1.7,-4.5,,78.1,7.7,19.8,90.8,13.07,0.0,0.0
德州,gfs_seamless,2025-03-01,3,2025-03-04,5.8,-1.5,-1.5,-4.5,,57.4,8.1,30.2,90.9,11.6,0.3,0.0
德州,gfs_seamless,2025-02-28,4,2025-03-04,8.9,-1.5,-0.2,-4.4,,38.6,7.7,15.8,77.3,17.32,0.0,0.0
德州,gfs_seamless,2025-02-27,5,2025-03-04,9.5,-0.6,-0.3,-3.5,,42.8,8.1,26.6,88.0,13.98,0.0,0.0
德州,gfs_seamless,2025-02-26,6,2025-03-04,9.3,0.6,-0.2,-2.7,,37.1,10.3,28.8,88.0,15.72,0.0,0.0
德州,gfs_seamless,2025-02-25,7,2025-03-04,9.3,1.0,-1.0,-2.9,,31.6,13.7,31.7,98.3,14.62,0.0,0.0
德州,jma_seamless,2025-03-03,1,2025-03-04,6.3,-1.1,-1.6,,,49.4,4.3,,34.2,,0.0,0.0
德州,jma_seamless,2025-03-02,2,2025-03-04,7.2,-0.3,-1.0,-2.2,,50.8,5.5,,51.8,,0.0,0.0
德州,jma_seamless,2025-03-01,3,2025-03-04,8.2,0.0,-0.4,-2.5,,41.7,7.2,,49.2,,0.0,0.0
德州,jma_seamless,2025-02-28,4,2025-03-04,5.5,-1.6,-3.0,-3.4,,35.8,5.0,,44.0,,0.0,0.0
德州,jma_seamless,2025-02-27,5,2025-03-04,8.2,-0.8,-1.0,-2.7,,42.4,5.4,,55.6,,0.0,0.0
德州,jma_seamless,2025-02-26,6,2025-03-04,8.1,-0.5,-1.3,,,33.6,3.7,,54.0,,0.0,-0.3
德州,jma_seamless,2025-02-25,7,2025-03-04,10.3,-1.5,-0.5,,,29.7,4.0,,42.6,,0.0,0.0
德州,ecmwf_ifs025,2025-03-04,1,2025-03-05,11.1,-2.7,0.6,,,54.6,3.8,,3.3,16.01,0.0,
德州,ecmwf_ifs025,2025-03-03,2,2025-03-05,11.5,-2.7,0.8,,,59.0,4.6,,2.4,15.97,0.0,
德州,ecmwf_ifs025,2025-03-02,3,2025-03-05,10.1,-2.2,-0.1,-4.2,,68.2,5.3,,6.8,16.14,0.0,
德州,ecmwf_ifs025,2025-03-01,4,2025-03-05,11.4,-1.8,1.1,-3.9,,62.5,5.5,,19.9,16.07,0.0,
德州,ecmwf_ifs025,2025-02-28,5,2025-03-05,11.9,-6.9,-0.5,-10.8,,58.8,8.0,,24.8,15.61,0.0,
德州,ecmwf_ifs025,2025-02-27,6,2025-03-05,2.3,-4.2,-4.0,-6.6,,71.8,5.5,,23.8,21.37,0.6,
德州,ecmwf_ifs025,2025-02-26,7,2025-03-05,12.9,-1.1,0.6,-3.6,,54.5,6.9,,17.2,22.73,0.3,
德州,gfs_seamless,2025-03-04,1,2025-03-05,11.3,0.7,2.6,-0.9,,45.9,5.2,6.8,8.7,19.02,0.0,0.0
德州,gfs_seamless,2025-03-03,2,2025-03-05,11.5,0.0,3.2,,,57.1,3.8,7.6,24.4,18.9,0.0,0.0
德州,gfs_seamless,2025-03-02,3,2025-03-05,10.3,0.3,2.4,,,68.7,4.7,9.0,42.0,18.93,0.0,0.0
德州,gfs_seamless,2025-03-01,4,2025-03-05,10.9,0.5,2.1,-1.5,,45.6,6.2,13.3,22.9,19.05,0.0,0.0
德州,gfs_seamless,2025-02-28,5,2025-03-05,13.0,1.3,2.6,-1.3,,34.5,8.4,36.0,11.4,18.84,0.0,0.0
德州,gfs_seamless,2025-02-27,6,2025-03-05,11.7,1.3,0.7,-2.7,,35.4,14.5,28.4,50.5,17.05,0.0,0.0
德州,gfs_seamless,2025-02-26,7,2025-03-05,11.5,-1.3,-0.2,-5.5,,33.3,12.4,32.8,34.2,17.75,0.0,0.0
德州,jma_seamless,2025-03-04,1,2025-03-05,9.9,-2.8,-0.5,,,50.3,1.4,,0.4,,0.0,0.0
德州,jma_seamless,2025-03-03,2,2025-03-05,9.3,-2.2,-0.2,,,59.0,1.5,,1.1,,0.0,0.0
德州,jma_seamless,2025-03-02,3,2025-03-05,9.7,-0.3,1.1,,,61.5,2.0,,10.3,,0.0,0.0
德州,jma_seamless,2025-03-01,4,2025-03-05,11.2,-0.7,1.2,,,52.8,2.2,,11.9,,0.0,0.0
德州,jma_seamless,2025-02-28,5,2025-03-05,7.5,-3.2,-2.1,,,53.2,3.3,,13.2,,0.0,0.0
德州,jma_seamless,2025-02-27,6,2025-03-05,10.6,-1.7,0.3,,,48.7,3.2,,19.4,,0.0,0.0
德州,jma_seamless,2025-02-26,7,2025-03-05,10.7,-0.8,-0.7,-3.6,,35.0,7.7,,9.4,,-0.6,-0.4
德州,ecmwf_ifs025,2025-03-05,1,2025-03-06,12.4,0.0,2.1,-2.4,,40.7,6.9,,27.0,16.54,0.0,
德州,ecmwf_ifs025,2025-03-04,2,2025-03-06,12.3,1.5,1.6,-1.6,,37.5,10.2,,15.6,16.58,0.0,
德州,ecmwf_ifs025,2025-03-03,3,2025-03-06,11.8,0.3,1.2,-2.8,,41.0,9.5,,33.0,16.53,0.0,
德州,ecmwf_ifs025,2025-03-02,4,2025-03-06,11.4,0.7,1.0,-2.8,,44.8,11.3,,60.0,16.34,0.0,
德州,ecmwf_ifs025,2025-03-01,5,2025-03-06,12.2,2.1,1.9,-0.9,,43.5,10.6,,41.0,16.06,0.0,
德州,ecmwf_ifs025,2025-02-28,6,2025-03-06,13.0,-0.9,1.8,-3.7,,52.7,7.6,,34.7,21.62,0.0,
德州,ecmwf_ifs025,2025-02-27,7,2025-03-06,4.3,-2.1,-2.4,-4.7,,67.1,6.6,,36.0,23.07,0.0,
德州,gfs_seamless,2025-03-05,1,2025-03-06,12.2,3.2,3.3,0.3,,36.4,10.9,32.4,37.6,18.98,0.0,0.0
德州,gfs_seamless,2025-03-04,2,2025-03-06,12.1,3.5,3.5,0.9,,34.4,9.7,33.1,43.2,18.91,0.0,0.0
德州,gfs_seamless,2025-03-03,3,2025-03-06,12.8,2.9,3.3,-0.2,,46.0,11.7,37.4,55.3,19.0,0.0,0.0
德州,gfs_seamless,2025-03-02,4,2025-03-06,11.2,2.3,2.9,-0.6,,55.0,10.2,43.6,42.8,18.66,0.0,0.0
德州,gfs_seamless,2025-03-01,5,2025-03-06,10.1,1.9,1.7,-1.0,,40.8,10.0,20.5,34.3,19.4,0.0,0.0
德州,gfs_seamless,2025-02-28,6,2025-03-06,11.4,0.6,1.5,-2.5,,37.1,9.6,18.0,61.3,17.27,0.0,0.0
德州,gfs_seamless,2025-02-27,7,2025-03-06,10.2,0.1,0.3,-2.7,,31.0,8.4,24.1,61.7,16.95,0.0,0.0
德州,jma_seamless,2025-03-05,1,2025-03-06,11.7,-0.4,1.0,,,44.2,3.9,,15.8,,0.0,0.0
德州,jma_seamless,2025-03-04,2,2025-03-06,11.8,-1.4,0.8,,,45.1,4.6,,20.5,,0.0,0.0
德州,jma_seamless,2025-03-03,3,2025-03-06,11.6,-0.9,1.4,,,50.0,2.7,,21.2,,0.0,0.0
德州,jma_seamless,2025-03-02,4,2025-03-06,12.1,0.9,2.1,-0.8,,44.6,5.6,,30.3,,0.0,0.0
德州,jma_seamless,2025-03-01,5,2025-03-06,10.3,-3.9,-0.4,-6.0,,40.2,4.9,,51.5,,0.0,0.0
德州,jma_seamless,2025-02-28,6,2025-03-06,10.5,-2.1,-0.0,,,47.6,4.8,,44.2,,0.0,0.0
德州,jma_seamless,2025-02-27,7,2025-03-06,11.7,-1.7,0.1,-4.6,,42.5,7.5,,30.4,,0.0,0.0
德州,ecmwf_ifs025,2025-03-06,1,2025-03-07,13.6,1.8,2.9,-1.8,,49.5,12.7,,61.1,12.52,2.1,
德州,ecmwf_ifs025,2025-03-05,2,2025-03-07,12.7,1.8,2.0,-2.1,,48.2,14.7,,49.9,11.02,0.0,
德州,ecmwf_ifs025,2025-03-04,3,2025-03-07,12.5,1.3,1.9,-2.7,,48.8,14.5,,59.2,10.71,0.3,
德州,ecmwf_ifs025,2025-03-03,4,2025-03-07,12.3,1.0,2.2,-2.3,,52.9,10.8,,53.6,11.54,1.5,
德州,ecmwf_ifs025,2025-03-02,5,2025-03-07,10.6,0.9,1.1,-2.5,,50.1,11.1,,60.1,11.43,0.3,
德州,ecmwf_ifs025,2025-03-01,6,2025-03-07,13.9,2.7,3.5,-0.5,,48.2,11.9,,48.3,20.6,0.0,
德州,ecmwf_ifs025,2025-02-28,7,2025-03-07,13.2,0.2,2.5,-4.1,,52.0,14.4,,58.4,19.16,0.0,
德州,gfs_seamless,2025-03-06,1,2025-03-07,13.2,4.1,3.3,0.8,,45.0,14.3,38.9,97.0,13.04,0.0,0.0
德州,gfs_seamless,2025-03-05,2,2025-03-07,14.0,4.7,3.8,1.3,,45.5,15.4,37.8,91.0,13.85,0.0,0.0
德州,gfs_seamless,2025-03-04,3,2025-03-07,13.0,4.4,3.8,0.9,,49.0,15.9,35.3,100.0,11.6,0.0,0.0
德州,gfs_seamless,2025-03-03,4,2025-03-07,13.3,3.5,3.2,-0.2,,51.5,15.8,46.1,98.1,12.24,0.0,0.0
德州,gfs_seamless,2025-03-02,5,2025-03-07,12.1,2.9,2.5,-0.8,,52.5,15.0,47.2,82.5,13.8,0.0,0.0
德州,gfs_seamless,2025-03-01,6,2025-03-07,10.9,2.7,1.2,-0.7,,39.9,13.0,34.9,86.0,13.28,0.0,0.0
德州,gfs_seamless,2025-02-28,7,2025-03-07,12.1,3.6,1.7,-0.5,,34.3,18.7,58.0,96.8,15.13,0.0,0.0
德州,jma_seamless,2025-03-06,1,2025-03-07,12.5,1.6,2.8,-0.7,,39.1,7.5,,50.5,,0.0,0.0
德州,jma_seamless,2025-03-05,2,2025-03-07,13.3,2.6,2.9,-0.2,,32.9,10.1,,52.9,,0.0,0.0
德州,jma_seamless,2025-03-04,3,2025-03-07,14.0,2.0,3.1,-0.8,,34.2,9.6,,55.2,,0.0,0.0
德州,jma_seamless,2025-03-03,4,2025-03-07,13.5,3.4,3.3,0.7,,33.0,10.4,,36.1,,0.0,0.0
德州,jma_seamless,2025-03-02,5,2025-03-07,12.3,1.2,2.3,-1.6,,34.4,8.8,,49.9,,0.0,0.0
德州,jma_seamless,2025-03-01,6,2025-03-07,11.2,0.8,0.7,-2.0,,32.3,8.7,,46.1,,0.0,0.0
德州,jma_seamless,2025-02-28,7,2025-03-07,11.0,-0.4,0.4,-3.3,,41.4,8.2,,53.2,,0.0,0.0
德州,ecmwf_ifs025,2025-03-07,1,2025-03-08,15.7,1.9,5.8,0.2,,61.1,5.8,,11.5,16.61,1.5,
德州,ecmwf_ifs025,2025-03-06,2,2025-03-08,16.0,2.1,5.4,-0.1,,58.3,7.4,,1.8,16.57,2.4,
德州,ecmwf_ifs025,2025-03-05,3,2025-03-08,15.2,2.1,5.4,-0.2,,56.4,7.9,,4.5,16.65,0.3,
德州,ecmwf_ifs025,2025-03-04,4,2025-03-08,16.1,1.2,5.3,-0.8,,58.2,6.3,,5.3,16.54,0.0,
德州,ecmwf_ifs025,2025-03-03,5,2025-03-08,16.7,1.4,5.6,-1.4,,61.2,9.2,,3.9,16.54,0.0,
德州,ecmwf_ifs025,2025-03-02,6,2025-03-08,16.3,2.2,5.4,-0.9,,57.4,11.1,,0.7,22.07,0.0,
德州,ecmwf_ifs025,2025-03-01,7,2025-03-08,16.2,2.6,5.7,0.9,,57.5,6.1,,8.1,23.43,0.0,
德州,gfs_seamless,2025-03-07,1,2025-03-08,15.6,4.2,6.8,2.1,,51.3,8.2,25.9,35.8,19.48,0.0,0.0
德州,gfs_seamless,2025-03-06,2,2025-03-08,16.3,4.3,7.1,2.0,,48.6,9.2,38.5,33.8,19.44,0.0,0.0
德州,gfs_seamless,2025-03-05,3,2025-03-08,15.9,4.4,6.8,1.8,,51.5,10.8,38.2,32.2,19.43,0.1,0.0
德州,gfs_seamless,2025-03-04,4,2025-03-08,16.3,4.1,6.8,1.3,,50.7,11.4,46.4,28.9,19.46,0.0,0.0
德州,gfs_seamless,2025-03-03,5,2025-03-08,15.9,5.1,6.2,2.2,,52.8,12.9,44.3,24.5,19.3,0.0,0.0
德州,gfs_seamless,2025-03-02,6,2025-03-08,14.5,3.9,4.6,0.6,,48.5,13.9,46.1,44.7,18.38,0.0,0.0
德州,gfs_seamless,2025-03-01,7,2025-03-08,12.8,3.8,3.2,0.6,,49.0,13.1,56.2,46.0,16.38,0.0,0.0
德州,jma_seamless,2025-03-07,1,2025-03-08,14.2,3.2,5.7,,,65.6,4.7,,11.5,,0.0,0.0
德州,jma_seamless,2025-03-06,2,2025-03-08,15.0,4.5,6.0,,,41.0,4.8,,25.8,,0.0,0.0
德州,jma_seamless,2025-03-05,3,2025-03-08,14.8,5.2,5.9,4.2,,36.8,5.4,,32.7,,0.0,0.0
德州,jma_seamless,2025-03-04,4,2025-03-08,14.9,5.5,5.5,3.6,,33.5,8.6,,31.6,,0.0,0.0
德州,jma_seamless,2025-03-03,5,2025-03-08,15.4,5.0,5.6,2.6,,34.1,10.5,,25.0,,0.0,0.0
德州,jma_seamless,2025-03-02,6,2025-03-08,15.6,4.8,5.6,2.4,,34.9,9.9,,15.7,,0.0,0.0
德州,jma_seamless,2025-03-01,7,2025-03-08,14.6,3.1,3.8,,,39.5,4.7,,4.1,,0.0,0.0
德州,ecmwf_ifs025,2025-03-08,1,2025-03-09,17.3,4.4,6.5,0.8,,55.9,16.2,,5.5,16.49,0.0,
德州,ecmwf_ifs025,2025-03-07,2,2025-03-09,17.3,3.0,6.2,-0.8,,57.6,15.6,,0.5,16.49,0.0,
德州,ecmwf_ifs025,2025-03-06,3,2025-03-09,16.9,4.8,6.3,1.4,,55.5,15.8,,0.0,16.47,0.0,
德州,ecmwf_ifs025,2025-03-05,4,2025-03-09,16.7,3.8,6.1,0.2,,56.4,15.2,,6.2,16.51,0.0,
德州,ecmwf_ifs025,2025-03-04,5,2025-03-09,17.8,4.4,7.3,1.0,,55.8,15.0,,0.0,15.93,0.0,
德州,ecmwf_ifs025,2025-03-03,6,2025-03-09,19.0,6.8,7.9,3.8,,52.1,16.1,,0.0,22.27,0.0,
德州,ecmwf_ifs025,2025-03-02,7,2025-03-09,19.7,5.9,8.0,2.7,,53.9,16.2,,3.2,23.65,0.0,
德州,gfs_seamless,2025-03-08,1,2025-03-09,17.1,6.4,7.3,3.1,,47.0,18.1,54.0,39.1,19.11,0.0,0.0
德州,gfs_seamless,2025-03-07,2,2025-03-09,17.2,6.8,7.6,3.6,,48.7,18.0,50.0,29.3,19.54,0.0,0.0
德州,gfs_seamless,2025-03-06,3,2025-03-09,17.0,7.1,7.5,4.0,,48.2,17.9,46.8,72.2,18.98,0.0,0.0
德州,gfs_seamless,2025-03-05,4,2025-03-09,15.8,6.5,6.7,3.3,,45.4,17.5,52.2,44.3,19.03,0.0,0.0
德州,gfs_seamless,2025-03-04,5,2025-03-09,16.1,7.0,6.7,3.9,,47.7,17.3,51.5,20.6,19.41,0.0,0.0
德州,gfs_seamless,2025-03-03,6,2025-03-09,15.8,5.9,5.7,2.0,,48.8,21.7,61.6,3.5,19.55,0.0,0.0
德州,gfs_seamless,2025-03-02,7,2025-03-09,16.4,4.4,6.5,1.7,,52.1,11.1,36.4,4.0,19.7,0.0,0.0
德州,jma_seamless,2025-03-08,1,2025-03-09,17.2,5.1,6.9,2.6,,52.2,11.0,,0.8,,0.0,0.0
德州,jma_seamless,2025-03-07,2,2025-03-09,17.5,5.3,7.3,3.0,,49.4,10.1,,35.6,,0.0,0.0
德州,jma_seamless,2025-03-06,3,2025-03-09,16.9,6.6,7.2,4.7,,39.2,9.6,,35.0,,0.0,0.0
德州,jma_seamless,2025-03-05,4,2025-03-09,16.7,6.5,7.0,4.6,,34.1,9.3,,30.1,,0.0,0.0
德州,jma_seamless,2025-03-04,5,2025-03-09,15.7,6.6,6.8,4.7,,36.4,9.2,,54.8,,0.0,0.0
德州,jma_seamless,2025-03-03,6,2025-03-09,16.2,7.1,6.9,5.0,,38.2,10.9,,0.0,,0.0,0.0
德州,jma_seamless,2025-03-02,7,2025-03-09,18.5,2.6,7.1,-0.1,,44.7,9.4,,4.1,,0.0,0.0
德州,ecmwf_ifs025,2025-03-09,1,2025-03-10,18.9,7.2,8.1,3.9,,52.5,19.3,,3.8,16.55,0.0,
德州,ecmwf_ifs025,2025-03-08,2,2025-03-10,18.5,6.8,7.7,3.4,,51.5,19.6,,8.1,16.41,0.0,
德州,ecmwf_ifs025,2025-03-07,3,2025-03-10,18.2,6.7,7.7,3.4,,51.5,18.2,,2.3,16.71,0.0,
德州,ecmwf_ifs025,2025-03-06,4,2025-03-10,18.0,5.9,7.2,2.4,,52.6,18.4,,1.5,16.55,0.0,
德州,ecmwf_ifs025,2025-03-05,5,2025-03-10,17.9,6.3,7.5,2.9,,52.9,18.2,,0.1,16.86,0.0,
德州,ecmwf_ifs025,2025-03-04,6,2025-03-10,17.6,6.3,7.9,3.4,,52.1,14.5,,4.5,22.38,0.0,
德州,ecmwf_ifs025,2025-03-03,7,2025-03-10,17.7,6.2,8.5,3.7,,56.0,12.2,,37.5,23.72,0.0,
德州,gfs_seamless,2025-03-09,1,2025-03-10,18.3,7.3,7.9,3.6,,49.8,23.2,57.6,26.0,18.73,0.0,0.0
德州,gfs_seamless,2025-03-08,2,2025-03-10,18.5,7.5,7.9,3.9,,50.9,23.3,57.2,23.2,18.71,0.0,0.0
德州,gfs_seamless,2025-03-07,3,2025-03-10,18.0,6.9,7.7,3.3,,47.3,21.7,49.7,20.7,19.55,0.0,0.0
德州,gfs_seamless,2025-03-06,4,2025-03-10,18.4,6.8,7.4,3.1,,46.5,22.1,54.7,33.2,19.31,0.0,0.0
德州,gfs_seamless,2025-03-05,5,2025-03-10,19.5,8.1,7.9,4.7,,45.9,23.3,64.4,0.7,19.54,0.0,0.0
德州,gfs_seamless,2025-03-04,6,2025-03-10,19.1,6.9,7.5,3.1,,49.4,23.4,63.0,23.3,18.48,0.0,0.0
德州,gfs_seamless,2025-03-03,7,2025-03-10,18.8,8.2,8.3,4.8,,53.6,23.3,63.0,26.1,19.12,0.0,0.0
德州,jma_seamless,2025-03-09,1,2025-03-10,17.9,8.3,9.0,6.1,,47.0,13.0,,8.0,,0.0,0.0
德州,jma_seamless,2025-03-08,2,2025-03-10,17.6,8.5,8.7,6.4,,45.0,12.8,,37.4,,0.0,0.0
德州,jma_seamless,2025-03-07,3,2025-03-10,15.9,8.7,7.9,6.6,,48.2,12.7,,21.4,,0.0,0.0
德州,jma_seamless,2025-03-06,4,2025-03-10,17.2,7.7,8.1,5.6,,44.4,11.6,,30.6,,0.0,0.0
德州,jma_seamless,2025-03-05,5,2025-03-10,17.3,7.7,8.5,5.7,,46.8,10.8,,38.4,,0.0,0.0
德州,jma_seamless,2025-03-04,6,2025-03-10,15.1,5.9,7.8,4.3,,58.2,7.6,,9.6,,0.0,0.0
德州,jma_seamless,2025-03-03,7,2025-03-10,16.6,7.5,9.0,5.7,,60.3,9.6,,13.2,,0.0,0.0
德州,ecmwf_ifs025,2025-03-10,1,2025-03-11,20.4,8.5,11.0,6.2,,63.5,14.1,,31.3,13.73,0.0,
德州,ecmwf_ifs025,2025-03-09,2,2025-03-11,20.8,8.7,11.6,6.6,,62.9,12.7,,36.8,14.61,0.0,
德州,ecmwf_ifs025,2025-03-08,3,2025-03-11,21.3,8.4,11.6,6.3,,62.8,12.8,,44.1,15.52,0.0,
德州,ecmwf_ifs025,2025-03-07,4,2025-03-11,20.5,8.3,11.3,6.0,,65.8,13.8,,41.5,15.73,0.0,
德州,ecmwf_ifs025,2025-03-06,5,2025-03-11,19.9,8.3,10.4,5.7,,60.8,15.8,,35.0,14.23,0.0,
德州,ecmwf_ifs025,2025-03-05,6,2025-03-11,20.6,7.7,10.8,5.1,,65.6,15.1,,13.8,22.6,0.0,
德州,ecmwf_ifs025,2025-03-04,7,2025-03-11,20.2,6.7,11.0,4.5,,66.1,11.2,,42.8,24.13,0.0,
德州,gfs_seamless,2025-03-10,1,2025-03-11,18.2,9.8,10.3,7.1,,60.8,19.8,49.7,61.7,12.1,0.0,0.0
德州,gfs_seamless,2025-03-09,2,2025-03-11,17.4,9.9,10.1,7.5,,60.4,17.6,45.4,61.0,10.06,0.0,0.0
德州,gfs_seamless,2025-03-08,3,2025-03-11,19.9,8.6,10.0,5.6,,57.8,20.3,56.5,67.9,14.71,0.0,0.0
德州,gfs_seamless,2025-03-07,4,2025-03-11,17.5,8.3,9.3,5.4,,64.9,18.8,50.4,74.5,11.76,0.0,0.0
德州,gfs_seamless,2025-03-06,5,2025-03-11,19.3,9.4,9.9,6.4,,60.8,22.6,58.0,57.2,16.65,0.0,0.0
德州,gfs_seamless,2025-03-05,6,2025-03-11,21.6,10.8,11.8,,,52.5,22.6,54.7,37.2,19.35,0.0,0.0
德州,gfs_seamless,2025-03-04,7,2025-03-11,22.8,9.1,11.4,6.2,,55.4,20.4,56.9,30.2,18.77,0.0,0.0
德州,jma_seamless,2025-03-10,1,2025-03-11,18.2,9.6,11.0,8.0,,66.1,11.1,,28.8,,0.0,0.0
德州,jma_seamless,2025-03-09,2,2025-03-11,17.2,9.5,10.7,8.1,,67.7,9.6,,56.4,,0.0,0.0
德州,jma_seamless,2025-03-08,3,2025-03-11,17.6,8.1,10.3,6.5,,72.1,9.5,,56.6,,0.0,0.0
德州,jma_seamless,2025-03-07,4,2025-03-11,16.9,7.3,9.0,5.3,,62.3,10.6,,42.7,,0.0,0.0
德州,jma_seamless,2025-03-06,5,2025-03-11,18.2,8.7,10.0,6.7,,56.8,12.0,,52.0,,0.0,0.0
德州,jma_seamless,2025-03-05,6,2025-03-11,16.9,7.8,10.8,,,81.2,4.1,,38.6,,0.0,0.0
德州,jma_seamless,2025-03-04,7,2025-03-11,18.1,6.2,10.0,4.5,,71.7,8.2,,69.8,,0.0,0.0
德州,ecmwf_ifs025,2025-03-11,1,2025-03-12,19.8,6.7,8.7,5.3,,23.8,7.5,,41.6,17.64,0.0,
德州,ecmwf_ifs025,2025-03-10,2,2025-03-12,19.1,6.9,8.3,4.9,,21.2,10.0,,31.8,17.98,0.0,
德州,ecmwf_ifs025,2025-03-09,3,2025-03-12,18.9,6.3,7.6,3.9,,17.6,11.8,,15.3,18.11,0.0,
德州,ecmwf_ifs025,2025-03-08,4,2025-03-12,19.7,7.5,8.4,5.4,,21.2,11.2,,15.2,18.14,0.0,
德州,ecmwf_ifs025,2025-03-07,5,2025-03-12,20.1,7.0,8.0,4.7,,15.1,12.1,,12.6,18.21,0.0,
德州,ecmwf_ifs025,2025-03-06,6,2025-03-12,18.3,6.7,8.7,5.1,,33.8,8.2,,14.5,22.98,0.0,
德州,ecmwf_ifs025,2025-03-05,7,2025-03-12,18.3,9.0,9.0,7.1,,28.0,12.3,,17.6,24.58,0.0,
德州,gfs_seamless,2025-03-11,1,2025-03-12,19.0,8.8,9.0,6.9,,17.8,11.5,23.8,84.7,19.38,0.0,0.0
德州,gfs_seamless,2025-03-10,2,2025-03-12,18.8,7.1,8.2,5.1,,16.5,10.5,36.7,53.5,19.86,0.0,0.0
德州,gfs_seamless,2025-03-09,3,2025-03-12,17.5,7.1,7.4,4.7,,18.5,12.8,52.9,53.3,19.92,0.0,0.0
德州,gfs_seamless,2025-03-08,4,2025-03-12,18.7,8.0,7.4,5.3,,19.6,15.8,45.0,34.7,21.03,0.0,0.0
德州,gfs_seamless,2025-03-07,5,2025-03-12,19.1,9.7,8.0,7.2,,16.1,17.8,53.6,36.4,21.09,0.0,0.0
德州,gfs_seamless,2025-03-06,6,2025-03-12,19.1,9.4,9.5,7.3,,22.0,13.9,52.9,34.9,21.02,0.0,0.0
德州,gfs_seamless,2025-03-05,7,2025-03-12,19.8,12.6,11.3,,,42.5,19.1,49.0,83.2,11.64,0.0,0.0
德州,jma_seamless,2025-03-11,1,2025-03-12,18.1,7.4,8.0,6.8,,30.0,5.1,,18.1,,0.0,0.0
德州,jma_seamless,2025-03-10,2,2025-03-12,18.8,6.2,7.3,5.2,,19.8,5.8,,46.6,,0.0,0.0
德州,jma_seamless,2025-03-09,3,2025-03-12,18.6,8.2,7.8,7.4,,17.1,5.9,,38.5,,0.0,0.0
德州,jma_seamless,2025-03-08,4,2025-03-12,18.3,7.5,7.4,6.6,,16.5,6.0,,48.5,,0.0,0.0
德州,jma_seamless,2025-03-07,5,2025-03-12,17.3,5.6,6.4,4.1,,20.2,6.9,,12.2,,0.0,0.0
德州,jma_seamless,2025-03-06,6,2025-03-12,17.6,8.0,8.2,7.1,,31.4,6.3,,20.9,,0.0,0.0
德州,jma_seamless,2025-03-05,7,2025-03-12,17.6,8.1,9.0,6.9,,43.4,7.5,,44.2,,0.0,0.0
德州,ecmwf_ifs025,2025-03-12,1,2025-03-13,20.9,7.4,8.8,4.6,,28.1,16.1,,26.3,16.66,0.0,
德州,ecmwf_ifs025,2025-03-11,2,2025-03-13,20.2,8.5,8.2,5.9,,24.3,16.4,,30.2,15.68,0.0,
德州,ecmwf_ifs025,2025-03-10,3,2025-03-13,17.8,6.9,6.8,4.3,,21.6,13.9,,63.0,12.95,0.0,
德州,ecmwf_ifs025,2025-03-09,4,2025-03-13,18.3,6.7,6.6,4.1,,19.8,13.2,,39.9,14.12,0.0,
德州,ecmwf_ifs025,2025-03-08,5,2025-03-13,16.2,6.4,5.5,3.9,,24.0,12.5,,59.3,12.44,0.0,
德州,ecmwf_ifs025,2025-03-07,6,2025-03-13,18.3,3.8,7.0,1.7,,31.6,8.0,,48.8,22.92,0.0,
德州,ecmwf_ifs025,2025-03-06,7,2025-03-13,19.3,6.4,7.6,4.0,,23.4,11.5,,47.9,24.08,0.0,
德州,gfs_seamless,2025-03-12,1,2025-03-13,19.8,9.9,8.9,7.3,,28.1,19.5,52.9,69.0,17.61,0.0,0.0
德州,gfs_seamless,2025-03-11,2,2025-03-13,17.1,7.6,7.2,4.9,,26.4,15.3,45.4,79.0,12.99,0.0,0.0
德州,gfs_seamless,2025-03-10,3,2025-03-13,17.0,9.4,7.6,6.9,,27.1,17.4,52.6,98.8,13.31,0.0,0.0
德州,gfs_seamless,2025-03-09,4,2025-03-13,17.6,6.6,6.9,3.5,,28.6,16.8,46.1,95.5,18.2,0.0,0.0
德州,gfs_seamless,2025-03-08,5,2025-03-13,17.1,7.5,6.8,4.9,,22.8,14.7,46.8,90.9,16.97,0.0,0.0
德州,gfs_seamless,2025-03-07,6,2025-03-13,19.7,5.6,6.1,2.3,,22.2,16.2,53.3,51.6,17.09,0.0,0.0
德州,gfs_seamless,2025-03-06,7,2025-03-13,18.4,6.5,7.3,3.5,,25.6,15.9,42.5,84.6,16.45,0.0,0.0
德州,jma_seamless,2025-03-12,1,2025-03-13,19.5,8.2,8.3,6.5,,21.0,9.8,,34.0,,0.0,0.0
德州,jma_seamless,2025-03-11,2,2025-03-13,18.9,6.8,7.8,5.4,,23.0,7.3,,63.2,,0.0,0.0
德州,jma_seamless,2025-03-10,3,2025-03-13,18.3,6.7,7.2,5.2,,21.2,7.8,,40.9,,0.0,0.0
德州,jma_seamless,2025-03-09,4,2025-03-13,17.5,7.3,7.4,5.8,,23.7,8.1,,54.2,,0.0,0.0
德州,jma_seamless,2025-03-08,5,2025-03-13,18.3,4.6,6.5,2.8,,28.5,7.5,,3.0,,0.0,0.0
德州,jma_seamless,2025-03-07,6,2025-03-13,18.1,4.9,6.4,2.9,,23.5,8.4,,28.7,,0.0,0.0
德州,jma_seamless,2025-03-06,7,2025-03-13,19.9,5.0,6.8,3.4,,24.5,7.1,,46.5,,0.0,0.0
德州,ecmwf_ifs025,2025-03-13,1,2025-03-14,15.1,6.2,5.7,3.7,,34.2,12.0,,58.8,9.36,0.0,
德州,ecmwf_ifs025,2025-03-12,2,2025-03-14,15.7,5.1,5.3,2.2,,36.5,12.9,,60.8,10.99,0.0,
德州,ecmwf_ifs025,2025-03-11,3,2025-03-14,16.5,6.5,5.8,4.2,,31.0,11.3,,71.9,10.83,0.0,
德州,ecmwf_ifs025,2025-03-10,4,2025-03-14,15.0,6.2,5.7,4.3,,30.7,9.2,,66.7,7.41,0.0,
德州,ecmwf_ifs025,2025-03-09,5,2025-03-14,12.6,6.4,5.7,5.0,,40.2,7.1,,61.0,4.81,1.5,
德州,ecmwf_ifs025,2025-03-08,6,2025-03-14,15.4,5.8,6.7,4.5,,34.6,6.5,,73.4,14.23,1.2,
德州,ecmwf_ifs025,2025-03-07,7,2025-03-14,16.8,8.8,8.3,7.6,,32.0,8.0,,53.1,22.39,0.0,
德州,gfs_seamless,2025-03-13,1,2025-03-14,15.2,6.0,5.5,3.1,,31.1,14.5,44.6,87.0,11.79,0.0,0.0
德州,gfs_seamless,2025-03-12,2,2025-03-14,16.4,6.5,6.4,3.8,,30.5,13.4,45.7,80.5,13.64,0.0,0.0
德州,gfs_seamless,2025-03-11,3,2025-03-14,15.2,6.2,5.9,3.4,,31.3,14.1,46.8,81.8,13.81,0.0,0.0
德州,gfs_seamless,2025-03-10,4,2025-03-14,15.4,6.9,5.9,4.2,,32.5,14.4,45.4,91.8,14.94,0.0,0.0
德州,gfs_seamless,2025-03-09,5,2025-03-14,15.8,5.1,5.9,1.7,,43.3,15.9,47.9,99.2,13.18,0.0,0.0
德州,gfs_seamless,2025-03-08,6,2025-03-14,16.3,7.5,7.6,5.3,,40.0,11.7,33.5,93.3,17.49,0.0,0.0
德州,gfs_seamless,2025-03-07,7,2025-03-14,16.0,5.8,6.9,3.3,,32.8,11.6,33.5,95.5,15.57,0.0,0.0
德州,jma_seamless,2025-03-13,1,2025-03-14,16.3,7.0,6.7,5.3,,21.6,8.9,,53.8,,0.0,0.0
德州,jma_seamless,2025-03-12,2,2025-03-14,16.4,6.6,6.5,4.7,,20.5,9.3,,55.6,,0.0,0.0
德州,jma_seamless,2025-03-11,3,2025-03-14,15.9,6.6,6.7,5.1,,22.1,7.7,,55.6,,0.0,0.0
德州,jma_seamless,2025-03-10,4,2025-03-14,15.1,8.5,7.4,7.4,,23.7,7.2,,77.3,,0.0,0.0
德州,jma_seamless,2025-03-09,5,2025-03-14,15.8,8.5,7.4,7.5,,28.1,7.1,,70.2,,0.0,0.0
德州,jma_seamless,2025-03-08,6,2025-03-14,12.0,6.3,5.4,4.9,,38.6,7.1,,81.9,,0.0,0.0
德州,jma_seamless,2025-03-07,7,2025-03-14,15.5,6.1,6.7,4.9,,30.6,6.4,,73.7,,0.0,0.0
德州,ecmwf_ifs025,2025-03-14,1,2025-03-15,8.1,0.6,0.4,-3.0,,47.0,11.5,,57.3,7.2,0.0,
德州,ecmwf_ifs025,2025-03-13,2,2025-03-15,9.9,2.6,0.8,-1.0,,43.0,13.7,,64.7,10.2,0.0,
德州,ecmwf_ifs025,2025-03-12,3,2025-03-15,11.1,3.6,1.5,0.2,,39.4,13.9,,68.0,10.52,0.0,
德州,ecmwf_ifs025,2025-03-11,4,2025-03-15,10.8,4.1,2.3,0.9,,34.5,13.7,,72.3,9.52,0.0,
德州,ecmwf_ifs025,2025-03-10,5,2025-03-15,12.3,4.3,4.0,2.3,,43.0,8.2,,77.8,6.16,0.3,
德州,ecmwf_ifs025,2025-03-09,6,2025-03-15,9.2,3.5,1.7,0.5,,49.8,11.9,,74.5,16.49,0.9,
德州,ecmwf_ifs025,2025-03-08,7,2025-03-15,14.1,3.3,4.2,-0.1,,52.9,13.4,,21.1,24.93,1.5,
德州,gfs_seamless,2025-03-14,1,2025-03-15,10.2,2.7,1.2,-0.8,,45.9,13.2,31.7,94.6,12.41,0.0,0.0
德州,gfs_seamless,2025-03-13,2,2025-03-15,10.4,3.2,1.5,-0.3,,44.2,14.2,36.7,94.4,13.7,0.0,0.0
德州,gfs_seamless,2025-03-12,3,2025-03-15,10.3,3.3,0.2,-1.1,,40.0,20.3,41.0,99.0,13.92,0.0,0.0
德州,gfs_seamless,2025-03-11,4,2025-03-15,10.6,3.1,1.5,-0.8,,37.1,16.2,33.1,99.5,11.84,0.0,0.0
德州,gfs_seamless,2025-03-10,5,2025-03-15,9.2,3.8,0.3,-0.5,,45.9,20.4,44.6,99.1,14.68,0.0,0.0
德州,gfs_seamless,2025-03-09,6,2025-03-15,9.6,2.6,0.7,-1.7,,38.0,18.2,33.5,88.2,16.5,0.0,0.0
德州,gfs_seamless,2025-03-08,7,2025-03-15,11.8,5.2,2.7,1.3,,41.9,20.0,42.8,79.7,17.2,0.0,0.0
德州,jma_seamless,2025-03-14,1,2025-03-15,10.7,3.3,2.3,0.8,,38.0,9.2,,58.3,,0.0,0.0
德州,jma_seamless,2025-03-13,2,2025-03-15,11.8,3.2,3.1,0.6,,38.5,9.5,,67.1,,0.0,0.0
德州,jma_seamless,2025-03-12,3,2025-03-15,12.1,4.9,3.5,2.4,,37.8,10.5,,69.9,,0.0,0.0
德州,jma_seamless,2025-03-11,4,2025-03-15,12.5,5.7,4.9,3.7,,36.3,9.2,,74.4,,0.0,0.0
德州,jma_seamless,2025-03-10,5,2025-03-15,13.0,3.3,4.7,2.1,,47.9,5.1,,55.1,,1.2,0.0
德州,jma_seamless,2025-03-09,6,2025-03-15,15.9,4.9,5.3,3.5,,48.2,6.4,,25.4,,0.0,0.0
德州,jma_seamless,2025-03-08,7,2025-03-15,12.7,3.2,4.4,0.6,,40.0,9.5,,47.1,,0.0,0.0
德州,ecmwf_ifs025,2025-03-15,1,2025-03-16,9.2,-1.6,-1.3,-5.6,,35.3,11.6,,11.8,18.57,0.0,
德州,ecmwf_ifs025,2025-03-14,2,2025-03-16,9.3,-0.4,-0.7,-4.0,,35.0,10.8,,6.7,18.47,0.0,
德州,ecmwf_ifs025,2025-03-13,3,2025-03-16,10.1,0.9,-0.0,-2.2,,35.8,9.9,,5.1,18.1,0.0,
德州,ecmwf_ifs025,2025-03-12,4,2025-03-16,8.5,1.7,-0.3,-1.3,,40.6,10.1,,41.6,12.76,0.3,
德州,ecmwf_ifs025,2025-03-11,5,2025-03-16,9.0,1.1,0.1,-1.9,,46.2,9.7,,26.9,13.27,0.9,
德州,ecmwf_ifs025,2025-03-10,6,2025-03-16,4.3,1.8,-1.3,-1.6,,58.5,11.8,,46.8,18.11,7.2,
德州,ecmwf_ifs025,2025-03-09,7,2025-03-16,9.6,0.4,-0.4,-4.0,,61.7,15.4,,23.9,23.93,2.1,
德州,gfs_seamless,2025-03-15,1,2025-03-16,10.0,-1.0,-0.6,-5.7,,38.4,15.1,42.1,18.3,21.93,0.0,0.0
德州,gfs_seamless,2025-03-14,2,2025-03-16,9.9,-0.6,-0.2,-4.8,,42.8,13.0,30.6,20.1,21.85,0.7,0.1
德州,gfs_seamless,2025-03-13,3,2025-03-16,10.6,-0.4,0.4,-4.7,,45.6,13.7,37.1,17.0,21.89,0.3,0.0
德州,gfs_seamless,2025-03-12,4,2025-03-16,11.3,0.2,0.9,-3.8,,27.9,13.0,43.6,13.7,21.77,0.0,0.0
德州,gfs_seamless,2025-03-11,5,2025-03-16,11.3,1.5,1.6,-1.9,,24.2,11.5,37.8,26.8,21.45,0.0,0.0
德州,gfs_seamless,2025-03-10,6,2025-03-16,10.0,1.4,-0.1,-2.8,,28.3,15.4,45.0,56.4,19.4,0.0,0.0
德州,gfs_seamless,2025-03-09,7,2025-03-16,8.3,1.4,-0.9,-3.0,,19.0,16.8,42.1,11.5,21.87,0.0,0.0
德州,jma_seamless,2025-03-15,1,2025-03-16,9.3,0.5,-0.6,-2.4,,35.2,8.8,,14.5,,0.6,0.0
德州,jma_seamless,2025-03-14,2,2025-03-16,9.0,0.3,-0.4,-2.3,,39.2,7.8,,11.0,,0.6,0.0
德州,jma_seamless,2025-03-13,3,2025-03-16,8.4,1.4,0.0,-1.6,,39.2,9.9,,33.0,,1.2,0.0
德州,jma_seamless,2025-03-12,4,2025-03-16,8.8,2.5,0.3,-0.1,,31.6,9.1,,26.1,,0.0,0.0
德州,jma_seamless,2025-03-11,5,2025-03-16,7.5,0.7,-0.5,-2.7,,56.6,11.1,,56.5,,2.4,0.0
德州,jma_seamless,2025-03-10,6,2025-03-16,8.5,2.4,0.1,-1.0,,36.9,12.4,,15.8,,0.0,0.0
德州,jma_seamless,2025-03-09,7,2025-03-16,9.3,3.0,0.6,0.2,,28.2,10.1,,2.3,,0.6,0.0
德州,ecmwf_ifs025,2025-03-16,1,2025-03-17,13.0,1.9,0.4,-2.3,,18.9,16.3,,1.2,18.44,0.0,
德州,ecmwf_ifs025,2025-03-15,2,2025-03-17,13.2,1.7,0.8,-2.4,,18.6,15.4,,1.2,18.53,0.0,
德州,ecmwf_ifs025,2025-03-14,3,2025-03-17,13.4,1.2,0.2,-3.7,,21.2,19.5,,0.0,18.23,0.0,
德州,ecmwf_ifs025,2025-03-13,4,2025-03-17,12.9,0.9,-0.6,-4.3,,21.9,21.3,,0.8,18.59,0.0,
德州,ecmwf_ifs025,2025-03-12,5,2025-03-17,12.6,1.8,-1.1,-3.4,,29.8,23.0,,1.1,18.57,0.0,
德州,ecmwf_ifs025,2025-03-11,6,2025-03-17,11.7,1.1,-1.0,-4.2,,26.5,22.6,,11.1,23.8,0.0,
德州,ecmwf_ifs025,2025-03-10,7,2025-03-17,11.3,-1.3,-0.1,-5.4,,48.2,12.3,,24.1,25.76,0.0,
德州,gfs_seamless,2025-03-16,1,2025-03-17,12.4,1.7,0.8,-3.1,,20.3,20.2,56.2,20.0,21.77,0.0,0.0
德州,gfs_seamless,2025-03-15,2,2025-03-17,11.2,1.9,0.2,-3.1,,20.2,21.6,55.8,5.4,21.89,0.0,0.0
德州,gfs_seamless,2025-03-14,3,2025-03-17,12.3,3.0,0.4,-1.8,,19.8,22.8,58.3,30.8,19.45,0.0,0.0
德州,gfs_seamless,2025-03-13,4,2025-03-17,11.5,3.0,0.1,-2.1,,22.0,25.8,54.7,43.5,17.84,0.0,0.0
德州,gfs_seamless,2025-03-12,5,2025-03-17,12.0,3.9,1.2,-0.5,,19.8,21.4,50.8,17.9,21.49,0.0,0.0
德州,gfs_seamless,2025-03-11,6,2025-03-17,9.2,4.7,0.1,0.3,,22.1,23.7,56.2,21.5,21.28,0.0,0.0
德州,gfs_seamless,2025-03-10,7,2025-03-17,12.3,-1.1,-0.0,-5.4,,28.5,13.4,33.5,36.7,19.63,0.0,0.0
德州,jma_seamless,2025-03-16,1,2025-03-17,11.7,3.8,1.6,1.0,,16.8,10.9,,0.0,,0.0,0.0
德州,jma_seamless,2025-03-15,2,2025-03-17,12.5,3.6,1.7,0.9,,17.0,10.2,,0.0,,0.0,0.0
德州,jma_seamless,2025-03-14,3,2025-03-17,13.7,2.1,1.7,-1.2,,15.9,11.5,,0.0,,0.0,0.0
德州,jma_seamless,2025-03-13,4,2025-03-17,15.1,2.6,2.4,-0.7,,16.2,12.1,,0.0,,0.0,0.0
德州,jma_seamless,2025-03-12,5,2025-03-17,16.1,2.9,2.9,-0.4,,21.6,12.4,,0.0,,0.0,0.0
德州,jma_seamless,2025-03-11,6,2025-03-17,14.0,0.7,1.9,-2.6,,15.9,10.5,,7.9,,0.0,0.0
德州,jma_seamless,2025-03-10,7,2025-03-17,14.6,2.5,2.2,-1.1,,14.9,13.5,,13.0,,0.0,0.0
德州,ecmwf_ifs025,2025-03-17,1,2025-03-18,12.2,-0.9,1.0,-4.0,,21.6,8.5,,0.0,18.5,0.0,
德州,ecmwf_ifs025,2025-03-16,2,2025-03-18,11.9,-1.6,1.0,-4.3,,25.1,7.1,,0.3,18.5,0.0,
德州,ecmwf_ifs025,2025-03-15,3,2025-03-18,12.6,-0.8,1.5,-4.2,,23.2,9.9,,0.0,18.47,0.0,
德州,ecmwf_ifs025,2025-03-14,4,2025-03-18,12.2,0.9,1.1,-2.5,,20.8,11.1,,0.0,18.54,0.0,
德州,ecmwf_ifs025,2025-03-13,5,2025-03-18,13.5,0.2,0.9,-3.6,,22.0,12.1,,0.0,18.59,0.0,
德州,ecmwf_ifs025,2025-03-12,6,2025-03-18,8.6,1.3,-0.9,-2.9,,21.8,15.5,,0.4,24.08,0.0,
德州,ecmwf_ifs025,2025-03-11,7,2025-03-18,9.9,0.3,-0.7,-3.7,,39.9,13.0,,0.1,25.8,0.0,
德州,gfs_seamless,2025-03-17,1,2025-03-18,12.3,-0.4,1.2,-4.2,,20.3,11.5,48.2,0.0,22.0,0.0,0.0
德州,gfs_seamless,2025-03-16,2,2025-03-18,12.8,2.0,2.1,-0.9,,21.8,10.1,39.6,0.0,21.97,0.0,0.0
德州,gfs_seamless,2025-03-15,3,2025-03-18,15.4,1.3,4.1,-1.9,,21.9,10.5,23.4,0.0,21.88,0.0,0.0
德州,gfs_seamless,2025-03-14,4,2025-03-18,15.1,0.8,3.2,-2.5,,23.6,10.7,25.9,0.0,21.91,0.0,0.0
德州,gfs_seamless,2025-03-13,5,2025-03-18,16.0,1.5,4.2,-1.8,,21.8,11.0,29.2,0.2,21.94,0.0,0.0
德州,gfs_seamless,2025-03-12,6,2025-03-18,14.5,2.2,3.6,-0.5,,23.0,9.3,31.7,0.1,21.79,0.0,0.0
德州,gfs_seamless,2025-03-11,7,2025-03-18,13.1,0.7,2.4,-2.6,,26.3,10.4,28.8,15.5,21.97,0.0,0.0
德州,jma_seamless,2025-03-17,1,2025-03-18,10.6,2.3,1.4,0.1,,18.0,7.4,,0.0,,0.0,0.0
德州,jma_seamless,2025-03-16,2,2025-03-18,11.2,1.5,1.5,-0.2,,20.2,5.8,,0.0,,0.0,0.0
德州,jma_seamless,2025-03-15,3,2025-03-18,11.4,1.0,2.1,,,27.4,3.2,,0.0,,0.0,0.0
德州,jma_seamless,2025-03-14,4,2025-03-18,13.2,2.3,3.0,1.1,,23.9,4.9,,0.0,,0.0,0.0
德州,jma_seamless,2025-03-13,5,2025-03-18,13.8,2.5,2.5,0.6,,20.8,6.7,,0.0,,0.0,0.0
德州,jma_seamless,2025-03-12,6,2025-03-18,10.1,2.8,1.8,0.4,,14.5,8.5,,0.0,,0.0,0.0
德州,jma_seamless,2025-03-11,7,2025-03-18,8.8,2.5,0.8,-0.4,,19.1,10.3,,0.0,,0.0,0.0
德州,ecmwf_ifs025,2025-03-18,1,2025-03-19,19.4,4.3,6.6,1.5,,26.0,11.6,,0.0,18.62,0.0,
德州,ecmwf_ifs025,2025-03-17,2,2025-03-19,18.9,3.8,6.0,1.0,,28.2,11.2,,0.0,18.63,0.0,
德州,ecmwf_ifs025,2025-03-16,3,2025-03-19,18.9,4.3,6.4,1.5,,27.5,11.4,,0.0,18.69,0.0,
德州,ecmwf_ifs025,2025-03-15,4,2025-03-19,19.9,4.2,6.6,1.2,,27.3,12.4,,0.0,18.77,0.0,
德州,ecmwf_ifs025,2025-03-14,5,2025-03-19,19.2,3.7,6.1,0.8,,27.0,11.4,,0.0,18.76,0.0,
德州,ecmwf_ifs025,2025-03-13,6,2025-03-19,19.6,0.0,5.3,-2.7,,26.5,8.0,,0.0,24.25,0.0,
德州,ecmwf_ifs025,2025-03-12,7,2025-03-19,15.8,1.7,3.2,-2.2,,26.6,14.1,,13.6,26.12,0.0,
德州,gfs_seamless,2025-03-18,1,2025-03-19,19.0,3.6,7.1,0.7,,25.2,11.1,49.3,0.2,22.01,0.0,0.0
德州,gfs_seamless,2025-03-17,2,2025-03-19,18.5,3.7,6.6,0.7,,25.8,11.9,48.2,3.5,22.01,0.0,0.0
德州,gfs_seamless,2025-03-16,3,2025-03-19,18.9,5.8,7.7,3.7,,23.8,9.6,21.2,0.0,21.96,0.0,0.0
德州,gfs_seamless,2025-03-15,4,2025-03-19,19.1,5.1,7.7,2.5,,22.5,11.2,30.6,0.0,22.0,0.0,0.0
德州,gfs_seamless,2025-03-14,5,2025-03-19,19.4,5.7,8.0,3.7,,21.9,9.0,16.2,0.0,21.97,0.0,0.0
德州,gfs_seamless,2025-03-13,6,2025-03-19,19.1,6.0,8.3,3.9,,25.4,9.9,37.8,16.6,21.46,0.0,0.0
德州,gfs_seamless,2025-03-12,7,2025-03-19,20.3,6.6,8.4,4.0,,29.3,13.2,42.1,29.1,21.14,0.0,0.0
德州,jma_seamless,2025-03-18,1,2025-03-19,17.8,5.0,6.0,2.9,,21.5,9.0,,0.0,,0.0,0.0
德州,jma_seamless,2025-03-17,2,2025-03-19,17.3,4.6,5.4,2.8,,25.5,7.5,,0.0,,0.0,0.0
德州,jma_seamless,2025-03-16,3,2025-03-19,17.3,4.9,5.9,3.1,,24.5,7.6,,0.0,,0.0,0.0
德州,jma_seamless,2025-03-15,4,2025-03-19,18.6,5.5,6.7,3.4,,22.6,9.3,,0.0,,0.0,0.0
德州,jma_seamless,2025-03-14,5,2025-03-19,17.8,5.0,6.5,3.7,,24.8,6.1,,0.0,,0.0,0.0
德州,jma_seamless,2025-03-13,6,2025-03-19,17.9,5.1,6.2,3.7,,25.5,6.4,,1.5,,0.0,0.0
德州,jma_seamless,2025-03-12,7,2025-03-19,17.6,3.2,5.0,1.1,,24.5,7.8,,0.0,,0.0,0.0
德州,ecmwf_ifs025,2025-03-19,1,2025-03-20,23.8,6.7,10.0,4.1,,17.0,13.5,,0.0,19.25,0.0,
德州,ecmwf_ifs025,2025-03-18,2,2025-03-20,23.7,6.4,9.9,3.8,,18.1,12.6,,0.0,19.25,0.0,
德州,ecmwf_ifs025,2025-03-17,3,2025-03-20,23.6,6.9,9.8,4.5,,18.5,12.3,,0.0,19.28,0.0,
德州,ecmwf_ifs025,2025-03-16,4,2025-03-20,23.8,7.1,9.9,4.5,,17.8,13.9,,0.0,19.32,0.0,
德州,ecmwf_ifs025,2025-03-15,5,2025-03-20,23.1,6.1,9.3,3.7,,20.1,11.3,,0.0,19.11,0.0,
德州,ecmwf_ifs025,2025-03-14,6,2025-03-20,22.9,6.3,9.2,3.9,,24.2,11.7,,0.8,24.45,0.0,
德州,ecmwf_ifs025,2025-03-13,7,2025-03-20,22.5,6.3,8.9,3.7,,31.5,12.7,,5.9,26.38,0.0,
德州,gfs_seamless,2025-03-19,1,2025-03-20,23.5,7.6,10.2,5.0,,16.8,14.5,45.4,0.0,22.57,0.0,0.0
德州,gfs_seamless,2025-03-18,2,2025-03-20,23.2,7.6,10.3,5.2,,17.7,13.1,41.8,0.0,22.54,0.0,0.0
德州,gfs_seamless,2025-03-17,3,2025-03-20,23.1,7.5,9.9,4.8,,17.8,15.6,37.8,0.2,22.53,0.0,0.0
德州,gfs_seamless,2025-03-16,4,2025-03-20,23.1,8.0,10.2,5.4,,17.3,15.1,47.2,0.0,22.56,0.0,0.0
德州,gfs_seamless,2025-03-15,5,2025-03-20,23.0,8.4,10.6,6.3,,17.5,12.5,27.7,0.0,22.52,0.0,0.0
德州,gfs_seamless,2025-03-14,6,2025-03-20,23.1,8.6,10.7,6.6,,19.1,12.3,31.0,10.8,22.11,0.0,0.0
德州,gfs_seamless,2025-03-13,7,2025-03-20,22.4,8.4,9.9,6.0,,24.2,14.5,25.2,17.9,21.1,0.0,0.0
德州,jma_seamless,2025-03-19,1,2025-03-20,22.8,8.4,9.8,6.7,,15.5,10.0,,0.0,,0.0,0.0
德州,jma_seamless,2025-03-18,2,2025-03-20,22.5,8.2,9.3,6.5,,16.2,10.1,,0.0,,0.0,0.0
德州,jma_seamless,2025-03-17,3,2025-03-20,21.5,8.1,9.2,6.5,,19.6,9.4,,0.0,,0.0,0.0
德州,jma_seamless,2025-03-16,4,2025-03-20,22.0,8.2,9.3,6.3,,17.8,11.2,,0.0,,0.0,0.0
德州,jma_seamless,2025-03-15,5,2025-03-20,21.0,8.3,8.9,7.1,,17.7,7.8,,0.0,,0.0,0.0
德州,jma_seamless,2025-03-14,6,2025-03-20,19.9,6.0,7.6,5.1,,27.2,5.4,,3.8,,0.0,0.0
德州,jma_seamless,2025-03-13,7,2025-03-20,20.5,5.6,7.6,,,32.9,4.6,,1.9,,0.0,0.0
德州,ecmwf_ifs025,2025-03-20,1,2025-03-21,25.1,9.8,12.4,8.2,,15.8,11.4,,0.0,18.85,0.0,
德州,ecmwf_ifs025,2025-03-19,2,2025-03-21,24.9,8.9,12.1,7.0,,15.8,11.7,,0.0,18.91,0.0,
德州,ecmwf_ifs025,2025-03-18,3,2025-03-21,25.1,9.1,11.7,7.1,,14.6,12.9,,0.0,18.98,0.0,
德州,ecmwf_ifs025,2025-03-17,4,2025-03-21,24.7,9.7,11.3,7.7,,13.4,13.8,,0.0,19.03,0.0,
德州,ecmwf_ifs025,2025-03-16,5,2025-03-21,24.8,11.0,12.1,,,14.9,13.5,,0.0,18.68,0.0,
德州,ecmwf_ifs025,2025-03-15,6,2025-03-21,24.1,8.0,11.4,5.8,,19.5,12.4,,0.0,24.61,0.0,
德州,ecmwf_ifs025,2025-03-14,7,2025-03-21,23.3,8.1,10.3,6.3,,20.5,10.4,,0.0,26.58,0.0,
德州,gfs_seamless,2025-03-20,1,2025-03-21,25.3,10.0,12.5,8.0,,15.0,14.1,25.2,0.7,22.21,0.0,0.0
德州,gfs_seamless,2025-03-19,2,2025-03-21,25.2,9.8,12.3,7.8,,15.3,13.8,30.6,0.8,22.3,0.0,0.0
德州,gfs_seamless,2025-03-18,3,2025-03-21,24.7,10.1,12.7,,,18.7,10.8,29.2,0.0,22.19,0.0,0.0
德州,gfs_seamless,2025-03-17,4,2025-03-21,24.6,10.0,12.5,8.2,,19.1,12.5,34.6,0.0,21.95,0.0,0.0
德州,gfs_seamless,2025-03-16,5,2025-03-21,24.5,10.6,12.1,,,15.8,15.1,39.6,0.4,22.73,0.0,0.0
德州,gfs_seamless,2025-03-15,6,2025-03-21,22.8,9.9,11.8,8.3,,19.7,11.2,22.0,0.0,22.04,0.0,0.0
德州,gfs_seamless,2025-03-14,7,2025-03-21,21.8,9.3,11.3,7.8,,18.0,10.1,37.1,4.0,22.24,0.0,0.0
德州,jma_seamless,2025-03-20,1,2025-03-21,24.7,12.1,12.4,,,13.5,10.1,,0.0,,0.0,0.0
德州,jma_seamless,2025-03-19,2,2025-03-21,23.7,11.2,11.9,,,14.7,9.5,,0.0,,0.0,0.0
德州,jma_seamless,2025-03-18,3,2025-03-21,24.2,11.4,11.6,,,13.3,10.3,,0.0,,0.0,0.0
德州,jma_seamless,2025-03-17,4,2025-03-21,23.1,11.6,11.6,,,15.9,9.8,,0.0,,0.0,0.0
德州,jma_seamless,2025-03-16,5,2025-03-21,21.2,10.0,10.9,8.6,,23.3,10.3,,0.0,,0.0,0.0
德州,jma_seamless,2025-03-15,6,2025-03-21,20.2,8.8,8.9,7.7,,26.3,7.4,,6.8,,0.0,0.0
德州,jma_seamless,2025-03-14,7,2025-03-21,20.2,7.7,9.3,7.0,,30.5,5.5,,10.0,,0.0,0.0
德州,ecmwf_ifs025,2025-03-21,1,2025-03-22,27.3,11.6,13.6,,26.1,12.7,13.4,,0.0,19.44,0.0,
德州,ecmwf_ifs025,2025-03-20,2,2025-03-22,26.9,11.5,13.4,,,13.5,13.8,,0.0,19.45,0.0,
德州,ecmwf_ifs025,2025-03-19,3,2025-03-22,26.6,11.2,13.1,,,13.1,13.2,,0.0,19.62,0.0,
德州,ecmwf_ifs025,2025-03-18,4,2025-03-22,26.6,10.9,13.1,,,12.5,13.7,,0.0,19.43,0.0,
德州,ecmwf_ifs025,2025-03-17,5,2025-03-22,27.4,12.0,13.9,,26.2,12.8,13.0,,0.0,19.12,0.0,
德州,ecmwf_ifs025,2025-03-16,6,2025-03-22,26.6,12.4,14.5,,,17.7,9.9,,0.0,24.78,0.0,
德州,ecmwf_ifs025,2025-03-15,7,2025-03-22,26.6,11.9,14.2,,,18.3,12.1,,0.0,26.83,0.0,
德州,gfs_seamless,2025-03-21,1,2025-03-22,27.3,11.5,13.9,,26.1,12.0,15.1,40.3,4.2,22.92,0.0,0.0
德州,gfs_seamless,2025-03-20,2,2025-03-22,26.0,11.5,13.3,,,12.6,14.7,31.7,4.4,23.05,0.0,0.0
德州,gfs_seamless,2025-03-19,3,2025-03-22,26.8,11.4,13.6,,,13.4,15.0,30.6,0.0,22.85,0.0,0.0
德州,gfs_seamless,2025-03-18,4,2025-03-22,26.6,11.6,13.9,,,15.0,14.7,38.2,0.0,22.78,0.0,0.0
德州,gfs_seamless,2025-03-17,5,2025-03-22,27.2,11.9,14.4,,26.1,14.4,13.6,35.6,0.0,22.67,0.0,0.0
德州,gfs_seamless,2025-03-16,6,2025-03-22,23.1,10.8,12.7,,,18.1,11.0,37.8,0.0,22.08,0.0,0.0
德州,gfs_seamless,2025-03-15,7,2025-03-22,25.8,10.2,13.5,,,20.1,10.7,43.2,4.4,22.24,0.0,0.0
德州,jma_seamless,2025-03-21,1,2025-03-22,26.2,13.4,13.5,,,10.1,10.5,,2.3,,0.0,0.0
德州,jma_seamless,2025-03-20,2,2025-03-22,26.3,13.1,13.4,,,12.7,10.1,,1.9,,0.0,0.0
德州,jma_seamless,2025-03-19,3,2025-03-22,26.2,12.8,13.0,,,11.5,10.5,,3.2,,0.0,0.0
德州,jma_seamless,2025-03-18,4,2025-03-22,26.4,13.0,13.7,,,16.0,8.7,,1.2,,0.0,0.0
德州,jma_seamless,2025-03-17,5,2025-03-22,25.4,12.4,13.4,,,20.8,10.8,,1.0,,0.0,0.0
德州,jma_seamless,2025-03-16,6,2025-03-22,26.0,11.4,13.1,,,21.9,9.5,,0.0,,0.0,0.0
德州,jma_seamless,2025-03-15,7,2025-03-22,23.9,11.5,13.2,,,30.1,7.5,,0.0,,0.0,0.0
德州,ecmwf_ifs025,2025-03-22,1,2025-03-23,26.8,12.6,13.5,,,11.2,15.1,,6.4,17.16,0.0,
德州,ecmwf_ifs025,2025-03-21,2,2025-03-23,26.3,13.0,13.2,,,11.3,15.5,,4.0,18.0,0.0,
德州,ecmwf_ifs025,2025-03-20,3,2025-03-23,25.8,13.1,13.4,,,12.4,12.1,,12.9,16.51,0.0,
德州,ecmwf_ifs025,2025-03-19,4,2025-03-23,26.3,11.7,13.1,,,12.0,11.5,,11.5,17.13,0.0,
德州,ecmwf_ifs025,2025-03-18,5,2025-03-23,26.3,11.4,13.5,,,11.2,13.1,,5.7,18.71,0.0,
德州,ecmwf_ifs025,2025-03-17,6,2025-03-23,23.8,12.4,13.3,,,18.0,9.8,,12.4,24.1,0.0,
德州,ecmwf_ifs025,2025-03-16,7,2025-03-23,28.5,12.8,15.2,,27.0,17.3,10.8,,0.0,27.08,0.0,
德州,gfs_seamless,2025-03-22,1,2025-03-23,26.5,13.6,13.2,,,11.6,19.4,50.0,58.8,18.67,0.0,0.0
德州,gfs_seamless,2025-03-21,2,2025-03-23,26.5,12.8,13.3,,,11.6,20.7,51.8,34.8,22.49,0.0,0.0
德州,gfs_seamless,2025-03-20,3,2025-03-23,25.7,11.7,13.7,,,12.6,16.6,48.2,4.2,22.85,0.0,0.0
德州,gfs_seamless,2025-03-19,4,2025-03-23,27.2,12.2,14.5,,26.1,13.2,13.1,30.6,0.0,22.87,0.0,0.0
德州,gfs_seamless,2025-03-18,5,2025-03-23,27.2,12.6,14.3,,26.0,12.2,13.8,36.0,20.0,22.47,0.0,0.0
德州,gfs_seamless,2025-03-17,6,2025-03-23,26.4,9.3,13.4,7.5,,22.0,12.0,32.0,25.5,21.04,0.0,0.0
德州,gfs_seamless,2025-03-16,7,2025-03-23,27.6,11.0,13.8,,26.5,19.4,15.9,38.9,16.7,22.58,0.0,0.0
德州,jma_seamless,2025-03-22,1,2025-03-23,26.3,15.2,14.0,,,8.1,13.5,,35.4,,0.0,0.0
德州,jma_seamless,2025-03-21,2,2025-03-23,25.6,12.9,13.0,,,9.5,11.1,,37.8,,0.0,0.0
德州,jma_seamless,2025-03-20,3,2025-03-23,25.1,13.6,13.1,,,10.6,10.9,,39.0,,0.0,0.0
德州,jma_seamless,2025-03-19,4,2025-03-23,24.4,14.2,13.3,,,11.1,8.8,,34.8,,0.0,0.0
德州,jma_seamless,2025-03-18,5,2025-03-23,25.4,13.4,13.5,,,14.1,7.7,,27.1,,0.0,0.0
德州,jma_seamless,2025-03-17,6,2025-03-23,26.4,12.0,13.5,,,22.0,7.6,,0.0,,0.0,0.0
德州,jma_seamless,2025-03-16,7,2025-03-23,26.2,13.5,14.7,,,17.9,9.4,,0.0,,0.0,0.0
德州,ecmwf_ifs025,2025-03-23,1,2025-03-24,19.9,12.2,11.2,,,21.8,16.7,,0.8,19.3,0.0,
德州,ecmwf_ifs025,2025-03-22,2,2025-03-24,18.3,11.2,10.4,,,20.1,18.4,,15.0,19.18,0.0,
德州,ecmwf_ifs025,2025-03-21,3,2025-03-24,18.6,10.1,9.7,,,20.0,17.4,,8.0,19.13,0.0,
德州,ecmwf_ifs025,2025-03-20,4,2025-03-24,22.0,10.0,10.5,7.9,,21.2,15.1,,21.2,19.11,0.0,
德州,ecmwf_ifs025,2025-03-19,5,2025-03-24,26.8,13.1,13.6,,,18.5,13.2,,12.9,19.5,0.0,
德州,ecmwf_ifs025,2025-03-18,6,2025-03-24,30.6,9.2,13.3,6.8,28.6,15.2,15.9,,19.4,25.21,0.0,
德州,ecmwf_ifs025,2025-03-17,7,2025-03-24,28.9,13.6,16.0,,27.4,18.5,16.5,,19.7,27.44,0.0,
德州,gfs_seamless,2025-03-23,1,2025-03-24,19.7,11.1,10.6,,,23.5,23.7,65.2,9.3,22.34,0.0,0.0
德州,gfs_seamless,2025-03-22,2,2025-03-24,19.2,9.6,9.8,6.5,,21.4,23.8,54.7,13.8,22.27,0.0,0.0
德州,gfs_seamless,2025-03-21,3,2025-03-24,17.5,8.6,8.2,5.2,,21.9,24.8,60.5,13.9,22.53,0.0,0.0
德州,gfs_seamless,2025-03-20,4,2025-03-24,18.6,8.8,8.6,5.7,,20.9,22.1,55.4,26.6,21.79,0.0,0.0
德州,gfs_seamless,2025-03-19,5,2025-03-24,29.3,11.3,14.1,,27.6,18.0,21.2,48.2,15.8,23.02,0.0,0.0
德州,gfs_seamless,2025-03-18,6,2025-03-24,29.2,8.8,10.6,6.1,27.6,21.0,18.1,41.0,16.5,22.78,0.0,0.0
德州,gfs_seamless,2025-03-17,7,2025-03-24,30.4,12.3,14.1,,28.5,17.9,26.3,61.6,22.5,22.77,0.0,0.0
德州,jma_seamless,2025-03-23,1,2025-03-24,21.1,16.2,13.0,,,19.1,13.4,,2.4,,0.0,0.0
德州,jma_seamless,2025-03-22,2,2025-03-24,20.1,14.7,12.3,,,18.5,13.7,,1.9,,0.0,0.0
德州,jma_seamless,2025-03-21,3,2025-03-24,19.0,13.0,10.7,,,17.0,14.1,,8.9,,0.0,0.0
德州,jma_seamless,2025-03-20,4,2025-03-24,18.6,11.5,10.7,,,14.4,14.5,,1.5,,0.0,0.0
德州,jma_seamless,2025-03-19,5,2025-03-24,27.2,13.4,13.1,,26.1,16.2,11.4,,1.5,,0.0,0.0
德州,jma_seamless,2025-03-18,6,2025-03-24,28.1,11.8,13.1,,26.7,16.7,12.7,,0.0,,0.0,0.0
德州,jma_seamless,2025-03-17,7,2025-03-24,26.8,11.5,13.3,,,19.2,14.4,,0.0,,0.0,0.0
德州,ecmwf_ifs025,2025-03-24,1,2025-03-25,22.8,13.8,13.4,,,20.8,15.0,,10.0,19.88,0.0,
德州,ecmwf_ifs025,2025-03-23,2,2025-03-25,24.5,11.1,13.4,,,22.9,12.9,,15.8,19.08,0.0,
德州,ecmwf_ifs025,2025-03-22,3,2025-03-25,24.0,9.6,11.8,7.9,,22.2,11.8,,11.8,19.7,0.0,
德州,ecmwf_ifs025,2025-03-21,4,2025-03-25,22.7,8.4,11.1,6.7,,24.2,10.2,,7.7,19.62,0.0,
德州,ecmwf_ifs025,2025-03-20,5,2025-03-25,23.4,6.8,12.2,4.5,,31.0,11.7,,16.4,19.42,0.0,
德州,ecmwf_ifs025,2025-03-19,6,2025-03-25,27.4,7.2,13.4,5.0,26.5,25.8,11.3,,46.2,25.31,0.0,
德州,ecmwf_ifs025,2025-03-18,7,2025-03-25,23.5,9.8,11.5,7.1,,31.9,20.7,,20.9,27.46,0.0,
德州,gfs_seamless,2025-03-24,1,2025-03-25,25.3,10.5,13.5,,,21.5,17.2,76.3,28.2,22.82,0.0,0.0
德州,gfs_seamless,2025-03-23,2,2025-03-25,23.4,9.0,11.3,6.5,,23.4,16.8,54.4,41.7,22.85,0.0,0.0
德州,gfs_seamless,2025-03-22,3,2025-03-25,24.3,7.5,10.6,4.9,,23.3,14.6,56.2,58.6,20.54,0.0,0.0
德州,gfs_seamless,2025-03-21,4,2025-03-25,23.9,7.5,10.9,4.9,,24.8,14.8,49.7,24.0,22.23,0.0,0.0
德州,gfs_seamless,2025-03-20,5,2025-03-25,25.7,5.7,11.7,3.0,,25.9,12.7,47.5,33.7,22.48,0.0,0.0
德州,gfs_seamless,2025-03-19,6,2025-03-25,23.9,8.1,13.2,6.0,,28.1,12.1,49.7,59.0,12.66,0.0,0.0
德州,gfs_seamless,2025-03-18,7,2025-03-25,26.3,7.7,11.8,5.2,,30.5,14.1,56.9,75.2,18.81,0.0,0.0
德州,jma_seamless,2025-03-24,1,2025-03-25,22.8,15.6,14.4,,,18.2,13.2,,8.2,,0.0,0.0
德州,jma_seamless,2025-03-23,2,2025-03-25,23.7,15.4,14.2,,,19.5,11.6,,8.3,,0.0,0.0
德州,jma_seamless,2025-03-22,3,2025-03-25,24.0,12.9,13.5,,,23.5,11.4,,4.2,,0.0,0.0
德州,jma_seamless,2025-03-21,4,2025-03-25,21.4,10.8,11.3,,,20.0,9.8,,29.1,,0.0,0.0
德州,jma_seamless,2025-03-20,5,2025-03-25,21.2,9.8,10.6,8.7,,22.6,8.6,,0.1,,0.0,0.0
德州,jma_seamless,2025-03-19,6,2025-03-25,23.9,9.4,12.1,8.0,,27.6,9.5,,27.1,,0.0,0.0
德州,jma_seamless,2025-03-18,7,2025-03-25,20.6,11.0,11.4,,,21.3,13.8,,37.8,,0.0,0.0
德州,ecmwf_ifs025,2025-03-25,1,2025-03-26,20.0,11.3,11.5,,,28.8,10.6,,71.2,13.87,0.0,
德州,ecmwf_ifs025,2025-03-24,2,2025-03-26,20.5,10.0,11.3,8.2,,29.4,13.1,,63.2,17.58,0.0,
德州,ecmwf_ifs025,2025-03-23,3,2025-03-26,18.3,10.3,10.6,,,33.0,13.8,,57.6,16.63,0.0,
德州,ecmwf_ifs025,2025-03-22,4,2025-03-26,20.5,11.7,11.5,,,28.1,12.8,,38.6,16.17,0.0,
德州,ecmwf_ifs025,2025-03-21,5,2025-03-26,22.7,12.6,13.4,,,28.3,9.2,,69.4,12.82,0.0,
德州,ecmwf_ifs025,2025-03-20,6,2025-03-26,23.6,11.9,14.2,,,28.5,11.1,,52.5,23.47,1.8,
德州,ecmwf_ifs025,2025-03-19,7,2025-03-26,21.1,7.0,8.4,2.8,,18.8,27.9,,50.9,24.41,1.2,
德州,gfs_seamless,2025-03-25,1,2025-03-26,19.0,11.5,9.7,,,26.9,18.2,59.8,97.2,,,
德州,gfs_seamless,2025-03-24,2,2025-03-26,19.6,9.6,9.4,7.1,,29.0,17.6,54.7,100.0,,,
德州,gfs_seamless,2025-03-23,3,2025-03-26,21.3,9.7,10.7,7.5,,32.5,15.4,58.3,96.6,,,
德州,gfs_seamless,2025-03-22,4,2025-03-26,25.7,11.9,14.4,,,34.9,14.7,52.9,71.1,,,
德州,gfs_seamless,2025-03-21,5,2025-03-26,29.2,15.4,17.8,,28.5,36.8,20.9,59.0,56.0,,,
德州,gfs_seamless,2025-03-20,6,2025-03-26,30.9,14.8,17.4,,30.2,35.5,17.3,42.1,55.1,,,
德州,gfs_seamless,2025-03-19,7,2025-03-26,25.5,8.3,10.4,5.3,,32.7,18.9,56.5,68.2,,,
德州,jma_seamless,2025-03-25,1,2025-03-26,21.9,14.0,13.1,,,27.2,9.3,,73.0,,0.0,
德州,jma_seamless,2025-03-24,2,2025-03-26,24.3,14.7,14.5,,,24.6,10.0,,63.4,,0.0,
德州,jma_seamless,2025-03-23,3,2025-03-26,23.4,14.6,14.3,,,29.4,8.3,,58.0,,0.0,
德州,jma_seamless,2025-03-22,4,2025-03-26,24.6,13.2,15.9,,,32.0,8.9,,78.7,,0.0,
德州,jma_seamless,2025-03-21,5,2025-03-26,25.1,11.1,13.7,,,28.7,9.5,,40.8,,0.0,
德州,jma_seamless,2025-03-20,6,2025-03-26,26.4,12.4,15.5,,,30.1,11.9,,54.7,,0.0,
德州,jma_seamless,2025-03-19,7,2025-03-26,25.4,12.7,17.2,,,34.7,6.7,,73.9,,0.0,
德州,ecmwf_ifs025,2025-03-26,1,2025-03-27,14.6,7.1,6.4,4.7,,20.8,12.5,,45.9,13.84,0.0,
德州,ecmwf_ifs025,2025-03-25,2,2025-03-27,15.0,8.8,7.3,6.9,,19.1,11.8,,44.5,12.7,0.0,
德州,ecmwf_ifs025,2025-03-24,3,2025-03-27,14.8,9.3,6.6,7.2,,21.2,13.6,,28.9,15.16,0.0,
德州,ecmwf_ifs025,2025-03-23,4,2025-03-27,13.0,8.0,4.8,5.2,,15.9,16.8,,33.5,14.19,0.0,
德州,ecmwf_ifs025,2025-03-22,5,2025-03-27,12.1,8.4,4.7,5.6,,15.6,17.7,,53.1,11.28,0.0,
德州,ecmwf_ifs025,2025-03-21,6,2025-03-27,16.4,8.6,6.2,5.5,,17.2,21.6,,36.8,20.11,0.0,
德州,ecmwf_ifs025,2025-03-20,7,2025-03-27,11.6,6.0,1.9,1.8,,19.2,24.8,,27.3,19.05,0.0,
德州,gfs_seamless,2025-03-26,1,2025-03-27,14.9,7.0,5.2,3.5,,16.3,20.4,57.6,88.2,,,
德州,gfs_seamless,2025-03-25,2,2025-03-27,14.9,6.5,4.9,3.0,,15.2,19.7,52.9,87.7,,,
德州,gfs_seamless,2025-03-24,3,2025-03-27,15.2,7.5,5.0,3.9,,13.5,23.3,55.8,91.4,,,
德州,gfs_seamless,2025-03-23,4,2025-03-27,15.5,8.3,4.3,4.5,,12.0,27.8,54.7,92.5,,,
德州,gfs_seamless,2025-03-22,5,2025-03-27,16.1,9.4,6.0,6.2,,13.6,24.4,49.7,95.5,,,
德州,gfs_seamless,2025-03-21,6,2025-03-27,15.2,4.9,3.6,-0.4,,12.2,34.3,67.7,69.3,,,
德州,gfs_seamless,2025-03-20,7,2025-03-27,16.4,6.3,3.6,1.6,,16.8,32.0,61.9,85.2,,,
德州,jma_seamless,2025-03-26,1,2025-03-27,16.8,8.4,8.2,6.8,,12.4,9.7,,55.1,,0.0,
德州,jma_seamless,2025-03-25,2,2025-03-27,18.5,10.7,8.8,,,9.3,13.7,,55.5,,0.0,
德州,jma_seamless,2025-03-24,3,2025-03-27,16.2,11.0,8.0,,,9.4,14.1,,36.7,,0.0,
德州,jma_seamless,2025-03-23,4,2025-03-27,16.8,10.5,7.8,,,11.1,12.7,,70.8,,0.0,
德州,jma_seamless,2025-03-22,5,2025-03-27,17.3,10.5,7.9,,,9.8,16.8,,62.4,,0.0,
德州,jma_seamless,2025-03-21,6,2025-03-27,17.1,7.0,8.9,3.7,,26.7,18.8,,34.7,,0.0,
德州,jma_seamless,2025-03-20,7,2025-03-27,22.8,9.8,13.3,7.2,,33.1,19.1,,80.2,,0.6,
德州,ecmwf_ifs025,2025-03-27,1,2025-03-28,11.6,2.3,2.4,-0.6,,35.0,10.0,,2.1,18.63,0.9,
德州,ecmwf_ifs025,2025-03-26,2,2025-03-28,11.4,3.9,2.5,0.7,,33.2,13.0,,6.5,18.35,0.3,
德州,ecmwf_ifs025,2025-03-25,3,2025-03-28,10.2,4.0,2.1,0.8,,33.1,13.3,,4.7,17.4,0.6,
德州,ecmwf_ifs025,2025-03-24,4,2025-03-28,12.0,4.3,2.7,1.1,,23.1,13.8,,8.8,17.29,0.0,
德州,ecmwf_ifs025,2025-03-23,5,2025-03-28,12.1,4.4,2.6,1.3,,24.5,13.5,,3.0,18.72,0.3,
德州,ecmwf_ifs025,2025-03-22,6,2025-03-28,11.9,5.0,3.7,2.6,,26.7,10.4,,12.4,25.79,0.0,
德州,ecmwf_ifs025,2025-03-21,7,2025-03-28,9.7,4.8,0.2,0.5,,11.3,22.5,,7.8,28.04,0.0,
德州,gfs_seamless,2025-03-27,1,2025-03-28,10.9,2.8,1.0,-1.4,,34.2,17.9,49.0,38.9,,,
德州,gfs_seamless,2025-03-26,2,2025-03-28,11.3,3.1,2.0,-0.6,,21.1,15.0,51.8,80.5,,,
德州,gfs_seamless,2025-03-25,3,2025-03-28,11.6,5.2,2.1,1.5,,23.0,18.5,51.8,80.5,,,
德州,gfs_seamless,2025-03-24,4,2025-03-28,11.0,2.0,0.3,-2.8,,14.3,20.8,53.6,88.0,,,
德州,gfs_seamless,2025-03-23,5,2025-03-28,11.2,2.1,-0.3,-3.0,,16.5,23.4,59.4,38.9,,,
德州,gfs_seamless,2025-03-22,6,2025-03-28,9.8,0.3,-1.6,-5.2,,11.8,22.8,54.0,41.2,,,
德州,gfs_seamless,2025-03-21,7,2025-03-28,12.0,3.0,-0.1,-1.9,,10.2,23.7,59.8,50.5,,,
德州,jma_seamless,2025-03-27,1,2025-03-28,12.5,6.1,3.6,3.3,,25.0,13.5,,29.5,,0.0,
德州,jma_seamless,2025-03-26,2,2025-03-28,12.7,6.3,3.4,3.6,,10.3,13.3,,8.9,,0.0,
德州,jma_seamless,2025-03-25,3,2025-03-28,13.0,5.2,3.7,2.3,,10.1,13.2,,2.8,,0.0,
德州,jma_seamless,2025-03-24,4,2025-03-28,12.1,3.6,2.1,-0.4,,8.3,18.1,,14.3,,0.0,
德州,jma_seamless,2025-03-23,5,2025-03-28,10.7,4.8,1.2,0.9,,8.6,19.1,,5.9,,0.0,
德州,jma_seamless,2025-03-22,6,2025-03-28,10.8,4.4,1.2,1.4,,6.9,12.8,,1.3,,0.0,
德州,jma_seamless,2025-03-21,7,2025-03-28,11.8,3.3,1.8,0.0,,7.4,12.8,,7.0,,0.0,
德州,ecmwf_ifs025,2025-03-28,1,2025-03-29,11.8,-0.6,1.2,-3.7,,19.5,8.8,,0.0,20.36,0.0,
德州,ecmwf_ifs025,2025-03-27,2,2025-03-29,11.8,-0.7,1.4,-3.9,,23.8,9.2,,2.0,20.37,0.0,
德州,ecmwf_ifs025,2025-03-26,3,2025-03-29,12.1,0.3,1.5,-2.6,,18.0,8.8,,1.1,20.43,0.0,
德州,ecmwf_ifs025,2025-03-25,4,2025-03-29,11.9,-0.2,1.0,-3.2,,15.2,8.7,,1.8,20.4,0.0,
德州,ecmwf_ifs025,2025-03-24,5,2025-03-29,12.7,0.6,1.9,-2.4,,13.2,9.2,,3.7,20.29,0.0,
德州,ecmwf_ifs025,2025-03-23,6,2025-03-29,10.3,3.1,1.9,-0.1,,19.5,12.5,,9.1,26.07,0.0,
德州,ecmwf_ifs025,2025-03-22,7,2025-03-29,10.9,1.2,0.9,-1.6,,13.9,8.9,,0.9,28.53,0.0,
德州,gfs_seamless,2025-03-28,1,2025-03-29,11.8,-0.6,0.6,-4.4,,17.0,11.3,29.9,3.0,,,
德州,gfs_seamless,2025-03-27,2,2025-03-29,12.2,-0.5,1.1,-4.1,,12.8,10.9,30.2,4.4,,,
德州,gfs_seamless,2025-03-26,3,2025-03-29,12.7,-0.3,1.1,-4.3,,12.0,12.7,42.8,0.3,,,
德州,gfs_seamless,2025-03-25,4,2025-03-29,11.9,-0.8,0.6,-4.9,,12.8,12.6,42.1,6.9,,,
德州,gfs_seamless,2025-03-24,5,2025-03-29,13.0,0.2,1.1,-3.3,,13.4,10.7,29.9,0.0,,,
德州,gfs_seamless,2025-03-23,6,2025-03-29,15.7,-0.1,2.6,-4.3,,14.2,13.6,59.0,6.2,,,
德州,gfs_seamless,2025-03-22,7,2025-03-29,12.1,0.7,1.4,-3.3,,13.5,13.9,40.0,30.7,,,
德州,jma_seamless,2025-03-28,1,2025-03-29,12.5,3.5,2.2,1.3,,10.2,8.1,,1.1,,0.0,
德州,jma_seamless,2025-03-27,2,2025-03-29,12.8,3.6,2.3,1.6,,9.5,7.6,,0.0,,0.0,
德州,jma_seamless,2025-03-26,3,2025-03-29,13.1,2.5,2.1,0.8,,9.4,6.2,,0.0,,0.0,
德州,jma_seamless,2025-03-25,4,2025-03-29,14.0,1.0,2.0,-1.2,,8.6,7.0,,0.0,,0.0,
德州,jma_seamless,2025-03-24,5,2025-03-29,13.9,2.4,2.8,0.3,,8.7,7.4,,0.0,,0.0,
德州,jma_seamless,2025-03-23,6,2025-03-29,14.9,4.3,3.3,1.8,,8.7,10.0,,0.0,,0.0,
德州,jma_seamless,2025-03-22,7,2025-03-29,16.4,0.6,3.8,-2.6,,9.0,9.9,,0.0,,0.0,
德州,ecmwf_ifs025,2025-03-29,1,2025-03-30,16.0,0.8,5.2,-0.9,,27.4,5.6,,20.2,19.98,0.0,
德州,ecmwf_ifs025,2025-03-28,2,2025-03-30,15.9,0.7,4.8,-1.1,,26.4,5.6,,29.2,19.94,0.0,
德州,ecmwf_ifs025,2025-03-27,3,2025-03-30,16.5,2.9,5.4,0.7,,25.4,8.0,,26.9,19.74,0.0,
德州,ecmwf_ifs025,2025-03-26,4,2025-03-30,16.3,2.6,5.5,1.4,,24.8,5.0,,23.6,19.75,0.0,
德州,ecmwf_ifs025,2025-03-25,5,2025-03-30,15.7,2.1,4.7,-0.1,,20.6,7.5,,29.1,19.83,0.0,
德州,ecmwf_ifs025,2025-03-24,6,2025-03-30,15.5,1.4,5.1,,,21.3,3.4,,23.0,26.15,0.0,
德州,ecmwf_ifs025,2025-03-23,7,2025-03-30,14.9,0.1,3.1,-2.0,,17.7,6.3,,2.2,28.66,0.0,
德州,gfs_seamless,2025-03-29,1,2025-03-30,15.7,0.9,4.2,-1.9,,16.0,8.8,20.5,8.8,,,
德州,gfs_seamless,2025-03-28,2,2025-03-30,15.9,2.4,4.7,-0.1,,14.7,8.6,21.2,20.8,,,
德州,gfs_seamless,2025-03-27,3,2025-03-30,16.7,1.1,4.5,-2.4,,15.8,11.6,34.9,33.4,,,
德州,gfs_seamless,2025-03-26,4,2025-03-30,16.8,2.2,5.3,-0.7,,16.9,10.2,27.4,44.4,,,
德州,gfs_seamless,2025-03-25,5,2025-03-30,18.0,1.8,4.4,-2.2,,18.9,15.2,36.4,44.5,,,
德州,gfs_seamless,2025-03-24,6,2025-03-30,17.5,7.1,5.4,3.6,,21.1,20.9,62.3,60.2,,,
德州,gfs_seamless,2025-03-23,7,2025-03-30,19.6,3.6,6.8,-0.3,,21.0,17.2,62.3,53.6,,,
德州,jma_seamless,2025-03-29,1,2025-03-30,17.0,2.9,4.7,1.0,,14.3,6.8,,5.2,,0.0,
德州,jma_seamless,2025-03-28,2,2025-03-30,15.1,1.7,3.7,-0.3,,11.5,6.5,,5.5,,0.0,
德州,jma_seamless,2025-03-27,3,2025-03-30,16.3,2.6,4.2,0.5,,12.1,7.5,,16.6,,0.0,
德州,jma_seamless,2025-03-26,4,2025-03-30,15.6,4.3,4.6,2.5,,13.8,7.4,,11.8,,0.0,
德州,jma_seamless,2025-03-25,5,2025-03-30,17.2,5.4,5.5,3.4,,14.5,9.0,,30.2,,0.0,
德州,jma_seamless,2025-03-24,6,2025-03-30,18.9,7.1,6.8,4.7,,13.5,12.8,,9.2,,0.0,
德州,jma_seamless,2025-03-23,7,2025-03-30,19.5,8.0,7.5,5.9,,12.9,12.1,,0.0,,0.0,
德州,ecmwf_ifs025,2025-03-30,1,2025-03-31,19.6,7.1,8.4,4.5,,30.4,13.9,,28.7,19.26,0.0,
德州,ecmwf_ifs025,2025-03-29,2,2025-03-31,20.0,6.8,8.4,4.3,,30.5,12.9,,19.7,19.84,0.0,
德州,ecmwf_ifs025,2025-03-28,3,2025-03-31,20.0,7.5,8.6,4.9,,28.4,14.5,,6.5,20.12,0.0,
德州,ecmwf_ifs025,2025-03-27,4,2025-03-31,20.3,7.3,8.4,4.8,,26.8,13.4,,1.3,19.88,0.0,
德州,ecmwf_ifs025,2025-03-26,5,2025-03-31,20.4,7.6,8.8,5.2,,26.2,13.1,,30.6,18.66,0.0,
德州,ecmwf_ifs025,2025-03-25,6,2025-03-31,20.3,5.8,8.5,3.9,,26.2,8.6,,8.5,26.29,0.0,
德州,ecmwf_ifs025,2025-03-24,7,2025-03-31,20.2,6.8,8.6,4.6,,22.5,11.2,,0.4,28.83,0.0,
德州,gfs_seamless,2025-03-30,1,2025-03-31,20.8,6.5,7.7,3.2,,24.3,17.7,60.5,49.6,,,
德州,gfs_seamless,2025-03-29,2,2025-03-31,20.8,6.3,7.8,2.8,,27.0,18.8,64.4,35.4,,,
德州,gfs_seamless,2025-03-28,3,2025-03-31,21.3,7.4,7.8,3.8,,26.1,22.4,65.5,45.8,,,
德州,gfs_seamless,2025-03-27,4,2025-03-31,21.4,8.4,8.6,5.3,,26.1,20.9,64.1,31.6,,,
德州,gfs_seamless,2025-03-26,5,2025-03-31,21.9,8.0,8.8,4.6,,32.5,22.1,63.0,25.2,,,
德州,gfs_seamless,2025-03-25,6,2025-03-31,22.1,8.4,9.0,5.4,,27.9,19.7,60.8,16.7,,,
德州,gfs_seamless,2025-03-24,7,2025-03-31,21.7,8.4,8.8,5.3,,28.9,20.4,60.5,6.5,,,
德州,jma_seamless,2025-03-30,1,2025-03-31,20.3,8.5,8.5,6.5,,17.2,11.8,,17.5,,0.0,
德州,jma_seamless,2025-03-29,2,2025-03-31,20.6,8.5,8.7,6.5,,16.2,11.8,,10.5,,0.0,
德州,jma_seamless,2025-03-28,3,2025-03-31,20.4,8.8,8.4,6.8,,15.2,12.4,,11.5,,0.0,
德州,jma_seamless,2025-03-27,4,2025-03-31,20.8,8.7,8.7,6.9,,15.8,11.1,,4.0,,0.0,
德州,jma_seamless,2025-03-26,5,2025-03-31,21.3,9.3,9.3,7.4,,18.8,12.5,,15.6,,0.0,
德州,jma_seamless,2025-03-25,6,2025-03-31,21.5,10.4,10.0,,,20.2,14.1,,24.2,,0.0,
德州,jma_seamless,2025-03-24,7,2025-03-31,22.0,10.3,9.9,,,17.9,8.6,,2.4,,0.0,
德州,ecmwf_ifs025,2025-03-31,1,2025-04-01,22.5,8.9,10.3,6.2,,28.8,17.6,,0.0,20.31,0.0,
德州,ecmwf_ifs025,2025-03-30,2,2025-04-01,23.2,8.6,10.9,6.1,,31.0,15.4,,0.0,20.24,0.0,
德州,ecmwf_ifs025,2025-03-29,3,2025-04-01,23.1,8.6,10.6,5.9,,29.6,17.3,,2.3,19.96,0.0,
德州,ecmwf_ifs025,2025-03-28,4,2025-04-01,23.8,8.0,10.8,5.2,,29.8,16.9,,8.4,20.08,0.0,
德州,ecmwf_ifs025,2025-03-27,5,2025-04-01,24.1,7.7,10.1,4.9,,27.3,16.7,,0.0,20.49,0.0,
德州,ecmwf_ifs025,2025-03-26,6,2025-04-01,24.2,8.3,10.1,5.8,,25.7,15.4,,0.0,26.52,0.0,
德州,ecmwf_ifs025,2025-03-25,7,2025-04-01,23.6,9.7,10.8,7.8,,25.9,13.4,,4.6,29.12,0.0,
德州,gfs_seamless,2025-03-31,1,2025-04-01,22.5,8.3,10.2,5.1,,25.3,21.7,65.5,21.4,,,
德州,gfs_seamless,2025-03-30,2,2025-04-01,23.1,8.0,9.8,4.6,,26.0,22.6,66.6,5.8,,,
德州,gfs_seamless,2025-03-29,3,2025-04-01,23.1,7.6,10.1,4.2,,26.0,21.3,64.4,4.1,,,
德州,gfs_seamless,2025-03-28,4,2025-04-01,21.9,7.1,9.5,3.5,,24.3,21.6,64.8,1.2,,,
德州,gfs_seamless,2025-03-27,5,2025-04-01,22.6,7.7,11.1,5.5,,28.3,12.3,61.9,0.0,,,
德州,gfs_seamless,2025-03-26,6,2025-04-01,22.4,8.9,10.6,6.6,,28.1,14.3,60.8,1.2,,,
德州,gfs_seamless,2025-03-25,7,2025-04-01,21.3,7.0,8.9,3.7,,30.1,19.0,60.5,26.5,,,
德州,jma_seamless,2025-03-31,1,2025-04-01,22.0,11.1,10.8,,,21.9,12.5,,13.3,,0.0,
德州,jma_seamless,2025-03-30,2,2025-04-01,21.5,10.9,10.4,,,21.7,12.5,,12.3,,0.0,
德州,jma_seamless,2025-03-29,3,2025-04-01,22.1,11.0,10.7,,,22.2,14.7,,6.2,,0.0,
德州,jma_seamless,2025-03-28,4,2025-04-01,21.6,10.1,10.1,,,18.8,12.0,,0.0,,0.0,
德州,jma_seamless,2025-03-27,5,2025-04-01,21.2,9.9,10.5,8.9,,16.8,8.1,,0.0,,0.0,
德州,jma_seamless,2025-03-26,6,2025-04-01,22.8,11.4,11.8,,,23.0,11.7,,0.4,,0.0,
德州,jma_seamless,2025-03-25,7,2025-04-01,20.6,11.1,10.7,,,24.1,8.9,,8.1,,0.0,
德州,ecmwf_ifs025,2025-04-01,1,2025-04-02,17.5,7.6,7.9,5.8,,23.8,10.0,,5.2,20.43,0.0,
德州,ecmwf_ifs025,2025-03-31,2,2025-04-02,17.6,7.8,8.1,6.0,,23.4,9.8,,3.0,20.48,0.0,
德州,ecmwf_ifs025,2025-03-30,3,2025-04-02,17.5,7.9,8.1,6.0,,23.8,10.4,,2.0,20.44,0.0,
德州,ecmwf_ifs025,2025-03-29,4,2025-04-02,18.4,8.7,8.5,7.0,,25.3,10.7,,3.3,20.46,0.0,
德州,ecmwf_ifs025,2025-03-28,5,2025-04-02,17.9,8.2,8.3,6.4,,22.7,10.6,,0.1,20.3,0.0,
德州,ecmwf_ifs025,2025-03-27,6,2025-04-02,18.7,9.2,9.2,7.7,,21.5,9.7,,1.8,26.68,0.0,
德州,ecmwf_ifs025,2025-03-26,7,2025-04-02,19.5,10.2,9.7,,,20.6,9.4,,17.2,29.41,0.0,
德州,gfs_seamless,2025-04-01,1,2025-04-02,18.5,8.0,8.3,5.4,,17.6,15.5,52.2,9.3,,,
德州,gfs_seamless,2025-03-31,2,2025-04-02,18.9,7.0,8.2,4.5,,18.3,13.1,41.0,7.9,,,
德州,gfs_seamless,2025-03-30,3,2025-04-02,19.8,7.5,8.9,5.4,,16.7,11.3,47.9,0.0,,,
德州,gfs_seamless,2025-03-29,4,2025-04-02,19.7,6.9,8.7,4.5,,16.9,12.5,44.3,16.7,,,
德州,gfs_seamless,2025-03-28,5,2025-04-02,21.6,8.8,10.7,7.9,,16.8,6.9,37.4,34.2,,,
德州,gfs_seamless,2025-03-27,6,2025-04-02,24.7,8.3,11.0,6.0,,18.5,13.7,30.2,25.2,,,
德州,gfs_seamless,2025-03-26,7,2025-04-02,24.8,9.3,11.6,6.7,,21.9,17.7,43.2,47.2,,,
德州,jma_seamless,2025-04-01,1,2025-04-02,17.6,9.0,9.0,7.9,,23.8,7.8,,4.5,,0.0,
德州,jma_seamless,2025-03-31,2,2025-04-02,17.6,9.2,8.9,8.3,,24.3,6.8,,4.4,,0.0,
德州,jma_seamless,2025-03-30,3,2025-04-02,17.7,9.7,9.0,8.9,,25.0,6.9,,3.3,,0.0,
德州,jma_seamless,2025-03-29,4,2025-04-02,17.7,8.2,8.3,7.3,,22.2,6.4,,1.4,,0.0,
德州,jma_seamless,2025-03-28,5,2025-04-02,19.0,8.5,9.0,,,24.7,2.8,,2.0,,0.0,
德州,jma_seamless,2025-03-27,6,2025-04-02,23.0,9.5,11.1,8.5,,25.5,7.6,,0.6,,0.0,
德州,jma_seamless,2025-03-26,7,2025-04-02,23.7,10.2,10.9,,,19.1,7.9,,0.5,,0.0,
德州,ecmwf_ifs025,2025-04-02,1,2025-04-03,21.0,6.7,9.5,3.9,,30.2,14.3,,16.3,18.66,0.0,
德州,ecmwf_ifs025,2025-04-01,2,2025-04-03,20.7,7.3,9.3,4.6,,31.3,14.7,,21.4,18.67,0.3,
德州,ecmwf_ifs025,2025-03-31,3,2025-04-03,21.0,5.8,8.7,2.7,,31.3,15.4,,15.7,17.72,0.6,
德州,ecmwf_ifs025,2025-03-30,4,2025-04-03,21.0,6.9,9.6,4.0,,29.1,15.4,,13.4,19.85,0.0,
德州,ecmwf_ifs025,2025-03-29,5,2025-04-03,20.5,5.2,9.0,2.2,,30.4,13.6,,44.6,16.68,0.0,
德州,ecmwf_ifs025,2025-03-28,6,2025-04-03,21.1,9.8,10.1,7.6,,28.2,15.8,,21.9,26.33,0.0,
德州,ecmwf_ifs025,2025-03-27,7,2025-04-03,23.4,10.0,11.4,7.8,,24.2,16.2,,1.5,29.52,0.0,
德州,gfs_seamless,2025-04-02,1,2025-04-03,22.3,7.7,10.0,4.5,,23.5,19.5,64.1,57.6,,,
德州,gfs_seamless,2025-04-01,2,2025-04-03,22.4,7.9,10.2,4.7,,24.7,20.3,65.2,70.1,,,
德州,gfs_seamless,2025-03-31,3,2025-04-03,22.1,7.9,9.8,4.7,,25.6,20.1,65.5,41.6,,,
德州,gfs_seamless,2025-03-30,4,2025-04-03,22.9,9.1,10.7,6.3,,26.3,19.9,61.6,71.5,,,
德州,gfs_seamless,2025-03-29,5,2025-04-03,22.7,8.9,10.8,6.3,,24.5,17.5,58.7,83.2,,,
德州,gfs_seamless,2025-03-28,6,2025-04-03,24.6,14.2,13.2,,,27.0,20.0,49.7,96.7,,,
德州,gfs_seamless,2025-03-27,7,2025-04-03,21.4,11.5,12.0,,,30.8,16.1,53.6,91.5,,,
德州,jma_seamless,2025-04-02,1,2025-04-03,20.6,8.4,9.9,6.5,,30.5,11.5,,22.5,,0.0,
德州,jma_seamless,2025-04-01,2,2025-04-03,20.7,8.6,10.0,6.7,,28.2,11.2,,19.5,,0.0,
德州,jma_seamless,2025-03-31,3,2025-04-03,21.1,9.2,10.4,7.4,,27.2,11.9,,22.1,,0.0,
德州,jma_seamless,2025-03-30,4,2025-04-03,21.0,7.7,9.9,5.6,,28.6,11.5,,17.0,,0.0,
德州,jma_seamless,2025-03-29,5,2025-04-03,21.5,9.0,10.4,7.3,,29.0,10.8,,41.1,,0.0,
德州,jma_seamless,2025-03-28,6,2025-04-03,22.7,10.8,11.7,,,26.2,12.2,,14.4,,0.0,
德州,jma_seamless,2025-03-27,7,2025-04-03,22.7,11.2,13.2,,,36.5,8.8,,26.0,,0.0,
德州,ecmwf_ifs025,2025-04-03,1,2025-04-04,21.8,11.9,13.1,,,37.9,12.2,,13.5,13.68,0.0,
德州,ecmwf_ifs025,2025-04-02,2,2025-04-04,22.0,11.8,12.2,,,30.5,16.6,,17.8,15.58,0.0,
德州,ecmwf_ifs025,2025-04-01,3,2025-04-04,21.9,11.4,12.0,,,32.4,14.5,,10.7,15.71,0.0,
德州,ecmwf_ifs025,2025-03-31,4,2025-04-04,21.6,12.3,11.8,,,30.6,16.0,,28.8,13.14,0.0,
德州,ecmwf_ifs025,2025-03-30,5,2025-04-04,21.4,11.3,12.0,,,32.9,13.3,,16.8,15.34,0.0,
德州,ecmwf_ifs025,2025-03-29,6,2025-04-04,24.3,11.3,12.9,,,32.1,15.4,,17.8,26.45,0.0,
德州,ecmwf_ifs025,2025-03-28,7,2025-04-04,24.1,12.4,14.5,,,35.2,14.1,,18.2,29.64,0.0,
德州,gfs_seamless,2025-04-03,1,2025-04-04,23.3,12.5,12.4,,,29.6,21.2,68.8,70.0,,,
德州,gfs_seamless,2025-04-02,2,2025-04-04,24.5,12.4,11.5,,,23.4,27.5,70.9,45.7,,,
德州,gfs_seamless,2025-04-01,3,2025-04-04,23.0,11.8,11.0,,,23.8,25.2,73.8,55.4,,,
德州,gfs_seamless,2025-03-31,4,2025-04-04,23.4,10.7,10.8,,,21.9,24.3,72.7,42.2,,,
德州,gfs_seamless,2025-03-30,5,2025-04-04,24.6,13.1,12.7,,,30.3,22.2,70.2,80.4,,,
德州,gfs_seamless,2025-03-29,6,2025-04-04,24.5,12.6,12.6,,,36.3,20.5,60.1,84.1,,,
德州,gfs_seamless,2025-03-28,7,2025-04-04,26.6,12.5,13.4,,,38.8,21.0,60.8,78.3,,,
德州,jma_seamless,2025-04-03,1,2025-04-04,23.8,13.8,13.9,,,31.7,13.6,,23.4,,0.0,
德州,jma_seamless,2025-04-02,2,2025-04-04,23.3,13.5,13.4,,,30.8,12.5,,31.5,,0.0,
德州,jma_seamless,2025-04-01,3,2025-04-04,23.1,13.4,13.2,,,29.9,12.8,,34.0,,0.0,
德州,jma_seamless,2025-03-31,4,2025-04-04,21.7,13.8,12.7,,,27.3,15.3,,37.1,,0.0,
德州,jma_seamless,2025-03-30,5,2025-04-04,24.3,13.8,13.6,,,27.0,13.4,,34.7,,0.0,
德州,jma_seamless,2025-03-29,6,2025-04-04,24.7,14.6,14.1,,,27.5,15.8,,39.2,,0.0,
德州,jma_seamless,2025-03-28,7,2025-04-04,22.1,14.3,14.7,,,40.9,11.4,,20.3,,0.0,
德州,ecmwf_ifs025,2025-04-04,1,2025-04-05,18.9,7.4,8.8,5.2,,20.9,11.9,,1.5,21.0,0.0,
德州,ecmwf_ifs025,2025-04-03,2,2025-04-05,19.7,7.3,8.2,4.9,,12.0,13.1,,1.9,21.19,0.0,
德州,ecmwf_ifs025,2025-04-02,3,2025-04-05,20.9,7.6,8.9,5.3,,11.5,12.7,,2.4,20.95,0.0,
德州,ecmwf_ifs025,2025-04-01,4,2025-04-05,22.0,5.8,9.5,3.2,,13.2,12.3,,7.5,20.6,0.0,
德州,ecmwf_ifs025,2025-03-31,5,2025-04-05,20.9,9.4,10.2,6.9,,23.1,17.0,,4.3,20.91,0.3,
德州,ecmwf_ifs025,2025-03-30,6,2025-04-05,21.3,9.5,11.0,8.2,,18.6,9.3,,0.4,27.17,0.0,
德州,ecmwf_ifs025,2025-03-29,7,2025-04-05,22.8,12.2,13.7,,,32.7,11.7,,5.8,29.97,0.0,
德州,gfs_seamless,2025-04-04,1,2025-04-05,21.2,5.4,8.7,2.2,,12.7,15.5,47.5,5.2,,,
德州,gfs_seamless,2025-04-03,2,2025-04-05,21.7,5.9,9.0,2.6,,9.8,17.0,53.6,11.1,,,
德州,gfs_seamless,2025-04-02,3,2025-04-05,22.4,7.5,10.0,5.4,,11.1,11.5,30.6,26.0,,,
德州,gfs_seamless,2025-04-01,4,2025-04-05,23.2,7.6,10.5,5.2,,11.5,13.1,60.5,22.7,,,
德州,gfs_seamless,2025-03-31,5,2025-04-05,22.7,8.3,10.6,5.9,,16.2,14.5,33.8,6.0,,,
德州,gfs_seamless,2025-03-30,6,2025-04-05,22.1,12.6,11.5,,,18.2,18.9,57.2,7.8,,,
德州,gfs_seamless,2025-03-29,7,2025-04-05,21.9,10.2,11.9,,,41.3,14.8,42.8,35.7,,,
德州,jma_seamless,2025-04-04,1,2025-04-05,19.7,10.8,9.6,,,11.6,9.9,,0.0,,0.0,
德州,jma_seamless,2025-04-03,2,2025-04-05,19.9,11.0,9.1,,,10.4,10.0,,0.0,,0.0,
德州,jma_seamless,2025-04-02,3,2025-04-05,18.7,10.8,9.3,,,11.4,8.3,,0.0,,0.0,
德州,jma_seamless,2025-04-01,4,2025-04-05,19.3,9.7,8.6,8.9,,12.6,7.0,,0.0,,0.0,
德州,jma_seamless,2025-03-31,5,2025-04-05,18.5,9.4,8.9,8.0,,13.6,9.8,,2.8,,0.0,
德州,jma_seamless,2025-03-30,6,2025-04-05,18.7,9.7,9.6,8.5,,14.3,8.9,,0.9,,0.0,
德州,jma_seamless,2025-03-29,7,2025-04-05,20.3,11.7,10.8,,,21.0,8.8,,6.8,,0.0,
德州,ecmwf_ifs025,2025-04-05,1,2025-04-06,26.0,10.0,13.7,8.3,,26.0,12.1,,0.0,20.91,0.0,
德州,ecmwf_ifs025,2025-04-04,2,2025-04-06,26.2,9.7,13.2,7.8,,23.6,13.1,,0.0,20.94,0.0,
德州,ecmwf_ifs025,2025-04-03,3,2025-04-06,26.0,10.0,12.8,8.1,,19.2,13.9,,0.7,21.01,0.0,
德州,ecmwf_ifs025,2025-04-02,4,2025-04-06,26.8,10.3,13.9,,,21.3,13.4,,0.2,20.86,0.0,
德州,ecmwf_ifs025,2025-04-01,5,2025-04-06,26.1,10.5,14.6,,,25.1,8.2,,0.0,20.8,0.0,
德州,ecmwf_ifs025,2025-03-31,6,2025-04-06,26.7,11.7,14.8,,,27.5,9.8,,16.1,27.28,0.0,
德州,ecmwf_ifs025,2025-03-30,7,2025-04-06,27.3,12.8,16.1,,26.6,30.5,8.6,,9.0,30.2,0.0,
德州,gfs_seamless,2025-04-05,1,2025-04-06,26.9,8.4,13.5,6.5,,18.6,11.5,55.4,0.0,,,
德州,gfs_seamless,2025-04-04,2,2025-04-06,26.8,8.4,13.5,6.4,,17.2,11.8,52.2,0.5,,,
德州,gfs_seamless,2025-04-03,3,2025-04-06,27.2,7.9,13.5,6.1,26.2,19.1,10.2,22.0,0.0,,,
德州,gfs_seamless,2025-04-02,4,2025-04-06,26.4,9.2,14.0,7.1,,19.4,13.9,55.4,4.0,,,
德州,gfs_seamless,2025-04-01,5,2025-04-06,28.3,9.9,14.4,8.7,27.0,22.2,8.9,40.0,16.2,,,
德州,gfs_seamless,2025-03-31,6,2025-04-06,31.8,12.9,14.9,,29.8,19.2,21.8,62.3,20.2,,,
德州,gfs_seamless,2025-03-30,7,2025-04-06,31.3,12.3,15.1,,29.4,20.5,25.5,64.4,4.0,,,
德州,jma_seamless,2025-04-05,1,2025-04-06,24.4,12.0,13.3,,,28.2,9.6,,0.0,,0.0,
德州,jma_seamless,2025-04-04,2,2025-04-06,24.7,11.0,13.0,,,25.5,9.3,,0.0,,0.0,
德州,jma_seamless,2025-04-03,3,2025-04-06,24.7,11.7,13.2,,,23.2,11.2,,0.0,,0.0,
德州,jma_seamless,2025-04-02,4,2025-04-06,24.2,11.4,13.0,,,26.2,9.6,,0.0,,0.0,
德州,jma_seamless,2025-04-01,5,2025-04-06,25.1,9.1,13.3,7.6,,26.8,10.0,,0.2,,0.0,
德州,jma_seamless,2025-03-31,6,2025-04-06,25.3,9.4,11.7,8.1,,21.8,9.1,,0.0,,0.0,
德州,jma_seamless,2025-03-30,7,2025-04-06,25.2,11.6,13.7,,,22.4,10.7,,9.9,,0.0,
德州,ecmwf_ifs025,2025-04-06,1,2025-04-07,26.6,13.5,16.3,,,35.8,13.0,,2.9,20.65,0.0,
德州,ecmwf_ifs025,2025-04-05,2,2025-04-07,26.8,14.1,16.9,,,36.0,12.7,,1.6,20.79,0.0,
德州,ecmwf_ifs025,2025-04-04,3,2025-04-07,28.0,14.4,17.1,,27.2,31.3,12.7,,6.7,20.94,0.0,
德州,ecmwf_ifs025,2025-04-03,4,2025-04-07,28.6,14.3,17.8,,27.6,31.3,11.7,,26.6,19.73,0.0,
德州,ecmwf_ifs025,2025-04-02,5,2025-04-07,28.6,14.4,17.6,,27.5,28.3,10.8,,3.8,20.8,0.0,
德州,ecmwf_ifs025,2025-04-01,6,2025-04-07,27.8,13.3,17.9,,27.4,37.8,11.6,,51.2,27.33,0.0,
德州,ecmwf_ifs025,2025-03-31,7,2025-04-07,30.3,12.2,17.4,,29.7,36.7,9.6,,0.2,30.43,0.0,
德州,gfs_seamless,2025-04-06,1,2025-04-07,28.1,11.4,15.9,,27.1,28.1,13.8,41.0,5.7,,,
德州,gfs_seamless,2025-04-05,2,2025-04-07,28.1,12.9,15.6,,27.0,25.7,15.9,47.5,9.1,,,
德州,gfs_seamless,2025-04-04,3,2025-04-07,29.0,14.3,16.6,,27.6,25.5,16.4,52.9,3.8,,,
德州,gfs_seamless,2025-04-03,4,2025-04-07,28.4,11.8,16.0,,27.2,25.9,10.6,33.5,51.2,,,
德州,gfs_seamless,2025-04-02,5,2025-04-07,26.7,10.0,13.7,8.3,,29.6,12.1,34.2,7.5,,,
德州,gfs_seamless,2025-04-01,6,2025-04-07,28.1,9.9,15.4,8.2,27.0,25.9,11.8,33.1,31.9,,,
德州,gfs_seamless,2025-03-31,7,2025-04-07,29.6,8.8,16.2,6.2,28.2,27.7,16.7,59.8,8.4,,,
德州,jma_seamless,2025-04-06,1,2025-04-07,26.3,15.2,17.3,,,46.7,8.0,,0.5,,0.0,
德州,jma_seamless,2025-04-05,2,2025-04-07,26.1,15.3,17.5,,,44.9,7.8,,22.2,,0.0,
德州,jma_seamless,2025-04-04,3,2025-04-07,27.6,15.6,18.0,,28.0,49.2,10.3,,10.0,,0.0,
德州,jma_seamless,2025-04-03,4,2025-04-07,27.1,15.7,17.8,,27.2,45.5,10.5,,11.5,,0.0,
德州,jma_seamless,2025-04-02,5,2025-04-07,26.6,15.6,18.3,,,47.5,10.7,,0.0,,0.0,
德州,jma_seamless,2025-04-01,6,2025-04-07,28.8,10.8,15.4,,27.5,25.6,11.5,,20.7,,0.0,
德州,jma_seamless,2025-03-31,7,2025-04-07,28.7,15.0,18.0,,28.3,39.6,12.2,,19.1,,0.0,
德州,ecmwf_ifs025,2025-04-07,1,2025-04-08,24.4,11.9,13.3,,,25.9,12.3,,41.3,18.76,0.3,
德州,ecmwf_ifs025,2025-04-06,2,2025-04-08,24.8,13.4,13.5,,,24.8,15.1,,45.1,18.91,0.3,
德州,ecmwf_ifs025,2025-04-05,3,2025-04-08,25.2,15.5,14.9,,,21.7,14.7,,58.2,16.15,0.0,
德州,ecmwf_ifs025,2025-04-04,4,2025-04-08,19.4,9.9,11.2,7.3,,29.2,19.9,,48.5,14.77,0.3,
德州,ecmwf_ifs025,2025-04-03,5,2025-04-08,24.9,11.7,13.5,,,22.5,16.5,,47.0,17.49,3.0,
德州,ecmwf_ifs025,2025-04-02,6,2025-04-08,29.0,16.2,18.6,,28.2,34.8,15.2,,45.3,27.09,0.0,
德州,ecmwf_ifs025,2025-04-01,7,2025-04-08,29.7,10.6,18.1,,29.2,39.0,16.0,,36.0,30.09,0.0,
德州,gfs_seamless,2025-04-07,1,2025-04-08,25.4,11.3,13.9,,,23.8,17.1,43.2,84.6,,,
德州,gfs_seamless,2025-04-06,2,2025-04-08,24.9,12.3,13.5,,,25.6,18.0,50.4,91.1,,,
德州,gfs_seamless,2025-04-05,3,2025-04-08,27.5,13.8,15.3,,26.6,25.9,15.2,56.5,87.8,,,
德州,gfs_seamless,2025-04-04,4,2025-04-08,24.0,13.2,12.8,,,26.9,18.3,56.2,79.2,,,
德州,gfs_seamless,2025-04-03,5,2025-04-08,30.8,8.0,15.2,5.9,33.5,56.0,12.1,35.3,73.6,,,
德州,gfs_seamless,2025-04-02,6,2025-04-08,27.4,14.6,17.2,,27.1,39.4,11.2,37.4,69.5,,,
德州,gfs_seamless,2025-04-01,7,2025-04-08,23.4,10.3,13.7,,,48.5,14.8,51.5,88.5,,,
德州,jma_seamless,2025-04-07,1,2025-04-08,23.1,13.5,13.6,,,20.0,7.3,,60.4,,0.0,
德州,jma_seamless,2025-04-06,2,2025-04-08,22.2,13.6,13.3,,,25.5,8.0,,75.7,,0.0,
德州,jma_seamless,2025-04-05,3,2025-04-08,22.8,13.4,14.3,,,46.1,8.9,,66.8,,0.3,
德州,jma_seamless,2025-04-04,4,2025-04-08,23.2,12.2,14.2,,,41.7,9.2,,47.8,,0.6,
德州,jma_seamless,2025-04-03,5,2025-04-08,23.8,15.6,17.5,,,56.1,6.7,,69.1,,0.6,
德州,jma_seamless,2025-04-02,6,2025-04-08,22.9,15.2,17.7,,,51.9,8.6,,78.0,,2.1,
德州,jma_seamless,2025-04-01,7,2025-04-08,22.3,11.3,13.4,,,22.8,8.7,,28.8,,0.0,
德州,jma_seamless,2025-04-08,1,2025-04-09,20.8,12.2,14.0,,,50.8,3.4,,27.2,,0.0,0.0
德州,jma_seamless,2025-04-07,2,2025-04-09,20.3,13.0,15.7,,,64.8,4.8,,33.7,,0.6,0.0
德州,jma_seamless,2025-04-06,3,2025-04-09,21.4,10.5,12.8,,,42.3,5.6,,2.8,,0.3,0.0
德州,jma_seamless,2025-04-05,4,2025-04-09,21.8,11.5,14.3,,,50.1,3.2,,12.5,,1.2,0.0
德州,jma_seamless,2025-04-04,5,2025-04-09,20.6,10.3,13.4,,,46.7,7.0,,10.3,,0.0,0.0
德州,jma_seamless,2025-04-03,6,2025-04-09,19.9,12.0,14.7,,,66.2,8.0,,20.9,,2.1,0.0
德州,jma_seamless,2025-04-02,7,2025-04-09,18.4,10.4,11.3,,,54.3,7.4,,54.8,,3.6,0.0
德州,jma_seamless,2025-04-09,1,2025-04-10,25.3,11.3,15.5,,,50.5,8.9,,0.0,,0.0,0.0
德州,jma_seamless,2025-04-08,2,2025-04-10,25.2,11.0,15.4,,,53.0,8.7,,1.3,,0.0,0.0
德州,jma_seamless,2025-04-07,3,2025-04-10,23.3,10.5,16.0,,,66.2,4.9,,37.3,,0.0,0.0
德州,jma_seamless,2025-04-06,4,2025-04-10,25.7,10.8,15.1,,,42.5,6.7,,0.6,,0.0,0.0
德州,jma_seamless,2025-04-05,5,2025-04-10,24.6,13.0,15.9,,,40.1,6.3,,1.1,,0.0,0.0
德州,jma_seamless,2025-04-04,6,2025-04-10,26.7,11.3,15.9,,,45.7,7.4,,24.6,,0.0,0.0
德州,jma_seamless,2025-04-03,7,2025-04-10,24.8,10.1,14.6,,,43.2,6.4,,15.8,,0.0,0.0
德州,jma_seamless,2025-04-10,1,2025-04-11,25.9,17.9,20.1,,,64.2,15.7,,55.7,,0.0,0.0
德州,jma_seamless,2025-04-09,2,2025-04-11,28.3,17.6,20.1,,28.8,50.1,13.8,,51.6,,0.0,0.0
德州,jma_seamless,2025-04-08,3,2025-04-11,28.7,17.4,19.1,,27.9,33.9,13.2,,65.0,,0.0,0.0
德州,jma_seamless,2025-04-07,4,2025-04-11,30.5,15.1,18.9,,29.4,31.6,13.1,,63.4,,0.0,0.0
德州,jma_seamless,2025-04-06,5,2025-04-11,27.4,14.3,16.5,,26.8,32.4,13.8,,70.6,,0.0,0.0
德州,jma_seamless,2025-04-05,6,2025-04-11,26.0,15.1,17.0,,,36.0,8.7,,37.2,,0.0,0.0
德州,jma_seamless,2025-04-04,7,2025-04-11,20.6,11.5,11.8,,,27.1,7.2,,42.5,,0.0,0.0
德州,jma_seamless,2025-04-11,1,2025-04-12,17.2,9.9,5.6,6.8,,12.6,25.0,,1.8,,0.0,0.0
德州,jma_seamless,2025-04-10,2,2025-04-12,21.4,9.7,6.6,6.5,,12.6,25.5,,15.5,,0.0,0.0
德州,jma_seamless,2025-04-09,3,2025-04-12,22.0,8.4,6.5,4.9,,12.8,24.7,,22.8,,0.0,0.0
德州,jma_seamless,2025-04-08,4,2025-04-12,20.4,7.4,5.3,3.7,,9.8,23.7,,1.8,,0.0,0.0
德州,jma_seamless,2025-04-07,5,2025-04-12,15.2,7.7,5.1,4.7,,6.9,18.0,,1.8,,0.0,0.0
德州,jma_seamless,2025-04-06,6,2025-04-12,18.8,10.4,8.4,,,22.4,17.9,,11.0,,0.6,0.0
德州,jma_seamless,2025-04-05,7,2025-04-12,20.3,10.0,12.5,8.6,,36.6,10.0,,33.8,,2.4,0.0
德州,jma_seamless,2025-04-12,1,2025-04-13,16.6,8.2,6.0,5.5,,10.5,16.8,,2.5,,0.0,0.0
德州,jma_seamless,2025-04-11,2,2025-04-13,17.0,9.2,6.4,6.4,,12.3,19.4,,3.6,,0.0,0.0
德州,jma_seamless,2025-04-10,3,2025-04-13,17.7,8.9,6.5,6.0,,10.0,20.0,,7.8,,0.0,0.0
德州,jma_seamless,2025-04-09,4,2025-04-13,19.8,9.1,8.1,6.7,,11.0,16.0,,5.0,,0.0,0.0
德州,jma_seamless,2025-04-08,5,2025-04-13,18.3,10.4,8.1,,,10.6,17.1,,0.1,,0.0,0.0
德州,jma_seamless,2025-04-07,6,2025-04-13,18.1,9.2,9.1,7.3,,17.8,12.2,,21.5,,0.0,0.0
德州,jma_seamless,2025-04-06,7,2025-04-13,18.9,8.9,9.2,6.8,,24.6,13.1,,19.2,,0.0,0.0
德州,jma_seamless,2025-04-13,1,2025-04-14,22.0,11.8,11.1,,,17.8,12.4,,6.7,,0.0,0.0
德州,jma_seamless,2025-04-12,2,2025-04-14,22.3,11.6,11.4,,,19.5,13.4,,11.2,,0.0,0.0
德州,jma_seamless,2025-04-11,3,2025-04-14,22.1,12.3,11.7,,,15.3,10.9,,0.1,,0.0,0.0
德州,jma_seamless,2025-04-10,4,2025-04-14,22.9,13.7,13.0,,,23.8,10.3,,3.8,,0.0,0.0
德州,jma_seamless,2025-04-09,5,2025-04-14,21.2,12.7,11.4,,,16.0,11.3,,0.7,,0.0,0.0
德州,jma_seamless,2025-04-08,6,2025-04-14,22.0,12.1,11.9,,,23.2,12.4,,0.3,,0.0,0.0
德州,jma_seamless,2025-04-07,7,2025-04-14,21.2,11.9,11.6,,,22.8,8.2,,0.0,,0.0,0.0
德州,jma_seamless,2025-04-14,1,2025-04-15,30.4,13.2,17.3,,28.8,25.2,11.2,,20.8,,0.0,0.0
德州,jma_seamless,2025-04-13,2,2025-04-15,29.7,13.4,17.2,,28.2,25.8,9.7,,40.0,,0.0,0.0
德州,jma_seamless,2025-04-12,3,2025-04-15,29.2,12.5,17.2,,28.0,28.7,8.3,,21.4,,0.0,0.0
德州,jma_seamless,2025-04-11,4,2025-04-15,31.3,14.6,18.5,,29.9,28.2,10.6,,19.9,,0.0,0.0
德州,jma_seamless,2025-04-10,5,2025-04-15,31.1,14.4,18.4,,29.5,26.2,10.3,,34.7,,0.0,0.0
德州,jma_seamless,2025-04-09,6,2025-04-15,27.0,13.6,16.4,,26.3,19.8,8.3,,21.8,,0.0,0.0
德州,jma_seamless,2025-04-08,7,2025-04-15,25.8,11.9,14.2,,,18.8,8.0,,1.5,,0.0,0.0
德州,jma_seamless,2025-04-15,1,2025-04-16,34.1,19.0,22.3,,33.7,31.6,11.2,,16.0,,0.0,0.0
德州,jma_seamless,2025-04-14,2,2025-04-16,33.0,19.3,21.7,,32.0,30.3,9.8,,26.1,,0.0,0.0
德州,jma_seamless,2025-04-13,3,2025-04-16,32.9,18.3,21.4,,32.2,32.4,11.7,,27.4,,0.0,0.0
德州,jma_seamless,2025-04-12,4,2025-04-16,34.2,18.8,21.6,,33.4,29.1,11.2,,24.8,,0.0,0.0
德州,jma_seamless,2025-04-11,5,2025-04-16,34.6,19.7,21.9,,33.0,23.2,11.3,,26.3,,0.0,0.0
德州,jma_seamless,2025-04-10,6,2025-04-16,33.3,19.1,22.0,,32.7,32.2,12.6,,28.4,,0.0,0.0
德州,jma_seamless,2025-04-09,7,2025-04-16,27.7,17.0,19.0,,26.9,31.5,12.6,,42.7,,0.0,0.0
德州,jma_seamless,2025-04-16,1,2025-04-17,32.1,21.3,22.8,,30.2,22.5,9.5,,39.2,,0.0,0.0
德州,jma_seamless,2025-04-15,2,2025-04-17,31.0,19.0,21.1,,29.5,26.8,8.7,,38.2,,0.0,0.0
德州,jma_seamless,2025-04-14,3,2025-04-17,28.1,19.1,21.5,,28.0,43.4,8.2,,37.7,,0.0,0.0
德州,jma_seamless,2025-04-13,4,2025-04-17,29.9,19.5,21.4,,29.2,36.5,6.8,,21.7,,0.0,0.0
德州,jma_seamless,2025-04-12,5,2025-04-17,27.0,17.4,19.8,,26.6,34.5,8.1,,9.1,,0.0,0.0
德州,jma_seamless,2025-04-11,6,2025-04-17,28.8,18.4,20.5,,28.1,36.4,7.4,,1.7,,0.0,0.0
德州,jma_seamless,2025-04-10,7,2025-04-17,29.2,18.5,20.5,,28.0,29.5,4.5,,39.6,,0.0,0.0
德州,jma_seamless,2025-04-17,1,2025-04-18,24.0,10.1,14.6,,,40.6,16.6,,60.0,,6.6,0.0
德州,jma_seamless,2025-04-16,2,2025-04-18,23.0,15.2,16.4,,,32.7,14.0,,67.1,,6.9,0.0
德州,jma_seamless,2025-04-15,3,2025-04-18,23.3,14.4,15.7,,,32.8,13.0,,63.0,,0.3,0.0
德州,jma_seamless,2025-04-14,4,2025-04-18,21.7,13.4,16.3,,,57.0,14.1,,81.8,,7.2,0.0
德州,jma_seamless,2025-04-13,5,2025-04-18,25.7,13.7,18.3,,,64.0,10.1,,74.4,,4.5,0.0
德州,jma_seamless,2025-04-12,6,2025-04-18,22.9,14.7,18.2,,,65.8,10.0,,85.7,,8.7,0.0
德州,jma_seamless,2025-04-11,7,2025-04-18,28.6,12.6,17.7,,28.3,40.6,9.0,,29.2,,0.0,0.0
德州,jma_seamless,2025-04-18,1,2025-04-19,20.3,9.5,12.9,,,56.4,3.0,,5.7,,1.8,0.0
德州,jma_seamless,2025-04-17,2,2025-04-19,20.1,9.6,13.4,9.1,,62.3,5.6,,23.8,,6.9,0.0
德州,jma_seamless,2025-04-16,3,2025-04-19,21.4,10.0,13.5,9.2,,55.6,6.9,,20.2,,0.3,0.0
德州,jma_seamless,2025-04-15,4,2025-04-19,20.7,9.3,11.9,7.7,,62.8,10.4,,43.7,,5.4,0.0
德州,jma_seamless,2025-04-14,5,2025-04-19,18.8,11.3,12.8,,,67.9,9.6,,37.1,,2.7,0.0
德州,jma_seamless,2025-04-13,6,2025-04-19,25.1,14.5,18.1,,,67.5,5.9,,47.9,,16.5,0.0
德州,jma_seamless,2025-04-12,7,2025-04-19,25.6,12.4,15.7,,,43.6,8.0,,16.1,,0.0,0.0
德州,jma_seamless,2025-04-19,1,2025-04-20,25.9,12.3,17.9,,,62.6,7.2,,0.9,,0.0,0.0
德州,jma_seamless,2025-04-18,2,2025-04-20,26.0,12.3,18.0,,,63.0,6.1,,3.9,,0.0,0.0
德州,jma_seamless,2025-04-17,3,2025-04-20,25.1,13.7,17.8,,,60.3,6.7,,0.9,,0.0,0.0
德州,jma_seamless,2025-04-16,4,2025-04-20,26.8,12.6,17.3,,,56.2,6.7,,0.3,,0.0,0.0
德州,jma_seamless,2025-04-15,5,2025-04-20,23.3,10.8,14.1,,,54.3,5.4,,9.0,,0.0,0.0
德州,jma_seamless,2025-04-14,6,2025-04-20,22.2,12.6,14.7,,,47.8,4.2,,19.5,,0.0,0.0
德州,jma_seamless,2025-04-13,7,2025-04-20,27.1,14.2,17.6,,27.0,41.6,5.3,,13.6,,0.0,0.0
德州,jma_seamless,2025-04-20,1,2025-04-21,22.5,16.7,18.2,,,64.0,8.7,,61.4,,1.2,0.0
德州,jma_seamless,2025-04-19,2,2025-04-21,21.3,17.3,18.2,,,66.9,7.9,,51.9,,9.0,0.0
德州,jma_seamless,2025-04-18,3,2025-04-21,20.8,17.2,17.9,,,67.0,9.4,,58.9,,36.6,0.0
德州,jma_seamless,2025-04-17,4,2025-04-21,22.2,16.7,17.6,,,56.0,14.3,,57.4,,1.5,0.0
德州,jma_seamless,2025-04-16,5,2025-04-21,25.5,12.2,17.8,,,53.0,8.7,,50.5,,0.9,0.0
德州,jma_seamless,2025-04-15,6,2025-04-21,25.5,14.2,17.1,,,45.0,8.2,,52.7,,0.6,0.0
德州,jma_seamless,2025-04-14,7,2025-04-21,21.1,15.2,16.0,,,42.5,4.4,,47.8,,0.0,0.0
德州,jma_seamless,2025-04-21,1,2025-04-22,23.5,16.2,16.5,,,40.0,9.4,,46.2,,0.0,0.0
德州,jma_seamless,2025-04-20,2,2025-04-22,23.0,15.4,16.1,,,38.6,10.5,,30.5,,0.0,0.0
德州,jma_seamless,2025-04-19,3,2025-04-22,22.6,15.5,14.8,,,27.2,10.8,,27.2,,0.0,0.0
德州,jma_seamless,2025-04-18,4,2025-04-22,21.8,16.8,14.7,,,21.2,11.3,,26.5,,0.3,0.0
德州,jma_seamless,2025-04-17,5,2025-04-22,21.8,15.0,14.5,,,28.6,8.0,,21.8,,0.9,0.0
德州,jma_seamless,2025-04-16,6,2025-04-22,19.4,15.6,12.7,,,24.9,14.1,,11.9,,0.0,0.0
德州,jma_seamless,2025-04-15,7,2025-04-22,26.2,15.3,16.6,,,38.8,10.6,,43.0,,1.2,0.0
德州,jma_seamless,2025-04-22,1,2025-04-23,30.8,15.8,18.3,,29.1,23.7,11.5,,,,0.0,
德州,jma_seamless,2025-04-21,2,2025-04-23,31.4,14.0,18.0,,29.7,24.4,10.8,,,,0.0,
德州,jma_seamless,2025-04-20,3,2025-04-23,30.8,14.9,18.0,,29.2,25.5,11.3,,,,0.0,
德州,jma_seamless,2025-04-19,4,2025-04-23,30.7,15.9,17.4,,28.8,18.5,13.2,,,,0.0,
德州,jma_seamless,2025-04-18,5,2025-04-23,30.1,14.9,16.3,,28.2,16.9,13.7,,,,0.0,
德州,jma_seamless,2025-04-17,6,2025-04-23,28.9,14.8,17.0,,27.5,24.9,9.8,,,,0.0,
德州,jma_seamless,2025-04-16,7,2025-04-23,27.4,13.7,15.8,,26.3,16.5,8.8,,,,0.0,
德州,jma_seamless,2025-04-23,1,2025-04-24,20.8,15.1,12.9,,,13.2,9.8,,,,0.0,
德州,jma_seamless,2025-04-22,2,2025-04-24,20.4,14.4,12.9,,,14.2,9.2,,,,0.0,
德州,jma_seamless,2025-04-21,3,2025-04-24,21.4,14.4,13.5,,,14.3,8.3,,,,0.0,
德州,jma_seamless,2025-04-20,4,2025-04-24,21.1,14.3,12.8,,,13.6,7.1,,,,0.0,
德州,jma_seamless,2025-04-19,5,2025-04-24,20.7,14.2,12.4,,,12.8,7.2,,,,0.0,
德州,jma_seamless,2025-04-18,6,2025-04-24,22.1,13.7,14.0,,,22.9,5.1,,,,0.0,
德州,jma_seamless,2025-04-17,7,2025-04-24,29.9,16.0,19.6,,29.4,38.5,11.4,,,,0.0,
德州,jma_seamless,2025-04-24,1,2025-04-25,26.4,13.3,15.3,,,22.4,11.2,,,,0.0,
德州,jma_seamless,2025-04-23,2,2025-04-25,26.3,13.0,15.7,,,23.9,7.8,,,,0.0,
德州,jma_seamless,2025-04-22,3,2025-04-25,25.9,12.9,15.1,,,20.5,9.7,,,,0.0,
德州,jma_seamless,2025-04-21,4,2025-04-25,26.8,14.0,16.2,,,19.8,10.5,,,,0.0,
德州,jma_seamless,2025-04-20,5,2025-04-25,26.9,13.6,15.6,,,20.4,9.9,,,,0.0,
德州,jma_seamless,2025-04-19,6,2025-04-25,25.7,13.2,15.1,,,24.6,9.0,,,,0.0,
德州,jma_seamless,2025-04-18,7,2025-04-25,26.9,17.0,17.9,,,28.1,11.3,,,,0.0,
德州,jma_seamless,2025-04-25,1,2025-04-26,28.5,18.9,20.5,,28.4,43.5,18.1,,,,0.0,
德州,jma_seamless,2025-04-24,2,2025-04-26,29.5,18.0,20.9,,30.0,47.3,15.2,,,,0.0,
德州,jma_seamless,2025-04-23,3,2025-04-26,28.9,17.1,20.2,,28.8,43.7,13.9,,,,0.0,
德州,jma_seamless,2025-04-22,4,2025-04-26,29.3,18.1,19.9,,28.8,38.7,16.8,,,,0.0,
德州,jma_seamless,2025-04-21,5,2025-04-26,30.0,17.5,20.4,,29.7,40.2,14.5,,,,0.0,
德州,jma_seamless,2025-04-20,6,2025-04-26,28.0,18.1,19.1,,27.2,32.0,14.2,,,,0.0,
德州,jma_seamless,2025-04-19,7,2025-04-26,27.9,16.6,18.1,,27.1,30.8,13.4,,,,0.0,
德州,jma_seamless,2025-04-26,1,2025-04-27,23.0,13.1,16.4,,,42.4,12.4,,,,0.0,
德州,jma_seamless,2025-04-25,2,2025-04-27,22.5,14.9,17.4,,,33.4,11.7,,,,0.0,
德州,jma_seamless,2025-04-24,3,2025-04-27,22.0,13.3,15.3,,,48.9,9.9,,,,0.6,
德州,jma_seamless,2025-04-23,4,2025-04-27,23.1,14.4,17.2,,,31.4,10.6,,,,0.0,
德州,jma_seamless,2025-04-22,5,2025-04-27,25.2,13.9,18.6,,,37.5,7.5,,,,0.0,
德州,jma_seamless,2025-04-21,6,2025-04-27,25.9,16.1,18.7,,,35.6,11.0,,,,0.0,
德州,jma_seamless,2025-04-20,7,2025-04-27,26.3,14.0,18.4,,,36.7,8.2,,,,0.6,
德州,jma_seamless,2025-04-27,1,2025-04-28,24.7,11.4,16.3,,,48.4,7.6,,,,0.0,
德州,jma_seamless,2025-04-26,2,2025-04-28,28.0,13.1,17.2,,27.5,37.5,6.9,,,,0.0,
德州,jma_seamless,2025-04-25,3,2025-04-28,28.6,11.5,16.4,,27.5,29.0,7.7,,,,0.0,
德州,jma_seamless,2025-04-24,4,2025-04-28,27.1,12.1,16.2,,26.9,38.7,8.2,,,,0.0,
德州,jma_seamless,2025-04-23,5,2025-04-28,27.3,12.9,16.3,,26.4,25.4,7.6,,,,0.0,
德州,jma_seamless,2025-04-22,6,2025-04-28,27.5,13.6,16.6,,26.8,31.0,4.8,,,,0.0,
德州,jma_seamless,2025-04-21,7,2025-04-28,26.6,11.2,15.3,,,23.9,5.9,,,,0.0,
德州,jma_seamless,2025-04-28,1,2025-04-29,31.6,18.4,20.5,,30.0,26.2,13.3,,,,0.0,
德州,jma_seamless,2025-04-27,2,2025-04-29,31.6,18.0,20.2,,30.0,25.8,13.0,,,,0.0,
德州,jma_seamless,2025-04-26,3,2025-04-29,31.8,18.3,20.1,,29.9,22.5,14.0,,,,0.0,
德州,jma_seamless,2025-04-25,4,2025-04-29,30.7,17.2,19.4,,29.1,26.2,11.3,,,,0.0,
德州,jma_seamless,2025-04-24,5,2025-04-29,32.5,17.3,19.5,,30.4,19.1,11.9,,,,0.0,
德州,jma_seamless,2025-04-23,6,2025-04-29,32.8,15.8,19.1,,30.7,20.1,5.9,,,,0.0,
德州,jma_seamless,2025-04-22,7,2025-04-29,32.7,18.5,20.3,,31.0,24.8,13.2,,,,0.0,
德州,jma_seamless,2025-04-29,1,2025-04-30,30.2,21.4,21.0,,28.4,19.1,10.2,,,,5.4,
德州,jma_seamless,2025-04-28,2,2025-04-30,29.5,16.0,20.3,,28.3,29.8,7.4,,,,1.2,
德州,jma_seamless,2025-04-27,3,2025-04-30,28.6,18.5,20.3,,27.5,29.3,7.8,,,,0.0,
德州,jma_seamless,2025-04-26,4,2025-04-30,29.8,18.7,20.1,,28.5,28.5,8.5,,,,0.0,
德州,jma_seamless,2025-04-25,5,2025-04-30,33.8,18.5,21.0,,31.5,17.2,10.6,,,,0.0,
德州,jma_seamless,2025-04-24,6,2025-04-30,35.4,17.0,20.9,,32.9,13.7,10.3,,,,0.0,
德州,jma_seamless,2025-04-23,7,2025-04-30,34.5,20.6,21.8,,32.0,13.3,10.9,,,,0.0,
德州,jma_seamless,2025-04-30,1,2025-05-01,25.7,18.0,16.9,,,17.5,8.6,,,,0.0,
德州,jma_seamless,2025-04-29,2,2025-05-01,25.7,14.5,16.0,,,23.9,6.0,,,,0.0,
德州,jma_seamless,2025-04-28,3,2025-05-01,26.6,18.2,17.0,,,12.9,8.2,,,,0.0,
德州,jma_seamless,2025-04-27,4,2025-05-01,27.8,18.8,18.7,,26.6,18.4,6.4,,,,0.0,
德州,jma_seamless,2025-04-26,5,2025-05-01,25.5,18.2,17.3,,,16.2,10.1,,,,0.0,
德州,jma_seamless,2025-04-25,6,2025-05-01,27.4,20.9,19.1,,26.2,14.5,11.2,,,,0.0,
德州,jma_seamless,2025-04-24,7,2025-05-01,29.5,21.4,22.8,,28.0,24.1,7.3,,,,0.0,
德州,jma_seamless,2025-05-01,1,2025-05-02,27.2,14.5,16.4,,26.5,28.2,12.1,,,,0.6,
德州,jma_seamless,2025-04-30,2,2025-05-02,27.6,17.7,17.8,,26.5,20.5,11.3,,,,0.0,
德州,jma_seamless,2025-04-29,3,2025-05-02,27.5,17.5,17.2,,26.5,22.0,12.2,,,,0.0,
德州,jma_seamless,2025-04-28,4,2025-05-02,26.4,18.1,17.3,,,21.1,11.6,,,,0.0,
德州,jma_seamless,2025-04-27,5,2025-05-02,30.8,18.2,19.5,,28.8,16.7,9.5,,,,0.0,
德州,jma_seamless,2025-04-26,6,2025-05-02,30.1,19.1,19.4,,28.2,15.4,11.7,,,,0.0,
德州,jma_seamless,2025-04-25,7,2025-05-02,30.5,20.4,21.8,,28.8,23.2,11.4,,,,0.0,
德州,jma_seamless,2025-05-02,1,2025-05-03,22.8,14.0,13.7,,,22.2,8.7,,,,0.0,
德州,jma_seamless,2025-05-01,2,2025-05-03,23.2,14.3,14.2,,,21.1,9.7,,,,0.0,
德州,jma_seamless,2025-04-30,3,2025-05-03,23.1,15.3,14.6,,,23.0,10.3,,,,0.0,
德州,jma_seamless,2025-04-29,4,2025-05-03,23.7,15.1,14.6,,,20.8,12.4,,,,0.0,
德州,jma_seamless,2025-04-28,5,2025-05-03,24.6,14.9,15.2,,,14.5,11.7,,,,0.0,
德州,jma_seamless,2025-04-27,6,2025-05-03,24.1,14.7,15.6,,,14.7,9.4,,,,0.0,
德州,jma_seamless,2025-04-26,7,2025-05-03,25.0,15.3,16.2,,,22.4,8.5,,,,0.0,
德州,jma_seamless,2025-05-03,1,2025-05-04,24.8,14.7,15.9,,,21.5,8.7,,,,0.9,
德州,jma_seamless,2025-05-02,2,2025-05-04,25.1,14.1,15.6,,,18.8,8.2,,,,0.0,
德州,jma_seamless,2025-05-01,3,2025-05-04,26.7,15.0,16.7,,,23.0,12.0,,,,0.0,
德州,jma_seamless,2025-04-30,4,2025-05-04,26.1,14.5,16.6,,,19.7,8.8,,,,0.0,
德州,jma_seamless,2025-04-29,5,2025-05-04,25.5,11.5,15.7,,,20.3,1.6,,,,0.0,
德州,jma_seamless,2025-04-28,6,2025-05-04,26.5,12.5,15.8,,,21.8,5.3,,,,0.6,
德州,jma_seamless,2025-04-27,7,2025-05-04,26.7,14.3,16.1,,,19.1,6.3,,,,0.0,
德州,jma_seamless,2025-05-04,1,2025-05-05,26.9,14.8,17.9,,,58.9,11.0,,,,1.5,
德州,jma_seamless,2025-05-03,2,2025-05-05,29.3,16.8,19.3,,28.8,39.0,10.5,,,,0.6,
德州,jma_seamless,2025-05-02,3,2025-05-05,30.1,19.2,20.8,,28.6,26.3,11.0,,,,0.0,
德州,jma_seamless,2025-05-01,4,2025-05-05,29.6,18.7,19.6,,28.1,24.6,13.9,,,,0.0,
德州,jma_seamless,2025-04-30,5,2025-05-05,29.5,17.5,19.0,,28.1,26.0,11.5,,,,0.0,
德州,jma_seamless,2025-04-29,6,2025-05-05,23.6,18.7,18.1,,,31.2,9.0,,,,0.0,
德州,jma_seamless,2025-04-28,7,2025-05-05,26.6,17.4,18.8,,,29.4,8.7,,,,0.0,
德州,jma_seamless,2025-05-05,1,2025-05-06,20.0,13.9,15.6,,,64.6,7.0,,,,0.0,
德州,jma_seamless,2025-05-04,2,2025-05-06,20.0,14.7,16.0,,,63.3,9.5,,,,0.0,
德州,jma_seamless,2025-05-03,3,2025-05-06,21.4,14.9,16.0,,,52.6,10.9,,,,0.0,
德州,jma_seamless,2025-05-02,4,2025-05-06,22.5,16.2,16.2,,,42.0,11.5,,,,0.0,
德州,jma_seamless,2025-05-01,5,2025-05-06,23.3,16.1,16.8,,,38.2,8.9,,,,0.0,
德州,jma_seamless,2025-04-30,6,2025-05-06,21.2,17.2,17.0,,,46.5,9.9,,,,0.0,
德州,jma_seamless,2025-04-29,7,2025-05-06,25.5,14.6,17.1,,,45.4,6.1,,,,0.0,
德州,jma_seamless,2025-05-06,1,2025-05-07,22.4,14.6,16.5,,,,,,64.9,,0.0,0.0
德州,jma_seamless,2025-05-05,2,2025-05-07,23.0,13.3,17.6,,,,,,58.8,,0.9,0.0
德州,jma_seamless,2025-05-04,3,2025-05-07,23.5,13.8,18.0,,,,,,56.2,,0.0,0.0
德州,jma_seamless,2025-05-03,4,2025-05-07,23.3,14.3,16.6,,,,,,65.1,,0.0,0.0
德州,jma_seamless,2025-05-02,5,2025-05-07,20.8,13.9,14.4,,,,,,61.5,,2.4,0.0
德州,jma_seamless,2025-05-01,6,2025-05-07,25.3,16.2,18.4,,,,,,65.9,,0.0,0.0
德州,jma_seamless,2025-04-30,7,2025-05-07,26.5,14.8,17.7,,,,,,50.2,,0.0,0.0
德州,jma_seamless,2025-05-07,1,2025-05-08,25.1,19.7,21.5,,,,,,94.5,,0.0,0.0
德州,jma_seamless,2025-05-06,2,2025-05-08,24.1,18.0,21.2,,,,,,95.5,,5.1,0.0
德州,jma_seamless,2025-05-05,3,2025-05-08,25.8,18.9,22.0,,,,,,93.4,,4.8,0.0
德州,jma_seamless,2025-05-04,4,2025-05-08,28.1,20.9,22.6,,,,,,81.7,,0.0,0.0
德州,jma_seamless,2025-05-03,5,2025-05-08,25.0,15.0,19.7,,,,,,58.8,,1.2,0.0
德州,jma_seamless,2025-05-02,6,2025-05-08,30.8,19.7,22.2,,,,,,76.6,,0.0,0.0
德州,jma_seamless,2025-05-01,7,2025-05-08,29.6,19.5,21.2,,,,,,65.2,,0.0,0.0
德州,jma_seamless,2025-05-08,1,2025-05-09,19.5,12.9,16.2,,,,,,84.0,,7.5,0.0
德州,jma_seamless,2025-05-07,2,2025-05-09,17.4,13.0,15.8,,,,,,89.9,,14.4,0.0
德州,jma_seamless,2025-05-06,3,2025-05-09,20.1,13.0,17.6,,,,,,65.0,,5.1,0.0
德州,jma_seamless,2025-05-05,4,2025-05-09,23.7,18.2,19.7,,,,,,22.5,,0.6,0.0
德州,jma_seamless,2025-05-04,5,2025-05-09,27.0,16.8,19.9,,,,,,29.4,,0.6,0.0
德州,jma_seamless,2025-05-03,6,2025-05-09,24.6,13.8,18.0,,,,,,77.7,,12.9,0.0
德州,jma_seamless,2025-05-02,7,2025-05-09,23.1,17.7,20.2,,,,,,30.7,,0.0,0.0
德州,jma_seamless,2025-05-09,1,2025-05-10,24.3,12.3,14.8,,,,,,70.6,,0.9,0.0
德州,jma_seamless,2025-05-08,2,2025-05-10,24.9,12.4,15.5,,,,,,70.5,,1.2,0.0
德州,jma_seamless,2025-05-07,3,2025-05-10,25.6,12.4,15.8,,,,,,55.4,,0.3,0.0
德州,jma_seamless,2025-05-06,4,2025-05-10,25.0,17.8,16.2,,,,,,11.3,,0.0,0.0
德州,jma_seamless,2025-05-05,5,2025-05-10,27.1,19.4,18.1,,,,,,6.9,,0.0,0.0
德州,jma_seamless,2025-05-04,6,2025-05-10,28.4,14.0,18.0,,,,,,19.0,,0.3,0.0
德州,jma_seamless,2025-05-03,7,2025-05-10,31.4,16.6,18.4,,,,,,30.7,,0.0,0.0
德州,jma_seamless,2025-05-10,1,2025-05-11,30.9,16.0,18.9,,,,,,3.0,,0.0,0.0
德州,jma_seamless,2025-05-09,2,2025-05-11,31.1,15.5,18.8,,,,,,6.3,,0.0,0.0
德州,jma_seamless,2025-05-08,3,2025-05-11,30.1,15.4,18.9,,,,,,18.2,,0.0,0.0
德州,jma_seamless,2025-05-07,4,2025-05-11,30.9,16.6,19.0,,,,,,6.0,,0.0,0.0
德州,jma_seamless,2025-05-06,5,2025-05-11,31.7,18.3,21.2,,,,,,12.0,,0.0,0.0
德州,jma_seamless,2025-05-05,6,2025-05-11,34.7,20.4,21.4,,,,,,8.6,,0.0,0.0
德州,jma_seamless,2025-05-04,7,2025-05-11,35.6,16.6,21.7,,,,,,6.5,,0.0,0.0
德州,jma_seamless,2025-05-11,1,2025-05-12,33.9,21.4,23.4,,,,,,39.5,,0.0,0.0
德州,jma_seamless,2025-05-10,2,2025-05-12,34.3,20.6,23.3,,,,,,33.1,,0.0,0.0
德州,jma_seamless,2025-05-09,3,2025-05-12,34.4,21.9,23.2,,,,,,31.2,,0.0,0.0
德州,jma_seamless,2025-05-08,4,2025-05-12,35.2,20.7,23.0,,,,,,27.7,,0.0,0.0
德州,jma_seamless,2025-05-07,5,2025-05-12,34.4,21.9,24.3,,,,,,33.2,,0.0,0.0
德州,jma_seamless,2025-05-06,6,2025-05-12,35.7,20.0,24.1,,,,,,48.9,,0.0,0.0
德州,jma_seamless,2025-05-05,7,2025-05-12,35.3,24.1,25.4,,,,,,21.5,,0.0,0.0
德州,jma_seamless,2025-05-12,1,2025-05-13,32.7,25.3,26.2,,,,,,50.7,,0.0,0.0
德州,jma_seamless,2025-05-11,2,2025-05-13,34.0,25.4,26.5,,,,,,53.7,,0.0,0.0
德州,jma_seamless,2025-05-10,3,2025-05-13,33.7,24.9,26.1,,,,,,31.1,,0.0,0.0
德州,jma_seamless,2025-05-09,4,2025-05-13,33.6,24.7,26.2,,,,,,45.8,,0.0,0.0
德州,jma_seamless,2025-05-08,5,2025-05-13,33.2,25.1,25.8,,,,,,73.7,,0.0,0.0
德州,jma_seamless,2025-05-07,6,2025-05-13,32.1,25.3,25.8,,,,,,76.4,,0.0,0.0
德州,jma_seamless,2025-05-06,7,2025-05-13,35.2,26.1,26.3,,,,,,56.6,,0.0,0.0
德州,jma_seamless,2025-05-13,1,2025-05-14,26.0,17.3,23.3,,,,,,37.9,,0.0,0.0
德州,jma_seamless,2025-05-12,2,2025-05-14,26.5,17.7,22.7,,,,,,40.9,,0.0,0.0
德州,jma_seamless,2025-05-11,3,2025-05-14,31.2,21.5,25.1,,,,,,78.5,,0.0,0.0
德州,jma_seamless,2025-05-10,4,2025-05-14,32.1,23.7,26.1,,,,,,67.5,,0.0,0.0
德州,jma_seamless,2025-05-09,5,2025-05-14,31.4,21.3,25.4,,,,,,39.0,,0.0,0.0
德州,jma_seamless,2025-05-08,6,2025-05-14,33.5,21.2,25.7,,,,,,18.2,,0.0,0.0
德州,jma_seamless,2025-05-07,7,2025-05-14,34.5,24.7,27.4,,,,,,36.3,,0.0,0.0
德州,jma_seamless,2025-05-14,1,2025-05-15,29.1,15.0,20.7,,,,,,56.1,,0.0,0.0
德州,jma_seamless,2025-05-13,2,2025-05-15,28.7,15.3,20.3,,,,,,42.9,,0.0,0.0
德州,jma_seamless,2025-05-12,3,2025-05-15,30.5,18.2,21.6,,,,,,41.8,,0.0,0.0
德州,jma_seamless,2025-05-11,4,2025-05-15,30.5,19.4,22.8,,,,,,31.7,,0.0,0.0
德州,jma_seamless,2025-05-10,5,2025-05-15,32.7,17.8,23.5,,,,,,15.6,,0.0,0.0
德州,jma_seamless,2025-05-09,6,2025-05-15,32.3,20.3,23.4,,,,,,39.5,,0.0,0.0
德州,jma_seamless,2025-05-08,7,2025-05-15,32.5,22.3,27.9,,,,,,80.4,,0.0,0.0
德州,jma_seamless,2025-05-15,1,2025-05-16,29.6,21.0,25.0,,,,,,26.4,,0.0,0.0
德州,jma_seamless,2025-05-14,2,2025-05-16,30.7,20.8,25.2,,,,,,40.5,,0.0,0.0
德州,jma_seamless,2025-05-13,3,2025-05-16,32.5,20.9,24.1,,,,,,36.4,,0.0,0.0
德州,jma_seamless,2025-05-12,4,2025-05-16,30.6,21.8,25.8,,,,,,37.5,,0.0,0.0
德州,jma_seamless,2025-05-11,5,2025-05-16,35.9,23.7,27.4,,,,,,5.5,,0.0,0.0
德州,jma_seamless,2025-05-10,6,2025-05-16,33.9,22.8,26.8,,,,,,15.7,,0.0,0.0
德州,jma_seamless,2025-05-09,7,2025-05-16,31.3,22.7,27.1,,,,,,43.7,,0.0,0.0
德州,jma_seamless,2025-05-16,1,2025-05-17,28.1,17.0,19.3,,,,,,4.2,,0.0,0.0
德州,jma_seamless,2025-05-15,2,2025-05-17,27.4,18.3,20.0,,,,,,15.2,,0.0,0.0
德州,jma_seamless,2025-05-14,3,2025-05-17,27.2,18.5,20.7,,,,,,14.5,,0.0,0.0
德州,jma_seamless,2025-05-13,4,2025-05-17,28.8,18.5,22.4,,,,,,19.6,,0.0,0.0
德州,jma_seamless,2025-05-12,5,2025-05-17,33.8,20.2,26.3,,,,,,39.0,,0.0,0.0
德州,jma_seamless,2025-05-11,6,2025-05-17,37.5,24.3,28.6,,,,,,45.5,,0.3,0.0
德州,jma_seamless,2025-05-10,7,2025-05-17,30.5,24.7,27.9,,,,,,65.8,,0.0,0.0
德州,jma_seamless,2025-05-17,1,2025-05-18,28.5,16.9,18.6,,,,,,29.8,,0.0,0.0
德州,jma_seamless,2025-05-16,2,2025-05-18,29.5,18.4,19.7,,,,,,19.9,,0.0,0.0
德州,jma_seamless,2025-05-15,3,2025-05-18,30.1,17.3,19.5,,,,,,0.0,,0.0,0.0
德州,jma_seamless,2025-05-14,4,2025-05-18,30.3,16.9,19.4,,,,,,10.5,,0.0,0.0
德州,jma_seamless,2025-05-13,5,2025-05-18,29.2,18.0,19.7,,,,,,8.7,,0.0,0.0
德州,jma_seamless,2025-05-12,6,2025-05-18,24.5,19.0,21.6,,,,,,69.3,,2.7,0.0
德州,jma_seamless,2025-05-11,7,2025-05-18,28.1,22.0,23.8,,,,,,41.7,,0.3,0.0
德州,jma_seamless,2025-05-18,1,2025-05-19,37.1,23.4,27.7,,,,,,7.5,,0.0,0.0
德州,jma_seamless,2025-05-17,2,2025-05-19,39.0,23.5,28.1,,,,,,0.0,,0.0,0.0
德州,jma_seamless,2025-05-16,3,2025-05-19,37.5,23.8,27.3,,,,,,0.2,,0.0,0.0
德州,jma_seamless,2025-05-15,4,2025-05-19,37.7,24.8,27.6,,,,,,1.5,,0.0,0.0
德州,jma_seamless,2025-05-14,5,2025-05-19,36.3,25.3,26.5,,,,,,2.1,,0.0,0.0
德州,jma_seamless,2025-05-13,6,2025-05-19,38.4,24.3,28.0,,,,,,0.0,,0.0,0.0
德州,jma_seamless,2025-05-12,7,2025-05-19,27.8,18.9,23.8,,,,,,43.1,,2.1,0.0
德州,jma_seamless,2025-05-19,1,2025-05-20,39.1,28.8,32.4,,,,,,0.0,,0.0,0.0
德州,jma_seamless,2025-05-18,2,2025-05-20,40.0,29.0,32.1,,,,,,0.7,,0.0,0.0
德州,jma_seamless,2025-05-17,3,2025-05-20,39.6,25.3,30.7,,,,,,2.9,,0.0,0.0
德州,jma_seamless,2025-05-16,4,2025-05-20,37.3,24.1,30.3,,,,,,2.6,,0.0,0.0
德州,jma_seamless,2025-05-15,5,2025-05-20,36.3,24.6,28.4,,,,,,9.0,,0.0,0.0
德州,jma_seamless,2025-05-14,6,2025-05-20,38.4,27.4,31.3,,,,,,0.0,,0.0,0.0
德州,jma_seamless,2025-05-13,7,2025-05-20,32.0,22.0,25.0,,,,,,0.1,,0.0,0.0
德州,ecmwf_ifs025,2025-05-20,1,2025-05-21,29.7,21.8,26.2,,29.9,45.1,18.0,,,,,
德州,ecmwf_ifs025,2025-05-19,2,2025-05-21,30.1,21.9,26.0,,30.4,44.5,18.6,,,,,
德州,ecmwf_ifs025,2025-05-18,3,2025-05-21,28.9,21.2,25.2,,29.4,48.5,19.4,,,,,
德州,ecmwf_ifs025,2025-05-17,4,2025-05-21,32.6,23.1,27.1,,34.0,43.8,17.7,,,,,
德州,ecmwf_ifs025,2025-05-16,5,2025-05-21,33.0,22.3,25.5,,33.7,39.8,15.2,,,,,
德州,ecmwf_ifs025,2025-05-15,6,2025-05-21,29.2,20.3,20.3,,28.8,40.3,18.0,,,,,
德州,ecmwf_ifs025,2025-05-14,7,2025-05-21,28.8,20.0,22.6,,28.5,41.4,14.7,,,,,
德州,gfs_seamless,2025-05-20,1,2025-05-21,33.2,22.2,27.5,,34.2,40.5,21.4,56.2,15.8,,,
德州,gfs_seamless,2025-05-19,2,2025-05-21,34.4,21.7,27.7,,37.0,43.1,25.3,55.1,30.8,,,
德州,gfs_seamless,2025-05-18,3,2025-05-21,32.1,21.6,26.0,,32.8,41.8,26.2,60.8,54.5,,,
德州,gfs_seamless,2025-05-17,4,2025-05-21,31.0,19.3,23.2,,31.8,45.5,26.4,50.4,52.0,,,
德州,gfs_seamless,2025-05-16,5,2025-05-21,32.0,18.7,21.4,,31.2,33.2,22.5,48.6,28.6,,,
德州,gfs_seamless,2025-05-15,6,2025-05-21,32.7,20.1,24.5,,34.4,45.1,14.6,48.6,63.1,,,
德州,gfs_seamless,2025-05-14,7,2025-05-21,36.8,18.7,26.1,,39.3,36.0,14.3,68.8,51.2,,,
德州,jma_seamless,2025-05-20,1,2025-05-21,30.3,20.5,26.5,,33.6,60.9,11.1,,40.8,,3.0,0.0
德州,jma_seamless,2025-05-19,2,2025-05-21,31.0,20.8,26.7,,35.8,63.6,11.5,,48.0,,1.8,0.0
德州,jma_seamless,2025-05-18,3,2025-05-21,31.6,21.6,28.2,,33.5,49.5,13.2,,44.5,,0.0,0.0
德州,jma_seamless,2025-05-17,4,2025-05-21,33.2,21.8,27.8,,34.8,43.0,15.2,,35.8,,0.6,0.0
德州,jma_seamless,2025-05-16,5,2025-05-21,35.7,20.4,28.6,,40.0,44.2,15.6,,45.8,,0.9,0.0
德州,jma_seamless,2025-05-15,6,2025-05-21,40.2,22.1,31.3,,48.3,39.1,13.2,,17.9,,0.0,0.0
德州,jma_seamless,2025-05-14,7,2025-05-21,34.1,22.8,26.9,,39.7,53.1,12.1,,66.0,,4.5,0.0
德州,ecmwf_ifs025,2025-05-21,1,2025-05-22,26.8,15.6,18.0,,,34.4,17.6,,,,,
德州,ecmwf_ifs025,2025-05-20,2,2025-05-22,27.8,19.7,18.9,,26.8,26.5,16.1,,,,,
德州,ecmwf_ifs025,2025-05-19,3,2025-05-22,24.9,19.0,17.5,,,31.1,19.7,,,,,
德州,ecmwf_ifs025,2025-05-18,4,2025-05-22,27.2,20.9,19.6,,26.3,24.3,17.5,,,,,
德州,ecmwf_ifs025,2025-05-17,5,2025-05-22,28.1,15.9,18.7,,27.1,27.9,16.1,,,,,
德州,ecmwf_ifs025,2025-05-16,6,2025-05-22,28.7,20.1,20.2,,27.4,25.4,13.7,,,,,
德州,ecmwf_ifs025,2025-05-15,7,2025-05-22,31.0,19.8,21.4,,29.2,22.9,12.1,,,,,
德州,gfs_seamless,2025-05-21,1,2025-05-22,30.6,19.9,19.3,,28.9,24.5,25.0,51.1,98.8,,,
德州,gfs_seamless,2025-05-20,2,2025-05-22,29.7,18.6,18.3,,29.1,38.0,26.5,52.9,95.9,,,
德州,gfs_seamless,2025-05-19,3,2025-05-22,24.0,14.9,16.8,,,49.1,26.3,54.7,94.5,,,
德州,gfs_seamless,2025-05-18,4,2025-05-22,30.6,18.2,19.4,,28.9,23.4,21.2,48.6,70.3,,,
德州,gfs_seamless,2025-05-17,5,2025-05-22,33.4,18.0,21.1,,31.3,20.0,21.2,61.6,70.9,,,
德州,gfs_seamless,2025-05-16,6,2025-05-22,31.3,18.0,19.8,,30.1,30.6,21.6,40.3,66.2,,,
德州,gfs_seamless,2025-05-15,7,2025-05-22,28.9,16.7,19.9,,30.4,57.0,22.3,44.3,79.7,,,
德州,jma_seamless,2025-05-21,1,2025-05-22,28.8,19.8,19.8,,27.5,24.9,12.7,,84.2,,0.0,0.0
德州,jma_seamless,2025-05-20,2,2025-05-22,28.2,20.3,20.2,,27.2,29.5,13.5,,80.7,,0.0,0.0
德州,jma_seamless,2025-05-19,3,2025-05-22,29.7,20.9,20.3,,28.2,25.0,13.8,,87.2,,0.0,0.0
德州,jma_seamless,2025-05-18,4,2025-05-22,28.4,21.4,20.7,,27.1,23.3,12.3,,62.7,,0.0,0.0
德州,jma_seamless,2025-05-17,5,2025-05-22,27.9,20.5,21.3,,27.1,32.4,10.4,,68.8,,0.9,0.0
德州,jma_seamless,2025-05-16,6,2025-05-22,29.9,20.3,22.2,,29.8,42.1,13.0,,66.2,,0.0,0.0
德州,jma_seamless,2025-05-15,7,2025-05-22,30.9,22.4,23.8,,30.6,38.3,14.6,,81.8,,0.3,0.0
德州,ecmwf_ifs025,2025-05-22,1,2025-05-23,21.1,14.2,15.1,,,59.6,13.3,,,,,
德州,ecmwf_ifs025,2025-05-21,2,2025-05-23,24.0,17.0,16.9,,,44.6,15.1,,,,,
德州,ecmwf_ifs025,2025-05-20,3,2025-05-23,23.5,17.3,17.6,,,41.1,12.9,,,,,
德州,ecmwf_ifs025,2025-05-19,4,2025-05-23,26.2,15.2,18.6,,,49.5,10.9,,,,,
德州,ecmwf_ifs025,2025-05-18,5,2025-05-23,23.2,14.1,17.0,,,62.1,9.8,,,,,
德州,ecmwf_ifs025,2025-05-17,6,2025-05-23,23.3,15.4,17.3,,,50.8,9.5,,,,,
德州,ecmwf_ifs025,2025-05-16,7,2025-05-23,26.1,15.8,19.7,,,48.5,8.7,,,,,
德州,gfs_seamless,2025-05-22,1,2025-05-23,24.4,14.6,15.8,,,48.0,13.8,39.6,83.6,,,
德州,gfs_seamless,2025-05-21,2,2025-05-23,25.6,16.0,16.1,,,43.7,19.1,41.4,92.1,,,
德州,gfs_seamless,2025-05-20,3,2025-05-23,22.1,14.4,14.9,,,60.4,14.7,39.6,94.3,,,
德州,gfs_seamless,2025-05-19,4,2025-05-23,27.8,15.2,19.3,,27.7,43.7,9.6,30.2,54.6,,,
德州,gfs_seamless,2025-05-18,5,2025-05-23,26.6,18.1,18.7,,,34.0,9.7,33.5,93.8,,,
德州,gfs_seamless,2025-05-17,6,2025-05-23,28.6,15.7,17.9,,28.3,41.5,11.4,41.8,73.7,,,
德州,gfs_seamless,2025-05-16,7,2025-05-23,23.5,14.2,14.9,,,51.9,15.4,42.1,95.4,,,
德州,jma_seamless,2025-05-22,1,2025-05-23,22.3,16.0,17.1,,,42.7,10.5,,66.4,,0.0,0.0
德州,jma_seamless,2025-05-21,2,2025-05-23,25.8,20.8,19.4,,,28.8,11.3,,83.1,,0.0,0.0
德州,jma_seamless,2025-05-20,3,2025-05-23,27.5,19.4,20.3,,27.0,35.3,8.0,,52.7,,0.0,0.0
德州,jma_seamless,2025-05-19,4,2025-05-23,26.4,20.8,20.8,,,29.7,7.6,,71.8,,0.0,0.0
德州,jma_seamless,2025-05-18,5,2025-05-23,31.1,19.1,22.4,,30.5,36.2,4.8,,37.1,,0.0,0.0
德州,jma_seamless,2025-05-17,6,2025-05-23,30.6,20.2,22.2,,29.3,30.2,4.0,,59.2,,0.0,0.0
德州,jma_seamless,2025-05-16,7,2025-05-23,28.4,20.8,21.5,,27.3,28.1,6.9,,72.2,,0.0,0.0
德州,ecmwf_ifs025,2025-05-23,1,2025-05-24,26.6,11.8,17.8,,,50.2,8.4,,,,,
德州,ecmwf_ifs025,2025-05-22,2,2025-05-24,27.4,13.1,18.5,,27.3,42.9,8.9,,,,,
德州,ecmwf_ifs025,2025-05-21,3,2025-05-24,26.9,16.2,19.3,,,39.1,8.7,,,,,
德州,ecmwf_ifs025,2025-05-20,4,2025-05-24,28.4,16.9,20.3,,28.0,39.5,6.2,,,,,
德州,ecmwf_ifs025,2025-05-19,5,2025-05-24,28.5,15.9,20.6,,27.9,37.7,6.2,,,,,
德州,ecmwf_ifs025,2025-05-18,6,2025-05-24,27.9,14.8,19.7,,28.2,48.0,6.8,,,,,
德州,ecmwf_ifs025,2025-05-17,7,2025-05-24,26.5,13.7,19.3,,,51.9,6.1,,,,,
德州,gfs_seamless,2025-05-23,1,2025-05-24,29.1,12.4,18.8,,28.2,34.4,12.0,24.5,12.2,,,
德州,gfs_seamless,2025-05-22,2,2025-05-24,29.1,15.1,19.9,,28.3,35.3,9.7,20.2,38.6,,,
德州,gfs_seamless,2025-05-21,3,2025-05-24,28.3,14.8,19.8,,27.6,35.2,10.3,29.2,21.8,,,
德州,gfs_seamless,2025-05-20,4,2025-05-24,30.9,15.8,20.3,,29.4,26.7,11.9,33.8,0.4,,,
德州,gfs_seamless,2025-05-19,5,2025-05-24,32.3,17.0,22.2,,30.9,27.9,12.7,55.8,7.1,,,
德州,gfs_seamless,2025-05-18,6,2025-05-24,29.8,15.4,20.8,,29.0,35.0,12.1,42.8,39.0,,,
德州,gfs_seamless,2025-05-17,7,2025-05-24,32.4,13.2,20.2,,33.7,44.0,11.2,34.6,37.5,,,
德州,jma_seamless,2025-05-23,1,2025-05-24,28.4,15.6,19.1,,28.0,39.2,6.5,,4.6,,0.0,0.0
德州,jma_seamless,2025-05-22,2,2025-05-24,26.3,17.7,19.3,,,34.5,7.0,,22.7,,0.0,0.0
德州,jma_seamless,2025-05-21,3,2025-05-24,27.0,17.6,20.2,,26.8,39.7,5.4,,7.5,,0.0,0.0
德州,jma_seamless,2025-05-20,4,2025-05-24,29.1,18.5,21.2,,27.9,29.5,3.0,,28.9,,0.0,0.0
德州,jma_seamless,2025-05-19,5,2025-05-24,29.9,18.5,20.9,,28.6,28.9,5.3,,33.0,,0.0,0.0
德州,jma_seamless,2025-05-18,6,2025-05-24,33.1,19.4,22.6,,31.9,28.6,6.8,,10.9,,0.0,0.0
德州,jma_seamless,2025-05-17,7,2025-05-24,31.1,19.4,21.9,,29.5,25.8,8.7,,17.9,,0.0,0.0
德州,ecmwf_ifs025,2025-05-24,1,2025-05-25,27.8,15.4,19.5,,27.6,41.8,13.9,,,,,
德州,ecmwf_ifs025,2025-05-23,2,2025-05-25,28.1,15.6,19.8,,27.9,41.7,12.7,,,,,
德州,ecmwf_ifs025,2025-05-22,3,2025-05-25,28.8,14.3,19.5,,28.3,38.2,12.8,,,,,
德州,ecmwf_ifs025,2025-05-21,4,2025-05-25,29.8,14.4,21.1,,29.6,41.5,10.8,,,,,
德州,ecmwf_ifs025,2025-05-20,5,2025-05-25,31.0,15.2,22.2,,30.7,38.5,7.1,,,,,
德州,ecmwf_ifs025,2025-05-19,6,2025-05-25,28.4,17.8,20.2,,27.7,35.8,9.1,,,,,
德州,ecmwf_ifs025,2025-05-18,7,2025-05-25,30.3,18.1,21.8,,29.2,32.0,9.1,,,,,
德州,gfs_seamless,2025-05-24,1,2025-05-25,33.5,16.9,21.1,,31.2,17.1,16.2,38.5,73.4,,,
德州,gfs_seamless,2025-05-23,2,2025-05-25,33.4,17.4,21.6,,31.1,17.0,14.7,40.7,71.0,,,
德州,gfs_seamless,2025-05-22,3,2025-05-25,33.9,16.9,21.9,,32.1,22.1,16.9,41.0,67.5,,,
德州,gfs_seamless,2025-05-21,4,2025-05-25,34.0,17.7,22.3,,31.9,19.1,15.4,45.7,53.5,,,
德州,gfs_seamless,2025-05-20,5,2025-05-25,36.2,20.6,23.3,,34.2,18.3,20.1,61.2,19.2,,,
德州,gfs_seamless,2025-05-19,6,2025-05-25,33.3,19.7,22.0,,31.5,22.7,16.9,43.9,81.6,,,
德州,gfs_seamless,2025-05-18,7,2025-05-25,30.2,17.0,21.4,,30.2,42.5,16.3,42.8,60.0,,,
德州,jma_seamless,2025-05-24,1,2025-05-25,31.5,20.0,21.5,,29.6,22.2,10.2,,49.3,,0.0,0.0
德州,jma_seamless,2025-05-23,2,2025-05-25,32.5,20.0,22.1,,30.7,23.1,10.1,,28.1,,0.0,0.0
德州,jma_seamless,2025-05-22,3,2025-05-25,30.8,18.9,21.8,,29.5,29.8,9.3,,1.0,,0.0,0.0
德州,jma_seamless,2025-05-21,4,2025-05-25,31.4,20.7,22.6,,30.2,30.5,8.4,,16.1,,0.0,0.0
德州,jma_seamless,2025-05-20,5,2025-05-25,26.3,17.6,20.6,,,34.4,8.7,,58.7,,0.0,0.0
德州,jma_seamless,2025-05-19,6,2025-05-25,29.6,20.6,22.0,,28.4,30.2,8.3,,58.2,,0.0,0.0
德州,jma_seamless,2025-05-18,7,2025-05-25,31.4,17.3,22.4,,30.6,34.0,10.9,,72.8,,0.0,0.0
德州,ecmwf_ifs025,2025-05-25,1,2025-05-26,28.7,14.8,21.2,,28.8,45.7,9.0,,,,,
德州,ecmwf_ifs025,2025-05-24,2,2025-05-26,28.5,14.9,21.1,,29.1,50.7,9.9,,,,,
德州,ecmwf_ifs025,2025-05-23,3,2025-05-26,28.7,14.9,21.2,,29.0,47.1,9.7,,,,,
德州,ecmwf_ifs025,2025-05-22,4,2025-05-26,29.4,16.3,21.5,,29.5,44.3,11.0,,,,,
德州,ecmwf_ifs025,2025-05-21,5,2025-05-26,30.7,17.6,23.3,,30.3,38.6,10.3,,,,,
德州,ecmwf_ifs025,2025-05-20,6,2025-05-26,31.5,20.7,23.4,,30.5,32.4,10.0,,,,,
德州,ecmwf_ifs025,2025-05-19,7,2025-05-26,30.2,20.8,23.4,,29.3,34.7,7.8,,,,,
德州,gfs_seamless,2025-05-25,1,2025-05-26,32.4,18.4,22.7,,30.6,22.9,13.6,47.5,49.2,,,
德州,gfs_seamless,2025-05-24,2,2025-05-26,33.4,18.8,23.4,,31.5,21.7,13.1,56.9,50.6,,,
德州,gfs_seamless,2025-05-23,3,2025-05-26,33.8,19.5,24.1,,31.9,21.4,12.3,40.0,34.8,,,
德州,gfs_seamless,2025-05-22,4,2025-05-26,32.6,18.6,22.6,,31.1,26.5,16.5,48.2,75.9,,,
德州,gfs_seamless,2025-05-21,5,2025-05-26,34.4,19.4,23.1,,32.8,23.9,17.5,54.0,51.4,,,
德州,gfs_seamless,2025-05-20,6,2025-05-26,35.3,20.0,23.1,,33.5,21.0,20.9,48.6,50.8,,,
德州,gfs_seamless,2025-05-19,7,2025-05-26,34.0,20.1,23.4,,32.5,25.1,18.4,51.8,10.0,,,
德州,jma_seamless,2025-05-25,1,2025-05-26,30.7,20.5,22.3,,29.4,30.1,10.8,,31.2,,0.0,0.0
德州,jma_seamless,2025-05-24,2,2025-05-26,30.9,21.6,22.6,,29.4,27.5,9.8,,38.2,,0.0,0.0
德州,jma_seamless,2025-05-23,3,2025-05-26,32.7,21.0,23.4,,31.5,28.6,9.7,,2.7,,0.0,0.0
德州,jma_seamless,2025-05-22,4,2025-05-26,31.5,21.2,23.4,,30.6,33.0,10.0,,18.7,,0.0,0.0
德州,jma_seamless,2025-05-21,5,2025-05-26,32.9,21.5,24.2,,31.9,30.4,8.1,,11.8,,0.0,0.0
德州,jma_seamless,2025-05-20,6,2025-05-26,25.5,17.7,21.4,,,57.6,6.0,,17.0,,1.2,0.0
德州,jma_seamless,2025-05-19,7,2025-05-26,31.6,16.6,23.5,,33.4,48.9,6.4,,22.5,,0.0,0.0
德州,ecmwf_ifs025,2025-05-26,1,2025-05-27,30.9,17.1,22.9,,31.4,44.3,10.4,,,,,
德州,ecmwf_ifs025,2025-05-25,2,2025-05-27,31.2,17.7,23.0,,31.3,40.8,12.0,,,,,
德州,ecmwf_ifs025,2025-05-24,3,2025-05-27,30.7,17.8,23.0,,31.3,44.9,14.7,,,,,
德州,ecmwf_ifs025,2025-05-23,4,2025-05-27,30.9,18.8,23.0,,30.9,41.1,15.0,,,,,
德州,ecmwf_ifs025,2025-05-22,5,2025-05-27,31.1,16.3,22.7,,32.3,47.6,13.6,,,,,
德州,ecmwf_ifs025,2025-05-21,6,2025-05-27,31.9,23.3,23.9,,31.7,37.5,19.4,,,,,
德州,ecmwf_ifs025,2025-05-20,7,2025-05-27,34.3,22.3,25.4,,35.1,36.8,13.0,,,,,
德州,gfs_seamless,2025-05-26,1,2025-05-27,33.4,18.6,23.6,,32.2,28.1,16.8,53.3,0.4,,,
德州,gfs_seamless,2025-05-25,2,2025-05-27,34.3,18.8,23.9,,32.9,25.2,17.4,53.6,1.5,,,
德州,gfs_seamless,2025-05-24,3,2025-05-27,36.3,21.5,24.8,,35.1,23.0,20.6,56.2,24.7,,,
德州,gfs_seamless,2025-05-23,4,2025-05-27,36.9,19.3,25.3,,35.8,22.7,16.2,56.5,11.0,,,
德州,gfs_seamless,2025-05-22,5,2025-05-27,33.6,21.0,23.0,,32.1,25.5,20.1,52.9,38.8,,,
德州,gfs_seamless,2025-05-21,6,2025-05-27,35.2,16.9,22.8,,34.4,27.2,20.9,47.2,25.1,,,
德州,gfs_seamless,2025-05-20,7,2025-05-27,35.0,20.6,23.5,,33.8,25.6,22.1,55.4,40.0,,,
德州,jma_seamless,2025-05-26,1,2025-05-27,31.8,20.0,23.6,,32.0,40.3,9.2,,0.0,,0.0,0.0
德州,jma_seamless,2025-05-25,2,2025-05-27,32.6,20.1,23.8,,32.7,37.3,8.7,,0.0,,0.0,0.0
德州,jma_seamless,2025-05-24,3,2025-05-27,32.5,20.8,23.6,,31.7,31.9,10.1,,0.0,,0.0,0.0
德州,jma_seamless,2025-05-23,4,2025-05-27,34.0,22.2,24.4,,33.1,29.1,11.3,,3.1,,0.0,0.0
德州,jma_seamless,2025-05-22,5,2025-05-27,35.5,23.0,25.6,,36.0,32.6,13.5,,5.7,,0.0,0.0
德州,jma_seamless,2025-05-21,6,2025-05-27,35.0,20.0,25.4,,35.6,33.9,10.1,,5.9,,0.0,0.0
德州,jma_seamless,2025-05-20,7,2025-05-27,30.7,19.9,23.0,,30.6,40.8,9.3,,24.3,,0.0,0.0
德州,ecmwf_ifs025,2025-05-27,1,2025-05-28,31.8,18.2,24.6,,32.5,42.9,8.7,,,,,
德州,ecmwf_ifs025,2025-05-26,2,2025-05-28,32.2,17.7,24.8,,34.0,46.8,9.2,,,,,
德州,ecmwf_ifs025,2025-05-25,3,2025-05-28,32.2,19.0,24.3,,32.5,39.4,11.1,,,,,
德州,ecmwf_ifs025,2025-05-24,4,2025-05-28,31.3,17.6,23.6,,31.7,42.3,11.4,,,,,
德州,ecmwf_ifs025,2025-05-23,5,2025-05-28,31.4,19.9,23.5,,30.8,35.3,13.8,,,,,
德州,ecmwf_ifs025,2025-05-22,6,2025-05-28,31.5,21.7,24.1,,31.8,41.5,13.6,,,,,
德州,ecmwf_ifs025,2025-05-21,7,2025-05-28,32.6,21.1,25.0,,33.8,43.1,14.0,,,,,
德州,gfs_seamless,2025-05-27,1,2025-05-28,34.3,20.5,25.1,,33.0,26.0,15.7,52.6,13.2,,,
德州,gfs_seamless,2025-05-26,2,2025-05-28,34.3,20.2,24.7,,33.0,25.9,18.2,55.1,10.8,,,
德州,gfs_seamless,2025-05-25,3,2025-05-28,35.6,21.6,25.5,,34.4,24.2,19.3,59.0,12.7,,,
德州,gfs_seamless,2025-05-24,4,2025-05-28,36.9,23.7,26.2,,35.5,21.3,21.3,63.7,39.5,,,
德州,gfs_seamless,2025-05-23,5,2025-05-28,37.7,20.7,25.7,,36.9,22.6,19.5,52.9,15.0,,,
德州,gfs_seamless,2025-05-22,6,2025-05-28,33.7,22.1,24.2,,32.4,26.6,20.7,61.6,5.5,,,
德州,gfs_seamless,2025-05-21,7,2025-05-28,35.5,20.5,24.7,,34.4,25.0,20.1,57.2,0.2,,,
德州,jma_seamless,2025-05-27,1,2025-05-28,32.8,21.2,25.2,,33.5,40.2,6.6,,0.0,,0.0,0.0
德州,jma_seamless,2025-05-26,2,2025-05-28,32.6,21.8,25.4,,33.4,41.1,6.7,,0.0,,0.0,0.0
德州,jma_seamless,2025-05-25,3,2025-05-28,33.4,21.9,25.2,,33.3,34.5,8.2,,0.0,,0.0,0.0
德州,jma_seamless,2025-05-24,4,2025-05-28,33.2,22.3,25.2,,32.7,32.6,8.3,,0.0,,0.0,0.0
德州,jma_seamless,2025-05-23,5,2025-05-28,33.7,23.3,24.8,,32.7,28.5,11.3,,0.0,,0.0,0.0
德州,jma_seamless,2025-05-22,6,2025-05-28,35.6,24.5,26.5,,35.3,29.1,12.2,,0.0,,0.0,0.0
德州,jma_seamless,2025-05-21,7,2025-05-28,35.6,21.7,25.3,,34.9,27.1,9.4,,19.2,,0.0,0.0
德州,ecmwf_ifs025,2025-05-28,1,2025-05-29,31.8,19.5,24.4,,31.9,39.3,11.8,,,,,
德州,ecmwf_ifs025,2025-05-27,2,2025-05-29,32.4,19.7,25.0,,33.0,40.6,11.9,,,,,
德州,ecmwf_ifs025,2025-05-26,3,2025-05-29,32.7,19.9,25.4,,33.5,40.7,13.1,,,,,
德州,ecmwf_ifs025,2025-05-25,4,2025-05-29,32.1,19.3,24.5,,32.0,37.7,13.7,,,,,
德州,ecmwf_ifs025,2025-05-24,5,2025-05-29,31.9,20.5,23.9,,31.0,32.6,14.7,,,,,
德州,ecmwf_ifs025,2025-05-23,6,2025-05-29,32.4,20.4,23.6,,32.0,34.9,15.8,,,,,
德州,ecmwf_ifs025,2025-05-22,7,2025-05-29,32.6,20.7,24.7,,32.6,37.2,13.1,,,,,
德州,gfs_seamless,2025-05-28,1,2025-05-29,35.0,20.3,25.5,,34.2,27.6,18.2,53.3,29.2,,,
德州,gfs_seamless,2025-05-27,2,2025-05-29,35.1,20.6,25.0,,34.2,27.1,21.1,59.0,29.3,,,
德州,gfs_seamless,2025-05-26,3,2025-05-29,35.0,20.4,24.1,,33.9,26.0,21.5,59.0,10.4,,,
德州,gfs_seamless,2025-05-25,4,2025-05-29,35.6,20.6,25.0,,34.2,23.2,18.2,55.8,6.2,,,
德州,gfs_seamless,2025-05-24,5,2025-05-29,36.9,21.7,25.2,,35.0,18.6,20.9,54.0,20.6,,,
德州,gfs_seamless,2025-05-23,6,2025-05-29,36.3,20.8,24.9,,34.7,21.0,17.7,47.2,0.0,,,
德州,gfs_seamless,2025-05-22,7,2025-05-29,34.4,20.0,24.7,,34.4,32.8,18.9,55.1,12.5,,,
德州,jma_seamless,2025-05-28,1,2025-05-29,33.7,22.2,25.7,,33.8,35.2,8.6,,0.5,,0.0,0.0
德州,jma_seamless,2025-05-27,2,2025-05-29,34.1,22.7,25.9,,33.9,32.8,9.7,,4.2,,0.0,0.0
德州,jma_seamless,2025-05-26,3,2025-05-29,33.3,23.2,25.1,,32.1,28.0,11.2,,1.0,,0.0,0.0
德州,jma_seamless,2025-05-25,4,2025-05-29,32.9,23.4,24.7,,31.4,25.9,11.1,,1.2,,0.0,0.0
德州,jma_seamless,2025-05-24,5,2025-05-29,33.9,23.3,24.3,,32.0,21.6,10.6,,0.0,,0.0,0.0
德州,jma_seamless,2025-05-23,6,2025-05-29,33.4,23.9,24.8,,31.8,24.7,11.5,,0.0,,0.0,0.0
德州,jma_seamless,2025-05-22,7,2025-05-29,34.1,22.6,26.0,,34.7,36.1,9.8,,0.0,,0.6,0.0
德州,ecmwf_ifs025,2025-05-29,1,2025-05-30,32.0,21.1,24.7,,31.9,37.8,16.8,,,,,
德州,ecmwf_ifs025,2025-05-28,2,2025-05-30,31.8,21.3,24.3,,31.2,34.7,16.8,,,,,
德州,ecmwf_ifs025,2025-05-27,3,2025-05-30,32.0,22.7,24.8,,31.0,31.9,17.8,,,,,
德州,ecmwf_ifs025,2025-05-26,4,2025-05-30,32.2,23.0,25.0,,31.8,35.8,19.1,,,,,
德州,ecmwf_ifs025,2025-05-25,5,2025-05-30,31.4,23.1,24.4,,30.6,34.2,20.9,,,,,
德州,ecmwf_ifs025,2025-05-24,6,2025-05-30,31.8,24.2,23.8,,30.6,30.4,21.7,,,,,
德州,ecmwf_ifs025,2025-05-23,7,2025-05-30,30.9,23.3,24.9,,31.1,41.9,14.4,,,,,
德州,gfs_seamless,2025-05-29,1,2025-05-30,34.8,22.7,25.1,,33.4,24.6,20.7,58.3,90.5,,,
德州,gfs_seamless,2025-05-28,2,2025-05-30,34.8,23.0,25.0,,33.1,22.5,20.0,55.8,97.7,,,
德州,gfs_seamless,2025-05-27,3,2025-05-30,34.5,22.5,24.4,,32.6,21.3,22.0,56.5,95.8,,,
德州,gfs_seamless,2025-05-26,4,2025-05-30,34.5,22.3,23.6,,32.6,20.8,22.6,54.0,98.8,,,
德州,gfs_seamless,2025-05-25,5,2025-05-30,35.1,22.6,24.9,,33.3,20.8,18.5,53.6,92.3,,,
德州,gfs_seamless,2025-05-24,6,2025-05-30,36.1,22.4,24.4,,34.5,21.5,22.4,59.0,79.1,,,
德州,gfs_seamless,2025-05-23,7,2025-05-30,36.8,22.6,25.4,,35.6,22.2,20.0,59.8,50.9,,,
德州,jma_seamless,2025-05-29,1,2025-05-30,33.2,23.6,26.2,,33.1,34.9,11.9,,75.0,,0.0,0.0
德州,jma_seamless,2025-05-28,2,2025-05-30,32.9,23.8,26.2,,32.6,34.8,12.1,,55.0,,0.0,0.0
德州,jma_seamless,2025-05-27,3,2025-05-30,33.2,23.4,25.1,,32.0,28.0,13.0,,49.4,,0.0,0.0
德州,jma_seamless,2025-05-26,4,2025-05-30,33.2,23.0,25.0,,32.0,28.1,12.6,,67.7,,0.0,0.0
德州,jma_seamless,2025-05-25,5,2025-05-30,32.1,23.0,24.6,,30.7,27.5,11.7,,55.8,,0.0,0.0
德州,jma_seamless,2025-05-24,6,2025-05-30,34.5,24.0,25.1,,32.7,22.2,11.6,,49.8,,0.0,0.0
德州,jma_seamless,2025-05-23,7,2025-05-30,33.9,23.3,25.0,,32.0,21.3,8.8,,15.4,,0.0,0.0
德州,ecmwf_ifs025,2025-05-30,1,2025-05-31,30.3,23.4,25.3,,29.9,39.0,12.1,,,,,
德州,ecmwf_ifs025,2025-05-29,2,2025-05-31,30.9,23.8,25.3,,30.2,35.6,14.9,,,,,
德州,ecmwf_ifs025,2025-05-28,3,2025-05-31,31.3,23.4,25.1,,30.5,33.9,14.0,,,,,
德州,ecmwf_ifs025,2025-05-27,4,2025-05-31,31.2,23.0,24.3,,29.9,29.1,13.6,,,,,
德州,ecmwf_ifs025,2025-05-26,5,2025-05-31,31.6,24.8,25.3,,30.5,31.0,14.9,,,,,
德州,ecmwf_ifs025,2025-05-25,6,2025-05-31,30.8,25.1,24.7,,29.7,31.8,17.0,,,,,
德州,ecmwf_ifs025,2025-05-24,7,2025-05-31,31.9,23.7,25.1,,31.8,37.8,15.2,,,,,
德州,gfs_seamless,2025-05-30,1,2025-05-31,30.1,23.2,23.8,,28.8,30.0,15.9,47.9,100.0,,,
德州,gfs_seamless,2025-05-29,2,2025-05-31,28.4,22.1,22.6,,27.3,27.8,17.4,51.5,99.8,,,
德州,gfs_seamless,2025-05-28,3,2025-05-31,31.3,21.5,22.7,,29.7,25.7,18.4,47.2,100.0,,,
德州,gfs_seamless,2025-05-27,4,2025-05-31,34.2,23.4,24.4,,32.7,24.8,19.3,54.7,100.0,,,
德州,gfs_seamless,2025-05-26,5,2025-05-31,33.4,24.3,24.1,,31.5,21.8,20.6,51.8,95.8,,,
德州,gfs_seamless,2025-05-25,6,2025-05-31,33.9,21.6,24.6,,32.0,21.5,14.7,48.2,98.6,,,
德州,gfs_seamless,2025-05-24,7,2025-05-31,35.1,23.7,25.0,,33.3,21.4,20.7,61.6,89.6,,,
德州,jma_seamless,2025-05-30,1,2025-05-31,28.9,23.7,25.2,,28.4,38.8,9.6,,77.8,,0.0,0.0
德州,jma_seamless,2025-05-29,2,2025-05-31,31.4,23.8,25.7,,30.7,34.7,10.1,,70.8,,0.0,0.0
德州,jma_seamless,2025-05-28,3,2025-05-31,33.5,24.8,26.0,,32.5,29.1,11.2,,77.9,,0.0,0.0
德州,jma_seamless,2025-05-27,4,2025-05-31,32.5,24.4,25.2,,31.1,27.7,12.9,,79.6,,0.0,0.0
德州,jma_seamless,2025-05-26,5,2025-05-31,32.3,24.9,25.5,,31.0,28.7,12.7,,65.4,,0.0,0.0
德州,jma_seamless,2025-05-25,6,2025-05-31,29.8,23.9,24.7,,28.5,29.3,11.0,,64.8,,0.0,0.0
德州,jma_seamless,2025-05-24,7,2025-05-31,31.4,24.9,24.7,,29.6,22.4,11.7,,56.0,,0.0,0.0
德州,ecmwf_ifs025,2025-05-31,1,2025-06-01,28.6,18.7,24.5,,30.1,57.8,4.9,,,,,
德州,ecmwf_ifs025,2025-05-30,2,2025-06-01,31.8,19.3,25.4,,33.1,45.8,5.9,,,,,
德州,ecmwf_ifs025,2025-05-29,3,2025-06-01,31.3,19.5,24.8,,32.3,45.8,5.3,,,,,
德州,ecmwf_ifs025,2025-05-28,4,2025-06-01,32.9,20.1,25.5,,33.8,40.8,4.2,,,,,
德州,ecmwf_ifs025,2025-05-27,5,2025-06-01,34.2,20.1,26.3,,35.0,37.1,6.7,,,,,
德州,ecmwf_ifs025,2025-05-26,6,2025-06-01,34.7,24.3,28.3,,35.8,36.8,4.8,,,,,
德州,ecmwf_ifs025,2025-05-25,7,2025-06-01,33.3,23.7,26.8,,33.3,35.5,8.6,,,,,
德州,gfs_seamless,2025-05-31,1,2025-06-01,31.0,19.5,24.9,,30.4,36.3,6.7,14.0,99.2,,,
德州,gfs_seamless,2025-05-30,2,2025-06-01,33.3,19.9,24.9,,32.3,29.5,8.4,19.8,82.5,,,
德州,gfs_seamless,2025-05-29,3,2025-06-01,32.4,18.1,23.4,,31.6,32.4,12.6,45.7,93.3,,,
德州,gfs_seamless,2025-05-28,4,2025-06-01,32.6,20.5,24.5,,31.5,29.9,11.2,42.5,78.5,,,
德州,gfs_seamless,2025-05-27,5,2025-06-01,34.8,19.0,24.6,,34.2,29.2,12.3,37.8,48.2,,,
德州,gfs_seamless,2025-05-26,6,2025-06-01,35.3,19.9,26.1,,34.6,27.8,12.2,46.1,44.5,,,
德州,gfs_seamless,2025-05-25,7,2025-06-01,36.2,22.7,26.5,,34.8,22.5,13.9,45.7,61.2,,,
德州,jma_seamless,2025-05-31,1,2025-06-01,29.5,21.8,24.9,,29.8,45.6,5.3,,61.7,,0.0,0.0
德州,jma_seamless,2025-05-30,2,2025-06-01,31.4,21.6,25.1,,31.3,39.0,6.1,,68.0,,0.0,0.0
德州,jma_seamless,2025-05-29,3,2025-06-01,29.8,21.9,24.0,,29.4,39.8,9.2,,69.2,,0.0,0.0
德州,jma_seamless,2025-05-28,4,2025-06-01,31.5,21.3,24.2,,31.2,37.7,9.5,,45.0,,0.0,0.0
德州,jma_seamless,2025-05-27,5,2025-06-01,33.8,22.4,26.2,,34.9,39.3,8.5,,38.1,,0.0,0.0
德州,jma_seamless,2025-05-26,6,2025-06-01,34.3,22.6,26.4,,34.0,31.5,5.4,,33.5,,0.0,0.0
德州,jma_seamless,2025-05-25,7,2025-06-01,33.3,22.0,25.9,,32.6,31.2,6.0,,56.7,,0.0,0.0
德州,ecmwf_ifs025,2025-06-01,1,2025-06-02,30.3,17.7,24.2,,32.3,54.3,9.7,,,,,
德州,ecmwf_ifs025,2025-05-31,2,2025-06-02,31.3,17.6,24.8,,32.7,48.0,8.5,,,,,
德州,ecmwf_ifs025,2025-05-30,3,2025-06-02,32.5,19.6,25.4,,33.3,41.5,10.8,,,,,
德州,ecmwf_ifs025,2025-05-29,4,2025-06-02,31.6,17.7,24.3,,32.4,44.0,11.1,,,,,
德州,ecmwf_ifs025,2025-05-28,5,2025-06-02,33.3,21.8,25.4,,33.7,37.3,10.7,,,,,
德州,ecmwf_ifs025,2025-05-27,6,2025-06-02,28.6,23.2,25.6,,28.9,47.8,6.9,,,,,
德州,ecmwf_ifs025,2025-05-26,7,2025-06-02,33.0,22.5,26.2,,33.8,40.2,5.5,,,,,
德州,gfs_seamless,2025-06-01,1,2025-06-02,35.0,18.1,23.9,,36.6,37.9,17.2,39.6,61.2,,,
德州,gfs_seamless,2025-05-31,2,2025-06-02,36.2,19.6,24.8,,37.2,32.6,17.2,43.2,68.8,,,
德州,gfs_seamless,2025-05-30,3,2025-06-02,36.7,19.0,23.6,,38.2,33.1,21.0,49.7,83.7,,,
德州,gfs_seamless,2025-05-29,4,2025-06-02,34.7,22.1,25.2,,34.7,32.2,19.9,56.9,94.2,,,
德州,gfs_seamless,2025-05-28,5,2025-06-02,35.2,21.6,25.5,,35.2,31.2,18.5,51.8,90.1,,,
德州,gfs_seamless,2025-05-27,6,2025-06-02,33.2,20.7,23.8,,32.3,30.6,15.7,49.3,98.6,,,
德州,gfs_seamless,2025-05-26,7,2025-06-02,33.9,20.4,24.1,,33.3,30.6,16.4,39.6,74.9,,,
德州,jma_seamless,2025-06-01,1,2025-06-02,33.6,21.3,25.0,,33.4,33.5,11.0,,29.7,,0.0,0.0
德州,jma_seamless,2025-05-31,2,2025-06-02,32.8,20.8,25.3,,33.0,37.8,8.8,,42.2,,0.0,0.0
德州,jma_seamless,2025-05-30,3,2025-06-02,32.2,20.5,24.6,,32.3,38.7,9.3,,30.6,,0.0,0.0
德州,jma_seamless,2025-05-29,4,2025-06-02,32.8,20.4,24.9,,33.3,39.2,6.0,,24.8,,0.0,0.0
德州,jma_seamless,2025-05-28,5,2025-06-02,35.1,21.7,25.7,,35.1,31.5,6.1,,13.8,,0.0,0.0
德州,jma_seamless,2025-05-27,6,2025-06-02,32.9,23.0,25.9,,32.3,32.7,7.1,,64.0,,0.0,0.0
德州,jma_seamless,2025-05-26,7,2025-06-02,32.3,24.2,26.2,,30.8,26.4,7.5,,70.0,,0.0,0.0
德州,ecmwf_ifs025,2025-06-02,1,2025-06-03,31.1,16.0,21.7,,29.8,29.1,10.1,,,,,
德州,ecmwf_ifs025,2025-06-01,2,2025-06-03,31.7,18.2,22.3,,30.3,28.0,11.1,,,,,
德州,ecmwf_ifs025,2025-05-31,3,2025-06-03,31.4,17.7,22.9,,30.0,28.1,10.3,,,,,
德州,ecmwf_ifs025,2025-05-30,4,2025-06-03,32.2,17.7,23.1,,30.8,27.6,8.8,,,,,
德州,ecmwf_ifs025,2025-05-29,5,2025-06-03,31.0,18.2,23.0,,29.2,23.2,7.3,,,,,
德州,ecmwf_ifs025,2025-05-28,6,2025-06-03,28.4,21.4,22.0,,27.7,34.6,16.1,,,,,
德州,ecmwf_ifs025,2025-05-27,7,2025-06-03,30.6,20.4,23.9,,31.5,47.5,11.8,,,,,
德州,gfs_seamless,2025-06-02,1,2025-06-03,34.2,19.3,23.0,,31.9,16.7,16.6,45.0,13.2,,,
德州,gfs_seamless,2025-06-01,2,2025-06-03,34.9,19.7,23.0,,32.7,17.4,16.3,52.2,24.0,,,
德州,gfs_seamless,2025-05-31,3,2025-06-03,35.6,19.2,23.6,,33.4,17.7,16.4,46.1,22.8,,,
德州,gfs_seamless,2025-05-30,4,2025-06-03,36.5,19.1,24.7,,34.4,17.4,14.9,53.6,29.2,,,
德州,gfs_seamless,2025-05-29,5,2025-06-03,33.4,20.4,24.7,,31.8,24.8,15.8,50.4,59.7,,,
德州,gfs_seamless,2025-05-28,6,2025-06-03,35.6,20.2,24.3,,33.1,13.6,15.7,42.1,40.3,,,
德州,gfs_seamless,2025-05-27,7,2025-06-03,34.5,19.4,26.1,,34.8,33.8,14.1,59.8,75.7,,,
德州,jma_seamless,2025-06-02,1,2025-06-03,33.3,21.6,23.8,,31.1,18.0,7.5,,0.4,,0.0,0.0
德州,jma_seamless,2025-06-01,2,2025-06-03,33.6,23.8,24.4,,31.3,16.0,8.8,,0.8,,0.0,0.0
德州,jma_seamless,2025-05-31,3,2025-06-03,33.7,23.2,24.0,,31.3,13.9,10.0,,0.0,,0.0,0.0
德州,jma_seamless,2025-05-30,4,2025-06-03,35.2,21.9,25.9,,34.6,28.1,7.6,,1.5,,0.0,0.0
德州,jma_seamless,2025-05-29,5,2025-06-03,34.7,21.8,25.2,,32.3,15.2,8.3,,11.0,,0.0,0.0
德州,jma_seamless,2025-05-28,6,2025-06-03,33.8,24.7,25.9,,31.6,17.9,6.7,,24.0,,0.0,0.0
德州,jma_seamless,2025-05-27,7,2025-06-03,30.8,22.7,23.8,,29.3,26.5,7.5,,47.3,,0.0,0.0
德州,ecmwf_ifs025,2025-06-03,1,2025-06-04,34.2,22.2,24.7,,,,,,,24.77,0.0,
德州,ecmwf_ifs025,2025-06-02,2,2025-06-04,34.4,22.8,24.4,,,,,,,24.7,0.0,
德州,ecmwf_ifs025,2025-06-01,3,2025-06-04,35.1,22.5,24.1,,,,,,,24.78,0.0,
德州,ecmwf_ifs025,2025-05-31,4,2025-06-04,35.0,22.7,24.9,,,,,,,24.75,0.0,
德州,ecmwf_ifs025,2025-05-30,5,2025-06-04,34.6,23.2,25.3,,,,,,,24.83,0.0,
德州,ecmwf_ifs025,2025-05-29,6,2025-06-04,36.1,22.8,24.3,,,,,,,5.35,0.0,
德州,ecmwf_ifs025,2025-05-28,7,2025-06-04,35.4,22.1,23.9,,,,,,,24.22,0.0,
德州,jma_seamless,2025-06-03,1,2025-06-04,34.1,21.2,24.6,,,,,,,,,0.0
德州,jma_seamless,2025-06-02,2,2025-06-04,33.7,21.6,24.1,,,,,,,,,0.0
德州,jma_seamless,2025-06-01,3,2025-06-04,33.7,22.9,24.2,,,,,,,,,0.0
德州,jma_seamless,2025-05-31,4,2025-06-04,34.5,21.4,24.2,,,,,,,,,0.0
德州,jma_seamless,2025-05-30,5,2025-06-04,34.5,25.6,26.0,,,,,,,,,0.0
德州,jma_seamless,2025-05-29,6,2025-06-04,33.4,23.2,24.3,,,,,,,,,0.0
德州,jma_seamless,2025-05-28,7,2025-06-04,33.2,20.7,23.3,,,,,,,,,0.0
德州,ecmwf_ifs025,2025-06-04,1,2025-06-05,36.0,23.2,27.4,,,,,,,19.1,0.0,
德州,ecmwf_ifs025,2025-06-03,2,2025-06-05,36.0,22.4,26.9,,,,,,,23.53,0.0,
德州,ecmwf_ifs025,2025-06-02,3,2025-06-05,37.2,21.9,26.5,,,,,,,20.11,0.0,
德州,ecmwf_ifs025,2025-06-01,4,2025-06-05,37.3,22.7,26.6,,,,,,,23.47,0.0,
德州,ecmwf_ifs025,2025-05-31,5,2025-06-05,35.9,23.9,28.4,,,,,,,24.64,0.0,
德州,ecmwf_ifs025,2025-05-30,6,2025-06-05,36.0,20.7,29.3,,,,,,,5.39,0.0,
德州,ecmwf_ifs025,2025-05-29,7,2025-06-05,35.7,21.6,24.7,,,,,,,22.83,0.0,
德州,jma_seamless,2025-06-04,1,2025-06-05,38.9,24.5,27.9,,,,,,,,,0.0
德州,jma_seamless,2025-06-03,2,2025-06-05,39.4,25.0,28.2,,,,,,,,,0.0
德州,jma_seamless,2025-06-02,3,2025-06-05,39.0,25.2,28.1,,,,,,,,,0.0
德州,jma_seamless,2025-06-01,4,2025-06-05,39.6,24.9,28.2,,,,,,,,,0.0
德州,jma_seamless,2025-05-31,5,2025-06-05,39.8,26.1,28.2,,,,,,,,,0.0
德州,jma_seamless,2025-05-30,6,2025-06-05,38.9,22.5,27.4,,,,,,,,,0.0
德州,jma_seamless,2025-05-29,7,2025-06-05,37.4,23.2,26.4,,,,,,,,,0.0
德州,ecmwf_ifs025,2025-06-05,1,2025-06-06,35.6,26.7,31.3,,,,,,,23.55,0.0,
德州,ecmwf_ifs025,2025-06-04,2,2025-06-06,33.3,26.9,30.1,,,,,,,23.65,0.0,
德州,ecmwf_ifs025,2025-06-03,3,2025-06-06,30.6,25.6,27.0,,,,,,,22.49,0.0,
德州,ecmwf_ifs025,2025-06-02,4,2025-06-06,29.2,21.3,30.7,,,,,,,23.26,0.0,
德州,ecmwf_ifs025,2025-06-01,5,2025-06-06,32.9,27.3,28.1,,,,,,,22.62,0.0,
德州,ecmwf_ifs025,2025-05-31,6,2025-06-06,30.2,25.7,27.7,,,,,,,4.95,0.0,
德州,ecmwf_ifs025,2025-05-30,7,2025-06-06,33.4,24.8,24.9,,,,,,,23.81,0.0,
德州,jma_seamless,2025-06-05,1,2025-06-06,38.7,28.6,31.5,,,,,,,,,0.0
德州,jma_seamless,2025-06-04,2,2025-06-06,38.0,28.6,30.5,,,,,,,,,0.0
德州,jma_seamless,2025-06-03,3,2025-06-06,33.1,29.3,29.0,,,,,,,,,0.0
德州,jma_seamless,2025-06-02,4,2025-06-06,33.7,24.0,27.4,,,,,,,,,0.0
德州,jma_seamless,2025-06-01,5,2025-06-06,33.4,28.9,28.6,,,,,,,,,0.0
德州,jma_seamless,2025-05-31,6,2025-06-06,36.0,29.6,30.6,,,,,,,,,0.0
德州,jma_seamless,2025-05-30,7,2025-06-06,35.6,27.9,29.7,,,,,,,,,0.0
德州,ecmwf_ifs025,2025-06-06,1,2025-06-07,35.6,26.2,33.3,,,,,,,20.03,0.0,
德州,ecmwf_ifs025,2025-06-05,2,2025-06-07,33.0,24.3,31.0,,,,,,,19.76,0.0,
德州,ecmwf_ifs025,2025-06-04,3,2025-06-07,37.1,25.6,28.7,,,,,,,21.75,0.0,
德州,ecmwf_ifs025,2025-06-03,4,2025-06-07,30.5,20.2,28.6,,,,,,,22.42,0.0,
德州,ecmwf_ifs025,2025-06-02,5,2025-06-07,32.3,21.5,26.9,,,,,,,22.05,0.0,
德州,ecmwf_ifs025,2025-06-01,6,2025-06-07,34.6,24.9,26.2,,,,,,,4.77,0.0,
德州,ecmwf_ifs025,2025-05-31,7,2025-06-07,33.3,24.1,26.6,,,,,,,16.47,0.0,
德州,jma_seamless,2025-06-06,1,2025-06-07,36.1,26.8,29.3,,,,,,,,,0.0
德州,jma_seamless,2025-06-05,2,2025-06-07,35.6,26.3,28.5,,,,,,,,,0.0
德州,jma_seamless,2025-06-04,3,2025-06-07,38.1,26.4,30.9,,,,,,,,,0.0
德州,jma_seamless,2025-06-03,4,2025-06-07,34.7,23.2,30.0,,,,,,,,,0.0
德州,jma_seamless,2025-06-02,5,2025-06-07,35.4,24.4,29.1,,,,,,,,,0.0
德州,jma_seamless,2025-06-01,6,2025-06-07,36.7,25.3,29.8,,,,,,,,,0.0
德州,jma_seamless,2025-05-31,7,2025-06-07,36.7,26.1,30.6,,,,,,,,,0.0
德州,ecmwf_ifs025,2025-06-07,1,2025-06-08,29.6,23.2,28.3,,,,,,,22.58,0.0,
德州,ecmwf_ifs025,2025-06-06,2,2025-06-08,31.6,24.6,29.1,,,,,,,22.91,0.0,
德州,ecmwf_ifs025,2025-06-05,3,2025-06-08,30.1,23.8,23.5,,,,,,,22.07,0.0,
德州,ecmwf_ifs025,2025-06-04,4,2025-06-08,33.0,20.1,27.8,,,,,,,20.76,0.0,
德州,ecmwf_ifs025,2025-06-03,5,2025-06-08,28.3,20.8,30.3,,,,,,,23.28,0.0,
德州,ecmwf_ifs025,2025-06-02,6,2025-06-08,26.6,21.1,28.0,,,,,,,4.15,0.0,
德州,ecmwf_ifs025,2025-06-01,7,2025-06-08,27.1,21.2,29.0,,,,,,,19.81,0.9,
德州,jma_seamless,2025-06-07,1,2025-06-08,33.6,24.0,28.8,,,,,,,,,0.0
德州,jma_seamless,2025-06-06,2,2025-06-08,33.6,24.2,29.9,,,,,,,,,0.0
德州,jma_seamless,2025-06-05,3,2025-06-08,35.8,26.8,30.4,,,,,,,,,0.0
德州,jma_seamless,2025-06-04,4,2025-06-08,36.5,26.0,31.4,,,,,,,,,0.0
德州,jma_seamless,2025-06-03,5,2025-06-08,35.2,23.6,29.5,,,,,,,,,0.0
德州,jma_seamless,2025-06-02,6,2025-06-08,37.7,25.3,30.4,,,,,,,,,0.0
德州,jma_seamless,2025-06-01,7,2025-06-08,37.7,25.7,29.8,,,,,,,,,0.0
德州,ecmwf_ifs025,2025-06-08,1,2025-06-09,34.4,22.9,28.8,,,,,,,22.86,0.0,
德州,ecmwf_ifs025,2025-06-07,2,2025-06-09,35.7,22.5,28.7,,,,,,,23.63,0.0,
德州,ecmwf_ifs025,2025-06-06,3,2025-06-09,31.8,21.4,41.4,,,,,,,22.94,0.0,
德州,ecmwf_ifs025,2025-06-05,4,2025-06-09,33.2,21.7,32.4,,,,,,,23.37,0.0,
德州,ecmwf_ifs025,2025-06-04,5,2025-06-09,34.7,21.0,31.6,,,,,,,23.18,1.2,
德州,ecmwf_ifs025,2025-06-03,6,2025-06-09,27.8,20.5,30.0,,,,,,,2.88,14.7,
德州,ecmwf_ifs025,2025-06-02,7,2025-06-09,28.0,20.4,29.1,,,,,,,19.16,6.9,
德州,jma_seamless,2025-06-08,1,2025-06-09,39.9,22.9,31.7,,,,,,,,,0.0
德州,jma_seamless,2025-06-07,2,2025-06-09,39.7,26.3,32.6,,,,,,,,,0.0
德州,jma_seamless,2025-06-06,3,2025-06-09,36.7,27.0,31.4,,,,,,,,,0.0
德州,jma_seamless,2025-06-05,4,2025-06-09,37.9,29.3,32.4,,,,,,,,,0.0
德州,jma_seamless,2025-06-04,5,2025-06-09,40.8,23.2,32.7,,,,,,,,,0.0
德州,jma_seamless,2025-06-03,6,2025-06-09,36.5,27.2,31.2,,,,,,,,,0.0
德州,jma_seamless,2025-06-02,7,2025-06-09,36.1,26.8,30.3,,,,,,,,,0.0
德州,ecmwf_ifs025,2025-06-09,1,2025-06-10,31.5,22.5,26.2,,,,,,,24.67,0.0,
德州,ecmwf_ifs025,2025-06-08,2,2025-06-10,32.2,22.0,26.9,,,,,,,24.63,0.0,
德州,ecmwf_ifs025,2025-06-07,3,2025-06-10,34.3,22.8,26.5,,,,,,,24.12,0.0,
德州,ecmwf_ifs025,2025-06-06,4,2025-06-10,29.1,22.4,25.8,,,,,,,23.97,0.0,
德州,ecmwf_ifs025,2025-06-05,5,2025-06-10,29.0,21.7,26.0,,,,,,,24.42,0.0,
德州,ecmwf_ifs025,2025-06-04,6,2025-06-10,36.6,21.3,23.2,,,,,,,2.57,7.8,
德州,ecmwf_ifs025,2025-06-03,7,2025-06-10,32.4,20.9,25.3,,,,,,,20.98,1.5,
德州,jma_seamless,2025-06-09,1,2025-06-10,32.1,23.8,26.3,,,,,,,,,0.0
德州,jma_seamless,2025-06-08,2,2025-06-10,32.5,24.0,27.3,,,,,,,,,0.0
德州,jma_seamless,2025-06-07,3,2025-06-10,32.5,25.2,26.5,,,,,,,,,0.0
德州,jma_seamless,2025-06-06,4,2025-06-10,34.8,25.5,28.6,,,,,,,,,0.0
德州,jma_seamless,2025-06-05,5,2025-06-10,33.0,26.4,29.3,,,,,,,,,0.0
德州,jma_seamless,2025-06-04,6,2025-06-10,37.2,24.0,31.2,,,,,,,,,0.0
德州,jma_seamless,2025-06-03,7,2025-06-10,34.3,26.3,30.6,,,,,,,,,0.0
德州,ecmwf_ifs025,2025-06-10,1,2025-06-11,32.5,20.8,24.4,,,,,,,23.7,0.0,
德州,ecmwf_ifs025,2025-06-09,2,2025-06-11,32.4,20.6,24.1,,,,,,,23.99,0.0,
德州,ecmwf_ifs025,2025-06-08,3,2025-06-11,32.1,20.2,28.1,,,,,,,23.71,0.0,
德州,ecmwf_ifs025,2025-06-07,4,2025-06-11,29.7,20.2,27.5,,,,,,,23.53,0.0,
德州,ecmwf_ifs025,2025-06-06,5,2025-06-11,33.8,21.0,25.7,,,,,,,23.41,0.0,
德州,ecmwf_ifs025,2025-06-05,6,2025-06-11,32.4,21.0,25.1,,,,,,,5.43,0.0,
德州,ecmwf_ifs025,2025-06-04,7,2025-06-11,28.0,21.5,24.7,,,,,,,23.35,0.0,
德州,jma_seamless,2025-06-10,1,2025-06-11,35.9,24.3,28.0,,,,,,,,,0.0
德州,jma_seamless,2025-06-09,2,2025-06-11,35.7,25.0,27.1,,,,,,,,,0.0
德州,jma_seamless,2025-06-08,3,2025-06-11,35.9,24.3,27.3,,,,,,,,,0.0
德州,jma_seamless,2025-06-07,4,2025-06-11,35.0,23.7,28.1,,,,,,,,,0.0
德州,jma_seamless,2025-06-06,5,2025-06-11,33.6,23.2,26.4,,,,,,,,,0.0
德州,jma_seamless,2025-06-05,6,2025-06-11,35.9,22.8,29.1,,,,,,,,,0.0
德州,jma_seamless,2025-06-04,7,2025-06-11,38.0,26.3,31.1,,,,,,,,,0.0
德州,ecmwf_ifs025,2025-06-11,1,2025-06-12,32.4,21.8,25.1,,,,,,,23.75,0.0,
德州,ecmwf_ifs025,2025-06-10,2,2025-06-12,30.5,20.4,24.6,,,,,,,23.69,0.0,
德州,ecmwf_ifs025,2025-06-09,3,2025-06-12,30.9,19.3,27.0,,,,,,,23.76,0.0,
德州,ecmwf_ifs025,2025-06-08,4,2025-06-12,29.6,18.9,28.2,,,,,,,23.65,0.0,
德州,ecmwf_ifs025,2025-06-07,5,2025-06-12,29.3,21.1,28.5,,,,,,,23.47,0.0,
德州,ecmwf_ifs025,2025-06-06,6,2025-06-12,34.4,19.9,26.7,,,,,,,5.41,0.0,
德州,ecmwf_ifs025,2025-06-05,7,2025-06-12,31.0,20.4,26.6,,,,,,,23.2,0.0,
德州,jma_seamless,2025-06-11,1,2025-06-12,36.1,27.6,29.3,,,,,,,,,0.0
德州,jma_seamless,2025-06-10,2,2025-06-12,35.6,26.2,29.0,,,,,,,,,0.0
德州,jma_seamless,2025-06-09,3,2025-06-12,35.3,25.9,27.7,,,,,,,,,0.0
德州,jma_seamless,2025-06-08,4,2025-06-12,36.0,26.3,28.4,,,,,,,,,0.0
德州,jma_seamless,2025-06-07,5,2025-06-12,37.3,24.7,29.7,,,,,,,,,0.0
德州,jma_seamless,2025-06-06,6,2025-06-12,37.4,24.4,29.3,,,,,,,,,0.0
德州,jma_seamless,2025-06-05,7,2025-06-12,38.6,26.0,32.6,,,,,,,,,0.0
德州,ecmwf_ifs025,2025-06-12,1,2025-06-13,28.4,23.1,28.5,,,,,,,23.47,0.0,
德州,ecmwf_ifs025,2025-06-11,2,2025-06-13,29.9,20.0,26.9,,,,,,,23.54,0.0,
德州,ecmwf_ifs025,2025-06-10,3,2025-06-13,29.4,21.1,29.6,,,,,,,23.62,0.0,
德州,ecmwf_ifs025,2025-06-09,4,2025-06-13,31.9,21.3,29.5,,,,,,,23.48,0.0,
德州,ecmwf_ifs025,2025-06-08,5,2025-06-13,27.4,21.1,30.5,,,,,,,23.67,0.0,
德州,ecmwf_ifs025,2025-06-07,6,2025-06-13,29.9,21.7,29.6,,,,,,,5.31,0.0,
德州,ecmwf_ifs025,2025-06-06,7,2025-06-13,30.0,20.6,28.0,,,,,,,23.76,0.0,
德州,jma_seamless,2025-06-12,1,2025-06-13,36.2,26.8,31.5,,,,,,,,,0.0
德州,jma_seamless,2025-06-11,2,2025-06-13,35.9,25.3,30.5,,,,,,,,,0.0
德州,jma_seamless,2025-06-10,3,2025-06-13,35.2,24.8,30.2,,,,,,,,,0.0
德州,jma_seamless,2025-06-09,4,2025-06-13,36.1,26.0,31.3,,,,,,,,,0.0
德州,jma_seamless,2025-06-08,5,2025-06-13,35.7,25.3,30.3,,,,,,,,,0.0
德州,jma_seamless,2025-06-07,6,2025-06-13,35.2,25.4,30.6,,,,,,,,,0.0
德州,jma_seamless,2025-06-06,7,2025-06-13,39.2,27.8,33.2,,,,,,,,,0.0
德州,ecmwf_ifs025,2025-06-13,1,2025-06-14,34.5,24.1,31.7,,,,,,,18.49,23.4,
德州,ecmwf_ifs025,2025-06-12,2,2025-06-14,34.8,23.6,32.4,,,,,,,19.68,2.1,
德州,ecmwf_ifs025,2025-06-11,3,2025-06-14,35.2,24.0,32.1,,,,,,,20.15,16.5,
德州,ecmwf_ifs025,2025-06-10,4,2025-06-14,33.7,24.3,30.9,,,,,,,17.19,4.5,
德州,ecmwf_ifs025,2025-06-09,5,2025-06-14,33.9,22.8,31.6,,,,,,,21.92,0.9,
德州,ecmwf_ifs025,2025-06-08,6,2025-06-14,33.9,23.9,33.1,,,,,,,4.73,1.8,
德州,ecmwf_ifs025,2025-06-07,7,2025-06-14,33.5,24.0,30.9,,,,,,,23.11,0.0,
德州,jma_seamless,2025-06-13,1,2025-06-14,36.8,22.7,32.0,,,,,,,,,0.0
德州,jma_seamless,2025-06-12,2,2025-06-14,34.1,22.3,31.5,,,,,,,,,0.0
德州,jma_seamless,2025-06-11,3,2025-06-14,36.5,23.8,31.7,,,,,,,,,0.0
德州,jma_seamless,2025-06-10,4,2025-06-14,37.3,27.7,33.2,,,,,,,,,0.0
德州,jma_seamless,2025-06-09,5,2025-06-14,34.4,28.5,32.9,,,,,,,,,0.0
德州,jma_seamless,2025-06-08,6,2025-06-14,34.2,26.2,31.5,,,,,,,,,0.0
德州,jma_seamless,2025-06-07,7,2025-06-14,34.8,27.2,33.1,,,,,,,,,0.0
德州,ecmwf_ifs025,2025-06-14,1,2025-06-15,34.3,24.9,30.6,,,,,,,23.26,0.0,
德州,ecmwf_ifs025,2025-06-13,2,2025-06-15,35.1,27.4,30.5,,,,,,,23.17,0.6,
德州,ecmwf_ifs025,2025-06-12,3,2025-06-15,35.7,25.1,25.3,,,,,,,23.67,1.8,
德州,ecmwf_ifs025,2025-06-11,4,2025-06-15,36.1,26.0,25.6,,,,,,,23.62,12.6,
德州,ecmwf_ifs025,2025-06-10,5,2025-06-15,30.0,26.5,25.6,,,,,,,22.97,0.3,
德州,ecmwf_ifs025,2025-06-09,6,2025-06-15,32.0,25.6,26.5,,,,,,,4.95,10.5,
德州,ecmwf_ifs025,2025-06-08,7,2025-06-15,30.2,26.2,32.2,,,,,,,20.61,0.6,
德州,jma_seamless,2025-06-14,1,2025-06-15,30.6,23.0,27.0,,,,,,,,,0.0
德州,jma_seamless,2025-06-13,2,2025-06-15,32.5,23.3,27.1,,,,,,,,,0.0
德州,jma_seamless,2025-06-12,3,2025-06-15,33.3,23.1,26.7,,,,,,,,,0.0
德州,jma_seamless,2025-06-11,4,2025-06-15,30.3,24.2,28.3,,,,,,,,,0.0
德州,jma_seamless,2025-06-10,5,2025-06-15,33.3,25.4,31.6,,,,,,,,,0.0
德州,jma_seamless,2025-06-09,6,2025-06-15,35.1,25.0,31.8,,,,,,,,,0.0
德州,jma_seamless,2025-06-08,7,2025-06-15,36.7,20.6,31.1,,,,,,,,,0.0
德州,ecmwf_ifs025,2025-06-15,1,2025-06-16,34.1,24.8,27.1,,,,,,,21.1,0.0,
德州,ecmwf_ifs025,2025-06-14,2,2025-06-16,34.6,27.0,27.8,,,,,,,19.85,0.0,
德州,ecmwf_ifs025,2025-06-13,3,2025-06-16,34.8,27.2,23.8,,,,,,,21.32,0.0,
德州,ecmwf_ifs025,2025-06-12,4,2025-06-16,35.6,26.1,24.4,,,,,,,22.47,0.0,
德州,ecmwf_ifs025,2025-06-11,5,2025-06-16,34.9,26.0,25.1,,,,,,,22.53,0.3,
德州,ecmwf_ifs025,2025-06-10,6,2025-06-16,35.6,27.2,21.9,,,,,,,4.71,0.0,
德州,ecmwf_ifs025,2025-06-09,7,2025-06-16,29.9,25.6,25.7,,,,,,,23.62,1.5,
德州,jma_seamless,2025-06-15,1,2025-06-16,32.1,20.6,25.9,,,,,,,,,0.0
德州,jma_seamless,2025-06-14,2,2025-06-16,32.4,24.9,26.4,,,,,,,,,0.0
德州,jma_seamless,2025-06-13,3,2025-06-16,31.8,25.3,26.8,,,,,,,,,0.0
德州,jma_seamless,2025-06-12,4,2025-06-16,33.7,23.2,26.5,,,,,,,,,0.0
德州,jma_seamless,2025-06-11,5,2025-06-16,33.9,26.0,28.0,,,,,,,,,0.0
德州,jma_seamless,2025-06-10,6,2025-06-16,32.1,25.4,28.7,,,,,,,,,0.0
德州,jma_seamless,2025-06-09,7,2025-06-16,26.4,20.6,26.7,,,,,,,,,0.0
德州,ecmwf_ifs025,2025-06-16,1,2025-06-17,37.6,25.0,30.1,,,,,,,24.3,0.0,
德州,ecmwf_ifs025,2025-06-15,2,2025-06-17,37.7,24.9,30.1,,,,,,,24.06,0.0,
德州,ecmwf_ifs025,2025-06-14,3,2025-06-17,37.6,26.1,29.2,,,,,,,23.97,0.0,
德州,ecmwf_ifs025,2025-06-13,4,2025-06-17,38.8,25.9,28.6,,,,,,,24.26,0.0,
德州,ecmwf_ifs025,2025-06-12,5,2025-06-17,41.0,27.2,29.6,,,,,,,24.07,0.0,
德州,ecmwf_ifs025,2025-06-11,6,2025-06-17,39.5,28.3,28.9,,,,,,,23.22,0.0,
德州,ecmwf_ifs025,2025-06-10,7,2025-06-17,37.1,24.7,27.1,,,,,,,23.64,0.0,
德州,jma_seamless,2025-06-16,1,2025-06-17,38.8,26.9,30.5,,,,,,,,,0.0
德州,jma_seamless,2025-06-15,2,2025-06-17,39.4,26.4,30.8,,,,,,,,,0.0
德州,jma_seamless,2025-06-14,3,2025-06-17,37.0,26.1,30.7,,,,,,,,,0.0
德州,jma_seamless,2025-06-13,4,2025-06-17,39.1,23.6,30.5,,,,,,,,,0.0
德州,jma_seamless,2025-06-12,5,2025-06-17,37.2,27.1,30.5,,,,,,,,,0.0
德州,jma_seamless,2025-06-11,6,2025-06-17,35.9,26.5,30.2,,,,,,,,,0.0
德州,jma_seamless,2025-06-10,7,2025-06-17,34.0,23.4,29.8,,,,,,,,,0.0
德州,jma_seamless,2025-06-17,1,2025-06-18,38.5,30.1,34.3,,42.7,35.9,13.9,,,,0.0,0.0
德州,jma_seamless,2025-06-16,2,2025-06-18,33.3,29.6,33.6,,35.2,44.0,9.8,,,,4.5,0.0
德州,jma_seamless,2025-06-15,3,2025-06-18,40.1,27.9,33.8,,45.0,33.5,12.6,,,,6.0,0.0
德州,jma_seamless,2025-06-14,4,2025-06-18,40.8,28.5,33.4,,43.5,27.4,11.4,,,,0.0,0.0
德州,jma_seamless,2025-06-13,5,2025-06-18,41.0,28.2,32.2,,42.2,23.5,11.0,,,,0.0,0.0
德州,jma_seamless,2025-06-12,6,2025-06-18,41.1,28.4,32.8,,42.2,23.1,10.8,,,,0.0,0.0
德州,jma_seamless,2025-06-11,7,2025-06-18,39.5,28.2,32.8,,40.4,25.4,7.0,,,,0.0,0.0
德州,jma_seamless,2025-06-18,1,2025-06-19,31.5,24.8,32.6,,41.3,76.6,6.4,,,,39.0,0.0
德州,jma_seamless,2025-06-17,2,2025-06-19,28.5,25.2,32.1,,34.4,85.5,5.7,,,,68.7,0.0
德州,jma_seamless,2025-06-16,3,2025-06-19,33.2,23.4,32.0,,48.1,78.4,4.3,,,,17.4,0.0
德州,jma_seamless,2025-06-15,4,2025-06-19,31.3,25.3,31.6,,38.0,68.7,7.9,,,,12.6,0.0
德州,jma_seamless,2025-06-14,5,2025-06-19,33.6,25.4,30.2,,43.1,64.9,10.2,,,,31.2,0.0
德州,jma_seamless,2025-06-13,6,2025-06-19,35.5,24.0,31.9,,45.1,57.0,11.5,,,,55.5,0.0
德州,jma_seamless,2025-06-12,7,2025-06-19,41.0,23.0,33.7,,55.2,46.2,11.7,,,,49.5,0.0
德州,jma_seamless,2025-06-19,1,2025-06-20,32.2,24.7,30.3,,37.7,60.6,6.9,,,,0.0,0.0
德州,jma_seamless,2025-06-18,2,2025-06-20,32.3,24.4,29.9,,40.3,67.2,9.4,,,,4.2,0.0
德州,jma_seamless,2025-06-17,3,2025-06-20,33.5,25.5,30.9,,40.7,59.8,7.7,,,,0.0,0.0
德州,jma_seamless,2025-06-16,4,2025-06-20,35.2,26.8,33.3,,43.9,56.3,4.7,,,,0.0,0.0
德州,jma_seamless,2025-06-15,5,2025-06-20,34.1,24.2,30.2,,38.1,48.5,7.1,,,,0.0,0.0
德州,jma_seamless,2025-06-14,6,2025-06-20,34.6,23.3,30.0,,40.6,52.2,7.7,,,,31.5,0.0
德州,jma_seamless,2025-06-13,7,2025-06-20,28.6,23.3,29.9,,33.6,79.5,6.3,,,,23.1,0.0
德州,jma_seamless,2025-06-20,1,2025-06-21,36.5,24.6,30.1,,38.9,36.5,5.1,,,,0.0,0.0
德州,jma_seamless,2025-06-19,2,2025-06-21,36.5,24.4,30.8,,41.3,43.0,4.9,,,,0.0,0.0
德州,jma_seamless,2025-06-18,3,2025-06-21,37.0,24.0,30.0,,39.6,35.6,4.6,,,,0.0,0.0
德州,jma_seamless,2025-06-17,4,2025-06-21,34.7,25.7,31.6,,39.3,48.3,5.7,,,,0.0,0.0
德州,jma_seamless,2025-06-16,5,2025-06-21,34.4,27.3,32.9,,38.2,46.9,5.2,,,,0.0,0.0
德州,jma_seamless,2025-06-15,6,2025-06-21,35.7,26.3,31.8,,39.8,43.5,10.0,,,,0.0,0.0
德州,jma_seamless,2025-06-14,7,2025-06-21,37.5,25.7,32.0,,43.4,42.4,9.5,,,,0.0,0.0
德州,jma_seamless,2025-06-21,1,2025-06-22,38.4,25.8,29.9,,38.1,23.4,6.5,,,,0.0,0.0
德州,jma_seamless,2025-06-20,2,2025-06-22,39.2,26.5,30.7,,39.1,23.0,7.2,,,,0.0,0.0
德州,jma_seamless,2025-06-19,3,2025-06-22,37.9,27.9,31.1,,37.4,23.7,4.2,,,,0.0,0.0
德州,jma_seamless,2025-06-18,4,2025-06-22,37.9,26.3,30.1,,37.5,24.2,6.2,,,,0.0,0.0
德州,jma_seamless,2025-06-17,5,2025-06-22,36.0,25.8,29.8,,36.7,32.0,6.7,,,,0.0,0.0
德州,jma_seamless,2025-06-16,6,2025-06-22,38.4,28.8,33.2,,41.1,32.5,5.2,,,,0.0,0.0
德州,jma_seamless,2025-06-15,7,2025-06-22,36.7,27.9,33.3,,39.3,36.5,8.3,,,,0.6,0.0
德州,jma_seamless,2025-06-22,1,2025-06-23,38.7,28.7,31.6,,38.4,23.1,7.3,,,,0.0,0.0
德州,jma_seamless,2025-06-21,2,2025-06-23,39.4,29.1,31.4,,38.7,20.5,8.9,,,,0.0,0.0
德州,jma_seamless,2025-06-20,3,2025-06-23,39.3,29.2,32.1,,39.0,22.0,8.2,,,,0.0,0.0
德州,jma_seamless,2025-06-19,4,2025-06-23,38.7,28.5,31.6,,38.2,22.4,6.6,,,,0.0,0.0
德州,jma_seamless,2025-06-18,5,2025-06-23,38.4,26.9,30.8,,38.2,23.8,7.3,,,,0.0,0.0
德州,jma_seamless,2025-06-17,6,2025-06-23,36.2,26.3,29.7,,35.6,26.5,7.2,,,,0.0,0.0
德州,jma_seamless,2025-06-16,7,2025-06-23,37.1,30.1,33.3,,37.8,29.6,8.1,,,,0.0,0.0
德州,jma_seamless,2025-06-23,1,2025-06-24,38.6,28.7,32.1,,38.2,23.0,5.1,,,,0.0,0.0
德州,jma_seamless,2025-06-22,2,2025-06-24,39.9,28.4,32.3,,39.8,21.8,6.2,,,,0.0,0.0
德州,jma_seamless,2025-06-21,3,2025-06-24,40.4,29.8,32.9,,40.1,20.6,5.5,,,,0.0,0.0
德州,jma_seamless,2025-06-20,4,2025-06-24,37.1,28.8,30.7,,36.0,22.5,10.6,,,,0.0,0.0
德州,jma_seamless,2025-06-19,5,2025-06-24,39.1,28.3,31.9,,38.9,22.6,6.7,,,,0.0,0.0
德州,jma_seamless,2025-06-18,6,2025-06-24,39.2,27.6,31.5,,38.9,22.1,6.6,,,,0.0,0.0
德州,jma_seamless,2025-06-17,7,2025-06-24,38.1,28.2,32.0,,38.6,27.0,8.2,,,,0.0,0.0
德州,jma_seamless,2025-06-24,1,2025-06-25,39.8,30.2,33.2,,40.0,23.0,7.4,,,,0.0,0.0
德州,jma_seamless,2025-06-23,2,2025-06-25,38.8,28.6,32.5,,39.7,26.6,7.1,,,,0.0,0.0
德州,jma_seamless,2025-06-22,3,2025-06-25,38.0,28.3,31.6,,38.7,27.7,8.3,,,,0.0,0.0
德州,jma_seamless,2025-06-21,4,2025-06-25,38.6,28.5,31.7,,38.8,24.8,8.2,,,,0.0,0.0
德州,jma_seamless,2025-06-20,5,2025-06-25,37.3,26.7,31.3,,37.3,26.8,8.4,,,,0.0,0.0
德州,jma_seamless,2025-06-19,6,2025-06-25,37.4,30.2,32.3,,36.6,23.4,8.1,,,,0.0,0.0
德州,jma_seamless,2025-06-18,7,2025-06-25,37.3,30.4,32.1,,36.0,21.3,7.7,,,,0.0,0.0
德州,jma_seamless,2025-06-25,1,2025-06-26,32.9,23.9,28.4,,33.7,40.3,9.8,,,,0.0,0.0
德州,jma_seamless,2025-06-24,2,2025-06-26,31.2,23.3,28.4,,31.6,42.8,6.1,,,,0.0,0.0
德州,jma_seamless,2025-06-23,3,2025-06-26,36.0,25.6,29.9,,38.8,39.1,6.9,,,,0.0,0.0
德州,jma_seamless,2025-06-22,4,2025-06-26,34.6,29.0,31.1,,34.5,31.8,8.5,,,,0.0,0.0
德州,jma_seamless,2025-06-21,5,2025-06-26,33.1,29.0,30.2,,31.8,27.8,7.5,,,,0.0,0.0
德州,jma_seamless,2025-06-20,6,2025-06-26,36.2,18.2,28.8,,42.1,46.6,11.9,,,,15.3,0.0
德州,jma_seamless,2025-06-19,7,2025-06-26,33.2,20.6,26.3,,39.0,57.1,11.3,,,,3.6,0.0
德州,jma_seamless,2025-06-26,1,2025-06-27,30.6,23.9,29.8,,33.3,56.9,2.7,,,,0.0,0.0
德州,jma_seamless,2025-06-25,2,2025-06-27,33.3,22.2,29.9,,37.6,52.4,3.9,,,,0.0,0.0
德州,jma_seamless,2025-06-24,3,2025-06-27,31.0,25.6,29.9,,32.5,49.2,4.0,,,,0.0,0.0
德州,jma_seamless,2025-06-23,4,2025-06-27,29.4,25.7,28.5,,29.9,48.1,10.0,,,,0.0,0.0
德州,jma_seamless,2025-06-22,5,2025-06-27,35.5,26.5,31.2,,37.9,39.3,6.8,,,,0.0,0.0
德州,jma_seamless,2025-06-21,6,2025-06-27,33.2,19.0,27.2,,37.4,52.4,6.7,,,,3.9,0.0
德州,jma_seamless,2025-06-20,7,2025-06-27,32.0,23.0,27.9,,37.3,60.9,7.0,,,,0.0,0.0
德州,jma_seamless,2025-06-27,1,2025-06-28,32.5,24.9,31.5,,40.2,65.5,5.0,,,,7.2,0.0
德州,jma_seamless,2025-06-26,2,2025-06-28,32.6,25.2,31.6,,40.8,66.5,6.4,,,,18.0,0.0
德州,jma_seamless,2025-06-25,3,2025-06-28,30.0,25.8,31.6,,34.7,68.6,4.2,,,,10.5,0.0
德州,jma_seamless,2025-06-24,4,2025-06-28,33.6,24.8,31.7,,42.5,63.5,4.8,,,,9.6,0.0
德州,jma_seamless,2025-06-23,5,2025-06-28,33.2,24.1,31.0,,37.9,53.9,7.2,,,,0.0,0.0
德州,jma_seamless,2025-06-22,6,2025-06-28,35.6,20.6,31.1,,41.3,48.0,6.4,,,,0.0,0.0
德州,jma_seamless,2025-06-21,7,2025-06-28,33.5,22.4,29.4,,39.4,56.3,6.0,,,,0.0,0.0
德州,jma_seamless,2025-06-28,1,2025-06-29,28.9,24.9,32.0,,35.2,83.2,3.9,,,,13.2,0.0
德州,jma_seamless,2025-06-27,2,2025-06-29,29.4,25.0,32.4,,36.2,81.4,2.7,,,,17.4,0.0
德州,jma_seamless,2025-06-26,3,2025-06-29,29.8,24.9,32.7,,36.9,79.5,5.7,,,,13.8,0.0
德州,jma_seamless,2025-06-25,4,2025-06-29,29.3,24.7,32.7,,36.1,82.0,5.5,,,,18.6,0.0
德州,jma_seamless,2025-06-24,5,2025-06-29,34.5,29.1,34.8,,39.8,50.8,8.6,,,,0.6,0.0
德州,jma_seamless,2025-06-23,6,2025-06-29,38.2,27.4,34.8,,45.4,43.1,8.6,,,,0.0,0.0
德州,jma_seamless,2025-06-22,7,2025-06-29,37.1,23.5,32.3,,45.3,48.5,7.6,,,,0.6,0.0
德州,jma_seamless,2025-06-29,1,2025-06-30,34.8,27.1,34.3,,44.4,59.8,7.6,,,,0.0,0.0
德州,jma_seamless,2025-06-28,2,2025-06-30,35.8,26.9,34.8,,45.8,56.7,8.2,,,,0.0,0.0
德州,jma_seamless,2025-06-27,3,2025-06-30,34.7,27.0,35.5,,45.5,62.9,6.3,,,,2.1,0.0
德州,jma_seamless,2025-06-26,4,2025-06-30,34.1,27.3,36.2,,44.8,65.2,5.6,,,,4.2,0.0
德州,jma_seamless,2025-06-25,5,2025-06-30,38.6,30.2,37.3,,54.3,56.0,11.6,,,,0.0,0.0
德州,jma_seamless,2025-06-24,6,2025-06-30,33.5,28.5,35.3,,42.9,65.2,9.5,,,,3.9,0.0
德州,jma_seamless,2025-06-23,7,2025-06-30,37.9,32.4,37.2,,43.7,41.0,10.5,,,,0.0,0.0
德州,jma_seamless,2025-06-30,1,2025-07-01,32.5,27.0,34.3,,43.9,74.9,10.0,,,,36.0,0.0
德州,jma_seamless,2025-06-29,2,2025-07-01,33.2,28.6,35.3,,43.5,68.7,9.7,,,,14.4,0.0
德州,jma_seamless,2025-06-28,3,2025-07-01,33.5,27.2,35.1,,47.5,75.0,8.9,,,,23.7,0.0
德州,jma_seamless,2025-06-27,4,2025-07-01,31.9,27.2,35.6,,40.8,71.8,7.4,,,,31.8,0.0
德州,jma_seamless,2025-06-26,5,2025-07-01,33.3,28.8,36.3,,44.9,71.0,9.8,,,,3.0,0.0
德州,jma_seamless,2025-06-25,6,2025-07-01,36.8,29.2,37.5,,51.7,61.6,10.8,,,,0.3,0.0
德州,jma_seamless,2025-06-24,7,2025-07-01,35.4,28.7,36.6,,47.2,61.9,9.7,,,,0.0,0.0
德州,jma_seamless,2025-07-01,1,2025-07-02,29.0,26.9,34.0,,36.6,88.2,7.4,,71.8,,,0.0
德州,jma_seamless,2025-06-30,2,2025-07-02,29.8,27.3,34.1,,38.7,85.8,9.8,,76.2,,,0.0
德州,jma_seamless,2025-06-29,3,2025-07-02,31.2,28.2,35.6,,43.3,84.5,8.1,,70.2,,,0.0
德州,jma_seamless,2025-06-28,4,2025-07-02,31.0,27.3,35.7,,43.2,86.3,7.7,,87.1,,,0.0
德州,jma_seamless,2025-06-27,5,2025-07-02,30.5,27.7,35.3,,40.8,84.7,6.6,,61.1,,,0.0
德州,jma_seamless,2025-06-26,6,2025-07-02,34.3,28.3,37.1,,51.0,75.8,9.9,,68.2,,,0.0
德州,jma_seamless,2025-06-25,7,2025-07-02,37.6,29.6,37.4,,56.9,64.8,14.9,,24.6,,,0.0
德州,jma_seamless,2025-07-02,1,2025-07-03,35.7,27.6,36.8,,55.4,73.8,10.1,,72.6,,,0.0
德州,jma_seamless,2025-07-01,2,2025-07-03,32.8,27.0,36.2,,45.5,76.0,9.2,,76.4,,,0.0
德州,jma_seamless,2025-06-30,3,2025-07-03,35.8,28.2,36.9,,51.6,67.2,11.4,,62.3,,,0.0
德州,jma_seamless,2025-06-29,4,2025-07-03,37.8,30.4,37.3,,52.4,57.3,15.7,,49.3,,,0.0
德州,jma_seamless,2025-06-28,5,2025-07-03,38.1,27.6,37.7,,58.6,64.5,12.1,,47.5,,,0.0
德州,jma_seamless,2025-06-27,6,2025-07-03,35.2,28.1,37.3,,51.9,71.4,8.8,,72.2,,,0.0
德州,jma_seamless,2025-06-26,7,2025-07-03,36.5,30.9,39.1,,56.2,70.1,8.1,,50.2,,,0.0
德州,jma_seamless,2025-07-03,1,2025-07-04,32.7,29.2,38.6,,46.1,78.1,4.9,,53.4,,,0.0
德州,jma_seamless,2025-07-02,2,2025-07-04,39.1,30.8,39.4,,57.0,57.3,9.6,,46.4,,,0.0
德州,jma_seamless,2025-07-01,3,2025-07-04,38.6,29.5,38.8,,57.8,60.8,10.2,,26.9,,,0.0
德州,jma_seamless,2025-06-30,4,2025-07-04,37.9,30.9,39.4,,54.0,59.1,10.2,,21.7,,,0.0
德州,jma_seamless,2025-06-29,5,2025-07-04,39.2,30.9,39.5,,56.9,56.6,9.5,,19.0,,,0.0
德州,jma_seamless,2025-06-28,6,2025-07-04,40.1,31.2,39.0,,58.3,54.3,8.9,,23.9,,,0.0
德州,jma_seamless,2025-06-27,7,2025-07-04,37.9,28.9,38.4,,56.9,63.2,4.2,,29.3,,,0.0
德州,jma_seamless,2025-07-04,1,2025-07-05,39.0,31.4,38.8,,52.9,52.0,8.7,,30.6,,,0.0
德州,jma_seamless,2025-07-03,2,2025-07-05,38.4,31.7,38.8,,52.7,54.7,9.1,,28.9,,,0.0
德州,jma_seamless,2025-07-02,3,2025-07-05,40.0,27.0,37.4,,57.5,53.7,10.1,,24.2,,,0.0
德州,jma_seamless,2025-07-01,4,2025-07-05,38.4,27.3,37.3,,58.1,62.2,10.3,,40.7,,,0.0
德州,jma_seamless,2025-06-30,5,2025-07-05,37.2,31.9,39.6,,49.0,54.9,8.6,,8.2,,,0.0
德州,jma_seamless,2025-06-29,6,2025-07-05,39.9,31.3,39.4,,56.3,52.5,9.8,,0.5,,,0.0
德州,jma_seamless,2025-06-28,7,2025-07-05,40.3,28.0,38.6,,60.5,56.0,4.2,,0.0,,,0.0
德州,jma_seamless,2025-07-05,1,2025-07-06,34.9,29.7,35.4,,42.7,55.6,9.4,,47.1,,,0.0
德州,jma_seamless,2025-07-04,2,2025-07-06,32.4,29.8,35.7,,39.7,64.9,8.7,,48.0,,,0.0
德州,jma_seamless,2025-07-03,3,2025-07-06,34.0,25.2,34.5,,48.5,73.4,7.1,,49.0,,,0.0
德州,jma_seamless,2025-07-02,4,2025-07-06,35.1,28.5,37.8,,50.1,69.0,4.7,,43.1,,,0.0
德州,jma_seamless,2025-07-01,5,2025-07-06,34.8,26.7,35.6,,45.3,61.8,5.7,,27.0,,,0.0
德州,jma_seamless,2025-06-30,6,2025-07-06,35.1,28.3,36.7,,43.3,55.7,4.6,,18.5,,,0.0
德州,jma_seamless,2025-06-29,7,2025-07-06,38.0,31.4,38.3,,48.1,49.1,6.8,,6.5,,,0.0
德州,jma_seamless,2025-07-06,1,2025-07-07,34.4,26.9,34.5,,46.9,67.6,5.4,,29.3,,,0.0
德州,jma_seamless,2025-07-05,2,2025-07-07,32.6,25.7,34.0,,42.7,71.2,5.5,,50.8,,,0.0
德州,jma_seamless,2025-07-04,3,2025-07-07,33.7,26.8,35.3,,47.6,73.7,5.0,,41.8,,,0.0
德州,jma_seamless,2025-07-03,4,2025-07-07,33.7,28.8,37.3,,49.7,77.7,5.2,,9.8,,,0.0
德州,jma_seamless,2025-07-02,5,2025-07-07,36.1,28.3,37.9,,52.0,66.0,4.7,,16.1,,,0.0
德州,jma_seamless,2025-07-01,6,2025-07-07,37.3,28.6,37.1,,50.4,56.6,4.3,,17.5,,,0.0
德州,jma_seamless,2025-06-30,7,2025-07-07,33.2,28.7,37.0,,44.7,71.4,5.8,,18.4,,,0.0
德州,jma_seamless,2025-07-07,1,2025-07-08,32.6,26.7,35.6,,46.1,78.9,4.5,,58.5,,,0.0
德州,jma_seamless,2025-07-06,2,2025-07-08,34.3,27.8,36.7,,50.4,74.8,3.0,,54.7,,,0.0
德州,jma_seamless,2025-07-05,3,2025-07-08,35.4,28.1,37.5,,55.0,75.0,3.9,,54.3,,,0.0
德州,jma_seamless,2025-07-04,4,2025-07-08,30.9,28.0,36.7,,41.9,83.8,4.5,,40.9,,,0.0
德州,jma_seamless,2025-07-03,5,2025-07-08,32.0,29.0,37.6,,43.7,78.3,4.5,,33.9,,,0.0
德州,jma_seamless,2025-07-02,6,2025-07-08,39.9,30.0,38.8,,59.6,56.8,5.6,,5.3,,,0.0
德州,jma_seamless,2025-07-01,7,2025-07-08,34.1,28.5,36.4,,45.5,66.8,4.6,,36.8,,,0.0
德州,jma_seamless,2025-07-08,1,2025-07-09,31.5,28.8,34.9,,39.0,70.0,6.9,,67.5,,,0.0
德州,jma_seamless,2025-07-07,2,2025-07-09,33.4,28.3,35.6,,44.0,68.2,5.1,,58.6,,,0.0
德州,jma_seamless,2025-07-06,3,2025-07-09,35.0,28.2,36.0,,48.7,67.1,5.9,,57.7,,,0.0
德州,jma_seamless,2025-07-05,4,2025-07-09,34.5,28.8,36.8,,47.2,67.5,5.3,,39.0,,,0.0
德州,jma_seamless,2025-07-04,5,2025-07-09,35.3,28.1,37.2,,52.8,72.2,3.7,,26.1,,,0.0
德州,jma_seamless,2025-07-03,6,2025-07-09,36.5,27.7,36.8,,53.1,65.5,4.4,,28.4,,,0.0
德州,jma_seamless,2025-07-02,7,2025-07-09,37.6,29.2,38.5,,53.8,60.4,4.5,,15.7,,,0.0
德州,jma_seamless,2025-07-09,1,2025-07-10,36.0,28.2,36.0,,47.5,58.8,6.9,,32.1,,,0.0
德州,jma_seamless,2025-07-08,2,2025-07-10,36.0,27.7,35.6,,49.2,61.9,7.2,,7.0,,,0.0
德州,jma_seamless,2025-07-07,3,2025-07-10,35.8,28.2,35.9,,49.7,64.0,7.7,,24.8,,,0.0
德州,jma_seamless,2025-07-06,4,2025-07-10,32.3,28.5,35.5,,40.7,68.4,6.4,,25.2,,,0.0
德州,jma_seamless,2025-07-05,5,2025-07-10,36.0,28.2,35.8,,47.8,59.3,6.7,,20.6,,,0.0
德州,jma_seamless,2025-07-04,6,2025-07-10,35.2,28.1,36.1,,45.7,60.1,5.8,,34.8,,,0.0
德州,jma_seamless,2025-07-03,7,2025-07-10,36.4,29.1,36.8,,47.3,56.2,4.6,,16.5,,,0.0
德州,jma_seamless,2025-07-10,1,2025-07-11,35.7,29.3,36.4,,45.5,56.8,6.0,,31.5,,,0.0
德州,jma_seamless,2025-07-09,2,2025-07-11,36.4,28.7,36.1,,47.5,56.6,5.5,,22.5,,,0.0
德州,jma_seamless,2025-07-08,3,2025-07-11,36.1,28.1,35.8,,48.0,59.2,6.9,,24.2,,,0.0
德州,jma_seamless,2025-07-07,4,2025-07-11,35.6,28.0,35.5,,46.0,58.3,6.1,,11.4,,,0.0
德州,jma_seamless,2025-07-06,5,2025-07-11,36.1,28.5,35.6,,46.1,55.5,6.6,,12.8,,,0.0
德州,jma_seamless,2025-07-05,6,2025-07-11,36.0,28.7,36.1,,45.8,55.5,6.3,,19.0,,,0.0
德州,jma_seamless,2025-07-04,7,2025-07-11,35.0,28.4,35.8,,44.0,57.7,6.4,,27.6,,,0.0
德州,jma_seamless,2025-07-11,1,2025-07-12,36.6,30.0,37.4,,47.2,54.9,4.3,,28.2,,,0.0
德州,jma_seamless,2025-07-10,2,2025-07-12,36.6,29.8,37.4,,47.4,55.2,3.8,,22.0,,,0.0
德州,jma_seamless,2025-07-09,3,2025-07-12,36.0,29.5,37.1,,46.7,57.4,3.8,,25.2,,,0.0
德州,jma_seamless,2025-07-08,4,2025-07-12,35.8,28.4,36.3,,46.7,58.4,3.3,,23.2,,,0.0
德州,jma_seamless,2025-07-07,5,2025-07-12,36.0,28.5,36.6,,47.7,59.2,3.1,,25.5,,,0.0
德州,jma_seamless,2025-07-06,6,2025-07-12,36.6,29.9,37.5,,49.0,58.1,4.4,,23.0,,,0.0
德州,jma_seamless,2025-07-05,7,2025-07-12,36.3,29.1,36.9,,48.4,58.8,6.9,,20.1,,,0.0
德州,jma_seamless,2025-07-12,1,2025-07-13,38.0,31.0,37.5,,49.5,51.5,7.2,,26.5,,,0.0
德州,jma_seamless,2025-07-11,2,2025-07-13,37.6,30.9,37.4,,48.0,51.0,7.0,,25.5,,,0.0
德州,jma_seamless,2025-07-10,3,2025-07-13,35.5,30.4,36.6,,44.0,54.7,6.1,,14.0,,,0.0
德州,jma_seamless,2025-07-09,4,2025-07-13,38.3,30.0,38.9,,54.2,57.4,2.7,,23.9,,,0.0
德州,jma_seamless,2025-07-08,5,2025-07-13,38.3,29.6,38.4,,52.3,54.5,3.1,,31.4,,,0.0
德州,jma_seamless,2025-07-07,6,2025-07-13,39.1,29.7,38.2,,54.3,53.5,4.8,,11.2,,,0.0
德州,jma_seamless,2025-07-06,7,2025-07-13,39.0,30.3,38.2,,52.4,51.2,5.6,,15.1,,,0.0
德州,jma_seamless,2025-07-13,1,2025-07-14,35.4,28.2,33.6,,40.8,48.0,6.0,,54.4,,,0.0
德州,jma_seamless,2025-07-12,2,2025-07-14,36.3,28.0,33.6,,42.0,45.6,6.6,,57.6,,,0.0
德州,jma_seamless,2025-07-11,3,2025-07-14,38.2,27.4,33.6,,46.1,44.4,8.0,,40.3,,,0.0
德州,jma_seamless,2025-07-10,4,2025-07-14,39.9,28.5,36.6,,53.3,48.4,10.1,,32.2,,,0.0
德州,jma_seamless,2025-07-09,5,2025-07-14,41.1,30.9,38.8,,58.1,49.6,6.7,,34.2,,,0.0
德州,jma_seamless,2025-07-08,6,2025-07-14,40.6,30.7,38.1,,52.8,44.5,10.6,,14.2,,,0.0
德州,jma_seamless,2025-07-07,7,2025-07-14,40.8,30.9,38.6,,53.5,44.7,6.8,,34.0,,,0.0
德州,jma_seamless,2025-07-14,1,2025-07-15,30.7,24.3,31.2,,37.2,71.5,10.2,,91.3,,,0.0
德州,jma_seamless,2025-07-13,2,2025-07-15,30.4,27.8,33.1,,33.7,60.5,8.1,,37.9,,,0.0
德州,jma_seamless,2025-07-12,3,2025-07-15,33.0,26.9,34.1,,37.5,54.1,8.4,,61.8,,,0.0
德州,jma_seamless,2025-07-11,4,2025-07-15,40.0,26.9,35.4,,52.3,46.5,12.2,,54.4,,,0.0
德州,jma_seamless,2025-07-10,5,2025-07-15,36.0,30.6,37.6,,46.0,56.0,5.9,,19.9,,,0.0
德州,jma_seamless,2025-07-09,6,2025-07-15,42.2,27.1,37.8,,61.9,49.5,10.8,,25.3,,,0.0
德州,jma_seamless,2025-07-08,7,2025-07-15,41.3,30.7,37.5,,51.8,40.2,5.8,,27.0,,,0.0
德州,gfs_seamless,2025-07-15,1,2025-07-16,24.5,19.0,25.1,,,,,,,28.32,1.0,
德州,gfs_seamless,2025-07-14,2,2025-07-16,26.7,20.1,25.8,,,,,,,27.85,2.2,
德州,gfs_seamless,2025-07-13,3,2025-07-16,27.6,20.1,26.7,,,,,,,26.58,0.3,
德州,gfs_seamless,2025-07-12,4,2025-07-16,38.0,22.5,27.0,,,,,,,28.02,0.0,
德州,gfs_seamless,2025-07-11,5,2025-07-16,24.3,20.8,24.5,,,,,,,23.3,0.0,
德州,gfs_seamless,2025-07-10,6,2025-07-16,26.8,22.0,27.6,,,,,,,28.5,0.0,
德州,gfs_seamless,2025-07-09,7,2025-07-16,29.2,19.6,26.6,,,,,,,27.51,0.0,
德州,jma_seamless,2025-07-15,1,2025-07-16,29.9,23.4,30.8,,37.0,78.7,7.5,,,,3.3,
德州,jma_seamless,2025-07-14,2,2025-07-16,29.0,25.5,31.6,,35.0,81.2,7.8,,,,3.0,
德州,jma_seamless,2025-07-13,3,2025-07-16,29.5,23.5,31.1,,35.4,76.9,6.6,,,,3.3,
德州,jma_seamless,2025-07-12,4,2025-07-16,32.8,25.6,32.1,,43.3,71.2,8.4,,,,0.6,
德州,jma_seamless,2025-07-11,5,2025-07-16,33.6,27.0,33.7,,41.5,61.0,7.9,,,,0.0,
德州,jma_seamless,2025-07-10,6,2025-07-16,35.1,25.7,33.4,,43.3,55.7,5.8,,,,0.0,
德州,jma_seamless,2025-07-09,7,2025-07-16,35.3,28.4,34.9,,46.4,60.9,7.7,,,,0.0,
德州,gfs_seamless,2025-07-16,1,2025-07-17,26.9,21.4,26.5,,,,,,,20.72,0.0,
德州,gfs_seamless,2025-07-15,2,2025-07-17,26.0,21.6,26.2,,,,,,,27.37,0.0,
德州,gfs_seamless,2025-07-14,3,2025-07-17,26.9,21.7,27.6,,,,,,,28.39,0.0,
德州,gfs_seamless,2025-07-13,4,2025-07-17,38.0,24.0,26.5,,,,,,,28.08,0.0,
德州,gfs_seamless,2025-07-12,5,2025-07-17,30.8,20.2,27.7,,,,,,,28.25,0.0,
德州,gfs_seamless,2025-07-11,6,2025-07-17,25.6,22.5,26.9,,,,,,,28.02,0.0,
德州,gfs_seamless,2025-07-10,7,2025-07-17,28.2,20.0,26.5,,,,,,,21.75,0.0,
德州,jma_seamless,2025-07-16,1,2025-07-17,34.2,24.6,33.0,,45.5,66.0,2.0,,,,0.0,
德州,jma_seamless,2025-07-15,2,2025-07-17,34.7,24.1,32.9,,47.3,66.4,2.5,,,,0.0,
德州,jma_seamless,2025-07-14,3,2025-07-17,34.3,25.2,32.6,,44.2,62.6,2.9,,,,0.0,
德州,jma_seamless,2025-07-13,4,2025-07-17,35.5,25.7,33.7,,47.8,62.3,2.0,,,,0.0,
德州,jma_seamless,2025-07-12,5,2025-07-17,38.5,26.6,35.0,,54.1,56.2,6.3,,,,0.0,
德州,jma_seamless,2025-07-11,6,2025-07-17,36.9,25.8,33.8,,45.1,49.2,6.2,,,,0.0,
德州,jma_seamless,2025-07-10,7,2025-07-17,39.1,27.5,34.8,,48.5,44.5,6.7,,,,0.0,
德州,gfs_seamless,2025-07-17,1,2025-07-18,29.5,20.6,27.8,,,,,,,27.38,0.0,
德州,gfs_seamless,2025-07-16,2,2025-07-18,28.9,21.0,27.8,,,,,,,25.98,0.0,
德州,gfs_seamless,2025-07-15,3,2025-07-18,27.4,21.3,27.6,,,,,,,27.86,0.0,
德州,gfs_seamless,2025-07-14,4,2025-07-18,40.7,25.4,27.7,,,,,,,27.87,0.0,
德州,gfs_seamless,2025-07-13,5,2025-07-18,30.4,20.2,27.6,,,,,,,28.59,0.0,
德州,gfs_seamless,2025-07-12,6,2025-07-18,32.8,21.1,28.9,,,,,,,27.0,0.0,
德州,gfs_seamless,2025-07-11,7,2025-07-18,28.9,20.6,29.0,,,,,,,28.42,0.0,
德州,jma_seamless,2025-07-17,1,2025-07-18,36.6,26.8,33.9,,45.7,52.1,5.2,,,,0.0,
德州,jma_seamless,2025-07-16,2,2025-07-18,36.6,26.3,34.4,,47.5,55.5,4.8,,,,0.0,
德州,jma_seamless,2025-07-15,3,2025-07-18,37.4,26.9,34.4,,47.8,51.6,5.8,,,,0.0,
德州,jma_seamless,2025-07-14,4,2025-07-18,36.8,25.9,33.8,,46.6,52.7,3.6,,,,0.0,
德州,jma_seamless,2025-07-13,5,2025-07-18,38.2,28.2,34.6,,45.8,43.9,7.3,,,,0.0,
德州,jma_seamless,2025-07-12,6,2025-07-18,39.9,29.2,36.0,,50.0,43.3,8.9,,,,0.0,
德州,jma_seamless,2025-07-11,7,2025-07-18,39.0,29.3,36.1,,47.8,43.8,9.0,,,,0.0,
德州,gfs_seamless,2025-07-18,1,2025-07-19,30.7,21.9,29.4,,,,,,,24.27,0.0,
德州,gfs_seamless,2025-07-17,2,2025-07-19,33.5,21.1,30.1,,,,,,,23.03,0.0,
德州,gfs_seamless,2025-07-16,3,2025-07-19,33.1,21.1,29.6,,,,,,,24.5,0.0,
德州,gfs_seamless,2025-07-15,4,2025-07-19,38.9,26.8,29.3,,,,,,,25.35,0.0,
德州,gfs_seamless,2025-07-14,5,2025-07-19,35.2,21.4,30.6,,,,,,,23.14,0.0,
德州,gfs_seamless,2025-07-13,6,2025-07-19,35.1,21.4,29.8,,,,,,,22.54,0.0,
德州,gfs_seamless,2025-07-12,7,2025-07-19,34.8,22.3,30.5,,,,,,,25.42,0.0,
德州,jma_seamless,2025-07-18,1,2025-07-19,36.3,26.4,34.1,,46.8,55.8,6.9,,,,0.0,
德州,jma_seamless,2025-07-17,2,2025-07-19,37.3,27.0,34.6,,48.0,52.5,6.8,,,,0.0,
德州,jma_seamless,2025-07-16,3,2025-07-19,36.7,27.0,33.9,,45.3,50.6,6.6,,,,0.0,
德州,jma_seamless,2025-07-15,4,2025-07-19,37.1,28.2,34.5,,45.0,48.0,6.2,,,,0.0,
德州,jma_seamless,2025-07-14,5,2025-07-19,37.4,28.6,35.4,,45.5,47.4,6.1,,,,0.0,
德州,jma_seamless,2025-07-13,6,2025-07-19,34.5,28.6,35.0,,40.0,51.3,8.5,,,,3.3,
德州,jma_seamless,2025-07-12,7,2025-07-19,38.7,29.8,36.4,,49.3,47.7,11.6,,,,0.0,
德州,gfs_seamless,2025-07-19,1,2025-07-20,32.8,24.4,30.5,,,,,,,15.03,0.3,
德州,gfs_seamless,2025-07-18,2,2025-07-20,33.0,25.1,30.3,,,,,,,14.27,0.4,
德州,gfs_seamless,2025-07-17,3,2025-07-20,32.4,25.2,30.0,,,,,,,4.08,0.1,
德州,gfs_seamless,2025-07-16,4,2025-07-20,35.2,26.0,30.2,,,,,,,10.16,0.4,
德州,gfs_seamless,2025-07-15,5,2025-07-20,32.6,25.2,30.2,,,,,,,12.9,3.6,
德州,gfs_seamless,2025-07-14,6,2025-07-20,33.6,22.4,30.5,,,,,,,11.3,4.6,
德州,gfs_seamless,2025-07-13,7,2025-07-20,33.9,24.2,31.2,,,,,,,16.68,4.3,
德州,jma_seamless,2025-07-19,1,2025-07-20,31.4,25.8,33.4,,38.2,68.5,9.7,,,,0.0,
德州,jma_seamless,2025-07-18,2,2025-07-20,32.5,26.8,34.9,,41.6,69.2,7.6,,,,4.5,
德州,jma_seamless,2025-07-17,3,2025-07-20,35.7,25.9,35.0,,49.0,63.4,8.3,,,,4.2,
德州,jma_seamless,2025-07-16,4,2025-07-20,31.6,27.6,34.7,,38.8,68.7,8.4,,,,9.9,
德州,jma_seamless,2025-07-15,5,2025-07-20,36.0,28.4,35.2,,46.5,56.9,6.6,,,,0.3,
德州,jma_seamless,2025-07-14,6,2025-07-20,29.2,25.2,31.8,,34.1,74.6,10.8,,,,3.9,
德州,jma_seamless,2025-07-13,7,2025-07-20,32.6,23.0,30.9,,43.7,73.6,5.5,,,,9.6,
德州,gfs_seamless,2025-07-20,1,2025-07-21,33.8,25.3,31.9,,,,,,,11.7,0.3,
德州,gfs_seamless,2025-07-19,2,2025-07-21,34.6,24.9,32.1,,,,,,,14.0,4.5,
德州,gfs_seamless,2025-07-18,3,2025-07-21,33.4,24.3,31.6,,,,,,,9.99,12.0,
德州,gfs_seamless,2025-07-17,4,2025-07-21,33.6,23.7,29.2,,,,,,,16.18,2.2,
德州,gfs_seamless,2025-07-16,5,2025-07-21,34.1,24.9,31.2,,,,,,,1.3,9.4,
德州,gfs_seamless,2025-07-15,6,2025-07-21,32.8,24.8,31.3,,,,,,,7.39,9.3,
德州,gfs_seamless,2025-07-14,7,2025-07-21,33.6,24.7,31.0,,,,,,,21.56,4.9,
德州,jma_seamless,2025-07-20,1,2025-07-21,28.7,24.9,30.7,,32.7,73.6,4.6,,,,1.2,
德州,jma_seamless,2025-07-19,2,2025-07-21,27.8,26.0,32.0,,31.4,78.4,3.0,,,,3.0,
德州,jma_seamless,2025-07-18,3,2025-07-21,29.0,25.7,32.5,,34.9,80.9,4.6,,,,4.2,
德州,jma_seamless,2025-07-17,4,2025-07-21,30.0,24.9,33.2,,38.7,83.6,4.5,,,,29.1,
德州,jma_seamless,2025-07-16,5,2025-07-21,31.0,25.5,32.9,,39.9,77.2,6.1,,,,12.9,
德州,jma_seamless,2025-07-15,6,2025-07-21,29.0,24.9,32.1,,34.8,80.4,6.5,,,,14.4,
德州,jma_seamless,2025-07-14,7,2025-07-21,29.1,20.5,26.8,,35.8,83.5,7.2,,,,60.6,
德州,gfs_seamless,2025-07-21,1,2025-07-22,34.5,24.9,32.1,,,,,,,21.65,7.4,
德州,gfs_seamless,2025-07-20,2,2025-07-22,33.8,25.0,31.5,,,,,,,15.36,10.9,
德州,gfs_seamless,2025-07-19,3,2025-07-22,33.3,23.7,30.8,,,,,,,10.82,4.4,
德州,gfs_seamless,2025-07-18,4,2025-07-22,32.0,23.0,30.4,,,,,,,24.26,0.4,
德州,gfs_seamless,2025-07-17,5,2025-07-22,30.2,23.4,30.0,,,,,,,24.76,2.4,
德州,gfs_seamless,2025-07-16,6,2025-07-22,33.5,24.0,32.2,,,,,,,13.99,3.2,
德州,gfs_seamless,2025-07-15,7,2025-07-22,33.9,23.5,32.3,,,,,,,12.71,5.1,
德州,jma_seamless,2025-07-21,1,2025-07-22,29.8,23.7,33.1,,38.6,85.5,3.9,,,,9.0,
德州,jma_seamless,2025-07-20,2,2025-07-22,30.6,25.8,34.0,,40.5,82.7,3.9,,,,8.7,
德州,jma_seamless,2025-07-19,3,2025-07-22,29.4,25.7,34.0,,37.4,85.9,3.5,,,,19.2,
德州,jma_seamless,2025-07-18,4,2025-07-22,30.2,25.9,33.6,,39.7,84.6,4.2,,,,12.3,
德州,jma_seamless,2025-07-17,5,2025-07-22,29.2,25.3,32.9,,35.8,82.0,4.1,,,,14.4,
德州,jma_seamless,2025-07-16,6,2025-07-22,30.2,26.5,34.1,,39.3,83.4,4.0,,,,9.3,
德州,jma_seamless,2025-07-15,7,2025-07-22,28.7,25.3,33.2,,34.9,85.0,2.6,,,,11.4,
德州,gfs_seamless,2025-07-22,1,2025-07-23,32.6,24.4,31.0,,,,,,,15.57,14.2,
德州,gfs_seamless,2025-07-21,2,2025-07-23,33.5,23.9,30.7,,,,,,,22.54,5.3,
德州,gfs_seamless,2025-07-20,3,2025-07-23,34.1,23.6,30.8,,,,,,,17.29,9.8,
德州,gfs_seamless,2025-07-19,4,2025-07-23,33.3,23.9,31.6,,,,,,,19.97,10.1,
德州,gfs_seamless,2025-07-18,5,2025-07-23,34.5,23.4,31.8,,,,,,,18.16,0.6,
德州,gfs_seamless,2025-07-17,6,2025-07-23,30.8,23.1,30.0,,,,,,,10.09,2.7,
德州,gfs_seamless,2025-07-16,7,2025-07-23,33.2,23.2,31.3,,,,,,,26.86,0.4,
德州,jma_seamless,2025-07-22,1,2025-07-23,30.1,26.1,34.0,,39.7,85.8,6.2,,,,7.5,
德州,jma_seamless,2025-07-21,2,2025-07-23,31.7,25.8,33.9,,44.7,83.5,6.7,,,,21.3,
德州,jma_seamless,2025-07-20,3,2025-07-23,31.7,26.3,34.6,,43.6,80.7,6.7,,,,4.2,
德州,jma_seamless,2025-07-19,4,2025-07-23,30.2,26.1,34.6,,39.4,83.5,5.2,,,,7.5,
德州,jma_seamless,2025-07-18,5,2025-07-23,32.7,26.6,34.2,,45.4,76.6,6.4,,,,4.2,
德州,jma_seamless,2025-07-17,6,2025-07-23,35.1,26.1,35.5,,52.1,72.3,6.1,,,,2.1,
德州,jma_seamless,2025-07-16,7,2025-07-23,34.1,26.1,35.2,,48.9,73.4,4.9,,,,2.4,
德州,gfs_seamless,2025-07-23,1,2025-07-24,33.4,23.9,31.5,,,,,,,26.64,0.0,
德州,gfs_seamless,2025-07-22,2,2025-07-24,33.5,23.5,31.1,,,,,,,25.29,0.1,
德州,gfs_seamless,2025-07-21,3,2025-07-24,34.7,22.9,31.6,,,,,,,27.38,0.0,
德州,gfs_seamless,2025-07-20,4,2025-07-24,36.8,26.2,30.7,,,,,,,27.64,0.0,
德州,gfs_seamless,2025-07-19,5,2025-07-24,31.9,22.5,29.8,,,,,,,26.13,0.0,
德州,gfs_seamless,2025-07-18,6,2025-07-24,31.6,22.7,29.4,,,,,,,27.28,0.0,
德州,gfs_seamless,2025-07-17,7,2025-07-24,33.9,23.2,30.9,,,,,,,27.45,0.0,
德州,jma_seamless,2025-07-23,1,2025-07-24,30.8,26.7,34.9,,40.1,79.6,7.8,,,,6.3,
德州,jma_seamless,2025-07-22,2,2025-07-24,34.5,27.7,35.2,,47.1,67.2,9.4,,,,0.9,
德州,jma_seamless,2025-07-21,3,2025-07-24,35.2,27.7,35.3,,48.5,65.4,9.4,,,,0.0,
德州,jma_seamless,2025-07-20,4,2025-07-24,34.6,26.7,34.9,,48.5,69.2,8.6,,,,0.6,
德州,jma_seamless,2025-07-19,5,2025-07-24,30.2,27.0,33.5,,36.9,75.1,6.7,,,,1.8,
德州,jma_seamless,2025-07-18,6,2025-07-24,29.9,26.9,33.6,,36.3,76.0,7.0,,,,6.6,
德州,jma_seamless,2025-07-17,7,2025-07-24,35.4,27.9,35.7,,48.9,65.0,7.0,,,,0.0,
德州,gfs_seamless,2025-07-24,1,2025-07-25,35.6,22.2,31.0,,,,,,,27.47,0.0,
德州,gfs_seamless,2025-07-23,2,2025-07-25,34.9,23.0,31.4,,,,,,,27.47,0.0,
德州,gfs_seamless,2025-07-22,3,2025-07-25,34.3,22.3,30.2,,,,,,,26.62,0.0,
德州,gfs_seamless,2025-07-21,4,2025-07-25,38.7,25.8,28.8,,,,,,,27.76,0.0,
德州,gfs_seamless,2025-07-20,5,2025-07-25,33.0,21.7,29.0,,,,,,,28.17,0.0,
德州,gfs_seamless,2025-07-19,6,2025-07-25,31.5,22.9,29.9,,,,,,,27.11,0.0,
德州,gfs_seamless,2025-07-18,7,2025-07-25,31.7,24.0,30.0,,,,,,,27.2,0.0,
德州,jma_seamless,2025-07-24,1,2025-07-25,35.7,28.4,35.6,,48.9,63.2,11.6,,,,0.0,
德州,jma_seamless,2025-07-23,2,2025-07-25,35.5,28.3,35.0,,47.8,62.4,11.1,,,,0.0,
德州,jma_seamless,2025-07-22,3,2025-07-25,35.1,28.3,34.9,,46.9,63.0,11.3,,,,0.0,
德州,jma_seamless,2025-07-21,4,2025-07-25,35.1,28.0,34.5,,46.4,62.1,12.3,,,,0.0,
德州,jma_seamless,2025-07-20,5,2025-07-25,35.3,27.9,34.8,,48.0,64.0,9.9,,,,0.0,
德州,jma_seamless,2025-07-19,6,2025-07-25,33.5,28.1,34.9,,43.9,67.3,9.0,,,,0.6,
德州,jma_seamless,2025-07-18,7,2025-07-25,34.2,28.1,35.6,,45.8,66.6,8.1,,,,0.0,
德州,gfs_seamless,2025-07-25,1,2025-07-26,35.9,22.6,32.0,,,,,,,27.78,0.0,
德州,gfs_seamless,2025-07-24,2,2025-07-26,37.1,23.0,31.8,,,,,,,27.16,0.0,
德州,gfs_seamless,2025-07-23,3,2025-07-26,32.9,22.7,29.4,,,,,,,27.26,0.0,
德州,gfs_seamless,2025-07-22,4,2025-07-26,38.4,26.1,28.9,,,,,,,27.46,0.0,
德州,gfs_seamless,2025-07-21,5,2025-07-26,33.2,23.1,30.0,,,,,,,27.94,0.0,
德州,gfs_seamless,2025-07-20,6,2025-07-26,33.7,23.4,30.9,,,,,,,25.23,0.0,
德州,gfs_seamless,2025-07-19,7,2025-07-26,31.7,23.7,29.2,,,,,,,24.94,0.6,
德州,jma_seamless,2025-07-25,1,2025-07-26,36.1,28.3,35.9,,50.1,62.8,9.2,,,,0.0,
德州,jma_seamless,2025-07-24,2,2025-07-26,35.3,27.9,35.5,,48.0,64.0,8.7,,,,0.0,
德州,jma_seamless,2025-07-23,3,2025-07-26,35.2,27.7,35.3,,47.9,64.4,8.2,,,,0.0,
德州,jma_seamless,2025-07-22,4,2025-07-26,35.5,28.0,35.5,,47.8,62.3,8.8,,,,0.0,
德州,jma_seamless,2025-07-21,5,2025-07-26,35.3,28.4,35.3,,47.0,62.0,9.7,,,,0.0,
德州,jma_seamless,2025-07-20,6,2025-07-26,35.5,28.4,35.5,,48.5,63.6,8.2,,,,0.0,
德州,jma_seamless,2025-07-19,7,2025-07-26,34.1,28.7,35.5,,44.8,65.2,9.7,,,,-0.6,
德州,gfs_seamless,2025-07-26,1,2025-07-27,34.1,24.0,31.2,,,,,,,27.53,0.0,
德州,gfs_seamless,2025-07-25,2,2025-07-27,34.3,23.6,31.5,,,,,,,27.47,0.0,
德州,gfs_seamless,2025-07-24,3,2025-07-27,33.5,23.6,31.2,,,,,,,27.5,0.0,
德州,gfs_seamless,2025-07-23,4,2025-07-27,33.0,22.8,30.5,,,,,,,27.61,0.0,
德州,gfs_seamless,2025-07-22,5,2025-07-27,32.7,22.9,29.7,,,,,,,27.73,0.0,
德州,gfs_seamless,2025-07-21,6,2025-07-27,30.3,23.4,28.7,,,,,,,27.29,0.0,
德州,gfs_seamless,2025-07-20,7,2025-07-27,34.5,23.8,31.5,,,,,,,16.31,1.3,
德州,jma_seamless,2025-07-26,1,2025-07-27,36.3,28.2,36.2,,50.0,61.6,6.6,,,,0.0,
德州,jma_seamless,2025-07-25,2,2025-07-27,36.1,27.7,35.8,,49.1,61.1,5.9,,,,0.0,
德州,jma_seamless,2025-07-24,3,2025-07-27,35.7,27.9,35.5,,47.9,61.3,7.3,,,,0.0,
德州,jma_seamless,2025-07-23,4,2025-07-27,35.3,27.9,35.6,,47.0,62.0,6.7,,,,0.0,
德州,jma_seamless,2025-07-22,5,2025-07-27,31.3,28.2,34.9,,39.1,72.0,7.5,,,,0.6,
德州,jma_seamless,2025-07-21,6,2025-07-27,34.8,27.6,34.9,,47.1,65.4,7.1,,,,0.0,
德州,jma_seamless,2025-07-20,7,2025-07-27,33.1,28.0,34.2,,40.3,61.4,8.5,,,,0.0,
德州,gfs_seamless,2025-07-27,1,2025-07-28,33.8,23.9,31.9,,,,,,,27.04,0.0,
德州,gfs_seamless,2025-07-26,2,2025-07-28,32.7,23.8,31.4,,,,,,,26.27,0.0,
德州,gfs_seamless,2025-07-25,3,2025-07-28,34.6,23.1,31.2,,,,,,,26.34,0.0,
德州,gfs_seamless,2025-07-24,4,2025-07-28,33.8,23.4,31.0,,,,,,,27.12,0.0,
德州,gfs_seamless,2025-07-23,5,2025-07-28,33.2,23.3,31.1,,,,,,,26.8,0.0,
德州,gfs_seamless,2025-07-22,6,2025-07-28,30.6,23.4,28.6,,,,,,,21.96,0.0,
德州,gfs_seamless,2025-07-21,7,2025-07-28,32.1,23.3,29.1,,,,,,,19.7,1.2,
德州,jma_seamless,2025-07-27,1,2025-07-28,37.3,29.5,37.4,,49.9,55.8,4.9,,,,0.0,
德州,jma_seamless,2025-07-26,2,2025-07-28,37.0,29.0,36.6,,49.0,55.9,5.5,,,,0.0,
德州,jma_seamless,2025-07-25,3,2025-07-28,36.4,29.1,36.6,,47.7,56.9,6.3,,,,0.0,
德州,jma_seamless,2025-07-24,4,2025-07-28,36.5,28.4,35.8,,48.4,57.6,7.2,,,,0.0,
德州,jma_seamless,2025-07-23,5,2025-07-28,31.9,28.2,35.3,,39.8,69.0,5.1,,,,0.0,
德州,jma_seamless,2025-07-22,6,2025-07-28,32.3,27.5,35.4,,45.0,79.0,5.2,,,,7.5,
德州,jma_seamless,2025-07-21,7,2025-07-28,35.9,27.6,35.2,,51.1,65.8,5.9,,,,0.6,
德州,gfs_seamless,2025-07-28,1,2025-07-29,37.7,24.2,32.5,,,,,,,19.97,7.7,
德州,gfs_seamless,2025-07-27,2,2025-07-29,34.4,24.2,32.0,,,,,,,23.79,6.5,
德州,gfs_seamless,2025-07-26,3,2025-07-29,260,23.7,30.2,,,,,,,26.23,1.6,
德州,gfs_seamless,2025-07-25,4,2025-07-29,34.2,22.9,31.0,,,,,,,21.15,1.0,
德州,gfs_seamless,2025-07-24,5,2025-07-29,37.2,23.1,31.8,,,,,,,27.23,0.2,
德州,gfs_seamless,2025-07-23,6,2025-07-29,33.5,23.9,31.1,,,,,,,20.48,0.1,
德州,gfs_seamless,2025-07-22,7,2025-07-29,31.0,23.4,30.0,,,,,,,17.68,0.0,
德州,jma_seamless,2025-07-28,1,2025-07-29,31.8,26.6,35.4,,41.9,75.7,7.9,,,,24.6,
德州,jma_seamless,2025-07-27,2,2025-07-29,34.4,26.8,35.7,,49.3,72.1,6.3,,,,14.4,
德州,jma_seamless,2025-07-26,3,2025-07-29,32.6,27.6,35.6,,41.8,68.9,4.6,,,,2.7,
德州,jma_seamless,2025-07-25,4,2025-07-29,36.6,28.9,37.1,,50.6,60.8,5.5,,,,0.3,
德州,jma_seamless,2025-07-24,5,2025-07-29,36.6,28.8,36.6,,50.8,61.2,7.7,,,,3.9,
德州,jma_seamless,2025-07-23,6,2025-07-29,34.9,27.3,35.4,,47.7,65.8,7.6,,,,0.3,
德州,jma_seamless,2025-07-22,7,2025-07-29,34.7,26.8,35.8,,53.5,77.2,6.6,,,,3.6,
德州,ecmwf_ifs025,2025-09-09,1,2025-09-10,30.5,21.0,27.2,,35.3,66.2,12.0,,3.4,19.92,0.0,
德州,ecmwf_ifs025,2025-09-08,2,2025-09-10,31.3,20.9,27.8,,37.4,66.6,10.7,,3.3,19.89,0.0,
德州,ecmwf_ifs025,2025-09-07,3,2025-09-10,30.7,20.6,27.8,,36.7,69.7,10.3,,10.0,19.83,0.0,
德州,ecmwf_ifs025,2025-09-06,4,2025-09-10,29.9,20.4,27.3,,34.8,70.0,8.5,,18.4,18.09,0.0,
德州,ecmwf_ifs025,2025-09-05,5,2025-09-10,29.5,20.6,26.9,,34.8,74.1,10.1,,1.7,18.66,0.0,
德州,ecmwf_ifs025,2025-09-04,6,2025-09-10,29.2,20.5,25.9,,33.6,72.1,10.8,,0.3,18.23,0.0,
德州,ecmwf_ifs025,2025-09-03,7,2025-09-10,29.9,20.5,26.5,,35.2,71.5,8.5,,4.3,19.0,0.0,
德州,gfs_seamless,2025-09-09,1,2025-09-10,30.9,18.6,25.3,,36.0,65.2,15.7,54.4,8.6,22.53,0.0,0.0
德州,gfs_seamless,2025-09-08,2,2025-09-10,31.4,18.0,24.8,,37.7,66.8,15.7,55.1,0.0,22.58,0.0,0.0
德州,gfs_seamless,2025-09-07,3,2025-09-10,30.1,18.9,25.3,,36.3,73.8,14.6,49.3,13.1,22.44,0.0,0.0
德州,gfs_seamless,2025-09-06,4,2025-09-10,30.5,19.1,25.6,,36.5,70.9,15.1,52.2,11.7,22.31,0.0,0.0
德州,gfs_seamless,2025-09-05,5,2025-09-10,31.1,18.9,26.2,,37.5,68.9,13.8,48.2,15.8,22.32,0.0,0.0
德州,gfs_seamless,2025-09-04,6,2025-09-10,31.7,17.8,25.4,,37.5,63.8,16.9,54.4,1.2,22.14,0.0,0.0
德州,gfs_seamless,2025-09-03,7,2025-09-10,30.9,18.2,25.2,,37.5,70.5,11.9,29.5,0.0,22.31,0.0,0.0
德州,jma_seamless,2025-09-09,1,2025-09-10,32.2,23.8,28.2,,36.3,56.0,10.2,,2.6,,0.0,0.0
德州,jma_seamless,2025-09-08,2,2025-09-10,33.1,23.7,28.2,,37.2,52.5,10.7,,0.0,,0.0,0.0
德州,jma_seamless,2025-09-07,3,2025-09-10,32.6,23.2,27.8,,36.3,53.0,9.7,,4.5,,0.0,0.0
德州,jma_seamless,2025-09-06,4,2025-09-10,32.5,22.7,27.4,,36.2,53.3,8.3,,10.1,,0.0,0.0
德州,jma_seamless,2025-09-05,5,2025-09-10,35.2,24.1,29.0,,40.5,48.3,7.2,,4.1,,0.0,0.0
德州,jma_seamless,2025-09-04,6,2025-09-10,31.5,21.4,27.1,,34.6,54.7,4.8,,35.5,,0.0,0.0
德州,jma_seamless,2025-09-03,7,2025-09-10,32.5,23.5,29.3,,38.1,59.5,6.0,,23.3,,0.0,0.0
德州,ecmwf_ifs025,2025-09-10,1,2025-09-11,29.2,20.5,26.0,,32.7,67.3,8.3,,55.8,16.07,0.0,
德州,ecmwf_ifs025,2025-09-09,2,2025-09-11,30.3,20.3,26.5,,35.6,69.4,6.9,,68.7,16.02,0.0,
德州,ecmwf_ifs025,2025-09-08,3,2025-09-11,28.0,21.7,27.0,,31.1,72.9,6.7,,71.9,11.73,0.0,
德州,ecmwf_ifs025,2025-09-07,4,2025-09-11,27.1,21.7,26.1,,29.5,75.0,7.2,,55.4,10.31,0.3,
德州,ecmwf_ifs025,2025-09-06,5,2025-09-11,29.2,20.8,27.1,,33.9,73.4,7.8,,57.8,14.59,0.0,
德州,ecmwf_ifs025,2025-09-05,6,2025-09-11,27.2,22.1,26.8,,29.9,76.8,8.9,,54.2,8.85,0.3,
德州,ecmwf_ifs025,2025-09-04,7,2025-09-11,28.6,21.7,27.1,,33.1,77.1,9.3,,35.0,16.38,0.3,
德州,gfs_seamless,2025-09-10,1,2025-09-11,29.7,19.6,25.6,,33.6,66.7,9.0,29.2,74.2,17.97,0.0,0.0
德州,gfs_seamless,2025-09-09,2,2025-09-11,27.6,19.6,24.5,,29.3,64.0,9.2,39.2,96.3,9.42,0.0,0.0
德州,gfs_seamless,2025-09-08,3,2025-09-11,28.5,19.2,24.2,,31.2,67.0,10.5,35.6,99.9,15.24,0.0,0.0
德州,gfs_seamless,2025-09-07,4,2025-09-11,28.2,19.4,23.8,,31.6,73.5,9.8,33.1,85.2,10.73,0.1,0.0
德州,gfs_seamless,2025-09-06,5,2025-09-11,25.0,19.8,24.7,,,81.5,10.8,39.6,100.0,5.67,0.4,0.0
德州,gfs_seamless,2025-09-05,6,2025-09-11,31.2,20.3,26.2,,39.0,72.8,11.4,47.9,72.3,17.27,0.0,0.0
德州,gfs_seamless,2025-09-04,7,2025-09-11,31.6,20.0,25.5,,37.1,63.1,17.5,52.6,20.0,22.18,0.0,0.0
德州,jma_seamless,2025-09-10,1,2025-09-11,32.8,23.5,28.4,,37.7,56.1,7.2,,60.0,,0.0,0.0
德州,jma_seamless,2025-09-09,2,2025-09-11,32.8,22.7,28.2,,37.6,55.7,6.0,,58.6,,0.9,0.0
德州,jma_seamless,2025-09-08,3,2025-09-11,29.8,23.9,28.0,,31.8,56.4,6.9,,69.4,,0.0,0.0
德州,jma_seamless,2025-09-07,4,2025-09-11,30.1,24.6,28.9,,33.4,61.8,6.4,,71.0,,0.0,0.0
德州,jma_seamless,2025-09-06,5,2025-09-11,31.0,23.5,27.1,,32.7,50.3,6.1,,72.1,,1.2,0.0
德州,jma_seamless,2025-09-05,6,2025-09-11,31.5,23.9,28.9,,34.6,54.9,3.9,,70.0,,1.2,0.0
德州,jma_seamless,2025-09-04,7,2025-09-11,33.5,21.9,28.6,,39.0,55.0,4.0,,26.2,,0.0,0.0
德州,ecmwf_ifs025,2025-09-11,1,2025-09-12,28.5,18.6,24.5,,31.4,68.5,7.7,,17.2,17.37,0.0,
德州,ecmwf_ifs025,2025-09-10,2,2025-09-12,29.2,20.4,25.5,,32.2,64.8,9.2,,11.2,17.56,0.0,
德州,ecmwf_ifs025,2025-09-09,3,2025-09-12,28.9,21.0,25.4,,32.1,67.4,10.5,,20.0,16.53,3.3,
德州,ecmwf_ifs025,2025-09-08,4,2025-09-12,29.3,19.7,25.3,,32.6,65.8,9.4,,12.8,18.86,2.7,
德州,ecmwf_ifs025,2025-09-07,5,2025-09-12,27.0,21.1,26.6,,29.3,75.7,5.6,,24.3,9.68,0.3,
德州,ecmwf_ifs025,2025-09-06,6,2025-09-12,26.7,19.7,24.7,,,75.8,13.3,,40.2,9.5,7.5,
德州,ecmwf_ifs025,2025-09-05,7,2025-09-12,25.2,20.8,26.5,,,85.0,7.6,,50.4,6.72,11.4,
德州,gfs_seamless,2025-09-11,1,2025-09-12,23.5,16.6,21.6,,,71.0,5.5,19.8,74.1,7.81,0.0,0.0
德州,gfs_seamless,2025-09-10,2,2025-09-12,27.2,19.0,23.8,,28.7,64.6,9.0,37.8,63.6,18.05,0.0,0.0
德州,gfs_seamless,2025-09-09,3,2025-09-12,26.8,15.6,20.4,,,67.4,12.5,37.1,35.5,21.39,0.0,0.0
德州,gfs_seamless,2025-09-08,4,2025-09-12,27.0,15.8,21.4,,29.3,75.3,10.2,31.7,61.5,20.64,2.1,0.0
德州,gfs_seamless,2025-09-07,5,2025-09-12,26.1,16.5,22.7,,,77.9,9.7,32.8,70.0,11.01,1.5,0.0
德州,gfs_seamless,2025-09-06,6,2025-09-12,21.6,18.1,20.7,,,94.7,16.7,46.8,89.3,1.25,0.8,0.0
德州,gfs_seamless,2025-09-05,7,2025-09-12,31.2,20.1,27.3,,39.5,74.2,10.2,47.2,69.1,20.58,0.0,0.0
德州,jma_seamless,2025-09-11,1,2025-09-12,29.0,22.3,27.0,,31.7,63.9,2.5,,46.8,,0.0,0.0
德州,jma_seamless,2025-09-10,2,2025-09-12,24.4,20.5,23.5,,,63.2,7.8,,64.8,,0.9,0.0
德州,jma_seamless,2025-09-09,3,2025-09-12,26.0,20.8,25.1,,,64.2,6.0,,59.6,,3.6,0.0
德州,jma_seamless,2025-09-08,4,2025-09-12,28.4,19.6,25.4,,29.9,59.1,6.8,,48.0,,1.8,0.0
德州,jma_seamless,2025-09-07,5,2025-09-12,22.9,21.5,24.3,,,85.0,7.5,,67.1,,37.2,0.0
德州,jma_seamless,2025-09-06,6,2025-09-12,24.1,18.5,24.0,,,83.2,6.0,,67.9,,13.8,0.0
德州,jma_seamless,2025-09-05,7,2025-09-12,27.9,21.7,27.5,,30.6,70.7,4.0,,65.9,,1.2,0.0
德州,ecmwf_ifs025,2025-09-12,1,2025-09-13,28.8,19.1,26.6,,32.8,73.0,8.0,,0.9,18.66,0.0,
德州,ecmwf_ifs025,2025-09-11,2,2025-09-13,29.9,18.8,26.9,,35.1,71.2,7.4,,3.9,18.99,0.0,
德州,ecmwf_ifs025,2025-09-10,3,2025-09-13,31.2,19.0,27.1,,35.9,62.3,6.7,,0.0,19.0,0.0,
德州,ecmwf_ifs025,2025-09-09,4,2025-09-13,30.1,16.4,24.7,,34.2,65.5,10.3,,2.9,19.17,0.0,
德州,ecmwf_ifs025,2025-09-08,5,2025-09-13,30.3,17.6,25.6,,34.8,66.2,11.1,,0.0,19.29,0.0,
德州,ecmwf_ifs025,2025-09-07,6,2025-09-13,29.3,18.6,25.3,,33.2,68.9,4.2,,0.0,18.05,0.0,
德州,ecmwf_ifs025,2025-09-06,7,2025-09-13,28.6,19.4,26.3,,33.3,78.2,7.4,,7.1,17.62,0.0,
德州,gfs_seamless,2025-09-12,1,2025-09-13,30.5,16.3,24.3,,35.2,65.7,10.1,56.5,7.3,21.9,0.0,0.0
德州,gfs_seamless,2025-09-11,2,2025-09-13,29.0,18.4,23.9,,32.2,66.8,10.0,51.8,15.7,21.97,0.0,0.0
德州,gfs_seamless,2025-09-10,3,2025-09-13,29.3,15.6,22.4,,32.3,64.5,15.1,59.0,13.8,21.29,0.0,0.0
德州,gfs_seamless,2025-09-09,4,2025-09-13,29.2,15.5,22.1,,32.8,67.9,15.2,61.9,9.2,21.9,0.0,0.0
德州,gfs_seamless,2025-09-08,5,2025-09-13,28.9,16.4,22.7,,32.4,69.5,13.3,53.3,23.9,21.81,0.0,0.0
德州,gfs_seamless,2025-09-07,6,2025-09-13,28.3,17.4,23.9,,32.2,76.3,12.1,51.5,11.2,21.63,0.0,0.0
德州,gfs_seamless,2025-09-06,7,2025-09-13,27.8,18.1,24.8,,31.4,78.9,8.6,51.1,5.2,21.63,0.0,0.0
德州,jma_seamless,2025-09-12,1,2025-09-13,31.3,21.7,28.0,,36.5,63.7,5.8,,0.3,,0.0,0.0
德州,jma_seamless,2025-09-11,2,2025-09-13,31.6,21.5,27.3,,36.5,61.2,5.4,,2.1,,0.0,0.0
德州,jma_seamless,2025-09-10,3,2025-09-13,28.6,19.4,25.4,,30.8,62.9,4.9,,1.1,,0.0,0.0
德州,jma_seamless,2025-09-09,4,2025-09-13,29.8,18.9,24.7,,32.4,59.5,6.5,,3.8,,0.0,0.0
德州,jma_seamless,2025-09-08,5,2025-09-13,30.1,20.1,26.1,,34.1,65.0,5.4,,1.5,,0.0,0.0
德州,jma_seamless,2025-09-07,6,2025-09-13,29.2,19.3,27.1,,34.4,75.9,4.2,,9.4,,0.0,0.0
德州,jma_seamless,2025-09-06,7,2025-09-13,28.7,19.8,26.4,,32.8,73.9,4.1,,0.1,,0.0,0.0
德州,ecmwf_ifs025,2025-09-13,1,2025-09-14,30.9,22.4,29.4,,38.5,73.8,9.4,,0.2,18.8,0.0,
德州,ecmwf_ifs025,2025-09-12,2,2025-09-14,30.8,22.6,28.7,,36.6,68.2,10.1,,0.0,18.91,0.0,
德州,ecmwf_ifs025,2025-09-11,3,2025-09-14,32.0,23.6,29.6,,38.4,64.2,9.8,,0.0,18.7,0.0,
德州,ecmwf_ifs025,2025-09-10,4,2025-09-14,32.1,22.7,26.8,,35.4,53.5,11.8,,0.0,19.59,0.0,
德州,ecmwf_ifs025,2025-09-09,5,2025-09-14,32.4,21.5,26.6,,37.5,58.5,11.5,,0.8,19.55,0.0,
德州,ecmwf_ifs025,2025-09-08,6,2025-09-14,32.8,22.6,29.2,,41.3,66.3,10.1,,0.3,17.29,0.0,
德州,ecmwf_ifs025,2025-09-07,7,2025-09-14,30.9,22.0,28.6,,37.4,70.3,9.4,,0.0,16.63,0.0,
德州,gfs_seamless,2025-09-13,1,2025-09-14,33.0,20.8,28.2,,43.1,69.1,15.9,56.9,6.1,21.2,0.0,0.0
德州,gfs_seamless,2025-09-12,2,2025-09-14,33.0,19.2,27.4,,42.3,67.3,14.1,47.9,10.4,21.11,0.0,0.0
德州,gfs_seamless,2025-09-11,3,2025-09-14,33.6,20.1,26.4,,42.7,64.0,17.6,57.6,1.0,21.34,0.0,0.0
德州,gfs_seamless,2025-09-10,4,2025-09-14,32.5,19.4,23.9,,38.3,60.0,19.0,62.6,0.5,21.75,0.0,0.0
德州,gfs_seamless,2025-09-09,5,2025-09-14,33.2,19.7,26.2,,42.5,66.3,14.9,55.8,26.8,21.91,0.3,0.0
德州,gfs_seamless,2025-09-08,6,2025-09-14,32.9,20.9,25.9,,39.2,59.7,12.0,55.8,1.5,22.01,0.0,0.0
德州,gfs_seamless,2025-09-07,7,2025-09-14,31.0,19.9,27.1,,38.7,73.5,13.4,54.4,27.7,20.8,0.0,0.0
德州,jma_seamless,2025-09-13,1,2025-09-14,33.5,24.9,30.3,,39.3,55.8,6.0,,0.2,,0.0,0.0
德州,jma_seamless,2025-09-12,2,2025-09-14,33.8,24.2,28.1,,37.1,47.3,4.8,,8.8,,0.0,0.0
德州,jma_seamless,2025-09-11,3,2025-09-14,34.1,23.5,28.7,,38.4,49.5,4.9,,15.2,,0.0,0.0
德州,jma_seamless,2025-09-10,4,2025-09-14,33.9,22.3,25.7,,36.2,43.4,6.0,,5.5,,0.0,0.0
德州,jma_seamless,2025-09-09,5,2025-09-14,32.8,22.6,25.1,,33.4,39.7,7.0,,3.9,,0.0,0.0
德州,jma_seamless,2025-09-08,6,2025-09-14,32.5,22.5,28.2,,38.7,61.3,4.3,,13.6,,0.6,0.0
德州,jma_seamless,2025-09-07,7,2025-09-14,32.2,22.8,29.5,,39.3,65.2,4.8,,26.2,,0.0,0.0
德州,ecmwf_ifs025,2025-09-14,1,2025-09-15,29.8,22.3,30.2,,36.3,77.3,6.2,,51.0,15.26,0.0,
德州,ecmwf_ifs025,2025-09-13,2,2025-09-15,30.6,22.8,30.4,,38.2,75.8,6.8,,44.9,15.13,0.0,
德州,ecmwf_ifs025,2025-09-12,3,2025-09-15,30.6,22.9,28.3,,34.7,63.1,9.1,,45.7,16.82,0.0,
德州,ecmwf_ifs025,2025-09-11,4,2025-09-15,32.0,20.6,27.4,,37.3,60.8,9.1,,32.0,15.66,0.0,
德州,ecmwf_ifs025,2025-09-10,5,2025-09-15,32.9,20.7,26.0,,35.1,46.2,12.5,,3.4,17.98,0.0,
德州,ecmwf_ifs025,2025-09-09,6,2025-09-15,31.3,23.3,29.8,,39.0,71.9,10.3,,25.2,15.12,3.3,
德州,ecmwf_ifs025,2025-09-08,7,2025-09-15,33.2,22.3,30.1,,45.2,72.3,9.4,,27.0,16.14,0.0,
德州,gfs_seamless,2025-09-14,1,2025-09-15,31.0,21.5,29.2,,40.3,78.3,7.1,22.7,63.8,16.21,3.3,0.0
德州,gfs_seamless,2025-09-13,2,2025-09-15,31.4,21.8,29.0,,41.6,78.3,9.0,28.1,70.5,13.47,3.2,0.0
德州,gfs_seamless,2025-09-12,3,2025-09-15,31.4,19.6,26.7,,39.9,73.5,10.6,39.6,89.3,11.44,1.1,0.0
德州,gfs_seamless,2025-09-11,4,2025-09-15,28.3,18.4,22.8,,30.3,62.8,15.4,40.3,88.1,14.29,2.2,0.0
德州,gfs_seamless,2025-09-10,5,2025-09-15,29.5,20.4,24.9,,34.4,72.7,9.4,49.0,57.6,11.43,0.0,0.0
德州,gfs_seamless,2025-09-09,6,2025-09-15,32.2,20.0,26.7,,38.7,63.5,12.0,38.5,36.7,20.15,0.0,0.0
德州,gfs_seamless,2025-09-08,7,2025-09-15,31.5,17.6,25.9,,39.7,72.1,13.5,48.6,37.5,19.38,0.3,0.0
德州,jma_seamless,2025-09-14,1,2025-09-15,32.9,25.0,32.0,,43.9,71.8,4.4,,20.5,,1.2,0.0
德州,jma_seamless,2025-09-13,2,2025-09-15,33.6,23.7,30.8,,41.6,61.2,5.3,,26.6,,0.6,0.0
德州,jma_seamless,2025-09-12,3,2025-09-15,34.2,22.5,29.1,,38.9,50.2,5.1,,39.8,,0.9,0.0
德州,jma_seamless,2025-09-11,4,2025-09-15,33.2,23.0,27.4,,34.5,41.6,7.1,,29.2,,0.0,0.0
德州,jma_seamless,2025-09-10,5,2025-09-15,33.5,22.1,26.8,,35.0,41.9,6.6,,42.4,,0.0,0.0
德州,jma_seamless,2025-09-09,6,2025-09-15,32.1,21.9,25.6,,32.5,40.5,5.5,,26.2,,0.0,0.0
德州,jma_seamless,2025-09-08,7,2025-09-15,34.0,24.2,30.7,,41.5,58.3,3.6,,18.1,,0.0,0.0
德州,ecmwf_ifs025,2025-09-15,1,2025-09-16,24.7,18.1,24.4,,,83.4,13.1,,75.8,6.38,25.8,
德州,ecmwf_ifs025,2025-09-14,2,2025-09-16,27.8,21.5,26.3,,30.5,71.8,13.3,,87.0,8.58,0.9,
德州,ecmwf_ifs025,2025-09-13,3,2025-09-16,23.8,16.6,25.1,,,87.3,10.7,,84.2,4.11,34.5,
德州,ecmwf_ifs025,2025-09-12,4,2025-09-16,24.4,21.8,25.1,,,76.7,10.6,,86.0,6.78,5.4,
德州,ecmwf_ifs025,2025-09-11,5,2025-09-16,29.9,19.9,26.6,,33.3,63.5,13.3,,54.7,14.26,9.0,
德州,ecmwf_ifs025,2025-09-10,6,2025-09-16,25.9,22.4,28.0,,,86.2,8.5,,89.0,4.98,43.8,
德州,ecmwf_ifs025,2025-09-09,7,2025-09-16,24.7,20.5,23.6,,,87.4,11.5,,75.6,3.0,46.8,
德州,gfs_seamless,2025-09-15,1,2025-09-16,27.5,19.6,23.4,,30.8,79.3,15.5,53.3,95.9,14.87,1.5,0.0
德州,gfs_seamless,2025-09-14,2,2025-09-16,28.2,20.1,24.7,,32.1,76.9,14.8,45.0,95.0,16.14,4.4,0.0
德州,gfs_seamless,2025-09-13,3,2025-09-16,27.6,18.1,23.2,,31.2,80.6,15.4,45.0,98.9,9.5,4.2,0.0
德州,gfs_seamless,2025-09-12,4,2025-09-16,27.7,18.0,24.7,,31.6,81.5,10.7,29.2,99.8,11.64,0.3,0.0
德州,gfs_seamless,2025-09-11,5,2025-09-16,24.0,17.8,22.1,,,87.2,9.6,33.5,100.0,3.99,8.4,0.0
德州,gfs_seamless,2025-09-10,6,2025-09-16,29.0,18.7,25.1,,35.9,85.1,12.6,39.2,98.0,10.45,1.9,0.0
德州,gfs_seamless,2025-09-09,7,2025-09-16,30.9,17.4,26.2,,39.9,78.2,10.4,43.2,95.1,11.17,3.5,0.0
德州,jma_seamless,2025-09-15,1,2025-09-16,27.8,25.0,28.8,,30.1,68.8,8.0,,73.2,,4.8,0.0
德州,jma_seamless,2025-09-14,2,2025-09-16,27.3,23.2,30.0,,30.8,83.0,6.2,,74.7,,13.2,0.0
德州,jma_seamless,2025-09-13,3,2025-09-16,27.2,24.7,30.2,,30.5,83.0,6.0,,78.5,,21.9,0.0
德州,jma_seamless,2025-09-12,4,2025-09-16,27.5,24.3,30.2,,30.8,79.0,5.5,,81.2,,25.8,0.0
德州,jma_seamless,2025-09-11,5,2025-09-16,28.1,25.0,30.5,,31.4,73.5,4.1,,48.7,,3.6,0.0
德州,jma_seamless,2025-09-10,6,2025-09-16,29.9,22.3,27.7,,32.5,59.3,6.8,,30.4,,1.2,0.0
德州,jma_seamless,2025-09-09,7,2025-09-16,29.8,22.9,29.9,,34.8,71.0,4.4,,37.0,,3.6,0.0
德州,ecmwf_ifs025,2025-09-16,1,2025-09-17,22.4,14.1,16.8,,,62.0,12.7,,26.6,10.89,0.0,
德州,ecmwf_ifs025,2025-09-15,2,2025-09-17,23.2,15.5,17.9,,,55.9,14.0,,47.4,14.97,0.0,
德州,ecmwf_ifs025,2025-09-14,3,2025-09-17,23.6,15.4,17.5,,,57.6,14.2,,47.3,17.5,7.8,
德州,ecmwf_ifs025,2025-09-13,4,2025-09-17,22.6,15.7,16.8,,,56.9,13.9,,43.1,18.09,2.4,
德州,ecmwf_ifs025,2025-09-12,5,2025-09-17,21.7,14.9,15.8,,,42.9,15.0,,19.9,18.96,0.0,
德州,ecmwf_ifs025,2025-09-11,6,2025-09-17,24.3,16.5,22.2,,,76.0,10.4,,76.4,10.88,16.2,
德州,ecmwf_ifs025,2025-09-10,7,2025-09-17,25.2,19.0,21.1,,,61.6,16.1,,28.3,17.03,0.0,
德州,gfs_seamless,2025-09-16,1,2025-09-17,19.8,14.3,15.4,,,64.7,13.1,38.2,89.8,4.54,0.0,0.0
德州,gfs_seamless,2025-09-15,2,2025-09-17,25.0,13.2,18.1,,,67.5,13.0,42.8,99.3,12.46,0.8,0.0
德州,gfs_seamless,2025-09-14,3,2025-09-17,25.0,18.7,20.0,,,57.4,16.6,42.8,99.3,15.33,0.0,0.0
德州,gfs_seamless,2025-09-13,4,2025-09-17,22.9,16.1,17.1,,,67.5,17.2,40.3,96.1,5.8,6.3,0.0
德州,gfs_seamless,2025-09-12,5,2025-09-17,21.0,16.0,18.6,,,76.1,11.2,56.2,91.5,7.86,0.9,0.0
德州,gfs_seamless,2025-09-11,6,2025-09-17,28.5,14.5,23.3,,34.6,86.5,10.1,47.9,88.3,16.19,0.6,0.0
德州,gfs_seamless,2025-09-10,7,2025-09-17,26.2,16.0,22.8,,,81.2,14.2,47.9,86.9,9.87,0.0,0.0
德州,jma_seamless,2025-09-16,1,2025-09-17,26.3,20.0,21.3,,,35.2,10.3,,71.6,,0.0,0.0
德州,jma_seamless,2025-09-15,2,2025-09-17,24.2,21.4,21.7,,,51.5,12.0,,89.6,,0.6,0.0
德州,jma_seamless,2025-09-14,3,2025-09-17,25.7,19.4,23.8,,,60.0,7.6,,86.2,,2.7,0.0
德州,jma_seamless,2025-09-13,4,2025-09-17,24.0,22.7,22.0,,,48.0,12.9,,71.2,,3.0,0.0
德州,jma_seamless,2025-09-12,5,2025-09-17,25.6,19.4,19.1,,,28.1,11.5,,51.8,,0.0,0.0
德州,jma_seamless,2025-09-11,6,2025-09-17,28.3,19.5,24.6,,29.0,51.8,11.1,,55.3,,0.9,0.0
德州,jma_seamless,2025-09-10,7,2025-09-17,28.7,21.0,22.3,,28.1,36.8,12.1,,9.7,,0.0,0.0
德州,ecmwf_ifs025,2025-09-17,1,2025-09-18,24.3,12.1,18.2,,,66.1,5.4,,55.7,16.74,0.0,
德州,ecmwf_ifs025,2025-09-16,2,2025-09-18,24.1,11.6,18.0,,,64.8,5.9,,43.7,14.12,0.0,
德州,ecmwf_ifs025,2025-09-15,3,2025-09-18,24.5,14.2,19.4,,,61.5,5.8,,55.2,15.67,0.0,
德州,ecmwf_ifs025,2025-09-14,4,2025-09-18,25.1,15.3,19.7,,,57.2,4.8,,36.9,18.02,0.0,
德州,ecmwf_ifs025,2025-09-13,5,2025-09-18,24.1,13.3,18.6,,,60.9,3.8,,64.6,15.35,0.0,
德州,ecmwf_ifs025,2025-09-12,6,2025-09-18,22.5,15.2,17.6,,,60.7,4.0,,58.9,9.95,0.0,
德州,ecmwf_ifs025,2025-09-11,7,2025-09-18,21.1,15.2,18.6,,,85.6,9.5,,70.3,2.09,17.7,
德州,gfs_seamless,2025-09-17,1,2025-09-18,23.3,12.1,16.8,,,60.0,6.5,17.3,91.1,14.04,0.0,0.0
德州,gfs_seamless,2025-09-16,2,2025-09-18,23.1,13.9,17.3,,,61.0,5.9,10.8,100.0,12.18,0.0,0.0
德州,gfs_seamless,2025-09-15,3,2025-09-18,25.0,15.9,18.4,,,48.2,8.4,11.2,86.3,19.13,0.0,0.0
德州,gfs_seamless,2025-09-14,4,2025-09-18,25.0,16.3,18.6,,,48.8,7.4,11.2,89.2,18.01,0.0,0.0
德州,gfs_seamless,2025-09-13,5,2025-09-18,25.0,15.6,18.3,,,59.6,7.8,27.0,92.5,12.27,0.0,0.0
德州,gfs_seamless,2025-09-12,6,2025-09-18,25.0,14.5,18.5,,,62.5,9.6,42.5,93.4,19.06,0.0,0.0
德州,gfs_seamless,2025-09-11,7,2025-09-18,23.5,16.9,19.2,,,78.8,12.5,25.2,74.7,3.14,1.4,0.0
德州,jma_seamless,2025-09-17,1,2025-09-18,27.0,17.1,19.5,,26.6,35.1,3.9,,55.6,,0.0,0.0
德州,jma_seamless,2025-09-16,2,2025-09-18,26.6,19.1,21.0,,,38.0,2.7,,75.9,,0.0,0.0
德州,jma_seamless,2025-09-15,3,2025-09-18,20.4,14.3,17.8,,,70.6,4.0,,84.2,,6.9,0.0
德州,jma_seamless,2025-09-14,4,2025-09-18,22.4,19.8,20.6,,,53.0,2.6,,74.2,,0.6,0.0
德州,jma_seamless,2025-09-13,5,2025-09-18,21.8,16.8,18.0,,,50.5,5.1,,77.7,,0.0,0.0
德州,jma_seamless,2025-09-12,6,2025-09-18,22.8,15.6,18.2,,,47.5,3.4,,61.7,,1.5,0.0
德州,jma_seamless,2025-09-11,7,2025-09-18,22.6,17.7,19.8,,,66.1,7.3,,87.0,,7.8,0.0
德州,ecmwf_ifs025,2025-09-18,1,2025-09-19,20.6,13.9,17.8,,,74.5,3.4,,32.5,11.57,4.8,
德州,ecmwf_ifs025,2025-09-17,2,2025-09-19,19.9,14.5,17.6,,,78.8,3.8,,36.9,8.2,8.7,
德州,ecmwf_ifs025,2025-09-16,3,2025-09-19,20.2,16.0,18.4,,,74.0,4.6,,43.7,8.11,5.7,
德州,ecmwf_ifs025,2025-09-15,4,2025-09-19,19.8,13.8,17.3,,,78.0,5.8,,37.2,7.71,8.4,
德州,ecmwf_ifs025,2025-09-14,5,2025-09-19,20.1,15.0,18.1,,,77.2,6.3,,36.6,7.57,0.3,
德州,ecmwf_ifs025,2025-09-13,6,2025-09-19,18.1,14.2,17.0,,,78.2,4.7,,61.7,5.48,3.3,
德州,ecmwf_ifs025,2025-09-12,7,2025-09-19,16.2,13.2,14.7,,,86.2,3.8,,40.2,3.87,6.0,
德州,gfs_seamless,2025-09-18,1,2025-09-19,18.4,12.3,14.3,,,85.5,9.5,29.9,70.8,4.53,2.6,0.0
德州,gfs_seamless,2025-09-17,2,2025-09-19,18.4,13.2,15.4,,,76.7,8.6,30.6,75.0,4.13,0.0,0.0
德州,gfs_seamless,2025-09-16,3,2025-09-19,24.0,15.4,18.7,,,59.3,7.9,22.7,41.8,20.7,0.0,0.0
德州,gfs_seamless,2025-09-15,4,2025-09-19,25.1,16.2,18.3,,,60.2,9.3,34.2,73.2,10.87,0.0,0.0
德州,gfs_seamless,2025-09-14,5,2025-09-19,20.4,13.5,15.9,,,69.1,9.5,29.9,96.9,3.96,0.0,0.0
德州,gfs_seamless,2025-09-13,6,2025-09-19,19.5,13.5,15.5,,,73.5,10.7,14.0,76.2,3.5,2.2,0.0
德州,gfs_seamless,2025-09-12,7,2025-09-19,18.7,14.0,15.9,,,78.6,7.2,17.3,100.0,1.91,0.8,0.0
德州,jma_seamless,2025-09-18,1,2025-09-19,20.9,15.3,17.7,,,72.8,3.9,,59.9,,4.2,0.0
德州,jma_seamless,2025-09-17,2,2025-09-19,21.4,15.1,18.6,,,72.8,3.8,,62.0,,6.0,0.0
德州,jma_seamless,2025-09-16,3,2025-09-19,20.7,15.5,18.5,,,66.0,5.8,,42.0,,0.6,0.0
德州,jma_seamless,2025-09-15,4,2025-09-19,24.3,17.7,20.7,,,60.5,2.8,,40.3,,0.0,0.0
德州,jma_seamless,2025-09-14,5,2025-09-19,18.7,15.3,17.9,,,80.0,3.4,,91.8,,11.4,0.0
德州,jma_seamless,2025-09-13,6,2025-09-19,20.1,14.4,16.2,,,82.0,6.0,,90.5,,16.8,0.0
德州,jma_seamless,2025-09-12,7,2025-09-19,18.3,16.3,17.9,,,81.0,4.0,,88.2,,4.8,0.0
德州,ecmwf_ifs025,2025-09-19,1,2025-09-20,24.3,11.9,18.9,,,78.0,5.1,,26.5,18.3,0.0,
德州,ecmwf_ifs025,2025-09-18,2,2025-09-20,24.8,11.7,19.2,,,77.1,5.1,,26.1,18.28,0.0,
德州,ecmwf_ifs025,2025-09-17,3,2025-09-20,23.7,12.8,19.0,,,75.8,4.3,,32.5,17.46,0.0,
德州,ecmwf_ifs025,2025-09-16,4,2025-09-20,24.5,10.6,18.4,,,74.3,4.1,,26.2,18.43,0.0,
德州,ecmwf_ifs025,2025-09-15,5,2025-09-20,24.0,13.3,19.5,,,76.9,3.4,,18.2,17.83,0.0,
德州,ecmwf_ifs025,2025-09-14,6,2025-09-20,23.3,16.3,19.5,,,74.5,4.4,,69.7,13.4,1.5,
德州,ecmwf_ifs025,2025-09-13,7,2025-09-20,22.0,11.7,18.1,,,80.3,3.0,,40.7,13.6,0.0,
德州,gfs_seamless,2025-09-19,1,2025-09-20,24.9,11.4,18.2,,,74.3,5.7,7.6,71.0,19.72,0.0,0.0
德州,gfs_seamless,2025-09-18,2,2025-09-20,24.6,12.1,18.7,,,73.2,5.1,9.4,62.1,19.75,0.0,0.0
德州,gfs_seamless,2025-09-17,3,2025-09-20,25.2,13.5,18.7,,,66.3,7.6,17.3,83.5,20.32,0.0,0.0
德州,gfs_seamless,2025-09-16,4,2025-09-20,26.0,13.6,19.0,,,63.1,7.3,28.1,74.9,19.53,0.0,0.0
德州,gfs_seamless,2025-09-15,5,2025-09-20,25.3,12.4,18.3,,,63.3,5.9,9.7,87.8,19.69,0.0,0.0
德州,gfs_seamless,2025-09-14,6,2025-09-20,24.6,12.9,18.7,,,66.0,5.3,9.7,42.3,20.01,0.0,0.0
德州,gfs_seamless,2025-09-13,7,2025-09-20,25.3,11.6,17.9,,,68.9,6.7,9.7,40.6,19.13,0.0,0.0
德州,jma_seamless,2025-09-19,1,2025-09-20,25.4,14.0,19.2,,,70.1,4.2,,26.2,,0.0,0.0
德州,jma_seamless,2025-09-18,2,2025-09-20,25.1,13.6,19.1,,,72.8,3.1,,22.2,,0.0,0.0
德州,jma_seamless,2025-09-17,3,2025-09-20,24.1,14.6,19.2,,,70.6,1.2,,35.9,,0.0,0.0
德州,jma_seamless,2025-09-16,4,2025-09-20,23.9,16.3,20.2,,,73.7,1.8,,29.0,,0.0,0.0
德州,jma_seamless,2025-09-15,5,2025-09-20,25.5,17.1,21.8,,,67.3,2.6,,61.3,,2.7,0.0
德州,jma_seamless,2025-09-14,6,2025-09-20,24.0,16.5,21.3,,,75.3,3.5,,62.5,,0.9,0.0
德州,jma_seamless,2025-09-13,7,2025-09-20,21.2,15.7,19.7,,,79.1,3.4,,60.8,,0.6,0.0
德州,ecmwf_ifs025,2025-09-20,1,2025-09-21,25.8,15.7,22.1,,,72.6,4.0,,64.5,16.12,0.3,
德州,ecmwf_ifs025,2025-09-19,2,2025-09-21,25.7,16.0,21.4,,,69.9,6.5,,60.4,16.28,0.6,
德州,ecmwf_ifs025,2025-09-18,3,2025-09-21,25.7,15.3,21.5,,,69.2,5.7,,40.4,16.52,0.0,
德州,ecmwf_ifs025,2025-09-17,4,2025-09-21,25.4,15.5,20.7,,,64.5,6.2,,44.6,18.01,0.0,
德州,ecmwf_ifs025,2025-09-16,5,2025-09-21,25.7,14.3,20.8,,,73.2,4.7,,52.8,13.26,0.0,
德州,ecmwf_ifs025,2025-09-15,6,2025-09-21,25.4,16.7,21.4,,,74.0,4.9,,47.8,12.91,0.0,
德州,ecmwf_ifs025,2025-09-14,7,2025-09-21,24.2,17.2,21.0,,,76.0,5.4,,78.4,12.48,2.4,
德州,gfs_seamless,2025-09-20,1,2025-09-21,26.0,16.4,20.8,,,64.6,7.5,16.9,99.2,16.32,0.0,0.0
德州,gfs_seamless,2025-09-19,2,2025-09-21,25.1,15.9,20.6,,,65.9,8.8,21.2,95.1,18.87,0.0,0.0
德州,gfs_seamless,2025-09-18,3,2025-09-21,25.4,15.3,20.1,,,61.8,8.7,22.7,88.7,19.37,0.0,0.0
德州,gfs_seamless,2025-09-17,4,2025-09-21,26.0,17.1,20.1,,,55.0,9.0,23.8,97.3,16.14,0.0,0.0
德州,gfs_seamless,2025-09-16,5,2025-09-21,26.0,15.7,20.1,,,58.2,8.1,33.1,100.0,14.05,0.0,0.0
德州,gfs_seamless,2025-09-15,6,2025-09-21,25.6,14.5,19.5,,,59.2,7.3,33.8,63.0,17.24,0.0,0.0
德州,gfs_seamless,2025-09-14,7,2025-09-21,25.7,15.1,20.3,,,61.3,6.6,9.4,67.8,18.0,0.0,0.0
德州,jma_seamless,2025-09-20,1,2025-09-21,25.9,16.0,21.3,,,63.0,3.0,,77.6,,0.0,0.0
德州,jma_seamless,2025-09-19,2,2025-09-21,27.2,16.6,21.5,,28.0,56.0,3.1,,68.3,,0.0,0.0
德州,jma_seamless,2025-09-18,3,2025-09-21,26.8,17.0,21.4,,,54.9,2.6,,83.4,,0.0,0.0
德州,jma_seamless,2025-09-17,4,2025-09-21,24.8,16.1,20.9,,,63.7,2.2,,88.3,,0.0,0.0
德州,jma_seamless,2025-09-16,5,2025-09-21,19.6,17.5,19.2,,,85.2,7.5,,96.6,,12.0,0.0
德州,jma_seamless,2025-09-15,6,2025-09-21,19.8,17.0,19.1,,,94.7,7.1,,99.5,,51.0,0.0
德州,jma_seamless,2025-09-14,7,2025-09-21,22.3,16.1,21.0,,,78.4,6.0,,95.2,,8.7,0.0
德州,ecmwf_ifs025,2025-09-21,1,2025-09-22,21.2,17.2,20.0,,,82.3,6.4,,81.4,6.06,4.2,
德州,ecmwf_ifs025,2025-09-20,2,2025-09-22,23.8,17.6,21.5,,,78.0,5.5,,74.8,11.42,2.1,
德州,ecmwf_ifs025,2025-09-19,3,2025-09-22,23.9,17.5,21.2,,,75.2,3.8,,78.4,10.93,2.1,
德州,ecmwf_ifs025,2025-09-18,4,2025-09-22,22.0,17.1,20.3,,,79.0,4.7,,86.6,7.0,4.2,
德州,ecmwf_ifs025,2025-09-17,5,2025-09-22,19.9,17.1,19.5,,,84.7,3.8,,82.8,3.43,2.7,
德州,ecmwf_ifs025,2025-09-16,6,2025-09-22,18.4,16.7,18.7,,,83.2,4.6,,87.9,2.46,7.5,
德州,ecmwf_ifs025,2025-09-15,7,2025-09-22,19.4,16.8,19.7,,,91.0,6.6,,81.8,4.88,4.8,
德州,gfs_seamless,2025-09-21,1,2025-09-22,19.5,15.5,16.8,,,81.5,7.3,30.2,99.0,6.02,1.6,0.0
德州,gfs_seamless,2025-09-20,2,2025-09-22,21.2,16.2,17.8,,,73.2,6.4,25.6,100.0,5.6,0.7,0.0
德州,gfs_seamless,2025-09-19,3,2025-09-22,19.3,15.9,17.8,,,75.9,8.0,24.5,100.0,2.79,0.2,0.0
德州,gfs_seamless,2025-09-18,4,2025-09-22,19.6,15.5,16.6,,,83.0,8.4,32.8,100.0,1.27,0.7,0.0
德州,gfs_seamless,2025-09-17,5,2025-09-22,18.4,14.4,16.6,,,80.1,6.3,25.2,100.0,1.43,1.9,0.0
德州,gfs_seamless,2025-09-16,6,2025-09-22,20.4,17.1,18.6,,,73.5,8.3,25.9,100.0,1.89,0.0,0.0
德州,gfs_seamless,2025-09-15,7,2025-09-22,24.8,18.6,20.7,,,67.1,6.5,15.5,100.0,7.05,0.0,0.0
德州,jma_seamless,2025-09-21,1,2025-09-22,23.2,18.9,21.0,,,55.9,4.1,,85.6,,0.0,0.0
德州,jma_seamless,2025-09-20,2,2025-09-22,25.2,19.8,22.1,,,52.7,3.8,,77.9,,0.0,0.0
德州,jma_seamless,2025-09-19,3,2025-09-22,25.8,19.0,21.2,,,48.8,4.9,,74.2,,0.0,0.0
德州,jma_seamless,2025-09-18,4,2025-09-22,21.4,17.1,19.3,,,64.2,4.1,,78.9,,0.6,0.0
德州,jma_seamless,2025-09-17,5,2025-09-22,18.3,17.0,18.2,,,84.0,6.7,,85.9,,11.7,0.0
德州,jma_seamless,2025-09-16,6,2025-09-22,17.4,15.7,16.9,,,94.8,10.2,,98.8,,59.4,0.0
德州,jma_seamless,2025-09-15,7,2025-09-22,24.7,16.6,21.7,,,74.5,8.9,,92.3,,9.3,0.0
德州,ecmwf_ifs025,2025-09-22,1,2025-09-23,17.7,15.9,18.1,,,93.4,5.3,,76.9,3.06,10.8,
德州,ecmwf_ifs025,2025-09-21,2,2025-09-23,18.8,16.0,19.3,,,92.5,5.5,,69.6,2.65,11.7,
德州,ecmwf_ifs025,2025-09-20,3,2025-09-23,20.0,16.6,19.8,,,88.2,3.2,,79.0,3.9,4.8,
德州,ecmwf_ifs025,2025-09-19,4,2025-09-23,21.8,15.7,20.0,,,81.8,2.4,,78.5,7.17,3.3,
德州,ecmwf_ifs025,2025-09-18,5,2025-09-23,24.7,15.5,20.6,,,75.2,3.9,,52.0,15.58,0.0,
德州,ecmwf_ifs025,2025-09-17,6,2025-09-23,25.4,16.0,20.2,,,75.2,6.1,,40.0,14.81,0.0,
德州,ecmwf_ifs025,2025-09-16,7,2025-09-23,23.4,15.7,19.7,,,76.3,2.9,,17.2,16.34,0.0,
德州,gfs_seamless,2025-09-22,1,2025-09-23,18.7,14.4,16.3,,,86.5,7.6,19.1,100.0,4.35,5.7,0.0
德州,gfs_seamless,2025-09-21,2,2025-09-23,20.2,13.8,17.2,,,82.7,5.7,11.2,100.0,5.12,2.1,0.0
德州,gfs_seamless,2025-09-20,3,2025-09-23,21.5,15.0,18.0,,,70.8,6.6,13.3,100.0,9.0,0.0,0.0
德州,gfs_seamless,2025-09-19,4,2025-09-23,22.3,14.6,18.1,,,75.6,6.6,15.8,100.0,8.59,0.9,0.0
德州,gfs_seamless,2025-09-18,5,2025-09-23,23.1,14.5,18.0,,,73.8,6.9,11.5,88.0,16.78,0.0,0.0
德州,gfs_seamless,2025-09-17,6,2025-09-23,17.6,15.0,15.8,,,86.3,9.0,26.6,98.7,1.93,0.4,0.0
德州,gfs_seamless,2025-09-16,7,2025-09-23,18.7,14.8,16.0,,,87.4,9.2,26.3,100.0,1.15,3.2,0.0
德州,jma_seamless,2025-09-22,1,2025-09-23,19.7,17.6,19.7,,,76.2,4.3,,91.8,,1.8,0.0
德州,jma_seamless,2025-09-21,2,2025-09-23,19.2,16.9,19.1,,,79.5,2.4,,90.4,,4.8,0.0
德州,jma_seamless,2025-09-20,3,2025-09-23,19.4,18.1,20.1,,,77.0,2.9,,86.8,,1.2,0.0
德州,jma_seamless,2025-09-19,4,2025-09-23,23.8,17.0,20.6,,,70.7,4.1,,91.3,,7.8,0.0
德州,jma_seamless,2025-09-18,5,2025-09-23,20.0,17.5,19.7,,,76.3,3.8,,93.0,,1.2,0.0
德州,jma_seamless,2025-09-17,6,2025-09-23,17.4,16.1,18.0,,,96.5,6.9,,97.3,,51.0,0.0
德州,jma_seamless,2025-09-16,7,2025-09-23,20.6,17.5,21.0,,,93.6,5.3,,85.8,,23.4,0.0
德州,ecmwf_ifs025,2025-09-23,1,2025-09-24,25.4,14.1,20.5,,,84.8,6.0,,21.9,17.92,0.0,
德州,ecmwf_ifs025,2025-09-22,2,2025-09-24,24.9,14.5,20.6,,,86.1,5.5,,19.5,17.59,0.0,
德州,ecmwf_ifs025,2025-09-21,3,2025-09-24,24.8,14.3,20.4,,,85.0,5.1,,19.3,17.36,0.0,
德州,ecmwf_ifs025,2025-09-20,4,2025-09-24,25.2,13.1,19.9,,,78.3,4.0,,8.8,17.84,0.0,
德州,ecmwf_ifs025,2025-09-19,5,2025-09-24,25.5,14.2,21.0,,,78.4,3.4,,0.0,17.89,0.0,
德州,ecmwf_ifs025,2025-09-18,6,2025-09-24,26.3,16.0,20.9,,,71.3,4.8,,1.7,16.46,0.0,
德州,ecmwf_ifs025,2025-09-17,7,2025-09-24,25.8,14.9,20.6,,,76.1,4.3,,0.3,16.45,0.0,
德州,gfs_seamless,2025-09-23,1,2025-09-24,26.0,13.2,19.8,,,77.3,8.2,16.2,16.3,20.49,0.0,0.0
德州,gfs_seamless,2025-09-22,2,2025-09-24,25.9,13.8,20.2,,,77.4,8.0,12.6,14.2,20.4,0.0,0.0
德州,gfs_seamless,2025-09-21,3,2025-09-24,26.9,13.3,19.9,,,71.7,11.0,23.8,16.7,20.41,0.0,0.0
德州,gfs_seamless,2025-09-20,4,2025-09-24,27.8,14.9,21.2,,30.0,67.6,7.3,12.6,9.6,20.4,0.0,0.0
德州,gfs_seamless,2025-09-19,5,2025-09-24,25.7,14.0,20.1,,,70.5,8.6,18.0,5.6,20.21,0.0,0.0
德州,gfs_seamless,2025-09-18,6,2025-09-24,25.7,15.3,20.8,,,68.6,6.4,14.0,28.3,19.68,0.0,0.0
德州,gfs_seamless,2025-09-17,7,2025-09-24,24.2,13.0,18.9,,,77.6,7.7,23.4,30.0,19.79,0.0,0.0
德州,jma_seamless,2025-09-23,1,2025-09-24,24.9,17.3,21.5,,,75.6,5.8,,31.0,,0.0,0.0
德州,jma_seamless,2025-09-22,2,2025-09-24,25.0,17.5,22.0,,,74.0,4.6,,47.9,,0.0,0.0
德州,jma_seamless,2025-09-21,3,2025-09-24,26.2,17.4,21.7,,,74.7,5.2,,45.2,,0.0,0.0
德州,jma_seamless,2025-09-20,4,2025-09-24,25.8,17.4,21.7,,,76.6,3.9,,15.9,,0.0,0.0
德州,jma_seamless,2025-09-19,5,2025-09-24,25.9,17.1,22.5,,,74.2,4.3,,6.5,,0.0,0.0
德州,jma_seamless,2025-09-18,6,2025-09-24,24.6,16.5,21.4,,,83.5,3.4,,47.9,,1.8,0.0
德州,jma_seamless,2025-09-17,7,2025-09-24,21.6,16.3,20.0,,,84.5,5.2,,62.9,,0.0,0.0
德州,ecmwf_ifs025,2025-09-24,1,2025-09-25,27.5,14.3,21.9,,30.6,77.7,4.0,,0.0,17.78,0.0,
德州,ecmwf_ifs025,2025-09-23,2,2025-09-25,27.0,14.6,22.5,,29.5,77.9,2.7,,0.0,17.67,0.0,
德州,ecmwf_ifs025,2025-09-22,3,2025-09-25,27.4,14.5,22.6,,30.2,76.5,2.4,,0.1,17.67,0.0,
德州,ecmwf_ifs025,2025-09-21,4,2025-09-25,27.6,14.0,21.9,,30.3,73.6,2.5,,0.8,17.7,0.0,
德州,ecmwf_ifs025,2025-09-20,5,2025-09-25,27.0,13.4,21.4,,28.9,70.0,3.5,,5.1,17.69,0.0,
德州,ecmwf_ifs025,2025-09-19,6,2025-09-25,28.2,15.9,21.9,,31.3,71.7,4.0,,5.9,16.28,0.0,
德州,ecmwf_ifs025,2025-09-18,7,2025-09-25,28.4,16.2,21.3,,30.6,64.0,4.7,,0.0,16.52,0.0,
德州,gfs_seamless,2025-09-24,1,2025-09-25,27.8,15.9,21.8,,29.6,64.0,6.4,10.8,0.0,20.39,0.0,0.0
德州,gfs_seamless,2025-09-23,2,2025-09-25,27.7,16.2,22.2,,29.5,64.9,5.4,10.4,1.0,20.3,0.0,0.0
德州,gfs_seamless,2025-09-22,3,2025-09-25,27.7,16.4,22.4,,29.8,67.5,6.4,14.8,9.2,20.29,0.0,0.0
德州,gfs_seamless,2025-09-21,4,2025-09-25,28.1,16.4,22.2,,29.9,62.5,7.9,16.2,20.7,19.94,0.0,0.0
德州,gfs_seamless,2025-09-20,5,2025-09-25,29.3,17.1,23.4,,31.9,62.2,4.9,10.8,13.0,19.45,0.0,0.0
德州,gfs_seamless,2025-09-19,6,2025-09-25,27.7,16.8,22.6,,29.4,63.9,5.6,9.0,14.3,19.86,0.0,0.0
德州,gfs_seamless,2025-09-18,7,2025-09-25,29.3,16.9,22.3,,32.8,66.9,12.7,46.4,31.2,17.9,0.0,0.0
德州,jma_seamless,2025-09-24,1,2025-09-25,27.8,16.8,21.9,,30.8,74.0,3.1,,0.0,,0.0,0.0
德州,jma_seamless,2025-09-23,2,2025-09-25,27.9,16.5,22.2,,31.0,74.1,3.0,,0.0,,0.0,0.0
德州,jma_seamless,2025-09-22,3,2025-09-25,28.5,16.6,22.2,,32.0,72.3,2.6,,0.5,,0.0,0.0
德州,jma_seamless,2025-09-21,4,2025-09-25,28.7,16.2,22.0,,32.3,71.2,2.1,,0.2,,0.0,0.0
德州,jma_seamless,2025-09-20,5,2025-09-25,29.7,17.1,21.8,,31.6,56.0,2.7,,0.0,,0.0,0.0
德州,jma_seamless,2025-09-19,6,2025-09-25,28.7,15.4,23.0,,32.1,70.1,2.2,,27.1,,0.3,0.0
德州,jma_seamless,2025-09-18,7,2025-09-25,27.0,17.2,22.0,,29.2,73.7,3.2,,8.3,,0.0,0.0
德州,ecmwf_ifs025,2025-09-25,1,2025-09-26,27.3,15.3,22.2,,29.5,71.0,4.2,,20.5,16.47,0.0,
德州,ecmwf_ifs025,2025-09-24,2,2025-09-26,27.1,15.5,22.6,,29.3,73.0,2.7,,24.2,16.65,0.0,
德州,ecmwf_ifs025,2025-09-23,3,2025-09-26,26.9,15.5,22.2,,,71.7,4.4,,16.5,16.98,0.3,
德州,ecmwf_ifs025,2025-09-22,4,2025-09-26,26.9,15.1,22.4,,,74.8,4.4,,31.2,16.32,1.5,
德州,ecmwf_ifs025,2025-09-21,5,2025-09-26,26.5,15.0,21.8,,,70.9,3.7,,35.1,16.32,0.6,
德州,ecmwf_ifs025,2025-09-20,6,2025-09-26,26.3,16.5,21.3,,,71.9,5.5,,24.5,15.8,2.1,
德州,ecmwf_ifs025,2025-09-19,7,2025-09-26,28.1,16.3,21.2,,30.2,65.1,5.3,,23.7,16.35,0.0,
德州,gfs_seamless,2025-09-25,1,2025-09-26,27.4,16.7,21.9,,28.6,60.0,8.3,18.4,43.1,18.12,0.1,0.0
德州,gfs_seamless,2025-09-24,2,2025-09-26,27.5,16.5,22.2,,28.7,59.4,7.5,15.5,56.9,18.37,0.0,0.0
德州,gfs_seamless,2025-09-23,3,2025-09-26,26.7,16.9,22.0,,,61.3,7.8,25.9,43.2,19.8,0.0,0.0
德州,gfs_seamless,2025-09-22,4,2025-09-26,26.9,17.1,22.2,,,66.7,9.1,19.1,62.2,18.48,0.0,0.0
德州,gfs_seamless,2025-09-21,5,2025-09-26,28.0,18.0,22.8,,29.7,62.1,7.9,14.0,74.6,15.09,0.0,0.0
德州,gfs_seamless,2025-09-20,6,2025-09-26,28.3,18.1,22.3,,29.6,57.4,8.5,18.7,69.4,17.02,0.0,0.0
德州,gfs_seamless,2025-09-19,7,2025-09-26,27.9,17.9,22.5,,29.2,58.9,6.8,11.5,49.8,18.8,0.0,0.0
德州,jma_seamless,2025-09-25,1,2025-09-26,28.7,15.8,22.0,,31.4,65.8,2.6,,21.1,,2.7,0.0
德州,jma_seamless,2025-09-24,2,2025-09-26,29.1,16.5,22.2,,31.3,60.9,4.6,,25.5,,0.0,0.0
德州,jma_seamless,2025-09-23,3,2025-09-26,28.5,16.1,22.5,,31.1,66.5,2.7,,37.2,,0.0,0.0
德州,jma_seamless,2025-09-22,4,2025-09-26,27.9,16.2,21.6,,29.8,64.4,2.3,,16.2,,0.3,0.0
德州,jma_seamless,2025-09-21,5,2025-09-26,26.2,16.7,21.7,,,59.2,4.7,,50.0,,0.9,0.0
德州,jma_seamless,2025-09-20,6,2025-09-26,25.1,18.6,21.7,,,52.6,3.5,,61.2,,0.0,0.0
德州,jma_seamless,2025-09-19,7,2025-09-26,24.4,14.3,20.4,,,77.1,4.6,,83.5,,23.7,0.0
德州,ecmwf_ifs025,2025-09-26,1,2025-09-27,24.4,18.1,22.6,,,79.8,4.2,,43.5,10.87,0.3,
德州,ecmwf_ifs025,2025-09-25,2,2025-09-27,23.9,17.7,22.0,,,81.1,5.0,,43.4,7.64,3.3,
德州,ecmwf_ifs025,2025-09-24,3,2025-09-27,21.2,16.8,21.4,,,84.4,4.3,,46.1,5.35,1.2,
德州,ecmwf_ifs025,2025-09-23,4,2025-09-27,22.6,16.4,21.1,,,77.8,4.2,,36.8,7.58,3.6,
德州,ecmwf_ifs025,2025-09-22,5,2025-09-27,25.7,17.5,22.8,,,78.3,4.1,,22.4,12.72,0.9,
德州,ecmwf_ifs025,2025-09-21,6,2025-09-27,26.4,17.9,21.9,,,74.6,6.9,,20.5,15.39,0.9,
德州,ecmwf_ifs025,2025-09-20,7,2025-09-27,25.5,16.1,21.6,,,77.6,4.8,,1.9,15.8,0.0,
德州,gfs_seamless,2025-09-26,1,2025-09-27,19.5,16.4,19.0,,,90.7,7.5,27.4,100.0,1.2,14.6,0.0
德州,gfs_seamless,2025-09-25,2,2025-09-27,21.1,16.0,18.5,,,86.5,5.7,24.8,99.7,1.16,4.5,0.0
德州,gfs_seamless,2025-09-24,3,2025-09-27,19.6,15.6,17.6,,,86.4,6.9,29.9,100.0,1.53,6.4,0.0
德州,gfs_seamless,2025-09-23,4,2025-09-27,21.4,16.2,20.0,,,71.9,6.0,16.2,100.0,4.04,0.1,0.0
德州,gfs_seamless,2025-09-22,5,2025-09-27,19.7,16.7,18.9,,,84.8,7.2,25.6,82.5,1.22,1.9,0.0
德州,gfs_seamless,2025-09-21,6,2025-09-27,27.4,16.8,21.4,,31.1,83.7,8.9,21.2,84.9,10.7,2.0,0.0
德州,gfs_seamless,2025-09-20,7,2025-09-27,26.3,15.7,20.4,,,68.0,7.1,11.9,49.3,12.61,0.2,0.0
德州,jma_seamless,2025-09-26,1,2025-09-27,24.1,17.5,22.0,,,72.4,4.4,,82.4,,7.5,0.0
德州,jma_seamless,2025-09-25,2,2025-09-27,23.5,20.0,22.0,,,62.6,4.0,,80.2,,0.0,0.0
德州,jma_seamless,2025-09-24,3,2025-09-27,23.3,17.2,20.7,,,75.6,6.3,,96.7,,4.8,0.0
德州,jma_seamless,2025-09-23,4,2025-09-27,26.0,19.3,23.1,,,71.2,3.6,,46.8,,2.1,0.0
德州,jma_seamless,2025-09-22,5,2025-09-27,22.3,17.1,20.6,,,74.9,4.5,,40.2,,30.3,0.0
德州,jma_seamless,2025-09-21,6,2025-09-27,22.0,18.2,21.0,,,71.7,5.0,,52.8,,6.6,0.0
德州,jma_seamless,2025-09-20,7,2025-09-27,23.3,14.8,20.7,,,76.1,5.0,,30.8,,1.5,0.0
德州,ecmwf_ifs025,2025-09-27,1,2025-09-28,25.5,16.2,22.7,,,82.0,4.6,,34.8,15.96,0.3,
德州,ecmwf_ifs025,2025-09-26,2,2025-09-28,25.3,17.5,23.0,,,80.8,4.7,,51.2,13.42,0.6,
德州,ecmwf_ifs025,2025-09-25,3,2025-09-28,24.8,15.8,22.4,,,82.3,4.0,,42.2,14.69,0.0,
德州,ecmwf_ifs025,2025-09-24,4,2025-09-28,23.4,14.4,20.5,,,82.4,3.9,,39.2,12.51,0.0,
德州,ecmwf_ifs025,2025-09-23,5,2025-09-28,25.9,15.7,22.5,,,79.0,4.7,,4.2,16.5,0.0,
德州,ecmwf_ifs025,2025-09-22,6,2025-09-28,26.5,17.2,21.7,,,72.5,5.8,,3.4,15.51,0.0,
德州,ecmwf_ifs025,2025-09-21,7,2025-09-28,27.4,17.4,22.2,,29.8,72.2,5.8,,9.6,15.94,0.0,
德州,gfs_seamless,2025-09-27,1,2025-09-28,26.2,16.8,22.7,,,77.7,5.7,11.9,96.7,16.15,0.0,0.0
德州,gfs_seamless,2025-09-26,2,2025-09-28,24.1,15.5,21.2,,,81.8,5.2,14.8,100.0,12.99,0.0,0.0
德州,gfs_seamless,2025-09-25,3,2025-09-28,24.0,15.8,20.3,,,80.2,6.5,13.0,99.9,13.87,0.0,0.0
德州,gfs_seamless,2025-09-24,4,2025-09-28,24.3,15.3,19.6,,,76.6,5.7,21.6,99.7,11.27,0.0,0.0
德州,gfs_seamless,2025-09-23,5,2025-09-28,26.2,17.2,21.7,,,68.0,6.9,13.7,30.8,19.18,0.0,0.0
德州,gfs_seamless,2025-09-22,6,2025-09-28,27.1,16.6,21.6,,29.0,70.1,7.7,23.4,33.4,18.98,0.0,0.0
德州,gfs_seamless,2025-09-21,7,2025-09-28,30.2,14.8,20.9,,33.4,60.8,9.7,33.1,20.4,19.58,0.0,0.0
德州,jma_seamless,2025-09-27,1,2025-09-28,24.0,18.7,23.2,,,83.5,2.9,,91.8,,4.2,0.0
德州,jma_seamless,2025-09-26,2,2025-09-28,23.3,19.1,22.8,,,81.8,2.7,,87.1,,0.6,0.0
德州,jma_seamless,2025-09-25,3,2025-09-28,24.9,17.2,22.0,,,76.1,4.5,,59.4,,0.6,0.0
德州,jma_seamless,2025-09-24,4,2025-09-28,25.5,17.4,22.4,,,78.6,4.7,,34.0,,0.0,0.0
德州,jma_seamless,2025-09-23,5,2025-09-28,29.3,17.9,22.3,,31.5,59.5,2.8,,4.3,,0.0,0.0
德州,jma_seamless,2025-09-22,6,2025-09-28,27.6,17.9,22.3,,29.6,67.3,4.3,,0.0,,0.0,0.0
德州,jma_seamless,2025-09-21,7,2025-09-28,28.2,17.8,21.7,,29.7,59.2,4.1,,0.0,,0.0,0.0
德州,ecmwf_ifs025,2025-09-28,1,2025-09-29,27.5,15.8,22.8,,30.3,74.9,5.7,,3.4,16.81,0.0,
德州,ecmwf_ifs025,2025-09-27,2,2025-09-29,27.3,16.3,23.1,,29.8,74.5,5.3,,10.0,16.66,0.0,
德州,ecmwf_ifs025,2025-09-26,3,2025-09-29,27.4,16.8,23.2,,30.0,74.5,4.6,,6.0,16.57,0.0,
德州,ecmwf_ifs025,2025-09-25,4,2025-09-29,27.7,16.2,22.8,,30.7,74.7,7.5,,5.7,15.02,0.0,
德州,ecmwf_ifs025,2025-09-24,5,2025-09-29,27.4,15.0,22.0,,30.1,74.8,8.8,,11.6,16.27,0.0,
德州,ecmwf_ifs025,2025-09-23,6,2025-09-29,26.0,17.3,22.5,,,72.9,3.9,,22.8,13.96,0.0,
德州,ecmwf_ifs025,2025-09-22,7,2025-09-29,27.6,16.2,21.9,,30.0,71.0,6.0,,7.4,15.62,0.0,
德州,gfs_seamless,2025-09-28,1,2025-09-29,28.2,17.2,22.8,,30.1,62.6,8.4,40.3,44.9,19.12,0.0,0.0
德州,gfs_seamless,2025-09-27,2,2025-09-29,28.0,17.3,23.4,,30.2,66.0,6.5,24.1,49.3,18.26,0.0,0.0
德州,gfs_seamless,2025-09-26,3,2025-09-29,27.4,17.1,22.3,,29.1,65.1,8.7,27.7,50.4,19.09,0.0,0.0
德州,gfs_seamless,2025-09-25,4,2025-09-29,27.5,16.8,21.8,,29.5,67.6,10.9,30.6,54.8,18.79,0.0,0.0
德州,gfs_seamless,2025-09-24,5,2025-09-29,26.4,17.3,21.7,,,68.2,9.4,40.7,61.9,18.12,0.0,0.0
德州,gfs_seamless,2025-09-23,6,2025-09-29,26.9,17.0,21.5,,,59.8,7.6,19.1,58.5,15.75,0.0,0.0
德州,gfs_seamless,2025-09-22,7,2025-09-29,29.7,18.3,22.9,,32.3,59.9,8.3,16.9,68.9,18.13,0.0,0.0
德州,jma_seamless,2025-09-28,1,2025-09-29,28.5,18.3,23.2,,31.1,66.6,5.2,,14.5,,0.0,0.0
德州,jma_seamless,2025-09-27,2,2025-09-29,27.4,19.0,23.6,,29.7,71.6,5.6,,54.4,,0.0,0.0
德州,jma_seamless,2025-09-26,3,2025-09-29,27.8,19.0,23.9,,30.4,71.3,5.6,,40.5,,0.0,0.0
德州,jma_seamless,2025-09-25,4,2025-09-29,26.5,18.8,23.8,,,76.5,6.2,,60.8,,0.0,0.0
德州,jma_seamless,2025-09-24,5,2025-09-29,28.7,17.3,23.2,,32.1,70.0,6.7,,6.5,,0.0,0.0
德州,jma_seamless,2025-09-23,6,2025-09-29,30.1,17.7,22.9,,32.5,57.6,3.5,,12.8,,0.0,0.0
德州,jma_seamless,2025-09-22,7,2025-09-29,29.6,17.3,22.5,,31.3,55.2,7.0,,13.0,,0.0,0.0
德州,ecmwf_ifs025,2025-09-29,1,2025-09-30,28.0,18.1,23.5,,31.4,75.0,11.7,,0.8,16.57,0.0,
德州,ecmwf_ifs025,2025-09-28,2,2025-09-30,27.8,17.4,23.1,,30.9,75.2,10.4,,0.7,16.6,0.0,
德州,ecmwf_ifs025,2025-09-27,3,2025-09-30,28.1,17.6,23.7,,31.3,73.2,9.2,,5.4,16.56,0.0,
德州,ecmwf_ifs025,2025-09-26,4,2025-09-30,28.9,18.1,24.1,,32.9,72.0,10.8,,1.0,16.57,0.0,
德州,ecmwf_ifs025,2025-09-25,5,2025-09-30,28.1,18.3,24.1,,31.8,76.7,8.4,,8.7,16.74,0.0,
德州,ecmwf_ifs025,2025-09-24,6,2025-09-30,28.4,19.0,23.3,,32.0,73.5,8.8,,5.4,15.22,0.0,
德州,ecmwf_ifs025,2025-09-23,7,2025-09-30,27.9,17.4,22.9,,30.9,73.5,10.8,,16.7,15.43,0.0,
德州,gfs_seamless,2025-09-29,1,2025-09-30,29.5,17.6,22.9,,33.7,69.2,16.7,43.6,18.2,19.09,0.0,0.0
德州,gfs_seamless,2025-09-28,2,2025-09-30,29.6,17.7,23.0,,34.0,69.6,16.1,44.6,9.6,19.08,0.0,0.0
德州,gfs_seamless,2025-09-27,3,2025-09-30,30.1,17.7,23.1,,34.7,67.7,14.9,40.3,6.2,19.03,0.0,0.0
德州,gfs_seamless,2025-09-26,4,2025-09-30,29.0,17.7,22.8,,32.8,70.4,15.8,43.6,21.8,19.05,0.0,0.0
德州,gfs_seamless,2025-09-25,5,2025-09-30,29.1,17.1,22.6,,33.0,70.2,15.1,45.0,21.2,19.02,0.0,0.0
德州,gfs_seamless,2025-09-24,6,2025-09-30,28.1,17.7,22.7,,31.1,71.6,16.0,43.2,27.8,18.51,0.0,0.0
德州,gfs_seamless,2025-09-23,7,2025-09-30,27.2,17.6,21.3,,28.7,64.9,14.8,43.2,44.7,18.65,0.0,0.0
德州,jma_seamless,2025-09-29,1,2025-09-30,28.5,19.3,23.7,,30.5,62.3,8.8,,0.7,,0.0,0.0
德州,jma_seamless,2025-09-28,2,2025-09-30,27.0,18.8,22.9,,28.5,66.1,8.8,,9.0,,0.0,0.0
德州,jma_seamless,2025-09-27,3,2025-09-30,27.3,18.7,22.9,,28.9,64.8,10.1,,7.8,,0.0,0.0
德州,jma_seamless,2025-09-26,4,2025-09-30,28.1,20.3,23.9,,29.9,62.8,9.3,,2.4,,0.0,0.0
德州,jma_seamless,2025-09-25,5,2025-09-30,28.2,19.2,23.2,,29.7,59.6,8.1,,1.0,,0.0,0.0
德州,jma_seamless,2025-09-24,6,2025-09-30,27.3,20.1,23.8,,29.1,66.8,5.9,,13.6,,0.0,0.0
德州,jma_seamless,2025-09-23,7,2025-09-30,24.9,18.4,21.7,,,53.9,8.5,,11.0,,0.6,0.0
德州,ecmwf_ifs025,2025-09-30,1,2025-10-01,28.3,18.2,24.8,,32.3,76.5,7.9,,55.6,12.55,1.2,
德州,ecmwf_ifs025,2025-09-29,2,2025-10-01,26.7,18.4,24.2,,,78.2,8.1,,49.5,10.38,0.0,
德州,ecmwf_ifs025,2025-09-28,3,2025-10-01,27.0,18.5,24.3,,29.8,81.0,8.2,,56.3,11.39,2.4,
德州,ecmwf_ifs025,2025-09-27,4,2025-10-01,27.0,19.0,24.5,,29.6,78.3,8.4,,67.2,10.84,0.3,
德州,ecmwf_ifs025,2025-09-26,5,2025-10-01,25.5,17.8,23.6,,,82.6,8.6,,62.1,7.59,1.8,
德州,ecmwf_ifs025,2025-09-25,6,2025-10-01,24.1,17.9,22.4,,,82.3,7.3,,50.9,7.15,2.7,
德州,ecmwf_ifs025,2025-09-24,7,2025-10-01,27.1,19.4,24.5,,29.7,77.7,7.4,,73.1,9.76,0.9,
德州,gfs_seamless,2025-09-30,1,2025-10-01,27.7,19.0,22.8,,29.9,68.5,13.9,42.5,97.3,10.84,3.7,0.0
德州,gfs_seamless,2025-09-29,2,2025-10-01,27.5,18.0,22.9,,29.9,72.0,14.1,45.4,100.0,10.78,0.5,0.0
德州,gfs_seamless,2025-09-28,3,2025-10-01,25.8,17.1,21.7,,,76.6,14.2,40.0,89.3,6.6,6.9,0.0
德州,gfs_seamless,2025-09-27,4,2025-10-01,26.3,16.5,21.3,,,76.4,16.7,45.0,96.8,8.51,9.7,0.0
德州,gfs_seamless,2025-09-26,5,2025-10-01,28.0,17.0,22.5,,31.4,75.2,14.4,42.5,89.3,13.91,2.0,0.0
德州,gfs_seamless,2025-09-25,6,2025-10-01,27.7,18.4,21.9,,30.3,72.1,17.4,50.8,91.6,12.14,0.0,0.0
德州,gfs_seamless,2025-09-24,7,2025-10-01,26.2,18.3,21.3,,,75.7,17.2,50.4,96.0,8.64,0.0,0.0
德州,jma_seamless,2025-09-30,1,2025-10-01,32.7,19.9,25.1,,34.8,46.4,8.7,,63.0,,0.9,0.0
德州,jma_seamless,2025-09-29,2,2025-10-01,29.8,18.5,23.8,,32.1,58.3,6.6,,62.3,,6.0,0.0
德州,jma_seamless,2025-09-28,3,2025-10-01,29.0,20.1,23.5,,31.2,60.8,11.0,,69.2,,1.2,0.0
德州,jma_seamless,2025-09-27,4,2025-10-01,28.8,19.6,24.1,,31.2,63.3,8.1,,76.8,,3.9,0.0
德州,jma_seamless,2025-09-26,5,2025-10-01,32.0,19.2,23.9,,34.3,49.7,8.4,,40.0,,0.0,0.0
德州,jma_seamless,2025-09-25,6,2025-10-01,32.2,19.5,24.8,,34.6,49.3,8.1,,50.2,,0.0,0.0
德州,jma_seamless,2025-09-24,7,2025-10-01,28.5,18.8,25.3,,30.7,63.8,5.1,,56.8,,0.0,0.0
德州,ecmwf_ifs025,2025-10-01,1,2025-10-02,22.7,17.9,20.8,,,71.9,10.5,,38.3,10.4,2.1,
德州,ecmwf_ifs025,2025-09-30,2,2025-10-02,25.6,17.8,21.8,,,67.0,9.5,,34.6,13.48,1.8,
德州,ecmwf_ifs025,2025-09-29,3,2025-10-02,24.2,17.9,20.2,,,73.8,10.8,,34.4,10.81,6.9,
德州,ecmwf_ifs025,2025-09-28,4,2025-10-02,23.8,17.3,20.4,,,79.0,9.3,,31.8,10.49,9.9,
德州,ecmwf_ifs025,2025-09-27,5,2025-10-02,24.0,18.2,22.7,,,82.5,4.6,,34.4,10.92,2.1,
德州,ecmwf_ifs025,2025-09-26,6,2025-10-02,26.7,18.4,22.9,,,75.0,5.4,,51.1,13.51,0.6,
德州,ecmwf_ifs025,2025-09-25,7,2025-10-02,24.5,17.9,22.5,,,73.3,6.2,,42.0,10.14,0.9,
德州,gfs_seamless,2025-10-01,1,2025-10-02,19.9,17.1,17.8,,,84.5,14.6,41.0,99.9,6.59,2.0,0.0
德州,gfs_seamless,2025-09-30,2,2025-10-02,20.0,16.9,17.9,,,83.2,12.1,30.2,99.9,5.03,0.5,0.0
德州,gfs_seamless,2025-09-29,3,2025-10-02,21.6,16.8,18.5,,,81.7,10.7,28.8,99.2,6.82,1.5,0.0
德州,gfs_seamless,2025-09-28,4,2025-10-02,19.8,15.8,17.6,,,90.0,10.4,24.5,88.5,5.91,11.9,0.0
德州,gfs_seamless,2025-09-27,5,2025-10-02,17.6,14.9,17.0,,,92.6,9.4,30.2,98.0,1.29,3.8,0.0
德州,gfs_seamless,2025-09-26,6,2025-10-02,21.9,16.2,18.7,,,81.0,10.3,47.5,99.4,7.55,0.0,0.0
德州,gfs_seamless,2025-09-25,7,2025-10-02,25.2,16.2,19.8,,,77.9,8.0,49.7,91.6,13.72,0.3,0.0
德州,jma_seamless,2025-10-01,1,2025-10-02,24.4,17.6,21.1,,,67.4,7.8,,69.1,,4.5,0.0
德州,jma_seamless,2025-09-30,2,2025-10-02,21.9,16.3,19.6,,,78.4,8.9,,64.2,,7.8,0.0
德州,jma_seamless,2025-09-29,3,2025-10-02,23.6,18.2,20.7,,,69.4,6.3,,59.1,,0.6,0.0
德州,jma_seamless,2025-09-28,4,2025-10-02,25.7,17.5,21.3,,,67.0,7.3,,42.0,,3.3,0.0
德州,jma_seamless,2025-09-27,5,2025-10-02,22.3,17.3,20.6,,,70.7,8.1,,63.3,,2.4,0.0
德州,jma_seamless,2025-09-26,6,2025-10-02,27.2,19.7,23.4,,27.8,53.2,9.4,,13.2,,0.0,0.0
德州,jma_seamless,2025-09-25,7,2025-10-02,25.8,22.9,23.8,,,46.9,8.0,,63.1,,0.0,0.0
德州,ecmwf_ifs025,2025-10-02,1,2025-10-03,24.0,18.0,21.4,,,76.8,8.0,,57.2,11.54,0.0,
德州,ecmwf_ifs025,2025-10-01,2,2025-10-03,24.5,15.8,21.4,,,74.3,6.8,,42.1,10.52,0.0,
德州,ecmwf_ifs025,2025-09-30,3,2025-10-03,26.2,16.2,21.8,,,73.2,7.4,,45.6,12.72,0.0,
德州,ecmwf_ifs025,2025-09-29,4,2025-10-03,25.3,15.2,21.3,,,76.0,8.1,,44.6,12.63,0.0,
德州,ecmwf_ifs025,2025-09-28,5,2025-10-03,24.6,14.4,21.0,,,78.1,6.2,,37.8,12.32,0.0,
德州,ecmwf_ifs025,2025-09-27,6,2025-10-03,25.5,17.3,21.4,,,72.5,5.8,,26.5,14.46,0.0,
德州,ecmwf_ifs025,2025-09-26,7,2025-10-03,26.8,17.7,22.6,,,70.1,5.6,,16.3,14.43,0.0,
德州,gfs_seamless,2025-10-02,1,2025-10-03,24.3,16.7,20.3,,,79.5,6.0,14.8,100.0,8.68,0.0,0.0
德州,gfs_seamless,2025-10-01,2,2025-10-03,21.0,16.9,18.9,,,84.7,7.1,18.0,99.3,4.5,0.1,0.0
德州,gfs_seamless,2025-09-30,3,2025-10-03,22.6,15.1,19.7,,,82.0,7.3,19.1,98.3,5.88,0.3,0.0
德州,gfs_seamless,2025-09-29,4,2025-10-03,24.3,15.3,20.4,,,77.1,5.0,11.5,73.9,11.16,0.0,0.0
德州,gfs_seamless,2025-09-28,5,2025-10-03,24.2,14.6,20.1,,,77.2,5.9,12.6,43.8,18.09,0.0,0.0
德州,gfs_seamless,2025-09-27,6,2025-10-03,23.6,16.4,20.0,,,77.2,5.9,11.5,54.7,17.86,0.0,0.0
德州,gfs_seamless,2025-09-26,7,2025-10-03,23.7,15.4,19.8,,,79.7,6.8,14.0,87.6,13.45,0.1,0.0
德州,jma_seamless,2025-10-02,1,2025-10-03,25.1,19.1,22.9,,,70.0,4.9,,54.8,,0.0,0.0
德州,jma_seamless,2025-10-01,2,2025-10-03,24.3,18.9,23.2,,,73.8,4.8,,69.2,,0.6,0.0
德州,jma_seamless,2025-09-30,3,2025-10-03,23.9,18.3,22.3,,,77.0,6.4,,68.9,,1.2,0.0
德州,jma_seamless,2025-09-29,4,2025-10-03,25.0,19.3,22.9,,,65.1,4.2,,42.8,,0.0,0.0
德州,jma_seamless,2025-09-28,5,2025-10-03,26.3,18.5,22.6,,,63.7,4.3,,12.9,,0.0,0.0
德州,jma_seamless,2025-09-27,6,2025-10-03,25.4,19.5,23.1,,,67.7,5.1,,43.9,,0.0,0.0
德州,jma_seamless,2025-09-26,7,2025-10-03,26.0,19.0,22.9,,,61.3,4.2,,32.5,,0.0,0.0
德州,ecmwf_ifs025,2025-10-03,1,2025-10-04,24.7,17.7,23.1,,,82.4,3.7,,72.9,11.23,5.4,
德州,ecmwf_ifs025,2025-10-02,2,2025-10-04,25.0,16.6,22.8,,,81.7,3.8,,67.2,10.73,1.2,
德州,ecmwf_ifs025,2025-10-01,3,2025-10-04,23.8,17.9,22.9,,,83.7,3.6,,71.0,6.56,8.4,
德州,ecmwf_ifs025,2025-09-30,4,2025-10-04,24.6,17.8,23.2,,,82.5,3.7,,61.8,8.34,1.2,
德州,ecmwf_ifs025,2025-09-29,5,2025-10-04,22.6,17.4,22.1,,,87.4,4.2,,58.8,4.78,3.6,
德州,ecmwf_ifs025,2025-09-28,6,2025-10-04,26.1,18.1,23.0,,,77.6,4.1,,52.6,12.63,0.0,
德州,ecmwf_ifs025,2025-09-27,7,2025-10-04,27.1,18.6,23.5,,29.4,73.8,5.2,,44.8,13.65,0.0,
德州,gfs_seamless,2025-10-03,1,2025-10-04,26.1,16.5,22.2,,,75.5,5.1,20.2,82.6,15.82,0.5,0.0
德州,gfs_seamless,2025-10-02,2,2025-10-04,25.8,16.1,21.3,,,78.8,5.7,22.7,97.0,12.21,1.9,0.0
德州,gfs_seamless,2025-10-01,3,2025-10-04,24.8,16.5,22.1,,,74.5,4.5,13.7,85.0,13.42,0.1,0.0
德州,gfs_seamless,2025-09-30,4,2025-10-04,25.0,16.1,20.3,,,87.1,5.5,17.3,79.6,10.23,7.1,0.0
德州,gfs_seamless,2025-09-29,5,2025-10-04,25.3,18.0,22.0,,,72.2,8.0,22.3,90.5,7.57,0.1,0.0
德州,gfs_seamless,2025-09-28,6,2025-10-04,25.2,16.7,21.5,,,74.7,7.6,18.7,72.8,13.86,0.9,0.0
德州,gfs_seamless,2025-09-27,7,2025-10-04,25.3,16.1,21.1,,,77.1,9.1,32.0,65.6,11.85,0.6,0.0
德州,jma_seamless,2025-10-03,1,2025-10-04,25.5,18.3,23.5,,,71.2,1.7,,51.2,,0.0,0.0
德州,jma_seamless,2025-10-02,2,2025-10-04,26.3,20.3,24.5,,,64.0,3.7,,80.3,,1.2,0.0
德州,jma_seamless,2025-10-01,3,2025-10-04,21.6,19.9,23.4,,,83.4,3.7,,64.4,,3.0,0.0
德州,jma_seamless,2025-09-30,4,2025-10-04,26.2,19.4,24.3,,,72.8,4.8,,74.0,,1.2,0.0
德州,jma_seamless,2025-09-29,5,2025-10-04,28.5,19.1,24.4,,30.3,60.3,3.3,,35.3,,0.6,0.0
德州,jma_seamless,2025-09-28,6,2025-10-04,27.2,19.4,24.2,,28.5,61.5,3.7,,69.3,,0.0,0.0
德州,jma_seamless,2025-09-27,7,2025-10-04,27.7,18.7,24.5,,29.7,66.5,3.0,,32.2,,1.8,0.0
德州,ecmwf_ifs025,2025-10-04,1,2025-10-05,21.1,19.2,22.4,,,94.7,6.3,,100.0,2.63,15.6,
德州,ecmwf_ifs025,2025-10-03,2,2025-10-05,22.9,18.7,22.2,,,91.3,9.3,,88.5,4.72,10.8,
德州,ecmwf_ifs025,2025-10-02,3,2025-10-05,24.0,18.1,22.5,,,89.0,8.0,,82.8,7.92,10.8,
德州,ecmwf_ifs025,2025-10-01,4,2025-10-05,24.9,19.2,23.0,,,88.2,6.9,,96.5,6.04,18.9,
德州,ecmwf_ifs025,2025-09-30,5,2025-10-05,23.7,19.2,23.1,,,91.2,7.0,,95.3,5.72,18.6,
德州,ecmwf_ifs025,2025-09-29,6,2025-10-05,19.9,17.8,21.3,,,95.6,6.9,,72.7,1.34,36.9,
德州,ecmwf_ifs025,2025-09-28,7,2025-10-05,21.3,18.6,22.3,,,93.1,4.6,,69.5,3.13,7.2,
德州,gfs_seamless,2025-10-04,1,2025-10-05,19.9,16.2,19.8,,,92.8,10.6,50.8,100.0,0.7,20.7,0.0
德州,gfs_seamless,2025-10-03,2,2025-10-05,19.4,15.9,18.9,,,93.6,13.1,54.0,100.0,0.57,21.0,0.0
德州,gfs_seamless,2025-10-02,3,2025-10-05,21.1,15.8,19.9,,,88.2,9.3,45.4,100.0,2.08,7.5,0.0
德州,gfs_seamless,2025-10-01,4,2025-10-05,19.1,17.8,19.8,,,96.0,7.9,37.8,100.0,0.72,21.7,0.0
德州,gfs_seamless,2025-09-30,5,2025-10-05,20.7,17.0,19.7,,,95.5,8.6,29.2,100.1,0.62,15.9,0.0
德州,gfs_seamless,2025-09-29,6,2025-10-05,19.4,17.4,20.5,,,97.2,8.6,29.2,100.0,0.34,15.0,0.0
德州,gfs_seamless,2025-09-28,7,2025-10-05,20.3,18.0,19.9,,,91.9,10.0,42.8,97.9,2.28,4.0,0.0
德州,jma_seamless,2025-10-04,1,2025-10-05,22.2,18.5,22.3,,,82.6,7.3,,95.0,,11.1,0.0
德州,jma_seamless,2025-10-03,2,2025-10-05,22.5,18.0,22.3,,,86.4,5.7,,90.0,,18.9,0.0
德州,jma_seamless,2025-10-02,3,2025-10-05,25.0,18.1,23.4,,,76.6,5.8,,91.0,,11.1,0.0
德州,jma_seamless,2025-10-01,4,2025-10-05,21.1,18.3,22.8,,,95.5,6.5,,96.7,,28.2,0.0
德州,jma_seamless,2025-09-30,5,2025-10-05,23.2,19.6,23.9,,,90.4,4.1,,96.8,,15.6,0.0
德州,jma_seamless,2025-09-29,6,2025-10-05,23.1,17.8,21.9,,,89.8,8.9,,97.4,,30.9,0.0
德州,jma_seamless,2025-09-28,7,2025-10-05,21.7,19.3,23.2,,,91.3,5.0,,81.5,,35.1,0.0
德州,ecmwf_ifs025,2025-10-05,1,2025-10-06,19.0,12.3,13.4,,,89.1,15.0,,83.0,3.78,13.5,
德州,ecmwf_ifs025,2025-10-04,2,2025-10-06,18.6,12.2,12.3,,,92.9,16.5,,95.7,1.83,18.3,
德州,ecmwf_ifs025,2025-10-03,3,2025-10-06,19.6,12.8,15.5,,,89.7,15.3,,97.9,2.93,24.6,
德州,ecmwf_ifs025,2025-10-02,4,2025-10-06,19.4,13.3,16.6,,,94.2,17.2,,94.0,1.89,22.2,
德州,ecmwf_ifs025,2025-10-01,5,2025-10-06,20.8,12.2,16.7,,,93.4,17.7,,100.0,2.14,26.1,
德州,ecmwf_ifs025,2025-09-30,6,2025-10-06,20.8,14.9,20.2,,,95.5,9.5,,86.4,2.19,13.5,
德州,ecmwf_ifs025,2025-09-29,7,2025-10-06,21.1,18.2,21.0,,,92.0,10.4,,87.6,5.94,4.2,
德州,gfs_seamless,2025-10-05,1,2025-10-06,15.4,10.9,11.7,,,88.0,15.2,49.0,100.0,3.07,17.0,0.0
德州,gfs_seamless,2025-10-04,2,2025-10-06,15.7,12.3,11.8,,,87.8,16.3,51.8,100.0,1.0,11.3,0.0
德州,gfs_seamless,2025-10-03,3,2025-10-06,15.7,12.3,12.2,,,93.2,18.0,44.3,100.0,0.47,23.0,0.0
德州,gfs_seamless,2025-10-02,4,2025-10-06,18.1,11.1,12.7,,,94.8,20.7,47.9,100.0,0.34,29.4,0.0
德州,gfs_seamless,2025-10-01,5,2025-10-06,18.7,12.3,14.5,,,95.3,19.6,46.1,100.0,0.48,14.9,0.0
德州,gfs_seamless,2025-09-30,6,2025-10-06,18.2,15.7,17.3,,,96.0,15.4,48.6,100.0,0.72,4.8,0.0
德州,gfs_seamless,2025-09-29,7,2025-10-06,19.0,15.3,17.4,,,92.5,15.8,50.4,98.8,0.94,5.5,0.0
德州,jma_seamless,2025-10-05,1,2025-10-06,18.5,13.0,14.8,,,87.7,10.6,,90.8,,20.1,0.0
德州,jma_seamless,2025-10-04,2,2025-10-06,19.9,16.0,18.8,,,86.9,10.3,,93.7,,25.8,0.0
德州,jma_seamless,2025-10-03,3,2025-10-06,23.6,14.9,19.2,,,84.3,11.5,,92.7,,20.7,0.0
德州,jma_seamless,2025-10-02,4,2025-10-06,22.3,17.8,20.5,,,87.9,9.9,,96.5,,23.7,0.0
德州,jma_seamless,2025-10-01,5,2025-10-06,21.5,18.7,22.1,,,93.8,7.5,,95.7,,23.1,0.0
德州,jma_seamless,2025-09-30,6,2025-10-06,21.0,17.5,21.2,,,93.4,9.3,,98.1,,25.5,0.0
德州,jma_seamless,2025-09-29,7,2025-10-06,21.5,18.9,21.8,,,92.3,8.3,,94.0,,27.6,0.0
德州,ecmwf_ifs025,2025-10-06,1,2025-10-07,18.5,12.9,16.0,,,86.4,3.2,,36.6,6.2,9.0,
德州,ecmwf_ifs025,2025-10-05,2,2025-10-07,19.6,12.3,15.7,,,83.8,6.0,,66.6,9.22,0.9,
德州,ecmwf_ifs025,2025-10-04,3,2025-10-07,20.8,11.9,15.9,,,87.1,5.9,,59.3,10.21,3.3,
德州,ecmwf_ifs025,2025-10-03,4,2025-10-07,20.5,12.0,16.0,,,88.1,5.7,,64.2,8.04,5.7,
德州,ecmwf_ifs025,2025-10-02,5,2025-10-07,20.0,11.9,16.0,,,84.6,5.2,,49.0,7.98,3.0,
德州,ecmwf_ifs025,2025-10-01,6,2025-10-07,21.5,14.8,17.6,,,82.3,7.5,,42.7,6.02,5.4,
德州,ecmwf_ifs025,2025-09-30,7,2025-10-07,18.4,14.3,14.8,,,58.0,12.0,,35.2,4.94,0.0,
德州,gfs_seamless,2025-10-06,1,2025-10-07,21.4,14.1,17.3,,,70.8,5.0,10.8,92.7,11.83,0.0,0.0
德州,gfs_seamless,2025-10-05,2,2025-10-07,21.6,14.1,17.4,,,69.3,3.3,11.2,92.9,13.31,0.0,0.0
德州,gfs_seamless,2025-10-04,3,2025-10-07,22.3,13.1,16.3,,,71.8,7.0,17.6,82.2,12.82,0.0,0.0
德州,gfs_seamless,2025-10-03,4,2025-10-07,20.9,12.2,15.7,,,80.3,6.8,20.2,95.2,11.16,0.6,0.0
德州,gfs_seamless,2025-10-02,5,2025-10-07,21.3,12.0,15.1,,,82.8,7.5,25.2,95.5,10.61,2.5,0.0
德州,gfs_seamless,2025-10-01,6,2025-10-07,18.0,12.4,15.0,,,90.0,9.8,32.0,100.0,6.79,2.6,0.0
德州,gfs_seamless,2025-09-30,7,2025-10-07,19.8,15.4,16.2,,,90.0,14.1,45.7,99.7,2.97,2.6,0.0
德州,jma_seamless,2025-10-06,1,2025-10-07,22.0,15.7,18.1,,,57.3,3.5,,73.8,,0.0,0.0
德州,jma_seamless,2025-10-05,2,2025-10-07,22.2,15.9,18.2,,,66.8,5.4,,75.3,,0.9,0.0
德州,jma_seamless,2025-10-04,3,2025-10-07,22.7,14.2,18.4,,,84.9,6.1,,86.7,,9.6,0.0
德州,jma_seamless,2025-10-03,4,2025-10-07,20.4,16.2,19.3,,,78.8,5.3,,85.9,,15.6,0.0
德州,jma_seamless,2025-10-02,5,2025-10-07,23.6,17.5,21.7,,,74.9,5.7,,96.8,,7.5,0.0
德州,jma_seamless,2025-10-01,6,2025-10-07,23.2,16.9,20.4,,,74.2,8.0,,93.0,,13.8,0.0
德州,jma_seamless,2025-09-30,7,2025-10-07,22.4,18.4,21.8,,,88.0,6.1,,90.4,,10.8,0.0
德州,ecmwf_ifs025,2025-10-07,1,2025-10-08,19.0,14.6,16.8,,,90.5,13.9,,75.8,2.54,8.7,
德州,ecmwf_ifs025,2025-10-06,2,2025-10-08,18.0,14.6,15.2,,,89.6,14.2,,72.6,2.66,9.9,
德州,ecmwf_ifs025,2025-10-05,3,2025-10-08,18.8,15.3,16.7,,,88.0,12.0,,96.9,2.78,6.0,
德州,ecmwf_ifs025,2025-10-04,4,2025-10-08,19.2,16.3,18.1,,,94.3,12.1,,95.7,2.26,18.6,
德州,ecmwf_ifs025,2025-10-03,5,2025-10-08,18.7,15.3,16.6,,,88.4,14.8,,87.6,2.91,10.2,
德州,ecmwf_ifs025,2025-10-02,6,2025-10-08,15.7,12.0,10.5,,,53.2,16.7,,53.5,3.57,4.5,
德州,ecmwf_ifs025,2025-10-01,7,2025-10-08,14.5,11.6,9.6,,,49.2,11.9,,53.2,3.04,1.5,
德州,gfs_seamless,2025-10-07,1,2025-10-08,18.5,13.4,14.9,,,78.8,17.0,49.7,100.0,,,
德州,gfs_seamless,2025-10-06,2,2025-10-08,17.7,12.9,14.2,,,86.6,17.0,43.9,100.0,,,
德州,gfs_seamless,2025-10-05,3,2025-10-08,16.2,13.4,13.1,,,80.8,17.5,47.5,99.9,,,
德州,gfs_seamless,2025-10-04,4,2025-10-08,18.5,15.4,16.8,,,89.7,11.1,38.2,100.0,,,
德州,gfs_seamless,2025-10-03,5,2025-10-08,17.9,13.3,12.2,,,88.5,23.5,53.6,100.0,,,
德州,gfs_seamless,2025-10-02,6,2025-10-08,15.4,10.1,9.6,,,73.8,14.5,48.6,100.0,,,
德州,gfs_seamless,2025-10-01,7,2025-10-08,17.5,11.0,10.1,,,86.9,22.6,50.0,100.0,,,
德州,jma_seamless,2025-10-07,1,2025-10-08,20.0,14.5,17.7,,,80.2,8.6,,88.0,,7.2,
德州,jma_seamless,2025-10-06,2,2025-10-08,20.9,15.5,18.6,,,76.5,9.6,,86.9,,4.5,
德州,jma_seamless,2025-10-05,3,2025-10-08,17.7,15.4,15.8,,,75.1,13.4,,92.9,,12.9,
德州,jma_seamless,2025-10-04,4,2025-10-08,18.0,14.4,16.2,,,89.5,12.6,,88.0,,18.6,
德州,jma_seamless,2025-10-03,5,2025-10-08,21.8,13.8,14.1,,,71.4,15.4,,91.1,,20.4,
德州,jma_seamless,2025-10-02,6,2025-10-08,22.7,10.2,10.9,,,32.8,15.1,,91.1,,1.2,
德州,jma_seamless,2025-10-01,7,2025-10-08,18.4,12.8,13.9,,,69.3,15.1,,83.2,,4.2,
德州,ecmwf_ifs025,2025-10-08,1,2025-10-09,14.8,11.4,11.5,,,94.6,18.0,,98.4,1.81,29.4,
德州,ecmwf_ifs025,2025-10-07,2,2025-10-09,14.7,13.1,12.4,,,95.6,16.1,,100.0,1.67,29.7,
德州,ecmwf_ifs025,2025-10-06,3,2025-10-09,15.6,12.8,13.9,,,96.2,10.9,,98.7,1.69,25.2,
德州,ecmwf_ifs025,2025-10-05,4,2025-10-09,16.7,13.3,14.6,,,96.1,12.0,,97.2,2.37,24.6,
德州,ecmwf_ifs025,2025-10-04,5,2025-10-09,15.4,11.7,11.8,,,93.8,16.5,,99.5,1.84,14.1,
德州,ecmwf_ifs025,2025-10-03,6,2025-10-09,14.4,11.2,10.3,,,94.4,17.0,,91.1,2.17,10.5,
德州,ecmwf_ifs025,2025-10-02,7,2025-10-09,14.2,11.6,11.6,,,88.9,13.2,,92.2,3.01,9.9,
德州,gfs_seamless,2025-10-08,1,2025-10-09,13.4,9.7,9.8,7.0,,96.0,20.3,51.8,100.0,,,
德州,gfs_seamless,2025-10-07,2,2025-10-09,13.6,9.9,9.2,7.1,,94.8,21.9,53.3,100.0,,,
德州,gfs_seamless,2025-10-06,3,2025-10-09,13.4,10.2,9.6,,,94.6,18.7,49.0,100.0,,,
德州,gfs_seamless,2025-10-05,4,2025-10-09,15.7,10.0,9.9,7.3,,96.0,20.7,54.4,100.0,,,
德州,gfs_seamless,2025-10-04,5,2025-10-09,13.3,9.3,7.8,5.9,,92.5,27.3,60.1,100.0,,,
德州,gfs_seamless,2025-10-03,6,2025-10-09,12.9,9.7,9.2,6.9,,93.7,21.4,55.8,100.0,,,
德州,gfs_seamless,2025-10-02,7,2025-10-09,11.9,10.1,9.0,,,94.1,14.1,41.4,100.0,,,
德州,jma_seamless,2025-10-08,1,2025-10-09,16.7,12.3,13.6,,,91.7,11.4,,96.4,,25.2,
德州,jma_seamless,2025-10-07,2,2025-10-09,16.1,13.1,13.6,,,91.2,11.2,,94.6,,17.7,
德州,jma_seamless,2025-10-06,3,2025-10-09,16.2,14.0,14.4,,,85.2,9.8,,93.7,,13.2,
德州,jma_seamless,2025-10-05,4,2025-10-09,16.9,13.7,14.3,,,88.9,11.4,,95.5,,18.3,
德州,jma_seamless,2025-10-04,5,2025-10-09,14.8,11.8,12.8,,,89.4,13.3,,93.2,,17.7,
德州,jma_seamless,2025-10-03,6,2025-10-09,12.2,9.7,8.4,7.7,,86.4,14.0,,94.9,,15.9,
德州,jma_seamless,2025-10-02,7,2025-10-09,12.7,9.3,8.5,7.3,,80.7,12.8,,94.2,,11.1,
德州,ecmwf_ifs025,2025-10-09,1,2025-10-10,11.9,9.8,8.3,7.6,,89.1,15.2,,97.5,2.72,6.6,
德州,ecmwf_ifs025,2025-10-08,2,2025-10-10,12.6,9.8,8.3,7.5,,87.9,16.3,,100.0,3.18,11.1,
德州,ecmwf_ifs025,2025-10-07,3,2025-10-10,13.5,11.1,9.8,,,91.6,14.9,,98.5,2.21,7.5,
德州,ecmwf_ifs025,2025-10-06,4,2025-10-10,14.5,11.3,11.2,,,91.9,15.5,,99.5,2.47,15.9,
德州,ecmwf_ifs025,2025-10-05,5,2025-10-10,12.7,10.0,9.0,7.8,,92.7,16.0,,100.0,2.16,13.2,
德州,ecmwf_ifs025,2025-10-04,6,2025-10-10,12.4,8.4,7.9,6.0,,89.1,14.3,,90.6,1.8,7.5,
德州,ecmwf_ifs025,2025-10-03,7,2025-10-10,12.2,9.3,7.6,6.7,,93.1,18.3,,99.6,1.71,22.2,
德州,gfs_seamless,2025-10-09,1,2025-10-10,10.9,9.0,6.6,6.1,,94.9,20.6,47.9,100.0,,,
德州,gfs_seamless,2025-10-08,2,2025-10-10,11.4,8.9,6.6,5.9,,95.4,21.4,46.8,100.0,,,
德州,gfs_seamless,2025-10-07,3,2025-10-10,10.7,9.7,7.1,7.1,,96.0,18.8,41.0,100.0,,,
德州,gfs_seamless,2025-10-06,4,2025-10-10,12.2,9.5,7.9,6.9,,96.0,18.7,45.4,100.0,,,
德州,gfs_seamless,2025-10-05,5,2025-10-10,11.0,9.0,7.6,6.3,,95.3,17.8,36.4,100.0,,,
德州,gfs_seamless,2025-10-04,6,2025-10-10,10.6,7.4,5.3,4.2,,90.0,19.3,56.5,100.0,,,
德州,gfs_seamless,2025-10-03,7,2025-10-10,13.0,7.8,8.1,5.0,,92.9,16.8,44.3,96.2,,,
德州,jma_seamless,2025-10-09,1,2025-10-10,12.6,10.0,9.9,8.4,,89.2,11.3,,93.8,,12.9,
德州,jma_seamless,2025-10-08,2,2025-10-10,13.6,11.2,10.8,,,89.7,12.4,,94.7,,14.4,
德州,jma_seamless,2025-10-07,3,2025-10-10,13.9,11.8,11.7,,,93.8,11.4,,95.4,,18.9,
德州,jma_seamless,2025-10-06,4,2025-10-10,15.1,12.1,13.7,,,93.7,9.8,,94.6,,14.1,
德州,jma_seamless,2025-10-05,5,2025-10-10,12.5,9.3,9.5,7.6,,92.3,10.9,,97.5,,21.3,
德州,jma_seamless,2025-10-04,6,2025-10-10,11.3,8.7,8.6,7.4,,90.2,8.4,,94.1,,17.4,
德州,jma_seamless,2025-10-03,7,2025-10-10,10.8,7.0,6.6,4.8,,87.6,11.5,,98.1,,10.2,
德州,ecmwf_ifs025,2025-10-10,1,2025-10-11,15.9,10.4,11.5,,,89.8,7.6,,87.9,5.95,11.7,
德州,ecmwf_ifs025,2025-10-09,2,2025-10-11,14.0,9.3,10.6,8.1,,90.5,8.4,,92.5,4.5,29.1,
德州,ecmwf_ifs025,2025-10-08,3,2025-10-11,13.7,10.4,10.8,,,91.6,7.2,,80.7,3.23,12.0,
德州,ecmwf_ifs025,2025-10-07,4,2025-10-11,14.4,10.7,11.2,,,91.9,9.5,,84.9,4.49,14.4,
德州,ecmwf_ifs025,2025-10-06,5,2025-10-11,15.1,11.2,11.0,,,93.2,11.8,,97.0,3.34,15.9,
德州,ecmwf_ifs025,2025-10-05,6,2025-10-11,14.7,10.2,12.2,,,84.3,6.3,,79.9,3.2,18.9,
德州,ecmwf_ifs025,2025-10-04,7,2025-10-11,15.3,8.7,9.7,7.5,,80.4,8.1,,46.1,5.32,3.0,
德州,gfs_seamless,2025-10-10,1,2025-10-11,13.9,9.2,10.5,7.9,,93.6,8.6,34.2,100.0,,,
德州,gfs_seamless,2025-10-09,2,2025-10-11,14.2,9.0,10.3,7.8,,93.2,8.0,29.5,100.0,,,
德州,gfs_seamless,2025-10-08,3,2025-10-11,13.0,9.3,9.4,7.9,,94.7,9.6,31.3,99.9,,,
德州,gfs_seamless,2025-10-07,4,2025-10-11,13.4,9.7,9.3,8.0,,95.5,11.4,31.0,100.0,,,
德州,gfs_seamless,2025-10-06,5,2025-10-11,14.1,10.5,10.0,,,93.8,11.4,34.9,100.0,,,
德州,gfs_seamless,2025-10-05,6,2025-10-11,15.2,7.5,8.7,5.3,,84.9,12.1,49.3,97.9,,,
德州,gfs_seamless,2025-10-04,7,2025-10-11,10.4,7.2,4.6,3.9,,83.8,19.2,45.4,97.3,,,
德州,jma_seamless,2025-10-10,1,2025-10-11,13.8,9.7,10.9,9.3,,87.2,5.3,,97.6,,8.4,
德州,jma_seamless,2025-10-09,2,2025-10-11,14.1,10.0,11.0,9.1,,89.2,7.5,,97.8,,8.4,
德州,jma_seamless,2025-10-08,3,2025-10-11,14.1,11.6,12.3,,,90.9,6.9,,98.5,,10.8,
德州,jma_seamless,2025-10-07,4,2025-10-11,13.9,11.1,11.8,,,93.5,7.9,,99.1,,14.1,
德州,jma_seamless,2025-10-06,5,2025-10-11,15.0,12.2,13.0,,,94.2,11.2,,95.1,,14.7,
德州,jma_seamless,2025-10-05,6,2025-10-11,13.3,10.5,10.4,,,93.1,10.3,,92.2,,24.0,
德州,jma_seamless,2025-10-04,7,2025-10-11,15.7,10.2,12.0,,,91.4,10.4,,96.8,,25.2,
德州,ecmwf_ifs025,2025-10-11,1,2025-10-12,14.0,11.8,12.1,,,93.6,10.7,,86.0,1.26,30.0,
德州,ecmwf_ifs025,2025-10-10,2,2025-10-12,14.6,12.1,12.3,,,94.7,11.5,,90.5,1.29,31.8,
德州,ecmwf_ifs025,2025-10-09,3,2025-10-12,13.9,10.8,11.0,,,93.6,12.6,,90.3,1.64,35.1,
德州,ecmwf_ifs025,2025-10-08,4,2025-10-12,14.2,10.4,11.0,,,94.4,14.1,,85.1,1.35,38.4,
德州,ecmwf_ifs025,2025-10-07,5,2025-10-12,15.0,11.3,11.6,,,93.1,11.9,,86.5,2.46,25.5,
德州,ecmwf_ifs025,2025-10-06,6,2025-10-12,13.7,10.6,10.8,,,91.0,15.6,,99.7,2.42,16.8,
德州,ecmwf_ifs025,2025-10-05,7,2025-10-12,17.6,9.6,12.4,7.9,,85.5,11.6,,76.1,4.06,9.6,
德州,gfs_seamless,2025-10-11,1,2025-10-12,13.6,12.6,12.2,,,94.0,11.2,38.2,100.0,,,
德州,gfs_seamless,2025-10-10,2,2025-10-12,13.6,11.9,11.7,,,94.9,12.9,43.6,100.0,,,
德州,gfs_seamless,2025-10-09,3,2025-10-12,13.7,11.9,11.6,,,94.7,12.8,40.0,100.0,,,
德州,gfs_seamless,2025-10-08,4,2025-10-12,13.3,10.5,10.6,,,94.2,12.5,39.6,100.0,,,
德州,gfs_seamless,2025-10-07,5,2025-10-12,12.7,10.7,9.5,,,90.4,14.5,50.4,100.0,,,
德州,gfs_seamless,2025-10-06,6,2025-10-12,15.0,11.1,10.7,,,84.0,11.6,47.5,100.0,,,
德州,gfs_seamless,2025-10-05,7,2025-10-12,13.9,9.2,9.2,7.3,,83.5,12.5,39.6,98.2,,,
德州,jma_seamless,2025-10-11,1,2025-10-12,14.2,12.4,12.8,,,93.4,7.1,,94.6,,28.2,
德州,jma_seamless,2025-10-10,2,2025-10-12,13.2,11.8,11.7,,,95.0,10.7,,97.5,,28.8,
德州,jma_seamless,2025-10-09,3,2025-10-12,14.0,10.1,11.5,,,95.2,11.1,,98.8,,28.5,
德州,jma_seamless,2025-10-08,4,2025-10-12,13.9,10.3,11.5,,,94.6,12.0,,98.0,,29.7,
德州,jma_seamless,2025-10-07,5,2025-10-12,13.3,11.7,11.7,,,95.0,10.8,,99.0,,36.6,
德州,jma_seamless,2025-10-06,6,2025-10-12,14.5,12.4,13.0,,,93.6,10.6,,95.8,,24.9,
德州,jma_seamless,2025-10-05,7,2025-10-12,18.1,8.3,10.6,6.1,,69.4,13.1,,89.5,,21.0,
德州,ecmwf_ifs025,2025-10-12,1,2025-10-13,20.9,9.5,13.8,,,73.1,4.0,,18.5,14.49,0.0,
德州,ecmwf_ifs025,2025-10-11,2,2025-10-13,20.2,10.0,13.7,,,77.2,4.4,,19.6,13.77,0.0,
德州,ecmwf_ifs025,2025-10-10,3,2025-10-13,20.2,10.2,13.5,,,75.3,5.1,,52.9,12.31,0.0,
德州,ecmwf_ifs025,2025-10-09,4,2025-10-13,18.3,9.7,12.3,9.0,,75.7,6.3,,60.3,7.99,0.0,
德州,ecmwf_ifs025,2025-10-08,5,2025-10-13,17.3,10.7,12.3,,,74.0,4.8,,51.1,8.31,0.0,
德州,ecmwf_ifs025,2025-10-07,6,2025-10-13,19.9,10.3,12.9,,,79.2,7.1,,50.7,8.5,4.2,
德州,ecmwf_ifs025,2025-10-06,7,2025-10-13,13.7,9.9,10.3,8.5,,92.0,10.1,,78.4,2.13,18.6,
德州,gfs_seamless,2025-10-12,1,2025-10-13,19.2,11.9,14.6,,,77.8,5.1,13.0,60.8,,,
德州,gfs_seamless,2025-10-11,2,2025-10-13,19.7,11.9,15.1,,,78.8,5.7,15.1,48.6,,,
德州,gfs_seamless,2025-10-10,3,2025-10-13,18.9,10.6,13.9,,,79.7,7.3,16.6,69.3,,,
德州,gfs_seamless,2025-10-09,4,2025-10-13,18.6,11.8,13.6,,,74.5,7.1,18.0,78.8,,,
德州,gfs_seamless,2025-10-08,5,2025-10-13,18.6,10.6,12.3,,,70.8,9.0,27.0,69.1,,,
德州,gfs_seamless,2025-10-07,6,2025-10-13,18.3,9.4,12.1,8.4,,69.8,7.4,17.6,75.5,,,
德州,gfs_seamless,2025-10-06,7,2025-10-13,17.5,9.8,10.9,8.6,,63.8,8.8,30.2,61.2,,,
德州,jma_seamless,2025-10-12,1,2025-10-13,20.8,11.2,14.5,,,75.6,3.5,,39.9,,0.3,
德州,jma_seamless,2025-10-11,2,2025-10-13,19.1,11.5,14.1,,,77.4,3.1,,59.2,,1.8,
德州,jma_seamless,2025-10-10,3,2025-10-13,18.8,10.1,13.0,,,76.2,5.8,,63.2,,2.1,
德州,jma_seamless,2025-10-09,4,2025-10-13,18.5,10.3,12.5,,,76.8,5.2,,63.1,,1.5,
德州,jma_seamless,2025-10-08,5,2025-10-13,18.8,11.1,12.7,,,69.5,5.0,,66.7,,1.5,
德州,jma_seamless,2025-10-07,6,2025-10-13,18.2,10.7,13.4,,,76.6,3.3,,90.5,,2.4,
德州,jma_seamless,2025-10-06,7,2025-10-13,17.0,7.8,10.1,6.5,,89.4,7.6,,88.8,,34.8,
德州,ecmwf_ifs025,2025-10-13,1,2025-10-14,21.9,10.1,14.9,,,73.0,5.8,,12.1,14.62,0.0,
德州,ecmwf_ifs025,2025-10-12,2,2025-10-14,22.4,10.0,14.9,9.4,,68.0,6.4,,27.6,14.48,0.0,
德州,ecmwf_ifs025,2025-10-11,3,2025-10-14,22.3,9.3,14.8,8.8,,70.1,5.5,,24.4,14.28,0.0,
德州,ecmwf_ifs025,2025-10-10,4,2025-10-14,22.2,9.3,14.6,,,71.7,4.3,,18.5,14.53,0.0,
德州,ecmwf_ifs025,2025-10-09,5,2025-10-14,22.1,7.9,14.5,,,74.3,3.9,,18.3,14.44,0.0,
德州,ecmwf_ifs025,2025-10-08,6,2025-10-14,21.9,9.2,13.6,8.5,,72.2,6.1,,0.0,13.28,0.0,
德州,ecmwf_ifs025,2025-10-07,7,2025-10-14,23.1,8.9,14.2,8.1,,74.7,6.3,,3.0,13.39,0.0,
德州,gfs_seamless,2025-10-13,1,2025-10-14,21.7,12.4,15.6,,,70.8,8.3,16.2,40.2,,,
德州,gfs_seamless,2025-10-12,2,2025-10-14,21.7,12.3,15.7,,,73.0,8.2,14.0,54.6,,,
德州,gfs_seamless,2025-10-11,3,2025-10-14,21.8,12.5,15.8,,,71.7,8.7,18.7,41.7,,,
德州,gfs_seamless,2025-10-10,4,2025-10-14,21.6,11.6,15.4,,,69.9,7.0,13.0,37.8,,,
德州,gfs_seamless,2025-10-09,5,2025-10-14,21.1,11.7,15.7,,,73.7,6.4,9.7,29.3,,,
德州,gfs_seamless,2025-10-08,6,2025-10-14,21.1,12.1,14.7,,,67.0,6.1,17.6,0.3,,,
德州,gfs_seamless,2025-10-07,7,2025-10-14,21.2,10.9,14.4,,,70.0,8.9,11.2,45.5,,,
德州,jma_seamless,2025-10-13,1,2025-10-14,23.8,11.8,16.0,,,59.3,3.7,,10.4,,0.0,
德州,jma_seamless,2025-10-12,2,2025-10-14,24.5,11.7,16.2,,,59.7,3.3,,11.5,,0.0,
德州,jma_seamless,2025-10-11,3,2025-10-14,23.1,11.6,16.2,,,66.6,2.5,,13.7,,0.0,
德州,jma_seamless,2025-10-10,4,2025-10-14,22.7,9.9,15.1,,,66.5,2.0,,8.8,,0.0,
德州,jma_seamless,2025-10-09,5,2025-10-14,23.2,10.9,15.2,,,62.8,3.6,,3.8,,0.0,
德州,jma_seamless,2025-10-08,6,2025-10-14,22.7,10.9,14.8,,,63.0,2.9,,6.5,,0.0,
德州,jma_seamless,2025-10-07,7,2025-10-14,23.4,12.3,16.2,,,62.5,4.7,,1.2,,0.0,
德州,ecmwf_ifs025,2025-10-14,1,2025-10-15,22.4,12.8,17.4,,,76.3,4.8,,54.9,11.63,0.0,
德州,ecmwf_ifs025,2025-10-13,2,2025-10-15,22.7,14.3,17.9,,,76.4,4.4,,61.3,11.32,0.0,
德州,ecmwf_ifs025,2025-10-12,3,2025-10-15,19.2,13.5,16.5,,,85.8,3.7,,38.0,6.35,0.6,
德州,ecmwf_ifs025,2025-10-11,4,2025-10-15,19.5,13.6,16.8,,,88.4,4.4,,42.8,7.31,0.3,
德州,ecmwf_ifs025,2025-10-10,5,2025-10-15,18.7,14.0,17.1,,,94.2,6.3,,58.0,3.83,1.5,
德州,ecmwf_ifs025,2025-10-09,6,2025-10-15,23.5,12.0,16.6,,,77.9,6.5,,6.9,10.94,0.3,
德州,ecmwf_ifs025,2025-10-08,7,2025-10-15,22.9,13.0,17.2,,,81.3,7.3,,15.4,11.71,0.0,
德州,gfs_seamless,2025-10-14,1,2025-10-15,19.5,14.8,16.5,,,78.2,4.9,11.5,63.0,,,
德州,gfs_seamless,2025-10-13,2,2025-10-15,20.1,14.2,16.7,,,73.8,4.8,12.2,69.0,,,
德州,gfs_seamless,2025-10-12,3,2025-10-15,17.5,14.3,15.4,,,80.0,4.2,14.4,83.5,,,
德州,gfs_seamless,2025-10-11,4,2025-10-15,20.4,12.6,16.2,,,79.4,5.6,9.7,83.3,,,
德州,gfs_seamless,2025-10-10,5,2025-10-15,19.1,13.6,16.3,,,85.1,7.8,20.5,79.4,,,
德州,gfs_seamless,2025-10-09,6,2025-10-15,22.6,14.1,17.2,,,76.1,8.3,21.6,62.1,,,
德州,gfs_seamless,2025-10-08,7,2025-10-15,23.4,14.0,17.3,,,75.3,11.1,40.0,3.0,,,
德州,jma_seamless,2025-10-14,1,2025-10-15,20.0,14.7,16.3,,,59.0,4.9,,62.4,,0.0,
德州,jma_seamless,2025-10-13,2,2025-10-15,23.2,14.8,17.2,,,53.9,3.2,,54.9,,0.0,
德州,jma_seamless,2025-10-12,3,2025-10-15,25.0,14.1,17.9,,,57.6,2.9,,24.8,,0.0,
德州,jma_seamless,2025-10-11,4,2025-10-15,24.7,14.1,17.9,,,60.2,2.5,,4.8,,0.0,
德州,jma_seamless,2025-10-10,5,2025-10-15,23.2,14.4,17.3,,,64.3,4.8,,46.3,,0.0,
德州,jma_seamless,2025-10-09,6,2025-10-15,25.7,12.9,17.6,,,55.0,5.5,,1.2,,0.0,
德州,jma_seamless,2025-10-08,7,2025-10-15,25.4,15.0,17.9,,,55.2,5.8,,0.5,,0.0,
德州,ecmwf_ifs025,2025-10-15,1,2025-10-16,18.7,12.5,14.7,,,84.5,11.2,,53.0,6.46,0.0,
德州,ecmwf_ifs025,2025-10-14,2,2025-10-16,21.6,12.7,15.8,,,83.2,10.2,,35.4,10.0,0.0,
德州,ecmwf_ifs025,2025-10-13,3,2025-10-16,21.9,12.2,16.1,,,82.9,11.4,,35.7,10.74,0.0,
德州,ecmwf_ifs025,2025-10-12,4,2025-10-16,21.7,11.5,16.4,,,84.9,7.5,,15.1,9.5,0.0,
德州,ecmwf_ifs025,2025-10-11,5,2025-10-16,21.6,13.0,17.5,,,86.7,6.5,,26.1,9.64,0.0,
德州,ecmwf_ifs025,2025-10-10,6,2025-10-16,22.1,13.1,18.0,,,84.9,3.4,,37.8,7.73,1.8,
德州,ecmwf_ifs025,2025-10-09,7,2025-10-16,20.8,14.9,18.3,,,85.2,7.8,,51.1,6.49,0.0,
德州,gfs_seamless,2025-10-15,1,2025-10-16,18.6,13.0,14.5,,,81.5,12.6,28.1,49.6,,,
德州,gfs_seamless,2025-10-14,2,2025-10-16,20.4,13.9,15.4,,,80.8,13.0,38.9,51.8,,,
德州,gfs_seamless,2025-10-13,3,2025-10-16,21.1,13.5,15.2,,,81.5,14.4,37.8,63.0,,,
德州,gfs_seamless,2025-10-12,4,2025-10-16,19.3,12.2,14.1,,,81.2,12.8,39.2,73.1,,,
德州,gfs_seamless,2025-10-11,5,2025-10-16,21.0,13.0,15.6,,,78.4,9.7,31.7,47.4,,,
德州,gfs_seamless,2025-10-10,6,2025-10-16,20.0,12.4,14.9,,,79.8,12.1,28.8,47.2,,,
德州,gfs_seamless,2025-10-09,7,2025-10-16,23.6,14.9,19.0,,,80.3,7.3,15.8,52.9,,,
德州,jma_seamless,2025-10-15,1,2025-10-16,21.4,13.3,16.3,,,76.5,6.5,,17.8,,0.0,
德州,jma_seamless,2025-10-14,2,2025-10-16,22.6,12.6,16.9,,,75.3,5.5,,20.1,,0.0,
德州,jma_seamless,2025-10-13,3,2025-10-16,23.7,13.3,17.7,,,65.6,4.9,,18.9,,0.0,
德州,jma_seamless,2025-10-12,4,2025-10-16,24.9,15.3,19.3,,,63.8,5.2,,37.3,,1.5,
德州,jma_seamless,2025-10-11,5,2025-10-16,24.9,14.0,18.5,,,60.6,4.5,,41.6,,0.0,
德州,jma_seamless,2025-10-10,6,2025-10-16,24.4,14.7,18.8,,,59.0,3.4,,53.1,,0.0,
德州,jma_seamless,2025-10-09,7,2025-10-16,23.5,15.4,18.7,,,58.7,8.3,,62.6,,0.0,
德州,ecmwf_ifs025,2025-10-16,1,2025-10-17,14.7,11.3,12.1,,,84.8,11.6,,69.1,2.72,4.5,
德州,ecmwf_ifs025,2025-10-15,2,2025-10-17,15.3,11.1,12.8,,,88.5,12.0,,77.7,2.4,6.6,
德州,ecmwf_ifs025,2025-10-14,3,2025-10-17,15.4,11.7,13.5,,,90.0,12.4,,81.8,2.34,6.6,
德州,ecmwf_ifs025,2025-10-13,4,2025-10-17,15.6,10.8,13.9,,,93.7,11.2,,77.9,2.35,6.9,
德州,ecmwf_ifs025,2025-10-12,5,2025-10-17,17.4,11.4,13.7,,,81.0,13.8,,75.8,2.79,7.8,
德州,ecmwf_ifs025,2025-10-11,6,2025-10-17,18.3,13.3,15.1,,,78.4,14.0,,91.2,3.11,5.4,
德州,ecmwf_ifs025,2025-10-10,7,2025-10-17,22.0,14.4,17.9,,,79.3,7.9,,56.7,8.51,0.6,
德州,gfs_seamless,2025-10-16,1,2025-10-17,14.8,10.5,11.6,,,88.8,12.9,39.6,94.0,,,
德州,gfs_seamless,2025-10-15,2,2025-10-17,14.4,10.8,12.1,,,90.2,13.2,40.3,85.5,,,
德州,gfs_seamless,2025-10-14,3,2025-10-17,15.1,10.9,12.5,,,92.1,13.5,43.9,87.8,,,
德州,gfs_seamless,2025-10-13,4,2025-10-17,14.9,11.1,12.7,,,92.8,13.2,33.1,95.6,,,
德州,gfs_seamless,2025-10-12,5,2025-10-17,14.7,11.4,12.3,,,92.8,12.9,39.2,81.1,,,
德州,gfs_seamless,2025-10-11,6,2025-10-17,16.3,13.4,14.8,,,93.6,9.0,27.4,86.1,,,
德州,gfs_seamless,2025-10-10,7,2025-10-17,16.0,12.7,12.7,,,91.9,10.7,43.2,83.6,,,
德州,jma_seamless,2025-10-16,1,2025-10-17,16.1,12.8,13.8,,,76.9,7.0,,74.1,,3.6,
德州,jma_seamless,2025-10-15,2,2025-10-17,15.8,14.2,14.3,,,86.0,8.4,,92.6,,13.2,
德州,jma_seamless,2025-10-14,3,2025-10-17,17.4,13.7,15.4,,,86.9,8.4,,66.8,,16.2,
德州,jma_seamless,2025-10-13,4,2025-10-17,18.0,15.1,16.8,,,87.8,11.2,,84.4,,18.9,
德州,jma_seamless,2025-10-12,5,2025-10-17,19.9,14.3,16.7,,,59.8,11.7,,66.3,,5.4,
德州,jma_seamless,2025-10-11,6,2025-10-17,19.4,14.6,15.1,,,66.0,11.1,,85.0,,19.8,
德州,jma_seamless,2025-10-10,7,2025-10-17,19.0,14.6,14.2,,,56.8,11.7,,87.0,,9.0,
德州,ecmwf_ifs025,2025-10-17,1,2025-10-18,12.7,6.8,5.6,4.4,,55.0,12.4,,6.5,13.69,0.0,
德州,ecmwf_ifs025,2025-10-16,2,2025-10-18,13.7,7.3,5.9,4.8,,54.4,13.8,,12.5,13.05,0.0,
德州,ecmwf_ifs025,2025-10-15,3,2025-10-18,13.3,6.5,6.1,3.7,,56.2,14.1,,7.0,12.44,0.0,
德州,ecmwf_ifs025,2025-10-14,4,2025-10-18,14.1,8.0,6.3,5.5,,51.6,14.6,,7.4,12.63,0.0,
德州,ecmwf_ifs025,2025-10-13,5,2025-10-18,13.1,5.5,5.3,2.5,,45.3,13.9,,5.4,13.67,0.0,
德州,ecmwf_ifs025,2025-10-12,6,2025-10-18,13.2,7.2,6.6,4.3,,52.8,16.1,,25.6,12.6,0.3,
德州,ecmwf_ifs025,2025-10-11,7,2025-10-18,16.5,8.2,8.0,5.7,,48.4,14.7,,8.5,11.99,0.0,
德州,gfs_seamless,2025-10-17,1,2025-10-18,13.5,7.5,6.8,5.1,,67.3,13.1,36.0,42.2,,,
德州,gfs_seamless,2025-10-16,2,2025-10-18,14.3,7.5,7.5,5.1,,69.3,13.2,37.4,50.8,,,
德州,gfs_seamless,2025-10-15,3,2025-10-18,14.1,7.4,7.2,4.7,,65.3,15.1,46.1,62.2,,,
德州,gfs_seamless,2025-10-14,4,2025-10-18,14.2,7.7,6.9,5.0,,63.9,15.9,48.2,57.7,,,
德州,gfs_seamless,2025-10-13,5,2025-10-18,12.9,7.9,6.2,5.0,,61.2,17.6,54.0,64.6,,,
德州,gfs_seamless,2025-10-12,6,2025-10-18,13.6,7.9,6.9,4.9,,61.5,18.1,59.0,68.3,,,
德州,gfs_seamless,2025-10-11,7,2025-10-18,15.0,7.5,5.4,4.1,,50.9,20.7,58.0,59.9,,,
德州,jma_seamless,2025-10-17,1,2025-10-18,15.2,9.9,8.2,8.5,,36.3,9.9,,15.2,,0.0,
德州,jma_seamless,2025-10-16,2,2025-10-18,16.2,10.5,9.8,,,39.5,10.8,,7.0,,0.0,
德州,jma_seamless,2025-10-15,3,2025-10-18,16.6,10.7,9.2,,,39.0,11.4,,2.9,,0.0,
德州,jma_seamless,2025-10-14,4,2025-10-18,16.0,11.1,9.0,,,30.6,11.6,,8.2,,0.0,
德州,jma_seamless,2025-10-13,5,2025-10-18,16.3,10.9,8.2,,,22.8,11.5,,4.1,,0.0,
德州,jma_seamless,2025-10-12,6,2025-10-18,17.0,10.6,9.3,,,23.3,10.8,,6.0,,0.0,
德州,jma_seamless,2025-10-11,7,2025-10-18,16.5,12.6,9.7,,,26.0,13.1,,23.0,,0.0,
德州,ecmwf_ifs025,2025-10-18,1,2025-10-19,11.6,4.3,4.5,1.7,,56.1,10.7,,20.9,9.42,0.0,
德州,ecmwf_ifs025,2025-10-17,2,2025-10-19,11.9,5.4,4.6,2.9,,55.0,11.1,,20.5,8.92,0.0,
德州,ecmwf_ifs025,2025-10-16,3,2025-10-19,11.6,5.6,4.9,3.5,,61.2,9.4,,17.6,7.63,0.0,
德州,ecmwf_ifs025,2025-10-15,4,2025-10-19,12.3,6.2,5.7,3.7,,52.5,12.3,,28.0,9.4,0.0,
德州,ecmwf_ifs025,2025-10-14,5,2025-10-19,13.2,5.1,4.1,2.3,,46.4,12.4,,16.7,12.57,0.0,
德州,ecmwf_ifs025,2025-10-13,6,2025-10-19,14.5,6.0,7.2,4.4,,58.6,7.8,,11.5,12.27,0.0,
德州,ecmwf_ifs025,2025-10-12,7,2025-10-19,13.4,7.5,5.8,5.4,,46.1,11.4,,56.3,8.76,0.0,
德州,gfs_seamless,2025-10-18,1,2025-10-19,12.2,6.3,4.9,3.4,,57.7,14.4,33.1,92.4,,,
德州,gfs_seamless,2025-10-17,2,2025-10-19,11.5,7.2,5.8,5.0,,65.8,11.3,31.7,96.6,,,
德州,gfs_seamless,2025-10-16,3,2025-10-19,12.9,8.1,7.0,6.6,,65.1,9.0,25.9,93.8,,,
德州,gfs_seamless,2025-10-15,4,2025-10-19,13.6,7.4,6.8,5.5,,58.5,10.1,28.8,91.8,,,
德州,gfs_seamless,2025-10-14,5,2025-10-19,13.9,8.8,7.8,7.1,,59.8,10.3,30.2,90.1,,,
德州,gfs_seamless,2025-10-13,6,2025-10-19,14.5,6.8,6.4,4.6,,63.0,10.9,26.3,87.7,,,
德州,gfs_seamless,2025-10-12,7,2025-10-19,13.8,5.7,6.2,3.9,,53.2,8.3,36.7,58.2,,,
德州,jma_seamless,2025-10-18,1,2025-10-19,14.3,8.6,7.2,7.2,,37.2,8.9,,34.8,,0.0,
德州,jma_seamless,2025-10-17,2,2025-10-19,14.5,9.6,7.9,8.5,,40.1,8.1,,30.5,,0.0,
德州,jma_seamless,2025-10-16,3,2025-10-19,15.9,9.5,8.7,8.5,,49.9,7.8,,26.8,,0.0,
德州,jma_seamless,2025-10-15,4,2025-10-19,17.1,9.8,9.5,9.0,,44.4,6.9,,28.9,,0.0,
德州,jma_seamless,2025-10-14,5,2025-10-19,14.2,10.0,7.4,9.0,,22.7,8.2,,43.8,,0.0,
德州,jma_seamless,2025-10-13,6,2025-10-19,15.0,8.8,6.8,8.0,,18.2,6.5,,7.5,,0.0,
德州,jma_seamless,2025-10-12,7,2025-10-19,16.1,10.5,9.1,,,24.5,8.2,,69.8,,0.0,
德州,ecmwf_ifs025,2025-10-19,1,2025-10-20,11.3,2.6,2.1,-0.2,,43.0,10.1,,19.1,11.53,0.0,
德州,ecmwf_ifs025,2025-10-18,2,2025-10-20,11.4,3.0,2.2,0.1,,41.5,10.6,,43.5,12.18,0.0,
德州,ecmwf_ifs025,2025-10-17,3,2025-10-20,11.7,3.7,2.8,1.0,,42.6,10.4,,21.8,12.88,0.0,
德州,ecmwf_ifs025,2025-10-16,4,2025-10-20,12.0,4.6,3.3,2.1,,45.1,10.4,,32.8,12.27,0.0,
德州,ecmwf_ifs025,2025-10-15,5,2025-10-20,12.1,3.5,3.4,1.5,,45.6,7.6,,10.9,12.05,0.0,
德州,ecmwf_ifs025,2025-10-14,6,2025-10-20,11.5,7.2,7.3,5.8,,76.9,7.8,,88.9,4.7,1.2,
德州,ecmwf_ifs025,2025-10-13,7,2025-10-20,11.5,7.2,6.8,5.9,,70.8,7.4,,82.8,4.7,1.2,
德州,gfs_seamless,2025-10-19,1,2025-10-20,11.6,4.4,3.4,1.6,,47.2,11.4,24.1,99.6,,,
德州,gfs_seamless,2025-10-18,2,2025-10-20,11.6,5.0,3.6,2.2,,44.7,12.3,32.8,99.4,,,
德州,gfs_seamless,2025-10-17,3,2025-10-20,12.4,7.1,5.2,4.9,,52.4,11.2,28.4,100.0,,,
德州,gfs_seamless,2025-10-16,4,2025-10-20,13.1,7.2,6.4,5.8,,55.1,7.5,17.3,96.8,,,
德州,gfs_seamless,2025-10-15,5,2025-10-20,13.6,8.2,7.4,6.9,,55.0,7.9,22.0,69.8,,,
德州,gfs_seamless,2025-10-14,6,2025-10-20,14.4,7.2,7.2,5.6,,60.4,8.6,14.8,72.5,,,
德州,gfs_seamless,2025-10-13,7,2025-10-20,13.9,7.2,7.1,5.7,,51.8,8.0,20.9,91.4,,,
德州,jma_seamless,2025-10-19,1,2025-10-20,12.8,6.1,4.3,4.3,,18.5,8.4,,36.0,,0.0,
德州,jma_seamless,2025-10-18,2,2025-10-20,12.8,7.4,5.0,5.9,,19.8,8.1,,55.9,,0.0,
德州,jma_seamless,2025-10-17,3,2025-10-20,14.7,8.2,6.6,7.0,,26.9,7.5,,58.8,,0.0,
德州,jma_seamless,2025-10-16,4,2025-10-20,15.3,8.2,7.7,7.2,,35.6,6.6,,50.8,,0.0,
德州,jma_seamless,2025-10-15,5,2025-10-20,16.5,8.9,8.5,,,33.6,4.3,,60.5,,0.0,
德州,jma_seamless,2025-10-14,6,2025-10-20,17.1,8.1,8.8,7.4,,28.7,5.5,,67.9,,0.0,
德州,jma_seamless,2025-10-13,7,2025-10-20,16.5,9.8,9.1,,,32.8,4.7,,71.0,,0.0,
德州,ecmwf_ifs025,2025-10-20,1,2025-10-21,12.7,2.2,3.7,0.5,,53.0,6.0,,7.7,13.36,0.0,
德州,ecmwf_ifs025,2025-10-19,2,2025-10-21,12.6,1.9,3.6,0.3,,52.0,5.7,,8.0,13.31,0.0,
德州,ecmwf_ifs025,2025-10-18,3,2025-10-21,12.6,1.9,3.8,0.4,,53.1,5.4,,13.5,13.26,0.0,
德州,ecmwf_ifs025,2025-10-17,4,2025-10-21,12.9,2.1,4.0,0.8,,52.3,4.9,,11.0,13.27,0.0,
德州,ecmwf_ifs025,2025-10-16,5,2025-10-21,12.7,1.8,3.5,0.1,,53.0,5.8,,11.2,12.56,0.0,
德州,ecmwf_ifs025,2025-10-15,6,2025-10-21,15.0,5.7,8.1,4.9,,78.9,5.0,,37.5,11.53,0.0,
德州,ecmwf_ifs025,2025-10-14,7,2025-10-21,15.0,5.7,8.1,4.9,,78.9,5.0,,37.5,11.53,0.0,
德州,gfs_seamless,2025-10-20,1,2025-10-21,12.2,4.4,4.8,2.9,,48.5,6.5,10.8,27.8,,,
德州,gfs_seamless,2025-10-19,2,2025-10-21,12.4,4.3,4.7,2.6,,44.7,7.0,10.8,22.8,,,
德州,gfs_seamless,2025-10-18,3,2025-10-21,12.7,4.6,4.8,2.9,,44.5,7.3,9.7,34.1,,,
德州,gfs_seamless,2025-10-17,4,2025-10-21,13.2,7.3,6.2,5.8,,46.3,8.2,14.8,70.8,,,
德州,gfs_seamless,2025-10-16,5,2025-10-21,13.3,6.5,6.3,5.3,,56.3,6.6,9.7,68.5,,,
德州,gfs_seamless,2025-10-15,6,2025-10-21,14.2,6.5,7.6,5.2,,55.7,6.7,15.1,39.3,,,
德州,gfs_seamless,2025-10-14,7,2025-10-21,15.0,6.1,7.6,4.6,,55.9,7.4,12.2,83.0,,,
德州,jma_seamless,2025-10-20,1,2025-10-21,13.9,6.5,5.6,,,22.8,4.7,,19.9,,0.0,
德州,jma_seamless,2025-10-19,2,2025-10-21,14.2,6.2,5.1,5.5,,17.7,4.9,,15.5,,0.0,
德州,jma_seamless,2025-10-18,3,2025-10-21,14.4,7.9,6.3,7.4,,18.0,5.0,,29.7,,0.0,
德州,jma_seamless,2025-10-17,4,2025-10-21,15.5,8.8,7.5,8.3,,22.0,5.3,,20.2,,0.0,
德州,jma_seamless,2025-10-16,5,2025-10-21,15.8,7.1,7.3,,,21.6,3.8,,26.3,,0.0,
德州,jma_seamless,2025-10-15,6,2025-10-21,17.6,9.0,9.0,,,31.8,3.1,,19.0,,0.0,
德州,jma_seamless,2025-10-14,7,2025-10-21,16.7,9.1,8.4,8.3,,30.0,6.4,,30.6,,0.0,
德州,jma_seamless,2025-10-21,1,2025-10-22,14.9,6.5,7.0,,,30.7,2.8,,37.6,,0.0,0.0
德州,jma_seamless,2025-10-20,2,2025-10-22,15.1,6.4,6.8,,,20.2,3.9,,45.8,,0.0,0.0
德州,jma_seamless,2025-10-19,3,2025-10-22,15.1,6.0,6.6,,,22.0,2.2,,35.6,,0.0,0.0
德州,jma_seamless,2025-10-18,4,2025-10-22,15.3,7.5,7.4,,,22.1,2.6,,38.8,,0.0,0.0
德州,jma_seamless,2025-10-17,5,2025-10-22,15.9,10.1,8.9,,,22.2,3.0,,60.0,,0.0,0.0
德州,jma_seamless,2025-10-16,6,2025-10-22,17.1,8.0,8.8,,,31.0,4.5,,36.6,,0.0,0.0
德州,jma_seamless,2025-10-15,7,2025-10-22,16.1,8.5,9.2,7.7,,37.3,6.3,,44.0,,0.0,0.0
德州,jma_seamless,2025-10-22,1,2025-10-23,14.6,10.0,9.0,9.2,,50.7,7.1,,54.3,,0.0,0.0
德州,jma_seamless,2025-10-21,2,2025-10-23,14.6,9.9,8.9,8.9,,44.1,8.0,,68.5,,0.0,0.0
德州,jma_seamless,2025-10-20,3,2025-10-23,15.9,9.9,8.8,9.2,,37.8,6.8,,57.7,,0.0,0.0
德州,jma_seamless,2025-10-19,4,2025-10-23,17.1,9.9,9.9,,,40.9,3.1,,68.1,,0.0,0.0
德州,jma_seamless,2025-10-18,5,2025-10-23,17.1,9.8,10.4,,,40.5,2.7,,64.5,,0.0,0.0
德州,jma_seamless,2025-10-17,6,2025-10-23,17.5,10.8,11.1,,,45.5,4.8,,60.5,,0.0,0.0
德州,jma_seamless,2025-10-16,7,2025-10-23,17.5,11.2,11.2,,,49.2,5.5,,63.6,,0.0,0.0
德州,jma_seamless,2025-10-23,1,2025-10-24,16.2,9.2,9.9,,,58.3,3.1,,60.0,,0.0,0.0
德州,jma_seamless,2025-10-22,2,2025-10-24,16.1,8.2,9.7,,,60.8,2.8,,41.6,,0.0,0.0
德州,jma_seamless,2025-10-21,3,2025-10-24,15.6,8.0,9.2,,,56.8,2.6,,53.4,,0.0,0.0
德州,jma_seamless,2025-10-20,4,2025-10-24,16.4,8.7,9.6,,,50.5,3.4,,59.6,,0.0,0.0
德州,jma_seamless,2025-10-19,5,2025-10-24,17.6,10.0,10.8,,,49.3,4.0,,68.0,,0.0,0.0
德州,jma_seamless,2025-10-18,6,2025-10-24,18.0,11.6,11.9,,,51.3,4.9,,77.0,,0.0,0.0
德州,jma_seamless,2025-10-17,7,2025-10-24,15.7,11.2,11.4,,,59.2,7.1,,67.6,,0.6,0.0
德州,jma_seamless,2025-10-24,1,2025-10-25,18.8,9.1,11.5,8.6,,60.8,5.3,,48.0,,0.0,0.0
德州,jma_seamless,2025-10-23,2,2025-10-25,18.3,9.7,10.9,9.0,,54.0,6.5,,65.2,,0.0,0.0
德州,jma_seamless,2025-10-22,3,2025-10-25,17.3,10.6,11.3,,,63.7,7.7,,71.8,,0.0,0.0
德州,jma_seamless,2025-10-21,4,2025-10-25,16.0,8.9,10.3,8.4,,60.6,5.3,,37.5,,0.0,0.0
德州,jma_seamless,2025-10-20,5,2025-10-25,17.9,9.3,10.9,,,61.3,4.7,,8.2,,0.0,0.0
德州,jma_seamless,2025-10-19,6,2025-10-25,19.7,11.5,12.2,,,46.0,7.8,,48.7,,0.0,0.0
德州,jma_seamless,2025-10-18,7,2025-10-25,20.1,11.6,12.2,,,52.8,6.6,,45.4,,0.0,0.0
德州,jma_seamless,2025-10-25,1,2025-10-26,15.4,7.9,9.0,6.3,,38.6,9.0,,14.3,,0.0,0.0
德州,jma_seamless,2025-10-24,2,2025-10-26,15.0,6.4,8.0,4.6,,31.8,8.9,,17.5,,0.0,0.0
德州,jma_seamless,2025-10-23,3,2025-10-26,15.2,7.7,8.6,6.5,,49.5,7.1,,24.5,,0.0,0.0
德州,jma_seamless,2025-10-22,4,2025-10-26,15.1,7.2,8.5,5.8,,44.0,7.6,,17.2,,0.0,0.0
德州,jma_seamless,2025-10-21,5,2025-10-26,18.1,9.3,11.0,,,58.9,1.8,,19.2,,0.0,0.0
德州,jma_seamless,2025-10-20,6,2025-10-26,20.5,9.6,11.9,,,52.0,4.8,,0.3,,0.0,0.0
德州,jma_seamless,2025-10-19,7,2025-10-26,20.3,10.4,12.4,,,52.3,3.4,,34.0,,0.0,0.0
德州,jma_seamless,2025-10-26,1,2025-10-27,16.7,5.4,6.4,,,27.8,4.0,,0.0,,0.0,0.0
德州,jma_seamless,2025-10-25,2,2025-10-27,15.2,4.0,4.9,,,17.5,4.6,,0.0,,0.0,0.0
德州,jma_seamless,2025-10-24,3,2025-10-27,16.4,5.4,5.5,4.4,,15.3,5.4,,0.0,,0.0,0.0
德州,jma_seamless,2025-10-23,4,2025-10-27,15.5,4.5,5.4,,,18.5,4.4,,1.8,,0.0,0.0
德州,jma_seamless,2025-10-22,5,2025-10-27,16.5,5.7,5.9,,,20.7,4.8,,0.0,,0.0,0.0
德州,jma_seamless,2025-10-21,6,2025-10-27,20.1,8.6,11.0,,,47.9,3.8,,0.0,,0.0,0.0
德州,jma_seamless,2025-10-20,7,2025-10-27,16.8,9.6,10.2,8.3,,46.2,9.3,,28.5,,0.0,0.0
德州,jma_seamless,2025-10-27,1,2025-10-28,19.4,9.1,11.7,8.2,,63.7,6.9,,1.1,,0.0,0.0
德州,jma_seamless,2025-10-26,2,2025-10-28,19.9,8.8,10.9,7.4,,41.7,8.9,,3.7,,0.0,0.0
德州,jma_seamless,2025-10-25,3,2025-10-28,18.6,8.4,9.6,6.9,,28.5,9.0,,22.0,,1.2,0.0
德州,jma_seamless,2025-10-24,4,2025-10-28,20.0,10.1,11.3,,,33.6,9.0,,40.0,,0.0,0.0
德州,jma_seamless,2025-10-23,5,2025-10-28,20.2,8.4,9.9,6.6,,23.9,10.7,,28.9,,0.0,0.0
德州,jma_seamless,2025-10-22,6,2025-10-28,20.6,11.2,11.3,,,26.7,11.6,,10.0,,0.0,0.0
德州,jma_seamless,2025-10-21,7,2025-10-28,20.2,10.8,13.1,,,50.2,7.4,,16.7,,0.0,0.0
德州,jma_seamless,2025-10-28,1,2025-10-29,22.2,14.1,14.2,,,41.3,12.6,,7.1,,0.0,0.0
德州,jma_seamless,2025-10-27,2,2025-10-29,22.1,14.2,13.9,,,35.8,13.5,,8.2,,0.0,0.0
德州,jma_seamless,2025-10-26,3,2025-10-29,22.2,14.0,13.6,,,32.9,14.0,,12.2,,0.0,0.0
德州,jma_seamless,2025-10-25,4,2025-10-29,22.1,13.8,13.8,,,29.3,12.9,,18.5,,0.0,0.0
德州,jma_seamless,2025-10-24,5,2025-10-29,22.6,14.4,13.8,,,32.0,12.8,,24.3,,0.0,0.0
德州,jma_seamless,2025-10-23,6,2025-10-29,21.7,13.2,12.8,,,30.0,11.6,,8.0,,0.0,0.0
德州,jma_seamless,2025-10-22,7,2025-10-29,21.7,12.2,13.1,,,33.0,10.0,,33.2,,0.0,0.0
德州,jma_seamless,2025-10-29,1,2025-10-30,19.6,14.2,14.7,,,56.0,6.5,,60.3,,0.0,0.0
德州,jma_seamless,2025-10-28,2,2025-10-30,19.4,13.9,14.7,,,49.2,6.7,,67.6,,0.0,0.0
德州,jma_seamless,2025-10-27,3,2025-10-30,20.4,12.8,14.7,,,52.7,4.3,,59.2,,0.0,0.0
德州,jma_seamless,2025-10-26,4,2025-10-30,19.1,12.3,12.7,,,47.7,7.3,,15.4,,0.6,0.0
德州,jma_seamless,2025-10-25,5,2025-10-30,19.9,12.2,13.8,,,58.1,5.9,,17.7,,0.0,0.0
德州,jma_seamless,2025-10-24,6,2025-10-30,21.5,12.6,14.1,,,50.0,5.5,,19.0,,0.6,0.0
德州,jma_seamless,2025-10-23,7,2025-10-30,20.7,11.0,12.6,,,51.4,5.3,,2.3,,0.0,0.0
德州,jma_seamless,2025-10-30,1,2025-10-31,15.6,10.7,12.7,,,79.2,4.3,,50.5,,0.0,0.0
德州,jma_seamless,2025-10-29,2,2025-10-31,16.5,10.4,12.8,,,79.6,4.6,,38.5,,0.0,0.0
德州,jma_seamless,2025-10-28,3,2025-10-31,16.7,10.9,12.4,,,77.0,2.9,,28.1,,0.0,0.0
德州,jma_seamless,2025-10-27,4,2025-10-31,18.9,11.2,13.2,,,74.3,3.3,,41.3,,0.0,0.0
德州,jma_seamless,2025-10-26,5,2025-10-31,16.6,10.7,11.3,,,70.9,3.7,,32.1,,0.0,0.0
德州,jma_seamless,2025-10-25,6,2025-10-31,19.0,10.8,13.0,,,68.4,3.7,,45.9,,0.0,0.0
德州,jma_seamless,2025-10-24,7,2025-10-31,17.7,10.7,11.3,,,44.6,5.6,,12.1,,0.0,0.0
德州,jma_seamless,2025-10-31,1,2025-11-01,20.9,9.3,10.6,8.1,,43.8,8.3,,0.0,,0.0,0.0
德州,jma_seamless,2025-10-30,2,2025-11-01,20.9,8.5,10.6,7.4,,49.1,7.2,,0.0,,0.0,0.0
德州,jma_seamless,2025-10-29,3,2025-11-01,21.4,9.0,10.9,8.2,,50.5,6.3,,0.0,,0.0,0.0
德州,jma_seamless,2025-10-28,4,2025-11-01,21.2,9.7,10.7,9.1,,39.8,6.2,,0.0,,0.0,0.0
德州,jma_seamless,2025-10-27,5,2025-11-01,21.2,8.9,11.0,8.4,,47.9,5.4,,0.0,,0.0,0.0
德州,jma_seamless,2025-10-26,6,2025-11-01,17.4,9.1,8.8,,,38.6,4.7,,9.1,,0.0,0.0
德州,jma_seamless,2025-10-25,7,2025-11-01,21.5,10.1,11.2,,,38.3,8.8,,0.0,,0.0,0.0
德州,jma_seamless,2025-11-01,1,2025-11-02,14.9,7.9,7.2,6.7,,24.8,7.2,,0.0,,0.0,0.0
德州,jma_seamless,2025-10-31,2,2025-11-02,14.2,7.7,6.5,6.2,,22.8,8.5,,0.0,,0.0,0.0
德州,jma_seamless,2025-10-30,3,2025-11-02,14.8,7.6,6.9,5.9,,24.7,9.3,,0.0,,0.0,0.0
德州,jma_seamless,2025-10-29,4,2025-11-02,16.0,9.1,7.9,7.9,,32.0,8.2,,0.0,,0.0,0.0
德州,jma_seamless,2025-10-28,5,2025-11-02,16.7,8.1,9.1,7.3,,37.6,5.8,,0.0,,0.0,0.0
德州,jma_seamless,2025-10-27,6,2025-11-02,22.8,8.9,10.8,8.0,,31.9,6.8,,0.0,,0.0,0.0
德州,jma_seamless,2025-10-26,7,2025-11-02,20.3,8.7,9.7,7.0,,25.8,10.2,,0.0,,0.0,0.0
德州,jma_seamless,2025-11-02,1,2025-11-03,17.6,6.0,7.2,3.7,,34.0,10.7,,5.5,,0.0,0.0
德州,jma_seamless,2025-11-01,2,2025-11-03,17.9,6.6,7.2,4.2,,29.0,11.8,,9.1,,0.0,0.0
德州,jma_seamless,2025-10-31,3,2025-11-03,17.3,5.5,6.6,3.1,,32.9,10.8,,4.6,,0.0,0.0
德州,jma_seamless,2025-10-30,4,2025-11-03,18.1,6.6,7.5,4.3,,31.2,11.3,,0.0,,0.0,0.0
德州,jma_seamless,2025-10-29,5,2025-11-03,19.2,9.9,10.2,7.9,,34.5,14.4,,26.8,,0.0,0.0
德州,jma_seamless,2025-10-28,6,2025-11-03,20.4,10.9,11.3,,,33.5,14.1,,18.0,,0.0,0.0
德州,jma_seamless,2025-10-27,7,2025-11-03,23.4,12.3,12.6,,,32.3,11.5,,20.4,,0.0,0.0
德州,jma_seamless,2025-11-03,1,2025-11-04,20.7,11.4,12.0,,,43.2,10.3,,0.0,,0.0,0.0
德州,jma_seamless,2025-11-02,2,2025-11-04,20.4,11.3,11.6,,,38.2,10.1,,1.4,,0.0,0.0
德州,jma_seamless,2025-11-01,3,2025-11-04,20.2,11.0,10.9,,,35.2,11.6,,0.3,,0.0,0.0
德州,jma_seamless,2025-10-31,4,2025-11-04,19.7,10.5,10.4,,,33.3,10.7,,0.0,,0.0,0.0
德州,jma_seamless,2025-10-30,5,2025-11-04,20.6,11.6,11.7,,,39.2,10.9,,8.2,,0.0,0.0
德州,jma_seamless,2025-10-29,6,2025-11-04,21.1,12.1,13.2,,,44.5,8.8,,40.1,,0.0,0.0
德州,jma_seamless,2025-10-28,7,2025-11-04,21.4,11.3,13.3,,,47.5,5.2,,0.0,,0.0,0.0
德州,jma_seamless,2025-11-04,1,2025-11-05,20.4,11.2,12.0,,,49.0,7.4,,19.4,,,0.0
德州,jma_seamless,2025-11-03,2,2025-11-05,20.6,11.8,12.0,,,42.5,7.6,,20.9,,,0.0
德州,jma_seamless,2025-11-02,3,2025-11-05,20.5,11.6,11.8,,,42.2,7.3,,15.5,,,0.0
德州,jma_seamless,2025-11-01,4,2025-11-05,20.0,10.8,11.2,,,43.3,7.2,,8.8,,,0.0
德州,jma_seamless,2025-10-31,5,2025-11-05,20.1,10.5,11.1,,,43.1,7.5,,5.7,,,0.0
德州,jma_seamless,2025-10-30,6,2025-11-05,20.5,11.4,12.2,,,45.5,6.5,,12.2,,,0.0
德州,jma_seamless,2025-10-29,7,2025-11-05,21.5,9.7,12.4,,,52.3,3.9,,3.2,,,0.0
德州,jma_seamless,2025-11-05,1,2025-11-06,18.6,9.5,12.0,9.0,,61.3,5.7,,78.5,,,0.0
德州,jma_seamless,2025-11-04,2,2025-11-06,19.0,10.1,12.1,,,52.9,5.5,,80.3,,,0.0
德州,jma_seamless,2025-11-03,3,2025-11-06,18.1,11.0,12.0,,,53.8,5.7,,79.9,,,0.0
德州,jma_seamless,2025-11-02,4,2025-11-06,18.6,9.7,11.9,9.1,,58.7,6.0,,80.2,,,0.0
德州,jma_seamless,2025-11-01,5,2025-11-06,19.7,7.7,11.1,,,54.5,4.6,,52.7,,,0.0
德州,jma_seamless,2025-10-31,6,2025-11-06,17.8,8.0,10.8,,,57.1,1.9,,50.9,,,0.0
德州,jma_seamless,2025-10-30,7,2025-11-06,20.7,9.0,12.3,,,52.5,3.9,,49.2,,,0.0
德州,jma_seamless,2025-11-06,1,2025-11-07,15.4,11.9,12.5,,,82.2,9.2,,81.8,,,0.0
德州,jma_seamless,2025-11-05,2,2025-11-07,15.5,12.0,12.2,,,81.8,8.6,,80.5,,,0.0
德州,jma_seamless,2025-11-04,3,2025-11-07,15.8,11.7,12.7,,,76.2,6.3,,77.7,,,0.0
德州,jma_seamless,2025-11-03,4,2025-11-07,15.8,12.2,12.8,,,86.8,9.2,,90.8,,,0.0
德州,jma_seamless,2025-11-02,5,2025-11-07,16.0,12.3,12.6,,,77.3,10.0,,89.5,,,0.0
德州,jma_seamless,2025-11-01,6,2025-11-07,17.2,11.7,13.1,,,71.5,3.0,,85.3,,,0.0
德州,jma_seamless,2025-10-31,7,2025-11-07,18.4,11.0,13.3,,,61.2,4.1,,79.5,,,0.0
德州,jma_seamless,2025-11-07,1,2025-11-08,14.8,10.6,10.8,,,75.7,6.2,,60.8,,,0.0
德州,jma_seamless,2025-11-06,2,2025-11-08,16.1,11.2,12.0,,,79.6,6.4,,50.1,,,0.0
德州,jma_seamless,2025-11-05,3,2025-11-08,15.9,10.1,11.3,,,81.2,5.6,,47.9,,,0.0
德州,jma_seamless,2025-11-04,4,2025-11-08,17.7,11.6,12.3,,,69.9,5.8,,59.3,,,0.0
德州,jma_seamless,2025-11-03,5,2025-11-08,16.2,11.4,12.2,,,88.0,6.8,,67.3,,,0.0
德州,jma_seamless,2025-11-02,6,2025-11-08,18.0,10.2,13.1,,,81.3,2.0,,24.2,,,0.0
德州,jma_seamless,2025-11-01,7,2025-11-08,18.5,11.3,13.2,,,69.7,6.0,,44.9,,,0.0
德州,jma_seamless,2025-11-08,1,2025-11-09,16.1,6.4,7.2,5.0,,32.8,7.0,,0.3,,,0.0
德州,jma_seamless,2025-11-07,2,2025-11-09,16.1,6.5,7.3,5.4,,34.9,6.3,,2.2,,,0.0
德州,jma_seamless,2025-11-06,3,2025-11-09,16.6,7.1,7.6,5.9,,35.8,6.8,,0.2,,,0.0
德州,jma_seamless,2025-11-05,4,2025-11-09,17.1,6.9,7.7,5.5,,34.0,7.4,,5.8,,,0.0
德州,jma_seamless,2025-11-04,5,2025-11-09,17.5,6.8,8.0,5.4,,39.0,7.4,,7.8,,,0.0
德州,jma_seamless,2025-11-03,6,2025-11-09,17.2,7.5,9.4,,,55.7,4.0,,33.0,,,0.0
德州,jma_seamless,2025-11-02,7,2025-11-09,14.3,10.2,10.5,,,61.7,9.6,,70.9,,,0.0
德州,jma_seamless,2025-11-09,1,2025-11-10,16.9,4.1,6.2,2.6,,28.5,6.3,,32.8,,,0.0
德州,jma_seamless,2025-11-08,2,2025-11-10,16.3,4.2,5.6,2.7,,25.0,6.3,,19.7,,,0.0
德州,jma_seamless,2025-11-07,3,2025-11-10,16.6,4.9,6.1,3.4,,26.1,6.6,,18.1,,,0.0
德州,jma_seamless,2025-11-06,4,2025-11-10,17.7,5.8,6.7,4.2,,28.6,7.4,,24.3,,,0.0
德州,jma_seamless,2025-11-05,5,2025-11-10,17.8,4.8,6.5,3.2,,28.5,6.8,,21.8,,,0.0
德州,jma_seamless,2025-11-04,6,2025-11-10,16.8,4.1,6.3,2.9,,29.6,5.5,,27.4,,,0.0
德州,jma_seamless,2025-11-03,7,2025-11-10,16.7,7.2,7.7,6.5,,30.7,5.1,,30.9,,,0.0
德州,jma_seamless,2025-11-10,1,2025-11-11,18.8,9.6,10.1,9.3,,37.5,5.0,,27.8,,,0.0
德州,jma_seamless,2025-11-09,2,2025-11-11,18.1,7.1,8.4,,,33.7,3.7,,21.3,,,0.0
德州,jma_seamless,2025-11-08,3,2025-11-11,18.0,7.5,8.1,,,26.7,4.8,,31.2,,,0.0
德州,jma_seamless,2025-11-07,4,2025-11-11,18.1,6.8,8.0,6.0,,27.3,5.4,,27.3,,,0.0
德州,jma_seamless,2025-11-06,5,2025-11-11,18.9,8.1,8.6,7.3,,30.9,5.9,,31.5,,,0.0
德州,jma_seamless,2025-11-05,6,2025-11-11,18.7,8.3,8.7,7.5,,30.6,6.2,,48.0,,,0.0
德州,jma_seamless,2025-11-04,7,2025-11-11,18.3,7.5,8.2,6.8,,27.3,5.3,,2.8,,,0.0
德州,jma_seamless,2025-11-11,1,2025-11-12,20.5,10.1,10.3,,,37.0,10.5,,42.1,,,0.0
德州,jma_seamless,2025-11-10,2,2025-11-12,20.0,9.9,9.9,8.7,,34.5,8.9,,31.7,,,0.0
德州,jma_seamless,2025-11-09,3,2025-11-12,19.7,9.4,9.4,8.2,,31.2,8.6,,37.3,,,0.0
德州,jma_seamless,2025-11-08,4,2025-11-12,19.7,9.7,9.2,8.5,,26.0,8.8,,20.7,,,0.0
德州,jma_seamless,2025-11-07,5,2025-11-12,19.8,9.9,9.0,8.8,,24.0,8.3,,53.4,,,0.0
德州,jma_seamless,2025-11-06,6,2025-11-12,20.4,10.3,10.3,,,35.0,8.9,,30.8,,,0.0
德州,jma_seamless,2025-11-05,7,2025-11-12,19.5,9.2,9.7,7.9,,28.8,8.7,,24.5,,,0.0
德州,jma_seamless,2025-11-12,1,2025-11-13,15.8,7.8,7.0,6.8,,26.7,6.5,,11.1,,,0.0
德州,jma_seamless,2025-11-11,2,2025-11-13,15.2,6.6,6.4,5.5,,28.8,6.1,,7.7,,,0.0
德州,jma_seamless,2025-11-10,3,2025-11-13,15.7,7.6,6.8,6.8,,25.2,5.6,,1.0,,,0.0
德州,jma_seamless,2025-11-09,4,2025-11-13,16.1,7.0,6.5,,,26.7,4.5,,0.7,,,0.0
德州,jma_seamless,2025-11-08,5,2025-11-13,15.5,6.2,6.0,,,25.0,4.4,,11.4,,,0.0
德州,jma_seamless,2025-11-07,6,2025-11-13,15.5,7.2,6.6,6.1,,25.1,6.4,,0.7,,,0.0
德州,jma_seamless,2025-11-06,7,2025-11-13,12.9,4.9,4.7,3.4,,27.2,6.5,,0.8,,,0.0
德州,jma_seamless,2025-11-13,1,2025-11-14,19.3,6.6,7.6,5.2,,28.0,7.4,,10.6,,,0.0
德州,jma_seamless,2025-11-12,2,2025-11-14,18.9,6.0,7.1,4.2,,26.9,8.4,,15.0,,,0.0
德州,jma_seamless,2025-11-11,3,2025-11-14,18.9,6.4,7.2,4.6,,27.2,8.7,,9.0,,,0.0
德州,jma_seamless,2025-11-10,4,2025-11-14,19.5,6.6,7.1,5.0,,26.5,7.9,,15.8,,,0.0
德州,jma_seamless,2025-11-09,5,2025-11-14,18.7,6.1,7.1,4.4,,25.7,8.3,,12.6,,,0.0
德州,jma_seamless,2025-11-08,6,2025-11-14,19.7,8.0,8.2,6.2,,24.7,10.3,,0.3,,,0.0
德州,jma_seamless,2025-11-07,7,2025-11-14,19.8,4.4,7.3,2.1,,27.9,9.3,,0.0,,,0.0
德州,jma_seamless,2025-11-14,1,2025-11-15,19.9,8.0,8.7,7.0,,35.4,6.5,,1.1,,,0.0
德州,jma_seamless,2025-11-13,2,2025-11-15,19.9,7.4,8.2,6.2,,32.9,6.9,,7.1,,,0.0
德州,jma_seamless,2025-11-12,3,2025-11-15,19.6,7.6,8.3,6.4,,30.4,7.1,,10.3,,,0.0
德州,jma_seamless,2025-11-11,4,2025-11-15,19.8,7.7,8.4,6.2,,26.9,8.3,,7.4,,,0.0
德州,jma_seamless,2025-11-10,5,2025-11-15,20.1,7.4,8.7,6.1,,27.5,7.3,,11.1,,,0.0
德州,jma_seamless,2025-11-09,6,2025-11-15,19.7,8.6,9.0,7.1,,23.2,9.4,,0.0,,,0.0
德州,jma_seamless,2025-11-08,7,2025-11-15,20.8,9.8,9.5,8.8,,22.9,7.9,,0.3,,,0.0
德州,jma_seamless,2025-11-15,1,2025-11-16,12.3,4.8,4.8,1.9,,29.1,12.6,,5.1,,,0.0
德州,jma_seamless,2025-11-14,2,2025-11-16,12.4,5.2,4.5,2.6,,18.6,11.4,,13.2,,,0.0
德州,jma_seamless,2025-11-13,3,2025-11-16,11.8,3.6,3.9,0.4,,18.3,12.6,,3.3,,,0.0
德州,jma_seamless,2025-11-12,4,2025-11-16,11.1,4.4,3.7,1.4,,15.6,12.8,,2.3,,,0.0
德州,jma_seamless,2025-11-11,5,2025-11-16,12.3,4.7,3.2,1.4,,12.0,14.8,,0.0,,,0.0
德州,jma_seamless,2025-11-10,6,2025-11-16,13.1,5.1,2.7,1.9,,13.3,14.6,,0.0,,,0.0
德州,jma_seamless,2025-11-09,7,2025-11-16,10.7,3.9,2.1,1.1,,13.2,11.2,,7.3,,,0.0
德州,jma_seamless,2025-11-16,1,2025-11-17,6.0,0.4,-2.1,-2.8,,13.6,9.9,,56.5,,,0.0
德州,jma_seamless,2025-11-15,2,2025-11-17,6.3,0.9,-1.7,-2.4,,13.9,10.5,,44.2,,,0.0
德州,jma_seamless,2025-11-14,3,2025-11-17,6.6,1.7,-1.9,-1.3,,12.9,10.0,,34.8,,,0.0
德州,jma_seamless,2025-11-13,4,2025-11-17,6.4,0.9,-2.3,-2.6,,12.9,11.4,,9.8,,,0.0
德州,jma_seamless,2025-11-12,5,2025-11-17,6.4,1.4,-2.3,-2.2,,12.7,12.4,,0.0,,,0.0
德州,jma_seamless,2025-11-11,6,2025-11-17,10.8,-0.5,-0.7,-2.7,,12.4,6.2,,0.0,,,0.0
德州,jma_seamless,2025-11-10,7,2025-11-17,9.6,0.7,-0.7,-1.2,,13.8,6.0,,0.0,,,0.0
德州,jma_seamless,2025-11-17,1,2025-11-18,8.7,-0.6,-1.8,-3.3,,17.0,7.6,,0.0,,,0.0
德州,jma_seamless,2025-11-16,2,2025-11-18,9.1,-0.5,-1.6,-3.2,,16.0,7.6,,0.0,,,0.0
德州,jma_seamless,2025-11-15,3,2025-11-18,9.1,0.1,-1.4,-2.5,,15.5,7.5,,1.7,,,0.0
德州,jma_seamless,2025-11-14,4,2025-11-18,9.2,-0.2,-1.2,-2.7,,15.8,7.3,,0.0,,,0.0
德州,jma_seamless,2025-11-13,5,2025-11-18,10.0,0.1,-1.1,-2.6,,16.4,7.9,,0.0,,,0.0
德州,jma_seamless,2025-11-12,6,2025-11-18,10.5,-2.2,-1.3,-4.9,,14.8,6.9,,0.0,,,0.0
德州,jma_seamless,2025-11-11,7,2025-11-18,13.8,0.8,0.9,-2.5,,14.1,10.4,,9.5,,,0.0
德州,jma_seamless,2025-11-18,1,2025-11-19,14.5,1.0,2.1,,,,,,0.0,,0.0,
德州,jma_seamless,2025-11-17,2,2025-11-19,14.5,1.0,2.1,,,,,,0.0,,0.0,
德州,jma_seamless,2025-11-16,3,2025-11-19,14.3,0.9,1.9,,,,,,0.6,,0.0,
德州,jma_seamless,2025-11-15,4,2025-11-19,14.1,1.1,1.9,,,,,,0.3,,0.0,
德州,jma_seamless,2025-11-14,5,2025-11-19,14.5,1.3,2.1,,,,,,8.1,,0.0,
德州,jma_seamless,2025-11-13,6,2025-11-19,14.3,1.5,1.9,,,,,,3.4,,0.0,
德州,jma_seamless,2025-11-12,7,2025-11-19,12.9,2.6,1.7,,,,,,8.1,,0.0,
德州,jma_seamless,2025-11-19,1,2025-11-20,12.1,2.6,1.7,,,,,,12.2,,0.0,
德州,jma_seamless,2025-11-18,2,2025-11-20,12.1,2.3,1.9,,,,,,14.6,,0.0,
德州,jma_seamless,2025-11-17,3,2025-11-20,12.0,1.3,1.7,,,,,,16.9,,0.0,
德州,jma_seamless,2025-11-16,4,2025-11-20,12.4,1.1,1.4,,,,,,20.5,,0.0,
德州,jma_seamless,2025-11-15,5,2025-11-20,12.7,2.0,1.8,,,,,,6.1,,0.0,
德州,jma_seamless,2025-11-14,6,2025-11-20,12.2,1.7,1.3,,,,,,15.6,,0.0,
德州,jma_seamless,2025-11-13,7,2025-11-20,12.2,2.1,1.3,,,,,,0.4,,0.0,
德州,jma_seamless,2025-11-20,1,2025-11-21,14.1,1.7,1.9,,,,,,0.0,,0.0,
德州,jma_seamless,2025-11-19,2,2025-11-21,14.0,1.3,1.8,,,,,,0.0,,0.0,
德州,jma_seamless,2025-11-18,3,2025-11-21,13.7,-0.1,1.3,,,,,,0.0,,0.0,
德州,jma_seamless,2025-11-17,4,2025-11-21,13.7,-0.5,0.9,,,,,,0.1,,0.0,
德州,jma_seamless,2025-11-16,5,2025-11-21,13.9,0.3,1.1,,,,,,0.0,,0.0,
德州,jma_seamless,2025-11-15,6,2025-11-21,14.0,0.8,1.4,,,,,,0.0,,0.0,
德州,jma_seamless,2025-11-14,7,2025-11-21,13.2,-0.8,0.7,,,,,,0.0,,0.0,
德州,jma_seamless,2025-11-21,1,2025-11-22,15.3,3.6,3.6,,,,,,28.9,,0.0,
德州,jma_seamless,2025-11-20,2,2025-11-22,14.9,3.3,3.5,,,,,,39.3,,0.0,
德州,jma_seamless,2025-11-19,3,2025-11-22,14.7,3.2,3.2,,,,,,42.0,,0.0,
德州,jma_seamless,2025-11-18,4,2025-11-22,14.5,2.8,2.8,,,,,,21.2,,0.0,
德州,jma_seamless,2025-11-17,5,2025-11-22,14.8,2.5,2.9,,,,,,43.1,,0.0,
德州,jma_seamless,2025-11-16,6,2025-11-22,15.4,3.0,3.1,,,,,,37.3,,0.0,
德州,jma_seamless,2025-11-15,7,2025-11-22,15.4,3.8,3.6,,,,,,44.4,,0.0,
德州,jma_seamless,2025-11-22,1,2025-11-23,16.6,5.5,5.1,,,,,,34.9,,0.0,
德州,jma_seamless,2025-11-21,2,2025-11-23,16.2,4.6,4.5,,,,,,10.4,,0.0,
德州,jma_seamless,2025-11-20,3,2025-11-23,16.0,4.7,4.8,,,,,,1.3,,0.0,
德州,jma_seamless,2025-11-19,4,2025-11-23,15.7,5.0,4.7,,,,,,1.2,,0.0,
德州,jma_seamless,2025-11-18,5,2025-11-23,15.5,5.0,4.7,,,,,,4.6,,0.0,
德州,jma_seamless,2025-11-17,6,2025-11-23,15.7,5.2,4.9,,,,,,1.0,,0.0,
德州,jma_seamless,2025-11-16,7,2025-11-23,16.9,6.1,5.4,,,,,,7.8,,0.0,
德州,jma_seamless,2025-11-23,1,2025-11-24,12.7,5.1,3.2,,,,,,4.0,,0.0,
德州,jma_seamless,2025-11-22,2,2025-11-24,12.8,4.7,3.0,,,,,,0.0,,0.0,
德州,jma_seamless,2025-11-21,3,2025-11-24,12.4,4.9,3.1,,,,,,0.0,,0.0,
德州,jma_seamless,2025-11-20,4,2025-11-24,12.6,4.0,3.1,,,,,,0.0,,0.0,
德州,jma_seamless,2025-11-19,5,2025-11-24,11.0,3.2,2.8,,,,,,13.7,,0.0,
德州,jma_seamless,2025-11-18,6,2025-11-24,9.7,2.6,0.5,,,,,,0.0,,0.0,
德州,jma_seamless,2025-11-17,7,2025-11-24,9.4,4.5,2.3,,,,,,0.0,,0.0,
德州,jma_seamless,2025-11-24,1,2025-11-25,9.0,-0.4,-0.7,,,,,,0.0,,0.0,
德州,jma_seamless,2025-11-23,2,2025-11-25,8.6,-0.6,-0.9,,,,,,0.0,,0.0,
德州,jma_seamless,2025-11-22,3,2025-11-25,9.3,-0.9,-0.6,,,,,,0.0,,0.0,
德州,jma_seamless,2025-11-21,4,2025-11-25,8.9,-0.2,-0.7,,,,,,0.0,,0.0,
德州,jma_seamless,2025-11-20,5,2025-11-25,10.1,-0.9,-0.8,,,,,,0.0,,0.0,
德州,jma_seamless,2025-11-19,6,2025-11-25,10.6,-0.9,-0.7,,,,,,0.0,,0.0,
德州,jma_seamless,2025-11-18,7,2025-11-25,12.0,0.1,1.2,,,,,,0.0,,0.0,
德州,jma_seamless,2025-11-25,1,2025-11-26,15.4,2.8,2.7,,,,,,8.0,,0.0,
德州,jma_seamless,2025-11-24,2,2025-11-26,15.1,2.4,2.3,,,,,,12.9,,0.0,
德州,jma_seamless,2025-11-23,3,2025-11-26,14.8,2.4,3.1,,,,,,11.2,,0.0,
德州,jma_seamless,2025-11-22,4,2025-11-26,14.8,3.2,3.2,,,,,,18.2,,0.0,
德州,jma_seamless,2025-11-21,5,2025-11-26,15.1,3.7,3.1,,,,,,16.4,,0.0,
德州,jma_seamless,2025-11-20,6,2025-11-26,14.3,5.8,3.6,,,,,,0.0,,0.0,
德州,jma_seamless,2025-11-19,7,2025-11-26,15.9,6.0,5.4,,,,,,25.8,,0.0,
德州,jma_seamless,2025-11-26,1,2025-11-27,8.4,3.6,0.1,,,,,,0.6,,0.0,
德州,jma_seamless,2025-11-25,2,2025-11-27,7.9,2.9,-0.5,,,,,,1.0,,0.0,
德州,jma_seamless,2025-11-24,3,2025-11-27,8.8,2.6,-0.6,,,,,,0.9,,0.0,
德州,jma_seamless,2025-11-23,4,2025-11-27,8.2,2.5,-0.9,,,,,,1.4,,0.0,
德州,jma_seamless,2025-11-22,5,2025-11-27,9.7,1.3,-0.5,,,,,,0.5,,0.0,
德州,jma_seamless,2025-11-21,6,2025-11-27,9.3,-0.8,-0.8,,,,,,0.0,,0.0,
德州,jma_seamless,2025-11-20,7,2025-11-27,15.3,1.9,1.4,,,,,,10.7,,0.0,
德州,jma_seamless,2025-11-27,1,2025-11-28,13.5,2.5,1.9,,,,,,0.0,,0.0,
德州,jma_seamless,2025-11-26,2,2025-11-28,13.0,3.3,2.1,,,,,,0.0,,0.0,
德州,jma_seamless,2025-11-25,3,2025-11-28,12.8,2.8,1.9,,,,,,0.0,,0.0,
德州,jma_seamless,2025-11-24,4,2025-11-28,12.6,2.2,1.6,,,,,,0.0,,0.0,
德州,jma_seamless,2025-11-23,5,2025-11-28,12.4,1.7,0.8,,,,,,0.0,,0.0,
德州,jma_seamless,2025-11-22,6,2025-11-28,13.9,1.6,2.5,,,,,,0.0,,0.0,
德州,jma_seamless,2025-11-21,7,2025-11-28,14.0,2.3,1.8,,,,,,2.5,,0.0,
德州,jma_seamless,2025-11-28,1,2025-11-29,15.3,1.5,2.9,,,,,,0.0,,0.0,
德州,jma_seamless,2025-11-27,2,2025-11-29,15.2,2.5,3.5,,,,,,0.0,,0.0,
德州,jma_seamless,2025-11-26,3,2025-11-29,15.9,3.0,3.8,,,,,,0.0,,0.0,
德州,jma_seamless,2025-11-25,4,2025-11-29,14.7,2.4,3.1,,,,,,0.0,,0.0,
德州,jma_seamless,2025-11-24,5,2025-11-29,15.0,1.1,2.6,,,,,,0.0,,0.0,
德州,jma_seamless,2025-11-23,6,2025-11-29,12.2,3.9,2.0,,,,,,0.2,,0.0,
德州,jma_seamless,2025-11-22,7,2025-11-29,16.1,3.5,4.0,,,,,,0.2,,0.0,
德州,jma_seamless,2025-11-29,1,2025-11-30,12.2,4.0,2.1,,,,,,0.0,,0.0,
德州,jma_seamless,2025-11-28,2,2025-11-30,15.1,3.9,2.9,,,,,,0.0,,0.0,
德州,jma_seamless,2025-11-27,3,2025-11-30,12.1,4.5,2.7,,,,,,0.3,,0.0,
德州,jma_seamless,2025-11-26,4,2025-11-30,16.8,2.0,2.4,,,,,,0.0,,0.0,
德州,jma_seamless,2025-11-25,5,2025-11-30,14.9,3.0,2.3,,,,,,0.0,,0.0,
德州,jma_seamless,2025-11-24,6,2025-11-30,14.6,1.6,1.4,,,,,,0.0,,0.0,
德州,jma_seamless,2025-11-23,7,2025-11-30,12.5,3.0,2.9,,,,,,0.0,,0.0,
德州,jma_seamless,2025-11-30,1,2025-12-01,7.7,-0.7,-1.3,,,,,,17.9,,0.0,
德州,jma_seamless,2025-11-29,2,2025-12-01,7.0,-0.5,-2.1,,,,,,14.1,,0.0,
德州,jma_seamless,2025-11-28,3,2025-12-01,4.5,0.4,-3.0,,,,,,18.1,,0.0,
德州,jma_seamless,2025-11-27,4,2025-12-01,9.1,-0.7,-1.1,,,,,,24.7,,0.0,
德州,jma_seamless,2025-11-26,5,2025-12-01,6.4,-0.7,-2.7,,,,,,15.5,,0.0,
德州,jma_seamless,2025-11-25,6,2025-12-01,4.3,-2.0,-3.9,,,,,,0.0,,0.0,
德州,jma_seamless,2025-11-24,7,2025-12-01,6.4,-1.7,-2.2,,,,,,17.8,,0.0,
德州,jma_seamless,2025-12-01,1,2025-12-02,2.3,-3.3,-5.9,,,,,,20.2,,0.0,
德州,jma_seamless,2025-11-30,2,2025-12-02,1.8,-3.4,-6.0,,,,,,9.0,,0.0,
德州,jma_seamless,2025-11-29,3,2025-12-02,1.5,-3.9,-7.0,,,,,,4.4,,0.0,
德州,jma_seamless,2025-11-28,4,2025-12-02,1.2,-4.2,-6.6,,,,,,7.3,,0.0,
德州,jma_seamless,2025-11-27,5,2025-12-02,7.0,-3.0,-3.5,,,,,,21.5,,0.0,
德州,jma_seamless,2025-11-26,6,2025-12-02,5.9,-2.4,-4.1,,,,,,0.0,,0.0,
德州,jma_seamless,2025-11-25,7,2025-12-02,11.3,0.9,-0.4,,,,,,0.9,,0.0,
德州,ecmwf_ifs025,2025-12-16,1,2025-12-17,6.9,-3.5,-2.6,-6.0,,79.1,6.0,,13.6,8.01,0.0,
德州,ecmwf_ifs025,2025-12-15,2,2025-12-17,6.6,-3.5,-3.0,-6.3,,73.5,6.5,,0.1,8.55,0.0,
德州,ecmwf_ifs025,2025-12-14,3,2025-12-17,5.3,-4.1,-3.8,-7.2,,74.7,7.0,,0.0,8.67,0.0,
德州,ecmwf_ifs025,2025-12-13,4,2025-12-17,4.9,-4.2,-4.1,-6.9,,70.8,6.0,,0.0,8.64,0.0,
德州,ecmwf_ifs025,2025-12-12,5,2025-12-17,4.8,-5.2,-4.6,-8.4,,75.1,6.8,,12.8,8.77,0.0,
德州,ecmwf_ifs025,2025-12-11,6,2025-12-17,6.0,-4.5,-4.1,-7.8,,74.0,7.5,,0.2,7.87,0.0,
德州,ecmwf_ifs025,2025-12-10,7,2025-12-17,5.7,-3.7,-4.2,-7.0,,65.8,7.7,,1.2,7.77,0.0,
德州,gfs_seamless,2025-12-16,1,2025-12-17,8.4,-1.7,-1.4,,,,,,,,,
德州,gfs_seamless,2025-12-15,2,2025-12-17,7.7,-2.2,-2.0,,,,,,,,,
德州,gfs_seamless,2025-12-14,3,2025-12-17,6.7,-2.4,-2.3,,,,,,,,,
德州,gfs_seamless,2025-12-13,4,2025-12-17,6.5,-2.4,-2.7,,,,,,,,,
德州,gfs_seamless,2025-12-12,5,2025-12-17,6.6,-1.0,-1.5,,,,,,,,,
德州,gfs_seamless,2025-12-11,6,2025-12-17,8.3,-0.0,-0.7,,,,,,,,,
德州,gfs_seamless,2025-12-10,7,2025-12-17,10.5,-0.2,0.1,,,,,,,,,
德州,jma_seamless,2025-12-16,1,2025-12-17,7.3,-3.2,-2.1,,,,,,,,0.0,
德州,jma_seamless,2025-12-15,2,2025-12-17,7.0,-3.1,-2.4,,,,,,,,0.0,
德州,jma_seamless,2025-12-14,3,2025-12-17,7.3,-2.7,-2.1,,,,,,,,0.0,
德州,jma_seamless,2025-12-13,4,2025-12-17,7.0,-2.8,-2.1,,,,,,,,0.0,
德州,jma_seamless,2025-12-12,5,2025-12-17,8.2,-2.9,-1.6,,,,,,,,0.0,
德州,jma_seamless,2025-12-11,6,2025-12-17,7.7,-2.7,-1.6,,,,,,,,0.0,
德州,jma_seamless,2025-12-10,7,2025-12-17,5.8,-2.0,-2.7,,,,,,,,0.0,
德州,ecmwf_ifs025,2025-12-17,1,2025-12-18,9.8,1.4,0.2,-3.1,,61.8,17.7,,7.9,8.49,0.0,
德州,ecmwf_ifs025,2025-12-16,2,2025-12-18,9.8,0.9,-0.2,-3.7,,58.7,17.4,,16.3,8.36,0.0,
德州,ecmwf_ifs025,2025-12-15,3,2025-12-18,8.8,0.4,-0.9,-4.3,,59.1,17.0,,1.6,8.15,0.0,
德州,ecmwf_ifs025,2025-12-14,4,2025-12-18,7.2,-0.7,-2.0,-5.4,,61.5,15.9,,31.3,7.5,0.0,
德州,ecmwf_ifs025,2025-12-13,5,2025-12-18,7.6,-1.4,-2.3,-6.6,,57.9,17.4,,29.5,8.63,0.0,
德州,ecmwf_ifs025,2025-12-12,6,2025-12-18,6.3,-1.2,-3.1,-6.0,,66.8,15.5,,11.1,7.89,0.0,
德州,ecmwf_ifs025,2025-12-11,7,2025-12-18,7.5,-1.6,-1.8,-5.9,,66.2,12.7,,28.8,7.81,0.0,
德州,gfs_seamless,2025-12-17,1,2025-12-18,10.3,1.5,-0.2,,,,,,,,,
德州,gfs_seamless,2025-12-16,2,2025-12-18,11.5,1.3,0.1,,,,,,,,,
德州,gfs_seamless,2025-12-15,3,2025-12-18,10.5,1.1,-0.3,,,,,,,,,
德州,gfs_seamless,2025-12-14,4,2025-12-18,10.4,0.1,-0.7,,,,,,,,,
德州,gfs_seamless,2025-12-13,5,2025-12-18,9.7,-0.6,-1.5,,,,,,,,,
德州,gfs_seamless,2025-12-12,6,2025-12-18,9.8,-0.2,-1.0,,,,,,,,,
德州,gfs_seamless,2025-12-11,7,2025-12-18,11.7,0.4,1.0,,,,,,,,,
德州,jma_seamless,2025-12-17,1,2025-12-18,10.6,1.7,0.7,,,,,,,,0.0,
德州,jma_seamless,2025-12-16,2,2025-12-18,10.8,1.8,0.5,,,,,,,,0.0,
德州,jma_seamless,2025-12-15,3,2025-12-18,11.0,1.7,0.5,,,,,,,,0.0,
德州,jma_seamless,2025-12-14,4,2025-12-18,11.3,1.8,0.9,,,,,,,,0.0,
德州,jma_seamless,2025-12-13,5,2025-12-18,10.8,1.3,0.4,,,,,,,,0.0,
德州,jma_seamless,2025-12-12,6,2025-12-18,11.7,1.4,1.2,,,,,,,,0.0,
德州,jma_seamless,2025-12-11,7,2025-12-18,12.2,0.4,1.0,,,,,,,,0.0,
德州,ecmwf_ifs025,2025-12-18,1,2025-12-19,9.0,3.2,2.3,0.6,,73.0,9.8,,84.2,6.73,0.0,
德州,ecmwf_ifs025,2025-12-17,2,2025-12-19,9.0,2.5,2.3,-0.4,,70.0,10.3,,77.2,7.72,0.0,
德州,ecmwf_ifs025,2025-12-16,3,2025-12-19,9.4,3.2,2.4,0.5,,73.6,10.2,,86.1,7.19,0.0,
德州,ecmwf_ifs025,2025-12-15,4,2025-12-19,9.4,2.5,2.0,-0.4,,81.0,10.4,,63.8,7.09,0.0,
德州,ecmwf_ifs025,2025-12-14,5,2025-12-19,7.6,2.1,1.2,-0.5,,85.5,8.7,,83.1,4.67,0.0,
德州,ecmwf_ifs025,2025-12-13,6,2025-12-19,8.4,0.4,-0.2,-2.8,,77.7,9.9,,42.6,6.12,0.0,
德州,ecmwf_ifs025,2025-12-12,7,2025-12-19,7.7,-0.4,-0.5,-3.0,,80.9,7.4,,46.2,6.29,0.0,
德州,gfs_seamless,2025-12-18,1,2025-12-19,9.9,2.9,1.8,,,,,,,,,
德州,gfs_seamless,2025-12-17,2,2025-12-19,10.3,3.2,2.2,,,,,,,,,
德州,gfs_seamless,2025-12-16,3,2025-12-19,10.2,3.3,1.7,,,,,,,,,
德州,gfs_seamless,2025-12-15,4,2025-12-19,9.3,2.7,1.1,,,,,,,,,
德州,gfs_seamless,2025-12-14,5,2025-12-19,10.5,1.7,1.1,,,,,,,,,
德州,gfs_seamless,2025-12-13,6,2025-12-19,10.2,1.3,1.1,,,,,,,,,
德州,gfs_seamless,2025-12-12,7,2025-12-19,12.1,2.1,2.1,,,,,,,,,
德州,jma_seamless,2025-12-18,1,2025-12-19,10.6,3.6,2.7,,,,,,,,0.0,
德州,jma_seamless,2025-12-17,2,2025-12-19,10.8,4.4,3.0,,,,,,,,0.0,
德州,jma_seamless,2025-12-16,3,2025-12-19,11.2,4.3,2.9,,,,,,,,0.0,
德州,jma_seamless,2025-12-15,4,2025-12-19,11.1,4.4,2.8,,,,,,,,0.0,
德州,jma_seamless,2025-12-14,5,2025-12-19,11.9,4.3,3.1,,,,,,,,0.0,
德州,jma_seamless,2025-12-13,6,2025-12-19,11.3,3.4,2.8,,,,,,,,0.0,
德州,jma_seamless,2025-12-12,7,2025-12-19,13.8,4.2,3.8,,,,,,,,0.0,
德州,ecmwf_ifs025,2025-12-19,1,2025-12-20,5.4,-2.9,-2.6,-6.6,,27.3,9.5,,61.3,7.98,0.0,
德州,ecmwf_ifs025,2025-12-18,2,2025-12-20,6.7,-1.7,-2.0,-5.2,,26.5,9.6,,78.8,7.94,0.0,
德州,ecmwf_ifs025,2025-12-17,3,2025-12-20,6.8,-1.5,-2.1,-5.0,,34.9,9.6,,81.8,7.78,0.0,
德州,ecmwf_ifs025,2025-12-16,4,2025-12-20,7.4,-0.9,-1.8,-3.6,,40.3,7.4,,72.4,7.28,0.0,
德州,ecmwf_ifs025,2025-12-15,5,2025-12-20,8.0,-1.5,-1.8,-5.0,,43.9,9.6,,78.7,7.47,0.0,
德州,ecmwf_ifs025,2025-12-14,6,2025-12-20,7.3,-1.5,-2.3,-4.5,,54.0,8.1,,98.0,4.3,0.0,
德州,ecmwf_ifs025,2025-12-13,7,2025-12-20,5.1,-1.3,-3.3,-5.2,,56.8,11.1,,67.6,7.44,0.0,
德州,gfs_seamless,2025-12-19,1,2025-12-20,7.2,-0.5,-1.4,,,,,,,,,
德州,gfs_seamless,2025-12-18,2,2025-12-20,6.8,-0.5,-1.8,,,,,,,,,
德州,gfs_seamless,2025-12-17,3,2025-12-20,6.1,0.8,-2.2,,,,,,,,,
德州,gfs_seamless,2025-12-16,4,2025-12-20,4.4,-0.5,-3.8,,,,,,,,,
德州,gfs_seamless,2025-12-15,5,2025-12-20,6.1,-1.9,-1.5,,,,,,,,,
德州,gfs_seamless,2025-12-14,6,2025-12-20,7.2,-0.2,-1.5,,,,,,,,,
德州,gfs_seamless,2025-12-13,7,2025-12-20,8.9,1.2,-0.9,,,,,,,,,
德州,jma_seamless,2025-12-19,1,2025-12-20,6.9,-1.3,-1.7,,,,,,,,0.0,
德州,jma_seamless,2025-12-18,2,2025-12-20,7.7,-2.3,-1.6,,,,,,,,0.0,
德州,jma_seamless,2025-12-17,3,2025-12-20,8.5,-0.9,-0.8,,,,,,,,0.0,
德州,jma_seamless,2025-12-16,4,2025-12-20,6.0,-1.8,-2.3,,,,,,,,0.0,
德州,jma_seamless,2025-12-15,5,2025-12-20,8.5,-1.8,-1.9,,,,,,,,0.0,
德州,jma_seamless,2025-12-14,6,2025-12-20,5.4,-0.3,-2.3,,,,,,,,0.0,
德州,jma_seamless,2025-12-13,7,2025-12-20,7.2,1.1,-0.8,,,,,,,,0.0,
德州,ecmwf_ifs025,2025-12-20,1,2025-12-21,4.5,-3.9,-5.7,-8.2,,30.1,10.8,,0.7,8.74,0.0,
德州,ecmwf_ifs025,2025-12-19,2,2025-12-21,4.7,-4.1,-5.8,-8.2,,26.1,9.8,,0.0,8.79,0.0,
德州,ecmwf_ifs025,2025-12-18,3,2025-12-21,4.6,-3.7,-5.5,-7.6,,28.2,9.5,,8.2,8.82,0.0,
德州,ecmwf_ifs025,2025-12-17,4,2025-12-21,4.6,-4.1,-5.5,-7.9,,27.2,9.1,,0.0,8.79,0.0,
德州,ecmwf_ifs025,2025-12-16,5,2025-12-21,6.0,-3.1,-4.1,-7.0,,37.2,9.8,,1.1,8.75,0.0,
德州,ecmwf_ifs025,2025-12-15,6,2025-12-21,2.5,-3.0,-5.5,-6.6,,31.2,8.9,,84.8,7.79,0.0,
德州,ecmwf_ifs025,2025-12-14,7,2025-12-21,4.8,-2.7,-4.4,-6.9,,56.8,11.4,,41.0,7.63,0.0,
德州,gfs_seamless,2025-12-20,1,2025-12-21,5.4,-3.8,-5.0,,,,,,,,,
德州,gfs_seamless,2025-12-19,2,2025-12-21,5.0,-3.8,-5.4,,,,,,,,,
德州,gfs_seamless,2025-12-18,3,2025-12-21,5.5,-3.9,-4.8,,,,,,,,,
德州,gfs_seamless,2025-12-17,4,2025-12-21,3.9,-4.5,-5.5,,,,,,,,,
德州,gfs_seamless,2025-12-16,5,2025-12-21,4.4,-5.6,-5.9,,,,,,,,,
德州,gfs_seamless,2025-12-15,6,2025-12-21,4.1,-5.4,-6.6,,,,,,,,,
德州,gfs_seamless,2025-12-14,7,2025-12-21,1.9,-6.2,-6.8,,,,,,,,,
德州,jma_seamless,2025-12-20,1,2025-12-21,4.2,-3.5,-5.2,,,,,,,,0.0,
德州,jma_seamless,2025-12-19,2,2025-12-21,3.8,-3.4,-5.5,,,,,,,,0.0,
德州,jma_seamless,2025-12-18,3,2025-12-21,3.8,-3.5,-5.5,,,,,,,,0.0,
德州,jma_seamless,2025-12-17,4,2025-12-21,4.5,-3.4,-5.2,,,,,,,,0.0,
德州,jma_seamless,2025-12-16,5,2025-12-21,6.0,-2.6,-4.1,,,,,,,,0.0,
德州,jma_seamless,2025-12-15,6,2025-12-21,5.5,-1.9,-3.5,,,,,,,,0.0,
德州,jma_seamless,2025-12-14,7,2025-12-21,3.2,-1.8,-4.4,,,,,,,,0.0,
德州,ecmwf_ifs025,2025-12-21,1,2025-12-22,7.2,-0.3,-2.0,-4.9,,40.2,15.5,,79.4,7.62,0.0,
德州,ecmwf_ifs025,2025-12-20,2,2025-12-22,6.0,-1.2,-2.8,-5.5,,42.9,12.9,,95.5,6.87,0.0,
德州,ecmwf_ifs025,2025-12-19,3,2025-12-22,6.6,-1.2,-3.1,-5.5,,42.0,13.0,,71.2,7.79,0.0,
德州,ecmwf_ifs025,2025-12-18,4,2025-12-22,6.6,-1.0,-2.4,-5.5,,40.3,14.2,,80.5,7.59,0.0,
德州,ecmwf_ifs025,2025-12-17,5,2025-12-22,6.3,-1.6,-2.7,-6.1,,37.8,13.6,,70.3,7.33,0.0,
德州,ecmwf_ifs025,2025-12-16,6,2025-12-22,8.0,-2.4,-1.7,-6.6,,52.6,11.4,,69.4,7.2,0.3,
德州,ecmwf_ifs025,2025-12-15,7,2025-12-22,3.9,-4.2,-4.2,-7.6,,53.8,7.9,,72.7,6.01,0.6,
德州,gfs_seamless,2025-12-21,1,2025-12-22,7.8,-0.4,-1.8,,,,,,,,,
德州,gfs_seamless,2025-12-20,2,2025-12-22,7.7,-1.3,-2.6,,,,,,,,,
德州,gfs_seamless,2025-12-19,3,2025-12-22,6.6,-1.5,-2.8,,,,,,,,,
德州,gfs_seamless,2025-12-18,4,2025-12-22,7.6,-1.9,-2.2,,,,,,,,,
德州,gfs_seamless,2025-12-17,5,2025-12-22,5.6,-3.4,-3.9,,,,,,,,,
德州,gfs_seamless,2025-12-16,6,2025-12-22,6.0,-5.9,-5.0,,,,,,,,,
德州,gfs_seamless,2025-12-15,7,2025-12-22,4.0,-7.1,-5.9,,,,,,,,,
德州,jma_seamless,2025-12-21,1,2025-12-22,8.0,-0.3,-1.8,,,,,,,,0.3,
德州,jma_seamless,2025-12-20,2,2025-12-22,7.7,-0.2,-1.9,,,,,,,,0.0,
德州,jma_seamless,2025-12-19,3,2025-12-22,7.1,-0.1,-2.4,,,,,,,,0.0,
德州,jma_seamless,2025-12-18,4,2025-12-22,8.1,-0.5,-1.4,,,,,,,,0.0,
德州,jma_seamless,2025-12-17,5,2025-12-22,5.7,0.9,-1.4,,,,,,,,0.9,
德州,jma_seamless,2025-12-16,6,2025-12-22,6.6,0.1,-0.3,,,,,,,,0.9,
德州,jma_seamless,2025-12-15,7,2025-12-22,6.4,-1.2,-1.2,,,,,,,,0.9,
德州,ecmwf_ifs025,2025-12-22,1,2025-12-23,7.4,-0.8,-0.6,-4.5,,64.1,10.9,,41.8,7.51,3.3,
德州,ecmwf_ifs025,2025-12-21,2,2025-12-23,7.3,-0.3,-0.7,-4.1,,65.5,11.6,,54.8,6.21,3.3,
德州,ecmwf_ifs025,2025-12-20,3,2025-12-23,7.4,-0.7,-0.7,-4.3,,62.1,10.5,,47.2,6.97,1.8,
德州,ecmwf_ifs025,2025-12-19,4,2025-12-23,5.8,0.1,-0.9,-2.8,,73.4,8.7,,58.8,5.14,4.8,
德州,ecmwf_ifs025,2025-12-18,5,2025-12-23,7.9,-0.9,-0.9,-4.4,,54.9,10.2,,36.2,8.54,0.0,
德州,ecmwf_ifs025,2025-12-17,6,2025-12-23,8.5,-0.9,-0.9,-4.3,,56.2,9.6,,29.2,7.82,0.6,
德州,ecmwf_ifs025,2025-12-16,7,2025-12-23,8.3,0.3,0.2,-2.5,,72.5,8.5,,65.9,5.82,0.3,
德州,gfs_seamless,2025-12-22,1,2025-12-23,7.6,0.1,-1.0,,,,,,,,,
德州,gfs_seamless,2025-12-21,2,2025-12-23,6.3,0.1,-1.0,,,,,,,,,
德州,gfs_seamless,2025-12-20,3,2025-12-23,4.8,-0.2,-1.4,,,,,,,,,
德州,gfs_seamless,2025-12-19,4,2025-12-23,6.4,-0.0,-1.1,,,,,,,,,
德州,gfs_seamless,2025-12-18,5,2025-12-23,6.4,0.4,-1.1,,,,,,,,,
德州,gfs_seamless,2025-12-17,6,2025-12-23,7.9,0.2,-2.9,,,,,,,,,
德州,gfs_seamless,2025-12-16,7,2025-12-23,8.4,-2.1,-1.9,,,,,,,,,
德州,jma_seamless,2025-12-22,1,2025-12-23,8.5,-0.3,-0.7,,,,,,,,2.7,
德州,jma_seamless,2025-12-21,2,2025-12-23,9.3,-0.0,0.0,,,,,,,,1.2,
德州,jma_seamless,2025-12-20,3,2025-12-23,9.2,0.9,0.2,,,,,,,,0.6,
德州,jma_seamless,2025-12-19,4,2025-12-23,9.0,0.9,-0.0,,,,,,,,1.8,
德州,jma_seamless,2025-12-18,5,2025-12-23,8.8,1.4,1.0,,,,,,,,1.5,
德州,jma_seamless,2025-12-17,6,2025-12-23,6.3,-0.3,0.3,,,,,,,,2.1,
德州,jma_seamless,2025-12-16,7,2025-12-23,7.3,0.9,-0.2,,,,,,,,0.3,
德州,ecmwf_ifs025,2025-12-23,1,2025-12-24,6.4,-4.1,-4.2,-6.9,,50.0,6.3,,0.0,8.76,0.0,
德州,ecmwf_ifs025,2025-12-22,2,2025-12-24,5.0,-4.4,-4.3,,,53.1,4.3,,0.0,8.74,0.0,
德州,ecmwf_ifs025,2025-12-21,3,2025-12-24,4.9,-4.6,-4.4,,,53.7,3.9,,0.0,8.74,0.0,
德州,ecmwf_ifs025,2025-12-20,4,2025-12-24,4.3,-4.4,-4.2,,,53.7,3.6,,0.0,8.69,0.0,
德州,ecmwf_ifs025,2025-12-19,5,2025-12-24,3.9,-4.6,-5.0,-6.9,,56.4,5.2,,0.0,8.62,0.0,
德州,ecmwf_ifs025,2025-12-18,6,2025-12-24,4.0,-4.2,-5.4,-6.5,,40.8,5.3,,0.0,7.91,0.0,
德州,ecmwf_ifs025,2025-12-17,7,2025-12-24,5.1,-3.7,-4.1,-6.1,,44.3,5.6,,0.0,7.88,0.0,
德州,gfs_seamless,2025-12-23,1,2025-12-24,6.5,-2.8,-3.1,,,,,,,,,
德州,gfs_seamless,2025-12-22,2,2025-12-24,6.5,-3.2,-3.4,,,,,,,,,
德州,gfs_seamless,2025-12-21,3,2025-12-24,6.5,-3.4,-3.6,,,,,,,,,
德州,gfs_seamless,2025-12-20,4,2025-12-24,6.2,-4.1,-3.6,,,,,,,,,
德州,gfs_seamless,2025-12-19,5,2025-12-24,5.3,-4.8,-4.4,,,,,,,,,
德州,gfs_seamless,2025-12-18,6,2025-12-24,4.1,-2.9,-5.0,,,,,,,,,
德州,gfs_seamless,2025-12-17,7,2025-12-24,4.9,-4.4,-4.5,,,,,,,,,
德州,jma_seamless,2025-12-23,1,2025-12-24,5.7,-3.5,-3.9,,,,,,,,0.0,
德州,jma_seamless,2025-12-22,2,2025-12-24,5.7,-3.4,-3.9,,,,,,,,0.0,
德州,jma_seamless,2025-12-21,3,2025-12-24,6.3,-3.3,-3.5,,,,,,,,0.0,
德州,jma_seamless,2025-12-20,4,2025-12-24,5.8,-2.8,-3.4,,,,,,,,0.0,
德州,jma_seamless,2025-12-19,5,2025-12-24,5.8,-2.5,-3.2,,,,,,,,0.0,
德州,jma_seamless,2025-12-18,6,2025-12-24,5.8,-3.0,-3.0,,,,,,,,0.0,
德州,jma_seamless,2025-12-17,7,2025-12-24,7.4,-1.8,-2.0,,,,,,,,0.0,
德州,ecmwf_ifs025,2025-12-24,1,2025-12-25,1.0,-4.5,-7.3,-8.5,,28.2,9.5,,0.0,8.84,0.0,
德州,ecmwf_ifs025,2025-12-23,2,2025-12-25,0.6,-4.6,-7.5,-8.8,,27.5,10.0,,0.0,8.85,0.0,
德州,ecmwf_ifs025,2025-12-22,3,2025-12-25,0.8,-3.9,-7.4,-8.3,,29.5,11.3,,0.0,8.84,0.0,
德州,ecmwf_ifs025,2025-12-21,4,2025-12-25,2.6,-3.5,-6.1,-6.6,,41.2,7.3,,0.0,8.79,0.0,
德州,ecmwf_ifs025,2025-12-20,5,2025-12-25,3.4,-3.6,-5.8,-7.1,,48.2,8.4,,0.0,8.77,0.0,
德州,ecmwf_ifs025,2025-12-19,6,2025-12-25,6.2,-3.5,-4.7,-6.6,,49.6,7.4,,0.0,7.76,0.0,
德州,ecmwf_ifs025,2025-12-18,7,2025-12-25,6.3,-3.9,-4.3,-6.8,,48.9,6.7,,0.0,7.8,0.0,
德州,gfs_seamless,2025-12-24,1,2025-12-25,2.2,-5.7,-6.9,,,,,,,,,
德州,gfs_seamless,2025-12-23,2,2025-12-25,2.2,-6.1,-7.0,,,,,,,,,
德州,gfs_seamless,2025-12-22,3,2025-12-25,1.8,-5.9,-7.1,,,,,,,,,
德州,gfs_seamless,2025-12-21,4,2025-12-25,3.5,-4.5,-5.7,,,,,,,,,
德州,gfs_seamless,2025-12-20,5,2025-12-25,5.7,-4.1,-4.0,,,,,,,,,
德州,gfs_seamless,2025-12-19,6,2025-12-25,7.3,-3.5,-3.5,,,,,,,,,
德州,gfs_seamless,2025-12-18,7,2025-12-25,5.7,-3.1,-3.8,,,,,,,,,
德州,jma_seamless,2025-12-24,1,2025-12-25,1.5,-2.2,-5.9,,,,,,,,0.0,
德州,jma_seamless,2025-12-23,2,2025-12-25,0.9,-3.1,-6.7,,,,,,,,0.0,
德州,jma_seamless,2025-12-22,3,2025-12-25,1.2,-2.8,-6.3,,,,,,,,0.0,
德州,jma_seamless,2025-12-21,4,2025-12-25,1.3,-3.0,-6.4,,,,,,,,0.0,
德州,jma_seamless,2025-12-20,5,2025-12-25,1.8,-2.5,-6.0,,,,,,,,0.0,
德州,jma_seamless,2025-12-19,6,2025-12-25,7.0,-3.2,-3.8,,,,,,,,0.0,
德州,jma_seamless,2025-12-18,7,2025-12-25,8.9,-3.0,-2.0,,,,,,,,0.0,
德州,ecmwf_ifs025,2025-12-25,1,2025-12-26,5.0,-4.0,-5.3,-8.6,,40.8,11.7,,57.9,8.12,0.0,
德州,ecmwf_ifs025,2025-12-24,2,2025-12-26,4.8,-3.6,-5.6,-8.4,,32.8,13.1,,58.2,7.77,0.0,
德州,ecmwf_ifs025,2025-12-23,3,2025-12-26,4.3,-4.1,-5.7,-8.4,,29.6,10.5,,70.8,7.69,0.0,
德州,ecmwf_ifs025,2025-12-22,4,2025-12-26,4.0,-4.2,-6.3,-9.0,,29.4,12.5,,68.5,6.75,0.0,
德州,ecmwf_ifs025,2025-12-21,5,2025-12-26,4.7,-3.2,-5.2,-8.4,,40.9,15.4,,59.0,6.87,0.0,
德州,ecmwf_ifs025,2025-12-20,6,2025-12-26,4.2,-4.6,-5.5,-9.1,,44.0,11.1,,52.5,7.35,0.0,
德州,ecmwf_ifs025,2025-12-19,7,2025-12-26,5.3,-2.5,-3.7,-5.7,,62.7,8.0,,48.2,7.0,0.0,
德州,gfs_seamless,2025-12-25,1,2025-12-26,4.7,-3.9,-5.3,,,,,,,,,
德州,gfs_seamless,2025-12-24,2,2025-12-26,4.7,-4.1,-5.1,,,,,,,,,
德州,gfs_seamless,2025-12-23,3,2025-12-26,4.5,-4.5,-5.5,,,,,,,,,
德州,gfs_seamless,2025-12-22,4,2025-12-26,4.5,-4.0,-5.3,,,,,,,,,
德州,gfs_seamless,2025-12-21,5,2025-12-26,6.9,-2.6,-3.6,,,,,,,,,
德州,gfs_seamless,2025-12-20,6,2025-12-26,7.7,-2.4,-2.6,,,,,,,,,
德州,gfs_seamless,2025-12-19,7,2025-12-26,6.5,-1.0,-1.7,,,,,,,,,
德州,jma_seamless,2025-12-25,1,2025-12-26,4.5,-2.0,-4.6,,,,,,,,0.0,
德州,jma_seamless,2025-12-24,2,2025-12-26,4.4,-2.8,-4.9,,,,,,,,0.0,
德州,jma_seamless,2025-12-23,3,2025-12-26,3.4,-2.6,-5.5,,,,,,,,0.0,
德州,jma_seamless,2025-12-22,4,2025-12-26,4.0,-2.7,-5.5,,,,,,,,0.0,
德州,jma_seamless,2025-12-21,5,2025-12-26,3.1,-2.8,-5.8,,,,,,,,0.0,
德州,jma_seamless,2025-12-20,6,2025-12-26,3.0,-3.0,-5.3,,,,,,,,0.0,
德州,jma_seamless,2025-12-19,7,2025-12-26,7.2,-0.9,-2.3,,,,,,,,0.0,
德州,ecmwf_ifs025,2025-12-26,1,2025-12-27,4.8,-2.4,-3.1,-4.9,,68.0,6.2,,18.4,8.59,0.0,
德州,ecmwf_ifs025,2025-12-25,2,2025-12-27,5.0,-2.1,-3.2,-4.9,,62.9,7.1,,18.8,8.63,0.0,
德州,ecmwf_ifs025,2025-12-24,3,2025-12-27,4.5,-3.9,-4.3,-6.2,,54.8,5.3,,14.2,8.72,0.0,
德州,ecmwf_ifs025,2025-12-23,4,2025-12-27,4.0,-4.1,-4.5,,,49.9,4.8,,9.8,8.74,0.0,
德州,ecmwf_ifs025,2025-12-22,5,2025-12-27,4.1,-4.5,-5.0,,,52.3,4.8,,4.0,8.75,0.0,
德州,ecmwf_ifs025,2025-12-21,6,2025-12-27,5.6,-3.7,-4.0,-7.2,,50.6,8.4,,1.8,7.86,0.0,
德州,ecmwf_ifs025,2025-12-20,7,2025-12-27,4.6,-4.8,-4.4,-7.1,,64.8,5.1,,1.6,7.63,0.0,
德州,gfs_seamless,2025-12-26,1,2025-12-27,6.3,-1.5,-2.1,,,,,,,,,
德州,gfs_seamless,2025-12-25,2,2025-12-27,6.3,-2.1,-2.1,,,,,,,,,
德州,gfs_seamless,2025-12-24,3,2025-12-27,6.3,-1.9,-2.3,,,,,,,,,
德州,gfs_seamless,2025-12-23,4,2025-12-27,5.5,-3.1,-3.1,,,,,,,,,
德州,gfs_seamless,2025-12-22,5,2025-12-27,5.7,-1.4,-2.2,,,,,,,,,
德州,gfs_seamless,2025-12-21,6,2025-12-27,7.7,-0.7,-1.7,,,,,,,,,
德州,gfs_seamless,2025-12-20,7,2025-12-27,6.5,-0.4,-1.2,,,,,,,,,
德州,jma_seamless,2025-12-26,1,2025-12-27,5.8,-1.4,-3.0,,,,,,,,0.0,
德州,jma_seamless,2025-12-25,2,2025-12-27,5.8,-1.8,-3.4,,,,,,,,0.0,
德州,jma_seamless,2025-12-24,3,2025-12-27,4.8,-2.4,-4.3,,,,,,,,0.0,
德州,jma_seamless,2025-12-23,4,2025-12-27,4.6,-2.6,-4.4,,,,,,,,0.0,
德州,jma_seamless,2025-12-22,5,2025-12-27,4.7,-2.5,-4.4,,,,,,,,0.0,
德州,jma_seamless,2025-12-21,6,2025-12-27,5.2,-2.9,-4.0,,,,,,,,0.0,
德州,jma_seamless,2025-12-20,7,2025-12-27,5.3,-1.6,-3.9,,,,,,,,0.0,
德州,ecmwf_ifs025,2025-12-27,1,2025-12-28,7.8,-1.5,-2.0,-4.7,,76.3,8.7,,24.9,7.48,0.0,
德州,ecmwf_ifs025,2025-12-26,2,2025-12-28,7.7,-1.6,-2.4,-4.9,,75.0,9.0,,25.6,6.84,0.0,
德州,ecmwf_ifs025,2025-12-25,3,2025-12-28,8.3,-1.6,-2.1,-5.3,,73.4,10.3,,18.7,7.26,0.0,
德州,ecmwf_ifs025,2025-12-24,4,2025-12-28,7.7,-1.8,-2.8,-5.4,,67.2,9.8,,19.2,8.11,0.0,
德州,ecmwf_ifs025,2025-12-23,5,2025-12-28,7.7,-2.4,-2.2,-5.6,,65.9,8.0,,24.0,8.33,0.0,
德州,ecmwf_ifs025,2025-12-22,6,2025-12-28,8.0,-2.6,-3.4,-7.1,,60.0,12.7,,0.0,7.84,0.0,
德州,ecmwf_ifs025,2025-12-21,7,2025-12-28,7.6,-3.7,-2.9,-7.5,,61.6,9.2,,21.4,7.84,0.0,
德州,gfs_seamless,2025-12-27,1,2025-12-28,10.3,-1.0,-1.0,,,,,,,,,
德州,gfs_seamless,2025-12-26,2,2025-12-28,9.8,-1.0,-1.4,,,,,,,,,
德州,gfs_seamless,2025-12-25,3,2025-12-28,11.0,-0.6,-1.4,,,,,,,,,
德州,gfs_seamless,2025-12-24,4,2025-12-28,11.2,-0.7,-1.3,,,,,,,,,
德州,gfs_seamless,2025-12-23,5,2025-12-28,9.6,-1.9,-1.7,,,,,,,,,
德州,gfs_seamless,2025-12-22,6,2025-12-28,9.0,-1.5,-1.5,,,,,,,,,
德州,gfs_seamless,2025-12-21,7,2025-12-28,7.4,-2.1,-1.4,,,,,,,,,
德州,jma_seamless,2025-12-27,1,2025-12-28,9.8,-0.8,-1.1,,,,,,,,0.0,
德州,jma_seamless,2025-12-26,2,2025-12-28,9.8,-1.0,-1.3,,,,,,,,0.0,
德州,jma_seamless,2025-12-25,3,2025-12-28,10.0,-1.2,-1.6,,,,,,,,0.0,
德州,jma_seamless,2025-12-24,4,2025-12-28,9.4,-1.4,-1.8,,,,,,,,0.0,
德州,jma_seamless,2025-12-23,5,2025-12-28,9.1,-1.6,-2.4,,,,,,,,0.0,
德州,jma_seamless,2025-12-22,6,2025-12-28,8.6,-3.0,-2.4,,,,,,,,0.0,
德州,jma_seamless,2025-12-21,7,2025-12-28,8.5,-2.0,-2.5,,,,,,,,0.0,
德州,ecmwf_ifs025,2025-12-28,1,2025-12-29,6.1,-2.1,-3.4,-4.8,,62.5,6.8,,0.0,8.79,0.0,
德州,ecmwf_ifs025,2025-12-27,2,2025-12-29,6.0,-2.2,-2.9,-4.6,,68.5,6.1,,0.0,8.72,0.0,
德州,ecmwf_ifs025,2025-12-26,3,2025-12-29,6.0,-2.5,-3.2,-5.3,,65.2,6.9,,0.0,8.7,0.0,
德州,ecmwf_ifs025,2025-12-25,4,2025-12-29,5.0,-2.6,-3.5,-5.0,,53.7,6.0,,0.0,8.83,0.0,
德州,ecmwf_ifs025,2025-12-24,5,2025-12-29,5.2,-2.5,-3.5,-5.1,,60.5,6.5,,4.8,8.77,0.0,
德州,ecmwf_ifs025,2025-12-23,6,2025-12-29,5.5,-2.5,-3.9,-6.0,,49.6,9.0,,0.0,8.0,0.0,
德州,ecmwf_ifs025,2025-12-22,7,2025-12-29,3.6,-2.2,-4.5,-5.1,,47.5,7.3,,3.5,8.17,0.0,
德州,gfs_seamless,2025-12-28,1,2025-12-29,7.8,-0.1,-1.3,,,,,,,,,
德州,gfs_seamless,2025-12-27,2,2025-12-29,7.5,-1.5,-1.5,,,,,,,,,
德州,gfs_seamless,2025-12-26,3,2025-12-29,6.6,-2.0,-2.3,,,,,,,,,
德州,gfs_seamless,2025-12-25,4,2025-12-29,5.6,-2.2,-3.3,,,,,,,,,
德州,gfs_seamless,2025-12-24,5,2025-12-29,6.6,-1.6,-2.4,,,,,,,,,
德州,gfs_seamless,2025-12-23,6,2025-12-29,7.5,-0.2,-2.0,,,,,,,,,
德州,gfs_seamless,2025-12-22,7,2025-12-29,8.0,-0.2,-1.9,,,,,,,,,
德州,jma_seamless,2025-12-28,1,2025-12-29,6.6,-2.0,-2.7,,,,,,,,0.0,
德州,jma_seamless,2025-12-27,2,2025-12-29,6.4,-2.1,-2.9,,,,,,,,0.0,
德州,jma_seamless,2025-12-26,3,2025-12-29,7.3,-1.5,-2.4,,,,,,,,0.0,
德州,jma_seamless,2025-12-25,4,2025-12-29,6.7,-2.1,-2.7,,,,,,,,0.0,
德州,jma_seamless,2025-12-24,5,2025-12-29,7.0,-0.9,-2.5,,,,,,,,0.0,
德州,jma_seamless,2025-12-23,6,2025-12-29,5.3,-1.6,-3.4,,,,,,,,0.0,
德州,jma_seamless,2025-12-22,7,2025-12-29,5.3,-2.7,-4.0,,,,,,,,0.0,
德州,ecmwf_ifs025,2025-12-29,1,2025-12-30,5.9,-3.3,-4.4,-7.2,,67.6,9.9,,7.0,8.45,0.0,
德州,ecmwf_ifs025,2025-12-28,2,2025-12-30,5.6,-3.6,-4.4,-7.4,,64.9,9.2,,14.6,8.62,0.0,
德州,ecmwf_ifs025,2025-12-27,3,2025-12-30,5.4,-2.9,-4.1,-6.1,,70.5,8.0,,6.8,8.55,0.0,
德州,ecmwf_ifs025,2025-12-26,4,2025-12-30,5.3,-3.5,-4.4,-6.6,,68.3,7.2,,10.3,8.73,0.0,
德州,ecmwf_ifs025,2025-12-25,5,2025-12-30,5.9,-3.8,-3.6,,,69.4,4.3,,2.8,8.71,0.0,
德州,ecmwf_ifs025,2025-12-24,6,2025-12-30,6.3,-3.8,-3.9,-6.6,,71.5,6.5,,22.6,7.49,0.0,
德州,ecmwf_ifs025,2025-12-23,7,2025-12-30,7.4,-3.0,-3.3,-6.7,,48.3,9.3,,5.9,7.83,0.0,
德州,gfs_seamless,2025-12-29,1,2025-12-30,6.7,-1.4,-3.2,,,,,,,,,
德州,gfs_seamless,2025-12-28,2,2025-12-30,5.7,-1.6,-4.0,,,,,,,,,
德州,gfs_seamless,2025-12-27,3,2025-12-30,4.0,-3.1,-5.8,,,,,,,,,
德州,gfs_seamless,2025-12-26,4,2025-12-30,3.0,-3.8,-5.4,,,,,,,,,
德州,gfs_seamless,2025-12-25,5,2025-12-30,6.7,-2.3,-3.8,,,,,,,,,
德州,gfs_seamless,2025-12-24,6,2025-12-30,7.2,-2.4,-3.0,,,,,,,,,
德州,gfs_seamless,2025-12-23,7,2025-12-30,5.8,-4.0,-4.1,,,,,,,,,
德州,jma_seamless,2025-12-29,1,2025-12-30,6.4,-3.2,-3.7,,,,,,,,0.0,
德州,jma_seamless,2025-12-28,2,2025-12-30,4.9,-2.7,-4.5,,,,,,,,0.0,
德州,jma_seamless,2025-12-27,3,2025-12-30,5.5,-1.7,-4.2,,,,,,,,0.0,
德州,jma_seamless,2025-12-26,4,2025-12-30,4.6,-2.4,-4.5,,,,,,,,0.0,
德州,jma_seamless,2025-12-25,5,2025-12-30,6.3,-2.1,-3.7,,,,,,,,0.0,
德州,jma_seamless,2025-12-24,6,2025-12-30,4.8,-2.5,-4.6,,,,,,,,0.0,
德州,jma_seamless,2025-12-23,7,2025-12-30,6.3,-2.5,-4.3,,,,,,,,0.0,
德州,jma_seamless,2025-12-30,1,2025-12-31,-0.4,-3.3,-7.2,,,,,,52.0,,0.0,0.0
德州,jma_seamless,2025-12-29,2,2025-12-31,-0.3,-3.5,-7.3,,,,,,40.2,,0.0,0.0
德州,jma_seamless,2025-12-28,3,2025-12-31,0.2,-3.6,-6.4,,,,,,57.8,,0.0,0.0
德州,jma_seamless,2025-12-27,4,2025-12-31,1.5,-3.0,-5.7,,,,,,55.5,,0.0,0.0
德州,jma_seamless,2025-12-26,5,2025-12-31,4.5,-2.5,-4.4,,,,,,21.7,,0.0,0.0
德州,jma_seamless,2025-12-25,6,2025-12-31,4.1,-3.2,-5.0,,,,,,1.6,,0.0,0.0
德州,jma_seamless,2025-12-24,7,2025-12-31,4.4,-2.5,-4.0,,,,,,18.0,,0.0,0.0
德州,jma_seamless,2025-12-31,1,2026-01-01,1.4,-4.2,-6.5,,,,,,16.8,,0.0,0.0
德州,jma_seamless,2025-12-30,2,2026-01-01,1.0,-4.2,-6.5,,,,,,5.2,,0.0,0.0
德州,jma_seamless,2025-12-29,3,2026-01-01,0.5,-4.3,-6.7,,,,,,6.2,,0.0,0.0
德州,jma_seamless,2025-12-28,4,2026-01-01,2.1,-4.2,-6.1,,,,,,1.2,,0.0,0.0
德州,jma_seamless,2025-12-27,5,2026-01-01,3.5,-2.8,-4.7,,,,,,6.7,,0.0,0.0
德州,jma_seamless,2025-12-26,6,2026-01-01,5.5,-3.3,-4.4,,,,,,0.0,,0.0,0.0
德州,jma_seamless,2025-12-25,7,2026-01-01,5.5,-2.5,-4.2,,,,,,10.6,,0.0,0.0
德州,jma_seamless,2026-01-01,1,2026-01-02,1.5,-3.7,-6.0,,,,,,0.0,,0.0,0.0
德州,jma_seamless,2025-12-31,2,2026-01-02,1.6,-3.9,-6.2,,,,,,0.0,,0.0,0.0
德州,jma_seamless,2025-12-30,3,2026-01-02,1.6,-4.1,-6.4,,,,,,0.0,,0.0,0.0
德州,jma_seamless,2025-12-29,4,2026-01-02,1.3,-3.6,-6.5,,,,,,0.0,,0.0,0.0
德州,jma_seamless,2025-12-28,5,2026-01-02,3.5,-3.6,-5.3,,,,,,0.0,,0.0,0.0
德州,jma_seamless,2025-12-27,6,2026-01-02,6.8,-1.3,-3.3,,,,,,0.0,,0.0,0.0
德州,jma_seamless,2025-12-26,7,2026-01-02,7.9,-1.8,-2.2,,,,,,0.0,,0.0,0.0
德州,jma_seamless,2026-01-02,1,2026-01-03,4.3,-1.9,-4.1,,,,,,17.5,,0.0,0.0
德州,jma_seamless,2026-01-01,2,2026-01-03,4.2,-2.1,-4.4,,,,,,14.3,,0.0,0.0
德州,jma_seamless,2025-12-31,3,2026-01-03,4.3,-1.8,-4.4,,,,,,8.2,,0.0,0.0
德州,jma_seamless,2025-12-30,4,2026-01-03,4.7,-2.4,-4.6,,,,,,1.2,,0.0,0.0
德州,jma_seamless,2025-12-29,5,2026-01-03,4.7,-2.1,-5.0,,,,,,0.0,,0.0,0.0
德州,jma_seamless,2025-12-28,6,2026-01-03,4.0,-2.6,-4.3,,,,,,0.0,,0.0,0.0
德州,jma_seamless,2025-12-27,7,2026-01-03,5.0,-3.6,-4.0,,,,,,0.0,,0.0,0.0
德州,jma_seamless,2026-01-03,1,2026-01-04,3.8,-1.5,-3.0,,,,,,47.2,,0.0,0.0
德州,jma_seamless,2026-01-02,2,2026-01-04,4.5,-1.3,-3.1,,,,,,43.1,,0.0,0.0
德州,jma_seamless,2026-01-01,3,2026-01-04,4.4,-1.6,-3.5,,,,,,41.8,,0.0,0.0
德州,jma_seamless,2025-12-31,4,2026-01-04,4.5,-2.6,-4.0,,,,,,24.3,,0.0,0.0
德州,jma_seamless,2025-12-30,5,2026-01-04,2.6,-1.9,-4.7,,,,,,4.0,,0.0,0.0
德州,jma_seamless,2025-12-29,6,2026-01-04,2.8,-2.7,-5.4,,,,,,0.0,,0.0,0.0
德州,jma_seamless,2025-12-28,7,2026-01-04,4.5,-3.4,-4.7,,,,,,0.0,,0.0,0.0
德州,jma_seamless,2026-01-04,1,2026-01-05,4.4,-2.4,-3.4,,,,,,9.3,,0.0,0.0
德州,jma_seamless,2026-01-03,2,2026-01-05,2.9,-2.8,-4.2,,,,,,3.2,,0.0,0.0
德州,jma_seamless,2026-01-02,3,2026-01-05,4.2,-2.9,-3.7,,,,,,6.7,,0.0,0.0
德州,jma_seamless,2026-01-01,4,2026-01-05,2.7,-3.2,-4.1,,,,,,7.0,,0.0,0.0
德州,jma_seamless,2025-12-31,5,2026-01-05,4.0,-3.2,-4.5,,,,,,4.9,,0.0,0.0
德州,jma_seamless,2025-12-30,6,2026-01-05,4.3,-3.1,-5.1,,,,,,2.3,,0.0,0.0
德州,jma_seamless,2025-12-29,7,2026-01-05,5.4,-2.4,-4.3,,,,,,0.8,,0.0,0.0
德州,jma_seamless,2026-01-05,1,2026-01-06,6.2,-1.9,-3.3,,,,,,10.1,,0.0,0.0
德州,jma_seamless,2026-01-04,2,2026-01-06,6.3,-2.1,-3.4,,,,,,0.0,,0.0,0.0
德州,jma_seamless,2026-01-03,3,2026-01-06,5.4,-2.5,-4.0,,,,,,4.6,,0.0,0.0
德州,jma_seamless,2026-01-02,4,2026-01-06,4.7,-2.9,-4.0,,,,,,1.8,,0.0,0.0
德州,jma_seamless,2026-01-01,5,2026-01-06,4.0,-2.8,-4.1,,,,,,0.0,,0.0,0.0
德州,jma_seamless,2025-12-31,6,2026-01-06,5.4,-3.0,-3.7,,,,,,3.0,,0.0,0.0
德州,jma_seamless,2025-12-30,7,2026-01-06,2.2,-1.5,-4.7,,,,,,5.9,,0.0,0.0
德州,jma_seamless,2026-01-06,1,2026-01-07,3.9,-3.0,-4.6,,,,,,10.2,,0.0,0.0
德州,jma_seamless,2026-01-05,2,2026-01-07,3.3,-3.2,-4.9,,,,,,4.3,,0.0,0.0
德州,jma_seamless,2026-01-04,3,2026-01-07,4.6,-3.0,-4.4,,,,,,4.3,,0.0,0.0
德州,jma_seamless,2026-01-03,4,2026-01-07,3.5,-3.0,-4.6,,,,,,2.7,,0.0,0.0
德州,jma_seamless,2026-01-02,5,2026-01-07,3.8,-2.0,-4.9,,,,,,0.0,,0.0,0.0
德州,jma_seamless,2026-01-01,6,2026-01-07,3.9,-3.7,-4.6,,,,,,5.6,,0.0,0.0
德州,jma_seamless,2025-12-31,7,2026-01-07,4.6,-3.4,-4.7,,,,,,0.5,,0.0,0.0
德州,jma_seamless,2026-01-07,1,2026-01-08,5.1,-3.0,-4.5,,,,,,0.8,,0.0,0.0
德州,jma_seamless,2026-01-06,2,2026-01-08,5.5,-3.2,-4.4,,,,,,0.3,,0.0,0.0
德州,jma_seamless,2026-01-05,3,2026-01-08,5.9,-3.3,-4.2,,,,,,0.3,,0.0,0.0
德州,jma_seamless,2026-01-04,4,2026-01-08,6.7,-2.7,-3.7,,,,,,0.0,,0.0,0.0
德州,jma_seamless,2026-01-03,5,2026-01-08,6.4,-1.5,-3.2,,,,,,0.0,,0.0,0.0
德州,jma_seamless,2026-01-02,6,2026-01-08,7.1,-2.9,-3.3,,,,,,0.0,,0.0,0.0
德州,jma_seamless,2026-01-01,7,2026-01-08,5.1,-3.0,-4.5,,,,,,0.0,,0.0,0.0
德州,jma_seamless,2026-01-08,1,2026-01-09,11.9,-0.4,-1.4,,,,,,0.0,,0.0,0.0
德州,jma_seamless,2026-01-07,2,2026-01-09,11.8,-0.5,-1.2,,,,,,0.3,,0.0,0.0
德州,jma_seamless,2026-01-06,3,2026-01-09,11.9,-0.5,-1.0,,,,,,0.0,,0.0,0.0
德州,jma_seamless,2026-01-05,4,2026-01-09,13.2,-0.7,-0.2,,,,,,0.0,,0.0,0.0
德州,jma_seamless,2026-01-04,5,2026-01-09,6.9,-0.6,-1.5,,,,,,0.0,,0.0,0.0
德州,jma_seamless,2026-01-03,6,2026-01-09,6.3,-1.4,-3.1,,,,,,0.0,,0.0,0.0
德州,jma_seamless,2026-01-02,7,2026-01-09,5.0,1.0,-3.2,,,,,,0.0,,0.0,0.0
德州,jma_seamless,2026-01-09,1,2026-01-10,4.0,-2.2,-6.0,,,,,,0.0,,0.0,0.0
德州,jma_seamless,2026-01-08,2,2026-01-10,3.9,-2.7,-6.6,,,,,,0.0,,0.0,0.0
德州,jma_seamless,2026-01-07,3,2026-01-10,4.0,-2.3,-5.8,,,,,,0.0,,0.0,0.0
德州,jma_seamless,2026-01-06,4,2026-01-10,4.1,-1.9,-5.7,,,,,,0.0,,0.0,0.0
德州,jma_seamless,2026-01-05,5,2026-01-10,4.1,-3.5,-4.6,,,,,,0.0,,0.0,0.0
德州,jma_seamless,2026-01-04,6,2026-01-10,6.7,-2.5,-3.7,,,,,,0.0,,0.0,0.0
德州,jma_seamless,2026-01-03,7,2026-01-10,11.1,-0.6,-0.8,,,,,,0.0,,0.0,0.0
德州,jma_seamless,2026-01-10,1,2026-01-11,-0.2,-4.3,-7.9,,,,,,0.0,,0.0,0.0
德州,jma_seamless,2026-01-09,2,2026-01-11,-0.3,-4.7,-8.2,,,,,,0.0,,0.0,0.0
德州,jma_seamless,2026-01-08,3,2026-01-11,0.3,-4.2,-7.3,,,,,,0.0,,0.0,0.0
德州,jma_seamless,2026-01-07,4,2026-01-11,0.4,-4.3,-6.8,,,,,,0.0,,0.0,0.0
德州,jma_seamless,2026-01-06,5,2026-01-11,-0.1,-3.7,-7.4,,,,,,5.2,,0.0,0.0
德州,jma_seamless,2026-01-05,6,2026-01-11,2.5,-2.6,-6.0,,,,,,9.9,,0.0,0.0
德州,jma_seamless,2026-01-04,7,2026-01-11,2.3,-3.3,-5.0,,,,,,0.0,,0.0,0.0
德州,jma_seamless,2026-01-11,1,2026-01-12,8.4,-0.5,-3.0,,,,,,0.0,,0.0,0.0
德州,jma_seamless,2026-01-10,2,2026-01-12,9.1,-1.1,-3.1,,,,,,0.0,,0.0,0.0
德州,jma_seamless,2026-01-09,3,2026-01-12,9.1,-1.3,-3.2,,,,,,0.0,,0.0,0.0
德州,jma_seamless,2026-01-08,4,2026-01-12,9.5,-1.0,-2.5,,,,,,0.0,,0.0,0.0
德州,jma_seamless,2026-01-07,5,2026-01-12,7.6,-0.8,-2.9,,,,,,0.0,,0.0,0.0
德州,jma_seamless,2026-01-06,6,2026-01-12,7.1,-5.0,-5.5,,,,,,1.1,,0.0,0.0
德州,jma_seamless,2026-01-05,7,2026-01-12,3.5,-4.1,-6.0,,,,,,1.1,,0.0,0.0
德州,jma_seamless,2026-01-12,1,2026-01-13,6.3,-1.3,-3.4,,,,,,6.9,,0.0,0.0
德州,jma_seamless,2026-01-11,2,2026-01-13,5.2,-1.6,-3.9,,,,,,11.9,,0.0,0.0
德州,jma_seamless,2026-01-10,3,2026-01-13,6.2,-1.8,-3.5,,,,,,0.2,,0.0,0.0
德州,jma_seamless,2026-01-09,4,2026-01-13,7.1,-1.5,-3.0,,,,,,4.3,,0.0,0.0
德州,jma_seamless,2026-01-08,5,2026-01-13,9.1,-2.6,-2.3,,,,,,0.9,,0.0,0.0
德州,jma_seamless,2026-01-07,6,2026-01-13,9.9,-1.6,-1.5,,,,,,0.6,,0.0,0.0
德州,jma_seamless,2026-01-06,7,2026-01-13,2.4,-3.8,-5.9,,,,,,0.0,,0.0,0.0
德州,jma_seamless,2026-01-27,1,2026-01-28,5.1,-2.2,-3.6,,,49.0,4.0,,29.3,,0.0,0.0
德州,jma_seamless,2026-01-26,2,2026-01-28,5.4,-2.4,-4.1,,,35.1,4.5,,9.4,,0.0,0.0
德州,jma_seamless,2026-01-25,3,2026-01-28,6.0,-2.8,-4.2,,,35.5,4.6,,5.0,,0.0,0.0
德州,jma_seamless,2026-01-24,4,2026-01-28,6.1,-2.7,-4.0,,,36.0,4.5,,2.2,,0.0,0.0
德州,jma_seamless,2026-01-23,5,2026-01-28,5.6,-2.5,-3.5,-4.5,,54.6,5.1,,1.0,,0.0,0.0
德州,jma_seamless,2026-01-22,6,2026-01-28,5.5,-2.9,-3.6,,,67.1,4.6,,0.9,,0.0,0.0
德州,jma_seamless,2026-01-21,7,2026-01-28,4.4,-2.8,-3.8,-4.9,,59.6,5.2,,16.2,,0.0,0.0
德州,jma_seamless,2026-01-28,1,2026-01-29,3.6,-2.0,-4.0,-5.1,,68.1,7.9,,66.5,,0.0,0.0
德州,jma_seamless,2026-01-27,2,2026-01-29,4.6,-2.5,-3.8,-6.1,,72.3,9.2,,53.3,,0.0,0.0
德州,jma_seamless,2026-01-26,3,2026-01-29,4.1,-2.6,-4.3,-5.9,,60.9,8.3,,50.8,,0.0,0.0
德州,jma_seamless,2026-01-25,4,2026-01-29,5.5,-2.8,-3.9,-5.7,,51.9,7.2,,49.1,,0.0,0.0
德州,jma_seamless,2026-01-24,5,2026-01-29,5.0,-2.2,-3.9,-5.7,,59.0,9.1,,23.0,,0.0,0.0
德州,jma_seamless,2026-01-23,6,2026-01-29,4.5,-2.5,-4.0,-5.8,,63.5,8.5,,33.6,,0.3,0.2
德州,jma_seamless,2026-01-22,7,2026-01-29,4.5,-2.6,-4.0,-6.6,,71.1,10.7,,47.7,,0.0,0.0
德州,jma_seamless,2026-01-29,1,2026-01-30,2.3,-2.2,-4.5,-4.1,,57.6,5.1,,40.6,,0.0,0.0
德州,jma_seamless,2026-01-28,2,2026-01-30,2.3,-1.8,-4.0,-3.9,,66.5,5.5,,49.8,,0.0,0.0
德州,jma_seamless,2026-01-27,3,2026-01-30,1.6,-2.1,-4.4,-4.1,,65.1,5.3,,60.4,,1.2,0.6
德州,jma_seamless,2026-01-26,4,2026-01-30,2.1,-1.9,-4.4,-3.9,,62.5,5.4,,65.3,,0.0,0.0
德州,jma_seamless,2026-01-25,5,2026-01-30,1.7,-1.8,-4.5,-4.9,,68.5,8.2,,70.8,,1.2,0.6
德州,jma_seamless,2026-01-24,6,2026-01-30,3.0,-1.6,-3.7,-4.4,,73.7,7.3,,75.1,,1.8,0.6
德州,jma_seamless,2026-01-23,7,2026-01-30,-0.5,-2.3,-5.6,-5.9,,66.2,9.5,,75.5,,3.0,2.1
德州,jma_seamless,2026-01-30,1,2026-01-31,4.9,-2.1,-3.2,,,60.0,3.5,,18.5,,0.0,0.0
德州,jma_seamless,2026-01-29,2,2026-01-31,5.0,-2.4,-3.5,,,58.2,4.6,,10.8,,0.0,0.0
德州,jma_seamless,2026-01-28,3,2026-01-31,4.3,-2.4,-3.2,,,70.1,2.2,,31.5,,0.0,0.0
德州,jma_seamless,2026-01-27,4,2026-01-31,5.2,-2.3,-2.8,,,66.8,1.7,,25.9,,0.0,0.0
德州,jma_seamless,2026-01-26,5,2026-01-31,6.2,-2.3,-3.0,-4.2,,63.1,5.0,,33.0,,0.0,0.0
德州,jma_seamless,2026-01-25,6,2026-01-31,3.7,-2.0,-4.0,-4.5,,59.2,6.3,,52.7,,0.3,0.2
德州,jma_seamless,2026-01-24,7,2026-01-31,4.9,-3.5,-3.8,-5.9,,56.3,5.7,,36.6,,0.0,0.0
德州,jma_seamless,2026-01-31,1,2026-02-01,7.7,-1.4,-2.2,-4.0,,57.1,6.9,,0.0,,0.0,0.0
德州,jma_seamless,2026-01-30,2,2026-02-01,8.5,-1.9,-2.2,-4.3,,49.5,6.2,,0.0,,0.0,0.0
德州,jma_seamless,2026-01-29,3,2026-02-01,7.1,-2.4,-2.9,,,46.2,4.5,,0.0,,0.0,0.0
德州,jma_seamless,2026-01-28,4,2026-02-01,8.6,-2.2,-1.9,-4.0,,62.2,4.9,,0.0,,0.0,0.0
德州,jma_seamless,2026-01-27,5,2026-02-01,9.4,-2.3,-1.6,-4.3,,63.2,5.3,,0.0,,0.0,0.0
德州,jma_seamless,2026-01-26,6,2026-02-01,10.2,-2.2,-1.3,-5.6,,55.6,8.9,,18.5,,0.0,0.0
德州,jma_seamless,2026-01-25,7,2026-02-01,5.6,-3.7,-3.8,-7.0,,41.5,7.8,,4.2,,0.0,0.0
德州,jma_seamless,2026-02-01,1,2026-02-02,4.7,-1.6,-3.6,-4.9,,30.1,8.9,,0.0,,0.0,0.0
德州,jma_seamless,2026-01-31,2,2026-02-02,4.7,-1.6,-3.9,-4.4,,26.2,7.3,,0.0,,0.0,0.0
德州,jma_seamless,2026-01-30,3,2026-02-02,5.6,-2.1,-3.1,-4.3,,36.5,5.6,,0.0,,0.0,0.0
德州,jma_seamless,2026-01-29,4,2026-02-02,11.4,-1.9,-1.2,-4.4,,29.6,6.4,,0.0,,0.0,0.0
德州,jma_seamless,2026-01-28,5,2026-02-02,10.3,-2.2,-1.4,-4.2,,35.9,5.3,,0.0,,0.0,0.0
德州,jma_seamless,2026-01-27,6,2026-02-02,12.0,-1.2,-0.3,-4.6,,35.5,9.4,,0.0,,0.0,0.0
德州,jma_seamless,2026-01-26,7,2026-02-02,12.7,-0.9,-0.0,-4.7,,36.8,11.0,,0.0,,0.0,0.0
德州,jma_seamless,2026-02-02,1,2026-02-03,11.9,-0.4,0.2,-4.7,,42.0,13.8,,43.0,,0.0,0.0
德州,jma_seamless,2026-02-01,2,2026-02-03,12.0,-0.9,-0.3,-5.3,,29.2,14.1,,17.8,,0.0,0.0
德州,jma_seamless,2026-01-31,3,2026-02-03,12.0,-0.2,-0.2,-4.5,,27.9,14.1,,12.2,,0.0,0.0
德州,jma_seamless,2026-01-30,4,2026-02-03,12.7,-0.5,0.1,-4.7,,27.6,13.4,,0.0,,0.0,0.0
德州,jma_seamless,2026-01-29,5,2026-02-03,13.5,0.1,0.7,-3.6,,32.4,11.8,,6.9,,0.0,0.0
德州,jma_seamless,2026-01-28,6,2026-02-03,13.6,0.5,1.2,-3.5,,30.2,13.4,,2.7,,0.0,0.0
德州,jma_seamless,2026-01-27,7,2026-02-03,12.9,-1.2,0.7,-3.5,,34.6,6.3,,0.0,,0.0,0.0
德州,jma_seamless,2026-02-03,1,2026-02-04,13.6,1.7,2.2,-0.7,,46.5,7.7,,21.7,,0.0,0.0
德州,jma_seamless,2026-02-02,2,2026-02-04,13.4,1.4,2.3,-1.2,,44.8,8.4,,15.9,,0.0,0.0
德州,jma_seamless,2026-02-01,3,2026-02-04,13.6,1.9,2.1,-0.9,,36.1,9.6,,13.0,,0.0,0.0
德州,jma_seamless,2026-01-31,4,2026-02-04,13.6,2.7,2.2,0.6,,35.4,7.6,,1.0,,0.0,0.0
德州,jma_seamless,2026-01-30,5,2026-02-04,13.8,2.0,2.4,0.2,,43.8,6.1,,18.7,,0.0,0.0
德州,jma_seamless,2026-01-29,6,2026-02-04,14.8,1.7,2.7,-0.6,,37.0,7.5,,28.0,,0.0,0.0
德州,jma_seamless,2026-01-28,7,2026-02-04,14.0,0.6,1.6,-1.5,,45.4,6.4,,0.0,,0.0,0.0
德州,jma_seamless,2026-02-04,1,2026-02-05,7.7,-2.2,-2.6,-6.8,,37.2,13.6,,57.5,,0.0,0.0
德州,jma_seamless,2026-02-03,2,2026-02-05,8.8,-2.0,-2.2,-6.6,,37.8,13.6,,59.2,,0.0,0.0
德州,jma_seamless,2026-02-02,3,2026-02-05,7.5,-2.1,-2.9,-7.2,,30.2,16.1,,38.7,,0.0,0.0
德州,jma_seamless,2026-02-01,4,2026-02-05,3.0,-2.4,-4.6,-7.7,,18.9,16.7,,37.6,,0.0,0.0
德州,jma_seamless,2026-01-31,5,2026-02-05,8.0,-2.5,-1.9,-7.1,,39.6,13.2,,40.2,,0.0,0.0
德州,jma_seamless,2026-01-30,6,2026-02-05,15.4,-0.2,1.7,-3.8,,40.2,11.0,,73.3,,0.0,0.0
德州,jma_seamless,2026-01-29,7,2026-02-05,6.5,-3.8,-4.1,-8.8,,53.2,13.7,,37.4,,0.0,0.0
德州,jma_seamless,2026-02-05,1,2026-02-06,-0.1,-3.9,-7.4,-7.8,,35.6,9.4,,51.0,,0.0,0.0
德州,jma_seamless,2026-02-04,2,2026-02-06,0.2,-3.7,-7.7,-8.2,,32.6,11.8,,59.3,,0.0,0.0
德州,jma_seamless,2026-02-03,3,2026-02-06,-0.9,-4.0,-7.9,-8.7,,33.9,12.4,,52.8,,0.0,0.0
德州,jma_seamless,2026-02-02,4,2026-02-06,-0.6,-4.6,-8.3,-9.0,,17.5,10.8,,38.9,,0.0,0.0
德州,jma_seamless,2026-02-01,5,2026-02-06,-1.1,-4.7,-8.2,-7.9,,19.9,7.2,,9.6,,0.0,0.0
德州,jma_seamless,2026-01-31,6,2026-02-06,1.3,-4.5,-7.5,-8.5,,18.4,9.4,,1.5,,0.0,0.0
德州,jma_seamless,2026-01-30,7,2026-02-06,-0.5,-4.3,-8.6,-8.8,,18.5,11.2,,18.7,,0.0,0.0
德州,jma_seamless,2026-02-06,1,2026-02-07,1.3,-4.5,-7.1,-7.6,,31.0,6.9,,5.0,,0.0,0.0
德州,jma_seamless,2026-02-05,2,2026-02-07,0.9,-4.4,-6.8,,,31.3,4.2,,4.5,,0.0,0.0
德州,jma_seamless,2026-02-04,3,2026-02-07,0.1,-4.7,-7.2,,,31.4,3.9,,4.5,,0.0,0.0
德州,jma_seamless,2026-02-03,4,2026-02-07,1.4,-4.8,-7.2,-7.1,,26.4,5.2,,4.5,,0.0,0.0
德州,jma_seamless,2026-02-02,5,2026-02-07,3.0,-4.5,-6.8,-7.8,,18.8,7.3,,0.8,,0.0,0.0
德州,jma_seamless,2026-02-01,6,2026-02-07,3.4,-3.7,-6.0,-6.9,,14.0,7.4,,0.0,,0.0,0.0
德州,jma_seamless,2026-01-31,7,2026-02-07,8.4,-3.2,-5.1,-7.7,,12.3,12.0,,0.8,,0.0,0.0
德州,jma_seamless,2026-02-07,1,2026-02-08,4.0,-4.0,-5.5,-7.4,,18.8,8.0,,0.0,,0.0,0.0
德州,jma_seamless,2026-02-06,2,2026-02-08,4.6,-4.0,-5.5,-7.7,,18.0,8.8,,0.0,,0.0,0.0
德州,jma_seamless,2026-02-05,3,2026-02-08,4.9,-3.7,-4.7,-6.6,,19.9,6.7,,0.0,,0.0,0.0
德州,jma_seamless,2026-02-04,4,2026-02-08,5.5,-3.5,-4.9,-6.6,,22.3,7.4,,0.0,,0.0,0.0
德州,jma_seamless,2026-02-03,5,2026-02-08,4.4,-3.6,-4.7,-7.0,,20.7,8.2,,0.0,,0.0,0.0
德州,jma_seamless,2026-02-02,6,2026-02-08,1.6,-2.7,-6.0,-5.6,,19.4,7.2,,0.0,,0.0,0.0
德州,jma_seamless,2026-02-01,7,2026-02-08,4.7,-2.2,-4.4,-6.3,,13.5,11.2,,3.9,,0.0,0.0
德州,jma_seamless,2026-02-08,1,2026-02-09,8.6,-0.3,-2.1,-5.2,,27.8,17.6,,57.0,,0.0,0.0
德州,jma_seamless,2026-02-07,2,2026-02-09,8.7,-0.4,-2.7,-5.3,,34.3,17.4,,54.5,,0.9,0.0
德州,jma_seamless,2026-02-06,3,2026-02-09,9.9,-0.2,-2.1,-5.1,,31.6,17.4,,59.5,,0.3,0.0
德州,jma_seamless,2026-02-05,4,2026-02-09,10.0,0.3,-1.6,-4.5,,24.5,17.4,,60.3,,0.0,0.0
德州,jma_seamless,2026-02-04,5,2026-02-09,10.6,0.2,-1.3,-4.7,,19.1,18.0,,52.6,,0.0,0.0
德州,jma_seamless,2026-02-03,6,2026-02-09,10.3,-2.0,-1.9,-7.1,,21.6,16.0,,41.2,,0.0,0.0
德州,jma_seamless,2026-02-02,7,2026-02-09,9.0,-0.5,-2.2,-5.0,,15.6,15.0,,43.3,,0.0,0.0
德州,jma_seamless,2026-02-09,1,2026-02-10,11.1,0.8,0.2,-2.4,,34.4,10.2,,34.0,,0.0,0.0
德州,jma_seamless,2026-02-08,2,2026-02-10,11.2,-0.2,-0.2,-3.7,,37.9,10.5,,7.3,,0.3,0.0
德州,jma_seamless,2026-02-07,3,2026-02-10,10.8,-1.0,-0.4,-4.5,,48.8,9.8,,18.8,,0.3,0.0
德州,jma_seamless,2026-02-06,4,2026-02-10,10.1,0.3,0.2,-2.7,,46.2,9.2,,19.5,,0.0,0.0
德州,jma_seamless,2026-02-05,5,2026-02-10,12.1,0.9,0.5,-2.9,,35.2,12.8,,7.3,,0.0,0.0
德州,jma_seamless,2026-02-04,6,2026-02-10,12.4,1.9,0.7,-1.6,,29.8,12.6,,17.4,,0.0,0.0
德州,jma_seamless,2026-02-03,7,2026-02-10,11.4,2.6,0.8,-0.4,,21.3,10.9,,40.2,,0.0,0.0
德州,jma_seamless,2026-02-10,1,2026-02-11,11.1,-2.7,-0.8,,,,,,0.0,,0.0,0.0
德州,jma_seamless,2026-02-09,2,2026-02-11,10.5,-2.6,-0.9,,,,,,0.0,,0.0,0.0
德州,jma_seamless,2026-02-08,3,2026-02-11,10.2,-3.0,-1.5,,,,,,0.0,,0.0,0.0
德州,jma_seamless,2026-02-07,4,2026-02-11,10.3,-2.6,-1.0,,,,,,0.0,,0.0,0.0
德州,jma_seamless,2026-02-06,5,2026-02-11,9.5,-2.6,-1.3,,,,,,0.0,,0.0,0.0
德州,jma_seamless,2026-02-05,6,2026-02-11,8.5,-1.9,-1.4,,,,,,0.7,,0.0,0.0
德州,jma_seamless,2026-02-04,7,2026-02-11,8.2,-0.8,-1.4,,,,,,0.0,,0.0,0.0
德州,jma_seamless,2026-02-11,1,2026-02-12,13.9,1.6,2.0,,,,,,2.2,,0.0,0.0
德州,jma_seamless,2026-02-10,2,2026-02-12,14.0,1.1,1.7,,,,,,2.4,,0.0,0.0
德州,jma_seamless,2026-02-09,3,2026-02-12,14.3,1.4,1.7,,,,,,1.5,,0.0,0.0
德州,jma_seamless,2026-02-08,4,2026-02-12,12.7,0.2,1.0,,,,,,14.8,,0.0,0.0
德州,jma_seamless,2026-02-07,5,2026-02-12,14.7,1.4,2.2,,,,,,23.8,,0.0,0.0
德州,jma_seamless,2026-02-06,6,2026-02-12,15.1,2.3,2.6,,,,,,20.8,,0.0,0.0
德州,jma_seamless,2026-02-05,7,2026-02-12,14.4,1.2,2.1,,,,,,36.5,,0.0,0.0
德州,jma_seamless,2026-02-12,1,2026-02-13,16.4,-0.7,3.6,,,,,,21.0,,0.0,0.0
德州,jma_seamless,2026-02-11,2,2026-02-13,16.1,-0.3,3.6,,,,,,12.8,,0.0,0.0
德州,jma_seamless,2026-02-10,3,2026-02-13,15.2,-1.2,2.6,,,,,,9.6,,0.0,0.0
德州,jma_seamless,2026-02-09,4,2026-02-13,15.4,-1.4,2.4,,,,,,19.5,,0.0,0.0
德州,jma_seamless,2026-02-08,5,2026-02-13,15.2,-0.9,2.4,,,,,,25.9,,0.0,0.0
德州,jma_seamless,2026-02-07,6,2026-02-13,15.2,2.0,3.6,,,,,,21.5,,0.0,0.0
德州,jma_seamless,2026-02-06,7,2026-02-13,13.6,1.5,2.2,,,,,,24.2,,0.0,0.0
德州,jma_seamless,2026-02-13,1,2026-02-14,17.4,3.9,5.4,,,,,,0.0,,0.0,0.0
德州,jma_seamless,2026-02-12,2,2026-02-14,17.9,4.2,5.5,,,,,,0.0,,0.0,0.0
德州,jma_seamless,2026-02-11,3,2026-02-14,18.9,3.8,5.7,,,,,,0.0,,0.0,0.0
德州,jma_seamless,2026-02-10,4,2026-02-14,19.9,3.2,5.8,,,,,,0.0,,0.0,0.0
德州,jma_seamless,2026-02-09,5,2026-02-14,19.1,1.2,5.0,,,,,,0.0,,0.0,0.0
德州,jma_seamless,2026-02-08,6,2026-02-14,17.3,2.8,4.8,,,,,,0.8,,0.0,0.0
德州,jma_seamless,2026-02-07,7,2026-02-14,18.0,1.0,2.8,,,,,,8.8,,0.0,0.0
德州,jma_seamless,2026-02-14,1,2026-02-15,6.6,1.3,-2.7,,,,,,44.0,,0.0,0.0
德州,jma_seamless,2026-02-13,2,2026-02-15,6.9,0.9,-2.8,,,,,,52.2,,0.0,0.0
德州,jma_seamless,2026-02-12,3,2026-02-15,7.6,0.4,-2.4,,,,,,45.2,,0.0,0.0
德州,jma_seamless,2026-02-11,4,2026-02-15,7.7,0.4,-2.0,,,,,,38.6,,0.0,0.0
德州,jma_seamless,2026-02-10,5,2026-02-15,7.5,0.0,-2.7,,,,,,35.4,,0.0,0.0
德州,jma_seamless,2026-02-09,6,2026-02-15,8.0,0.6,-1.5,,,,,,21.3,,0.0,0.0
德州,jma_seamless,2026-02-08,7,2026-02-15,8.9,0.1,-1.5,,,,,,24.0,,0.0,0.0
德州,jma_seamless,2026-02-15,1,2026-02-16,6.0,-2.0,-3.4,,,,,,40.3,,0.0,0.0
德州,jma_seamless,2026-02-14,2,2026-02-16,5.6,-2.3,-3.7,,,,,,24.8,,0.0,0.0
德州,jma_seamless,2026-02-13,3,2026-02-16,6.4,-3.3,-3.5,,,,,,17.8,,0.0,0.0
德州,jma_seamless,2026-02-12,4,2026-02-16,6.5,-2.8,-3.1,,,,,,10.1,,0.0,0.0
德州,jma_seamless,2026-02-11,5,2026-02-16,7.8,-3.1,-3.0,,,,,,21.6,,0.0,0.0
德州,jma_seamless,2026-02-10,6,2026-02-16,7.0,-2.1,-2.4,,,,,,39.5,,0.0,0.0
德州,jma_seamless,2026-02-09,7,2026-02-16,8.2,-2.0,-2.3,,,,,,28.8,,0.0,0.0
德州,jma_seamless,2026-02-16,1,2026-02-17,11.1,-2.1,-1.8,,,,,,8.8,,0.0,0.0
德州,jma_seamless,2026-02-15,2,2026-02-17,11.0,-2.7,-1.8,,,,,,21.5,,0.0,0.0
德州,jma_seamless,2026-02-14,3,2026-02-17,10.8,-2.2,-1.9,,,,,,10.0,,0.0,0.0
德州,jma_seamless,2026-02-13,4,2026-02-17,11.6,-0.7,-0.9,,,,,,36.6,,0.0,0.0
德州,jma_seamless,2026-02-12,5,2026-02-17,11.5,-0.4,-1.0,,,,,,54.7,,0.0,0.0
德州,jma_seamless,2026-02-11,6,2026-02-17,13.0,1.0,-0.1,,,,,,38.8,,0.0,0.0
德州,jma_seamless,2026-02-10,7,2026-02-17,11.9,-0.3,-0.4,,,,,,20.0,,0.0,0.0
德州,jma_seamless,2026-02-17,1,2026-02-18,11.9,-0.1,-0.1,,,,,,1.4,,0.0,0.0
德州,jma_seamless,2026-02-16,2,2026-02-18,11.4,-0.9,-0.6,,,,,,0.0,,0.0,0.0
德州,jma_seamless,2026-02-15,3,2026-02-18,10.8,-0.2,-0.7,,,,,,1.0,,0.0,0.0
德州,jma_seamless,2026-02-14,4,2026-02-18,12.5,-1.8,-0.6,,,,,,2.3,,0.0,0.0
德州,jma_seamless,2026-02-13,5,2026-02-18,10.7,-1.6,-0.6,,,,,,0.0,,0.0,0.0
德州,jma_seamless,2026-02-12,6,2026-02-18,13.6,-1.0,0.2,,,,,,0.0,,0.0,0.0
德州,jma_seamless,2026-02-11,7,2026-02-18,10.4,-0.7,-1.0,,,,,,0.0,,0.0,0.0
德州,jma_seamless,2026-02-18,1,2026-02-19,15.1,1.3,2.0,,,,,,7.5,,0.0,0.0
德州,jma_seamless,2026-02-17,2,2026-02-19,15.0,0.2,1.7,,,,,,0.0,,0.0,0.0
德州,jma_seamless,2026-02-16,3,2026-02-19,16.4,0.2,2.0,,,,,,18.3,,0.0,0.0
德州,jma_seamless,2026-02-15,4,2026-02-19,15.4,1.4,1.6,,,,,,26.4,,0.0,0.0
德州,jma_seamless,2026-02-14,5,2026-02-19,15.4,0.9,2.0,,,,,,4.8,,0.0,0.0
德州,jma_seamless,2026-02-13,6,2026-02-19,16.2,2.9,3.1,,,,,,17.0,,0.0,0.0
德州,jma_seamless,2026-02-12,7,2026-02-19,16.7,0.4,2.1,,,,,,13.6,,0.0,0.0
德州,jma_seamless,2026-02-19,1,2026-02-20,19.9,4.2,6.2,,,,,,0.0,,0.0,0.0
德州,jma_seamless,2026-02-18,2,2026-02-20,19.6,4.1,5.9,,,,,,0.0,,0.0,0.0
德州,jma_seamless,2026-02-17,3,2026-02-20,19.5,4.3,6.1,,,,,,0.0,,0.0,0.0
德州,jma_seamless,2026-02-16,4,2026-02-20,20.1,2.4,5.9,,,,,,0.0,,0.0,0.0
德州,jma_seamless,2026-02-15,5,2026-02-20,19.1,2.4,5.6,,,,,,0.2,,0.0,0.0
德州,jma_seamless,2026-02-14,6,2026-02-20,19.3,3.2,6.2,,,,,,0.0,,0.0,0.0
德州,jma_seamless,2026-02-13,7,2026-02-20,17.2,4.3,5.7,,,,,,1.7,,0.0,0.0
德州,jma_seamless,2026-02-20,1,2026-02-21,25.0,8.5,9.3,,,,,,17.2,,0.0,0.0
德州,jma_seamless,2026-02-19,2,2026-02-21,24.9,7.9,9.0,,,,,,12.2,,0.0,0.0
德州,jma_seamless,2026-02-18,3,2026-02-21,24.0,8.8,8.8,,,,,,9.5,,0.0,0.0
德州,jma_seamless,2026-02-17,4,2026-02-21,24.2,8.5,9.3,,,,,,20.0,,0.0,0.0
德州,jma_seamless,2026-02-16,5,2026-02-21,22.2,7.9,8.5,,,,,,6.3,,0.0,0.0
德州,jma_seamless,2026-02-15,6,2026-02-21,18.9,12.0,8.2,,,,,,9.3,,0.0,0.0
德州,jma_seamless,2026-02-14,7,2026-02-21,17.8,8.0,8.2,,,,,,8.9,,0.0,0.0
德州,jma_seamless,2026-02-21,1,2026-02-22,12.4,4.4,2.8,,,,,,6.0,,0.0,0.0
德州,jma_seamless,2026-02-20,2,2026-02-22,12.2,2.5,1.0,,,,,,0.0,,0.0,0.0
德州,jma_seamless,2026-02-19,3,2026-02-22,12.4,2.0,0.5,,,,,,0.0,,0.0,0.0
德州,jma_seamless,2026-02-18,4,2026-02-22,13.1,3.8,2.2,,,,,,4.9,,0.0,0.0
德州,jma_seamless,2026-02-17,5,2026-02-22,12.7,4.2,3.3,,,,,,0.2,,0.0,0.0
德州,jma_seamless,2026-02-16,6,2026-02-22,10.4,0.5,-2.1,,,,,,8.8,,0.0,0.0
德州,jma_seamless,2026-02-15,7,2026-02-22,22.0,-2.5,4.8,,,,,,3.0,,0.0,0.0
德州,jma_seamless,2026-02-22,1,2026-02-23,10.9,1.2,1.0,,,,,,60.9,,0.0,0.0
德州,jma_seamless,2026-02-21,2,2026-02-23,11.8,0.6,0.8,,,,,,65.4,,0.0,0.0
德州,jma_seamless,2026-02-20,3,2026-02-23,9.1,0.6,-0.5,,,,,,70.1,,0.0,0.0
德州,jma_seamless,2026-02-19,4,2026-02-23,7.1,1.5,-0.4,,,,,,79.5,,0.6,0.0
德州,jma_seamless,2026-02-18,5,2026-02-23,6.3,3.8,0.3,,,,,,65.8,,0.0,0.0
德州,jma_seamless,2026-02-17,6,2026-02-23,10.5,-0.3,0.7,,,,,,78.6,,0.0,0.0
德州,jma_seamless,2026-02-16,7,2026-02-23,9.2,-3.2,-3.7,,,,,,30.1,,0.0,0.0
德州,jma_seamless,2026-02-23,1,2026-02-24,12.5,3.3,4.2,,,,,,17.7,,0.0,0.0
德州,jma_seamless,2026-02-22,2,2026-02-24,13.7,3.5,4.3,,,,,,22.8,,0.0,0.0
德州,jma_seamless,2026-02-21,3,2026-02-24,13.7,3.0,4.2,,,,,,1.5,,0.0,0.0
德州,jma_seamless,2026-02-20,4,2026-02-24,12.3,2.4,3.0,,,,,,2.0,,0.0,0.0
德州,jma_seamless,2026-02-19,5,2026-02-24,10.4,1.7,2.2,,,,,,2.6,,0.0,0.0
德州,jma_seamless,2026-02-18,6,2026-02-24,10.5,2.2,3.8,,,,,,22.8,,0.0,0.0
德州,jma_seamless,2026-02-17,7,2026-02-24,8.6,-2.9,0.5,,,,,,63.0,,0.6,0.2
德州,jma_seamless,2026-02-24,1,2026-02-25,14.0,4.3,4.6,1.1,,57.1,13.8,,16.6,,0.6,0.0
德州,jma_seamless,2026-02-23,2,2026-02-25,13.6,3.9,4.5,1.0,,57.6,11.8,,14.5,,0.0,0.0
德州,jma_seamless,2026-02-22,3,2026-02-25,13.1,4.2,4.8,1.4,,59.5,11.3,,13.9,,0.0,0.0
德州,jma_seamless,2026-02-21,4,2026-02-25,14.5,3.9,4.8,1.1,,54.7,11.0,,1.3,,0.0,0.0
德州,jma_seamless,2026-02-20,5,2026-02-25,13.3,3.3,4.1,1.1,,56.7,8.3,,2.1,,0.0,0.0
德州,jma_seamless,2026-02-19,6,2026-02-25,12.4,5.0,4.9,2.6,,58.8,10.2,,66.8,,0.0,0.0
德州,jma_seamless,2026-02-18,7,2026-02-25,13.3,5.6,6.0,3.3,,61.8,10.6,,53.3,,0.0,0.0
德州,jma_seamless,2026-02-25,1,2026-02-26,11.4,3.2,4.4,0.6,,74.1,9.6,,76.7,,2.4,0.0
德州,jma_seamless,2026-02-24,2,2026-02-26,13.8,3.2,5.2,0.4,,62.8,10.6,,86.8,,0.0,0.0
德州,jma_seamless,2026-02-23,3,2026-02-26,12.0,3.6,4.3,0.9,,64.5,10.4,,82.5,,0.0,0.0
德州,jma_seamless,2026-02-22,4,2026-02-26,13.6,4.5,4.4,2.0,,65.8,10.4,,60.0,,0.0,0.0
德州,jma_seamless,2026-02-21,5,2026-02-26,13.5,5.1,5.4,3.1,,60.9,8.4,,82.9,,0.0,0.0
德州,jma_seamless,2026-02-20,6,2026-02-26,12.9,4.4,4.8,1.8,,65.7,10.5,,71.8,,1.8,0.0
德州,jma_seamless,2026-02-19,7,2026-02-26,14.4,2.7,4.1,-0.3,,68.6,11.0,,11.6,,0.0,0.0
德州,jma_seamless,2026-02-26,1,2026-02-27,9.1,1.4,1.3,-1.0,,55.7,7.8,,47.3,,0.0,0.0
德州,jma_seamless,2026-02-25,2,2026-02-27,10.1,1.8,1.9,-0.6,,54.8,7.9,,47.3,,0.0,0.0
德州,jma_seamless,2026-02-24,3,2026-02-27,10.0,2.2,1.7,-0.5,,52.4,9.4,,47.2,,0.0,0.0
德州,jma_seamless,2026-02-23,4,2026-02-27,10.0,1.6,1.0,-1.5,,44.5,10.4,,11.5,,0.0,0.0
德州,jma_seamless,2026-02-22,5,2026-02-27,10.5,3.9,2.6,1.0,,49.2,11.4,,43.0,,0.0,0.0
德州,jma_seamless,2026-02-21,6,2026-02-27,8.8,4.1,2.3,1.3,,61.9,11.1,,57.6,,0.6,0.0
德州,jma_seamless,2026-02-20,7,2026-02-27,10.8,4.7,3.4,2.0,,66.7,11.4,,70.0,,0.0,0.0
德州,jma_seamless,2026-02-27,1,2026-02-28,9.2,1.0,0.4,-2.6,,53.8,12.0,,67.4,,0.0,0.0
德州,jma_seamless,2026-02-26,2,2026-02-28,9.2,1.8,0.8,-1.7,,50.0,12.3,,72.5,,0.0,0.0
德州,jma_seamless,2026-02-25,3,2026-02-28,11.3,2.7,2.7,0.2,,53.1,9.0,,66.4,,0.0,0.0
德州,jma_seamless,2026-02-24,4,2026-02-28,11.1,1.4,2.4,-1.2,,47.3,8.4,,73.7,,0.6,0.0
德州,jma_seamless,2026-02-23,5,2026-02-28,10.7,1.0,2.1,-1.1,,48.7,6.6,,71.6,,0.0,0.0
德州,jma_seamless,2026-02-22,6,2026-02-28,11.7,1.1,1.4,-1.6,,58.8,8.4,,75.2,,3.9,0.0
德州,jma_seamless,2026-02-21,7,2026-02-28,12.4,1.0,2.8,-1.5,,51.5,7.9,,53.7,,0.3,0.0
德州,jma_seamless,2026-02-28,1,2026-03-01,6.6,0.9,-0.5,-2.4,,77.2,10.6,,81.6,,9.0,0.0
德州,jma_seamless,2026-02-27,2,2026-03-01,9.2,0.1,0.2,-3.5,,69.1,11.2,,96.0,,10.2,0.0
德州,jma_seamless,2026-02-26,3,2026-03-01,9.2,1.9,1.1,-1.3,,63.9,10.9,,96.6,,4.2,0.0
德州,jma_seamless,2026-02-25,4,2026-03-01,9.9,4.9,3.4,2.4,,64.6,10.5,,95.5,,4.5,0.0
德州,jma_seamless,2026-02-24,5,2026-03-01,9.4,3.5,2.7,0.9,,70.5,9.7,,94.3,,8.7,0.0
德州,jma_seamless,2026-02-23,6,2026-03-01,12.6,3.6,3.9,1.0,,71.3,9.8,,84.4,,3.0,0.0
德州,jma_seamless,2026-02-22,7,2026-03-01,8.5,3.1,2.4,0.4,,70.6,9.8,,84.8,,7.5,0.0
德州,jma_seamless,2026-03-01,1,2026-03-02,4.6,0.0,-1.7,-3.1,,77.0,9.3,,53.2,,5.4,0.0
德州,jma_seamless,2026-02-28,2,2026-03-02,6.8,-0.1,-0.7,-3.5,,77.9,10.3,,54.1,,7.8,1.3
德州,jma_seamless,2026-02-27,3,2026-03-02,7.1,-0.2,-1.0,-3.6,,76.4,10.0,,53.0,,7.8,1.5
德州,jma_seamless,2026-02-26,4,2026-03-02,9.4,2.1,1.5,-1.2,,75.0,11.7,,53.9,,5.7,0.0
德州,jma_seamless,2026-02-25,5,2026-03-02,8.0,2.2,1.7,-1.0,,80.8,11.3,,68.9,,5.1,0.0
德州,jma_seamless,2026-02-24,6,2026-03-02,8.1,2.6,2.0,0.5,,78.6,7.5,,65.6,,1.5,0.0
德州,jma_seamless,2026-02-23,7,2026-03-02,8.5,3.8,3.4,1.7,,81.2,8.0,,67.7,,7.8,0.0
德州,jma_seamless,2026-03-02,1,2026-03-03,7.7,-2.9,-1.0,,,69.2,2.9,,11.8,,0.0,0.0
德州,jma_seamless,2026-03-01,2,2026-03-03,9.7,-1.0,1.4,,,75.1,3.9,,23.6,,0.0,0.0
德州,jma_seamless,2026-02-28,3,2026-03-03,10.6,-0.9,1.6,,,72.0,4.7,,21.5,,0.0,0.0
德州,jma_seamless,2026-02-27,4,2026-03-03,11.3,-0.5,1.9,-2.2,,68.9,5.0,,8.2,,0.0,0.0
德州,jma_seamless,2026-02-26,5,2026-03-03,11.0,1.8,3.6,0.4,,72.6,5.1,,28.4,,0.0,0.0
德州,jma_seamless,2026-02-25,6,2026-03-03,11.0,0.7,3.5,,,74.6,4.8,,12.9,,0.0,0.0
德州,jma_seamless,2026-02-24,7,2026-03-03,14.8,1.7,5.0,0.2,,70.8,5.4,,26.7,,0.0,0.0
德州,jma_seamless,2026-03-03,1,2026-03-04,10.8,0.8,2.5,-1.0,,69.5,5.8,,63.7,,0.3,0.0
德州,jma_seamless,2026-03-02,2,2026-03-04,9.9,3.1,1.6,0.1,,47.8,11.3,,82.2,,0.0,0.0
德州,jma_seamless,2026-03-01,3,2026-03-04,9.5,2.1,1.9,-1.0,,60.2,10.7,,61.9,,0.0,0.0
德州,jma_seamless,2026-02-28,4,2026-03-04,9.7,2.7,2.3,-0.3,,63.1,11.0,,81.5,,0.0,0.0
德州,jma_seamless,2026-02-27,5,2026-03-04,6.9,2.3,0.1,-1.1,,54.5,12.2,,75.2,,1.5,0.0
德州,jma_seamless,2026-02-26,6,2026-03-04,8.1,4.3,2.2,1.2,,59.9,13.1,,80.8,,0.6,0.0
德州,jma_seamless,2026-02-25,7,2026-03-04,11.2,3.4,4.0,0.7,,58.2,10.0,,47.0,,0.0,0.0
德州,jma_seamless,2026-03-04,1,2026-03-05,8.2,2.2,2.2,-0.1,,73.7,7.7,,46.8,,2.1,0.0
德州,jma_seamless,2026-03-03,2,2026-03-05,8.7,1.4,1.4,-1.2,,65.9,8.5,,48.0,,1.2,0.0
德州,jma_seamless,2026-03-02,3,2026-03-05,7.4,0.4,0.3,-2.1,,64.2,7.4,,45.7,,1.2,0.0
德州,jma_seamless,2026-03-01,4,2026-03-05,7.8,2.9,2.7,,,72.2,4.8,,44.0,,2.4,0.0
德州,jma_seamless,2026-02-28,5,2026-03-05,6.7,0.4,0.2,-2.0,,70.5,7.2,,49.1,,6.3,0.0
德州,jma_seamless,2026-02-27,6,2026-03-05,6.4,1.5,0.4,-1.1,,68.6,8.4,,68.1,,3.0,0.0
德州,jma_seamless,2026-02-26,7,2026-03-05,9.6,1.5,1.9,-1.2,,55.5,8.8,,83.3,,0.0,0.0
德州,jma_seamless,2026-03-05,1,2026-03-06,7.5,-0.4,-0.6,-2.2,,54.5,5.4,,25.1,,0.0,0.0
德州,jma_seamless,2026-03-04,2,2026-03-06,7.6,-0.4,-0.7,-2.7,,52.6,6.5,,10.5,,0.0,0.0
德州,jma_seamless,2026-03-03,3,2026-03-06,7.7,-0.5,-0.8,-2.9,,59.2,6.9,,0.8,,0.0,0.0
德州,jma_seamless,2026-03-02,4,2026-03-06,7.1,-1.4,-1.2,-3.9,,62.7,6.7,,22.0,,0.0,0.0
德州,jma_seamless,2026-03-01,5,2026-03-06,9.9,1.1,0.6,-1.4,,49.2,7.9,,8.9,,0.0,0.0
德州,jma_seamless,2026-02-28,6,2026-03-06,9.0,-1.4,0.2,-3.9,,63.0,6.6,,10.5,,0.0,0.0
德州,jma_seamless,2026-02-27,7,2026-03-06,7.1,0.6,-0.1,-1.8,,59.2,7.2,,53.5,,0.0,0.0
德州,jma_seamless,2026-03-06,1,2026-03-07,10.0,-0.6,-0.1,-3.4,,33.2,7.9,,2.5,,0.0,0.0
德州,jma_seamless,2026-03-05,2,2026-03-07,10.9,-0.1,0.3,-3.1,,31.4,8.7,,4.7,,0.0,0.0
德州,jma_seamless,2026-03-04,3,2026-03-07,11.3,-0.5,0.4,-3.7,,32.5,9.1,,4.1,,0.0,0.0
德州,jma_seamless,2026-03-03,4,2026-03-07,10.8,-1.0,0.2,-4.1,,35.8,8.6,,15.7,,0.0,0.0
德州,jma_seamless,2026-03-02,5,2026-03-07,9.3,-0.4,0.3,-3.1,,41.6,7.8,,29.3,,0.0,0.0
德州,jma_seamless,2026-03-01,6,2026-03-07,10.5,1.1,1.4,-1.9,,44.2,9.5,,51.0,,0.0,0.0
德州,jma_seamless,2026-02-28,7,2026-03-07,14.2,1.8,3.1,-1.0,,40.2,9.4,,57.4,,0.0,0.0
德州,jma_seamless,2026-03-07,1,2026-03-08,13.8,4.2,4.2,1.7,,36.1,10.0,,43.2,,0.0,0.0
德州,jma_seamless,2026-03-06,2,2026-03-08,14.6,4.7,4.7,2.5,,34.6,9.3,,20.6,,0.0,0.0
德州,jma_seamless,2026-03-05,3,2026-03-08,15.5,5.0,5.3,3.2,,40.2,7.7,,12.4,,0.0,0.0
德州,jma_seamless,2026-03-04,4,2026-03-08,15.3,5.8,5.4,3.7,,28.8,9.8,,14.8,,0.0,0.0
德州,jma_seamless,2026-03-03,5,2026-03-08,15.6,5.1,5.4,2.8,,31.4,9.7,,32.5,,0.0,0.0
德州,jma_seamless,2026-03-02,6,2026-03-08,14.1,5.3,4.9,3.4,,35.5,8.2,,47.1,,0.0,0.0
德州,jma_seamless,2026-03-01,7,2026-03-08,16.3,5.7,7.5,4.5,,46.2,6.0,,14.2,,0.0,0.0
德州,jma_seamless,2026-03-08,1,2026-03-09,11.3,2.6,2.5,0.9,,29.4,6.2,,0.7,,0.0,0.0
德州,jma_seamless,2026-03-07,2,2026-03-09,11.0,3.8,2.5,1.6,,22.9,8.5,,5.6,,0.0,0.0
德州,jma_seamless,2026-03-06,3,2026-03-09,11.0,4.1,2.7,2.2,,30.4,7.7,,0.1,,0.0,0.0
德州,jma_seamless,2026-03-05,4,2026-03-09,11.8,4.5,3.0,2.4,,27.4,8.6,,0.2,,0.0,0.0
德州,jma_seamless,2026-03-04,5,2026-03-09,12.0,4.2,3.3,2.2,,31.2,8.0,,2.8,,0.0,0.0
德州,jma_seamless,2026-03-03,6,2026-03-09,13.6,5.5,4.0,3.2,,33.0,10.3,,27.6,,0.0,0.0
德州,jma_seamless,2026-03-02,7,2026-03-09,15.1,5.0,5.8,3.1,,42.2,8.2,,40.2,,0.0,0.0
德州,jma_seamless,2026-03-09,1,2026-03-10,17.2,5.1,6.6,2.3,,40.4,12.3,,31.4,,0.0,0.0
德州,jma_seamless,2026-03-08,2,2026-03-10,15.1,5.0,5.1,2.4,,37.3,11.0,,30.2,,0.0,0.0
德州,jma_seamless,2026-03-07,3,2026-03-10,16.0,3.8,4.4,0.9,,32.0,11.3,,17.2,,0.0,0.0
德州,jma_seamless,2026-03-06,4,2026-03-10,16.4,4.4,5.2,1.6,,33.0,11.5,,21.2,,0.0,0.0
德州,jma_seamless,2026-03-05,5,2026-03-10,16.4,3.6,4.7,0.7,,35.0,11.5,,30.4,,0.0,0.0
德州,jma_seamless,2026-03-04,6,2026-03-10,16.3,2.5,4.5,-0.5,,29.0,10.9,,25.5,,0.3,0.0
德州,jma_seamless,2026-03-03,7,2026-03-10,16.3,2.3,5.2,-0.4,,34.8,9.5,,40.6,,0.0,0.0
德州,ecmwf_ifs025,2026-03-10,1,2026-03-11,13.5,2.9,3.8,-0.4,,66.4,12.5,,0.0,17.18,0.0,
德州,ecmwf_ifs025,2026-03-09,2,2026-03-11,13.1,2.3,3.3,-1.0,,64.4,12.1,,0.0,17.26,0.0,
德州,ecmwf_ifs025,2026-03-08,3,2026-03-11,13.4,2.5,4.1,-0.4,,69.1,10.1,,1.5,17.14,0.0,
德州,ecmwf_ifs025,2026-03-07,4,2026-03-11,13.8,2.1,3.6,-1.1,,63.9,11.4,,8.0,16.43,0.0,
德州,ecmwf_ifs025,2026-03-06,5,2026-03-11,14.6,3.0,4.6,-0.0,,67.0,11.2,,3.3,16.7,0.0,
德州,ecmwf_ifs025,2026-03-05,6,2026-03-11,14.7,4.1,4.9,1.2,,72.1,11.7,,6.8,15.44,0.0,
德州,ecmwf_ifs025,2026-03-04,7,2026-03-11,15.0,4.6,7.4,3.3,,74.8,6.0,,40.5,15.07,0.3,
德州,gfs_seamless,2026-03-10,1,2026-03-11,13.5,4.9,5.2,1.3,,64.4,16.9,37.8,0.2,20.17,0.4,
德州,gfs_seamless,2026-03-09,2,2026-03-11,12.8,4.5,4.8,1.0,,64.0,16.0,35.6,0.2,20.06,0.8,
德州,gfs_seamless,2026-03-08,3,2026-03-11,13.1,5.7,5.5,2.7,,68.8,14.4,38.5,11.8,19.93,0.2,
德州,gfs_seamless,2026-03-07,4,2026-03-11,13.5,4.8,5.3,1.5,,67.5,15.0,41.4,15.7,19.97,1.2,
德州,gfs_seamless,2026-03-06,5,2026-03-11,13.4,4.7,4.7,1.2,,67.6,16.5,38.2,36.5,17.59,0.3,
德州,gfs_seamless,2026-03-05,6,2026-03-11,15.5,4.9,6.6,2.0,,59.0,12.9,48.6,48.8,19.22,0.8,
德州,gfs_seamless,2026-03-04,7,2026-03-11,13.3,5.0,5.5,1.4,,64.1,17.3,41.8,69.7,18.32,0.5,
德州,jma_seamless,2026-03-10,1,2026-03-11,15.0,5.5,5.6,3.3,,56.3,10.0,,4.1,,0.0,0.0
德州,jma_seamless,2026-03-09,2,2026-03-11,15.4,5.4,4.9,3.0,,51.5,10.9,,4.0,,0.0,0.0
德州,jma_seamless,2026-03-08,3,2026-03-11,15.9,3.7,4.7,1.3,,46.8,9.2,,4.2,,0.0,0.0
德州,jma_seamless,2026-03-07,4,2026-03-11,15.7,5.1,5.1,2.9,,43.0,9.3,,0.1,,0.0,0.0
德州,jma_seamless,2026-03-06,5,2026-03-11,15.3,5.6,5.5,3.1,,52.4,11.6,,1.4,,0.0,0.0
德州,jma_seamless,2026-03-05,6,2026-03-11,18.3,5.2,7.1,3.3,,45.3,8.3,,14.5,,0.3,0.0
德州,jma_seamless,2026-03-04,7,2026-03-11,12.7,6.1,7.0,4.0,,52.5,9.8,,42.8,,0.0,0.0
德州,ecmwf_ifs025,2026-03-11,1,2026-03-12,13.6,0.2,2.8,-2.5,,64.2,8.0,,26.4,17.14,0.0,
德州,ecmwf_ifs025,2026-03-10,2,2026-03-12,13.2,-0.4,2.2,-3.3,,62.2,8.4,,4.6,17.31,0.0,
德州,ecmwf_ifs025,2026-03-09,3,2026-03-12,12.5,-0.8,2.1,-3.4,,65.3,7.1,,32.5,17.29,0.0,
德州,ecmwf_ifs025,2026-03-08,4,2026-03-12,13.1,-1.1,2.4,-3.4,,62.1,6.3,,21.1,17.37,0.0,
德州,ecmwf_ifs025,2026-03-07,5,2026-03-12,13.4,-0.7,2.0,-3.6,,58.9,8.2,,40.5,17.23,0.0,
德州,ecmwf_ifs025,2026-03-06,6,2026-03-12,14.6,1.5,4.4,-0.5,,73.5,6.5,,29.9,15.19,0.0,
德州,ecmwf_ifs025,2026-03-05,7,2026-03-12,14.5,1.9,6.1,0.1,,73.0,6.1,,48.6,14.94,0.0,
德州,gfs_seamless,2026-03-11,1,2026-03-12,13.7,2.7,4.0,-0.3,,52.5,11.1,27.4,1.7,20.68,0.0,
德州,gfs_seamless,2026-03-10,2,2026-03-12,13.7,2.0,3.9,-1.1,,55.2,10.6,23.0,5.7,20.66,0.0,
德州,gfs_seamless,2026-03-09,3,2026-03-12,13.0,2.8,3.9,0.1,,51.3,9.8,18.7,0.8,20.75,0.0,
德州,gfs_seamless,2026-03-08,4,2026-03-12,14.0,2.8,4.7,0.0,,51.9,10.0,23.4,17.8,20.7,0.0,
德州,gfs_seamless,2026-03-07,5,2026-03-12,15.4,2.8,4.1,-0.5,,44.0,12.5,27.7,18.9,20.79,0.0,
德州,gfs_seamless,2026-03-06,6,2026-03-12,16.2,3.0,4.7,0.2,,45.8,10.5,24.5,15.4,20.48,0.0,
德州,gfs_seamless,2026-03-05,7,2026-03-12,18.2,4.2,7.6,0.9,,63.5,13.9,40.7,15.9,19.81,0.2,
德州,jma_seamless,2026-03-11,1,2026-03-12,13.3,3.9,4.2,1.9,,46.9,7.9,,22.7,,0.0,0.0
德州,jma_seamless,2026-03-10,2,2026-03-12,13.3,4.2,4.5,2.4,,47.6,7.2,,40.9,,0.0,0.0
德州,jma_seamless,2026-03-09,3,2026-03-12,13.9,2.3,4.2,0.5,,53.3,6.4,,22.8,,0.0,0.0
德州,jma_seamless,2026-03-08,4,2026-03-12,14.7,1.7,4.0,-0.1,,49.7,6.1,,8.5,,0.0,0.0
德州,jma_seamless,2026-03-07,5,2026-03-12,14.3,1.7,3.9,-0.3,,56.0,6.7,,16.8,,0.0,0.0
德州,jma_seamless,2026-03-06,6,2026-03-12,13.3,3.3,5.4,1.3,,58.4,7.6,,48.0,,0.0,0.0
德州,jma_seamless,2026-03-05,7,2026-03-12,19.5,3.9,6.2,1.3,,52.0,10.1,,34.9,,0.0,0.0
德州,ecmwf_ifs025,2026-03-12,1,2026-03-13,15.6,3.1,5.8,-0.2,,58.0,12.6,,70.9,11.2,0.9,
德州,ecmwf_ifs025,2026-03-11,2,2026-03-13,16.5,1.6,5.3,-2.1,,56.6,13.1,,53.1,13.78,0.0,
德州,ecmwf_ifs025,2026-03-10,3,2026-03-13,15.0,0.8,3.8,-3.2,,53.3,14.0,,89.5,12.4,0.0,
德州,ecmwf_ifs025,2026-03-09,4,2026-03-13,12.0,2.4,4.1,-0.8,,67.6,11.7,,96.2,7.72,2.4,
德州,ecmwf_ifs025,2026-03-08,5,2026-03-13,13.6,1.8,4.8,-1.9,,58.7,13.3,,77.3,10.39,0.0,
德州,ecmwf_ifs025,2026-03-07,6,2026-03-13,14.1,4.1,5.0,1.0,,66.8,12.7,,69.5,12.6,0.6,
德州,ecmwf_ifs025,2026-03-06,7,2026-03-13,16.0,4.3,6.3,1.2,,63.0,13.0,,98.4,12.03,1.2,
德州,gfs_seamless,2026-03-12,1,2026-03-13,16.8,4.3,6.2,0.7,,49.5,16.0,46.8,64.9,17.52,0.0,
德州,gfs_seamless,2026-03-11,2,2026-03-13,17.0,4.4,6.4,0.7,,44.9,17.2,49.0,61.0,19.73,0.0,
德州,gfs_seamless,2026-03-10,3,2026-03-13,16.6,4.5,5.9,0.6,,45.3,18.9,50.0,67.4,17.83,0.0,
德州,gfs_seamless,2026-03-09,4,2026-03-13,16.4,5.5,6.3,2.0,,47.4,17.8,53.3,94.6,17.6,0.0,
德州,gfs_seamless,2026-03-08,5,2026-03-13,16.3,6.7,5.8,3.3,,50.0,19.6,60.1,92.2,13.45,0.0,
德州,gfs_seamless,2026-03-07,6,2026-03-13,16.2,6.8,6.5,3.6,,55.8,17.8,58.0,62.8,17.88,0.0,
德州,gfs_seamless,2026-03-06,7,2026-03-13,18.7,6.6,6.7,2.9,,43.8,21.7,59.0,42.8,19.61,0.0,
德州,jma_seamless,2026-03-12,1,2026-03-13,17.5,4.9,7.1,2.5,,41.1,10.0,,49.8,,0.6,0.0
德州,jma_seamless,2026-03-11,2,2026-03-13,17.6,4.7,6.9,2.2,,39.2,10.5,,41.6,,0.6,0.0
德州,jma_seamless,2026-03-10,3,2026-03-13,17.2,5.2,7.0,2.8,,41.2,10.5,,58.3,,0.9,0.0
德州,jma_seamless,2026-03-09,4,2026-03-13,18.3,5.5,7.8,3.1,,43.6,10.8,,58.4,,1.2,0.0
德州,jma_seamless,2026-03-08,5,2026-03-13,17.9,5.2,7.1,2.8,,39.0,10.7,,57.2,,0.3,0.0
德州,jma_seamless,2026-03-07,6,2026-03-13,17.2,7.7,7.7,5.4,,46.1,12.8,,73.4,,1.5,0.0
德州,jma_seamless,2026-03-06,7,2026-03-13,14.5,5.7,6.9,3.6,,50.9,9.3,,71.2,,0.3,0.0
德州,ecmwf_ifs025,2026-03-13,1,2026-03-14,8.4,1.9,2.0,-1.7,,85.9,13.2,,100.0,3.98,7.2,
德州,ecmwf_ifs025,2026-03-12,2,2026-03-14,8.7,1.0,0.6,-3.2,,93.7,15.0,,100.0,2.16,8.4,
德州,ecmwf_ifs025,2026-03-11,3,2026-03-14,9.1,1.0,0.7,-3.0,,93.0,14.0,,100.0,1.59,9.3,
德州,ecmwf_ifs025,2026-03-10,4,2026-03-14,7.1,1.1,0.9,-2.8,,93.2,13.7,,100.0,2.66,12.6,
德州,ecmwf_ifs025,2026-03-09,5,2026-03-14,9.2,1.0,0.3,-3.0,,84.9,14.0,,99.9,2.98,9.3,
德州,ecmwf_ifs025,2026-03-08,6,2026-03-14,8.5,-0.2,0.8,-4.4,,93.1,13.5,,79.2,1.9,14.1,
德州,ecmwf_ifs025,2026-03-07,7,2026-03-14,8.9,1.7,4.7,-0.6,,92.0,7.6,,95.8,2.53,12.0,
德州,gfs_seamless,2026-03-13,1,2026-03-14,9.5,3.1,1.9,-0.8,,84.1,16.3,43.9,100.0,0.95,8.1,
德州,gfs_seamless,2026-03-12,2,2026-03-14,10.8,1.8,0.7,-2.6,,79.6,17.6,45.4,100.0,1.45,5.6,
德州,gfs_seamless,2026-03-11,3,2026-03-14,11.8,2.3,2.2,-2.1,,64.6,18.3,39.2,100.0,7.27,2.4,
德州,gfs_seamless,2026-03-10,4,2026-03-14,11.5,4.0,3.9,0.7,,71.7,14.0,39.2,100.0,3.75,8.2,
德州,gfs_seamless,2026-03-09,5,2026-03-14,9.8,2.9,1.9,-1.1,,77.6,16.5,44.6,100.0,3.09,3.2,
德州,gfs_seamless,2026-03-08,6,2026-03-14,9.2,4.6,2.0,1.3,,48.2,14.8,50.8,100.0,5.64,0.2,
德州,gfs_seamless,2026-03-07,7,2026-03-14,12.1,3.8,4.1,0.7,,60.6,12.3,33.1,100.0,4.4,1.7,
德州,jma_seamless,2026-03-13,1,2026-03-14,10.2,5.1,4.6,2.5,,64.8,11.4,,79.6,,6.0,0.0
德州,jma_seamless,2026-03-12,2,2026-03-14,10.3,5.0,3.6,2.3,,65.0,11.8,,81.9,,7.2,0.0
德州,jma_seamless,2026-03-11,3,2026-03-14,9.5,4.6,2.9,1.8,,62.7,11.6,,83.9,,5.1,0.0
德州,jma_seamless,2026-03-10,4,2026-03-14,10.4,4.3,3.7,1.5,,56.0,11.6,,83.4,,4.8,0.0
德州,jma_seamless,2026-03-09,5,2026-03-14,10.4,4.8,3.7,2.2,,60.2,10.8,,83.3,,5.1,0.0
德州,jma_seamless,2026-03-08,6,2026-03-14,9.2,4.2,3.6,1.7,,69.0,10.0,,90.2,,8.1,0.0
德州,jma_seamless,2026-03-07,7,2026-03-14,12.1,4.8,5.6,2.5,,52.3,9.7,,88.6,,0.9,0.0
德州,ecmwf_ifs025,2026-03-14,1,2026-03-15,11.4,-1.0,1.9,,,56.0,4.4,,53.4,17.85,0.0,
德州,ecmwf_ifs025,2026-03-13,2,2026-03-15,12.2,1.1,2.3,-0.6,,50.0,5.5,,63.2,17.95,0.0,
德州,ecmwf_ifs025,2026-03-12,3,2026-03-15,10.4,0.8,1.4,-0.9,,51.5,5.5,,62.4,17.16,0.0,
德州,ecmwf_ifs025,2026-03-11,4,2026-03-15,9.7,0.9,1.5,,,58.3,4.2,,68.9,17.37,0.0,
德州,ecmwf_ifs025,2026-03-10,5,2026-03-15,10.5,-1.0,1.1,,,49.8,4.1,,69.2,17.33,0.0,
德州,ecmwf_ifs025,2026-03-09,6,2026-03-15,10.0,-1.9,-0.2,-3.7,,56.2,4.9,,67.1,14.74,0.0,
德州,ecmwf_ifs025,2026-03-08,7,2026-03-15,9.7,-0.7,1.0,,,74.8,3.7,,38.5,14.84,0.0,
德州,gfs_seamless,2026-03-14,1,2026-03-15,11.2,1.0,2.6,-1.1,,38.3,6.6,11.5,67.8,20.34,0.0,
德州,gfs_seamless,2026-03-13,2,2026-03-15,11.8,2.1,2.8,-0.1,,38.5,7.4,19.1,85.8,19.97,0.0,
德州,gfs_seamless,2026-03-12,3,2026-03-15,10.1,1.1,1.0,-1.8,,39.2,9.3,24.5,80.8,17.0,0.0,
德州,gfs_seamless,2026-03-11,4,2026-03-15,10.9,1.0,1.8,-1.7,,37.0,8.5,17.6,78.9,20.44,0.0,
德州,gfs_seamless,2026-03-10,5,2026-03-15,10.7,3.0,2.3,0.9,,43.0,7.6,20.9,66.2,16.38,0.0,
德州,gfs_seamless,2026-03-09,6,2026-03-15,11.3,2.3,3.0,-0.0,,39.8,8.0,18.0,69.2,20.01,0.0,
德州,gfs_seamless,2026-03-08,7,2026-03-15,10.8,3.0,2.9,1.3,,39.6,6.3,14.4,74.9,16.16,0.0,
德州,jma_seamless,2026-03-14,1,2026-03-15,11.6,1.6,2.2,,,26.5,3.5,,43.0,,0.0,0.0
德州,jma_seamless,2026-03-13,2,2026-03-15,12.6,3.2,2.9,,,19.5,3.6,,29.2,,0.0,0.0
德州,jma_seamless,2026-03-12,3,2026-03-15,11.6,2.9,2.2,1.2,,19.9,6.4,,51.2,,0.0,0.0
德州,jma_seamless,2026-03-11,4,2026-03-15,11.2,2.6,2.0,0.7,,21.8,6.7,,51.8,,0.0,0.0
德州,jma_seamless,2026-03-10,5,2026-03-15,10.3,1.2,1.3,,,18.7,3.7,,59.5,,0.0,0.0
德州,jma_seamless,2026-03-09,6,2026-03-15,11.1,1.0,1.6,,,23.6,3.8,,31.8,,0.0,0.0
德州,jma_seamless,2026-03-08,7,2026-03-15,9.1,1.3,1.1,-0.5,,29.4,5.8,,52.7,,0.0,0.0
德州,ecmwf_ifs025,2026-03-15,1,2026-03-16,14.4,1.9,4.4,-0.3,,51.5,7.4,,29.5,17.83,0.0,
德州,ecmwf_ifs025,2026-03-14,2,2026-03-16,15.0,0.9,4.3,-1.5,,50.6,7.5,,40.0,17.81,0.0,
德州,ecmwf_ifs025,2026-03-13,3,2026-03-16,13.4,-0.6,3.4,-3.8,,52.9,9.0,,53.8,14.14,0.0,
德州,ecmwf_ifs025,2026-03-12,4,2026-03-16,14.0,-1.1,3.2,-4.0,,57.0,7.9,,38.0,16.36,0.0,
德州,ecmwf_ifs025,2026-03-11,5,2026-03-16,13.4,0.8,3.3,-1.5,,56.7,7.1,,20.1,17.63,0.0,
德州,ecmwf_ifs025,2026-03-10,6,2026-03-16,13.7,1.6,3.0,-0.8,,49.5,7.9,,60.0,12.95,0.0,
德州,ecmwf_ifs025,2026-03-09,7,2026-03-16,14.1,1.6,2.9,-1.6,,52.9,10.8,,37.5,16.7,0.0,
德州,gfs_seamless,2026-03-15,1,2026-03-16,14.0,4.1,5.4,2.1,,38.9,8.0,13.3,35.0,21.17,0.0,
德州,gfs_seamless,2026-03-14,2,2026-03-16,14.0,4.9,6.0,3.0,,45.2,8.0,15.5,51.8,19.68,0.0,
德州,gfs_seamless,2026-03-13,3,2026-03-16,13.7,4.4,5.2,1.9,,55.2,10.2,30.2,76.2,14.43,0.0,
德州,gfs_seamless,2026-03-12,4,2026-03-16,12.5,2.8,4.4,-0.3,,53.4,11.3,32.8,94.5,14.43,0.0,
德州,gfs_seamless,2026-03-11,5,2026-03-16,13.7,2.8,4.2,-0.6,,45.9,12.9,41.8,51.8,19.28,0.0,
德州,gfs_seamless,2026-03-10,6,2026-03-16,14.1,5.6,6.0,3.6,,39.8,9.2,33.5,74.5,20.17,0.0,
德州,gfs_seamless,2026-03-09,7,2026-03-16,16.0,3.6,5.6,0.8,,47.0,10.9,41.0,51.1,19.46,0.0,
德州,jma_seamless,2026-03-15,1,2026-03-16,15.2,2.8,4.4,,,25.1,4.7,,11.0,,0.0,0.0
德州,jma_seamless,2026-03-14,2,2026-03-16,15.6,3.0,4.5,1.8,,23.0,5.1,,24.7,,0.0,0.0
德州,jma_seamless,2026-03-13,3,2026-03-16,16.4,3.4,5.3,1.5,,29.2,7.2,,42.4,,0.0,0.0
德州,jma_seamless,2026-03-12,4,2026-03-16,15.2,3.7,5.2,2.0,,28.0,6.7,,36.5,,0.0,0.0
德州,jma_seamless,2026-03-11,5,2026-03-16,14.5,2.5,4.2,1.2,,28.0,5.0,,47.3,,0.0,0.0
德州,jma_seamless,2026-03-10,6,2026-03-16,14.8,2.4,4.0,1.0,,23.2,5.2,,6.6,,0.0,0.0
德州,jma_seamless,2026-03-09,7,2026-03-16,14.8,3.3,3.7,1.1,,17.3,8.3,,30.4,,0.0,0.0
德州,ecmwf_ifs025,2026-03-16,1,2026-03-17,15.9,4.9,7.1,2.3,,68.0,11.4,,69.8,16.19,0.0,
德州,ecmwf_ifs025,2026-03-15,2,2026-03-17,15.7,4.3,6.7,1.5,,67.4,11.5,,75.3,14.28,0.0,
德州,ecmwf_ifs025,2026-03-14,3,2026-03-17,14.2,4.3,5.8,1.3,,66.3,12.8,,59.3,12.26,0.0,
德州,ecmwf_ifs025,2026-03-13,4,2026-03-17,13.4,4.6,5.7,1.8,,81.0,11.7,,68.5,10.0,0.6,
德州,ecmwf_ifs025,2026-03-12,5,2026-03-17,13.1,3.9,4.3,0.8,,77.8,12.7,,73.2,10.35,1.2,
德州,ecmwf_ifs025,2026-03-11,6,2026-03-17,15.7,4.6,7.2,3.0,,71.8,6.8,,69.9,13.04,0.0,
德州,ecmwf_ifs025,2026-03-10,7,2026-03-17,16.4,4.9,6.3,2.4,,64.6,10.6,,56.2,14.74,0.0,
德州,gfs_seamless,2026-03-16,1,2026-03-17,15.5,6.0,8.2,3.6,,63.4,11.3,23.8,55.3,16.57,0.0,
德州,gfs_seamless,2026-03-15,2,2026-03-17,15.5,7.0,8.2,4.8,,61.8,11.5,26.6,96.5,13.59,0.0,
德州,gfs_seamless,2026-03-14,3,2026-03-17,15.8,5.9,7.1,2.9,,65.0,14.7,44.3,95.3,17.58,0.0,
德州,gfs_seamless,2026-03-13,4,2026-03-17,14.7,6.8,7.0,3.7,,69.8,17.1,51.1,58.8,16.3,0.0,
德州,gfs_seamless,2026-03-12,5,2026-03-17,15.4,6.7,7.1,3.6,,68.3,17.0,42.1,80.0,17.15,0.0,
德州,gfs_seamless,2026-03-11,6,2026-03-17,16.7,6.5,8.1,4.0,,64.4,12.6,40.7,87.9,16.61,0.0,
德州,gfs_seamless,2026-03-10,7,2026-03-17,17.0,7.5,7.6,4.7,,55.2,16.0,45.0,83.7,17.18,0.0,
德州,jma_seamless,2026-03-16,1,2026-03-17,17.2,7.4,8.5,5.7,,50.8,9.3,,34.0,,0.0,0.0
德州,jma_seamless,2026-03-15,2,2026-03-17,17.1,7.6,8.8,5.9,,52.4,9.3,,54.8,,0.0,0.0
德州,jma_seamless,2026-03-14,3,2026-03-17,16.8,8.2,8.7,6.4,,51.5,10.5,,65.7,,0.3,0.0
德州,jma_seamless,2026-03-13,4,2026-03-17,16.5,8.0,8.6,6.0,,63.8,11.1,,66.0,,0.0,0.0
德州,jma_seamless,2026-03-12,5,2026-03-17,12.6,7.1,6.9,5.8,,55.5,7.2,,65.8,,1.8,0.0
德州,jma_seamless,2026-03-11,6,2026-03-17,12.2,4.8,5.9,3.0,,69.5,7.5,,52.0,,4.2,0.0
德州,jma_seamless,2026-03-10,7,2026-03-17,18.5,6.5,7.9,4.8,,31.9,8.4,,24.8,,0.0,0.0
德州,ecmwf_ifs025,2026-03-17,1,2026-03-18,10.1,3.7,3.1,0.7,,49.8,12.0,,77.2,17.91,1.2,
德州,ecmwf_ifs025,2026-03-16,2,2026-03-18,10.4,3.6,2.9,0.3,,53.3,13.3,,52.0,17.71,0.3,
德州,ecmwf_ifs025,2026-03-15,3,2026-03-18,9.5,2.7,2.3,-1.1,,53.2,14.8,,52.8,18.15,0.0,
德州,ecmwf_ifs025,2026-03-14,4,2026-03-18,9.6,1.3,2.1,-2.6,,48.5,14.0,,45.8,18.69,0.0,
德州,ecmwf_ifs025,2026-03-13,5,2026-03-18,10.2,2.6,2.4,-0.4,,46.7,10.9,,99.5,16.65,0.0,
德州,ecmwf_ifs025,2026-03-12,6,2026-03-18,9.9,2.3,2.5,-0.2,,44.5,8.6,,98.5,14.47,0.0,
德州,ecmwf_ifs025,2026-03-11,7,2026-03-18,13.5,6.1,5.3,3.5,,61.5,12.7,,77.0,14.63,0.6,
德州,gfs_seamless,2026-03-17,1,2026-03-18,10.7,4.1,3.3,0.3,,52.2,17.2,60.5,56.2,20.66,0.2,
德州,gfs_seamless,2026-03-16,2,2026-03-18,11.7,2.1,3.5,-2.0,,50.5,15.8,65.9,62.8,21.16,1.0,
德州,gfs_seamless,2026-03-15,3,2026-03-18,10.4,2.7,1.8,-2.0,,57.0,21.2,56.2,81.0,19.36,0.0,
德州,gfs_seamless,2026-03-14,4,2026-03-18,10.8,4.3,2.7,0.1,,44.0,20.8,59.0,76.7,21.0,0.0,
德州,gfs_seamless,2026-03-13,5,2026-03-18,9.6,3.0,0.4,-1.8,,43.2,22.9,55.8,99.7,15.42,0.0,
德州,gfs_seamless,2026-03-12,6,2026-03-18,11.2,4.4,1.9,0.4,,43.3,19.2,54.7,96.5,17.78,0.0,
德州,gfs_seamless,2026-03-11,7,2026-03-18,14.1,6.3,5.0,2.6,,39.1,20.8,47.9,100.0,11.39,0.0,
德州,jma_seamless,2026-03-17,1,2026-03-18,11.5,5.1,4.7,3.1,,34.8,8.6,,14.2,,0.6,0.0
德州,jma_seamless,2026-03-16,2,2026-03-18,11.6,6.2,4.6,3.7,,29.9,11.8,,52.2,,0.0,0.0
德州,jma_seamless,2026-03-15,3,2026-03-18,12.1,5.9,3.4,2.8,,18.9,15.4,,42.1,,0.3,0.0
德州,jma_seamless,2026-03-14,4,2026-03-18,11.3,5.0,3.5,2.8,,27.4,9.2,,39.6,,0.0,0.0
德州,jma_seamless,2026-03-13,5,2026-03-18,10.6,3.0,1.3,0.3,,10.9,10.0,,44.5,,0.0,0.0
德州,jma_seamless,2026-03-12,6,2026-03-18,10.9,4.6,2.7,2.7,,26.1,7.7,,59.0,,0.0,0.0
德州,jma_seamless,2026-03-11,7,2026-03-18,10.9,4.8,2.5,2.0,,38.5,12.0,,42.3,,1.2,0.0
德州,ecmwf_ifs025,2026-03-18,1,2026-03-19,15.1,1.2,3.5,-2.6,,50.8,13.1,,51.9,17.82,0.0,
德州,ecmwf_ifs025,2026-03-17,2,2026-03-19,15.1,1.4,3.6,-2.3,,50.4,12.8,,67.4,17.99,0.0,
德州,ecmwf_ifs025,2026-03-16,3,2026-03-19,15.5,0.8,3.5,-2.8,,50.9,11.8,,61.8,16.6,0.0,
德州,ecmwf_ifs025,2026-03-15,4,2026-03-19,14.1,-0.3,2.3,-3.7,,46.9,10.1,,34.6,17.41,0.0,
德州,ecmwf_ifs025,2026-03-14,5,2026-03-19,12.2,-1.2,1.4,-4.8,,50.2,10.1,,89.4,12.37,0.0,
德州,ecmwf_ifs025,2026-03-13,6,2026-03-19,13.2,2.1,2.5,-1.5,,52.8,13.1,,73.8,11.98,0.0,
德州,ecmwf_ifs025,2026-03-12,7,2026-03-19,13.9,3.6,5.0,1.4,,57.0,8.4,,62.3,16.28,0.6,
德州,gfs_seamless,2026-03-18,1,2026-03-19,15.3,2.7,4.4,-1.0,,46.6,14.3,31.3,66.6,20.46,0.0,
德州,gfs_seamless,2026-03-17,2,2026-03-19,15.1,3.6,4.9,0.8,,42.5,11.0,25.6,96.1,18.28,0.0,
德州,gfs_seamless,2026-03-16,3,2026-03-19,15.3,2.3,5.5,-0.4,,43.8,9.2,20.2,86.1,20.83,0.0,
德州,gfs_seamless,2026-03-15,4,2026-03-19,12.3,2.3,3.4,-0.1,,33.2,8.3,26.3,95.9,18.41,0.0,
德州,gfs_seamless,2026-03-14,5,2026-03-19,13.5,1.9,3.6,-0.9,,36.2,9.5,23.0,99.0,18.0,0.0,
德州,gfs_seamless,2026-03-13,6,2026-03-19,9.8,0.9,2.2,-0.8,,54.5,5.5,11.9,91.8,7.38,0.3,
德州,gfs_seamless,2026-03-12,7,2026-03-19,12.2,3.5,3.9,1.1,,41.3,9.0,23.4,71.8,18.61,0.0,
德州,jma_seamless,2026-03-18,1,2026-03-19,15.9,3.9,4.9,1.5,,32.0,9.5,,28.4,,0.0,0.0
德州,jma_seamless,2026-03-17,2,2026-03-19,15.4,4.1,4.9,2.0,,29.5,8.4,,43.0,,0.0,0.0
德州,jma_seamless,2026-03-16,3,2026-03-19,15.4,4.4,4.9,2.7,,25.5,7.2,,38.1,,0.0,0.0
德州,jma_seamless,2026-03-15,4,2026-03-19,15.6,4.3,4.6,2.3,,21.9,7.9,,43.4,,0.0,0.0
德州,jma_seamless,2026-03-14,5,2026-03-19,15.8,2.6,4.4,0.3,,22.8,8.1,,34.8,,0.0,0.0
德州,jma_seamless,2026-03-13,6,2026-03-19,14.6,4.5,4.1,2.3,,19.0,8.8,,53.8,,0.0,0.0
德州,jma_seamless,2026-03-12,7,2026-03-19,14.4,3.1,4.2,1.4,,38.8,6.5,,38.2,,0.0,0.0
德州,ecmwf_ifs025,2026-03-19,1,2026-03-20,17.0,4.0,7.5,2.1,,64.5,7.4,,38.9,18.15,0.0,
德州,ecmwf_ifs025,2026-03-18,2,2026-03-20,17.1,4.2,7.6,2.6,,61.7,6.6,,41.4,18.01,0.0,
德州,ecmwf_ifs025,2026-03-17,3,2026-03-20,17.0,3.0,7.1,1.3,,62.6,6.4,,32.8,18.26,0.0,
德州,ecmwf_ifs025,2026-03-16,4,2026-03-20,17.9,3.8,7.9,2.0,,65.5,7.2,,23.5,18.17,0.0,
德州,ecmwf_ifs025,2026-03-15,5,2026-03-20,18.1,4.2,7.8,1.3,,65.2,12.1,,24.5,18.06,0.0,
德州,ecmwf_ifs025,2026-03-14,6,2026-03-20,18.3,3.7,7.4,1.1,,64.7,9.9,,20.6,16.74,0.0,
德州,ecmwf_ifs025,2026-03-13,7,2026-03-20,12.5,0.7,2.9,-1.7,,46.0,7.2,,27.1,17.94,0.0,
德州,gfs_seamless,2026-03-19,1,2026-03-20,18.1,6.2,9.0,4.2,,50.5,9.3,33.1,46.5,21.19,0.0,
德州,gfs_seamless,2026-03-18,2,2026-03-20,17.9,5.9,8.8,3.6,,50.5,10.6,32.0,33.2,21.77,0.0,
德州,gfs_seamless,2026-03-17,3,2026-03-20,18.0,6.9,8.4,4.6,,39.9,11.6,43.2,45.5,21.58,0.0,
德州,gfs_seamless,2026-03-16,4,2026-03-20,18.2,6.6,8.9,4.1,,51.3,12.7,27.7,33.0,21.51,0.0,
德州,gfs_seamless,2026-03-15,5,2026-03-20,17.4,4.4,7.7,2.4,,36.0,8.0,18.0,22.5,21.49,0.0,
德州,gfs_seamless,2026-03-14,6,2026-03-20,14.3,5.9,5.7,3.7,,38.7,10.3,44.6,1.9,22.25,0.0,
德州,gfs_seamless,2026-03-13,7,2026-03-20,16.2,1.1,3.9,-2.8,,57.0,13.5,41.0,66.0,18.82,0.0,
德州,jma_seamless,2026-03-19,1,2026-03-20,17.9,6.1,7.9,5.1,,37.5,5.7,,7.2,,0.0,0.0
德州,jma_seamless,2026-03-18,2,2026-03-20,18.1,5.8,7.7,4.9,,31.9,5.2,,5.5,,0.0,0.0
德州,jma_seamless,2026-03-17,3,2026-03-20,18.0,4.9,7.2,,,32.3,3.9,,0.7,,0.0,0.0
德州,jma_seamless,2026-03-16,4,2026-03-20,18.7,6.3,8.8,5.5,,42.5,5.2,,2.9,,0.0,0.0
德州,jma_seamless,2026-03-15,5,2026-03-20,17.7,4.3,6.9,,,35.2,4.4,,0.4,,0.0,0.0
德州,jma_seamless,2026-03-14,6,2026-03-20,19.1,5.3,7.3,3.8,,30.6,6.8,,5.5,,0.0,0.0
德州,jma_seamless,2026-03-13,7,2026-03-20,19.7,6.2,7.5,4.2,,29.4,9.4,,0.0,,0.0,0.0
德州,ecmwf_ifs025,2026-03-20,1,2026-03-21,19.3,8.0,9.7,5.0,,62.4,19.0,,47.4,17.65,0.0,
德州,ecmwf_ifs025,2026-03-19,2,2026-03-21,19.8,8.2,10.1,5.3,,61.9,18.4,,51.0,17.83,0.0,
德州,ecmwf_ifs025,2026-03-18,3,2026-03-21,19.4,8.0,9.9,5.1,,62.0,18.2,,47.0,17.74,0.0,
德州,ecmwf_ifs025,2026-03-17,4,2026-03-21,18.9,6.8,8.7,3.6,,60.0,17.6,,38.4,18.01,0.0,
德州,ecmwf_ifs025,2026-03-16,5,2026-03-21,19.3,5.0,9.2,1.6,,61.9,16.2,,43.0,18.14,0.0,
德州,ecmwf_ifs025,2026-03-15,6,2026-03-21,22.8,8.2,11.1,5.8,,61.3,14.4,,50.5,16.91,0.0,
德州,ecmwf_ifs025,2026-03-14,7,2026-03-21,15.4,3.3,7.6,0.9,,66.5,8.8,,24.4,16.96,0.0,
德州,gfs_seamless,2026-03-20,1,2026-03-21,20.4,8.9,10.2,5.8,,51.3,22.2,58.0,34.4,20.66,0.0,
德州,gfs_seamless,2026-03-19,2,2026-03-21,20.6,8.6,10.4,5.5,,54.7,21.4,50.8,27.2,21.52,0.0,
德州,gfs_seamless,2026-03-18,3,2026-03-21,20.4,8.1,10.2,5.0,,54.0,20.2,51.8,29.9,21.54,0.0,
德州,gfs_seamless,2026-03-17,4,2026-03-21,21.0,8.6,10.0,5.5,,51.1,21.1,56.9,22.7,21.72,0.0,
德州,gfs_seamless,2026-03-16,5,2026-03-21,20.1,8.4,9.8,5.2,,54.8,21.7,51.5,22.0,21.74,0.0,
德州,gfs_seamless,2026-03-15,6,2026-03-21,18.8,6.0,8.7,2.6,,46.0,17.4,58.3,64.2,13.55,0.0,
德州,gfs_seamless,2026-03-14,7,2026-03-21,19.0,6.6,8.4,3.3,,43.8,18.1,62.6,20.8,21.47,0.0,
德州,jma_seamless,2026-03-20,1,2026-03-21,20.9,9.3,11.0,7.1,,46.6,14.6,,35.5,,0.0,0.0
德州,jma_seamless,2026-03-19,2,2026-03-21,21.5,9.8,11.1,7.7,,39.7,14.9,,29.1,,0.0,0.0
德州,jma_seamless,2026-03-18,3,2026-03-21,20.9,8.4,10.4,6.2,,36.5,13.2,,24.1,,0.0,0.0
德州,jma_seamless,2026-03-17,4,2026-03-21,20.5,7.8,9.8,5.6,,34.8,12.2,,13.5,,0.0,0.0
德州,jma_seamless,2026-03-16,5,2026-03-21,21.0,8.4,11.1,6.2,,46.9,13.3,,13.0,,0.0,0.0
德州,jma_seamless,2026-03-15,6,2026-03-21,21.3,9.1,10.1,7.7,,40.0,9.1,,0.0,,0.0,0.0
德州,jma_seamless,2026-03-14,7,2026-03-21,22.6,10.2,10.9,,,31.4,12.1,,0.9,,0.0,0.0
德州,ecmwf_ifs025,2026-03-21,1,2026-03-22,20.6,9.5,11.6,7.6,,53.1,12.4,,62.2,18.29,0.6,
德州,ecmwf_ifs025,2026-03-20,2,2026-03-22,20.6,10.1,11.9,,,53.3,11.9,,48.5,18.71,3.0,
德州,ecmwf_ifs025,2026-03-19,3,2026-03-22,19.8,10.0,10.9,8.2,,48.6,13.0,,28.7,18.99,0.0,
德州,ecmwf_ifs025,2026-03-18,4,2026-03-22,19.6,10.0,10.5,8.3,,49.5,11.9,,60.7,18.74,0.3,
德州,ecmwf_ifs025,2026-03-17,5,2026-03-22,19.7,10.3,10.7,,,48.7,12.4,,65.0,18.03,0.0,
德州,ecmwf_ifs025,2026-03-16,6,2026-03-22,18.0,8.0,9.4,6.5,,50.0,8.9,,28.8,17.51,0.0,
德州,ecmwf_ifs025,2026-03-15,7,2026-03-22,18.4,6.2,7.5,3.8,,33.3,11.5,,22.5,18.04,0.0,
德州,gfs_seamless,2026-03-21,1,2026-03-22,21.5,10.9,12.6,,,46.9,14.0,57.6,68.8,19.76,2.7,
德州,gfs_seamless,2026-03-20,2,2026-03-22,21.4,11.2,12.0,,,39.4,17.3,52.6,64.0,21.99,0.0,
德州,gfs_seamless,2026-03-19,3,2026-03-22,22.0,12.0,12.5,,,41.6,15.8,53.6,38.7,21.83,0.0,
德州,gfs_seamless,2026-03-18,4,2026-03-22,21.9,11.1,12.4,,,42.5,15.9,59.4,67.1,20.74,0.0,
德州,gfs_seamless,2026-03-17,5,2026-03-22,21.0,11.6,12.1,,,47.0,16.5,52.2,99.9,16.86,0.0,
德州,gfs_seamless,2026-03-16,6,2026-03-22,19.7,11.2,11.1,,,39.1,18.8,50.0,38.0,22.47,0.0,
德州,gfs_seamless,2026-03-15,7,2026-03-22,20.5,10.3,8.8,,,37.3,24.8,66.6,49.5,21.75,0.0,
德州,jma_seamless,2026-03-21,1,2026-03-22,22.5,13.1,13.4,,,37.7,10.8,,44.5,,0.0,0.0
德州,jma_seamless,2026-03-20,2,2026-03-22,22.4,13.5,12.8,,,27.5,11.9,,23.8,,0.0,0.0
德州,jma_seamless,2026-03-19,3,2026-03-22,22.2,13.7,12.3,,,22.4,13.3,,32.8,,0.0,0.0
德州,jma_seamless,2026-03-18,4,2026-03-22,21.3,12.4,12.0,,,33.8,10.5,,35.7,,0.0,0.0
德州,jma_seamless,2026-03-17,5,2026-03-22,21.1,12.2,11.3,,,23.6,11.4,,58.6,,0.0,0.0
德州,jma_seamless,2026-03-16,6,2026-03-22,22.2,7.3,11.4,,,47.4,3.9,,33.3,,0.0,0.0
德州,jma_seamless,2026-03-15,7,2026-03-22,21.0,9.7,12.1,,,46.4,4.0,,20.5,,0.0,0.0
德州,ecmwf_ifs025,2026-03-22,1,2026-03-23,19.3,9.4,10.4,7.6,,46.5,11.9,,94.6,17.19,0.0,
德州,ecmwf_ifs025,2026-03-21,2,2026-03-23,18.4,9.0,9.6,7.2,,45.4,11.1,,92.6,17.75,0.0,
德州,ecmwf_ifs025,2026-03-20,3,2026-03-23,19.1,7.6,9.9,5.9,,42.3,9.1,,90.5,15.58,0.0,
德州,ecmwf_ifs025,2026-03-19,4,2026-03-23,18.1,7.7,8.7,5.5,,43.5,11.9,,79.5,16.45,0.0,
德州,ecmwf_ifs025,2026-03-18,5,2026-03-23,16.8,7.7,7.4,5.8,,41.3,10.2,,79.7,13.93,0.0,
德州,ecmwf_ifs025,2026-03-17,6,2026-03-23,18.4,7.3,7.8,5.4,,43.4,10.2,,83.7,14.9,0.0,
德州,ecmwf_ifs025,2026-03-16,7,2026-03-23,17.8,7.6,8.7,6.6,,45.8,6.4,,89.8,15.08,0.0,
德州,gfs_seamless,2026-03-22,1,2026-03-23,19.0,10.1,10.2,,,43.8,15.0,40.3,98.5,18.08,0.0,
德州,gfs_seamless,2026-03-21,2,2026-03-23,19.1,10.9,10.0,,,40.3,15.2,42.1,99.7,19.19,0.0,
德州,gfs_seamless,2026-03-20,3,2026-03-23,18.8,9.4,9.2,7.1,,34.0,15.2,39.6,79.2,19.98,0.0,
德州,gfs_seamless,2026-03-19,4,2026-03-23,20.1,9.1,9.9,7.0,,31.4,13.3,41.0,95.6,17.36,0.0,
德州,gfs_seamless,2026-03-18,5,2026-03-23,19.2,10.3,10.1,,,39.8,13.8,34.6,86.3,13.06,0.0,
德州,gfs_seamless,2026-03-17,6,2026-03-23,16.5,9.9,8.3,7.5,,36.9,17.5,51.1,82.0,13.45,0.0,
德州,gfs_seamless,2026-03-16,7,2026-03-23,17.1,7.5,7.7,5.1,,36.7,13.3,48.6,100.0,16.01,0.0,
德州,jma_seamless,2026-03-22,1,2026-03-23,18.5,10.2,10.4,,,41.7,10.5,,53.6,,0.0,0.0
德州,jma_seamless,2026-03-21,2,2026-03-23,18.1,10.2,9.6,,,34.1,10.0,,55.4,,0.0,0.0
德州,jma_seamless,2026-03-20,3,2026-03-23,18.4,10.0,9.7,8.8,,32.6,8.9,,47.5,,0.0,0.0
德州,jma_seamless,2026-03-19,4,2026-03-23,19.2,9.1,9.3,7.9,,24.6,8.3,,46.4,,0.0,0.0
德州,jma_seamless,2026-03-18,5,2026-03-23,18.2,9.9,9.3,8.6,,22.9,9.5,,66.0,,0.0,0.0
德州,jma_seamless,2026-03-17,6,2026-03-23,16.6,9.4,9.1,8.2,,27.6,8.4,,74.5,,0.0,0.0
德州,jma_seamless,2026-03-16,7,2026-03-23,20.1,10.1,9.6,,,25.3,8.2,,80.2,,0.0,0.0
德州,ecmwf_ifs025,2026-03-23,1,2026-03-24,21.3,9.5,11.6,7.3,,50.1,14.8,,50.2,17.58,0.0,
德州,ecmwf_ifs025,2026-03-22,2,2026-03-24,21.2,9.2,11.5,7.0,,50.5,14.8,,58.9,16.79,0.0,
德州,ecmwf_ifs025,2026-03-21,3,2026-03-24,20.7,8.6,10.7,6.4,,45.5,13.5,,74.2,16.79,0.0,
德州,ecmwf_ifs025,2026-03-20,4,2026-03-24,20.8,6.3,10.7,3.7,,53.6,12.5,,49.9,17.33,0.0,
德州,ecmwf_ifs025,2026-03-19,5,2026-03-24,20.6,4.7,9.7,2.3,,52.0,10.2,,51.5,17.23,0.0,
德州,ecmwf_ifs025,2026-03-18,6,2026-03-24,18.7,5.3,7.8,3.0,,46.1,10.0,,53.3,16.11,0.0,
德州,ecmwf_ifs025,2026-03-17,7,2026-03-24,21.1,8.2,10.2,6.3,,49.5,11.0,,27.5,17.76,0.0,
德州,gfs_seamless,2026-03-23,1,2026-03-24,21.2,10.9,11.5,,,45.1,18.3,51.1,89.0,19.3,0.0,
德州,gfs_seamless,2026-03-22,2,2026-03-24,21.5,10.6,11.8,,,45.1,16.9,54.0,76.3,18.26,0.0,
德州,gfs_seamless,2026-03-21,3,2026-03-24,20.7,9.9,10.1,7.5,,42.5,17.4,47.2,62.3,17.56,0.0,
德州,gfs_seamless,2026-03-20,4,2026-03-24,21.0,9.7,10.6,7.0,,45.4,19.6,50.0,51.9,21.1,0.0,
德州,gfs_seamless,2026-03-19,5,2026-03-24,21.2,9.2,10.6,6.4,,48.5,19.6,52.6,75.7,17.58,0.0,
德州,gfs_seamless,2026-03-18,6,2026-03-24,21.6,10.1,11.5,,,52.8,18.4,53.3,40.4,20.69,0.0,
德州,gfs_seamless,2026-03-17,7,2026-03-24,18.0,8.5,9.7,6.4,,42.1,12.9,46.1,96.2,17.16,0.0,
德州,jma_seamless,2026-03-23,1,2026-03-24,22.3,11.4,12.9,,,43.4,12.0,,21.3,,0.0,0.0
德州,jma_seamless,2026-03-22,2,2026-03-24,21.7,8.8,11.4,7.3,,35.2,9.3,,25.2,,0.0,0.0
德州,jma_seamless,2026-03-21,3,2026-03-24,21.3,9.0,11.2,7.7,,33.9,8.4,,18.6,,0.0,0.0
德州,jma_seamless,2026-03-20,4,2026-03-24,21.7,10.2,11.2,,,28.3,9.8,,12.2,,0.0,0.0
德州,jma_seamless,2026-03-19,5,2026-03-24,20.9,10.8,11.1,,,22.6,10.8,,36.1,,0.0,0.0
德州,jma_seamless,2026-03-18,6,2026-03-24,20.0,8.2,10.0,7.2,,26.4,6.9,,31.1,,0.0,0.0
德州,jma_seamless,2026-03-17,7,2026-03-24,20.5,7.1,9.4,5.6,,26.4,8.1,,31.2,,0.0,0.0
德州,jma_seamless,2026-03-24,1,2026-03-25,26.1,13.1,15.9,,,43.0,10.1,,13.5,,0.0,
德州,jma_seamless,2026-03-23,2,2026-03-25,25.6,12.9,15.5,,,41.5,11.3,,21.8,,0.0,
德州,jma_seamless,2026-03-22,3,2026-03-25,25.1,12.9,15.8,,,48.3,11.4,,20.9,,0.0,
德州,jma_seamless,2026-03-21,4,2026-03-25,25.0,12.9,15.7,,,47.7,12.6,,16.9,,0.0,
德州,jma_seamless,2026-03-20,5,2026-03-25,24.9,12.8,15.5,,,41.7,9.9,,39.6,,0.0,
德州,jma_seamless,2026-03-19,6,2026-03-25,22.4,12.2,14.0,,,48.2,9.0,,33.0,,0.0,
德州,jma_seamless,2026-03-18,7,2026-03-25,20.7,11.8,12.4,,,42.8,10.2,,63.6,,0.0,
德州,jma_seamless,2026-03-25,1,2026-03-26,25.7,15.0,17.3,,,46.0,11.0,,66.0,,0.0,
德州,jma_seamless,2026-03-24,2,2026-03-26,25.7,15.1,17.4,,,49.5,8.6,,64.5,,0.0,
德州,jma_seamless,2026-03-23,3,2026-03-26,25.7,15.0,17.2,,,44.7,9.8,,73.1,,0.0,
德州,jma_seamless,2026-03-22,4,2026-03-26,25.7,15.5,17.6,,,50.7,10.4,,52.2,,0.0,
德州,jma_seamless,2026-03-21,5,2026-03-26,24.9,15.1,16.7,,,46.7,11.6,,64.2,,0.0,
德州,jma_seamless,2026-03-20,6,2026-03-26,24.9,13.7,16.3,,,47.0,7.3,,70.6,,0.0,
德州,jma_seamless,2026-03-19,7,2026-03-26,24.7,13.3,15.4,,,46.7,9.5,,48.4,,0.0,
德州,jma_seamless,2026-03-26,1,2026-03-27,21.9,14.0,14.1,,,38.4,9.7,,40.0,,0.0,
德州,jma_seamless,2026-03-25,2,2026-03-27,23.7,13.2,15.5,,,44.0,5.7,,38.4,,0.0,
德州,jma_seamless,2026-03-24,3,2026-03-27,20.3,11.9,11.9,,,24.5,10.0,,16.7,,0.0,
德州,jma_seamless,2026-03-23,4,2026-03-27,22.0,12.2,13.5,,,40.5,7.2,,7.9,,0.0,
德州,jma_seamless,2026-03-22,5,2026-03-27,21.3,11.7,12.6,,,32.0,12.0,,46.2,,0.0,
德州,jma_seamless,2026-03-21,6,2026-03-27,18.2,12.4,11.3,,,32.0,12.8,,34.9,,0.0,
德州,jma_seamless,2026-03-20,7,2026-03-27,20.1,13.7,14.0,,,45.8,8.7,,54.6,,0.9,
德州,jma_seamless,2026-03-27,1,2026-03-28,26.0,11.4,14.3,,,29.6,11.2,,23.5,,0.0,
德州,jma_seamless,2026-03-26,2,2026-03-28,25.6,12.1,14.3,,,27.8,13.1,,39.2,,0.0,
德州,jma_seamless,2026-03-25,3,2026-03-28,25.4,12.6,14.8,,,29.0,13.3,,34.6,,1.2,
德州,jma_seamless,2026-03-24,4,2026-03-28,24.5,10.9,14.0,,,27.8,9.6,,54.9,,0.0,
德州,jma_seamless,2026-03-23,5,2026-03-28,25.0,12.6,15.0,,,31.9,10.9,,65.8,,0.0,
德州,jma_seamless,2026-03-22,6,2026-03-28,24.3,11.3,14.7,,,35.7,9.4,,27.1,,0.6,
德州,jma_seamless,2026-03-21,7,2026-03-28,24.5,10.0,11.7,8.9,,31.5,8.4,,21.2,,0.9,
德州,jma_seamless,2026-03-28,1,2026-03-29,23.8,13.9,15.7,,,51.9,8.4,,22.2,,0.0,
德州,jma_seamless,2026-03-27,2,2026-03-29,23.7,15.2,16.2,,,42.0,7.0,,28.0,,0.0,
德州,jma_seamless,2026-03-26,3,2026-03-29,25.2,14.7,16.1,,,39.8,8.4,,16.7,,1.2,
德州,jma_seamless,2026-03-25,4,2026-03-29,25.7,14.8,14.9,,,26.8,14.8,,12.1,,0.0,
德州,jma_seamless,2026-03-24,5,2026-03-29,26.3,14.6,16.1,,,33.4,13.6,,2.4,,0.0,
德州,jma_seamless,2026-03-23,6,2026-03-29,24.1,13.8,14.9,,,38.2,11.8,,1.7,,0.6,
德州,jma_seamless,2026-03-22,7,2026-03-29,17.5,10.4,9.5,,,20.3,8.1,,0.0,,0.0,
德州,jma_seamless,2026-03-29,1,2026-03-30,16.8,9.4,8.4,7.2,,45.7,14.8,,57.9,,0.0,
德州,jma_seamless,2026-03-28,2,2026-03-30,15.7,9.2,8.3,6.7,,43.9,17.0,,70.7,,0.0,
德州,jma_seamless,2026-03-27,3,2026-03-30,18.1,9.7,9.2,7.4,,33.2,15.8,,71.3,,0.0,
德州,jma_seamless,2026-03-26,4,2026-03-30,17.8,10.7,9.0,,,24.5,13.5,,73.7,,0.0,
德州,jma_seamless,2026-03-25,5,2026-03-30,17.8,11.0,9.3,,,28.5,11.8,,37.3,,0.0,
德州,jma_seamless,2026-03-24,6,2026-03-30,17.3,10.5,9.6,,,23.3,8.7,,45.5,,0.0,
德州,jma_seamless,2026-03-23,7,2026-03-30,17.9,11.2,10.2,,,28.1,9.8,,24.3,,0.0,
德州,jma_seamless,2026-03-30,1,2026-03-31,18.5,7.5,9.7,,,39.5,4.2,,17.3,,0.0,
德州,jma_seamless,2026-03-29,2,2026-03-31,20.4,7.4,10.3,6.8,,36.8,5.1,,26.5,,0.0,
德州,jma_seamless,2026-03-28,3,2026-03-31,20.8,7.7,10.0,7.1,,29.3,5.1,,19.0,,0.0,
德州,jma_seamless,2026-03-27,4,2026-03-31,21.1,8.5,10.5,7.8,,28.5,5.8,,18.6,,0.0,
德州,jma_seamless,2026-03-26,5,2026-03-31,20.6,8.2,10.4,7.1,,25.8,7.2,,19.0,,0.0,
德州,jma_seamless,2026-03-25,6,2026-03-31,20.9,8.7,10.5,6.9,,21.5,11.1,,6.0,,0.0,
德州,jma_seamless,2026-03-24,7,2026-03-31,20.8,9.0,11.0,7.8,,26.4,8.3,,31.5,,0.0,
德州,jma_seamless,2026-03-31,1,2026-04-01,19.5,11.6,12.3,,,53.1,7.7,,53.8,,0.9,
德州,jma_seamless,2026-03-30,2,2026-04-01,19.7,10.6,11.4,,,46.5,8.6,,51.9,,0.0,
德州,jma_seamless,2026-03-29,3,2026-04-01,19.6,9.4,11.2,8.1,,38.2,9.2,,31.0,,6.9,
德州,jma_seamless,2026-03-28,4,2026-04-01,22.3,12.3,14.1,,,46.0,6.5,,24.3,,0.3,
德州,jma_seamless,2026-03-27,5,2026-04-01,20.4,9.6,11.5,8.0,,35.0,10.7,,12.1,,0.0,
德州,jma_seamless,2026-03-26,6,2026-04-01,24.9,13.0,14.1,,,36.3,13.8,,1.1,,0.0,
德州,jma_seamless,2026-03-25,7,2026-04-01,25.7,14.0,13.9,,,34.0,14.4,,24.1,,0.0,
德州,jma_seamless,2026-04-01,1,2026-04-02,21.1,9.4,14.3,8.3,,69.8,7.8,,53.7,,0.3,
德州,jma_seamless,2026-03-31,2,2026-04-02,19.3,9.0,13.2,8.5,,61.3,5.5,,72.5,,0.0,
德州,jma_seamless,2026-03-30,3,2026-04-02,20.7,8.0,13.3,7.3,,70.9,5.7,,50.1,,6.9,
德州,jma_seamless,2026-03-29,4,2026-04-02,21.7,8.5,13.6,7.6,,53.2,6.6,,43.2,,0.3,
德州,jma_seamless,2026-03-28,5,2026-04-02,22.4,8.9,14.0,7.9,,52.3,7.3,,25.2,,0.0,
德州,jma_seamless,2026-03-27,6,2026-04-02,22.5,10.4,12.1,,,32.5,14.2,,1.6,,0.0,
德州,jma_seamless,2026-03-26,7,2026-04-02,24.5,11.9,14.7,,,34.2,9.8,,0.0,,0.0,
德州,jma_seamless,2026-04-02,1,2026-04-03,23.6,16.8,16.3,,,44.0,17.8,,13.0,,0.6,
德州,jma_seamless,2026-04-01,2,2026-04-03,22.1,15.7,15.6,,,47.6,17.7,,31.2,,1.2,
德州,jma_seamless,2026-03-31,3,2026-04-03,21.4,15.7,15.5,,,48.5,17.0,,35.9,,0.0,
德州,jma_seamless,2026-03-30,4,2026-04-03,19.7,16.7,15.6,,,51.0,13.6,,35.0,,0.6,
德州,jma_seamless,2026-03-29,5,2026-04-03,23.7,10.1,15.1,,,57.4,19.4,,63.5,,3.6,
德州,jma_seamless,2026-03-28,6,2026-04-03,19.8,11.9,12.5,,,24.9,14.3,,8.5,,0.0,
德州,jma_seamless,2026-03-27,7,2026-04-03,24.9,14.5,17.6,,,63.3,12.4,,32.9,,0.0,
德州,jma_seamless,2026-04-03,1,2026-04-04,17.7,10.3,9.7,,,24.3,12.9,,0.0,,0.0,
德州,jma_seamless,2026-04-02,2,2026-04-04,19.0,11.2,10.8,,,22.9,12.7,,0.0,,0.0,
德州,jma_seamless,2026-04-01,3,2026-04-04,17.9,11.6,10.6,,,23.6,11.6,,8.5,,0.0,
德州,jma_seamless,2026-03-31,4,2026-04-04,17.2,10.4,10.0,,,33.1,11.0,,17.3,,0.0,
德州,jma_seamless,2026-03-30,5,2026-04-04,16.3,6.7,7.7,5.0,,47.4,8.6,,20.9,,0.6,
德州,jma_seamless,2026-03-29,6,2026-04-04,17.7,7.2,8.5,5.9,,40.8,7.3,,4.5,,0.0,
德州,jma_seamless,2026-03-28,7,2026-04-04,22.4,9.8,11.5,8.2,,42.7,11.0,,0.8,,0.0,
德州,jma_seamless,2026-04-04,1,2026-04-05,21.1,12.2,12.8,,,28.5,10.5,,0.0,,0.0,
德州,jma_seamless,2026-04-03,2,2026-04-05,21.7,12.1,13.0,,,31.1,8.1,,0.0,,0.0,
德州,jma_seamless,2026-04-02,3,2026-04-05,22.3,14.0,13.5,,,24.2,9.3,,0.6,,0.0,
德州,jma_seamless,2026-04-01,4,2026-04-05,19.3,11.8,10.8,,,21.5,13.3,,16.7,,0.0,
德州,jma_seamless,2026-03-31,5,2026-04-05,17.9,10.2,8.9,,,31.1,9.6,,23.6,,0.6,
德州,jma_seamless,2026-03-30,6,2026-04-05,18.3,9.3,9.4,6.6,,22.9,19.1,,3.0,,0.0,
德州,jma_seamless,2026-03-29,7,2026-04-05,23.4,12.1,12.7,,,37.2,8.6,,1.2,,0.0,
德州,jma_seamless,2026-04-05,1,2026-04-06,19.1,9.7,9.5,9.3,,17.0,5.3,,0.0,,0.0,
德州,jma_seamless,2026-04-04,2,2026-04-06,19.2,9.8,9.5,8.9,,14.9,7.5,,0.0,,0.0,
德州,jma_seamless,2026-04-03,3,2026-04-06,22.9,11.8,12.2,,,17.3,7.6,,0.0,,0.0,
德州,jma_seamless,2026-04-02,4,2026-04-06,22.4,10.5,11.4,,,16.8,6.9,,0.0,,0.0,
德州,jma_seamless,2026-04-01,5,2026-04-06,25.4,10.0,12.3,8.3,,20.1,11.9,,0.0,,0.0,
德州,jma_seamless,2026-03-31,6,2026-04-06,23.0,6.2,10.2,3.8,,16.6,11.4,,0.0,,0.0,
德州,jma_seamless,2026-03-30,7,2026-04-06,22.6,10.9,10.9,,,26.1,11.5,,4.8,,0.0,
德州,jma_seamless,2026-04-06,1,2026-04-07,16.4,9.6,7.8,8.4,,13.8,8.8,,0.0,,0.0,
德州,jma_seamless,2026-04-05,2,2026-04-07,16.8,9.6,8.5,8.3,,20.0,9.2,,3.8,,0.0,
德州,jma_seamless,2026-04-04,3,2026-04-07,14.6,7.4,5.9,5.8,,20.5,8.8,,27.0,,0.0,
德州,jma_seamless,2026-04-03,4,2026-04-07,14.6,7.4,6.0,5.8,,23.1,8.7,,16.3,,0.0,
德州,jma_seamless,2026-04-02,5,2026-04-07,19.0,8.4,9.2,6.5,,20.2,11.5,,0.0,,0.0,
德州,jma_seamless,2026-04-01,6,2026-04-07,24.0,9.2,13.2,8.3,,32.8,7.0,,16.3,,0.0,
德州,jma_seamless,2026-03-31,7,2026-04-07,25.1,13.4,13.8,,,32.1,11.8,,10.9,,0.0,
德州,jma_seamless,2026-04-07,1,2026-04-08,18.3,10.6,10.6,,,27.1,8.6,,,,,0.0
德州,jma_seamless,2026-04-06,2,2026-04-08,18.4,12.0,12.1,,,43.0,10.6,,,,,0.0
德州,jma_seamless,2026-04-05,3,2026-04-08,19.2,7.0,9.1,5.3,,38.7,8.6,,,,,0.0
德州,jma_seamless,2026-04-04,4,2026-04-08,19.2,7.0,9.8,5.7,,48.4,7.3,,,,,0.0
德州,jma_seamless,2026-04-03,5,2026-04-08,19.2,7.0,8.6,5.6,,27.1,7.5,,,,,0.0
德州,jma_seamless,2026-04-02,6,2026-04-08,21.5,8.0,10.3,6.3,,29.4,9.6,,,,,0.0
德州,jma_seamless,2026-04-01,7,2026-04-08,25.1,11.3,14.9,,,50.2,6.1,,,,,0.0
德州,jma_seamless,2026-04-08,1,2026-04-09,16.2,11.0,13.2,,,75.5,3.5,,,,,0.0
德州,jma_seamless,2026-04-07,2,2026-04-09,15.2,10.6,12.2,,,83.9,5.4,,,,,0.0
德州,jma_seamless,2026-04-06,3,2026-04-09,15.3,10.1,11.3,,,83.7,5.7,,,,,0.0
德州,jma_seamless,2026-04-05,4,2026-04-09,15.3,10.1,11.5,,,83.9,4.4,,,,,0.0
德州,jma_seamless,2026-04-04,5,2026-04-09,15.3,10.1,11.1,,,75.5,5.0,,,,,0.0
德州,jma_seamless,2026-04-03,6,2026-04-09,17.1,10.6,13.2,,,75.5,4.4,,,,,0.0
德州,jma_seamless,2026-04-02,7,2026-04-09,23.3,10.1,15.0,,,61.2,6.3,,,,,0.0
德州,jma_seamless,2026-04-09,1,2026-04-10,25.3,12.3,17.2,,,71.5,8.0,,,,,0.0
德州,jma_seamless,2026-04-08,2,2026-04-10,25.1,11.4,15.2,,,51.5,6.2,,,,,0.0
德州,jma_seamless,2026-04-07,3,2026-04-10,23.5,9.7,14.0,9.3,,57.6,5.3,,,,,0.0
德州,jma_seamless,2026-04-06,4,2026-04-10,23.5,9.7,14.8,9.3,,69.4,5.5,,,,,0.0
德州,jma_seamless,2026-04-05,5,2026-04-10,23.5,9.7,14.4,8.6,,71.5,8.4,,,,,0.0
德州,jma_seamless,2026-04-04,6,2026-04-10,18.9,11.6,14.2,,,71.5,7.0,,,,,0.0
德州,jma_seamless,2026-04-03,7,2026-04-10,25.1,9.7,14.7,,,59.5,3.3,,,,,0.0
德州,jma_seamless,2026-04-10,1,2026-04-11,25.2,14.8,18.4,,,60.4,7.1,,,,,0.0
德州,jma_seamless,2026-04-09,2,2026-04-11,25.5,13.3,16.3,,,44.1,6.4,,,,,0.0
德州,jma_seamless,2026-04-08,3,2026-04-11,24.0,12.4,13.7,,,35.9,10.7,,,,,0.0
德州,jma_seamless,2026-04-07,4,2026-04-11,24.0,12.4,14.4,,,47.5,10.8,,,,,0.0
德州,jma_seamless,2026-04-06,5,2026-04-11,24.0,12.4,15.8,,,60.4,7.8,,,,,0.0
德州,jma_seamless,2026-04-05,6,2026-04-11,25.0,14.6,18.0,,,60.4,7.8,,,,,0.0
德州,jma_seamless,2026-04-04,7,2026-04-11,24.3,11.7,15.9,,,57.6,5.4,,,,,0.0
德州,jma_seamless,2026-04-11,1,2026-04-12,24.9,16.4,18.2,,,49.4,9.1,,,,,0.0
德州,jma_seamless,2026-04-10,2,2026-04-12,25.6,15.7,18.0,,,56.8,6.7,,,,,0.0
德州,jma_seamless,2026-04-09,3,2026-04-12,18.5,12.3,12.5,,,46.9,7.0,,,,,0.0
德州,jma_seamless,2026-04-08,4,2026-04-12,18.5,12.3,13.0,,,50.3,5.7,,,,,0.0
德州,jma_seamless,2026-04-07,5,2026-04-12,18.5,12.3,12.9,,,49.4,5.9,,,,,0.0
德州,jma_seamless,2026-04-06,6,2026-04-12,22.1,14.3,16.3,,,49.4,7.8,,,,,0.0
德州,jma_seamless,2026-04-05,7,2026-04-12,19.7,12.4,14.6,,,69.6,5.2,,,,,0.0
德州,jma_seamless,2026-04-12,1,2026-04-13,21.7,15.8,18.0,,,68.4,4.3,,,,,0.0
德州,jma_seamless,2026-04-11,2,2026-04-13,22.9,14.5,17.7,,,64.1,3.2,,,,,0.0
德州,jma_seamless,2026-04-10,3,2026-04-13,22.7,12.7,15.2,,,53.5,8.0,,,,,0.0
德州,jma_seamless,2026-04-09,4,2026-04-13,22.7,12.7,15.4,,,61.2,11.4,,,,,0.0
德州,jma_seamless,2026-04-08,5,2026-04-13,22.7,12.7,15.8,,,68.4,10.5,,,,,0.0
德州,jma_seamless,2026-04-07,6,2026-04-13,20.5,13.3,16.2,,,68.4,7.6,,,,,0.0
德州,jma_seamless,2026-04-06,7,2026-04-13,20.0,13.7,17.4,,,81.4,4.0,,,,,0.0
德州,jma_seamless,2026-04-13,1,2026-04-14,24.5,13.4,14.0,,,63.5,6.2,,,,,0.0
德州,jma_seamless,2026-04-12,2,2026-04-14,24.3,11.9,17.1,,,64.2,4.7,,,,,
德州,jma_seamless,2026-04-11,3,2026-04-14,18.4,18.3,16.8,,,57.1,3.6,,,,,
德州,jma_seamless,2026-04-10,4,2026-04-14,18.4,18.3,19.1,,,57.0,5.0,,,,,0.0
德州,jma_seamless,2026-04-09,5,2026-04-14,18.4,18.3,18.1,,,63.5,5.8,,,,,
德州,jma_seamless,2026-04-08,6,2026-04-14,20.9,10.0,10.6,,,63.5,3.8,,,,,0.0
德州,jma_seamless,2026-04-07,7,2026-04-14,19.7,13.7,15.6,,,68.6,6.1,,,,,
德州,jma_seamless,2026-04-14,1,2026-04-15,25.9,14.6,,,,,5.6,,,,,0.0
德州,jma_seamless,2026-04-13,2,2026-04-15,26.3,14.6,19.2,,,61.4,5.0,,,,,
德州,jma_seamless,2026-04-09,6,2026-04-15,25.0,11.5,,,,,7.1,,,,,0.0
德州,jma_seamless,2026-04-08,7,2026-04-15,25.6,15.0,17.1,,,50.5,7.3,,,,,
德州,jma_seamless,2026-04-15,1,2026-04-16,20.5,14.4,,,,,7.9,,,,,0.0
德州,jma_seamless,2026-04-14,2,2026-04-16,23.1,17.3,18.4,,,53.3,7.1,,,,,
德州,jma_seamless,2026-04-10,6,2026-04-16,24.9,16.3,,,,,7.9,,,,,0.0
德州,jma_seamless,2026-04-09,7,2026-04-16,21.6,15.5,17.9,,,64.6,7.2,,,,,
德州,jma_seamless,2026-04-16,1,2026-04-17,25.0,11.1,,,,,5.1,,,,,0.0
德州,jma_seamless,2026-04-15,2,2026-04-17,27.0,14.6,19.9,,28.3,62.9,5.6,,,,,
德州,jma_seamless,2026-04-11,6,2026-04-17,26.0,16.1,,,,,4.4,,,,,0.0
德州,jma_seamless,2026-04-10,7,2026-04-17,22.6,16.0,19.4,,,69.4,5.6,,,,,
德州,jma_seamless,2026-04-17,1,2026-04-18,28.5,17.9,,,,,13.3,,,,,0.0
德州,jma_seamless,2026-04-16,2,2026-04-18,28.7,17.3,20.8,,29.3,50.2,13.1,,,,,
德州,jma_seamless,2026-04-12,6,2026-04-18,28.1,16.1,,,,,9.2,,,,,0.0
德州,jma_seamless,2026-04-11,7,2026-04-18,29.0,15.9,20.7,,30.0,52.4,8.4,,,,,
德州,jma_seamless,2026-04-18,1,2026-04-19,27.9,15.6,,,,,12.8,,,,,0.0
德州,jma_seamless,2026-04-17,2,2026-04-19,26.7,17.7,19.4,,,43.0,12.4,,,,,
德州,jma_seamless,2026-04-13,6,2026-04-19,29.2,17.9,,,,,15.2,,,,,0.0
德州,jma_seamless,2026-04-12,7,2026-04-19,26.1,18.0,20.8,,,52.0,9.5,,,,,
德州,jma_seamless,2026-04-19,1,2026-04-20,19.6,11.4,,,,,9.8,,,,,0.0
德州,jma_seamless,2026-04-18,2,2026-04-20,19.3,12.5,10.8,,,10.6,8.9,,,,,
德州,jma_seamless,2026-04-14,6,2026-04-20,23.2,12.2,,,,,10.3,,,,,0.0
德州,jma_seamless,2026-04-13,7,2026-04-20,21.9,14.3,13.7,,,17.5,14.5,,,,,
德州,jma_seamless,2026-04-20,1,2026-04-21,20.4,12.8,,,,,10.2,,,,,0.0
德州,jma_seamless,2026-04-19,2,2026-04-21,22.3,12.9,13.6,,,34.5,9.5,,,,,
德州,jma_seamless,2026-04-15,6,2026-04-21,22.8,10.0,,,,,4.0,,,,,0.0
德州,jma_seamless,2026-04-14,7,2026-04-21,22.8,12.2,13.3,,,26.9,3.2,,,,,
德州,jma_seamless,2026-04-21,1,2026-04-22,17.7,10.6,,,,,,,,,,
德州,jma_seamless,2026-04-20,2,2026-04-22,20.5,12.8,14.2,,,,,,,,,
德州,jma_seamless,2026-04-16,6,2026-04-22,19.1,10.2,,,,,,,,,,
德州,jma_seamless,2026-04-15,7,2026-04-22,22.3,11.5,13.4,,,,,,,,,
德州,jma_seamless,2026-04-22,1,2026-04-23,23.2,12.1,,,,,,,,,,
德州,jma_seamless,2026-04-21,2,2026-04-23,23.9,13.3,15.9,,,,,,,,,
德州,jma_seamless,2026-04-17,6,2026-04-23,25.1,13.7,,,,,,,,,,
德州,jma_seamless,2026-04-16,7,2026-04-23,22.3,13.2,14.7,,,,,,,,,
德州,jma_seamless,2026-04-23,1,2026-04-24,26.1,15.8,,,,,,,,,,
德州,jma_seamless,2026-04-22,2,2026-04-24,26.3,15.8,17.2,,,,,,,,,
德州,jma_seamless,2026-04-18,6,2026-04-24,23.5,15.6,,,,,,,,,,
德州,jma_seamless,2026-04-17,7,2026-04-24,26.7,15.4,17.2,,,,,,,,,
德州,jma_seamless,2026-04-24,1,2026-04-25,26.1,16.6,,,,,,,,,,
德州,jma_seamless,2026-04-23,2,2026-04-25,26.3,16.6,19.0,,,,,,,,,
德州,jma_seamless,2026-04-19,6,2026-04-25,28.1,18.1,,,,,,,,,,
德州,jma_seamless,2026-04-18,7,2026-04-25,27.8,16.9,21.2,,,,,,,,,
德州,jma_seamless,2026-04-25,1,2026-04-26,20.7,16.9,,,,,,,,,,
德州,jma_seamless,2026-04-24,2,2026-04-26,25.0,15.3,19.9,,,,,,,,,
德州,jma_seamless,2026-04-20,6,2026-04-26,21.6,17.7,,,,,,,,,,
德州,jma_seamless,2026-04-19,7,2026-04-26,20.7,16.2,18.2,,,,,,,,,
德州,jma_seamless,2026-04-26,1,2026-04-27,24.9,15.0,17.2,,,,,,,,,
德州,jma_seamless,2026-04-25,2,2026-04-27,25.7,13.7,17.0,,,,,,,,,
德州,jma_seamless,2026-04-24,3,2026-04-27,25.2,15.0,19.1,,,,,,,,,
德州,jma_seamless,2026-04-23,4,2026-04-27,23.6,15.8,18.3,,,,,,,,,
德州,jma_seamless,2026-04-22,5,2026-04-27,22.9,16.3,18.6,,,,,,,,,
德州,jma_seamless,2026-04-21,6,2026-04-27,24.7,14.8,19.7,,,,,,,,,
德州,jma_seamless,2026-04-20,7,2026-04-27,24.1,15.9,15.7,,,,,,,,,
德州,jma_seamless,2026-04-27,1,2026-04-28,21.9,12.2,13.3,,,,,,,,,
德州,jma_seamless,2026-04-26,2,2026-04-28,21.9,13.3,14.0,,,,,,,,,
德州,jma_seamless,2026-04-25,3,2026-04-28,20.8,14.1,14.5,,,,,,,,,
德州,jma_seamless,2026-04-24,4,2026-04-28,21.5,13.7,14.8,,,,,,,,,
德州,jma_seamless,2026-04-23,5,2026-04-28,25.5,14.8,16.6,,,,,,,,,
德州,jma_seamless,2026-04-22,6,2026-04-28,25.4,12.9,16.6,,,,,,,,,
德州,jma_seamless,2026-04-21,7,2026-04-28,28.2,17.4,19.4,,,,,,,,,
德州,jma_seamless,2026-04-28,1,2026-04-29,23.9,10.1,13.8,,,,,,,,,
德州,jma_seamless,2026-04-27,2,2026-04-29,24.7,10.4,14.4,,,,,,,,,
德州,jma_seamless,2026-04-26,3,2026-04-29,25.0,12.5,15.1,,,,,,,,,
德州,jma_seamless,2026-04-25,4,2026-04-29,25.2,14.3,15.4,,,,,,,,,
德州,jma_seamless,2026-04-24,5,2026-04-29,22.5,14.7,15.2,,,,,,,,,
德州,jma_seamless,2026-04-23,6,2026-04-29,28.3,14.3,17.7,,,,,,,,,
德州,jma_seamless,2026-04-22,7,2026-04-29,28.4,13.2,17.5,,,,,,,,,
德州,jma_seamless,2026-04-29,1,2026-04-30,25.3,15.5,16.7,,,,,,,,,
德州,jma_seamless,2026-04-28,2,2026-04-30,26.0,15.8,16.9,,,,,,,,,
德州,jma_seamless,2026-04-27,3,2026-04-30,26.7,16.3,18.0,,,,,,,,,
德州,jma_seamless,2026-04-26,4,2026-04-30,27.9,16.4,18.3,,,,,,,,,
德州,jma_seamless,2026-04-25,5,2026-04-30,28.9,16.0,18.4,,,,,,,,,
德州,jma_seamless,2026-04-24,6,2026-04-30,26.4,14.1,17.6,,,,,,,,,
德州,jma_seamless,2026-04-23,7,2026-04-30,26.7,11.3,15.2,,,,,,,,,
德州,jma_seamless,2026-04-30,1,2026-05-01,27.8,16.2,19.9,,,,,,,,,
德州,jma_seamless,2026-04-29,2,2026-05-01,27.6,17.2,19.9,,,,,,,,,
德州,jma_seamless,2026-04-28,3,2026-05-01,26.6,17.9,19.5,,,,,,,,,
德州,jma_seamless,2026-04-27,4,2026-05-01,26.5,17.8,18.8,,,,,,,,,
德州,jma_seamless,2026-04-26,5,2026-05-01,29.6,18.2,20.7,,,,,,,,,
德州,jma_seamless,2026-04-25,6,2026-05-01,25.6,18.5,18.6,,,,,,,,,
德州,jma_seamless,2026-04-24,7,2026-05-01,25.9,14.4,17.5,,,,,,,,,
德州,jma_seamless,2026-05-01,1,2026-05-02,23.2,15.3,18.2,,,,,,,,,
德州,jma_seamless,2026-04-30,2,2026-05-02,22.8,16.9,18.8,,,,,,,,,
德州,jma_seamless,2026-04-29,3,2026-05-02,25.0,17.7,19.3,,,,,,,,,
德州,jma_seamless,2026-04-28,4,2026-05-02,23.9,16.8,18.4,,,,,,,,,
德州,jma_seamless,2026-04-27,5,2026-05-02,24.8,15.8,16.9,,,,,,,,,
德州,jma_seamless,2026-04-26,6,2026-05-02,26.4,16.5,18.3,,,,,,,,,
德州,jma_seamless,2026-04-25,7,2026-05-02,25.9,16.3,18.8,,,,,,,,,
德州,jma_seamless,2026-05-02,1,2026-05-03,20.2,12.0,14.1,,,,,,,,,
德州,jma_seamless,2026-05-01,2,2026-05-03,19.5,10.3,12.1,,,,,,,,,
德州,jma_seamless,2026-04-30,3,2026-05-03,20.9,11.8,14.2,,,,,,,,,
德州,jma_seamless,2026-04-29,4,2026-05-03,23.0,12.8,14.8,,,,,,,,,
德州,jma_seamless,2026-04-28,5,2026-05-03,27.3,17.0,18.9,,,,,,,,,
德州,jma_seamless,2026-04-27,6,2026-05-03,31.3,18.0,20.0,,,,,,,,,
德州,jma_seamless,2026-04-26,7,2026-05-03,27.9,18.0,20.5,,,,,,,,,
德州,jma_seamless,2026-05-03,1,2026-05-04,26.1,12.3,16.5,,,,,,,,,
德州,jma_seamless,2026-05-02,2,2026-05-04,27.1,12.1,17.4,,,,,,,,,
德州,jma_seamless,2026-05-01,3,2026-05-04,26.7,12.9,16.4,,,,,,,,,
德州,jma_seamless,2026-04-30,4,2026-05-04,27.8,13.1,17.9,,,,,,,,,
德州,jma_seamless,2026-04-29,5,2026-05-04,27.5,14.9,17.6,,,,,,,,,
德州,jma_seamless,2026-04-28,6,2026-05-04,30.9,19.6,20.5,,,,,,,,,
德州,jma_seamless,2026-04-27,7,2026-05-04,26.4,18.7,18.1,,,,,,,,,
德州,jma_seamless,2026-05-04,1,2026-05-05,31.6,19.6,21.6,,,,,,,,,
德州,jma_seamless,2026-05-03,2,2026-05-05,32.1,20.6,22.0,,,,,,,,,
德州,jma_seamless,2026-05-02,3,2026-05-05,32.5,18.3,21.4,,,,,,,,,
德州,jma_seamless,2026-05-01,4,2026-05-05,31.0,17.6,20.6,,,,,,,,,
德州,jma_seamless,2026-04-30,5,2026-05-05,30.2,17.7,20.8,,,,,,,,,
德州,jma_seamless,2026-04-29,6,2026-05-05,32.7,19.2,21.7,,,,,,,,,
德州,jma_seamless,2026-04-28,7,2026-05-05,31.1,16.8,21.6,,,,,,,,,
德州,jma_seamless,2026-05-05,1,2026-05-06,30.2,23.2,24.2,,29.6,37.0,14.2,,61.8,,,
德州,jma_seamless,2026-05-04,2,2026-05-06,32.3,23.5,24.0,,30.8,26.5,15.9,,68.2,,,
德州,jma_seamless,2026-05-03,3,2026-05-06,33.3,24.2,24.9,,32.2,28.7,16.0,,45.5,,,
德州,jma_seamless,2026-05-02,4,2026-05-06,32.4,23.1,24.6,,31.7,33.4,16.8,,25.2,,,
德州,jma_seamless,2026-05-01,5,2026-05-06,32.3,22.6,23.7,,30.9,28.2,17.4,,33.8,,,
德州,jma_seamless,2026-04-30,6,2026-05-06,32.7,23.0,23.2,,30.9,23.1,16.6,,19.9,,,
德州,jma_seamless,2026-04-29,7,2026-05-06,31.1,23.0,23.1,,29.6,27.3,18.7,,34.3,,,
德州,jma_seamless,2026-05-06,1,2026-05-07,23.6,15.9,16.4,,,19.6,11.7,,35.5,,,
德州,jma_seamless,2026-05-05,2,2026-05-07,23.6,16.2,16.4,,,23.5,10.3,,23.0,,,
德州,jma_seamless,2026-05-04,3,2026-05-07,24.4,17.1,16.9,,,19.2,15.7,,56.6,,,
德州,jma_seamless,2026-05-03,4,2026-05-07,26.0,16.2,18.1,,,34.9,10.0,,76.2,,,
德州,jma_seamless,2026-05-02,5,2026-05-07,26.8,17.7,20.7,,,48.6,9.7,,86.9,,,
德州,jma_seamless,2026-05-01,6,2026-05-07,26.1,15.5,19.3,,,36.2,11.2,,84.8,,,
德州,jma_seamless,2026-04-30,7,2026-05-07,31.3,22.4,24.1,,30.8,36.3,8.9,,78.7,,,
德州,jma_seamless,2026-05-07,1,2026-05-08,27.7,14.7,16.3,,26.5,16.2,12.8,,3.2,,,0.0
德州,jma_seamless,2026-05-06,2,2026-05-08,27.6,14.8,16.8,,26.4,17.3,8.2,,17.7,,,0.0
德州,jma_seamless,2026-05-05,3,2026-05-08,27.9,13.9,17.1,,26.7,21.6,7.1,,17.6,,,0.0
德州,jma_seamless,2026-05-04,4,2026-05-08,26.7,12.6,16.8,,,23.2,5.7,,14.0,,,0.0
德州,jma_seamless,2026-05-03,5,2026-05-08,26.1,16.3,18.4,,,29.5,6.5,,36.8,,,0.0
德州,jma_seamless,2026-05-02,6,2026-05-08,27.3,14.7,17.8,,26.8,34.9,6.0,,53.4,,,0.0
德州,jma_seamless,2026-05-01,7,2026-05-08,25.3,17.9,18.6,,,30.8,8.8,,30.3,,,0.0
德州,jma_seamless,2026-05-08,1,2026-05-09,30.2,19.6,19.5,,28.7,25.9,22.6,,3.7,,,0.0
德州,jma_seamless,2026-05-07,2,2026-05-09,30.7,20.1,19.6,,28.8,20.7,22.0,,10.5,,,0.0
德州,jma_seamless,2026-05-06,3,2026-05-09,30.5,20.1,19.6,,28.6,17.2,19.2,,30.9,,,0.0
德州,jma_seamless,2026-05-05,4,2026-05-09,30.9,20.1,19.3,,28.9,17.6,19.1,,17.0,,,0.0
德州,jma_seamless,2026-05-04,5,2026-05-09,31.8,20.5,20.0,,29.7,16.6,18.5,,25.0,,,0.0
德州,jma_seamless,2026-05-03,6,2026-05-09,30.8,17.1,20.7,,29.3,27.1,11.5,,27.4,,,0.0
德州,jma_seamless,2026-05-02,7,2026-05-09,30.9,16.1,19.6,,29.2,23.4,5.9,,30.5,,,0.0
德州,jma_seamless,2026-05-09,1,2026-05-10,33.8,21.5,23.8,,33.2,30.9,11.0,,12.6,,,0.0
德州,jma_seamless,2026-05-08,2,2026-05-10,34.2,21.7,23.8,,33.0,26.9,10.8,,14.6,,,0.0
德州,jma_seamless,2026-05-07,3,2026-05-10,33.9,22.1,22.4,,31.9,20.8,11.9,,15.3,,,0.0
德州,jma_seamless,2026-05-06,4,2026-05-10,31.5,21.3,22.1,,29.9,26.3,11.7,,43.1,,,0.0
德州,jma_seamless,2026-05-05,5,2026-05-10,31.6,21.9,22.3,,29.9,25.0,12.6,,14.4,,,0.0
德州,jma_seamless,2026-05-04,6,2026-05-10,28.7,21.7,21.1,,27.3,21.6,15.9,,42.7,,,0.0
德州,jma_seamless,2026-05-03,7,2026-05-10,35.7,19.7,23.7,,33.9,20.6,16.5,,70.6,,,0.0
德州,jma_seamless,2026-05-10,1,2026-05-11,29.9,20.9,23.9,,30.5,47.1,7.0,,28.0,,,
德州,jma_seamless,2026-05-09,2,2026-05-11,32.3,21.5,25.2,,33.0,41.5,4.3,,15.2,,,
德州,jma_seamless,2026-05-08,3,2026-05-11,32.2,21.8,25.7,,33.3,43.6,5.1,,31.4,,,
德州,jma_seamless,2026-05-07,4,2026-05-11,32.8,19.7,24.6,,33.5,40.2,6.0,,1.8,,,
德州,jma_seamless,2026-05-06,5,2026-05-11,34.7,21.0,25.0,,35.1,33.9,7.0,,14.8,,,
德州,jma_seamless,2026-05-05,6,2026-05-11,33.8,22.0,25.2,,34.8,38.6,8.1,,11.2,,,
德州,jma_seamless,2026-05-04,7,2026-05-11,29.1,21.0,23.7,,28.1,32.5,7.6,,12.2,,,
德州,jma_seamless,2026-05-11,1,2026-05-12,32.5,19.8,25.5,,36.4,54.0,9.1,,1.0,,,
德州,jma_seamless,2026-05-10,2,2026-05-12,32.7,19.1,24.0,,34.2,44.2,10.4,,1.5,,,
德州,jma_seamless,2026-05-09,3,2026-05-12,34.3,21.3,26.6,,38.8,49.2,11.6,,6.8,,,
德州,jma_seamless,2026-05-08,4,2026-05-12,33.9,19.1,25.7,,36.8,45.5,8.4,,0.0,,,
德州,jma_seamless,2026-05-07,5,2026-05-12,36.5,23.0,27.3,,38.7,35.9,12.4,,5.5,,,
德州,jma_seamless,2026-05-06,6,2026-05-12,37.7,22.0,28.1,,41.9,38.0,16.2,,16.9,,,
德州,jma_seamless,2026-05-05,7,2026-05-12,37.4,23.3,27.8,,40.7,36.7,15.7,,0.9,,,
德州,jma_seamless,2026-05-12,1,2026-05-13,35.6,24.2,28.3,,38.9,41.7,13.9,,49.5,,,
德州,jma_seamless,2026-05-11,2,2026-05-13,34.5,24.1,28.0,,37.6,44.5,14.2,,42.1,,,
德州,jma_seamless,2026-05-10,3,2026-05-13,36.6,25.2,29.0,,38.6,35.1,14.1,,32.5,,,
德州,jma_seamless,2026-05-09,4,2026-05-13,38.7,26.4,31.0,,43.4,36.6,12.9,,19.4,,,
德州,jma_seamless,2026-05-08,5,2026-05-13,38.3,26.0,30.8,,44.4,40.7,13.6,,2.1,,,
德州,jma_seamless,2026-05-07,6,2026-05-13,40.5,27.6,31.8,,45.0,31.9,13.0,,0.0,,,
德州,jma_seamless,2026-05-06,7,2026-05-13,38.2,28.7,30.7,,38.3,25.4,14.5,,29.6,,,
德州,jma_seamless,2026-05-13,1,2026-05-14,34.6,24.4,29.6,,38.9,47.8,6.9,,31.9,,,
德州,jma_seamless,2026-05-12,2,2026-05-14,36.3,24.1,29.7,,41.3,44.0,7.8,,22.3,,,
德州,jma_seamless,2026-05-11,3,2026-05-14,35.6,24.5,30.2,,41.5,48.6,9.1,,41.2,,,
德州,jma_seamless,2026-05-10,4,2026-05-14,37.6,25.6,30.4,,41.0,36.2,8.7,,66.2,,,
德州,jma_seamless,2026-05-09,5,2026-05-14,37.2,24.1,30.5,,43.5,44.2,7.9,,13.0,,,
德州,jma_seamless,2026-05-08,6,2026-05-14,40.9,25.3,31.4,,51.3,41.1,8.7,,9.5,,,
德州,jma_seamless,2026-05-07,7,2026-05-14,39.3,24.1,31.3,,45.4,37.8,11.3,,2.8,,,
德州,jma_seamless,2026-05-14,1,2026-05-15,29.6,22.1,27.1,,32.4,61.9,8.4,,34.7,,,0.0
德州,jma_seamless,2026-05-13,2,2026-05-15,30.9,22.9,27.7,,33.6,55.4,8.3,,28.5,,,0.0
德州,jma_seamless,2026-05-12,3,2026-05-15,32.5,24.0,28.5,,35.9,52.3,10.4,,23.8,,,0.0
德州,jma_seamless,2026-05-11,4,2026-05-15,32.1,22.9,27.8,,35.4,53.4,8.4,,27.0,,,0.0
德州,jma_seamless,2026-05-10,5,2026-05-15,36.0,25.2,30.3,,39.7,41.5,7.9,,41.4,,,0.0
德州,jma_seamless,2026-05-09,6,2026-05-15,31.4,23.2,27.6,,35.7,59.8,11.2,,44.9,,,0.0
德州,jma_seamless,2026-05-08,7,2026-05-15,37.2,22.1,28.1,,44.4,46.2,9.2,,31.2,,,0.0
德州,jma_seamless,2026-05-15,1,2026-05-16,27.8,20.6,24.5,,28.7,55.3,9.0,,79.8,,,
德州,jma_seamless,2026-05-14,2,2026-05-16,29.1,20.7,24.8,,30.7,56.8,9.8,,75.6,,,
德州,jma_seamless,2026-05-13,3,2026-05-16,29.8,20.8,24.9,,30.8,50.0,9.2,,54.2,,,
德州,jma_seamless,2026-05-12,4,2026-05-16,26.8,21.6,24.6,,,57.5,9.4,,64.1,,,
德州,jma_seamless,2026-05-11,5,2026-05-16,27.1,22.3,25.5,,28.1,59.1,11.0,,72.5,,,
德州,jma_seamless,2026-05-10,6,2026-05-16,29.7,21.8,26.2,,30.3,47.8,7.8,,71.3,,,
德州,jma_seamless,2026-05-09,7,2026-05-16,27.5,18.8,23.8,,29.9,72.0,10.3,,86.6,,,
德州,jma_seamless,2026-05-16,1,2026-05-17,27.3,22.3,26.2,,29.0,66.6,9.0,,91.7,,,
德州,jma_seamless,2026-05-15,2,2026-05-17,27.9,23.0,25.9,,28.9,56.4,12.2,,89.0,,,
德州,jma_seamless,2026-05-14,3,2026-05-17,25.2,19.5,23.8,,,74.0,9.5,,84.8,,,
德州,jma_seamless,2026-05-13,4,2026-05-17,29.3,21.5,25.1,,30.7,54.9,11.2,,78.7,,,
德州,jma_seamless,2026-05-12,5,2026-05-17,28.3,21.2,25.3,,30.7,65.8,10.9,,93.8,,,
德州,jma_seamless,2026-05-11,6,2026-05-17,27.9,23.5,26.1,,30.5,70.0,14.5,,97.2,,,
德州,jma_seamless,2026-05-10,7,2026-05-17,25.5,22.9,26.6,,,77.9,10.4,,94.5,,,
德州,jma_seamless,2026-05-17,1,2026-05-18,25.7,19.7,24.6,,,74.8,7.0,,92.2,,,
德州,jma_seamless,2026-05-16,2,2026-05-18,25.9,20.9,24.9,,,78.5,10.6,,92.6,,,
德州,jma_seamless,2026-05-15,3,2026-05-18,30.0,20.0,24.7,,33.3,62.1,9.1,,66.2,,,
德州,jma_seamless,2026-05-14,4,2026-05-18,25.2,19.1,23.8,,,78.4,6.5,,78.8,,,
德州,jma_seamless,2026-05-13,5,2026-05-18,23.6,19.4,24.1,,,84.7,4.3,,98.5,,,
德州,jma_seamless,2026-05-12,6,2026-05-18,24.5,20.7,25.7,,,89.2,7.4,,93.5,,,
德州,jma_seamless,2026-05-11,7,2026-05-18,26.3,20.7,27.6,,,89.9,6.7,,94.0,,,
德州,jma_seamless,2026-05-18,1,2026-05-19,24.5,18.9,21.7,,,75.0,10.9,,84.8,,,
德州,jma_seamless,2026-05-17,2,2026-05-19,26.5,20.0,23.8,,,77.5,10.3,,81.6,,,
德州,jma_seamless,2026-05-16,3,2026-05-19,25.3,19.0,23.6,,,80.2,8.4,,86.3,,,
德州,jma_seamless,2026-05-15,4,2026-05-19,32.0,19.0,25.1,,37.3,60.6,7.8,,78.1,,,
德州,jma_seamless,2026-05-14,5,2026-05-19,25.4,19.8,25.2,,,80.8,6.0,,71.9,,,
德州,jma_seamless,2026-05-13,6,2026-05-19,24.3,20.6,24.0,,,72.6,5.6,,84.9,,,
德州,jma_seamless,2026-05-12,7,2026-05-19,24.4,16.5,23.1,,,87.2,9.6,,98.5,,,
德州,jma_seamless,2026-05-19,1,2026-05-20,22.0,17.6,20.4,,,79.8,9.9,,69.8,,1.2,0.0
德州,jma_seamless,2026-05-18,2,2026-05-20,24.8,18.8,22.5,,,75.8,8.8,,65.3,,0.6,0.0
德州,jma_seamless,2026-05-17,3,2026-05-20,23.7,19.0,21.6,,,71.2,9.8,,81.5,,0.6,0.0
德州,jma_seamless,2026-05-16,4,2026-05-20,21.6,18.4,20.5,,,77.8,10.9,,77.3,,11.1,0.0
德州,jma_seamless,2026-05-15,5,2026-05-20,22.4,18.5,21.1,,,74.5,10.7,,61.2,,18.6,0.0
德州,jma_seamless,2026-05-14,6,2026-05-20,21.9,17.5,20.2,,,78.2,8.9,,75.8,,0.0,0.0
德州,jma_seamless,2026-05-13,7,2026-05-20,23.7,15.3,18.7,,,84.4,10.6,,81.2,,26.7,0.0
德州,jma_seamless,2026-05-20,1,2026-05-21,24.6,16.8,21.2,,,69.6,5.4,,22.3,,0.0,0.0
德州,jma_seamless,2026-05-19,2,2026-05-21,26.1,17.1,21.8,,,70.5,6.9,,33.4,,0.0,0.0
德州,jma_seamless,2026-05-18,3,2026-05-21,22.6,17.6,21.5,,,78.9,6.3,,58.1,,0.3,0.0
德州,jma_seamless,2026-05-17,4,2026-05-21,21.9,16.4,20.4,,,74.6,5.2,,35.2,,0.0,0.0
德州,jma_seamless,2026-05-16,5,2026-05-21,23.6,16.5,20.3,,,72.7,6.4,,28.4,,0.0,0.0
德州,jma_seamless,2026-05-15,6,2026-05-21,23.0,16.2,20.1,,,71.0,6.4,,41.2,,0.0,0.0
德州,jma_seamless,2026-05-14,7,2026-05-21,24.6,15.3,20.6,,,75.9,5.5,,37.3,,2.1,0.0
德州,jma_seamless,2026-05-21,1,2026-05-22,23.6,17.7,22.0,,,72.8,9.4,,86.5,,1.2,
德州,jma_seamless,2026-05-20,2,2026-05-22,25.7,18.8,23.3,,,72.5,8.2,,82.8,,1.2,
德州,jma_seamless,2026-05-19,3,2026-05-22,22.4,17.5,22.4,,,85.5,5.7,,92.5,,63.9,
德州,jma_seamless,2026-05-18,4,2026-05-22,23.3,19.3,24.7,,,86.8,5.0,,89.2,,2.4,
德州,jma_seamless,2026-05-17,5,2026-05-22,26.2,18.1,23.7,,,74.6,8.5,,68.1,,0.0,
德州,jma_seamless,2026-05-16,6,2026-05-22,27.4,18.6,24.1,,29.3,67.4,6.6,,78.6,,0.0,
德州,jma_seamless,2026-05-15,7,2026-05-22,24.7,17.2,22.2,,,71.3,5.9,,93.7,,0.0,
德州,jma_seamless,2026-05-22,1,2026-05-23,28.1,17.5,24.2,,31.1,71.8,5.6,,87.6,,0.0,
德州,jma_seamless,2026-05-21,2,2026-05-23,28.6,17.3,23.8,,32.1,71.6,4.6,,72.9,,0.0,
德州,jma_seamless,2026-05-20,3,2026-05-23,29.6,19.9,27.6,,36.7,80.9,3.9,,50.9,,0.0,
德州,jma_seamless,2026-05-19,4,2026-05-23,25.5,20.4,25.4,,,81.9,3.4,,62.9,,0.0,
德州,jma_seamless,2026-05-18,5,2026-05-23,29.5,18.9,25.9,,36.1,79.6,6.2,,29.2,,0.0,
德州,jma_seamless,2026-05-17,6,2026-05-23,28.1,20.4,26.5,,31.2,72.1,4.5,,35.2,,0.0,
德州,jma_seamless,2026-05-16,7,2026-05-23,27.5,20.1,26.4,,30.2,73.9,5.4,,26.7,,0.6,
德州,jma_seamless,2026-05-23,1,2026-05-24,31.5,21.5,26.6,,36.3,61.3,7.5,,39.4,,0.3,
德州,jma_seamless,2026-05-22,2,2026-05-24,31.0,20.5,26.9,,36.2,65.2,6.9,,40.2,,0.0,
德州,jma_seamless,2026-05-21,3,2026-05-24,31.1,22.2,27.0,,36.5,65.2,8.2,,59.4,,0.0,
德州,jma_seamless,2026-05-20,4,2026-05-24,30.5,21.8,28.7,,35.9,68.7,7.4,,80.6,,0.0,
德州,jma_seamless,2026-05-19,5,2026-05-24,31.3,21.0,27.5,,37.7,67.7,6.7,,55.4,,0.0,
德州,jma_seamless,2026-05-18,6,2026-05-24,30.8,21.3,26.2,,33.5,56.0,6.7,,69.7,,0.0,
德州,jma_seamless,2026-05-17,7,2026-05-24,30.8,22.0,28.5,,36.4,67.7,5.4,,63.8,,0.0,
德州,jma_seamless,2026-05-24,1,2026-05-25,25.5,19.0,24.2,,,84.1,12.1,,97.5,,9.3,0.0
德州,jma_seamless,2026-05-23,2,2026-05-25,26.6,19.4,25.4,,,83.8,12.8,,95.5,,26.1,0.0
德州,jma_seamless,2026-05-22,3,2026-05-25,26.3,17.7,24.6,,,84.9,12.4,,89.8,,14.1,0.0
德州,jma_seamless,2026-05-21,4,2026-05-25,25.0,18.5,24.5,,,82.0,10.6,,75.6,,5.1,0.0
德州,jma_seamless,2026-05-20,5,2026-05-25,28.2,17.8,24.8,,31.9,75.4,12.4,,90.3,,18.9,0.0
德州,jma_seamless,2026-05-19,6,2026-05-25,26.3,21.6,26.2,,,70.8,5.7,,90.5,,9.6,0.0
德州,jma_seamless,2026-05-18,7,2026-05-25,28.8,17.2,25.3,,32.6,71.5,6.6,,88.6,,22.8,0.0
德州,jma_seamless,2026-05-25,1,2026-05-26,20.5,17.6,19.2,,,86.2,13.6,,88.8,,6.0,0.0
德州,jma_seamless,2026-05-24,2,2026-05-26,21.7,17.4,19.5,,,90.8,13.9,,92.6,,24.3,0.0
德州,jma_seamless,2026-05-23,3,2026-05-26,22.7,17.3,20.1,,,77.7,14.3,,74.1,,5.7,0.0
德州,jma_seamless,2026-05-22,4,2026-05-26,21.6,18.1,20.1,,,81.6,13.6,,87.0,,17.7,0.0
德州,jma_seamless,2026-05-21,5,2026-05-26,23.1,17.5,20.8,,,76.8,12.4,,70.8,,14.1,0.0
德州,jma_seamless,2026-05-20,6,2026-05-26,23.8,18.4,22.1,,,75.8,10.2,,55.6,,22.2,0.0
德州,jma_seamless,2026-05-19,7,2026-05-26,27.1,17.3,23.9,,30.2,82.7,10.5,,82.2,,15.6,0.0
德州,jma_seamless,2026-05-26,1,2026-05-27,28.1,18.7,24.0,,29.9,62.4,6.7,,32.7,,0.0,0.0
德州,jma_seamless,2026-05-25,2,2026-05-27,23.7,17.4,23.1,,,83.0,7.5,,65.8,,2.4,0.0
德州,jma_seamless,2026-05-24,3,2026-05-27,26.0,19.0,24.5,,,76.1,5.2,,29.2,,0.0,0.0
德州,jma_seamless,2026-05-23,4,2026-05-27,31.6,18.5,25.9,,35.3,56.9,5.7,,21.2,,0.0,0.0
德州,jma_seamless,2026-05-22,5,2026-05-27,27.3,19.6,24.8,,28.6,61.3,4.4,,49.6,,0.0,0.0
德州,jma_seamless,2026-05-21,6,2026-05-27,29.9,17.2,24.5,,31.9,56.1,3.7,,50.1,,0.0,0.0
德州,jma_seamless,2026-05-20,7,2026-05-27,29.4,19.1,23.2,,29.1,41.1,10.3,,55.2,,0.0,0.0
德州,jma_seamless,2026-05-27,1,2026-05-28,31.4,22.4,24.6,,31.0,36.9,8.0,,26.5,,0.0,0.0
德州,jma_seamless,2026-05-26,2,2026-05-28,31.9,21.4,25.1,,32.2,40.5,8.1,,24.2,,0.0,0.0
德州,jma_seamless,2026-05-25,3,2026-05-28,32.5,20.8,25.2,,33.6,43.0,8.2,,15.5,,0.0,0.0
德州,jma_seamless,2026-05-24,4,2026-05-28,32.7,22.4,25.0,,31.8,31.5,8.4,,15.9,,0.0,0.0
德州,jma_seamless,2026-05-23,5,2026-05-28,34.0,24.9,25.9,,32.8,27.0,10.1,,22.1,,0.0,0.0
德州,jma_seamless,2026-05-22,6,2026-05-28,30.4,24.7,23.9,,28.6,21.6,12.0,,12.2,,0.0,0.0
德州,jma_seamless,2026-05-21,7,2026-05-28,30.6,24.6,23.1,,28.7,19.7,13.9,,1.4,,0.0,0.0
德州,jma_seamless,2026-05-28,1,2026-05-29,34.2,19.8,25.2,,34.2,33.3,6.1,,14.8,,0.0,0.0
德州,jma_seamless,2026-05-27,2,2026-05-29,33.6,21.1,25.4,,33.3,32.9,4.3,,26.8,,0.0,0.0
德州,jma_seamless,2026-05-26,3,2026-05-29,33.5,19.7,25.0,,33.4,34.2,3.8,,3.9,,0.0,0.0
德州,jma_seamless,2026-05-25,4,2026-05-29,34.4,21.6,26.0,,35.7,38.4,4.5,,22.7,,0.0,0.0
德州,jma_seamless,2026-05-24,5,2026-05-29,33.7,21.7,25.0,,33.4,32.7,5.9,,16.8,,0.0,0.0
德州,jma_seamless,2026-05-23,6,2026-05-29,34.5,22.5,25.5,,35.0,35.0,5.1,,5.1,,0.0,0.0
德州,jma_seamless,2026-05-22,7,2026-05-29,33.0,23.3,24.0,,31.1,22.0,8.4,,1.6,,0.0,0.0
德州,jma_seamless,2026-05-29,1,2026-05-30,35.6,23.7,26.5,,35.5,29.7,13.1,,0.4,,0.0,0.0
德州,jma_seamless,2026-05-28,2,2026-05-30,36.2,24.1,26.9,,35.6,26.2,11.5,,3.2,,0.0,0.0
德州,jma_seamless,2026-05-27,3,2026-05-30,36.4,23.2,26.4,,35.9,26.2,11.0,,3.3,,0.0,0.0
德州,jma_seamless,2026-05-26,4,2026-05-30,36.5,23.3,26.5,,36.7,28.9,10.9,,12.9,,0.0,0.0
德州,jma_seamless,2026-05-25,5,2026-05-30,36.9,21.4,26.8,,38.6,33.4,10.3,,19.8,,0.0,0.0
德州,jma_seamless,2026-05-24,6,2026-05-30,34.4,22.5,26.3,,33.7,29.4,5.5,,9.7,,0.0,0.0
德州,jma_seamless,2026-05-23,7,2026-05-30,37.3,23.7,27.2,,39.2,33.1,8.4,,8.5,,0.0,0.0
德州,jma_seamless,2026-05-30,1,2026-05-31,35.5,24.7,27.3,,35.5,30.4,15.3,,31.8,,0.0,0.0
德州,jma_seamless,2026-05-29,2,2026-05-31,35.5,25.1,27.0,,34.9,27.5,16.1,,51.3,,0.0,0.0
德州,jma_seamless,2026-05-28,3,2026-05-31,35.9,25.6,27.6,,35.5,28.0,15.6,,46.1,,0.0,0.0
德州,jma_seamless,2026-05-27,4,2026-05-31,36.1,25.3,27.0,,35.3,25.7,15.0,,45.3,,0.0,0.0
德州,jma_seamless,2026-05-26,5,2026-05-31,30.1,25.5,26.0,,29.0,31.6,12.3,,68.5,,0.0,0.0
德州,jma_seamless,2026-05-25,6,2026-05-31,33.8,23.1,25.9,,33.7,33.8,13.2,,71.0,,0.0,0.0
德州,jma_seamless,2026-05-24,7,2026-05-31,38.7,24.5,28.2,,39.5,26.7,10.5,,25.2,,0.0,0.0
德州,jma_seamless,2026-05-31,1,2026-06-01,37.2,25.8,30.0,,38.4,31.1,9.5,,16.5,,0.0,0.0
德州,jma_seamless,2026-05-30,2,2026-06-01,37.0,25.6,30.0,,37.8,30.0,7.3,,21.3,,0.0,0.0
德州,jma_seamless,2026-05-29,3,2026-06-01,36.7,26.1,29.6,,36.8,28.4,9.7,,31.5,,0.0,0.0
德州,jma_seamless,2026-05-28,4,2026-06-01,37.2,25.3,28.9,,37.9,29.4,11.2,,21.0,,0.0,0.0
德州,jma_seamless,2026-05-27,5,2026-06-01,38.7,26.1,29.2,,39.4,26.4,11.5,,36.5,,0.0,0.0
德州,jma_seamless,2026-05-26,6,2026-06-01,32.6,21.7,25.6,,32.5,36.7,9.1,,36.6,,0.0,0.0
德州,jma_seamless,2026-05-25,7,2026-06-01,33.9,21.6,27.1,,36.2,43.7,11.0,,44.5,,1.5,0.0
德州,jma_seamless,2026-06-01,1,2026-06-02,38.7,28.2,31.0,,39.5,26.6,12.9,,41.9,,0.0,0.0
德州,jma_seamless,2026-05-31,2,2026-06-02,39.7,28.3,31.2,,40.3,24.3,13.7,,40.8,,0.0,0.0
德州,jma_seamless,2026-05-30,3,2026-06-02,40.7,28.5,31.5,,41.0,21.6,12.2,,38.0,,0.0,0.0
德州,jma_seamless,2026-05-29,4,2026-06-02,39.6,27.4,30.3,,39.0,20.7,11.5,,40.0,,0.0,0.0
德州,jma_seamless,2026-05-28,5,2026-06-02,37.6,26.3,29.1,,36.8,22.9,12.1,,59.4,,0.0,0.0
德州,jma_seamless,2026-05-27,6,2026-06-02,38.9,25.4,29.8,,38.6,22.8,8.3,,64.7,,0.0,0.0
德州,jma_seamless,2026-05-26,7,2026-06-02,37.1,20.8,27.6,,42.0,41.3,7.6,,65.8,,1.5,0.0
德州,jma_seamless,2026-06-02,1,2026-06-03,38.3,21.6,30.0,,44.4,40.5,17.3,,,,,0.0
德州,jma_seamless,2026-06-01,2,2026-06-03,38.8,22.4,31.0,,44.5,38.5,12.9,,,,,0.0
德州,jma_seamless,2026-05-31,3,2026-06-03,39.4,21.6,30.6,,45.2,37.0,11.8,,,,,0.0
德州,jma_seamless,2026-05-30,4,2026-06-03,40.8,29.2,32.0,,41.6,22.9,14.8,,,,,0.0
德州,jma_seamless,2026-05-29,5,2026-06-03,38.7,25.9,31.2,,41.9,33.2,9.9,,,,,0.0
德州,jma_seamless,2026-05-28,6,2026-06-03,40.9,25.4,31.0,,47.5,34.8,14.3,,,,,0.0
德州,jma_seamless,2026-05-27,7,2026-06-03,38.9,23.9,29.1,,43.6,36.1,9.8,,,,,0.0
德州,jma_seamless,2026-06-03,1,2026-06-04,28.2,18.7,22.9,,29.0,53.2,8.9,,,,,0.0
德州,jma_seamless,2026-06-02,2,2026-06-04,29.3,21.3,24.4,,29.9,49.1,8.5,,,,,0.0
德州,jma_seamless,2026-06-01,3,2026-06-04,27.7,21.2,24.4,,29.5,64.9,12.6,,,,,0.0
德州,jma_seamless,2026-05-31,4,2026-06-04,31.0,21.9,26.6,,33.7,55.2,10.8,,,,,0.0
德州,jma_seamless,2026-05-30,5,2026-06-04,31.3,22.1,25.5,,32.2,45.3,9.1,,,,,0.0
德州,jma_seamless,2026-05-29,6,2026-06-04,36.9,22.3,27.4,,41.2,40.4,14.3,,,,,0.0
德州,jma_seamless,2026-05-28,7,2026-06-04,30.5,22.5,23.7,,29.4,31.5,8.2,,,,,0.0
德州,jma_seamless,2026-06-04,1,2026-06-05,30.9,22.0,24.8,,30.8,39.8,8.9,,,,,0.0
德州,jma_seamless,2026-06-03,2,2026-06-05,31.3,20.9,24.0,,30.3,32.8,8.1,,,,,0.0
德州,jma_seamless,2026-06-02,3,2026-06-05,31.3,21.8,24.9,,30.5,34.3,9.7,,,,,0.0
德州,jma_seamless,2026-06-01,4,2026-06-05,30.5,19.5,24.4,,31.4,47.3,5.8,,,,,0.0
德州,jma_seamless,2026-05-31,5,2026-06-05,31.9,20.1,23.6,,30.4,27.2,5.0,,,,,0.0
德州,jma_seamless,2026-05-30,6,2026-06-05,35.7,23.0,27.3,,34.4,23.4,8.0,,,,,0.0
德州,jma_seamless,2026-05-29,7,2026-06-05,32.6,23.2,23.9,,30.6,21.4,7.3,,,,,0.0
德州,jma_seamless,2026-06-05,1,2026-06-06,22.6,15.6,17.2,,,84.8,10.0,,,,,0.0
德州,jma_seamless,2026-06-04,2,2026-06-06,25.4,17.3,18.8,,,69.8,14.4,,,,,0.0
德州,jma_seamless,2026-06-03,3,2026-06-06,29.6,17.8,23.2,,30.9,53.1,12.8,,,,,0.0
德州,jma_seamless,2026-06-02,4,2026-06-06,24.9,18.9,22.3,,,55.5,10.4,,,,,0.0
德州,jma_seamless,2026-06-01,5,2026-06-06,24.2,21.0,21.9,,,43.4,9.9,,,,,0.0
德州,jma_seamless,2026-05-31,6,2026-06-06,32.6,22.0,25.3,,31.6,30.4,7.7,,,,,0.0
德州,jma_seamless,2026-05-30,7,2026-06-06,27.7,17.2,22.0,,28.3,52.4,7.7,,,,,0.0
德州,jma_seamless,2026-06-06,1,2026-06-07,27.3,15.8,20.1,,27.6,49.1,5.0,,,,,0.0
德州,jma_seamless,2026-06-05,2,2026-06-07,26.8,16.2,20.2,,,52.5,5.7,,,,,0.0
德州,jma_seamless,2026-06-04,3,2026-06-07,28.1,16.7,21.2,,28.4,48.2,4.9,,,,,0.0
德州,jma_seamless,2026-06-03,4,2026-06-07,27.5,19.9,23.2,,28.1,52.8,5.7,,,,,0.0
德州,jma_seamless,2026-06-02,5,2026-06-07,26.2,19.0,22.9,,,60.8,5.1,,,,,0.0
德州,jma_seamless,2026-06-01,6,2026-06-07,30.4,20.5,25.1,,30.5,42.2,6.4,,,,,0.0
德州,jma_seamless,2026-05-31,7,2026-06-07,32.5,19.4,24.6,,33.6,43.0,7.9,,,,,0.0
德州,jma_seamless,2026-06-07,1,2026-06-08,33.4,21.8,24.2,,31.6,22.7,10.4,,,,,0.0
德州,jma_seamless,2026-06-06,2,2026-06-08,34.0,21.3,24.5,,32.5,25.1,10.5,,,,,0.0
德州,jma_seamless,2026-06-05,3,2026-06-08,34.3,22.7,24.5,,32.3,20.3,10.1,,,,,0.0
德州,jma_seamless,2026-06-04,4,2026-06-08,33.6,20.2,24.7,,32.2,26.5,6.8,,,,,0.0
德州,jma_seamless,2026-06-03,5,2026-06-08,33.2,20.0,25.4,,33.1,35.3,7.7,,,,,0.0
德州,jma_seamless,2026-06-02,6,2026-06-08,28.1,22.4,23.8,,28.2,45.7,11.2,,,,,0.0
德州,jma_seamless,2026-06-01,7,2026-06-08,30.6,18.2,25.4,,32.7,54.1,4.4,,,,,0.0
德州,jma_seamless,2026-06-08,1,2026-06-09,31.5,24.4,24.7,,29.7,23.7,9.2,,,,,0.0
德州,jma_seamless,2026-06-07,2,2026-06-09,30.8,25.0,24.8,,29.0,23.1,10.9,,,,,0.0
德州,jma_seamless,2026-06-06,3,2026-06-09,30.7,24.4,24.6,,29.0,24.5,9.3,,,,,0.0
德州,jma_seamless,2026-06-05,4,2026-06-09,31.0,24.8,24.8,,29.2,23.4,9.0,,,,,0.0
德州,jma_seamless,2026-06-04,5,2026-06-09,33.2,24.0,25.3,,31.4,23.5,5.9,,,,,0.0
德州,jma_seamless,2026-06-03,6,2026-06-09,31.0,22.8,25.1,,30.1,33.8,10.4,,,,,0.0
德州,jma_seamless,2026-06-02,7,2026-06-09,29.0,19.8,23.6,,28.7,41.2,4.2,,,,,0.0
德州,jma_seamless,2026-06-09,1,2026-06-10,29.1,21.2,24.1,,28.8,40.7,6.0,,,,,0.0
德州,jma_seamless,2026-06-08,2,2026-06-10,29.3,20.8,24.3,,30.0,49.9,7.8,,,,,0.0
德州,jma_seamless,2026-06-07,3,2026-06-10,29.2,21.2,23.9,,28.9,41.2,8.1,,,,,0.0
德州,jma_seamless,2026-06-06,4,2026-06-10,30.5,22.8,24.3,,29.5,33.5,9.6,,,,,0.0
德州,jma_seamless,2026-06-05,5,2026-06-10,32.1,22.2,24.8,,31.1,31.3,4.3,,,,,0.0
德州,jma_seamless,2026-06-04,6,2026-06-10,32.9,22.4,26.2,,32.3,33.0,10.2,,,,,0.0
德州,jma_seamless,2026-06-03,7,2026-06-10,34.7,22.7,26.2,,34.5,31.1,7.4,,,,,0.0
德州,jma_seamless,2026-06-10,1,2026-06-11,32.3,21.5,26.1,,32.6,39.5,2.3,,,,,0.0
德州,jma_seamless,2026-06-09,2,2026-06-11,32.3,21.2,25.9,,32.9,41.0,2.9,,,,,0.0
德州,jma_seamless,2026-06-08,3,2026-06-11,32.3,22.1,25.8,,32.6,39.5,4.0,,,,,0.0
德州,jma_seamless,2026-06-07,4,2026-06-11,32.1,21.3,25.3,,31.7,36.0,5.1,,,,,0.0
德州,jma_seamless,2026-06-06,5,2026-06-11,34.7,23.1,26.3,,34.3,30.2,6.1,,,,,0.0
德州,jma_seamless,2026-06-05,6,2026-06-11,34.8,24.9,27.4,,33.5,24.8,9.0,,,,,0.0
德州,jma_seamless,2026-06-04,7,2026-06-11,36.8,24.1,28.7,,36.6,26.7,8.6,,,,,0.0
德州,jma_seamless,2026-06-11,1,2026-06-12,37.5,24.0,29.0,,37.3,25.5,9.2,,,,,0.0
德州,jma_seamless,2026-06-10,2,2026-06-12,37.7,24.3,29.3,,37.6,25.6,10.3,,,,,0.0
德州,jma_seamless,2026-06-09,3,2026-06-12,36.8,22.9,28.5,,36.3,25.5,8.4,,,,,0.0
德州,jma_seamless,2026-06-08,4,2026-06-12,36.8,23.2,28.2,,36.4,26.0,9.5,,,,,0.0
德州,jma_seamless,2026-06-07,5,2026-06-12,35.9,25.3,28.4,,35.1,25.8,9.0,,,,,0.0
德州,jma_seamless,2026-06-06,6,2026-06-12,38.2,27.5,29.5,,37.3,21.6,11.7,,,,,0.0
德州,jma_seamless,2026-06-05,7,2026-06-12,32.3,25.0,28.5,,32.5,39.0,8.3,,,,,0.0
德州,jma_seamless,2026-06-12,1,2026-06-13,35.6,27.9,29.9,,36.0,31.7,14.9,,,,,0.0
德州,jma_seamless,2026-06-11,2,2026-06-13,35.9,27.3,29.2,,35.8,29.1,16.6,,,,,0.0
德州,jma_seamless,2026-06-10,3,2026-06-13,35.2,28.7,28.8,,34.2,25.9,16.3,,,,,0.0
德州,jma_seamless,2026-06-09,4,2026-06-13,32.5,26.4,28.0,,31.7,32.1,12.7,,,,,0.0
德州,jma_seamless,2026-06-08,5,2026-06-13,35.0,27.4,29.2,,33.8,25.5,10.7,,,,,0.0
德州,jma_seamless,2026-06-07,6,2026-06-13,35.9,25.0,29.8,,37.0,33.6,9.0,,,,,0.0
德州,jma_seamless,2026-06-06,7,2026-06-13,37.5,23.5,29.7,,40.9,36.7,9.9,,,,,0.0
德州,jma_seamless,2026-06-13,1,2026-06-14,33.3,24.2,29.5,,36.3,47.8,9.7,,,,,0.0
德州,jma_seamless,2026-06-12,2,2026-06-14,35.3,27.1,30.8,,37.0,37.4,9.3,,,,,0.0
德州,jma_seamless,2026-06-11,3,2026-06-14,36.1,26.3,30.0,,37.4,33.9,13.2,,,,,0.0
德州,jma_seamless,2026-06-10,4,2026-06-14,34.3,26.7,28.5,,34.5,34.0,14.5,,,,,0.0
德州,jma_seamless,2026-06-09,5,2026-06-14,34.3,24.8,29.0,,36.2,41.0,8.0,,,,,0.0
德州,jma_seamless,2026-06-08,6,2026-06-14,32.5,22.6,27.7,,33.7,43.5,7.3,,,,,0.0
德州,jma_seamless,2026-06-07,7,2026-06-14,33.4,24.6,29.5,,35.8,45.3,8.1,,,,,0.0
德州,jma_seamless,2026-06-14,1,2026-06-15,34.8,25.2,30.2,,38.9,46.4,11.2,,,,,0.0
德州,jma_seamless,2026-06-13,2,2026-06-15,34.3,24.4,29.6,,38.3,47.9,10.8,,,,,0.0
德州,jma_seamless,2026-06-12,3,2026-06-15,36.4,28.0,32.0,,40.8,42.2,12.7,,,,,0.0
德州,jma_seamless,2026-06-11,4,2026-06-15,36.6,27.9,31.9,,40.1,39.4,13.6,,,,,0.0
德州,jma_seamless,2026-06-10,5,2026-06-15,33.9,24.2,30.9,,38.7,51.6,7.4,,,,,0.0
德州,jma_seamless,2026-06-09,6,2026-06-15,33.9,25.3,30.3,,36.3,44.0,8.4,,,,,0.0
德州,jma_seamless,2026-06-08,7,2026-06-15,34.2,23.3,27.8,,34.3,33.7,10.8,,,,,0.0
德州,jma_seamless,2026-06-15,1,2026-06-16,34.9,25.5,30.3,,39.2,46.7,12.3,,,,,0.0
德州,jma_seamless,2026-06-14,2,2026-06-16,35.0,25.9,30.9,,38.6,44.2,11.2,,,,,0.0
德州,jma_seamless,2026-06-13,3,2026-06-16,35.0,25.4,31.1,,40.0,48.2,10.7,,,,,0.0
德州,jma_seamless,2026-06-12,4,2026-06-16,35.7,28.1,32.3,,42.5,50.3,13.0,,,,,0.0
德州,jma_seamless,2026-06-11,5,2026-06-16,38.0,26.5,32.8,,46.1,45.5,11.4,,,,,0.0
德州,jma_seamless,2026-06-10,6,2026-06-16,37.0,26.4,33.5,,42.4,42.9,6.6,,,,,0.0
德州,jma_seamless,2026-06-09,7,2026-06-16,37.5,25.2,32.4,,47.1,49.9,9.5,,,,,0.0
德州,jma_seamless,2026-06-16,1,2026-06-17,34.9,27.4,32.7,,38.9,45.9,5.6,,39.3,,0.0,
德州,jma_seamless,2026-06-15,2,2026-06-17,36.8,28.0,33.5,,41.8,42.5,8.3,,42.2,,0.0,
德州,jma_seamless,2026-06-14,3,2026-06-17,36.4,27.1,33.4,,41.4,43.8,7.4,,27.0,,0.0,
德州,jma_seamless,2026-06-13,4,2026-06-17,35.7,27.0,32.0,,42.8,50.9,8.8,,38.0,,0.0,
德州,jma_seamless,2026-06-12,5,2026-06-17,36.1,26.1,32.0,,40.5,43.0,8.3,,33.2,,0.0,
德州,jma_seamless,2026-06-11,6,2026-06-17,36.8,28.9,33.7,,39.8,37.3,8.1,,10.6,,0.0,
德州,jma_seamless,2026-06-10,7,2026-06-17,38.3,24.3,33.2,,46.0,43.8,9.1,,86.4,,0.6,
德州,jma_seamless,2026-06-17,1,2026-06-18,36.5,29.0,33.9,,40.5,41.0,7.9,,89.6,,0.0,
德州,jma_seamless,2026-06-16,2,2026-06-18,36.1,29.2,34.1,,39.8,41.2,5.3,,87.2,,0.0,
德州,jma_seamless,2026-06-15,3,2026-06-18,36.0,30.9,34.3,,38.8,39.0,8.5,,83.9,,0.0,
德州,jma_seamless,2026-06-14,4,2026-06-18,38.4,26.4,34.0,,45.5,42.3,7.6,,80.5,,0.0,
德州,jma_seamless,2026-06-13,5,2026-06-18,37.8,28.7,34.7,,44.1,42.5,8.5,,90.4,,0.0,
德州,jma_seamless,2026-06-12,6,2026-06-18,36.5,27.8,33.2,,40.6,41.1,8.7,,71.9,,0.0,
德州,jma_seamless,2026-06-11,7,2026-06-18,38.8,29.6,35.2,,44.4,38.2,7.7,,64.6,,0.0,
德州,jma_seamless,2026-06-18,1,2026-06-19,31.6,22.4,28.8,,41.3,75.8,5.8,,95.2,,6.0,
德州,jma_seamless,2026-06-17,2,2026-06-19,31.0,25.9,30.5,,33.2,52.9,8.9,,65.4,,0.0,
德州,jma_seamless,2026-06-16,3,2026-06-19,31.9,24.5,31.1,,33.8,48.5,8.9,,87.0,,0.3,
德州,jma_seamless,2026-06-15,4,2026-06-19,34.9,26.6,33.1,,37.4,41.2,6.9,,80.1,,0.0,
德州,jma_seamless,2026-06-14,5,2026-06-19,38.9,29.8,33.8,,41.3,30.6,9.0,,62.6,,0.0,
德州,jma_seamless,2026-06-13,6,2026-06-19,35.2,26.0,33.2,,41.4,50.5,8.7,,75.3,,0.3,
德州,jma_seamless,2026-06-12,7,2026-06-19,37.5,29.2,34.0,,39.8,33.7,6.7,,35.9,,0.0,
德州,jma_seamless,2026-06-19,1,2026-06-20,31.4,22.5,27.7,,33.3,49.9,6.3,,44.2,,0.0,
德州,jma_seamless,2026-06-18,2,2026-06-20,32.4,24.4,29.1,,35.6,51.9,7.2,,41.5,,0.0,
德州,jma_seamless,2026-06-17,3,2026-06-20,33.4,21.5,29.6,,38.2,53.5,6.7,,76.1,,0.3,
德州,jma_seamless,2026-06-16,4,2026-06-20,33.2,22.6,28.9,,37.1,51.5,6.9,,44.9,,0.0,
德州,jma_seamless,2026-06-15,5,2026-06-20,32.2,25.6,30.9,,35.6,53.3,9.0,,41.1,,1.5,
德州,jma_seamless,2026-06-14,6,2026-06-20,38.0,25.4,33.6,,49.6,51.7,5.7,,61.8,,0.3,
德州,jma_seamless,2026-06-13,7,2026-06-20,32.6,22.6,30.0,,38.9,61.2,6.6,,68.3,,4.2,
德州,jma_seamless,2026-06-20,1,2026-06-21,32.9,22.9,25.1,,30.8,19.7,6.9,,91.3,,0.0,
德州,jma_seamless,2026-06-19,2,2026-06-21,32.5,24.2,24.7,,30.4,19.3,6.2,,65.9,,0.0,
德州,jma_seamless,2026-06-18,3,2026-06-21,33.0,25.1,25.1,,30.8,17.5,8.6,,60.0,,0.0,
德州,jma_seamless,2026-06-17,4,2026-06-21,31.8,25.1,25.9,,29.7,18.5,8.1,,63.1,,0.0,
德州,jma_seamless,2026-06-16,5,2026-06-21,31.2,24.7,26.2,,29.8,29.0,5.3,,74.2,,1.5,
德州,jma_seamless,2026-06-15,6,2026-06-21,31.9,24.2,26.0,,31.1,32.9,9.4,,67.0,,0.6,
德州,jma_seamless,2026-06-14,7,2026-06-21,38.1,22.6,33.2,,47.9,48.2,4.3,,25.8,,0.0,
德州,jma_seamless,2026-06-21,1,2026-06-22,34.0,23.9,26.8,,33.0,28.5,6.9,,39.5,,0.0,
德州,jma_seamless,2026-06-20,2,2026-06-22,31.9,22.2,26.0,,32.2,40.1,7.9,,46.9,,0.0,
德州,jma_seamless,2026-06-19,3,2026-06-22,32.3,24.2,26.5,,31.7,33.9,6.5,,90.4,,0.0,
德州,jma_seamless,2026-06-18,4,2026-06-22,29.4,24.2,26.3,,28.7,37.0,5.5,,77.8,,0.0,
德州,jma_seamless,2026-06-17,5,2026-06-22,35.9,23.3,27.5,,36.2,30.8,8.2,,48.6,,0.0,
德州,jma_seamless,2026-06-16,6,2026-06-22,36.6,24.4,27.5,,35.4,22.8,9.8,,57.5,,0.0,
德州,jma_seamless,2026-06-15,7,2026-06-22,34.8,25.2,28.7,,34.4,30.2,3.9,,54.4,,0.0,
德州,jma_seamless,2026-06-22,1,2026-06-23,33.5,24.6,28.2,,34.2,38.2,8.4,,51.7,,0.0,
德州,jma_seamless,2026-06-21,2,2026-06-23,32.8,24.1,27.7,,33.7,41.1,8.1,,77.2,,0.0,
德州,jma_seamless,2026-06-20,3,2026-06-23,33.2,22.3,27.4,,35.1,44.1,4.9,,70.7,,0.0,
德州,jma_seamless,2026-06-19,4,2026-06-23,32.9,22.0,28.0,,36.2,50.3,6.7,,34.9,,0.0,
德州,jma_seamless,2026-06-18,5,2026-06-23,32.6,21.5,26.3,,32.5,36.6,5.6,,43.9,,0.0,
德州,jma_seamless,2026-06-17,6,2026-06-23,33.0,23.6,27.1,,33.4,38.0,9.9,,11.7,,0.0,
德州,jma_seamless,2026-06-16,7,2026-06-23,33.6,24.0,27.7,,33.8,35.5,5.8,,1.8,,0.0,
德州,jma_seamless,2026-06-23,1,2026-06-24,34.6,25.8,30.5,,37.0,41.8,8.6,,26.1,,0.0,
德州,jma_seamless,2026-06-22,2,2026-06-24,34.3,25.0,30.0,,36.4,41.8,6.6,,43.5,,0.0,
德州,jma_seamless,2026-06-21,3,2026-06-24,33.7,24.0,29.6,,36.5,45.9,5.6,,58.0,,0.0,
德州,jma_seamless,2026-06-20,4,2026-06-24,33.7,24.6,29.7,,37.0,47.6,6.4,,37.7,,0.0,
德州,jma_seamless,2026-06-19,5,2026-06-24,33.2,25.1,28.9,,35.1,44.3,8.7,,51.5,,0.0,
德州,jma_seamless,2026-06-18,6,2026-06-24,33.5,25.3,28.2,,34.7,40.6,8.8,,54.0,,0.0,
德州,jma_seamless,2026-06-17,7,2026-06-24,31.0,23.8,28.0,,31.5,43.9,5.3,,50.5,,0.0,
德州,jma_seamless,2026-06-24,1,2026-06-25,32.8,25.5,28.3,,32.6,35.3,7.6,,33.4,,0.0,
德州,jma_seamless,2026-06-23,2,2026-06-25,33.8,25.9,28.9,,34.9,39.1,7.7,,65.8,,0.0,
德州,jma_seamless,2026-06-22,3,2026-06-25,34.2,26.2,29.4,,34.5,34.8,5.8,,55.9,,0.0,
德州,jma_seamless,2026-06-21,4,2026-06-25,35.7,26.4,29.5,,37.1,35.4,8.4,,56.0,,0.0,
德州,jma_seamless,2026-06-20,5,2026-06-25,35.3,25.1,30.8,,39.7,45.6,4.1,,38.7,,0.0,
德州,jma_seamless,2026-06-19,6,2026-06-25,36.4,23.6,30.4,,41.1,42.9,7.0,,28.2,,0.0,
德州,jma_seamless,2026-06-18,7,2026-06-25,34.8,25.0,29.5,,37.4,41.8,8.5,,32.3,,0.0,
德州,jma_seamless,2026-06-25,1,2026-06-26,34.5,23.6,27.7,,33.8,29.3,5.7,,61.5,,0.0,
德州,jma_seamless,2026-06-24,2,2026-06-26,35.0,24.8,28.7,,34.5,29.4,4.8,,64.9,,0.0,
德州,jma_seamless,2026-06-23,3,2026-06-26,35.0,25.1,28.5,,34.5,29.2,6.5,,52.5,,0.0,
德州,jma_seamless,2026-06-22,4,2026-06-26,34.8,25.8,29.0,,34.4,30.1,5.1,,62.3,,0.0,
德州,jma_seamless,2026-06-21,5,2026-06-26,36.0,24.2,29.5,,36.8,32.5,3.9,,56.8,,0.0,
德州,jma_seamless,2026-06-20,6,2026-06-26,37.5,28.1,31.0,,39.1,31.7,8.6,,46.3,,0.0,
德州,jma_seamless,2026-06-19,7,2026-06-26,36.6,26.9,30.9,,37.6,31.6,8.5,,30.6,,0.0,
德州,jma_seamless,2026-06-26,1,2026-06-27,36.5,26.2,29.4,,35.9,25.9,7.7,,5.3,,0.0,
德州,jma_seamless,2026-06-25,2,2026-06-27,37.3,27.2,30.0,,36.6,23.7,8.3,,4.0,,0.0,
德州,jma_seamless,2026-06-24,3,2026-06-27,38.0,26.9,30.6,,38.5,27.0,9.0,,4.9,,0.0,
德州,jma_seamless,2026-06-23,4,2026-06-27,37.8,26.3,29.9,,37.5,24.7,8.6,,11.1,,0.0,
德州,jma_seamless,2026-06-22,5,2026-06-27,37.7,27.3,31.3,,38.5,28.8,8.8,,36.5,,0.0,
德州,jma_seamless,2026-06-21,6,2026-06-27,36.9,26.6,31.2,,38.2,32.1,9.5,,29.6,,0.0,
德州,jma_seamless,2026-06-20,7,2026-06-27,30.7,24.6,29.5,,32.1,50.0,7.2,,45.8,,1.8,
德州,jma_seamless,2026-06-27,1,2026-06-28,36.5,28.0,31.7,,37.3,31.3,9.3,,69.2,,0.0,
德州,jma_seamless,2026-06-26,2,2026-06-28,36.7,28.7,31.8,,37.2,29.8,8.6,,83.0,,0.3,
德州,jma_seamless,2026-06-25,3,2026-06-28,39.0,29.9,33.0,,39.6,25.5,11.1,,39.0,,0.0,
德州,jma_seamless,2026-06-24,4,2026-06-28,38.5,28.7,32.5,,39.1,26.4,10.7,,17.9,,0.0,
德州,jma_seamless,2026-06-23,5,2026-06-28,38.0,29.5,33.0,,39.8,31.0,9.3,,61.7,,15.6,
德州,jma_seamless,2026-06-22,6,2026-06-28,39.7,30.2,33.6,,41.9,28.4,12.5,,23.6,,0.3,
德州,jma_seamless,2026-06-21,7,2026-06-28,36.1,26.5,32.2,,39.7,41.0,8.1,,36.4,,0.0,
德州,jma_seamless,2026-06-28,1,2026-06-29,34.0,25.1,32.4,,41.3,57.8,5.9,,84.6,,13.5,
德州,jma_seamless,2026-06-27,2,2026-06-29,34.8,26.1,32.2,,42.3,55.2,7.2,,71.5,,6.3,
德州,jma_seamless,2026-06-26,3,2026-06-29,35.6,30.4,33.6,,36.3,33.2,8.8,,73.1,,0.0,
德州,jma_seamless,2026-06-25,4,2026-06-29,35.6,30.8,33.6,,35.7,30.8,6.4,,89.0,,0.0,
德州,jma_seamless,2026-06-24,5,2026-06-29,37.0,24.1,33.0,,41.2,40.0,8.1,,70.7,,17.4,
德州,jma_seamless,2026-06-23,6,2026-06-29,32.7,24.7,30.8,,40.3,64.2,8.6,,91.4,,13.2,
德州,jma_seamless,2026-06-22,7,2026-06-29,39.6,30.4,35.0,,43.2,32.0,9.9,,42.5,,0.0,
德州,jma_seamless,2026-06-29,1,2026-06-30,27.4,23.9,30.2,,31.3,85.1,2.9,,87.4,,47.7,
德州,jma_seamless,2026-06-28,2,2026-06-30,34.8,23.8,32.1,,52.0,74.2,4.4,,52.4,,32.7,
德州,jma_seamless,2026-06-27,3,2026-06-30,30.6,28.2,32.9,,34.3,61.2,5.5,,58.5,,9.0,
德州,jma_seamless,2026-06-26,4,2026-06-30,35.3,26.8,33.1,,39.6,45.3,9.0,,49.2,,3.0,
德州,jma_seamless,2026-06-25,5,2026-06-30,36.5,28.3,34.8,,41.5,43.3,9.4,,22.6,,0.0,
德州,jma_seamless,2026-06-24,6,2026-06-30,36.9,24.8,34.7,,44.2,47.4,3.2,,79.3,,3.3,
德州,jma_seamless,2026-06-23,7,2026-06-30,33.9,25.4,33.4,,41.8,59.8,5.0,,58.8,,19.8,
德州,jma_seamless,2026-06-30,1,2026-07-01,27.9,24.5,30.9,,,,,,,,9.6,
德州,jma_seamless,2026-06-29,2,2026-07-01,27.3,24.0,30.1,,,,,,,,3.9,
德州,jma_seamless,2026-06-28,3,2026-07-01,29.8,24.6,31.1,,,,,,,,1.8,
德州,jma_seamless,2026-06-27,4,2026-07-01,33.4,24.4,32.3,,,,,,,,10.8,
德州,jma_seamless,2026-06-26,5,2026-07-01,37.9,27.2,35.7,,,,,,,,2.4,
德州,jma_seamless,2026-06-25,6,2026-07-01,35.2,31.1,35.6,,,,,,,,0.3,
德州,jma_seamless,2026-06-24,7,2026-07-01,31.1,26.6,32.7,,,,,,,,7.2,
德州,jma_seamless,2026-07-01,1,2026-07-02,34.6,24.9,33.1,,,,,,,,1.8,
德州,jma_seamless,2026-06-30,2,2026-07-02,35.5,24.4,33.3,,,,,,,,0.0,
德州,jma_seamless,2026-06-29,3,2026-07-02,29.6,24.3,31.6,,,,,,,,0.0,
德州,jma_seamless,2026-06-28,4,2026-07-02,33.7,25.4,33.5,,,,,,,,0.0,
德州,jma_seamless,2026-06-27,5,2026-07-02,27.2,25.0,31.7,,,,,,,,16.2,
德州,jma_seamless,2026-06-26,6,2026-07-02,30.3,24.5,32.5,,,,,,,,14.7,
德州,jma_seamless,2026-06-25,7,2026-07-02,28.0,24.3,30.0,,,,,,,,9.9,
德州,jma_seamless,2026-07-02,1,2026-07-03,32.0,26.8,32.7,,,,,,,,0.6,
德州,jma_seamless,2026-07-01,2,2026-07-03,33.7,27.6,33.7,,,,,,,,0.0,
德州,jma_seamless,2026-06-30,3,2026-07-03,33.0,28.2,33.7,,,,,,,,0.0,
德州,jma_seamless,2026-06-29,4,2026-07-03,34.8,27.2,33.5,,,,,,,,0.0,
德州,jma_seamless,2026-06-28,5,2026-07-03,32.0,24.6,32.3,,,,,,,,10.2,
德州,jma_seamless,2026-06-27,6,2026-07-03,27.6,24.0,30.3,,,,,,,,13.2,
德州,jma_seamless,2026-06-26,7,2026-07-03,31.7,23.8,30.9,,,,,,,,2.7,
德州,jma_seamless,2026-07-03,1,2026-07-04,33.7,25.5,31.6,,,,,,,,0.0,
德州,jma_seamless,2026-07-02,2,2026-07-04,34.6,25.3,32.5,,,,,,,,0.0,
德州,jma_seamless,2026-07-01,3,2026-07-04,30.8,25.0,30.9,,,,,,,,0.0,
德州,jma_seamless,2026-06-30,4,2026-07-04,29.1,24.8,30.4,,,,,,,,0.0,
德州,jma_seamless,2026-06-29,5,2026-07-04,30.8,25.6,31.3,,,,,,,,0.0,
德州,jma_seamless,2026-06-28,6,2026-07-04,31.7,25.3,32.3,,,,,,,,0.6,
德州,jma_seamless,2026-06-27,7,2026-07-04,28.2,24.9,30.7,,,,,,,,24.6,
德州,jma_seamless,2026-07-04,1,2026-07-05,28.7,24.6,32.4,,,,,,,,44.7,
德州,jma_seamless,2026-07-03,2,2026-07-05,29.2,24.8,32.4,,,,,,,,37.5,
德州,jma_seamless,2026-07-02,3,2026-07-05,28.5,24.6,32.3,,,,,,,,31.5,
德州,jma_seamless,2026-07-01,4,2026-07-05,31.0,26.4,33.8,,,,,,,,18.9,
德州,jma_seamless,2026-06-30,5,2026-07-05,29.0,26.4,33.4,,,,,,,,20.7,
德州,jma_seamless,2026-06-29,6,2026-07-05,28.5,25.1,32.1,,,,,,,,36.9,
德州,jma_seamless,2026-06-28,7,2026-07-05,31.4,25.2,32.8,,,,,,,,9.9,
德州,jma_seamless,2026-07-05,1,2026-07-06,30.3,24.5,31.6,,,,,,,,3.9,
德州,jma_seamless,2026-07-04,2,2026-07-06,32.9,24.4,32.1,,,,,,,,1.5,
德州,jma_seamless,2026-07-03,3,2026-07-06,32.2,24.2,32.2,,,,,,,,5.7,
德州,jma_seamless,2026-07-02,4,2026-07-06,31.6,24.8,32.7,,,,,,,,11.4,
德州,jma_seamless,2026-07-01,5,2026-07-06,29.4,25.7,32.7,,,,,,,,24.3,
德州,jma_seamless,2026-06-30,6,2026-07-06,29.7,24.7,33.9,,,,,,,,24.0,
德州,jma_seamless,2026-06-29,7,2026-07-06,31.7,25.7,33.7,,,,,,,,3.9,
德州,jma_seamless,2026-07-06,1,2026-07-07,27.9,25.4,31.7,,,,,,,,9.0,
德州,jma_seamless,2026-07-05,2,2026-07-07,27.7,25.4,31.7,,,,,,,,9.0,
德州,jma_seamless,2026-07-04,3,2026-07-07,28.6,24.9,31.8,,,,,,,,19.5,
德州,jma_seamless,2026-07-03,4,2026-07-07,31.0,25.8,33.0,,,,,,,,4.2,
德州,jma_seamless,2026-07-02,5,2026-07-07,28.7,27.0,33.0,,,,,,,,7.8,
德州,jma_seamless,2026-07-01,6,2026-07-07,29.8,26.7,34.2,,,,,,,,20.1,
德州,jma_seamless,2026-06-30,7,2026-07-07,30.4,26.5,34.8,,,,,,,,7.5,
德州,jma_seamless,2026-07-07,1,2026-07-08,33.0,24.8,33.5,,,,,,,,2.4,
德州,jma_seamless,2026-07-06,2,2026-07-08,33.5,24.2,33.3,,,,,,,,2.7,
德州,jma_seamless,2026-07-05,3,2026-07-08,28.7,24.6,32.4,,,,,,,,10.8,
德州,jma_seamless,2026-07-04,4,2026-07-08,29.6,26.4,33.2,,,,,,,,9.9,
德州,jma_seamless,2026-07-03,5,2026-07-08,35.6,26.6,35.1,,,,,,,,2.7,
德州,jma_seamless,2026-07-02,6,2026-07-08,31.5,25.9,34.2,,,,,,,,3.6,
德州,jma_seamless,2026-07-01,7,2026-07-08,31.6,28.0,34.9,,,,,,,,0.3,
德州,jma_seamless,2026-07-08,1,2026-07-09,31.7,26.7,34.8,,,,,,,,7.8,
德州,jma_seamless,2026-07-07,2,2026-07-09,30.9,26.8,34.4,,,,,,,,27.6,
德州,jma_seamless,2026-07-06,3,2026-07-09,32.3,26.5,34.2,,,,,,,,12.0,
德州,jma_seamless,2026-07-05,4,2026-07-09,31.5,26.8,34.5,,,,,,,,21.3,
德州,jma_seamless,2026-07-04,5,2026-07-09,33.0,27.0,34.9,,,,,,,,0.3,
德州,jma_seamless,2026-07-03,6,2026-07-09,37.5,27.8,35.9,,,,,,,,0.0,
德州,jma_seamless,2026-07-02,7,2026-07-09,35.3,27.9,36.0,,,,,,,,-0.3,
德州,jma_seamless,2026-07-09,1,2026-07-10,34.9,29.1,36.8,,,,,,,,0.6,
德州,jma_seamless,2026-07-08,2,2026-07-10,36.4,29.0,37.0,,,,,,,,0.3,
德州,jma_seamless,2026-07-07,3,2026-07-10,32.3,28.0,36.0,,,,,,,,4.8,
德州,jma_seamless,2026-07-06,4,2026-07-10,34.4,29.1,36.9,,,,,,,,1.5,
德州,jma_seamless,2026-07-05,5,2026-07-10,36.4,28.4,36.9,,,,,,,,1.2,
德州,jma_seamless,2026-07-04,6,2026-07-10,36.3,28.8,37.0,,,,,,,,0.0,
德州,jma_seamless,2026-07-03,7,2026-07-10,34.3,28.4,36.9,,,,,,,,1.5,
德州,jma_seamless,2026-07-10,1,2026-07-11,38.0,30.4,37.9,,,,,,,,0.0,
德州,jma_seamless,2026-07-09,2,2026-07-11,37.2,30.4,37.7,,,,,,,,0.0,
德州,jma_seamless,2026-07-08,3,2026-07-11,36.7,27.9,37.2,,,,,,,,1.5,
德州,jma_seamless,2026-07-07,4,2026-07-11,36.8,29.6,37.2,,,,,,,,0.6,
德州,jma_seamless,2026-07-06,5,2026-07-11,36.7,29.3,36.8,,,,,,,,0.0,
德州,jma_seamless,2026-07-05,6,2026-07-11,36.8,29.4,36.9,,,,,,,,0.0,
德州,jma_seamless,2026-07-04,7,2026-07-11,35.5,28.0,36.1,,,,,,,,0.0,
德州,jma_seamless,2026-07-11,1,2026-07-12,36.8,29.2,37.0,,,,,,,,0.0,
德州,jma_seamless,2026-07-10,2,2026-07-12,36.2,28.4,36.6,,,,,,,,0.0,
德州,jma_seamless,2026-07-09,3,2026-07-12,36.2,28.4,36.7,,,,,,,,0.0,
德州,jma_seamless,2026-07-08,4,2026-07-12,36.1,27.9,36.3,,,,,,,,0.0,
德州,jma_seamless,2026-07-07,5,2026-07-12,32.2,27.6,34.5,,,,,,,,0.0,
德州,jma_seamless,2026-07-06,6,2026-07-12,31.7,28.1,34.4,,,,,,,,0.0,
德州,jma_seamless,2026-07-05,7,2026-07-12,32.2,26.2,34.1,,,,,,,,24.3,
德州,jma_seamless,2026-07-12,1,2026-07-13,29.6,27.0,34.0,,,,,,,,3.6,
德州,jma_seamless,2026-07-11,2,2026-07-13,30.5,27.6,34.1,,,,,,,,7.8,
德州,jma_seamless,2026-07-10,3,2026-07-13,30.2,26.3,34.0,,,,,,,,20.1,
德州,jma_seamless,2026-07-09,4,2026-07-13,29.9,27.1,33.9,,,,,,,,38.1,
德州,jma_seamless,2026-07-08,5,2026-07-13,29.9,27.4,35.0,,,,,,,,33.6,
德州,jma_seamless,2026-07-07,6,2026-07-13,29.1,27.6,34.5,,,,,,,,17.4,
德州,jma_seamless,2026-07-06,7,2026-07-13,27.7,26.0,32.2,,,,,,,,51.0,
德州,jma_seamless,2026-07-13,1,2026-07-14,36.0,26.0,34.4,,,,,,,,0.6,
德州,jma_seamless,2026-07-12,2,2026-07-14,34.7,26.8,34.1,,,,,,,,0.6,
德州,jma_seamless,2026-07-11,3,2026-07-14,35.7,26.1,33.7,,,,,,,,2.1,
德州,jma_seamless,2026-07-10,4,2026-07-14,28.3,26.2,32.5,,,,,,,,11.1,
德州,jma_seamless,2026-07-09,5,2026-07-14,29.0,23.6,32.9,,,,,,,,16.8,
德州,jma_seamless,2026-07-08,6,2026-07-14,32.5,26.8,36.0,,,,,,,,31.8,
德州,jma_seamless,2026-07-07,7,2026-07-14,35.5,23.1,32.9,,,,,,,,11.1,
德州,jma_seamless,2026-07-14,1,2026-07-15,31.0,25.7,33.4,,36.5,66.2,3.5,,62.7,,0.0,0.0
德州,jma_seamless,2026-07-13,2,2026-07-15,33.2,25.6,34.7,,47.1,76.3,5.6,,81.1,,0.0,0.0
德州,jma_seamless,2026-07-12,3,2026-07-15,34.3,27.5,35.3,,44.7,63.7,7.1,,71.0,,0.0,0.0
德州,jma_seamless,2026-07-11,4,2026-07-15,39.5,25.7,34.8,,61.1,60.6,9.9,,48.1,,0.0,0.0
德州,jma_seamless,2026-07-10,5,2026-07-15,36.7,23.0,33.4,,52.3,63.0,4.7,,21.1,,0.0,0.0
德州,jma_seamless,2026-07-09,6,2026-07-15,37.1,28.2,36.3,,55.3,65.4,4.6,,41.4,,0.0,0.0
德州,jma_seamless,2026-07-08,7,2026-07-15,34.6,23.2,33.3,,49.8,71.6,6.3,,63.5,,1.2,0.0
德州,jma_seamless,2026-07-15,1,2026-07-16,30.9,23.9,33.1,,40.1,78.8,1.9,,74.5,,0.0,0.0
德州,jma_seamless,2026-07-14,2,2026-07-16,31.9,26.4,35.7,,44.1,80.3,2.1,,77.8,,0.0,0.0
德州,jma_seamless,2026-07-13,3,2026-07-16,33.5,25.5,34.6,,48.0,75.9,5.0,,83.2,,1.5,0.0
德州,jma_seamless,2026-07-12,4,2026-07-16,30.9,27.5,33.2,,38.0,72.2,7.9,,95.5,,19.8,0.0
德州,jma_seamless,2026-07-11,5,2026-07-16,32.4,27.4,34.5,,40.9,68.3,7.0,,68.3,,21.9,0.0
德州,jma_seamless,2026-07-10,6,2026-07-16,39.0,27.5,35.4,,57.5,58.5,5.4,,52.1,,0.3,0.0
德州,jma_seamless,2026-07-09,7,2026-07-16,34.4,26.2,35.2,,47.8,69.3,3.5,,65.4,,0.3,0.0
德州,jma_seamless,2026-07-16,1,2026-07-17,27.5,21.8,26.8,,31.0,81.2,5.6,,68.1,,7.2,0.0
德州,jma_seamless,2026-07-15,2,2026-07-17,28.2,22.5,29.9,,32.7,80.7,4.1,,71.5,,0.6,0.0
德州,jma_seamless,2026-07-14,3,2026-07-17,34.1,25.8,34.9,,49.1,73.7,3.9,,62.6,,0.9,0.0
德州,jma_seamless,2026-07-13,4,2026-07-17,29.2,24.0,31.8,,34.7,77.5,5.2,,71.2,,5.4,0.0
德州,jma_seamless,2026-07-12,5,2026-07-17,28.5,23.0,32.9,,35.8,92.1,5.0,,95.9,,23.1,0.0
德州,jma_seamless,2026-07-11,6,2026-07-17,29.2,24.8,31.4,,36.1,83.2,7.0,,75.9,,28.5,0.0
德州,jma_seamless,2026-07-10,7,2026-07-17,32.2,26.2,33.6,,40.4,68.3,5.7,,77.4,,0.3,0.0
德州,jma_seamless,2026-07-17,1,2026-07-18,31.0,20.6,29.7,,38.0,71.2,2.3,,33.9,,0.0,0.0
德州,jma_seamless,2026-07-16,2,2026-07-18,27.4,22.0,28.2,,30.2,76.3,3.1,,53.7,,0.0,0.0
德州,jma_seamless,2026-07-15,3,2026-07-18,30.5,22.2,29.4,,36.9,72.2,3.5,,53.1,,0.0,0.0
德州,jma_seamless,2026-07-14,4,2026-07-18,36.3,23.0,33.0,,52.4,65.5,5.0,,35.9,,0.0,0.0
德州,jma_seamless,2026-07-13,5,2026-07-18,27.3,22.3,28.8,,30.5,81.0,6.6,,58.7,,1.5,0.0
德州,jma_seamless,2026-07-12,6,2026-07-18,31.5,25.6,33.8,,42.3,79.3,2.6,,37.0,,0.6,0.0
德州,jma_seamless,2026-07-11,7,2026-07-18,32.7,24.7,31.9,,43.7,72.9,3.6,,34.8,,1.5,0.0
德州,jma_seamless,2026-07-18,1,2026-07-19,33.6,26.1,33.6,,42.4,63.3,4.5,,19.5,,0.0,0.0
德州,jma_seamless,2026-07-17,2,2026-07-19,34.1,23.8,33.0,,46.0,67.7,3.7,,0.9,,0.0,0.0
德州,jma_seamless,2026-07-16,3,2026-07-19,34.5,23.1,32.8,,47.8,68.6,3.6,,18.8,,0.0,0.0
德州,jma_seamless,2026-07-15,4,2026-07-19,35.0,23.8,33.2,,47.4,64.7,4.8,,21.1,,0.0,0.0
德州,jma_seamless,2026-07-14,5,2026-07-19,33.5,22.9,33.1,,48.0,76.0,3.2,,5.9,,2.1,0.0
德州,jma_seamless,2026-07-13,6,2026-07-19,33.1,24.4,32.7,,43.2,68.7,5.8,,1.2,,0.0,0.0
德州,jma_seamless,2026-07-12,7,2026-07-19,38.8,24.2,34.7,,57.9,60.0,7.3,,4.0,,0.3,0.0
德州,jma_seamless,2026-07-19,1,2026-07-20,35.0,26.8,33.8,,46.0,61.9,8.8,,20.6,,3.3,0.0
德州,jma_seamless,2026-07-18,2,2026-07-20,35.7,27.3,33.9,,46.1,58.0,8.7,,6.6,,0.0,0.0
德州,jma_seamless,2026-07-17,3,2026-07-20,34.1,27.0,34.6,,49.0,73.6,6.7,,18.4,,9.6,0.0
德州,jma_seamless,2026-07-16,4,2026-07-20,35.6,27.9,35.2,,46.2,58.7,9.7,,26.6,,0.6,0.0
德州,jma_seamless,2026-07-15,5,2026-07-20,33.7,25.8,34.4,,47.1,72.7,7.4,,9.2,,10.8,0.0
德州,jma_seamless,2026-07-14,6,2026-07-20,32.8,27.3,34.6,,43.4,71.4,6.0,,10.8,,2.1,0.0
德州,jma_seamless,2026-07-13,7,2026-07-20,36.1,24.5,34.2,,51.3,64.9,5.3,,15.5,,12.0,0.0
德州,jma_seamless,2026-07-20,1,2026-07-21,31.3,25.7,34.0,,41.8,79.7,4.5,,31.7,,6.0,0.0
德州,jma_seamless,2026-07-19,2,2026-07-21,31.4,27.0,33.8,,39.2,71.6,6.3,,35.0,,7.5,0.0
德州,jma_seamless,2026-07-18,3,2026-07-21,35.8,27.3,35.6,,51.9,67.6,4.0,,10.9,,1.8,0.0
德州,jma_seamless,2026-07-17,4,2026-07-21,36.0,28.1,35.7,,48.9,61.4,5.7,,8.0,,4.8,0.0
德州,jma_seamless,2026-07-16,5,2026-07-21,35.7,29.4,36.0,,44.2,54.0,8.7,,8.3,,0.6,0.0
德州,jma_seamless,2026-07-15,6,2026-07-21,32.0,27.4,36.2,,46.0,83.8,4.7,,14.5,,8.7,0.0
德州,jma_seamless,2026-07-14,7,2026-07-21,30.1,24.3,33.5,,39.4,84.7,4.5,,42.4,,15.9,0.0
德州,jma_seamless,2026-07-21,1,2026-07-22,32.3,26.7,34.5,,42.9,74.0,4.4,,40.4,,4.5,0.0
德州,jma_seamless,2026-07-20,2,2026-07-22,28.4,25.6,32.4,,34.3,86.4,5.4,,56.5,,36.6,0.0
德州,jma_seamless,2026-07-19,3,2026-07-22,28.7,26.3,32.8,,34.2,81.2,5.1,,43.8,,14.4,0.0
德州,jma_seamless,2026-07-18,4,2026-07-22,29.6,26.2,33.5,,37.5,83.8,4.5,,33.0,,16.5,0.0
德州,jma_seamless,2026-07-17,5,2026-07-22,32.2,26.2,34.2,,43.6,76.5,6.5,,25.4,,15.3,0.0
德州,jma_seamless,2026-07-16,6,2026-07-22,30.5,26.3,34.6,,40.1,82.8,4.3,,16.2,,15.0,0.0
德州,jma_seamless,2026-07-15,7,2026-07-22,29.8,26.4,34.5,,39.0,86.9,4.7,,51.0,,27.0,0.0
德州,jma_seamless,2026-07-22,1,2026-07-23,28.4,25.6,32.7,,34.3,86.3,4.5,,43.1,,21.9,0.0
德州,jma_seamless,2026-07-21,2,2026-07-23,27.8,25.2,32.0,,32.8,88.2,4.6,,56.0,,23.1,0.0
德州,jma_seamless,2026-07-20,3,2026-07-23,30.8,26.2,33.6,,41.6,84.1,5.4,,22.2,,22.5,0.0
德州,jma_seamless,2026-07-19,4,2026-07-23,29.1,26.4,33.4,,36.3,85.5,3.0,,20.6,,12.9,0.0
德州,jma_seamless,2026-07-18,5,2026-07-23,30.3,25.7,33.5,,40.5,86.0,5.5,,11.5,,12.9,0.0
德州,jma_seamless,2026-07-17,6,2026-07-23,32.0,25.4,34.6,,46.8,85.5,4.1,,33.4,,12.6,0.0
德州,jma_seamless,2026-07-16,7,2026-07-23,31.5,26.0,34.3,,43.2,81.5,4.4,,16.6,,10.2,0.0
德州,jma_seamless,2026-07-23,1,2026-07-24,29.5,25.0,33.0,,38.0,87.0,1.5,,46.4,,10.8,0.0
德州,jma_seamless,2026-07-22,2,2026-07-24,28.4,25.2,33.3,,34.9,89.2,1.8,,40.2,,10.8,0.0
德州,jma_seamless,2026-07-21,3,2026-07-24,28.5,25.8,33.4,,35.2,89.1,1.7,,37.3,,17.7,0.0
德州,jma_seamless,2026-07-20,4,2026-07-24,35.7,26.3,36.1,,57.6,77.0,2.7,,31.4,,1.8,0.0
德州,jma_seamless,2026-07-19,5,2026-07-24,33.4,25.4,35.1,,46.4,73.5,2.8,,4.5,,3.0,0.0
德州,jma_seamless,2026-07-18,6,2026-07-24,34.6,27.4,36.3,,51.1,74.0,4.4,,17.4,,4.8,0.0
德州,jma_seamless,2026-07-17,7,2026-07-24,36.5,26.5,36.9,,60.7,76.3,8.0,,18.8,,2.7,0.0
德州,jma_seamless,2026-07-24,1,2026-07-25,29.9,24.8,33.1,,38.1,82.5,1.4,,35.0,,3.0,0.0
德州,jma_seamless,2026-07-23,2,2026-07-25,29.1,25.3,33.3,,37.1,88.6,1.0,,21.4,,10.8,0.0
德州,jma_seamless,2026-07-22,3,2026-07-25,29.6,25.2,33.5,,38.5,87.6,2.4,,20.4,,7.8,0.0
德州,jma_seamless,2026-07-21,4,2026-07-25,30.7,27.2,35.0,,38.8,76.7,1.8,,30.8,,0.0,0.0
德州,jma_seamless,2026-07-20,5,2026-07-25,34.8,28.2,36.8,,50.1,70.8,4.9,,32.5,,0.9,0.0
德州,jma_seamless,2026-07-19,6,2026-07-25,34.6,27.8,36.2,,47.9,68.2,3.4,,34.2,,0.6,0.0
德州,jma_seamless,2026-07-18,7,2026-07-25,35.3,28.5,36.9,,51.5,70.1,5.9,,40.3,,1.2,0.0
德州,jma_seamless,2026-07-25,1,2026-07-26,30.9,25.1,33.6,,40.0,78.5,2.1,,20.2,,0.3,0.0
德州,jma_seamless,2026-07-24,2,2026-07-26,31.5,25.1,33.8,,42.3,79.3,2.0,,23.2,,2.4,0.0
德州,jma_seamless,2026-07-23,3,2026-07-26,30.4,25.0,33.7,,39.8,82.9,1.8,,33.2,,0.6,0.0
德州,jma_seamless,2026-07-22,4,2026-07-26,31.2,26.5,34.8,,40.4,76.9,1.1,,25.2,,0.6,0.0
德州,jma_seamless,2026-07-21,5,2026-07-26,36.0,27.6,36.8,,53.0,68.2,2.4,,32.1,,0.3,0.0
德州,jma_seamless,2026-07-20,6,2026-07-26,35.1,27.9,37.0,,52.7,73.4,3.2,,22.9,,0.6,0.0
德州,jma_seamless,2026-07-19,7,2026-07-26,32.7,27.4,35.5,,45.5,76.8,4.1,,55.0,,8.4,0.0
德州,jma_seamless,2026-07-26,1,2026-07-27,31.3,27.1,34.5,,39.5,73.2,2.8,,4.3,,3.6,0.0
德州,jma_seamless,2026-07-25,2,2026-07-27,34.6,26.2,35.4,,48.0,68.4,3.8,,16.0,,0.3,0.0
德州,jma_seamless,2026-07-24,3,2026-07-27,34.1,26.1,34.8,,47.5,70.8,3.4,,31.4,,0.0,0.0
德州,jma_seamless,2026-07-23,4,2026-07-27,32.4,26.3,34.7,,43.6,75.0,2.3,,32.8,,0.6,0.0
德州,jma_seamless,2026-07-22,5,2026-07-27,36.6,28.5,36.9,,51.6,62.5,3.9,,26.4,,0.0,0.0
德州,jma_seamless,2026-07-21,6,2026-07-27,37.7,27.6,37.9,,56.7,64.1,5.5,,14.0,,0.0,0.0
德州,jma_seamless,2026-07-20,7,2026-07-27,36.2,29.1,37.7,,49.9,62.0,4.1,,39.9,,0.0,0.0
德州,jma_seamless,2026-07-27,1,2026-07-28,34.5,26.9,35.8,,50.2,73.0,5.2,,17.7,,0.3,0.0
德州,jma_seamless,2026-07-26,2,2026-07-28,34.6,28.4,36.9,,49.5,71.2,6.3,,35.1,,1.5,0.0
德州,jma_seamless,2026-07-25,3,2026-07-28,36.0,27.6,36.2,,53.0,68.2,6.3,,31.3,,6.0,0.0
德州,jma_seamless,2026-07-24,4,2026-07-28,31.5,26.4,35.6,,43.2,81.6,3.4,,69.8,,6.0,0.0
德州,jma_seamless,2026-07-23,5,2026-07-28,33.0,28.1,36.1,,45.4,74.4,7.8,,58.7,,0.6,0.0
德州,jma_seamless,2026-07-22,6,2026-07-28,38.0,30.6,38.0,,55.1,60.2,8.8,,29.3,,0.0,0.0
德州,jma_seamless,2026-07-21,7,2026-07-28,38.1,30.4,38.6,,53.5,57.4,8.3,,24.4,,0.0,0.0
德州,jma_seamless,2026-08-25,1,2026-08-26,27.7,23.7,31.5,,32.3,86.6,7.5,,,,,
德州,jma_seamless,2026-08-24,2,2026-08-26,32.3,25.6,34.6,,46.3,81.9,5.0,,,,,
德州,jma_seamless,2026-08-23,3,2026-08-26,32.0,27.3,34.0,,41.8,73.8,6.9,,,,,
德州,jma_seamless,2026-08-22,4,2026-08-26,30.3,26.7,34.4,,38.5,79.8,5.0,,,,,
德州,jma_seamless,2026-08-21,5,2026-08-26,28.9,25.9,33.8,,35.4,84.5,6.6,,,,,
德州,jma_seamless,2026-08-20,6,2026-08-26,29.8,26.7,34.0,,37.4,81.2,7.9,,,,,
德州,jma_seamless,2026-08-19,7,2026-08-26,30.3,26.9,34.8,,39.4,82.5,7.4,,,,,
德州,jma_seamless,2026-08-26,1,2026-08-27,26.2,21.0,26.1,,,83.8,9.3,,,,,
德州,jma_seamless,2026-08-25,2,2026-08-27,25.3,22.2,26.9,,,87.3,8.1,,,,,
德州,jma_seamless,2026-08-24,3,2026-08-27,29.8,23.0,32.5,,36.5,77.9,4.2,,,,,
德州,jma_seamless,2026-08-23,4,2026-08-27,30.8,27.1,34.0,,38.7,75.3,3.4,,,,,
德州,jma_seamless,2026-08-22,5,2026-08-27,31.1,25.5,33.4,,40.6,78.2,5.9,,,,,
德州,jma_seamless,2026-08-21,6,2026-08-27,29.5,23.7,29.8,,34.7,73.8,8.0,,,,,
德州,jma_seamless,2026-08-20,7,2026-08-27,27.3,22.4,28.1,,30.2,77.7,9.9,,,,,
德州,jma_seamless,2026-08-27,1,2026-08-28,24.8,21.0,24.8,,,82.4,9.5,,,,,
德州,jma_seamless,2026-08-26,2,2026-08-28,24.2,20.5,24.9,,,81.6,6.5,,,,,
德州,jma_seamless,2026-08-25,3,2026-08-28,23.7,20.7,24.3,,,86.4,8.7,,,,,
德州,jma_seamless,2026-08-24,4,2026-08-28,31.5,21.2,31.1,,42.0,78.5,7.3,,,,,
德州,jma_seamless,2026-08-23,5,2026-08-28,31.3,27.1,33.3,,39.4,72.9,10.2,,,,,
德州,jma_seamless,2026-08-22,6,2026-08-28,28.6,26.4,32.3,,33.3,78.1,9.3,,,,,
德州,jma_seamless,2026-08-21,7,2026-08-28,27.0,20.9,27.5,,30.2,84.7,6.9,,,,,
德州,jma_seamless,2026-08-28,1,2026-08-29,25.6,20.7,26.9,,,83.5,1.4,,,,,
德州,jma_seamless,2026-08-27,2,2026-08-29,25.3,21.0,26.2,,,84.1,2.5,,,,,
德州,jma_seamless,2026-08-26,3,2026-08-29,25.6,22.1,27.2,,,82.3,1.8,,,,,
德州,jma_seamless,2026-08-25,4,2026-08-29,27.1,20.7,26.9,,29.9,79.8,2.9,,,,,
德州,jma_seamless,2026-08-24,5,2026-08-29,28.8,23.0,31.4,,35.1,84.1,3.1,,,,,
德州,jma_seamless,2026-08-23,6,2026-08-29,30.1,22.3,32.1,,39.0,83.3,2.1,,,,,
德州,jma_seamless,2026-08-22,7,2026-08-29,31.2,25.3,31.5,,37.8,69.0,5.9,,,,,
德州,jma_seamless,2026-08-29,1,2026-08-30,30.2,20.5,27.0,,36.7,74.4,3.3,,,,,
德州,jma_seamless,2026-08-28,2,2026-08-30,30.1,19.7,26.2,,35.7,71.8,4.6,,,,,
德州,jma_seamless,2026-08-27,3,2026-08-30,29.5,19.3,26.2,,34.2,71.5,4.8,,,,,
德州,jma_seamless,2026-08-26,4,2026-08-30,30.2,19.6,27.4,,36.3,73.1,3.6,,,,,
德州,jma_seamless,2026-08-25,5,2026-08-30,30.7,19.9,27.2,,37.7,73.0,3.0,,,,,
德州,jma_seamless,2026-08-24,6,2026-08-30,30.8,21.8,28.4,,36.1,66.6,3.6,,,,,
德州,jma_seamless,2026-08-23,7,2026-08-30,29.4,21.3,30.0,,35.6,78.8,4.1,,,,,
德州,jma_seamless,2026-08-30,1,2026-08-31,28.7,19.1,26.2,,32.3,71.1,5.5,,,,,
德州,jma_seamless,2026-08-29,2,2026-08-31,29.2,18.8,26.4,,33.2,70.1,5.1,,,,,
德州,jma_seamless,2026-08-28,3,2026-08-31,28.5,18.4,25.6,,31.6,69.9,5.4,,,,,
德州,jma_seamless,2026-08-27,4,2026-08-31,30.1,18.5,25.7,,34.3,66.0,2.7,,,,,
德州,jma_seamless,2026-08-26,5,2026-08-31,30.2,19.1,26.3,,34.7,66.7,3.5,,,,,
德州,jma_seamless,2026-08-25,6,2026-08-31,30.2,19.8,25.8,,33.9,63.0,4.6,,,,,
德州,jma_seamless,2026-08-24,7,2026-08-31,29.9,20.6,26.1,,32.8,60.8,5.6,,,,,
德州,jma_seamless,2026-08-31,1,2026-09-01,30.6,21.5,26.5,,33.9,59.6,6.7,,,,,
德州,jma_seamless,2026-08-30,2,2026-09-01,30.9,22.2,26.9,,34.9,61.2,8.5,,,,,
德州,jma_seamless,2026-08-29,3,2026-09-01,30.6,21.3,26.5,,34.6,62.6,9.0,,,,,
德州,jma_seamless,2026-08-28,4,2026-09-01,29.7,22.1,26.3,,33.3,65.4,9.2,,,,,
德州,jma_seamless,2026-08-27,5,2026-09-01,30.8,21.1,26.8,,35.9,66.0,7.4,,,,,
德州,jma_seamless,2026-08-26,6,2026-09-01,31.6,21.7,27.2,,36.8,62.4,6.9,,,,,
德州,jma_seamless,2026-08-25,7,2026-09-01,29.2,21.7,26.4,,32.4,65.8,7.7,,,,,
德州,jma_seamless,2026-09-01,1,2026-09-02,30.7,20.7,25.2,,32.1,49.6,3.9,,,,,
德州,jma_seamless,2026-08-31,2,2026-09-02,31.1,20.4,25.7,,33.3,52.5,4.5,,,,,
德州,jma_seamless,2026-08-30,3,2026-09-02,31.5,21.0,25.5,,33.6,50.8,7.6,,,,,
德州,jma_seamless,2026-08-29,4,2026-09-02,31.3,20.9,25.0,,32.8,48.3,8.9,,,,,
德州,jma_seamless,2026-08-28,5,2026-09-02,31.5,21.0,25.4,,34.4,54.1,7.2,,,,,
德州,jma_seamless,2026-08-27,6,2026-09-02,31.5,21.4,25.9,,34.0,52.2,9.2,,,,,
德州,jma_seamless,2026-08-26,7,2026-09-02,31.9,20.8,26.4,,35.5,55.4,5.0,,,,,
德州,jma_seamless,2026-09-02,1,2026-09-03,32.3,19.6,24.6,,33.6,44.5,3.6,,,,,
德州,jma_seamless,2026-09-01,2,2026-09-03,32.4,20.3,25.3,,33.5,43.2,3.7,,,,,
德州,jma_seamless,2026-08-31,3,2026-09-03,32.4,20.0,25.0,,33.6,43.6,3.8,,,,,
德州,jma_seamless,2026-08-30,4,2026-09-03,32.1,20.4,25.2,,33.4,45.2,7.3,,,,,
德州,jma_seamless,2026-08-29,5,2026-09-03,31.5,20.0,24.8,,32.9,47.3,5.8,,,,,
德州,jma_seamless,2026-08-28,6,2026-09-03,31.9,21.7,25.7,,33.4,46.4,8.6,,,,,
德州,jma_seamless,2026-08-27,7,2026-09-03,32.6,21.3,25.7,,34.5,46.2,9.4,,,,,
德州,jma_seamless,2026-09-03,1,2026-09-04,31.5,20.0,25.4,,33.4,49.5,4.1,,,,,
德州,jma_seamless,2026-09-02,2,2026-09-04,32.4,20.2,25.7,,34.2,46.2,2.9,,,,,
德州,jma_seamless,2026-09-01,3,2026-09-04,32.3,20.2,25.9,,33.9,45.6,2.6,,,,,
德州,jma_seamless,2026-08-31,4,2026-09-04,32.5,20.4,26.0,,34.5,46.9,3.3,,,,,
德州,jma_seamless,2026-08-30,5,2026-09-04,33.0,21.6,26.7,,36.2,49.6,5.4,,,,,
德州,jma_seamless,2026-08-29,6,2026-09-04,31.7,21.1,26.3,,34.2,51.7,3.7,,,,,
德州,jma_seamless,2026-08-28,7,2026-09-04,32.3,22.6,27.0,,34.4,47.7,7.2,,,,,
德州,jma_seamless,2026-09-04,1,2026-09-05,31.2,20.5,26.2,,34.2,55.5,3.5,,,,,
德州,jma_seamless,2026-09-03,2,2026-09-05,32.1,20.8,26.4,,35.3,53.0,3.3,,,,,
德州,jma_seamless,2026-09-02,3,2026-09-05,32.9,21.8,26.9,,35.0,45.9,3.4,,,,,
德州,jma_seamless,2026-09-01,4,2026-09-05,32.6,21.8,26.6,,34.4,45.6,3.2,,,,,
德州,jma_seamless,2026-08-31,5,2026-09-05,32.0,21.2,27.1,,34.5,50.4,3.9,,,,,
德州,jma_seamless,2026-08-30,6,2026-09-05,30.4,22.9,27.8,,33.1,57.7,3.8,,,,,
德州,jma_seamless,2026-08-29,7,2026-09-05,32.9,22.3,28.3,,36.9,52.9,2.3,,,,,
德州,jma_seamless,2026-09-05,1,2026-09-06,31.2,21.8,27.3,,34.6,57.3,4.1,,,,,
德州,jma_seamless,2026-09-04,2,2026-09-06,32.0,22.0,27.6,,36.1,56.8,3.9,,,,,
德州,jma_seamless,2026-09-03,3,2026-09-06,32.3,21.9,27.7,,35.8,53.4,4.1,,,,,
德州,jma_seamless,2026-09-02,4,2026-09-06,32.1,22.1,27.3,,34.5,49.8,4.1,,,,,
德州,jma_seamless,2026-09-01,5,2026-09-06,32.4,22.1,27.6,,35.4,51.0,4.4,,,,,
德州,jma_seamless,2026-08-31,6,2026-09-06,32.8,22.3,27.2,,35.1,47.0,4.7,,,,,
德州,jma_seamless,2026-08-30,7,2026-09-06,32.5,23.5,28.4,,35.5,50.6,2.8,,,,,
德州,jma_seamless,2026-09-06,1,2026-09-07,32.0,22.4,27.7,,35.2,53.2,5.2,,,,,
德州,jma_seamless,2026-09-05,2,2026-09-07,32.2,22.2,27.7,,35.4,52.4,6.4,,,,,
德州,jma_seamless,2026-09-04,3,2026-09-07,31.3,22.2,27.8,,34.7,57.0,4.6,,,,,
德州,jma_seamless,2026-09-03,4,2026-09-07,32.0,22.0,27.3,,35.3,53.7,5.0,,,,,
德州,jma_seamless,2026-09-02,5,2026-09-07,33.1,23.4,27.9,,35.7,47.2,4.7,,,,,
德州,jma_seamless,2026-09-01,6,2026-09-07,32.9,22.5,28.0,,37.0,53.1,4.4,,,,,
德州,jma_seamless,2026-08-31,7,2026-09-07,34.0,22.5,28.1,,37.7,48.0,3.3,,,,,
德州,jma_seamless,2026-09-07,1,2026-09-08,25.6,19.6,21.9,,,43.8,12.7,,,,,
德州,jma_seamless,2026-09-06,2,2026-09-08,25.7,20.9,22.5,,,46.8,13.4,,,,,
德州,jma_seamless,2026-09-05,3,2026-09-08,25.4,19.1,22.4,,,54.6,12.6,,,,,
德州,jma_seamless,2026-09-04,4,2026-09-08,25.5,20.7,23.6,,,60.6,11.6,,,,,
德州,jma_seamless,2026-09-03,5,2026-09-08,27.5,21.2,25.1,,28.8,60.8,10.5,,,,,
德州,jma_seamless,2026-09-02,6,2026-09-08,29.6,24.9,28.2,,30.9,52.8,4.2,,,,,
德州,jma_seamless,2026-09-01,7,2026-09-08,29.5,23.9,27.7,,31.3,56.2,7.2,,,,,
德州,jma_seamless,2026-09-08,1,2026-09-09,25.9,17.5,18.9,,,34.4,7.2,,46.2,,0.0,0.0
德州,jma_seamless,2026-09-07,2,2026-09-09,25.4,17.3,19.4,,,34.7,6.5,,58.7,,0.0,0.0
德州,jma_seamless,2026-09-06,3,2026-09-09,27.3,19.0,20.6,,27.1,40.2,8.6,,56.7,,0.0,0.0
德州,jma_seamless,2026-09-05,4,2026-09-09,25.6,18.8,20.4,,,45.1,10.5,,72.2,,0.0,0.0
德州,jma_seamless,2026-09-04,5,2026-09-09,25.1,18.8,19.9,,,43.7,10.7,,74.9,,0.0,0.0
德州,jma_seamless,2026-09-03,6,2026-09-09,24.4,18.9,21.5,,,49.0,10.0,,37.0,,0.0,0.0
德州,jma_seamless,2026-09-02,7,2026-09-09,25.0,17.5,20.3,,,61.6,13.6,,65.3,,1.8,0.0
德州,jma_seamless,2026-09-09,1,2026-09-10,27.7,15.2,18.7,,27.4,40.0,2.3,,0.8,,0.0,0.0
德州,jma_seamless,2026-09-08,2,2026-09-10,28.3,14.8,19.0,,28.0,41.1,2.3,,7.3,,0.0,0.0
德州,jma_seamless,2026-09-07,3,2026-09-10,28.9,17.0,19.8,,28.3,37.4,2.9,,14.3,,0.0,0.0
德州,jma_seamless,2026-09-06,4,2026-09-10,28.0,18.7,20.9,,27.4,35.0,4.2,,43.2,,0.0,0.0
德州,jma_seamless,2026-09-05,5,2026-09-10,26.7,19.1,20.6,,,35.4,5.4,,48.6,,0.0,0.0
德州,jma_seamless,2026-09-04,6,2026-09-10,28.6,17.2,19.8,,28.1,38.2,6.0,,13.1,,0.0,0.0
德州,jma_seamless,2026-09-03,7,2026-09-10,27.9,19.5,20.4,,27.4,36.7,11.0,,29.5,,0.0,0.0
德州,jma_seamless,2026-09-10,1,2026-09-11,29.8,16.1,20.0,,29.1,36.0,5.1,,32.9,,0.0,0.0
德州,jma_seamless,2026-09-09,2,2026-09-11,28.7,16.2,20.3,,28.4,40.5,3.8,,33.0,,0.0,0.0
德州,jma_seamless,2026-09-08,3,2026-09-11,30.1,16.8,21.1,,29.8,40.0,3.9,,35.0,,0.0,0.0
德州,jma_seamless,2026-09-07,4,2026-09-11,31.2,16.8,20.9,,30.6,35.6,3.5,,0.6,,0.0,0.0
德州,jma_seamless,2026-09-06,5,2026-09-11,29.0,16.9,20.7,,28.6,39.5,4.4,,0.0,,0.0,0.0
德州,jma_seamless,2026-09-05,6,2026-09-11,29.5,16.5,21.1,,29.8,45.6,1.6,,1.8,,0.0,0.0
德州,jma_seamless,2026-09-04,7,2026-09-11,29.6,17.4,21.1,,29.5,42.8,3.0,,34.7,,0.0,0.0
德州,jma_seamless,2026-09-11,1,2026-09-12,29.2,17.9,21.0,,28.6,37.6,7.8,,20.4,,0.0,0.0
德州,jma_seamless,2026-09-10,2,2026-09-12,29.8,17.9,20.6,,28.6,31.0,6.7,,17.9,,0.0,0.0
德州,jma_seamless,2026-09-09,3,2026-09-12,30.5,17.5,21.2,,29.5,32.9,6.2,,19.3,,0.0,0.0
德州,jma_seamless,2026-09-08,4,2026-09-12,30.3,18.0,21.2,,29.4,33.8,5.7,,1.0,,0.0,0.0
德州,jma_seamless,2026-09-07,5,2026-09-12,31.4,19.9,21.9,,29.9,27.8,6.9,,1.1,,0.0,0.0
德州,jma_seamless,2026-09-06,6,2026-09-12,30.3,17.7,22.4,,30.6,44.1,2.6,,19.1,,0.0,0.0
德州,jma_seamless,2026-09-05,7,2026-09-12,27.1,17.8,21.6,,27.3,46.1,3.1,,67.0,,0.0,0.0
德州,jma_seamless,2026-09-12,1,2026-09-13,29.9,19.4,22.6,,29.5,38.9,7.6,,38.0,,0.0,0.0
德州,jma_seamless,2026-09-11,2,2026-09-13,29.9,20.5,22.4,,29.0,34.6,7.4,,57.2,,0.0,0.0
德州,jma_seamless,2026-09-10,3,2026-09-13,30.0,20.1,22.0,,28.9,32.3,7.4,,55.2,,0.0,0.0
德州,jma_seamless,2026-09-09,4,2026-09-13,29.8,20.3,22.6,,29.5,40.0,7.2,,51.2,,0.0,0.0
德州,jma_seamless,2026-09-08,5,2026-09-13,30.4,20.6,24.4,,31.5,49.0,6.7,,17.7,,0.0,0.0
德州,jma_seamless,2026-09-07,6,2026-09-13,30.1,19.1,22.8,,29.7,38.7,4.1,,31.8,,0.0,0.0
德州,jma_seamless,2026-09-06,7,2026-09-13,29.8,20.0,23.9,,30.7,49.8,2.2,,75.8,,0.0,0.0
德州,jma_seamless,2026-09-13,1,2026-09-14,28.5,15.8,19.5,,27.6,31.8,3.6,,2.2,,0.0,0.0
德州,jma_seamless,2026-09-12,2,2026-09-14,29.1,17.5,19.6,,27.9,28.7,3.8,,1.5,,0.0,0.0
德州,jma_seamless,2026-09-11,3,2026-09-14,28.7,18.1,20.2,,27.9,34.2,3.7,,1.5,,0.0,0.0
德州,jma_seamless,2026-09-10,4,2026-09-14,28.7,16.9,20.3,,28.8,45.3,2.7,,4.5,,0.0,0.0
德州,jma_seamless,2026-09-09,5,2026-09-14,30.0,17.8,23.6,,31.6,53.4,3.5,,23.9,,0.0,0.0
德州,jma_seamless,2026-09-08,6,2026-09-14,30.2,19.3,23.6,,31.9,53.1,4.5,,0.0,,0.0,0.0
德州,jma_seamless,2026-09-07,7,2026-09-14,28.3,17.1,21.7,,27.8,38.8,7.8,,17.0,,0.0,0.0
德州,jma_seamless,2026-09-14,1,2026-09-15,32.1,21.2,24.1,,32.3,39.5,6.0,,11.4,,0.0,0.0
德州,jma_seamless,2026-09-13,2,2026-09-15,31.6,19.0,22.8,,31.7,39.9,4.9,,3.8,,0.0,0.0
德州,jma_seamless,2026-09-12,3,2026-09-15,32.6,18.0,22.5,,32.2,34.8,5.7,,10.8,,0.0,0.0
德州,jma_seamless,2026-09-11,4,2026-09-15,32.0,16.9,22.3,,33.3,45.5,5.7,,0.1,,0.0,0.0
德州,jma_seamless,2026-09-10,5,2026-09-15,31.6,16.3,21.6,,31.4,37.7,6.7,,1.5,,0.0,0.0
德州,jma_seamless,2026-09-09,6,2026-09-15,32.5,19.2,23.8,,34.1,45.3,7.6,,0.0,,0.0,0.0
德州,jma_seamless,2026-09-08,7,2026-09-15,32.3,15.8,22.3,,32.4,38.1,6.4,,20.7,,0.0,0.0
