region_name,model,issue_date,lead_day,forecast_date,temp_max,temp_min,apparent_temp,wind_chill,heat_index,relative_humidity,wind_speed,wind_gust,cloud_cover,shortwave_radiation,precipitation,snowfall
滨州,ecmwf_ifs025,2024-12-31,1,2025-01-01,8.4,-3.7,-2.9,-6.1,,54.2,5.7,,4.9,9.26,0.0,
滨州,ecmwf_ifs025,2024-12-30,2,2025-01-01,8.5,-3.3,-3.3,-5.5,,50.8,5.4,,3.0,9.3,0.0,
滨州,ecmwf_ifs025,2024-12-29,3,2025-01-01,8.3,-3.7,-3.8,-6.0,,46.1,5.4,,1.5,9.36,0.0,
滨州,ecmwf_ifs025,2024-12-28,4,2025-01-01,8.3,-3.1,-3.8,-5.6,,45.6,6.0,,0.0,9.37,0.0,
滨州,ecmwf_ifs025,2024-12-27,5,2025-01-01,6.7,-2.9,-4.1,-5.2,,47.0,5.7,,0.5,9.37,0.0,
滨州,ecmwf_ifs025,2024-12-26,6,2025-01-01,5.2,-3.1,-4.6,-7.5,,58.0,11.6,,0.0,10.82,0.0,
滨州,ecmwf_ifs025,2024-12-25,7,2025-01-01,5.0,-4.5,-5.4,-7.6,,43.8,7.0,,0.7,10.99,0.0,
滨州,gfs_seamless,2024-12-31,1,2025-01-01,8.2,-0.3,-0.9,-2.3,,42.6,5.8,24.8,15.8,9.93,0.0,0.0
滨州,gfs_seamless,2024-12-30,2,2025-01-01,7.7,-0.9,-2.0,-3.8,,42.3,8.1,28.8,12.0,10.02,0.0,0.0
滨州,gfs_seamless,2024-12-29,3,2025-01-01,7.9,-1.5,-2.1,-4.5,,41.4,7.9,30.6,17.1,10.03,0.0,0.0
滨州,gfs_seamless,2024-12-28,4,2025-01-01,7.6,-1.1,-2.1,-3.6,,40.0,6.9,28.8,9.0,10.03,0.0,0.0
滨州,gfs_seamless,2024-12-27,5,2025-01-01,6.9,-1.9,-3.1,-5.9,,43.1,11.3,28.1,23.1,9.7,0.0,0.0
滨州,gfs_seamless,2024-12-26,6,2025-01-01,5.2,-3.1,-5.4,-8.4,,31.2,16.0,54.0,1.0,9.93,0.0,0.0
滨州,gfs_seamless,2024-12-25,7,2025-01-01,4.6,-4.6,-5.6,-9.3,,28.4,11.7,29.5,10.7,9.98,0.0,0.0
滨州,jma_seamless,2024-12-31,1,2025-01-01,5.7,-2.7,-3.1,,,42.5,2.9,,9.5,,0.0,0.0
滨州,jma_seamless,2024-12-30,2,2025-01-01,5.7,-2.4,-3.2,,,34.9,2.7,,11.2,,0.0,0.0
滨州,jma_seamless,2024-12-29,3,2025-01-01,5.6,-2.5,-3.5,,,36.0,2.0,,1.3,,0.0,0.0
滨州,jma_seamless,2024-12-28,4,2025-01-01,5.6,-3.1,-3.7,,,34.5,1.7,,8.8,,0.0,0.0
滨州,jma_seamless,2024-12-27,5,2025-01-01,5.0,-2.8,-3.7,,,42.2,2.4,,2.0,,0.0,0.0
滨州,jma_seamless,2024-12-26,6,2025-01-01,4.4,-1.4,-4.1,-4.5,,35.9,8.3,,8.3,,0.0,0.0
滨州,jma_seamless,2024-12-25,7,2025-01-01,2.3,-2.0,-4.9,-6.1,,23.3,11.6,,0.0,,0.0,0.0
滨州,ecmwf_ifs025,2025-01-01,1,2025-01-02,4.1,-4.4,-4.9,-8.5,,67.4,9.8,,11.6,9.31,0.0,
滨州,ecmwf_ifs025,2024-12-31,2,2025-01-02,4.0,-5.0,-5.1,-9.3,,65.6,10.0,,3.8,9.22,0.0,
滨州,ecmwf_ifs025,2024-12-30,3,2025-01-02,5.0,-4.1,-4.2,-8.1,,76.8,9.5,,15.2,8.68,0.0,
滨州,ecmwf_ifs025,2024-12-29,4,2025-01-02,4.7,-3.4,-4.6,-7.2,,73.7,9.5,,7.1,9.04,0.0,
滨州,ecmwf_ifs025,2024-12-28,5,2025-01-02,3.4,-4.6,-6.0,-9.4,,62.1,12.0,,0.3,9.28,0.0,
滨州,ecmwf_ifs025,2024-12-27,6,2025-01-02,1.5,-5.4,-6.8,-9.2,,50.8,8.4,,0.0,10.87,0.0,
滨州,ecmwf_ifs025,2024-12-26,7,2025-01-02,4.0,-5.5,-5.7,,,50.6,3.2,,6.5,11.04,0.0,
滨州,gfs_seamless,2025-01-01,1,2025-01-02,5.0,-1.9,-4.2,-6.1,,48.2,11.9,30.2,49.0,8.97,0.0,0.0
滨州,gfs_seamless,2024-12-31,2,2025-01-02,4.8,-1.9,-4.4,-6.1,,48.8,11.9,25.2,33.8,9.67,0.0,0.0
滨州,gfs_seamless,2024-12-30,3,2025-01-02,5.5,-2.8,-3.9,-7.0,,57.7,11.3,23.4,35.2,9.39,0.0,0.0
滨州,gfs_seamless,2024-12-29,4,2025-01-02,5.7,-1.7,-4.2,-5.9,,57.7,12.3,27.4,44.1,9.21,0.0,0.0
滨州,gfs_seamless,2024-12-28,5,2025-01-02,6.4,-1.7,-3.1,-5.4,,57.6,10.3,31.0,33.0,9.24,0.0,0.0
滨州,gfs_seamless,2024-12-27,6,2025-01-02,5.3,-2.9,-4.1,-6.5,,50.9,9.2,23.4,22.1,9.47,0.0,0.0
滨州,gfs_seamless,2024-12-26,7,2025-01-02,4.9,-3.3,-4.9,-6.7,,30.1,8.2,17.3,41.5,9.37,0.0,0.0
滨州,jma_seamless,2025-01-01,1,2025-01-02,3.3,-2.4,-3.8,-5.1,,57.8,6.8,,10.0,,0.0,0.0
滨州,jma_seamless,2024-12-31,2,2025-01-02,2.3,-2.4,-4.4,-5.6,,47.8,8.0,,10.3,,0.0,0.0
滨州,jma_seamless,2024-12-30,3,2025-01-02,2.7,-2.4,-4.2,-5.4,,58.8,7.6,,7.0,,0.0,0.0
滨州,jma_seamless,2024-12-29,4,2025-01-02,4.8,-2.7,-3.9,-5.1,,47.9,6.0,,18.2,,0.0,0.0
滨州,jma_seamless,2024-12-28,5,2025-01-02,3.8,-2.2,-3.9,-5.0,,61.2,7.0,,22.0,,0.0,0.0
滨州,jma_seamless,2024-12-27,6,2025-01-02,4.6,-2.6,-3.8,-4.6,,58.7,5.2,,0.0,,0.0,0.0
滨州,jma_seamless,2024-12-26,7,2025-01-02,2.9,-3.4,-5.5,,,29.1,4.2,,5.1,,0.0,0.0
滨州,ecmwf_ifs025,2025-01-02,1,2025-01-03,5.9,-5.9,-5.3,-8.5,,58.4,5.4,,0.0,9.49,0.0,
滨州,ecmwf_ifs025,2025-01-01,2,2025-01-03,6.3,-5.3,-5.8,-8.5,,33.6,6.9,,0.0,9.6,0.0,
滨州,ecmwf_ifs025,2024-12-31,3,2025-01-03,6.6,-5.3,-5.6,-8.7,,36.3,7.4,,0.0,9.64,0.0,
滨州,ecmwf_ifs025,2024-12-30,4,2025-01-03,6.4,-5.4,-5.2,-8.1,,54.9,5.7,,0.0,9.62,0.0,
滨州,ecmwf_ifs025,2024-12-29,5,2025-01-03,5.5,-4.9,-5.9,-8.1,,34.9,7.1,,0.0,9.62,0.0,
滨州,ecmwf_ifs025,2024-12-28,6,2025-01-03,5.0,-5.6,-6.7,-9.4,,23.7,8.3,,0.0,10.92,0.0,
滨州,ecmwf_ifs025,2024-12-27,7,2025-01-03,5.5,-4.7,-6.0,-8.2,,30.0,7.9,,8.9,11.1,0.0,
滨州,gfs_seamless,2025-01-02,1,2025-01-03,6.2,-3.9,-4.1,-7.2,,33.5,7.6,16.6,0.0,10.34,0.0,0.0
滨州,gfs_seamless,2025-01-01,2,2025-01-03,6.3,-4.1,-4.3,-7.6,,30.5,8.1,19.1,0.0,10.4,0.0,0.0
滨州,gfs_seamless,2024-12-31,3,2025-01-03,6.4,-4.7,-5.0,-9.1,,32.8,10.5,24.5,0.8,10.4,0.0,0.0
滨州,gfs_seamless,2024-12-30,4,2025-01-03,5.2,-5.2,-5.0,-9.3,,39.3,9.3,23.0,1.2,10.28,0.0,0.0
滨州,gfs_seamless,2024-12-29,5,2025-01-03,4.4,-3.7,-4.9,-7.3,,35.5,8.7,33.5,22.0,10.0,0.0,0.0
滨州,gfs_seamless,2024-12-28,6,2025-01-03,2.5,-5.3,-7.3,-10.6,,30.2,13.4,41.4,12.7,10.16,0.0,0.0
滨州,gfs_seamless,2024-12-27,7,2025-01-03,3.4,-2.9,-5.1,-6.2,,41.4,8.3,16.2,24.8,7.77,0.0,0.0
滨州,jma_seamless,2025-01-02,1,2025-01-03,4.1,-2.7,-4.5,-4.7,,36.0,5.1,,0.0,,0.0,0.0
滨州,jma_seamless,2025-01-01,2,2025-01-03,4.0,-2.6,-4.9,-4.7,,22.2,5.4,,0.0,,0.0,0.0
滨州,jma_seamless,2024-12-31,3,2025-01-03,3.8,-3.0,-5.2,-5.4,,21.2,5.9,,0.0,,0.0,0.0
滨州,jma_seamless,2024-12-30,4,2025-01-03,3.3,-3.2,-5.4,-5.4,,19.2,5.4,,0.0,,0.0,0.0
滨州,jma_seamless,2024-12-29,5,2025-01-03,2.1,-2.8,-5.8,-5.8,,19.6,7.5,,0.0,,0.0,0.0
滨州,jma_seamless,2024-12-28,6,2025-01-03,1.5,-3.1,-6.0,-6.3,,19.9,7.7,,0.0,,0.0,0.0
滨州,jma_seamless,2024-12-27,7,2025-01-03,4.5,-2.4,-4.6,-4.8,,32.3,6.1,,0.4,,0.0,0.0
滨州,ecmwf_ifs025,2025-01-03,1,2025-01-04,8.0,-3.0,-3.5,-6.5,,55.8,8.6,,13.7,9.3,0.0,
滨州,ecmwf_ifs025,2025-01-02,2,2025-01-04,8.1,-3.0,-3.7,-6.3,,55.0,8.0,,17.9,9.25,0.0,
滨州,ecmwf_ifs025,2025-01-01,3,2025-01-04,8.6,-3.0,-3.6,-6.7,,52.9,9.4,,16.4,9.32,0.0,
滨州,ecmwf_ifs025,2024-12-31,4,2025-01-04,7.8,-2.8,-3.8,-6.6,,50.1,9.7,,12.6,9.39,0.0,
滨州,ecmwf_ifs025,2024-12-30,5,2025-01-04,7.1,-3.2,-4.0,-6.5,,53.4,8.1,,14.6,9.32,0.0,
滨州,ecmwf_ifs025,2024-12-29,6,2025-01-04,6.5,-3.7,-4.3,-7.0,,46.0,7.7,,7.6,10.97,0.0,
滨州,ecmwf_ifs025,2024-12-28,7,2025-01-04,6.1,-4.7,-5.6,-8.0,,34.2,7.3,,12.8,11.15,0.0,
滨州,gfs_seamless,2025-01-03,1,2025-01-04,8.1,-1.2,-1.9,-4.9,,42.6,10.7,26.3,35.8,9.71,0.0,0.0
滨州,gfs_seamless,2025-01-02,2,2025-01-04,8.5,-1.4,-1.7,-4.8,,43.8,9.2,24.5,22.4,9.97,0.0,0.0
滨州,gfs_seamless,2025-01-01,3,2025-01-04,8.6,-1.6,-1.7,-5.3,,47.8,10.3,24.5,28.8,9.92,0.0,0.0
滨州,gfs_seamless,2024-12-31,4,2025-01-04,7.9,-2.6,-2.5,-6.1,,45.9,8.8,18.0,17.2,10.01,0.0,0.0
滨州,gfs_seamless,2024-12-30,5,2025-01-04,6.7,-3.7,-3.4,-6.9,,37.5,7.4,20.2,6.5,9.85,0.0,0.0
滨州,gfs_seamless,2024-12-29,6,2025-01-04,6.9,-4.8,-4.3,-9.2,,36.5,10.4,26.6,32.6,9.28,0.0,0.0
滨州,gfs_seamless,2024-12-28,7,2025-01-04,5.3,-4.9,-5.6,-9.6,,28.7,11.5,39.2,10.8,9.96,0.0,0.0
滨州,jma_seamless,2025-01-03,1,2025-01-04,5.8,-1.0,-2.5,-3.4,,62.0,6.5,,21.7,,0.0,0.0
滨州,jma_seamless,2025-01-02,2,2025-01-04,5.3,-1.2,-3.0,-3.5,,52.5,6.2,,19.3,,0.0,0.0
滨州,jma_seamless,2025-01-01,3,2025-01-04,5.8,-1.2,-2.9,-3.8,,41.5,6.9,,25.1,,0.0,0.0
滨州,jma_seamless,2024-12-31,4,2025-01-04,5.2,-1.7,-3.5,-4.0,,37.8,6.1,,19.0,,0.0,0.0
滨州,jma_seamless,2024-12-30,5,2025-01-04,5.3,-1.6,-3.7,-3.9,,37.0,6.1,,15.0,,0.0,0.0
滨州,jma_seamless,2024-12-29,6,2025-01-04,4.3,-2.1,-4.2,-4.6,,27.2,6.3,,0.0,,0.0,0.0
滨州,jma_seamless,2024-12-28,7,2025-01-04,4.1,-3.3,-5.0,-5.7,,28.1,5.8,,8.1,,0.0,0.0
滨州,ecmwf_ifs025,2025-01-04,1,2025-01-05,6.6,-3.1,-4.2,-6.0,,67.9,7.1,,0.0,9.44,0.0,
滨州,ecmwf_ifs025,2025-01-03,2,2025-01-05,6.7,-3.7,-4.4,-6.4,,67.6,6.2,,0.0,9.54,0.0,
滨州,ecmwf_ifs025,2025-01-02,3,2025-01-05,6.4,-3.7,-4.3,-6.7,,64.7,6.9,,2.2,9.55,0.0,
滨州,ecmwf_ifs025,2025-01-01,4,2025-01-05,6.8,-3.2,-4.1,-6.2,,61.8,7.1,,0.0,9.52,0.0,
滨州,ecmwf_ifs025,2024-12-31,5,2025-01-05,7.9,-3.0,-3.2,-5.4,,70.8,5.8,,3.0,9.49,0.0,
滨州,ecmwf_ifs025,2024-12-30,6,2025-01-05,7.7,-3.9,-3.4,-6.5,,69.2,6.0,,6.1,11.02,0.0,
滨州,ecmwf_ifs025,2024-12-29,7,2025-01-05,7.4,-4.8,-4.6,-7.4,,52.3,5.8,,0.3,11.2,0.0,
滨州,gfs_seamless,2025-01-04,1,2025-01-05,7.6,-1.0,-2.2,-4.6,,40.8,10.4,27.0,9.7,10.1,0.0,0.0
滨州,gfs_seamless,2025-01-03,2,2025-01-05,7.4,-0.7,-1.7,-3.6,,40.5,8.1,23.4,25.4,10.14,0.0,0.0
滨州,gfs_seamless,2025-01-02,3,2025-01-05,8.2,-0.6,-0.7,-3.9,,52.6,9.5,24.1,38.2,9.98,0.0,0.0
滨州,gfs_seamless,2025-01-01,4,2025-01-05,8.1,-0.0,-1.3,-3.2,,49.7,9.5,19.1,16.0,10.05,0.0,0.0
滨州,gfs_seamless,2024-12-31,5,2025-01-05,8.0,-0.1,-1.2,-3.2,,54.4,9.0,23.0,28.3,9.66,0.0,0.0
滨州,gfs_seamless,2024-12-30,6,2025-01-05,7.6,0.9,-1.2,-2.5,,47.2,11.1,30.6,60.6,5.62,0.0,0.0
滨州,gfs_seamless,2024-12-29,7,2025-01-05,8.0,-2.1,-2.5,-6.2,,51.0,11.4,33.5,52.8,9.26,0.0,0.0
滨州,jma_seamless,2025-01-04,1,2025-01-05,5.4,-1.2,-2.9,-3.5,,54.0,6.3,,1.5,,0.0,0.0
滨州,jma_seamless,2025-01-03,2,2025-01-05,4.9,-2.3,-3.4,,,51.4,4.3,,1.6,,0.0,0.0
滨州,jma_seamless,2025-01-02,3,2025-01-05,4.5,-2.0,-3.5,,,59.0,4.7,,3.0,,0.0,0.0
滨州,jma_seamless,2025-01-01,4,2025-01-05,5.2,-2.1,-3.2,-4.0,,52.3,5.0,,21.5,,0.0,0.0
滨州,jma_seamless,2024-12-31,5,2025-01-05,4.3,-2.2,-3.3,,,57.7,2.5,,41.1,,0.0,0.0
滨州,jma_seamless,2024-12-30,6,2025-01-05,4.4,-2.1,-3.5,,,52.2,4.2,,23.7,,0.0,0.0
滨州,jma_seamless,2024-12-29,7,2025-01-05,3.0,-3.2,-4.5,,,53.0,4.1,,0.0,,0.0,0.0
滨州,ecmwf_ifs025,2025-01-05,1,2025-01-06,3.6,-2.7,-5.9,-7.3,,42.6,12.8,,9.3,9.22,0.0,
滨州,ecmwf_ifs025,2025-01-04,2,2025-01-06,3.6,-4.4,-6.3,-8.6,,44.4,10.2,,0.0,9.74,0.0,
滨州,ecmwf_ifs025,2025-01-03,3,2025-01-06,4.2,-4.6,-6.0,-8.5,,50.0,8.9,,0.0,9.7,0.0,
滨州,ecmwf_ifs025,2025-01-02,4,2025-01-06,3.9,-4.2,-6.0,-7.8,,52.5,8.4,,0.0,9.66,0.0,
滨州,ecmwf_ifs025,2025-01-01,5,2025-01-06,4.5,-4.3,-5.4,-7.4,,67.3,6.9,,0.0,9.34,0.0,
滨州,ecmwf_ifs025,2024-12-31,6,2025-01-06,5.8,-4.1,-4.1,,,60.5,3.6,,0.1,11.09,0.0,
滨州,ecmwf_ifs025,2024-12-30,7,2025-01-06,3.8,-4.0,-5.4,-6.6,,50.8,6.0,,3.4,11.35,0.0,
滨州,gfs_seamless,2025-01-05,1,2025-01-06,4.1,-3.2,-5.5,-8.5,,35.5,15.5,42.5,0.9,10.45,0.0,0.0
滨州,gfs_seamless,2025-01-04,2,2025-01-06,3.8,-3.5,-5.4,-8.4,,38.2,13.3,37.8,1.9,10.43,0.0,0.0
滨州,gfs_seamless,2025-01-03,3,2025-01-06,3.7,-3.5,-5.3,-8.0,,49.0,11.9,31.0,21.8,10.32,0.0,0.0
滨州,gfs_seamless,2025-01-02,4,2025-01-06,4.7,-2.7,-4.7,-7.2,,39.8,12.4,36.7,5.8,10.26,0.0,0.0
滨州,gfs_seamless,2025-01-01,5,2025-01-06,4.6,-2.6,-4.4,-6.1,,56.3,8.9,27.4,12.5,9.77,0.0,0.0
滨州,gfs_seamless,2024-12-31,6,2025-01-06,4.3,-2.9,-5.4,-8.0,,42.1,15.2,45.7,0.2,10.04,0.0,0.0
滨州,gfs_seamless,2024-12-30,7,2025-01-06,4.3,-3.9,-5.4,-9.0,,50.2,14.0,35.3,10.6,9.67,0.0,0.0
滨州,jma_seamless,2025-01-05,1,2025-01-06,2.8,-1.4,-4.9,-4.6,,29.0,8.8,,1.9,,0.0,0.0
滨州,jma_seamless,2025-01-04,2,2025-01-06,2.6,-2.5,-5.1,-5.4,,30.1,7.2,,0.5,,0.0,0.0
滨州,jma_seamless,2025-01-03,3,2025-01-06,2.0,-2.3,-5.1,-4.8,,41.5,6.4,,5.6,,0.0,0.0
滨州,jma_seamless,2025-01-02,4,2025-01-06,2.7,-2.7,-4.4,-4.7,,62.3,5.0,,0.0,,0.0,0.0
滨州,jma_seamless,2025-01-01,5,2025-01-06,3.0,-2.3,-4.0,,,66.8,3.9,,0.0,,0.0,0.0
滨州,jma_seamless,2024-12-31,6,2025-01-06,3.3,-2.9,-4.1,,,66.6,3.0,,0.8,,0.0,0.0
滨州,jma_seamless,2024-12-30,7,2025-01-06,4.7,-2.8,-4.0,,,70.5,4.8,,0.0,,0.6,0.1
滨州,ecmwf_ifs025,2025-01-06,1,2025-01-07,5.3,-3.9,-5.4,-7.8,,37.6,9.5,,4.0,9.76,0.0,
滨州,ecmwf_ifs025,2025-01-05,2,2025-01-07,4.8,-4.7,-5.8,-8.6,,35.5,9.0,,3.2,9.77,0.0,
滨州,ecmwf_ifs025,2025-01-04,3,2025-01-07,5.3,-5.0,-5.9,-9.3,,32.5,10.0,,1.1,9.79,0.0,
滨州,ecmwf_ifs025,2025-01-03,4,2025-01-07,5.7,-3.5,-5.7,-7.6,,29.4,10.3,,1.7,9.77,0.0,
滨州,ecmwf_ifs025,2025-01-02,5,2025-01-07,6.0,-3.8,-5.8,-7.9,,31.2,10.0,,1.3,9.71,0.0,
滨州,ecmwf_ifs025,2025-01-01,6,2025-01-07,4.4,-3.9,-5.8,-7.9,,34.2,9.8,,3.2,11.14,0.0,
滨州,ecmwf_ifs025,2024-12-31,7,2025-01-07,3.3,-4.7,-6.7,-9.5,,42.0,11.9,,0.0,11.33,0.0,
滨州,gfs_seamless,2025-01-06,1,2025-01-07,5.9,-4.3,-5.1,-9.2,,28.3,12.6,45.0,9.1,10.47,0.0,0.0
滨州,gfs_seamless,2025-01-05,2,2025-01-07,6.0,-4.5,-5.2,-9.6,,29.2,13.4,52.9,9.9,10.46,0.0,0.0
滨州,gfs_seamless,2025-01-04,3,2025-01-07,5.7,-4.3,-5.7,-9.9,,30.4,15.8,41.0,12.1,10.47,0.0,0.0
滨州,gfs_seamless,2025-01-03,4,2025-01-07,5.8,-4.4,-5.6,-9.7,,30.4,14.3,44.3,1.3,10.48,0.0,0.0
滨州,gfs_seamless,2025-01-02,5,2025-01-07,4.1,-4.7,-6.3,-10.4,,30.3,16.1,56.9,0.0,10.11,0.0,0.0
滨州,gfs_seamless,2025-01-01,6,2025-01-07,3.7,-4.8,-6.2,-9.9,,40.0,13.0,34.2,27.0,9.89,0.0,0.0
滨州,gfs_seamless,2024-12-31,7,2025-01-07,1.9,-4.1,-7.5,-10.0,,37.4,17.5,43.9,12.5,10.16,0.0,0.0
滨州,jma_seamless,2025-01-06,1,2025-01-07,4.8,-1.3,-4.1,-4.2,,25.1,7.9,,1.5,,0.0,0.0
滨州,jma_seamless,2025-01-05,2,2025-01-07,3.7,-1.4,-4.4,-4.3,,26.3,7.8,,1.2,,0.0,0.0
滨州,jma_seamless,2025-01-04,3,2025-01-07,3.2,-2.0,-4.7,-5.0,,25.8,7.8,,1.2,,0.0,0.0
滨州,jma_seamless,2025-01-03,4,2025-01-07,3.4,-2.3,-4.8,-5.2,,26.2,7.3,,9.4,,0.0,0.0
滨州,jma_seamless,2025-01-02,5,2025-01-07,3.0,-2.6,-5.2,-5.1,,30.4,6.1,,0.0,,0.0,0.0
滨州,jma_seamless,2025-01-01,6,2025-01-07,2.2,-2.9,-5.6,-5.8,,27.8,7.1,,0.0,,0.0,0.0
滨州,jma_seamless,2024-12-31,7,2025-01-07,1.6,-2.9,-5.9,-6.1,,37.6,7.9,,0.0,,0.0,0.0
滨州,ecmwf_ifs025,2025-01-07,1,2025-01-08,-0.5,-5.5,-8.3,-11.0,,35.7,14.2,,13.6,9.84,0.0,
滨州,ecmwf_ifs025,2025-01-06,2,2025-01-08,-0.6,-5.3,-8.2,-10.6,,36.4,13.4,,10.2,9.78,0.0,
滨州,ecmwf_ifs025,2025-01-05,3,2025-01-08,-0.1,-5.5,-8.0,-10.8,,37.8,13.2,,0.8,9.81,0.0,
滨州,ecmwf_ifs025,2025-01-04,4,2025-01-08,0.6,-5.3,-8.2,-10.4,,35.5,12.7,,2.0,9.73,0.0,
滨州,ecmwf_ifs025,2025-01-03,5,2025-01-08,0.9,-5.3,-8.1,-10.2,,40.0,12.1,,0.0,9.01,0.0,
滨州,ecmwf_ifs025,2025-01-02,6,2025-01-08,-0.0,-5.9,-8.3,-10.7,,42.0,11.0,,0.0,11.22,0.0,
滨州,ecmwf_ifs025,2025-01-01,7,2025-01-08,3.4,-4.6,-7.2,-8.8,,30.2,10.1,,0.0,11.49,0.0,
滨州,gfs_seamless,2025-01-07,1,2025-01-08,-0.2,-5.4,-8.5,-11.6,,32.3,17.3,51.1,5.5,10.65,0.0,0.0
滨州,gfs_seamless,2025-01-06,2,2025-01-08,1.1,-5.4,-8.9,-12.0,,31.7,19.5,47.9,9.2,10.63,0.0,0.0
滨州,gfs_seamless,2025-01-05,3,2025-01-08,-0.2,-5.3,-8.6,-11.8,,31.5,19.2,47.5,1.0,10.62,0.0,0.0
滨州,gfs_seamless,2025-01-04,4,2025-01-08,0.9,-4.4,-8.0,-10.3,,34.0,17.0,42.1,4.4,10.65,0.0,0.0
滨州,gfs_seamless,2025-01-03,5,2025-01-08,2.2,-5.5,-7.3,-11.3,,32.2,15.6,56.2,12.5,10.35,0.0,0.0
滨州,gfs_seamless,2025-01-02,6,2025-01-08,1.0,-6.0,-7.5,-11.4,,50.8,13.3,32.4,28.6,10.29,0.0,0.0
滨州,gfs_seamless,2025-01-01,7,2025-01-08,1.9,-9.8,-10.5,-17.6,,35.3,19.8,51.8,7.9,10.29,0.0,0.0
滨州,jma_seamless,2025-01-07,1,2025-01-08,0.5,-3.1,-7.2,-7.7,,28.9,12.4,,8.0,,0.0,0.0
滨州,jma_seamless,2025-01-06,2,2025-01-08,0.4,-3.0,-7.1,-7.4,,28.9,11.7,,6.6,,0.0,0.0
滨州,jma_seamless,2025-01-05,3,2025-01-08,-0.0,-3.1,-6.8,-7.1,,29.1,10.3,,6.4,,0.0,0.0
滨州,jma_seamless,2025-01-04,4,2025-01-08,-0.1,-2.7,-6.5,-6.8,,26.7,10.8,,7.0,,0.0,0.0
滨州,jma_seamless,2025-01-03,5,2025-01-08,0.2,-2.5,-6.5,-6.2,,23.2,9.7,,0.0,,0.0,0.0
滨州,jma_seamless,2025-01-02,6,2025-01-08,-0.1,-2.5,-6.7,-6.3,,24.5,10.0,,0.0,,0.0,0.0
滨州,jma_seamless,2025-01-01,7,2025-01-08,1.6,-3.1,-6.3,-6.0,,22.4,7.1,,0.0,,0.0,0.0
滨州,ecmwf_ifs025,2025-01-08,1,2025-01-09,-0.9,-5.8,-9.4,-10.8,,31.3,11.8,,0.0,9.93,0.0,
滨州,ecmwf_ifs025,2025-01-07,2,2025-01-09,-0.6,-5.6,-9.4,-10.5,,27.9,11.6,,0.0,9.93,0.0,
滨州,ecmwf_ifs025,2025-01-06,3,2025-01-09,-0.1,-5.0,-9.1,-9.7,,25.0,11.4,,0.0,9.95,0.0,
滨州,ecmwf_ifs025,2025-01-05,4,2025-01-09,-1.4,-5.6,-9.9,-10.8,,27.1,12.9,,0.0,9.95,0.0,
滨州,ecmwf_ifs025,2025-01-04,5,2025-01-09,0.5,-8.4,-9.8,-13.8,,24.9,11.5,,0.0,10.07,0.0,
滨州,ecmwf_ifs025,2025-01-03,6,2025-01-09,0.9,-6.9,-9.6,-11.7,,27.5,10.5,,0.0,11.28,0.0,
滨州,ecmwf_ifs025,2025-01-02,7,2025-01-09,1.7,-7.7,-8.7,-12.4,,25.9,9.8,,0.0,11.46,0.0,
滨州,gfs_seamless,2025-01-08,1,2025-01-09,-0.5,-7.0,-10.2,-12.9,,31.2,14.2,40.3,0.0,10.84,0.0,0.0
滨州,gfs_seamless,2025-01-07,2,2025-01-09,-0.3,-8.2,-10.2,-14.0,,31.5,13.0,46.4,0.0,10.82,0.0,0.0
滨州,gfs_seamless,2025-01-06,3,2025-01-09,1.5,-8.3,-9.6,-14.5,,28.6,14.3,41.0,0.0,10.83,0.0,0.0
滨州,gfs_seamless,2025-01-05,4,2025-01-09,1.8,-7.1,-9.2,-13.0,,28.9,14.2,34.6,0.0,10.86,0.0,0.0
滨州,gfs_seamless,2025-01-04,5,2025-01-09,2.4,-7.0,-8.5,-12.7,,27.6,13.7,42.1,0.0,10.44,0.0,0.0
滨州,gfs_seamless,2025-01-03,6,2025-01-09,2.9,-7.7,-8.4,-13.5,,30.9,13.4,39.6,0.2,10.54,0.0,0.0
滨州,gfs_seamless,2025-01-02,7,2025-01-09,0.7,-10.7,-10.7,-17.2,,34.7,13.5,39.6,1.1,10.32,0.0,0.0
滨州,jma_seamless,2025-01-08,1,2025-01-09,-1.8,-3.6,-8.0,-7.2,,24.0,8.8,,0.0,,0.0,0.0
滨州,jma_seamless,2025-01-07,2,2025-01-09,-2.2,-4.0,-8.3,-7.9,,21.5,9.4,,0.0,,0.0,0.0
滨州,jma_seamless,2025-01-06,3,2025-01-09,-0.7,-3.9,-7.6,-7.8,,19.4,9.4,,0.0,,0.0,0.0
滨州,jma_seamless,2025-01-05,4,2025-01-09,-1.4,-4.3,-8.0,-8.3,,20.0,9.5,,0.0,,0.0,0.0
滨州,jma_seamless,2025-01-04,5,2025-01-09,2.4,-3.3,-6.2,-6.4,,19.2,7.4,,0.0,,0.0,0.0
滨州,jma_seamless,2025-01-03,6,2025-01-09,0.2,-4.9,-7.0,-8.1,,23.1,7.1,,0.1,,0.0,0.0
滨州,jma_seamless,2025-01-02,7,2025-01-09,1.6,-4.5,-6.9,-7.1,,21.7,5.8,,0.0,,0.0,0.0
滨州,ecmwf_ifs025,2025-01-09,1,2025-01-10,2.7,-9.2,-9.3,-13.3,,25.5,7.5,,8.1,9.09,0.0,
滨州,ecmwf_ifs025,2025-01-08,2,2025-01-10,3.2,-6.3,-7.7,-9.4,,25.0,6.2,,1.1,10.08,0.0,
滨州,ecmwf_ifs025,2025-01-07,3,2025-01-10,3.0,-8.5,-8.6,-12.2,,24.9,6.9,,1.2,10.14,0.0,
滨州,ecmwf_ifs025,2025-01-06,4,2025-01-10,3.1,-7.6,-8.3,-11.1,,24.7,6.6,,3.6,10.03,0.0,
滨州,ecmwf_ifs025,2025-01-05,5,2025-01-10,3.0,-8.4,-8.3,-12.3,,24.4,7.2,,4.6,10.04,0.0,
滨州,ecmwf_ifs025,2025-01-04,6,2025-01-10,2.6,-8.6,-9.0,-12.4,,23.8,7.0,,9.9,11.36,0.0,
滨州,ecmwf_ifs025,2025-01-03,7,2025-01-10,3.8,-8.7,-8.3,-12.0,,25.1,5.9,,25.1,11.55,0.0,
滨州,gfs_seamless,2025-01-09,1,2025-01-10,2.1,-7.7,-8.9,-12.7,,26.1,10.6,20.9,15.7,9.8,0.0,0.0
滨州,gfs_seamless,2025-01-08,2,2025-01-10,2.7,-7.4,-8.3,-12.2,,27.6,10.0,20.9,15.4,10.59,0.0,0.0
滨州,gfs_seamless,2025-01-07,3,2025-01-10,3.0,-7.3,-8.0,-11.9,,27.2,9.6,19.1,5.2,10.91,0.0,0.0
滨州,gfs_seamless,2025-01-06,4,2025-01-10,2.8,-7.1,-8.3,-12.0,,25.0,10.5,21.6,0.2,10.87,0.0,0.0
滨州,gfs_seamless,2025-01-05,5,2025-01-10,2.7,-6.0,-7.6,-10.5,,26.4,10.0,20.9,3.5,10.36,0.0,0.0
滨州,gfs_seamless,2025-01-04,6,2025-01-10,3.8,-6.0,-6.8,-10.4,,24.2,9.6,18.4,0.6,10.55,0.0,0.0
滨州,gfs_seamless,2025-01-03,7,2025-01-10,4.5,-7.0,-7.3,-11.3,,32.0,9.0,18.4,2.7,10.57,0.0,0.0
滨州,jma_seamless,2025-01-09,1,2025-01-10,1.7,-5.3,-7.1,-8.0,,20.1,5.7,,7.0,,0.0,0.0
滨州,jma_seamless,2025-01-08,2,2025-01-10,1.3,-5.4,-7.5,-7.8,,22.2,5.1,,0.0,,0.0,0.0
滨州,jma_seamless,2025-01-07,3,2025-01-10,1.1,-5.1,-7.3,-7.7,,21.2,5.7,,3.5,,0.0,0.0
滨州,jma_seamless,2025-01-06,4,2025-01-10,1.3,-5.0,-6.9,,,20.8,4.8,,14.1,,0.0,0.0
滨州,jma_seamless,2025-01-05,5,2025-01-10,1.1,-5.2,-7.0,,,22.4,4.3,,0.0,,0.0,0.0
滨州,jma_seamless,2025-01-04,6,2025-01-10,1.5,-3.5,-5.7,,,39.2,4.6,,3.4,,0.0,0.0
滨州,jma_seamless,2025-01-03,7,2025-01-10,2.9,-6.6,-6.5,,,35.5,4.5,,7.6,,0.0,0.0
滨州,ecmwf_ifs025,2025-01-10,1,2025-01-11,5.0,-9.1,-7.0,-11.9,,29.7,4.9,,29.0,9.72,0.0,
滨州,ecmwf_ifs025,2025-01-09,2,2025-01-11,4.4,-9.6,-7.3,,,24.5,4.5,,34.1,9.58,0.0,
滨州,ecmwf_ifs025,2025-01-08,3,2025-01-11,5.4,-8.4,-7.0,-11.4,,27.5,5.4,,22.8,9.73,0.0,
滨州,ecmwf_ifs025,2025-01-07,4,2025-01-11,5.2,-8.1,-7.1,-11.0,,25.4,5.4,,37.7,9.51,0.0,
滨州,ecmwf_ifs025,2025-01-06,5,2025-01-11,5.0,-9.1,-6.9,,,30.0,3.9,,18.7,9.75,0.0,
滨州,ecmwf_ifs025,2025-01-05,6,2025-01-11,4.7,-6.6,-7.5,-10.3,,32.2,7.5,,24.8,11.38,0.0,
滨州,ecmwf_ifs025,2025-01-04,7,2025-01-11,4.5,-6.7,-6.8,-9.5,,26.1,5.5,,34.5,11.47,0.0,
滨州,gfs_seamless,2025-01-10,1,2025-01-11,4.3,-6.7,-6.5,-10.4,,25.2,7.4,13.3,27.0,10.76,0.0,0.0
滨州,gfs_seamless,2025-01-09,2,2025-01-11,4.2,-5.7,-6.0,-8.8,,26.3,6.5,14.0,81.5,9.24,0.0,0.0
滨州,gfs_seamless,2025-01-08,3,2025-01-11,5.1,-4.5,-5.3,-7.7,,27.5,7.1,13.0,85.2,9.13,0.0,0.0
滨州,gfs_seamless,2025-01-07,4,2025-01-11,5.1,-4.2,-4.8,-7.5,,26.0,7.6,15.8,89.5,6.75,0.0,0.0
滨州,gfs_seamless,2025-01-06,5,2025-01-11,3.3,-4.2,-5.2,-7.0,,25.6,6.4,12.2,96.3,5.11,0.0,0.0
滨州,gfs_seamless,2025-01-05,6,2025-01-11,2.6,-3.6,-5.6,-6.5,,26.3,6.9,14.4,80.5,6.15,0.0,0.0
滨州,gfs_seamless,2025-01-04,7,2025-01-11,5.0,-4.3,-5.1,-7.4,,27.2,6.9,15.5,59.9,7.32,0.0,0.0
滨州,jma_seamless,2025-01-10,1,2025-01-11,3.1,-6.0,-6.4,,,26.2,2.8,,21.7,,0.0,0.0
滨州,jma_seamless,2025-01-09,2,2025-01-11,2.6,-6.8,-6.7,,,29.5,1.7,,11.9,,0.0,0.0
滨州,jma_seamless,2025-01-08,3,2025-01-11,3.0,-5.7,-6.3,,,27.0,2.7,,32.5,,0.0,0.0
滨州,jma_seamless,2025-01-07,4,2025-01-11,3.7,-4.2,-5.4,,,25.9,4.6,,22.8,,0.0,0.0
滨州,jma_seamless,2025-01-06,5,2025-01-11,2.9,-5.7,-6.0,,,30.0,2.5,,15.7,,0.0,0.0
滨州,jma_seamless,2025-01-05,6,2025-01-11,4.1,-4.8,-5.5,-7.2,,28.4,5.3,,26.8,,0.0,0.0
滨州,jma_seamless,2025-01-04,7,2025-01-11,0.9,-3.9,-5.4,-6.4,,46.8,5.8,,42.2,,0.0,0.0
滨州,ecmwf_ifs025,2025-01-11,1,2025-01-12,4.0,-6.2,-6.3,-8.9,,49.2,5.5,,6.0,10.02,0.0,
滨州,ecmwf_ifs025,2025-01-10,2,2025-01-12,4.0,-5.7,-6.5,-8.8,,41.0,6.5,,8.9,10.05,0.0,
滨州,ecmwf_ifs025,2025-01-09,3,2025-01-12,3.8,-6.3,-6.5,-9.1,,35.9,5.6,,13.0,10.05,0.0,
滨州,ecmwf_ifs025,2025-01-08,4,2025-01-12,4.5,-5.3,-6.1,-8.1,,40.5,5.9,,13.1,10.07,0.0,
滨州,ecmwf_ifs025,2025-01-07,5,2025-01-12,4.5,-6.0,-6.3,-8.6,,35.2,5.4,,6.0,10.08,0.0,
滨州,ecmwf_ifs025,2025-01-06,6,2025-01-12,3.1,-6.8,-7.3,-9.5,,41.5,5.3,,11.5,11.5,0.0,
滨州,ecmwf_ifs025,2025-01-05,7,2025-01-12,3.5,-5.0,-6.6,-9.3,,39.3,10.2,,19.6,11.59,0.0,
滨州,gfs_seamless,2025-01-11,1,2025-01-12,3.7,-4.6,-5.6,-8.2,,33.3,8.2,13.7,8.2,10.8,0.0,0.0
滨州,gfs_seamless,2025-01-10,2,2025-01-12,4.3,-4.3,-5.5,-8.3,,33.2,9.5,16.9,14.2,10.78,0.0,0.0
滨州,gfs_seamless,2025-01-09,3,2025-01-12,4.9,-4.3,-5.1,-8.1,,31.0,8.8,15.5,6.5,10.77,0.0,0.0
滨州,gfs_seamless,2025-01-08,4,2025-01-12,4.9,-4.2,-4.8,-7.8,,33.7,8.5,13.0,7.4,10.77,0.0,0.0
滨州,gfs_seamless,2025-01-07,5,2025-01-12,5.0,-4.1,-4.5,-7.5,,39.6,7.8,14.0,6.5,10.31,0.0,0.0
滨州,gfs_seamless,2025-01-06,6,2025-01-12,4.9,-2.8,-4.7,-6.1,,36.3,8.2,19.8,29.7,10.37,0.0,0.0
滨州,gfs_seamless,2025-01-05,7,2025-01-12,7.5,-3.7,-4.1,-7.3,,32.1,8.5,16.9,76.5,7.65,0.0,0.0
滨州,jma_seamless,2025-01-11,1,2025-01-12,3.2,-5.1,-5.6,,,29.6,3.8,,1.7,,0.0,0.0
滨州,jma_seamless,2025-01-10,2,2025-01-12,3.5,-4.8,-5.5,,,31.2,4.6,,1.2,,0.0,0.0
滨州,jma_seamless,2025-01-09,3,2025-01-12,3.0,-4.8,-5.7,,,28.8,4.0,,0.7,,0.0,0.0
滨州,jma_seamless,2025-01-08,4,2025-01-12,3.6,-4.4,-5.4,-7.0,,28.2,5.8,,0.2,,0.0,0.0
滨州,jma_seamless,2025-01-07,5,2025-01-12,2.9,-3.9,-5.5,-6.4,,30.0,5.7,,0.6,,0.0,0.0
滨州,jma_seamless,2025-01-06,6,2025-01-12,3.4,-3.8,-5.1,,,31.5,4.8,,16.9,,0.0,0.0
滨州,jma_seamless,2025-01-05,7,2025-01-12,2.7,-2.0,-4.6,-4.3,,39.1,5.9,,16.2,,0.0,0.0
滨州,ecmwf_ifs025,2025-01-12,1,2025-01-13,6.1,-4.6,-5.2,-8.1,,41.1,7.8,,2.0,10.11,0.0,
滨州,ecmwf_ifs025,2025-01-11,2,2025-01-13,6.0,-4.2,-5.0,-7.4,,37.8,7.3,,0.3,10.13,0.0,
滨州,ecmwf_ifs025,2025-01-10,3,2025-01-13,6.7,-4.0,-5.0,-7.3,,35.1,7.7,,0.0,10.14,0.0,
滨州,ecmwf_ifs025,2025-01-09,4,2025-01-13,7.3,-3.6,-4.8,-6.9,,34.9,7.9,,4.3,10.17,0.0,
滨州,ecmwf_ifs025,2025-01-08,5,2025-01-13,6.3,-4.2,-4.9,-7.3,,36.1,7.0,,1.4,10.16,0.0,
滨州,ecmwf_ifs025,2025-01-07,6,2025-01-13,5.8,-5.3,-5.6,-9.6,,35.4,9.7,,0.5,11.64,0.0,
滨州,ecmwf_ifs025,2025-01-06,7,2025-01-13,9.2,-6.5,-5.3,-10.9,,31.8,9.5,,0.0,11.85,0.0,
滨州,gfs_seamless,2025-01-12,1,2025-01-13,6.3,-3.2,-4.2,-7.2,,36.0,10.3,27.7,0.5,10.76,0.0,0.0
滨州,gfs_seamless,2025-01-11,2,2025-01-13,6.7,-3.0,-3.9,-7.1,,35.6,10.6,30.2,12.7,10.78,0.0,0.0
滨州,gfs_seamless,2025-01-10,3,2025-01-13,7.1,-2.8,-3.9,-7.1,,35.2,11.7,32.4,16.2,10.8,0.0,0.0
滨州,gfs_seamless,2025-01-09,4,2025-01-13,7.0,-1.8,-3.7,-5.7,,36.8,10.9,23.0,4.3,10.79,0.0,0.0
滨州,gfs_seamless,2025-01-08,5,2025-01-13,6.4,-2.8,-3.9,-7.0,,37.9,11.1,33.5,1.9,10.5,0.0,0.0
滨州,gfs_seamless,2025-01-07,6,2025-01-13,6.6,-3.0,-3.9,-6.7,,35.6,9.4,28.8,49.0,9.67,0.0,0.0
滨州,gfs_seamless,2025-01-06,7,2025-01-13,7.4,-3.0,-3.4,-6.1,,40.2,7.5,22.7,70.8,7.98,0.0,0.0
滨州,jma_seamless,2025-01-12,1,2025-01-13,5.1,-2.4,-4.3,-4.6,,35.0,5.6,,0.0,,0.0,0.0
滨州,jma_seamless,2025-01-11,2,2025-01-13,5.4,-2.8,-4.2,-5.0,,35.7,5.4,,0.5,,0.0,0.0
滨州,jma_seamless,2025-01-10,3,2025-01-13,5.6,-3.2,-3.9,-5.4,,34.2,5.4,,0.0,,0.0,0.0
滨州,jma_seamless,2025-01-09,4,2025-01-13,5.6,-2.1,-3.8,-4.5,,32.9,6.1,,0.0,,0.0,0.0
滨州,jma_seamless,2025-01-08,5,2025-01-13,6.0,-2.7,-4.2,-4.9,,37.0,5.5,,0.0,,0.0,0.0
滨州,jma_seamless,2025-01-07,6,2025-01-13,5.9,-2.8,-4.3,-4.8,,37.0,5.1,,0.0,,0.0,0.0
滨州,jma_seamless,2025-01-06,7,2025-01-13,6.1,-4.4,-4.6,-7.0,,32.1,5.9,,4.2,,0.0,0.0
滨州,ecmwf_ifs025,2025-01-13,1,2025-01-14,2.5,-3.8,-6.6,-8.8,,36.8,13.6,,27.4,6.06,0.0,
滨州,ecmwf_ifs025,2025-01-12,2,2025-01-14,2.3,-3.8,-7.1,-8.9,,32.3,14.2,,21.2,6.7,0.0,
滨州,ecmwf_ifs025,2025-01-11,3,2025-01-14,3.6,-3.6,-6.3,-8.1,,38.8,11.9,,26.8,6.53,0.0,
滨州,ecmwf_ifs025,2025-01-10,4,2025-01-14,4.2,-3.8,-6.1,-8.4,,42.4,12.1,,24.7,9.64,0.0,
滨州,ecmwf_ifs025,2025-01-09,5,2025-01-14,5.2,-3.5,-5.7,-8.2,,39.9,12.8,,27.4,9.51,0.0,
滨州,ecmwf_ifs025,2025-01-08,6,2025-01-14,6.2,-4.0,-4.9,-7.6,,54.0,8.4,,26.3,11.72,0.0,
滨州,ecmwf_ifs025,2025-01-07,7,2025-01-14,4.9,-4.6,-5.8,-7.5,,34.1,6.4,,3.9,11.84,0.0,
滨州,gfs_seamless,2025-01-13,1,2025-01-14,3.1,-4.1,-6.7,-10.1,,28.7,18.4,46.8,38.7,10.33,0.0,0.0
滨州,gfs_seamless,2025-01-12,2,2025-01-14,4.6,-3.7,-5.9,-9.1,,30.1,15.5,45.7,44.3,9.52,0.0,0.0
滨州,gfs_seamless,2025-01-11,3,2025-01-14,5.4,-4.8,-5.6,-10.3,,29.7,14.7,44.3,37.3,10.03,0.0,0.0
滨州,gfs_seamless,2025-01-10,4,2025-01-14,5.4,-3.1,-5.5,-8.2,,35.9,14.7,46.1,5.5,10.83,0.0,0.0
滨州,gfs_seamless,2025-01-09,5,2025-01-14,5.6,-2.3,-5.0,-7.6,,32.8,16.8,44.3,24.7,10.05,0.0,0.0
滨州,gfs_seamless,2025-01-08,6,2025-01-14,6.4,-3.4,-5.6,-8.1,,33.8,12.7,37.8,16.2,10.13,0.0,0.0
滨州,gfs_seamless,2025-01-07,7,2025-01-14,4.0,-6.2,-6.8,-11.7,,28.6,13.6,64.8,11.6,10.76,0.0,0.0
滨州,jma_seamless,2025-01-13,1,2025-01-14,2.4,-2.1,-5.6,-5.8,,29.1,10.0,,14.2,,0.0,0.0
滨州,jma_seamless,2025-01-12,2,2025-01-14,1.6,-2.8,-5.9,-7.0,,28.0,11.4,,13.3,,0.0,0.0
滨州,jma_seamless,2025-01-11,3,2025-01-14,1.8,-3.1,-5.8,-7.2,,30.6,10.7,,12.4,,0.0,0.0
滨州,jma_seamless,2025-01-10,4,2025-01-14,1.3,-2.8,-6.0,-7.3,,26.9,12.3,,3.1,,0.0,0.0
滨州,jma_seamless,2025-01-09,5,2025-01-14,2.8,-4.1,-5.9,-8.6,,30.9,11.5,,8.1,,0.0,0.0
滨州,jma_seamless,2025-01-08,6,2025-01-14,4.8,-2.5,-4.6,-5.7,,36.9,8.2,,5.5,,0.0,0.0
滨州,jma_seamless,2025-01-07,7,2025-01-14,6.7,-3.1,-3.8,-5.5,,31.5,5.9,,7.5,,0.0,0.0
滨州,ecmwf_ifs025,2025-01-14,1,2025-01-15,2.0,-6.9,-8.5,-10.8,,14.3,7.8,,0.0,10.57,0.0,
滨州,ecmwf_ifs025,2025-01-13,2,2025-01-15,2.3,-8.0,-8.7,-12.2,,14.5,8.1,,0.0,10.61,0.0,
滨州,ecmwf_ifs025,2025-01-12,3,2025-01-15,2.3,-8.0,-8.8,-12.3,,15.5,8.3,,0.0,10.63,0.0,
滨州,ecmwf_ifs025,2025-01-11,4,2025-01-15,1.3,-7.6,-9.1,-11.5,,16.6,7.7,,0.0,10.58,0.0,
滨州,ecmwf_ifs025,2025-01-10,5,2025-01-15,2.9,-6.7,-8.2,-12.1,,14.6,12.5,,0.0,10.65,0.0,
滨州,ecmwf_ifs025,2025-01-09,6,2025-01-15,1.3,-7.0,-8.8,-11.7,,17.3,10.0,,0.0,11.8,0.0,
滨州,ecmwf_ifs025,2025-01-08,7,2025-01-15,0.7,-4.4,-7.9,-9.0,,22.0,11.4,,0.0,12.02,0.0,
滨州,gfs_seamless,2025-01-14,1,2025-01-15,2.7,-7.9,-9.0,-14.0,,23.0,14.3,38.5,0.0,11.38,0.0,0.0
滨州,gfs_seamless,2025-01-13,2,2025-01-15,3.3,-8.1,-8.7,-14.3,,23.6,14.5,38.5,0.0,11.32,0.0,0.0
滨州,gfs_seamless,2025-01-12,3,2025-01-15,2.7,-7.9,-8.8,-13.8,,23.7,13.5,38.2,0.0,11.32,0.0,0.0
滨州,gfs_seamless,2025-01-11,4,2025-01-15,2.5,-7.4,-8.6,-13.1,,24.8,13.3,37.1,0.0,11.31,0.0,0.0
滨州,gfs_seamless,2025-01-10,5,2025-01-15,3.3,-7.7,-8.4,-13.9,,26.3,14.8,45.0,5.1,11.04,0.0,0.0
滨州,gfs_seamless,2025-01-09,6,2025-01-15,1.6,-8.0,-9.0,-13.1,,29.2,10.6,28.4,0.0,11.08,0.0,0.0
滨州,gfs_seamless,2025-01-08,7,2025-01-15,0.0,-6.6,-9.8,-12.8,,26.8,16.1,51.8,1.7,10.95,0.0,0.0
滨州,jma_seamless,2025-01-14,1,2025-01-15,2.0,-5.5,-7.2,-9.9,,13.7,9.9,,0.0,,0.0,0.0
滨州,jma_seamless,2025-01-13,2,2025-01-15,2.1,-5.8,-7.4,-10.2,,13.3,9.8,,0.0,,0.0,0.0
滨州,jma_seamless,2025-01-12,3,2025-01-15,1.8,-5.7,-7.4,-10.1,,13.5,10.0,,0.0,,0.0,0.0
滨州,jma_seamless,2025-01-11,4,2025-01-15,2.6,-5.4,-7.0,-9.6,,13.7,9.6,,0.0,,0.0,0.0
滨州,jma_seamless,2025-01-10,5,2025-01-15,-0.5,-7.2,-9.0,-11.8,,13.9,9.6,,0.0,,0.0,0.0
滨州,jma_seamless,2025-01-09,6,2025-01-15,1.6,-5.8,-7.4,-9.9,,15.5,9.0,,0.0,,0.0,0.0
滨州,jma_seamless,2025-01-08,7,2025-01-15,-0.3,-4.1,-7.3,-7.9,,18.0,9.0,,0.0,,0.0,0.0
滨州,ecmwf_ifs025,2025-01-15,1,2025-01-16,5.2,-5.3,-6.3,-7.9,,24.2,5.6,,0.0,10.54,0.0,
滨州,ecmwf_ifs025,2025-01-14,2,2025-01-16,5.5,-4.8,-6.2,-7.6,,22.3,6.1,,0.1,10.57,0.0,
滨州,ecmwf_ifs025,2025-01-13,3,2025-01-16,6.1,-4.8,-6.2,-7.5,,22.5,6.0,,0.0,10.65,0.0,
滨州,ecmwf_ifs025,2025-01-12,4,2025-01-16,6.3,-4.9,-6.3,-7.8,,22.7,6.3,,0.0,10.67,0.0,
滨州,ecmwf_ifs025,2025-01-11,5,2025-01-16,6.7,-5.0,-6.2,-9.4,,22.2,10.5,,0.0,10.68,0.0,
滨州,ecmwf_ifs025,2025-01-10,6,2025-01-16,7.1,-7.3,-6.8,-12.2,,19.5,10.5,,0.0,11.9,0.0,
滨州,ecmwf_ifs025,2025-01-09,7,2025-01-16,6.8,-4.7,-6.1,-9.5,,20.5,12.0,,0.0,12.11,0.0,
滨州,gfs_seamless,2025-01-15,1,2025-01-16,5.5,-5.2,-6.1,-10.1,,30.2,12.1,35.3,0.5,11.29,0.0,0.0
滨州,gfs_seamless,2025-01-14,2,2025-01-16,6.5,-5.0,-5.9,-10.0,,27.4,12.6,40.7,0.3,11.31,0.0,0.0
滨州,gfs_seamless,2025-01-13,3,2025-01-16,6.6,-4.6,-5.6,-9.6,,28.5,12.7,38.2,0.0,11.29,0.0,0.0
滨州,gfs_seamless,2025-01-12,4,2025-01-16,5.9,-4.6,-6.0,-9.5,,26.0,12.5,40.7,0.0,11.35,0.0,0.0
滨州,gfs_seamless,2025-01-11,5,2025-01-16,6.7,-4.4,-5.2,-9.2,,25.2,12.4,34.9,0.0,10.99,0.0,0.0
滨州,gfs_seamless,2025-01-10,6,2025-01-16,6.3,-6.7,-6.1,-11.7,,22.2,11.1,31.3,0.0,11.0,0.0,0.0
滨州,gfs_seamless,2025-01-09,7,2025-01-16,6.8,-7.0,-6.6,-12.5,,25.1,12.8,33.1,0.0,11.06,0.0,0.0
滨州,jma_seamless,2025-01-15,1,2025-01-16,4.7,-3.6,-5.2,-6.3,,21.5,6.2,,0.0,,0.0,0.0
滨州,jma_seamless,2025-01-14,2,2025-01-16,4.6,-3.1,-5.0,-5.9,,24.0,6.7,,0.0,,0.0,0.0
滨州,jma_seamless,2025-01-13,3,2025-01-16,4.7,-3.1,-5.0,-6.0,,25.8,7.0,,0.0,,0.0,0.0
滨州,jma_seamless,2025-01-12,4,2025-01-16,5.0,-3.1,-4.8,-6.1,,25.3,7.2,,0.0,,0.0,0.0
滨州,jma_seamless,2025-01-11,5,2025-01-16,5.3,-2.9,-4.9,-5.7,,19.2,6.9,,0.0,,0.0,0.0
滨州,jma_seamless,2025-01-10,6,2025-01-16,5.2,-3.5,-5.2,-6.7,,16.5,7.7,,0.0,,0.0,0.0
滨州,jma_seamless,2025-01-09,7,2025-01-16,5.6,-3.1,-5.1,-6.6,,18.3,8.6,,0.0,,0.0,0.0
滨州,ecmwf_ifs025,2025-01-16,1,2025-01-17,8.1,-4.8,-4.2,,,36.9,1.9,,6.0,10.53,0.0,
滨州,ecmwf_ifs025,2025-01-15,2,2025-01-17,7.5,-4.9,-4.5,,,29.4,2.4,,0.7,10.56,0.0,
滨州,ecmwf_ifs025,2025-01-14,3,2025-01-17,8.0,-4.9,-4.6,,,26.8,3.1,,0.0,10.66,0.0,
滨州,ecmwf_ifs025,2025-01-13,4,2025-01-17,7.8,-5.2,-5.0,,,44.2,3.2,,7.7,10.56,0.0,
滨州,ecmwf_ifs025,2025-01-12,5,2025-01-17,9.1,-4.7,-4.8,-7.8,,50.0,6.8,,3.5,10.81,0.0,
滨州,ecmwf_ifs025,2025-01-11,6,2025-01-17,8.6,-5.4,-4.8,-8.6,,35.5,6.9,,0.1,12.0,0.0,
滨州,ecmwf_ifs025,2025-01-10,7,2025-01-17,8.6,-4.3,-4.2,-6.6,,29.0,5.2,,0.0,12.21,0.0,
滨州,gfs_seamless,2025-01-16,1,2025-01-17,8.5,-3.7,-3.0,-7.3,,40.6,8.5,14.0,4.2,11.28,0.0,0.0
滨州,gfs_seamless,2025-01-15,2,2025-01-17,8.2,-3.2,-3.0,-6.3,,35.5,7.5,14.8,3.6,11.26,0.0,0.0
滨州,gfs_seamless,2025-01-14,3,2025-01-17,8.5,-3.7,-3.3,-7.7,,41.5,9.8,16.2,0.0,11.34,0.0,0.0
滨州,gfs_seamless,2025-01-13,4,2025-01-17,8.5,-3.4,-3.1,-6.8,,30.2,8.2,18.7,0.0,11.33,0.0,0.0
滨州,gfs_seamless,2025-01-12,5,2025-01-17,7.7,-3.7,-3.5,-7.0,,31.9,7.9,13.7,0.2,11.02,0.0,0.0
滨州,gfs_seamless,2025-01-11,6,2025-01-17,8.8,-2.3,-2.5,-5.9,,27.1,9.3,20.5,5.2,11.16,0.0,0.0
滨州,gfs_seamless,2025-01-10,7,2025-01-17,9.4,-4.4,-3.2,-7.9,,23.3,8.1,17.3,0.2,11.12,0.0,0.0
滨州,jma_seamless,2025-01-16,1,2025-01-17,5.9,-3.9,-4.1,,,37.5,3.9,,2.0,,0.0,0.0
滨州,jma_seamless,2025-01-15,2,2025-01-17,6.0,-4.0,-4.2,,,39.8,3.5,,0.8,,0.0,0.0
滨州,jma_seamless,2025-01-14,3,2025-01-17,6.2,-4.0,-4.2,,,37.0,3.6,,0.0,,0.0,0.0
滨州,jma_seamless,2025-01-13,4,2025-01-17,5.1,-3.7,-4.2,,,47.3,4.4,,0.2,,0.0,0.0
滨州,jma_seamless,2025-01-12,5,2025-01-17,5.2,-4.1,-4.3,,,46.6,4.3,,0.0,,0.0,0.0
滨州,jma_seamless,2025-01-11,6,2025-01-17,7.3,-3.6,-4.0,,,23.5,4.6,,0.0,,0.0,0.0
滨州,jma_seamless,2025-01-10,7,2025-01-17,7.6,-3.5,-4.0,-5.6,,23.8,5.0,,7.9,,0.0,0.0
滨州,ecmwf_ifs025,2025-01-17,1,2025-01-18,11.1,-2.5,-2.7,-4.7,,33.6,5.5,,47.2,10.6,0.0,
滨州,ecmwf_ifs025,2025-01-16,2,2025-01-18,10.7,-3.4,-3.2,-5.7,,29.5,5.6,,30.9,10.23,0.0,
滨州,ecmwf_ifs025,2025-01-15,3,2025-01-18,9.1,-3.1,-3.6,,,29.2,4.7,,42.0,8.67,0.0,
滨州,ecmwf_ifs025,2025-01-14,4,2025-01-18,8.7,-3.1,-3.4,-5.1,,37.2,5.0,,56.3,6.96,0.0,
滨州,ecmwf_ifs025,2025-01-13,5,2025-01-18,8.4,-4.1,-3.9,-6.5,,55.2,5.6,,28.6,7.82,0.0,
滨州,ecmwf_ifs025,2025-01-12,6,2025-01-18,8.8,-3.1,-2.6,-5.4,,46.5,5.6,,39.9,11.71,0.0,
滨州,ecmwf_ifs025,2025-01-11,7,2025-01-18,7.8,-3.7,-4.2,-6.7,,39.8,6.9,,27.4,12.29,0.0,
滨州,gfs_seamless,2025-01-17,1,2025-01-18,10.3,0.6,-0.9,-2.6,,27.9,10.1,25.9,78.1,8.18,0.0,0.0
滨州,gfs_seamless,2025-01-16,2,2025-01-18,9.2,-1.1,-1.4,-4.1,,28.0,8.2,23.0,69.7,7.28,0.0,0.0
滨州,gfs_seamless,2025-01-15,3,2025-01-18,9.2,-1.0,-1.1,-3.7,,26.8,7.3,16.9,77.0,8.96,0.0,0.0
滨州,gfs_seamless,2025-01-14,4,2025-01-18,9.6,-1.5,-0.9,-4.2,,29.5,7.1,17.3,61.8,9.84,0.0,0.0
滨州,gfs_seamless,2025-01-13,5,2025-01-18,9.9,-0.9,-1.0,-3.6,,28.0,7.4,17.6,91.3,9.41,0.0,0.0
滨州,gfs_seamless,2025-01-12,6,2025-01-18,9.7,-1.4,-0.8,-3.8,,27.6,6.4,16.6,71.8,10.89,0.0,0.0
滨州,gfs_seamless,2025-01-11,7,2025-01-18,10.0,-1.1,-0.3,,,28.4,4.5,15.5,40.5,10.66,0.0,0.0
滨州,jma_seamless,2025-01-17,1,2025-01-18,8.1,-2.0,-3.1,-4.3,,27.7,6.0,,41.0,,0.0,0.0
滨州,jma_seamless,2025-01-16,2,2025-01-18,7.3,-2.1,-3.5,-4.3,,24.6,5.6,,31.2,,0.0,0.0
滨州,jma_seamless,2025-01-15,3,2025-01-18,6.7,-2.7,-3.9,,,24.6,4.3,,37.4,,0.0,0.0
滨州,jma_seamless,2025-01-14,4,2025-01-18,7.3,-2.3,-3.6,,,27.5,4.8,,30.0,,0.0,0.0
滨州,jma_seamless,2025-01-13,5,2025-01-18,6.7,-2.2,-3.7,-4.2,,33.3,5.3,,25.3,,0.0,0.0
滨州,jma_seamless,2025-01-12,6,2025-01-18,6.9,-2.1,-3.5,-4.6,,31.8,6.5,,33.5,,0.0,0.0
滨州,jma_seamless,2025-01-11,7,2025-01-18,8.0,-1.5,-2.7,-3.5,,32.0,5.5,,41.2,,0.0,0.0
滨州,ecmwf_ifs025,2025-01-18,1,2025-01-19,6.2,-3.4,-4.5,,,34.5,4.8,,0.0,10.91,0.0,
滨州,ecmwf_ifs025,2025-01-17,2,2025-01-19,6.4,-3.6,-4.8,,,31.7,4.6,,0.0,10.99,0.0,
滨州,ecmwf_ifs025,2025-01-16,3,2025-01-19,6.1,-3.8,-4.8,,,33.4,3.4,,2.5,10.96,0.0,
滨州,ecmwf_ifs025,2025-01-15,4,2025-01-19,7.0,-4.5,-4.6,,,35.0,3.9,,2.6,11.0,0.0,
滨州,ecmwf_ifs025,2025-01-14,5,2025-01-19,6.1,-3.7,-5.0,-6.8,,39.2,7.2,,1.3,11.01,0.0,
滨州,ecmwf_ifs025,2025-01-13,6,2025-01-19,8.5,-4.0,-4.0,-6.7,,40.2,6.1,,13.8,12.19,0.0,
滨州,ecmwf_ifs025,2025-01-12,7,2025-01-19,8.8,-4.6,-4.0,-7.1,,34.8,5.5,,0.0,12.47,0.0,
滨州,gfs_seamless,2025-01-18,1,2025-01-19,8.6,-0.1,-1.7,-3.4,,33.0,9.7,29.2,12.5,11.58,0.0,0.0
滨州,gfs_seamless,2025-01-17,2,2025-01-19,8.6,-1.0,-2.2,-4.6,,33.3,10.5,22.0,17.0,11.61,0.0,0.0
滨州,gfs_seamless,2025-01-16,3,2025-01-19,8.3,-0.3,-1.8,-3.6,,37.6,9.7,20.9,41.9,11.42,0.0,0.0
滨州,gfs_seamless,2025-01-15,4,2025-01-19,9.2,0.2,-0.9,-2.2,,28.8,7.0,20.9,44.1,11.42,0.0,0.0
滨州,gfs_seamless,2025-01-14,5,2025-01-19,9.4,1.1,-0.7,-1.4,,31.1,8.0,20.5,58.3,9.59,0.0,0.0
滨州,gfs_seamless,2025-01-13,6,2025-01-19,8.5,-1.9,-2.1,-5.3,,27.5,9.0,27.7,32.0,11.02,0.0,0.0
滨州,gfs_seamless,2025-01-12,7,2025-01-19,8.6,-1.0,-1.8,-4.4,,37.5,9.5,31.7,51.3,10.72,0.0,0.0
滨州,jma_seamless,2025-01-18,1,2025-01-19,5.3,-2.7,-4.3,,,34.2,4.1,,8.1,,0.0,0.0
滨州,jma_seamless,2025-01-17,2,2025-01-19,5.5,-2.6,-4.1,,,38.2,4.5,,0.2,,0.0,0.0
滨州,jma_seamless,2025-01-16,3,2025-01-19,5.3,-3.1,-4.4,,,32.6,4.1,,7.1,,0.0,0.0
滨州,jma_seamless,2025-01-15,4,2025-01-19,6.6,-3.5,-4.1,,,30.5,4.2,,11.6,,0.0,0.0
滨州,jma_seamless,2025-01-14,5,2025-01-19,6.1,-3.6,-4.4,,,29.5,4.1,,0.3,,0.0,0.0
滨州,jma_seamless,2025-01-13,6,2025-01-19,6.6,-2.9,-3.8,,,35.6,4.8,,1.0,,0.0,0.0
滨州,jma_seamless,2025-01-12,7,2025-01-19,7.0,-2.9,-3.5,-4.8,,30.5,4.9,,0.9,,0.0,0.0
滨州,ecmwf_ifs025,2025-01-19,1,2025-01-20,9.5,-4.6,-3.4,,,34.3,2.6,,0.0,10.87,0.0,
滨州,ecmwf_ifs025,2025-01-18,2,2025-01-20,9.2,-4.3,-3.3,,,28.3,3.0,,0.0,10.9,0.0,
滨州,ecmwf_ifs025,2025-01-17,3,2025-01-20,9.2,-4.5,-3.6,,,34.0,2.0,,3.8,10.93,0.0,
滨州,ecmwf_ifs025,2025-01-16,4,2025-01-20,9.3,-4.9,-3.6,,,28.0,3.0,,0.0,10.91,0.0,
滨州,ecmwf_ifs025,2025-01-15,5,2025-01-20,7.5,-4.5,-4.3,,,36.8,4.4,,1.1,10.92,0.0,
滨州,ecmwf_ifs025,2025-01-14,6,2025-01-20,6.9,-4.8,-4.4,,,37.5,4.3,,4.4,12.27,0.0,
滨州,ecmwf_ifs025,2025-01-13,7,2025-01-20,8.1,-2.6,-3.0,-5.3,,39.3,6.7,,0.7,12.48,0.0,
滨州,gfs_seamless,2025-01-19,1,2025-01-20,9.6,-2.3,-1.3,-5.0,,39.2,6.7,11.9,0.0,11.55,0.0,0.0
滨州,gfs_seamless,2025-01-18,2,2025-01-20,9.6,-2.2,-1.3,-4.8,,38.9,6.5,10.8,0.0,11.56,0.0,0.0
滨州,gfs_seamless,2025-01-17,3,2025-01-20,9.1,-2.2,-1.5,-4.5,,36.3,5.9,10.1,0.0,11.6,0.0,0.0
滨州,gfs_seamless,2025-01-16,4,2025-01-20,8.5,-2.3,-1.8,-4.5,,32.2,5.7,9.4,0.2,11.62,0.0,0.0
滨州,gfs_seamless,2025-01-15,5,2025-01-20,8.2,-0.9,-1.7,-3.3,,30.5,6.6,10.4,0.0,11.31,0.0,0.0
滨州,gfs_seamless,2025-01-14,6,2025-01-20,9.3,-2.5,-2.5,-5.8,,43.2,8.5,25.9,0.0,11.37,0.0,0.0
滨州,gfs_seamless,2025-01-13,7,2025-01-20,8.6,-3.7,-2.9,-6.1,,50.9,5.7,12.2,0.2,11.25,0.0,0.0
滨州,jma_seamless,2025-01-19,1,2025-01-20,6.3,-3.1,-3.4,,,44.0,3.7,,0.0,,0.0,0.0
滨州,jma_seamless,2025-01-18,2,2025-01-20,6.7,-3.6,-3.8,,,38.3,3.1,,1.3,,0.0,0.0
滨州,jma_seamless,2025-01-17,3,2025-01-20,5.9,-4.1,-4.0,,,49.3,2.8,,0.0,,0.0,0.0
滨州,jma_seamless,2025-01-16,4,2025-01-20,6.0,-4.6,-4.2,,,41.7,2.5,,0.0,,0.0,0.0
滨州,jma_seamless,2025-01-15,5,2025-01-20,7.4,-4.4,-3.9,,,26.8,3.1,,0.0,,0.0,0.0
滨州,jma_seamless,2025-01-14,6,2025-01-20,7.6,-5.1,-4.4,,,39.8,3.0,,0.0,,0.0,0.0
滨州,jma_seamless,2025-01-13,7,2025-01-20,6.7,-3.2,-3.7,-6.0,,25.4,6.8,,0.0,,0.0,0.0
滨州,ecmwf_ifs025,2025-01-20,1,2025-01-21,9.3,-2.0,-2.2,,,54.2,3.4,,17.7,10.67,0.0,
滨州,ecmwf_ifs025,2025-01-19,2,2025-01-21,8.5,-2.5,-2.6,,,48.0,2.2,,28.6,10.18,0.0,
滨州,ecmwf_ifs025,2025-01-18,3,2025-01-21,9.4,-2.6,-2.4,,,38.8,2.3,,18.7,10.61,0.0,
滨州,ecmwf_ifs025,2025-01-17,4,2025-01-21,10.0,-2.2,-1.7,,,37.8,2.5,,22.8,10.66,0.0,
滨州,ecmwf_ifs025,2025-01-16,5,2025-01-21,8.5,-2.4,-2.9,-5.7,,34.3,8.5,,28.7,10.73,0.0,
滨州,ecmwf_ifs025,2025-01-15,6,2025-01-21,9.0,-2.7,-3.2,-5.3,,43.8,6.4,,14.0,12.41,0.0,
滨州,ecmwf_ifs025,2025-01-14,7,2025-01-21,7.5,-4.4,-4.0,-8.5,,33.0,9.8,,0.0,12.59,0.0,
滨州,gfs_seamless,2025-01-20,1,2025-01-21,10.9,1.4,0.1,-1.6,,38.0,9.7,32.4,57.8,11.08,0.0,0.0
滨州,gfs_seamless,2025-01-19,2,2025-01-21,9.9,0.9,-0.3,-2.4,,38.6,10.5,32.0,64.7,11.2,0.0,0.0
滨州,gfs_seamless,2025-01-18,3,2025-01-21,10.4,1.0,-0.3,-2.0,,37.2,9.4,33.8,53.8,11.23,0.0,0.0
滨州,gfs_seamless,2025-01-17,4,2025-01-21,10.5,0.4,-0.2,-2.0,,30.5,7.3,27.7,48.2,9.38,0.0,0.0
滨州,gfs_seamless,2025-01-16,5,2025-01-21,10.4,-0.7,-0.8,-3.5,,33.5,7.9,26.6,39.2,11.18,0.0,0.0
滨州,gfs_seamless,2025-01-15,6,2025-01-21,8.9,-2.2,-2.1,-5.8,,43.9,9.6,19.4,9.5,11.29,0.0,0.0
滨州,gfs_seamless,2025-01-14,7,2025-01-21,8.3,-1.3,-2.5,-5.1,,43.6,10.8,25.9,37.6,11.06,0.0,0.0
滨州,jma_seamless,2025-01-20,1,2025-01-21,7.1,-2.7,-2.8,-5.0,,49.2,5.7,,27.6,,0.0,0.0
滨州,jma_seamless,2025-01-19,2,2025-01-21,6.5,-2.7,-2.9,-4.9,,46.0,5.4,,33.0,,0.0,0.0
滨州,jma_seamless,2025-01-18,3,2025-01-21,6.7,-3.0,-3.0,,,48.3,4.7,,26.8,,0.0,0.0
滨州,jma_seamless,2025-01-17,4,2025-01-21,7.1,-2.9,-3.1,,,35.8,4.1,,30.8,,0.0,0.0
滨州,jma_seamless,2025-01-16,5,2025-01-21,6.5,-2.2,-3.3,-4.3,,38.5,5.5,,17.7,,0.0,0.0
滨州,jma_seamless,2025-01-15,6,2025-01-21,4.7,-1.8,-3.6,-4.2,,41.3,6.3,,11.8,,0.0,0.0
滨州,jma_seamless,2025-01-14,7,2025-01-21,5.7,-2.3,-2.9,-4.3,,45.1,5.3,,0.0,,0.0,0.0
滨州,ecmwf_ifs025,2025-01-21,1,2025-01-22,7.4,-1.3,-3.0,-4.7,,75.8,9.5,,21.4,10.29,0.0,
滨州,ecmwf_ifs025,2025-01-20,2,2025-01-22,7.1,-1.0,-2.9,-4.3,,78.0,9.2,,27.1,10.41,0.0,
滨州,ecmwf_ifs025,2025-01-19,3,2025-01-22,6.4,-0.9,-3.0,-3.6,,56.3,7.5,,26.1,10.01,0.0,
滨州,ecmwf_ifs025,2025-01-18,4,2025-01-22,5.0,0.0,-1.6,-2.3,,73.5,6.6,,42.5,3.79,0.3,
滨州,ecmwf_ifs025,2025-01-17,5,2025-01-22,7.6,-0.8,-1.6,-4.4,,68.2,10.6,,25.2,6.35,0.0,
滨州,ecmwf_ifs025,2025-01-16,6,2025-01-22,6.4,-1.8,-3.2,-5.4,,50.8,9.6,,15.7,12.49,0.0,
滨州,ecmwf_ifs025,2025-01-15,7,2025-01-22,6.2,-5.1,-4.6,-8.7,,55.5,7.8,,16.9,12.78,0.0,
滨州,gfs_seamless,2025-01-21,1,2025-01-22,7.9,0.2,-2.1,-4.2,,52.3,15.4,38.9,47.4,11.03,0.0,0.0
滨州,gfs_seamless,2025-01-20,2,2025-01-22,7.9,0.5,-1.8,-4.1,,52.0,16.6,38.5,69.2,8.41,0.5,0.2
滨州,gfs_seamless,2025-01-19,3,2025-01-22,6.8,-0.2,-2.3,-4.7,,52.5,15.3,33.8,77.1,8.3,0.1,0.0
滨州,gfs_seamless,2025-01-18,4,2025-01-22,8.4,-0.3,-1.3,-4.3,,59.7,12.7,28.4,63.8,9.22,0.0,0.0
滨州,gfs_seamless,2025-01-17,5,2025-01-22,9.1,0.4,-0.4,-2.5,,57.0,8.7,22.7,74.2,8.64,0.0,0.0
滨州,gfs_seamless,2025-01-16,6,2025-01-22,7.1,-0.1,-2.1,-4.3,,50.7,14.0,34.2,50.5,10.07,0.0,0.0
滨州,gfs_seamless,2025-01-15,7,2025-01-22,8.2,-3.1,-3.4,-7.3,,50.9,11.0,29.5,18.8,11.43,0.0,0.0
滨州,jma_seamless,2025-01-21,1,2025-01-22,5.6,-0.8,-2.5,-3.9,,66.9,8.7,,20.3,,0.0,0.0
滨州,jma_seamless,2025-01-20,2,2025-01-22,6.3,-0.5,-2.2,-3.5,,66.4,8.4,,20.1,,0.0,0.0
滨州,jma_seamless,2025-01-19,3,2025-01-22,5.8,-1.4,-2.6,-4.1,,68.4,7.1,,7.4,,0.0,0.0
滨州,jma_seamless,2025-01-18,4,2025-01-22,6.3,-1.0,-2.1,-3.5,,73.7,6.8,,11.0,,0.0,0.0
滨州,jma_seamless,2025-01-17,5,2025-01-22,6.3,-1.5,-2.1,,,78.3,4.7,,8.6,,0.0,0.0
滨州,jma_seamless,2025-01-16,6,2025-01-22,5.5,-2.6,-3.1,-4.8,,67.9,5.5,,1.3,,0.0,0.0
滨州,jma_seamless,2025-01-15,7,2025-01-22,4.2,-3.6,-4.0,,,61.3,4.2,,17.2,,0.0,0.0
滨州,ecmwf_ifs025,2025-01-22,1,2025-01-23,8.4,-2.1,-1.9,-5.4,,82.8,8.5,,0.0,10.47,0.0,
滨州,ecmwf_ifs025,2025-01-21,2,2025-01-23,8.6,-2.1,-1.5,-5.4,,86.8,8.7,,10.8,9.74,0.0,
滨州,ecmwf_ifs025,2025-01-20,3,2025-01-23,8.6,-1.5,-1.0,-4.2,,88.5,7.2,,8.5,9.55,0.0,
滨州,ecmwf_ifs025,2025-01-19,4,2025-01-23,8.7,-1.9,-1.3,-4.2,,87.2,6.0,,16.4,10.49,0.0,
滨州,ecmwf_ifs025,2025-01-18,5,2025-01-23,7.6,-1.6,-0.4,-3.6,,85.8,5.3,,36.2,5.05,0.0,
滨州,ecmwf_ifs025,2025-01-17,6,2025-01-23,8.7,-2.6,-0.4,-5.4,,91.0,6.9,,49.8,12.55,0.0,
滨州,ecmwf_ifs025,2025-01-16,7,2025-01-23,8.1,-2.5,-2.6,-5.2,,82.2,6.6,,0.0,12.88,0.0,
滨州,gfs_seamless,2025-01-22,1,2025-01-23,9.0,-1.3,-1.3,-5.2,,60.8,11.3,23.8,22.4,11.39,0.0,0.0
滨州,gfs_seamless,2025-01-21,2,2025-01-23,8.4,-0.9,-1.4,-4.8,,58.4,11.7,28.1,36.5,11.16,0.0,0.0
滨州,gfs_seamless,2025-01-20,3,2025-01-23,7.8,-1.6,-2.2,-5.6,,57.8,11.6,27.0,24.3,11.56,0.0,0.0
滨州,gfs_seamless,2025-01-19,4,2025-01-23,7.0,-2.2,-2.7,-6.1,,57.8,10.7,24.1,16.3,11.65,0.0,0.0
滨州,gfs_seamless,2025-01-18,5,2025-01-23,7.7,-1.8,-1.8,-5.2,,67.1,9.2,20.5,10.1,11.34,0.0,0.0
滨州,gfs_seamless,2025-01-17,6,2025-01-23,8.6,-1.2,-0.6,-4.0,,58.8,7.6,20.2,35.0,11.43,0.0,0.0
滨州,gfs_seamless,2025-01-16,7,2025-01-23,7.0,-1.5,-1.9,-4.5,,56.0,7.9,23.4,5.3,11.4,0.0,0.0
滨州,jma_seamless,2025-01-22,1,2025-01-23,6.6,-1.3,-1.7,-3.4,,68.9,5.8,,25.4,,0.0,0.0
滨州,jma_seamless,2025-01-21,2,2025-01-23,6.3,-1.3,-1.5,-3.0,,75.5,4.9,,50.8,,0.0,0.0
滨州,jma_seamless,2025-01-20,3,2025-01-23,6.7,-1.6,-1.4,,,78.2,3.7,,9.4,,0.0,0.0
滨州,jma_seamless,2025-01-19,4,2025-01-23,6.7,-2.3,-1.9,,,71.8,2.9,,0.0,,0.0,0.0
滨州,jma_seamless,2025-01-18,5,2025-01-23,6.2,-3.0,-2.2,,,84.1,0.9,,4.8,,0.0,0.0
滨州,jma_seamless,2025-01-17,6,2025-01-23,6.9,-2.6,-2.1,,,75.9,1.8,,0.0,,0.0,0.0
滨州,jma_seamless,2025-01-16,7,2025-01-23,7.7,-2.0,-2.1,,,60.2,2.9,,0.3,,-0.3,0.0
滨州,ecmwf_ifs025,2025-01-23,1,2025-01-24,8.4,-2.8,-1.9,-6.5,,76.9,9.5,,29.0,10.02,0.0,
滨州,ecmwf_ifs025,2025-01-22,2,2025-01-24,9.2,-1.9,-0.9,-5.6,,79.0,10.0,,19.1,10.38,0.0,
滨州,ecmwf_ifs025,2025-01-21,3,2025-01-24,7.2,-1.4,-0.9,-5.1,,77.2,10.6,,41.2,3.59,0.3,
滨州,ecmwf_ifs025,2025-01-20,4,2025-01-24,9.5,-1.5,-0.3,-4.7,,78.0,8.7,,46.2,7.79,0.0,
滨州,ecmwf_ifs025,2025-01-19,5,2025-01-24,9.7,-1.0,-0.9,-4.3,,79.9,9.1,,29.9,9.8,0.0,
滨州,ecmwf_ifs025,2025-01-18,6,2025-01-24,8.4,-1.6,-1.1,-5.4,,90.8,10.6,,21.6,12.39,0.0,
滨州,ecmwf_ifs025,2025-01-17,7,2025-01-24,8.9,-2.8,-2.0,-6.0,,88.8,7.8,,24.5,12.9,0.0,
滨州,gfs_seamless,2025-01-23,1,2025-01-24,8.7,0.0,-0.9,-4.1,,70.1,13.4,35.3,50.7,11.07,0.0,0.0
滨州,gfs_seamless,2025-01-22,2,2025-01-24,8.9,0.2,-1.0,-3.9,,61.5,13.8,33.8,74.8,11.26,0.0,0.0
滨州,gfs_seamless,2025-01-21,3,2025-01-24,8.2,-2.2,-2.5,-6.6,,59.2,12.6,30.2,51.8,11.67,0.0,0.0
滨州,gfs_seamless,2025-01-20,4,2025-01-24,7.9,-1.0,-2.0,-4.8,,55.2,11.0,21.2,53.2,11.71,0.0,0.0
滨州,gfs_seamless,2025-01-19,5,2025-01-24,7.1,-2.4,-2.6,-6.4,,60.2,10.7,24.1,57.5,10.81,0.0,0.0
滨州,gfs_seamless,2025-01-18,6,2025-01-24,7.3,-2.1,-2.3,-5.6,,54.5,9.3,22.0,18.5,11.65,0.0,0.0
滨州,gfs_seamless,2025-01-17,7,2025-01-24,11.2,-2.0,-0.4,-6.1,,48.7,11.5,50.0,46.3,10.74,0.0,0.0
滨州,jma_seamless,2025-01-23,1,2025-01-24,6.0,-1.1,-1.3,-3.3,,75.8,6.0,,43.7,,0.0,0.0
滨州,jma_seamless,2025-01-22,2,2025-01-24,6.5,-1.2,-0.9,-3.1,,82.1,5.3,,35.8,,0.0,0.0
滨州,jma_seamless,2025-01-21,3,2025-01-24,7.8,-0.6,0.6,,,80.1,3.9,,51.1,,0.0,0.0
滨州,jma_seamless,2025-01-20,4,2025-01-24,7.0,-1.8,-0.8,,,82.8,4.0,,19.1,,0.0,0.0
滨州,jma_seamless,2025-01-19,5,2025-01-24,4.9,-1.6,-1.9,-3.4,,85.5,4.9,,27.2,,0.0,0.0
滨州,jma_seamless,2025-01-18,6,2025-01-24,2.5,-2.5,-3.0,-4.5,,89.7,5.1,,77.1,,0.3,0.0
滨州,jma_seamless,2025-01-17,7,2025-01-24,7.8,-2.1,-0.8,,,77.6,1.4,,53.6,,0.9,0.0
滨州,ecmwf_ifs025,2025-01-24,1,2025-01-25,5.4,-2.4,-3.3,-5.6,,57.2,8.0,,71.7,8.46,0.0,
滨州,ecmwf_ifs025,2025-01-23,2,2025-01-25,5.9,-2.2,-3.2,-5.4,,59.5,8.2,,58.2,9.21,0.0,
滨州,ecmwf_ifs025,2025-01-22,3,2025-01-25,6.3,-2.1,-2.7,-5.5,,68.8,9.0,,64.0,8.97,0.0,
滨州,ecmwf_ifs025,2025-01-21,4,2025-01-25,7.1,-1.6,-2.0,-4.5,,76.8,7.8,,70.8,8.57,0.0,
滨州,ecmwf_ifs025,2025-01-20,5,2025-01-25,7.0,-1.8,-2.0,-5.1,,82.0,8.7,,73.1,7.55,0.0,
滨州,ecmwf_ifs025,2025-01-19,6,2025-01-25,5.1,-1.4,-2.1,-4.4,,79.2,8.2,,80.5,8.52,0.3,
滨州,ecmwf_ifs025,2025-01-18,7,2025-01-25,5.9,-2.1,-2.1,-4.8,,87.4,6.8,,77.6,13.01,0.0,
滨州,gfs_seamless,2025-01-24,1,2025-01-25,5.4,-2.5,-3.2,-6.5,,63.3,10.9,28.1,81.2,7.73,0.0,0.0
滨州,gfs_seamless,2025-01-23,2,2025-01-25,5.9,-2.6,-3.2,-6.7,,60.2,11.2,27.0,88.4,9.5,0.3,0.0
滨州,gfs_seamless,2025-01-22,3,2025-01-25,6.5,-2.8,-3.2,-6.8,,58.3,10.6,28.1,48.4,11.36,0.2,0.1
滨州,gfs_seamless,2025-01-21,4,2025-01-25,6.7,-1.9,-2.2,-4.9,,54.7,7.9,17.3,98.2,10.56,0.0,0.0
滨州,gfs_seamless,2025-01-20,5,2025-01-25,7.9,-0.9,-0.6,-3.2,,53.5,6.4,15.5,99.0,8.6,0.0,0.0
滨州,gfs_seamless,2025-01-19,6,2025-01-25,5.9,-1.7,-2.4,-5.0,,64.8,8.7,16.6,100.0,8.06,1.1,0.3
滨州,gfs_seamless,2025-01-18,7,2025-01-25,5.4,-0.7,-2.0,-4.9,,53.7,13.2,54.4,97.5,6.06,0.5,0.2
滨州,jma_seamless,2025-01-24,1,2025-01-25,4.8,-0.9,-2.2,-3.3,,71.8,6.5,,68.9,,0.0,0.0
滨州,jma_seamless,2025-01-23,2,2025-01-25,5.4,-0.4,-1.7,-2.8,,72.6,6.8,,66.7,,0.0,0.0
滨州,jma_seamless,2025-01-22,3,2025-01-25,6.4,-0.8,-1.1,-2.9,,72.5,6.0,,68.5,,0.0,0.0
滨州,jma_seamless,2025-01-21,4,2025-01-25,7.7,-0.9,-0.1,,,73.5,3.0,,76.4,,0.9,0.0
滨州,jma_seamless,2025-01-20,5,2025-01-25,6.8,-1.2,-0.6,,,79.6,2.6,,81.3,,3.3,0.0
滨州,jma_seamless,2025-01-19,6,2025-01-25,4.7,-0.3,-0.9,,,83.0,4.4,,90.8,,1.5,0.0
滨州,jma_seamless,2025-01-18,7,2025-01-25,3.3,-0.7,-1.2,,,95.0,3.1,,87.0,,3.3,0.0
滨州,ecmwf_ifs025,2025-01-25,1,2025-01-26,0.6,-4.4,-6.4,-8.7,,51.2,10.6,,63.7,3.03,3.3,
滨州,ecmwf_ifs025,2025-01-24,2,2025-01-26,0.9,-4.7,-6.2,-9.0,,44.8,10.4,,75.0,2.95,3.9,
滨州,ecmwf_ifs025,2025-01-23,3,2025-01-26,1.1,-6.1,-6.4,-10.6,,56.9,10.1,,69.6,3.1,3.6,
滨州,ecmwf_ifs025,2025-01-22,4,2025-01-26,1.1,-5.5,-5.3,-9.9,,66.6,10.0,,78.1,2.8,4.2,
滨州,ecmwf_ifs025,2025-01-21,5,2025-01-26,1.1,-4.1,-4.0,-7.7,,55.2,8.3,,78.6,2.96,3.6,
滨州,ecmwf_ifs025,2025-01-20,6,2025-01-26,1.3,-3.3,-4.3,-7.3,,61.7,10.3,,69.3,5.36,4.5,
滨州,ecmwf_ifs025,2025-01-19,7,2025-01-26,2.0,-3.9,-5.1,-8.5,,45.2,12.0,,76.7,4.14,6.3,
滨州,gfs_seamless,2025-01-25,1,2025-01-26,1.7,-3.9,-6.0,-9.7,,61.1,17.6,58.0,75.6,5.33,2.1,0.5
滨州,gfs_seamless,2025-01-24,2,2025-01-26,2.2,-3.8,-5.4,-9.2,,64.9,15.7,58.7,75.2,5.14,1.8,0.6
滨州,gfs_seamless,2025-01-23,3,2025-01-26,3.5,-3.5,-4.9,-8.7,,53.8,15.0,52.6,70.0,5.75,1.3,0.3
滨州,gfs_seamless,2025-01-22,4,2025-01-26,4.7,-2.2,-4.8,-7.6,,52.6,17.3,54.7,66.5,5.9,0.8,0.3
滨州,gfs_seamless,2025-01-21,5,2025-01-26,3.5,-2.5,-4.9,-8.3,,49.7,19.4,51.1,68.2,10.2,1.1,0.4
滨州,gfs_seamless,2025-01-20,6,2025-01-26,1.9,-5.5,-7.3,-12.8,,40.2,23.6,50.4,36.1,12.07,0.4,0.0
滨州,gfs_seamless,2025-01-19,7,2025-01-26,0.4,-6.8,-8.5,-14.4,,68.5,23.3,49.3,58.3,8.38,2.7,1.1
滨州,jma_seamless,2025-01-25,1,2025-01-26,3.3,-2.1,-4.8,-6.0,,57.8,10.7,,53.1,,1.8,0.6
滨州,jma_seamless,2025-01-24,2,2025-01-26,2.2,-2.1,-4.6,-5.5,,63.9,8.8,,64.8,,1.8,0.7
滨州,jma_seamless,2025-01-23,3,2025-01-26,2.7,-1.9,-4.3,-5.3,,64.5,9.1,,66.4,,2.4,1.0
滨州,jma_seamless,2025-01-22,4,2025-01-26,3.4,-1.8,-3.6,-5.2,,66.2,9.1,,67.0,,6.9,2.9
滨州,jma_seamless,2025-01-21,5,2025-01-26,2.3,-1.6,-4.3,-6.3,,55.1,14.7,,47.8,,3.9,0.0
滨州,jma_seamless,2025-01-20,6,2025-01-26,3.8,-2.4,-3.9,-7.1,,53.3,13.5,,47.8,,1.8,0.0
滨州,jma_seamless,2025-01-19,7,2025-01-26,1.9,-2.7,-6.4,-7.7,,33.0,15.0,,23.0,,3.3,0.0
滨州,ecmwf_ifs025,2025-01-26,1,2025-01-27,-2.4,-7.0,-12.0,-13.1,,14.5,15.1,,1.5,12.0,0.0,
滨州,ecmwf_ifs025,2025-01-25,2,2025-01-27,-3.6,-7.6,-12.4,-13.8,,14.8,15.1,,16.5,12.1,0.0,
滨州,ecmwf_ifs025,2025-01-24,3,2025-01-27,-4.7,-8.1,-12.8,-14.7,,15.6,16.1,,11.6,12.11,0.0,
滨州,ecmwf_ifs025,2025-01-23,4,2025-01-27,-2.4,-8.0,-12.1,-14.4,,16.2,15.5,,5.0,12.06,0.0,
滨州,ecmwf_ifs025,2025-01-22,5,2025-01-27,-3.5,-8.2,-12.4,-15.5,,17.4,19.5,,2.4,11.98,0.3,
滨州,ecmwf_ifs025,2025-01-21,6,2025-01-27,-3.3,-8.3,-12.5,-15.7,,15.4,19.9,,0.0,13.1,0.0,
滨州,ecmwf_ifs025,2025-01-20,7,2025-01-27,-3.2,-8.5,-12.4,-15.9,,15.9,19.8,,11.0,13.39,0.3,
滨州,gfs_seamless,2025-01-26,1,2025-01-27,-0.9,-6.8,-11.5,-14.6,,36.4,24.8,59.0,3.9,12.78,0.0,0.0
滨州,gfs_seamless,2025-01-25,2,2025-01-27,-0.4,-6.6,-10.7,-13.9,,32.5,21.9,56.5,0.0,12.79,0.0,0.0
滨州,gfs_seamless,2025-01-24,3,2025-01-27,0.2,-7.7,-10.3,-14.8,,31.8,19.2,55.1,0.0,12.87,0.0,0.0
滨州,gfs_seamless,2025-01-23,4,2025-01-27,0.7,-5.5,-9.8,-12.5,,25.8,21.6,52.2,0.5,12.87,0.0,0.0
滨州,gfs_seamless,2025-01-22,5,2025-01-27,0.9,-7.6,-9.8,-14.3,,27.6,17.4,47.2,0.7,12.63,0.0,0.0
滨州,gfs_seamless,2025-01-21,6,2025-01-27,1.9,-7.3,-8.5,-12.0,,26.9,10.0,38.2,3.3,12.56,0.0,0.0
滨州,gfs_seamless,2025-01-20,7,2025-01-27,2.5,-10.0,-9.0,-14.9,,24.6,9.1,41.0,7.0,12.54,0.0,0.0
滨州,jma_seamless,2025-01-26,1,2025-01-27,-1.3,-4.4,-9.1,-10.1,,16.0,16.1,,0.0,,0.0,0.0
滨州,jma_seamless,2025-01-25,2,2025-01-27,-1.6,-4.3,-9.3,-10.1,,17.1,16.9,,0.5,,0.0,0.0
滨州,jma_seamless,2025-01-24,3,2025-01-27,-1.4,-4.0,-9.0,-9.7,,18.9,16.9,,3.7,,0.0,0.0
滨州,jma_seamless,2025-01-23,4,2025-01-27,-1.8,-4.5,-9.3,-10.3,,18.2,16.7,,0.0,,0.0,0.0
滨州,jma_seamless,2025-01-22,5,2025-01-27,-2.4,-5.2,-10.0,-11.2,,19.9,16.8,,0.0,,0.0,0.0
滨州,jma_seamless,2025-01-21,6,2025-01-27,-2.2,-4.3,-9.0,-9.1,,15.2,12.3,,0.0,,0.0,0.0
滨州,jma_seamless,2025-01-20,7,2025-01-27,-1.7,-4.4,-8.4,-8.3,,13.3,9.2,,0.0,,0.0,0.0
滨州,ecmwf_ifs025,2025-01-27,1,2025-01-28,-2.4,-9.7,-12.1,-15.0,,14.6,10.2,,0.0,12.21,0.0,
滨州,ecmwf_ifs025,2025-01-26,2,2025-01-28,-1.1,-8.5,-11.3,-13.6,,14.0,10.3,,0.0,12.11,0.0,
滨州,ecmwf_ifs025,2025-01-25,3,2025-01-28,-1.4,-9.1,-11.5,-14.4,,13.6,10.7,,0.0,12.17,0.0,
滨州,ecmwf_ifs025,2025-01-24,4,2025-01-28,-1.1,-9.7,-11.6,-15.5,,14.0,11.8,,0.0,12.28,0.0,
滨州,ecmwf_ifs025,2025-01-23,5,2025-01-28,-1.0,-10.0,-11.0,-15.2,,13.0,9.9,,3.0,12.13,0.0,
滨州,ecmwf_ifs025,2025-01-22,6,2025-01-28,-2.0,-10.7,-12.5,-16.9,,15.0,12.6,,0.8,13.2,0.0,
滨州,ecmwf_ifs025,2025-01-21,7,2025-01-28,-3.8,-11.6,-13.0,-18.6,,19.1,14.6,,0.2,13.49,0.0,
滨州,gfs_seamless,2025-01-27,1,2025-01-28,-1.4,-11.9,-11.8,-18.6,,37.6,13.1,48.6,0.0,13.01,0.0,0.0
滨州,gfs_seamless,2025-01-26,2,2025-01-28,-0.5,-9.7,-11.3,-16.8,,26.5,16.7,51.8,0.5,13.04,0.0,0.0
滨州,gfs_seamless,2025-01-25,3,2025-01-28,-0.6,-10.8,-11.6,-17.9,,27.1,15.5,50.8,0.0,13.05,0.0,0.0
滨州,gfs_seamless,2025-01-24,4,2025-01-28,-0.6,-9.8,-11.7,-16.8,,27.5,16.4,46.1,0.0,13.06,0.0,0.0
滨州,gfs_seamless,2025-01-23,5,2025-01-28,0.4,-9.3,-10.1,-14.8,,24.0,11.2,29.5,3.0,12.75,0.0,0.0
滨州,gfs_seamless,2025-01-22,6,2025-01-28,0.8,-8.1,-8.9,-13.1,,27.0,10.4,38.5,18.5,12.47,0.0,0.0
滨州,gfs_seamless,2025-01-21,7,2025-01-28,0.1,-6.7,-9.4,-11.3,,24.0,9.8,25.2,1.2,12.68,0.0,0.0
滨州,jma_seamless,2025-01-27,1,2025-01-28,-0.9,-5.3,-8.8,-9.8,,12.8,10.4,,0.0,,0.0,0.0
滨州,jma_seamless,2025-01-26,2,2025-01-28,-0.9,-5.6,-8.9,-10.4,,11.9,11.2,,0.0,,0.0,0.0
滨州,jma_seamless,2025-01-25,3,2025-01-28,-0.8,-5.4,-8.8,-10.1,,12.0,11.0,,0.0,,0.0,0.0
滨州,jma_seamless,2025-01-24,4,2025-01-28,-1.1,-5.4,-9.0,-10.2,,14.6,11.6,,0.0,,0.0,0.0
滨州,jma_seamless,2025-01-23,5,2025-01-28,-1.1,-5.2,-9.1,-10.0,,13.6,11.5,,0.0,,0.0,0.0
滨州,jma_seamless,2025-01-22,6,2025-01-28,-0.9,-5.7,-8.8,-10.1,,14.9,9.8,,0.0,,0.0,0.0
滨州,jma_seamless,2025-01-21,7,2025-01-28,2.9,-3.9,-6.2,-6.2,,16.7,5.3,,0.0,,0.0,0.0
滨州,ecmwf_ifs025,2025-01-28,1,2025-01-29,5.0,-9.7,-8.5,-14.0,,31.8,7.6,,10.2,11.94,0.0,
滨州,ecmwf_ifs025,2025-01-27,2,2025-01-29,4.8,-10.0,-8.3,-14.1,,27.9,7.1,,12.6,12.01,0.0,
滨州,ecmwf_ifs025,2025-01-26,3,2025-01-29,4.9,-9.3,-7.9,-13.2,,26.0,7.0,,14.0,11.96,0.0,
滨州,ecmwf_ifs025,2025-01-25,4,2025-01-29,3.5,-9.0,-8.6,-13.6,,31.1,8.6,,9.6,12.01,0.0,
滨州,ecmwf_ifs025,2025-01-24,5,2025-01-29,3.6,-10.8,-9.4,-15.1,,35.9,7.2,,15.6,12.09,0.0,
滨州,ecmwf_ifs025,2025-01-23,6,2025-01-29,5.2,-9.8,-8.7,-13.8,,34.3,7.1,,6.0,13.31,0.0,
滨州,ecmwf_ifs025,2025-01-22,7,2025-01-29,2.7,-9.1,-9.0,-13.1,,41.8,7.2,,18.7,13.61,0.0,
滨州,gfs_seamless,2025-01-28,1,2025-01-29,4.4,-7.4,-7.0,-11.7,,35.5,8.7,32.4,13.7,12.76,0.0,0.0
滨州,gfs_seamless,2025-01-27,2,2025-01-29,3.9,-7.0,-7.3,-11.2,,32.6,8.6,34.6,15.5,12.82,0.0,0.0
滨州,gfs_seamless,2025-01-26,3,2025-01-29,4.9,-7.6,-7.0,-11.9,,27.0,8.6,36.7,11.2,12.84,0.0,0.0
滨州,gfs_seamless,2025-01-25,4,2025-01-29,4.3,-8.4,-7.9,-13.0,,24.5,9.1,37.1,3.5,12.88,0.0,0.0
滨州,gfs_seamless,2025-01-24,5,2025-01-29,3.6,-6.8,-7.8,-11.4,,19.3,9.8,33.5,8.2,12.69,0.0,0.0
滨州,gfs_seamless,2025-01-23,6,2025-01-29,6.7,-6.3,-5.9,-11.0,,25.2,10.6,34.2,34.1,12.54,0.0,0.0
滨州,gfs_seamless,2025-01-22,7,2025-01-29,0.3,-7.7,-9.8,-13.6,,43.0,13.7,41.0,76.0,6.81,0.2,0.1
滨州,jma_seamless,2025-01-28,1,2025-01-29,4.0,-5.5,-6.2,-8.0,,18.0,5.3,,4.4,,0.0,0.0
滨州,jma_seamless,2025-01-27,2,2025-01-29,3.9,-6.4,-6.3,,,18.1,4.1,,5.0,,0.0,0.0
滨州,jma_seamless,2025-01-26,3,2025-01-29,4.3,-6.7,-6.5,-9.5,,16.9,5.5,,5.0,,0.0,0.0
滨州,jma_seamless,2025-01-25,4,2025-01-29,4.3,-6.1,-6.1,,,16.7,4.5,,1.2,,0.0,0.0
滨州,jma_seamless,2025-01-24,5,2025-01-29,4.8,-6.3,-6.2,-9.6,,17.0,6.8,,1.8,,0.0,0.0
滨州,jma_seamless,2025-01-23,6,2025-01-29,4.7,-6.1,-6.3,-9.5,,16.0,7.0,,1.3,,0.0,0.0
滨州,jma_seamless,2025-01-22,7,2025-01-29,3.6,-5.9,-6.3,-8.6,,23.1,5.5,,2.7,,0.0,0.0
滨州,ecmwf_ifs025,2025-01-29,1,2025-01-30,2.7,-3.2,-4.9,-7.6,,75.9,11.6,,43.3,4.59,0.0,
滨州,ecmwf_ifs025,2025-01-28,2,2025-01-30,0.8,-3.9,-6.2,-9.0,,78.6,13.8,,45.5,3.48,0.0,
滨州,ecmwf_ifs025,2025-01-27,3,2025-01-30,6.1,-3.3,-3.8,-5.9,,48.8,6.2,,15.3,8.22,0.0,
滨州,ecmwf_ifs025,2025-01-26,4,2025-01-30,8.0,-3.7,-4.0,-7.5,,49.1,9.1,,30.8,11.06,0.0,
滨州,ecmwf_ifs025,2025-01-25,5,2025-01-30,6.5,-3.9,-4.1,-7.8,,60.8,9.4,,41.3,8.85,0.0,
滨州,ecmwf_ifs025,2025-01-24,6,2025-01-30,6.9,-6.4,-5.8,-10.8,,56.6,9.4,,26.9,13.47,0.0,
滨州,ecmwf_ifs025,2025-01-23,7,2025-01-30,7.0,-6.4,-5.2,-11.2,,59.4,10.7,,16.1,13.8,0.0,
滨州,gfs_seamless,2025-01-29,1,2025-01-30,5.1,-2.5,-3.8,-6.7,,67.5,11.3,33.1,86.5,9.19,0.0,0.0
滨州,gfs_seamless,2025-01-28,2,2025-01-30,4.5,-3.2,-4.8,-8.1,,64.6,13.7,34.9,93.1,9.99,0.0,0.0
滨州,gfs_seamless,2025-01-27,3,2025-01-30,8.4,-1.9,-2.0,-4.9,,43.5,7.8,25.6,98.4,10.52,0.0,0.0
滨州,gfs_seamless,2025-01-26,4,2025-01-30,10.5,-2.5,-2.0,-7.3,,39.3,14.0,36.0,76.7,10.44,0.0,0.0
滨州,gfs_seamless,2025-01-25,5,2025-01-30,10.3,-3.3,-2.9,-8.3,,31.5,14.1,38.5,75.0,9.03,0.0,0.0
滨州,gfs_seamless,2025-01-24,6,2025-01-30,9.0,-1.1,-1.2,-4.5,,38.0,9.5,35.6,78.2,10.58,0.0,0.0
滨州,gfs_seamless,2025-01-23,7,2025-01-30,8.7,-8.3,-5.5,-14.8,,42.6,15.7,48.6,34.0,11.83,0.0,0.0
滨州,jma_seamless,2025-01-29,1,2025-01-30,4.5,-1.8,-3.6,-4.9,,61.7,8.1,,37.8,,0.0,0.0
滨州,jma_seamless,2025-01-28,2,2025-01-30,4.4,-1.8,-4.1,-4.9,,51.9,8.1,,16.9,,0.0,0.0
滨州,jma_seamless,2025-01-27,3,2025-01-30,6.0,-1.5,-3.5,-3.7,,31.4,5.9,,39.4,,0.0,0.0
滨州,jma_seamless,2025-01-26,4,2025-01-30,7.1,-1.6,-3.4,-4.2,,27.8,6.8,,10.0,,0.0,0.0
滨州,jma_seamless,2025-01-25,5,2025-01-30,8.3,-2.7,-2.6,-5.6,,28.8,7.2,,31.4,,0.0,0.0
滨州,jma_seamless,2025-01-24,6,2025-01-30,8.3,-1.2,-2.4,-3.0,,31.9,5.2,,29.5,,0.0,0.0
滨州,jma_seamless,2025-01-23,7,2025-01-30,0.9,-2.2,-5.2,-5.6,,36.6,9.0,,0.0,,0.0,0.0
滨州,ecmwf_ifs025,2025-01-30,1,2025-01-31,1.6,-1.4,-4.4,-5.9,,82.3,13.9,,86.4,2.94,0.0,
滨州,ecmwf_ifs025,2025-01-29,2,2025-01-31,1.9,-2.1,-4.4,-6.6,,82.5,13.2,,92.0,3.02,0.0,
滨州,ecmwf_ifs025,2025-01-28,3,2025-01-31,2.8,-3.4,-4.0,-7.9,,87.0,11.9,,92.2,2.96,0.0,
滨州,ecmwf_ifs025,2025-01-27,4,2025-01-31,2.7,-1.6,-3.7,-6.3,,90.3,14.5,,98.5,3.39,0.0,
滨州,ecmwf_ifs025,2025-01-26,5,2025-01-31,2.8,-2.1,-3.6,-6.9,,85.4,14.3,,97.6,3.73,0.0,
滨州,ecmwf_ifs025,2025-01-25,6,2025-01-31,1.6,-2.7,-5.3,-7.6,,82.8,14.5,,88.5,8.54,2.4,
滨州,ecmwf_ifs025,2025-01-24,7,2025-01-31,3.2,-4.6,-5.2,-8.9,,78.1,10.3,,53.9,13.84,0.0,
滨州,gfs_seamless,2025-01-30,1,2025-01-31,2.3,-1.0,-4.4,-6.1,,82.0,17.6,34.9,99.8,2.58,0.0,0.0
滨州,gfs_seamless,2025-01-29,2,2025-01-31,3.1,-1.1,-4.1,-6.0,,79.0,16.1,31.7,100.0,4.98,0.0,0.0
滨州,gfs_seamless,2025-01-28,3,2025-01-31,3.0,-1.0,-4.2,-5.8,,86.4,16.0,37.8,100.0,4.34,0.0,0.0
滨州,gfs_seamless,2025-01-27,4,2025-01-31,2.7,-0.2,-4.0,-5.3,,78.6,18.5,32.8,96.4,4.83,0.0,0.0
滨州,gfs_seamless,2025-01-26,5,2025-01-31,3.4,-3.6,-5.7,-8.6,,53.0,13.8,37.8,64.2,11.79,0.0,0.0
滨州,gfs_seamless,2025-01-25,6,2025-01-31,5.4,-4.2,-4.4,-9.1,,50.4,12.8,29.9,5.1,12.69,0.0,0.0
滨州,gfs_seamless,2025-01-24,7,2025-01-31,4.4,-5.7,-5.8,-12.4,,57.3,20.0,51.1,44.5,3.25,0.6,0.0
滨州,jma_seamless,2025-01-30,1,2025-01-31,2.9,-1.1,-3.2,-4.2,,78.2,8.4,,86.0,,0.0,0.0
滨州,jma_seamless,2025-01-29,2,2025-01-31,3.1,-1.4,-3.1,-4.2,,81.7,7.5,,76.2,,0.0,0.0
滨州,jma_seamless,2025-01-28,3,2025-01-31,4.2,-1.6,-2.4,-3.9,,85.5,6.1,,84.3,,0.0,0.0
滨州,jma_seamless,2025-01-27,4,2025-01-31,4.0,-0.3,-2.1,-3.3,,85.9,8.6,,96.5,,0.0,0.0
滨州,jma_seamless,2025-01-26,5,2025-01-31,3.6,-2.6,-3.8,-5.3,,69.5,6.6,,79.1,,0.0,0.0
滨州,jma_seamless,2025-01-25,6,2025-01-31,1.1,-0.8,-4.3,-4.1,,59.7,9.3,,8.4,,0.0,0.0
滨州,jma_seamless,2025-01-24,7,2025-01-31,2.1,-2.5,-4.7,-6.7,,56.2,11.3,,61.0,,0.0,0.0
滨州,ecmwf_ifs025,2025-01-31,1,2025-02-01,3.5,-3.3,-4.0,-6.2,,66.8,6.8,,28.5,8.28,0.0,
滨州,ecmwf_ifs025,2025-01-30,2,2025-02-01,3.4,-3.5,-4.5,-6.8,,63.4,7.9,,50.2,9.47,0.0,
滨州,ecmwf_ifs025,2025-01-29,3,2025-02-01,3.8,-4.4,-4.5,-8.7,,67.0,10.5,,41.5,10.51,0.0,
滨州,ecmwf_ifs025,2025-01-28,4,2025-02-01,2.5,-3.6,-4.1,-8.4,,78.0,12.8,,88.8,5.48,0.6,
滨州,ecmwf_ifs025,2025-01-27,5,2025-02-01,3.7,-3.4,-4.4,-7.9,,75.8,12.1,,64.9,8.88,0.0,
滨州,ecmwf_ifs025,2025-01-26,6,2025-02-01,1.4,-4.5,-4.5,-9.8,,92.8,14.2,,83.5,4.87,8.4,
滨州,ecmwf_ifs025,2025-01-25,7,2025-02-01,1.2,-6.9,-6.7,-10.2,,71.0,6.5,,27.8,14.03,0.0,
滨州,gfs_seamless,2025-01-31,1,2025-02-01,4.5,-3.6,-3.9,-7.7,,65.7,10.4,25.6,81.2,12.11,0.0,0.0
滨州,gfs_seamless,2025-01-30,2,2025-02-01,4.3,-4.0,-4.5,-8.3,,63.8,10.7,25.6,70.7,12.65,0.0,0.0
滨州,gfs_seamless,2025-01-29,3,2025-02-01,5.2,-2.2,-2.9,-6.2,,66.8,10.9,30.6,77.4,12.6,0.0,0.0
滨州,gfs_seamless,2025-01-28,4,2025-02-01,3.8,-0.5,-2.4,-4.3,,81.8,11.7,33.5,98.1,5.94,0.1,0.0
滨州,gfs_seamless,2025-01-27,5,2025-02-01,5.7,-5.0,-3.6,-8.0,,67.5,6.4,20.2,79.0,10.9,0.0,0.0
滨州,gfs_seamless,2025-01-26,6,2025-02-01,4.2,-5.8,-5.5,-9.4,,51.1,7.6,18.4,54.5,10.73,0.0,0.0
滨州,gfs_seamless,2025-01-25,7,2025-02-01,5.6,-6.4,-5.8,-11.1,,41.0,10.6,28.1,44.9,12.43,0.0,0.0
滨州,jma_seamless,2025-01-31,1,2025-02-01,2.6,-2.0,-4.0,,,61.9,3.8,,45.6,,0.0,0.0
滨州,jma_seamless,2025-01-30,2,2025-02-01,3.9,-1.6,-3.1,-3.6,,64.6,5.4,,65.8,,0.0,0.0
滨州,jma_seamless,2025-01-29,3,2025-02-01,4.7,-1.5,-1.7,-3.7,,75.0,6.0,,71.9,,0.0,0.0
滨州,jma_seamless,2025-01-28,4,2025-02-01,4.2,0.3,-0.9,,,94.7,4.1,,94.5,,0.6,0.0
滨州,jma_seamless,2025-01-27,5,2025-02-01,4.7,-1.5,-2.1,-3.9,,75.2,6.4,,60.0,,0.0,0.0
滨州,jma_seamless,2025-01-26,6,2025-02-01,1.9,-2.2,-3.9,-4.2,,77.2,5.2,,80.8,,0.6,0.4
滨州,jma_seamless,2025-01-25,7,2025-02-01,1.5,-3.6,-5.4,-5.7,,54.4,5.0,,40.0,,0.0,0.0
滨州,ecmwf_ifs025,2025-02-01,1,2025-02-02,3.8,-3.9,-4.9,-7.0,,71.7,7.1,,36.2,8.11,0.0,
滨州,ecmwf_ifs025,2025-01-31,2,2025-02-02,3.8,-4.6,-5.2,-7.4,,73.3,6.1,,34.5,8.47,0.0,
滨州,ecmwf_ifs025,2025-01-30,3,2025-02-02,3.9,-5.0,-5.3,-7.2,,71.5,4.9,,22.8,8.68,0.0,
滨州,ecmwf_ifs025,2025-01-29,4,2025-02-02,3.0,-4.4,-5.1,,,71.9,4.5,,30.8,8.61,0.0,
滨州,ecmwf_ifs025,2025-01-28,5,2025-02-02,4.3,-4.7,-4.5,,,76.1,4.2,,30.5,10.23,0.0,
滨州,ecmwf_ifs025,2025-01-27,6,2025-02-02,4.7,-5.0,-5.5,-7.9,,74.0,6.2,,26.5,13.77,0.0,
滨州,ecmwf_ifs025,2025-01-26,7,2025-02-02,5.3,-3.8,-2.9,-7.3,,81.4,8.4,,53.5,13.94,0.0,
滨州,gfs_seamless,2025-02-01,1,2025-02-02,5.6,-1.8,-3.6,-5.5,,62.2,10.3,27.0,76.3,10.98,0.0,0.0
滨州,gfs_seamless,2025-01-31,2,2025-02-02,5.0,-2.6,-3.9,-6.4,,64.2,9.8,28.4,96.0,9.69,0.0,0.0
滨州,gfs_seamless,2025-01-30,3,2025-02-02,5.0,-2.6,-4.3,-6.4,,58.9,9.8,26.3,88.5,10.1,0.0,0.0
滨州,gfs_seamless,2025-01-29,4,2025-02-02,5.2,-1.8,-3.2,-5.3,,61.7,9.5,30.2,98.7,9.36,0.0,0.0
滨州,gfs_seamless,2025-01-28,5,2025-02-02,5.9,-1.6,-3.0,-5.5,,69.3,11.2,28.1,75.6,10.6,0.0,0.0
滨州,gfs_seamless,2025-01-27,6,2025-02-02,6.9,-2.1,-3.8,-6.1,,41.7,11.1,38.5,63.8,12.26,0.0,0.0
滨州,gfs_seamless,2025-01-26,7,2025-02-02,7.0,-2.8,-3.8,-7.0,,49.4,11.4,30.2,85.7,11.05,0.0,0.0
滨州,jma_seamless,2025-02-01,1,2025-02-02,4.2,-2.5,-3.7,-4.6,,63.2,5.3,,21.0,,0.0,0.0
滨州,jma_seamless,2025-01-31,2,2025-02-02,4.9,-2.3,-3.3,-4.4,,60.7,5.5,,30.8,,0.0,0.0
滨州,jma_seamless,2025-01-30,3,2025-02-02,5.7,-2.3,-2.9,,,63.4,4.0,,30.6,,0.0,0.0
滨州,jma_seamless,2025-01-29,4,2025-02-02,6.1,-1.4,-1.8,-3.2,,74.3,5.0,,29.9,,0.0,0.0
滨州,jma_seamless,2025-01-28,5,2025-02-02,7.0,-0.8,-1.1,-2.5,,74.6,5.0,,47.9,,0.0,0.0
滨州,jma_seamless,2025-01-27,6,2025-02-02,4.6,-2.3,-2.4,,,62.6,4.0,,36.4,,0.0,0.0
滨州,jma_seamless,2025-01-26,7,2025-02-02,2.9,-2.3,-4.1,-4.3,,61.4,5.3,,22.7,,0.0,0.0
滨州,ecmwf_ifs025,2025-02-02,1,2025-02-03,0.6,-5.6,-8.3,-10.2,,30.8,10.6,,0.0,12.71,0.0,
滨州,ecmwf_ifs025,2025-02-01,2,2025-02-03,0.6,-5.1,-8.2,-10.0,,29.7,12.1,,0.0,12.69,0.0,
滨州,ecmwf_ifs025,2025-01-31,3,2025-02-03,0.4,-5.1,-7.8,-9.4,,43.2,9.9,,1.3,12.67,0.0,
滨州,ecmwf_ifs025,2025-01-30,4,2025-02-03,0.5,-5.2,-7.9,-9.9,,36.9,11.1,,1.4,12.7,0.0,
滨州,ecmwf_ifs025,2025-01-29,5,2025-02-03,1.2,-5.6,-7.8,-9.9,,47.9,9.6,,3.4,12.67,0.0,
滨州,ecmwf_ifs025,2025-01-28,6,2025-02-03,0.5,-5.1,-8.2,-9.5,,45.7,10.2,,0.0,13.97,0.0,
滨州,ecmwf_ifs025,2025-01-27,7,2025-02-03,-0.1,-4.6,-8.2,-9.1,,46.8,11.1,,6.4,14.36,0.0,
滨州,gfs_seamless,2025-02-02,1,2025-02-03,1.6,-4.5,-7.6,-10.0,,30.5,15.2,39.2,11.6,13.91,0.0,0.0
滨州,gfs_seamless,2025-02-01,2,2025-02-03,1.6,-5.1,-7.6,-10.4,,41.2,13.6,37.4,17.9,13.92,0.0,0.0
滨州,gfs_seamless,2025-01-31,3,2025-02-03,1.9,-5.4,-7.6,-10.8,,34.0,13.9,37.1,8.5,13.89,0.0,0.0
滨州,gfs_seamless,2025-01-30,4,2025-02-03,2.4,-4.9,-6.9,-9.7,,37.4,11.8,38.5,24.0,13.81,0.0,0.0
滨州,gfs_seamless,2025-01-29,5,2025-02-03,4.0,-2.2,-4.0,-5.4,,48.2,8.2,23.8,47.8,11.71,0.0,0.0
滨州,gfs_seamless,2025-01-28,6,2025-02-03,2.4,-4.5,-6.9,-9.5,,34.0,13.1,35.6,29.1,13.4,0.0,0.0
滨州,gfs_seamless,2025-01-27,7,2025-02-03,3.7,-4.3,-6.1,-8.7,,40.7,10.9,45.4,21.1,13.0,0.0,0.0
滨州,jma_seamless,2025-02-02,1,2025-02-03,1.4,-2.5,-6.3,-6.4,,16.5,10.2,,0.1,,0.0,0.0
滨州,jma_seamless,2025-02-01,2,2025-02-03,0.3,-2.6,-6.6,-6.5,,17.9,10.3,,0.2,,0.0,0.0
滨州,jma_seamless,2025-01-31,3,2025-02-03,0.7,-2.6,-5.9,-5.5,,25.5,7.1,,0.3,,0.0,0.0
滨州,jma_seamless,2025-01-30,4,2025-02-03,1.4,-2.4,-5.6,-5.8,,22.5,8.8,,0.2,,0.0,0.0
滨州,jma_seamless,2025-01-29,5,2025-02-03,1.6,-2.2,-5.3,-4.9,,29.0,6.9,,9.0,,0.0,0.0
滨州,jma_seamless,2025-01-28,6,2025-02-03,1.3,-2.4,-6.3,-6.7,,25.1,12.1,,0.0,,0.0,0.0
滨州,jma_seamless,2025-01-27,7,2025-02-03,-0.1,-4.0,-6.7,-8.2,,48.2,10.2,,24.9,,0.6,0.4
滨州,ecmwf_ifs025,2025-02-03,1,2025-02-04,0.0,-6.4,-8.5,-9.9,,29.9,7.1,,5.3,12.74,0.0,
滨州,ecmwf_ifs025,2025-02-02,2,2025-02-04,-0.1,-7.0,-8.9,-10.8,,29.5,7.6,,1.6,12.8,0.0,
滨州,ecmwf_ifs025,2025-02-01,3,2025-02-04,-0.2,-6.3,-8.9,-10.3,,28.5,8.4,,3.5,12.8,0.0,
滨州,ecmwf_ifs025,2025-01-31,4,2025-02-04,-0.1,-6.7,-8.9,-10.8,,29.5,8.4,,6.0,12.83,0.0,
滨州,ecmwf_ifs025,2025-01-30,5,2025-02-04,-0.7,-6.4,-8.9,-10.0,,30.9,7.4,,3.4,12.79,0.0,
滨州,ecmwf_ifs025,2025-01-29,6,2025-02-04,-0.6,-6.8,-9.4,-11.7,,30.8,10.7,,1.1,14.15,0.0,
滨州,ecmwf_ifs025,2025-01-28,7,2025-02-04,-0.8,-6.2,-9.5,-11.3,,31.9,11.8,,3.6,14.55,0.0,
滨州,gfs_seamless,2025-02-03,1,2025-02-04,1.0,-7.8,-8.5,-12.1,,31.2,8.5,29.5,10.2,14.0,0.0,0.0
滨州,gfs_seamless,2025-02-02,2,2025-02-04,1.0,-5.0,-8.0,-9.5,,30.8,10.8,29.2,4.4,14.01,0.0,0.0
滨州,gfs_seamless,2025-02-01,3,2025-02-04,0.1,-7.0,-8.7,-12.1,,31.9,11.4,28.1,0.4,14.0,0.0,0.0
滨州,gfs_seamless,2025-01-31,4,2025-02-04,1.1,-6.1,-7.8,-10.1,,30.1,8.6,30.2,3.1,13.96,0.0,0.0
滨州,gfs_seamless,2025-01-30,5,2025-02-04,1.2,-5.9,-7.8,-10.8,,29.5,11.4,23.4,3.6,13.74,0.0,0.0
滨州,gfs_seamless,2025-01-29,6,2025-02-04,2.1,-4.2,-6.8,-8.7,,27.8,11.3,33.5,2.9,13.79,0.0,0.0
滨州,gfs_seamless,2025-01-28,7,2025-02-04,4.2,-5.5,-7.5,-10.2,,27.5,11.0,30.2,6.4,13.67,0.0,0.0
滨州,jma_seamless,2025-02-03,1,2025-02-04,0.0,-3.8,-6.9,-7.1,,18.2,7.7,,0.0,,0.0,0.0
滨州,jma_seamless,2025-02-02,2,2025-02-04,-0.9,-4.3,-7.6,-7.7,,18.0,7.8,,0.0,,0.0,0.0
滨州,jma_seamless,2025-02-01,3,2025-02-04,-1.0,-4.3,-7.6,-7.8,,18.3,8.1,,0.1,,0.0,0.0
滨州,jma_seamless,2025-01-31,4,2025-02-04,-1.0,-4.0,-7.8,-7.5,,18.2,8.3,,0.5,,0.0,0.0
滨州,jma_seamless,2025-01-30,5,2025-02-04,-2.0,-4.1,-8.2,-7.9,,18.7,8.9,,0.5,,0.0,0.0
滨州,jma_seamless,2025-01-29,6,2025-02-04,0.3,-3.2,-7.3,-7.1,,15.9,9.8,,0.0,,0.0,0.0
滨州,jma_seamless,2025-01-28,7,2025-02-04,-2.7,-5.6,-9.8,-10.7,,16.6,12.6,,0.0,,0.0,0.0
滨州,ecmwf_ifs025,2025-02-04,1,2025-02-05,-0.8,-7.5,-10.2,-13.7,,20.7,15.3,,10.1,13.18,0.0,
滨州,ecmwf_ifs025,2025-02-03,2,2025-02-05,-0.9,-6.8,-10.1,-12.6,,20.1,14.3,,9.0,13.17,0.0,
滨州,ecmwf_ifs025,2025-02-02,3,2025-02-05,-1.3,-7.6,-10.5,-13.7,,20.5,14.8,,14.2,13.18,0.0,
滨州,ecmwf_ifs025,2025-02-01,4,2025-02-05,-1.4,-6.3,-9.8,-11.4,,20.8,11.8,,13.8,13.1,0.0,
滨州,ecmwf_ifs025,2025-01-31,5,2025-02-05,-0.7,-7.0,-10.0,-11.9,,21.1,10.8,,7.6,13.1,0.0,
滨州,ecmwf_ifs025,2025-01-30,6,2025-02-05,-0.7,-7.9,-9.9,-12.8,,31.6,10.2,,20.4,14.22,0.0,
滨州,ecmwf_ifs025,2025-01-29,7,2025-02-05,-2.3,-9.0,-11.1,-14.8,,23.4,12.4,,0.0,14.67,0.0,
滨州,gfs_seamless,2025-02-04,1,2025-02-05,0.1,-8.0,-10.4,-14.9,,21.1,17.8,50.0,16.6,14.4,0.0,0.0
滨州,gfs_seamless,2025-02-03,2,2025-02-05,-0.1,-7.7,-10.5,-14.5,,20.9,17.5,48.6,9.8,14.39,0.0,0.0
滨州,gfs_seamless,2025-02-02,3,2025-02-05,0.3,-6.6,-9.9,-13.4,,23.2,18.9,47.9,7.6,14.43,0.0,0.0
滨州,gfs_seamless,2025-02-01,4,2025-02-05,0.4,-6.6,-9.4,-12.7,,27.1,15.8,46.4,10.7,14.3,0.0,0.0
滨州,gfs_seamless,2025-01-31,5,2025-02-05,2.7,-5.4,-7.2,-10.4,,29.3,12.4,32.4,7.4,13.99,0.0,0.0
滨州,gfs_seamless,2025-01-30,6,2025-02-05,6.4,-5.0,-5.6,-8.9,,28.0,8.9,33.1,3.8,13.81,0.0,0.0
滨州,gfs_seamless,2025-01-29,7,2025-02-05,1.1,-7.9,-9.3,-13.8,,27.7,13.5,37.8,10.5,13.94,0.0,0.0
滨州,jma_seamless,2025-02-04,1,2025-02-05,-0.9,-5.1,-8.3,-10.0,,14.2,12.1,,0.0,,0.0,0.0
滨州,jma_seamless,2025-02-03,2,2025-02-05,-0.9,-5.2,-8.6,-10.3,,14.6,12.6,,0.0,,0.0,0.0
滨州,jma_seamless,2025-02-02,3,2025-02-05,-0.4,-6.3,-8.8,-11.6,,14.4,12.8,,0.5,,0.0,0.0
滨州,jma_seamless,2025-02-01,4,2025-02-05,-1.3,-6.8,-9.4,-12.1,,14.8,12.2,,2.5,,0.0,0.0
滨州,jma_seamless,2025-01-31,5,2025-02-05,-2.6,-6.8,-10.2,-11.9,,14.2,11.5,,2.5,,0.0,0.0
滨州,jma_seamless,2025-01-30,6,2025-02-05,-1.9,-5.9,-9.6,-11.3,,14.6,13.2,,0.0,,0.0,0.0
滨州,jma_seamless,2025-01-29,7,2025-02-05,-0.9,-6.4,-9.5,-10.4,,12.4,8.5,,0.0,,0.0,0.0
滨州,ecmwf_ifs025,2025-02-05,1,2025-02-06,3.3,-6.5,-8.3,-12.7,,25.6,16.1,,15.5,12.96,0.3,
滨州,ecmwf_ifs025,2025-02-04,2,2025-02-06,2.6,-7.2,-8.8,-13.3,,19.5,15.2,,8.9,13.1,0.0,
滨州,ecmwf_ifs025,2025-02-03,3,2025-02-06,3.6,-6.0,-7.9,-11.2,,18.5,12.5,,2.4,13.1,0.0,
滨州,ecmwf_ifs025,2025-02-02,4,2025-02-06,5.3,-6.3,-7.5,-11.3,,21.0,11.6,,0.0,13.08,0.0,
滨州,ecmwf_ifs025,2025-02-01,5,2025-02-06,2.9,-8.5,-9.3,-14.0,,22.8,11.6,,0.0,13.06,0.0,
滨州,ecmwf_ifs025,2025-01-31,6,2025-02-06,6.5,-9.3,-7.1,-13.1,,23.3,6.8,,10.5,14.43,0.0,
滨州,ecmwf_ifs025,2025-01-30,7,2025-02-06,5.7,-7.0,-7.0,-11.9,,22.2,10.6,,19.0,14.88,0.0,
滨州,gfs_seamless,2025-02-05,1,2025-02-06,2.1,-7.3,-9.8,-14.6,,23.5,20.6,52.9,25.9,14.28,0.1,0.1
滨州,gfs_seamless,2025-02-04,2,2025-02-06,2.9,-9.0,-9.8,-16.6,,19.7,20.1,57.6,17.1,14.33,0.0,0.0
滨州,gfs_seamless,2025-02-03,3,2025-02-06,3.6,-7.0,-8.4,-13.2,,23.0,15.6,61.6,4.6,14.27,0.0,0.0
滨州,gfs_seamless,2025-02-02,4,2025-02-06,4.8,-5.1,-6.6,-9.9,,25.0,11.6,31.3,0.0,14.26,0.0,0.0
滨州,gfs_seamless,2025-02-01,5,2025-02-06,6.2,-5.2,-5.8,-10.2,,25.7,12.3,26.3,0.4,14.23,0.0,0.0
滨州,gfs_seamless,2025-01-31,6,2025-02-06,8.0,-4.9,-4.1,-10.0,,26.2,13.1,33.1,12.3,13.99,0.0,0.0
滨州,gfs_seamless,2025-01-30,7,2025-02-06,8.7,-4.7,-4.7,-10.6,,34.5,16.8,47.9,43.4,13.68,0.0,0.0
滨州,jma_seamless,2025-02-05,1,2025-02-06,1.9,-5.1,-7.1,-10.4,,16.2,13.5,,13.3,,0.0,0.0
滨州,jma_seamless,2025-02-04,2,2025-02-06,1.1,-5.3,-7.3,-9.9,,14.0,10.7,,11.2,,0.0,0.0
滨州,jma_seamless,2025-02-03,3,2025-02-06,2.4,-3.9,-6.2,-6.5,,18.0,6.0,,0.0,,0.0,0.0
滨州,jma_seamless,2025-02-02,4,2025-02-06,-0.2,-5.5,-8.2,-10.5,,12.6,12.2,,12.0,,0.0,0.0
滨州,jma_seamless,2025-02-01,5,2025-02-06,3.9,-4.5,-6.7,-8.3,,15.1,8.9,,3.0,,0.0,0.0
滨州,jma_seamless,2025-01-31,6,2025-02-06,2.6,-4.9,-7.1,-9.2,,13.2,10.1,,0.0,,0.0,0.0
滨州,jma_seamless,2025-01-30,7,2025-02-06,3.7,-5.9,-7.0,-10.0,,12.8,8.8,,0.0,,0.0,0.0
滨州,ecmwf_ifs025,2025-02-06,1,2025-02-07,-4.7,-11.7,-15.6,-20.5,,14.5,22.6,,0.2,13.43,0.0,
滨州,ecmwf_ifs025,2025-02-05,2,2025-02-07,-4.6,-11.4,-15.4,-20.2,,13.9,23.1,,0.0,13.42,0.0,
滨州,ecmwf_ifs025,2025-02-04,3,2025-02-07,-5.0,-11.8,-15.5,-20.7,,14.5,23.1,,0.0,13.45,0.0,
滨州,ecmwf_ifs025,2025-02-03,4,2025-02-07,-4.0,-11.5,-15.0,-20.0,,15.0,21.1,,0.0,13.44,0.0,
滨州,ecmwf_ifs025,2025-02-02,5,2025-02-07,-3.2,-9.5,-14.1,-17.9,,24.1,23.8,,2.4,13.51,0.0,
滨州,ecmwf_ifs025,2025-02-01,6,2025-02-07,-3.7,-10.1,-13.4,-17.2,,19.5,16.2,,2.5,14.55,0.0,
滨州,ecmwf_ifs025,2025-01-31,7,2025-02-07,2.5,-3.3,-6.4,-8.1,,56.8,13.1,,19.5,15.02,0.0,
滨州,gfs_seamless,2025-02-06,1,2025-02-07,-5.0,-11.9,-16.2,-21.5,,19.6,26.6,56.9,7.3,14.93,0.0,0.0
滨州,gfs_seamless,2025-02-05,2,2025-02-07,-4.6,-11.5,-15.8,-20.7,,20.8,24.8,49.3,0.0,14.88,0.0,0.0
滨州,gfs_seamless,2025-02-04,3,2025-02-07,-4.0,-11.9,-15.9,-21.4,,18.0,26.2,63.0,0.2,14.88,0.0,0.0
滨州,gfs_seamless,2025-02-03,4,2025-02-07,-2.9,-12.0,-16.2,-21.9,,17.9,28.7,61.2,0.4,14.94,0.0,0.0
滨州,gfs_seamless,2025-02-02,5,2025-02-07,1.2,-9.8,-10.5,-17.2,,27.7,17.9,54.0,26.5,13.08,0.0,0.0
滨州,gfs_seamless,2025-02-01,6,2025-02-07,10.6,-1.8,-1.5,-6.3,,41.7,13.5,36.0,21.1,13.95,0.0,0.0
滨州,gfs_seamless,2025-01-31,7,2025-02-07,10.3,-3.7,-1.8,-8.6,,36.9,13.4,36.0,56.9,12.51,0.0,0.0
滨州,jma_seamless,2025-02-06,1,2025-02-07,-4.6,-10.6,-13.8,-17.8,,10.5,16.1,,1.0,,0.0,0.0
滨州,jma_seamless,2025-02-05,2,2025-02-07,-4.7,-10.6,-13.8,-17.7,,11.2,15.9,,0.9,,0.0,0.0
滨州,jma_seamless,2025-02-04,3,2025-02-07,-4.5,-11.1,-13.6,-18.5,,11.0,16.4,,0.0,,0.0,0.0
滨州,jma_seamless,2025-02-03,4,2025-02-07,-5.1,-11.6,-14.5,-19.2,,10.7,17.1,,0.9,,0.0,0.0
滨州,jma_seamless,2025-02-02,5,2025-02-07,-2.6,-11.4,-13.1,-18.7,,14.5,15.9,,15.8,,0.0,0.0
滨州,jma_seamless,2025-02-01,6,2025-02-07,1.8,-7.0,-6.9,-11.2,,24.2,8.7,,0.0,,0.0,0.0
滨州,jma_seamless,2025-01-31,7,2025-02-07,4.7,-4.5,-5.5,,,18.4,3.9,,3.2,,0.0,0.0
滨州,ecmwf_ifs025,2025-02-07,1,2025-02-08,-1.9,-9.7,-11.9,-15.1,,17.3,10.7,,0.0,13.27,0.0,
滨州,ecmwf_ifs025,2025-02-06,2,2025-02-08,-1.8,-9.7,-11.7,-14.8,,19.7,9.6,,0.0,13.28,0.0,
滨州,ecmwf_ifs025,2025-02-05,3,2025-02-08,-1.9,-9.8,-12.0,-15.3,,16.7,10.8,,0.0,13.3,0.0,
滨州,ecmwf_ifs025,2025-02-04,4,2025-02-08,-2.4,-10.2,-12.5,-16.1,,15.8,11.7,,0.0,13.46,0.0,
滨州,ecmwf_ifs025,2025-02-03,5,2025-02-08,-2.3,-10.2,-12.7,-16.4,,15.2,12.9,,0.0,13.5,0.0,
滨州,ecmwf_ifs025,2025-02-02,6,2025-02-08,-1.6,-10.3,-13.0,-17.3,,17.8,15.8,,0.0,14.68,0.0,
滨州,ecmwf_ifs025,2025-02-01,7,2025-02-08,-1.9,-10.1,-10.6,-16.6,,38.3,14.1,,13.2,15.2,0.0,
滨州,gfs_seamless,2025-02-07,1,2025-02-08,-1.7,-11.7,-12.5,-18.5,,21.6,13.9,40.3,0.9,14.84,0.0,0.0
滨州,gfs_seamless,2025-02-06,2,2025-02-08,-1.2,-11.0,-12.8,-18.4,,22.5,16.7,43.9,10.5,14.8,0.0,0.0
滨州,gfs_seamless,2025-02-05,3,2025-02-08,-1.2,-11.5,-12.7,-18.5,,22.5,14.5,34.2,0.0,14.88,0.0,0.0
滨州,gfs_seamless,2025-02-04,4,2025-02-08,-1.0,-11.6,-12.7,-18.6,,19.5,14.6,33.8,0.9,14.97,0.0,0.0
滨州,gfs_seamless,2025-02-03,5,2025-02-08,-1.4,-10.7,-12.8,-17.5,,20.0,14.5,44.3,0.0,14.71,0.0,0.0
滨州,gfs_seamless,2025-02-02,6,2025-02-08,-1.3,-8.8,-10.8,-15.6,,27.9,16.6,33.5,10.4,14.68,0.0,0.0
滨州,gfs_seamless,2025-02-01,7,2025-02-08,3.9,-4.1,-7.0,-10.1,,48.5,18.0,34.9,79.4,11.2,0.0,0.0
滨州,jma_seamless,2025-02-07,1,2025-02-08,-2.4,-8.0,-10.7,-12.4,,10.8,8.6,,0.0,,0.0,0.0
滨州,jma_seamless,2025-02-06,2,2025-02-08,-2.2,-7.9,-10.5,-12.3,,12.6,8.7,,0.8,,0.0,0.0
滨州,jma_seamless,2025-02-05,3,2025-02-08,-2.1,-7.5,-10.3,-12.0,,13.7,9.2,,0.0,,0.0,0.0
滨州,jma_seamless,2025-02-04,4,2025-02-08,-2.1,-7.9,-10.6,-12.6,,14.5,9.5,,0.0,,0.0,0.0
滨州,jma_seamless,2025-02-03,5,2025-02-08,-2.8,-8.3,-11.1,-13.4,,14.3,10.4,,0.0,,0.0,0.0
滨州,jma_seamless,2025-02-02,6,2025-02-08,-2.0,-7.9,-10.6,-12.8,,16.2,10.1,,0.0,,0.0,0.0
滨州,jma_seamless,2025-02-01,7,2025-02-08,2.8,-6.1,-6.5,-8.5,,31.1,5.0,,24.5,,0.0,0.0
滨州,ecmwf_ifs025,2025-02-08,1,2025-02-09,2.3,-10.4,-9.7,-14.4,,12.0,6.8,,0.1,13.49,0.0,
滨州,ecmwf_ifs025,2025-02-07,2,2025-02-09,2.4,-10.3,-9.5,-14.1,,11.9,6.5,,2.0,13.51,0.0,
滨州,ecmwf_ifs025,2025-02-06,3,2025-02-09,2.2,-10.1,-9.5,-14.0,,11.9,6.6,,2.7,13.47,0.0,
滨州,ecmwf_ifs025,2025-02-05,4,2025-02-09,2.7,-10.4,-9.5,-14.8,,11.2,7.7,,0.0,13.26,0.0,
滨州,ecmwf_ifs025,2025-02-04,5,2025-02-09,2.9,-10.4,-9.5,-14.7,,11.8,7.4,,0.0,13.31,0.0,
滨州,ecmwf_ifs025,2025-02-03,6,2025-02-09,-0.9,-9.8,-11.4,-15.5,,14.5,11.3,,0.0,14.82,0.0,
滨州,ecmwf_ifs025,2025-02-02,7,2025-02-09,2.7,-9.4,-10.1,-14.4,,16.4,9.7,,0.0,15.4,0.0,
滨州,gfs_seamless,2025-02-08,1,2025-02-09,2.3,-8.3,-8.6,-12.5,,15.2,8.0,15.1,3.0,14.95,0.0,0.0
滨州,gfs_seamless,2025-02-07,2,2025-02-09,1.8,-9.3,-9.0,-14.0,,18.0,8.8,27.4,18.0,14.9,0.0,0.0
滨州,gfs_seamless,2025-02-06,3,2025-02-09,2.6,-9.0,-8.6,-13.5,,16.2,8.4,15.1,7.0,14.97,0.0,0.0
滨州,gfs_seamless,2025-02-05,4,2025-02-09,3.1,-8.6,-8.4,-13.0,,15.5,8.3,22.0,15.6,14.78,0.0,0.0
滨州,gfs_seamless,2025-02-04,5,2025-02-09,3.1,-9.0,-8.4,-13.1,,16.5,7.5,16.6,2.5,14.67,0.0,0.0
滨州,gfs_seamless,2025-02-03,6,2025-02-09,1.9,-9.2,-9.6,-13.6,,18.0,8.1,16.2,0.0,14.82,0.0,0.0
滨州,gfs_seamless,2025-02-02,7,2025-02-09,0.6,-8.4,-9.4,-13.6,,21.3,10.7,37.4,7.9,14.92,0.0,0.0
滨州,jma_seamless,2025-02-08,1,2025-02-09,0.8,-8.3,-8.7,,,10.5,4.1,,0.3,,0.0,0.0
滨州,jma_seamless,2025-02-07,2,2025-02-09,1.0,-7.8,-8.3,,,10.8,3.6,,4.4,,0.0,0.0
滨州,jma_seamless,2025-02-06,3,2025-02-09,1.3,-7.5,-8.2,,,10.9,4.6,,0.2,,0.0,0.0
滨州,jma_seamless,2025-02-05,4,2025-02-09,0.9,-7.5,-8.3,,,13.7,3.9,,0.0,,0.0,0.0
滨州,jma_seamless,2025-02-04,5,2025-02-09,1.2,-7.9,-8.4,-10.7,,13.5,5.3,,0.0,,0.0,0.0
滨州,jma_seamless,2025-02-03,6,2025-02-09,-0.0,-7.4,-8.9,-10.1,,17.6,5.2,,0.0,,0.0,0.0
滨州,jma_seamless,2025-02-02,7,2025-02-09,1.5,-7.5,-8.3,,,16.8,4.2,,0.0,,0.0,0.0
滨州,ecmwf_ifs025,2025-02-09,1,2025-02-10,8.2,-5.8,-5.1,-9.8,,18.9,8.6,,0.4,13.52,0.0,
滨州,ecmwf_ifs025,2025-02-08,2,2025-02-10,7.7,-5.3,-5.1,-9.0,,15.3,8.1,,2.3,13.56,0.0,
滨州,ecmwf_ifs025,2025-02-07,3,2025-02-10,7.3,-5.0,-5.0,-8.4,,18.4,7.5,,0.0,13.49,0.0,
滨州,ecmwf_ifs025,2025-02-06,4,2025-02-10,7.6,-4.9,-5.0,-8.6,,16.2,8.4,,0.0,13.53,0.0,
滨州,ecmwf_ifs025,2025-02-05,5,2025-02-10,8.3,-5.0,-4.6,-8.5,,16.9,7.8,,6.2,13.2,0.0,
滨州,ecmwf_ifs025,2025-02-04,6,2025-02-10,8.0,-5.8,-4.8,-9.3,,15.4,7.4,,16.3,14.94,0.0,
滨州,ecmwf_ifs025,2025-02-03,7,2025-02-10,5.7,-9.7,-8.1,-14.8,,15.8,9.8,,16.2,15.53,0.0,
滨州,gfs_seamless,2025-02-09,1,2025-02-10,8.3,-4.9,-4.1,-9.2,,22.4,10.1,21.2,1.0,14.77,0.0,0.0
滨州,gfs_seamless,2025-02-08,2,2025-02-10,9.1,-3.4,-3.3,-7.3,,24.0,9.6,22.7,0.2,14.79,0.0,0.0
滨州,gfs_seamless,2025-02-07,3,2025-02-10,8.5,-4.3,-4.0,-9.1,,25.0,12.3,26.3,17.8,14.81,0.0,0.0
滨州,gfs_seamless,2025-02-06,4,2025-02-10,8.2,-4.2,-4.1,-8.6,,22.3,11.1,39.6,33.3,12.34,0.0,0.0
滨州,gfs_seamless,2025-02-05,5,2025-02-10,7.4,-3.6,-3.8,-6.9,,23.6,7.9,15.8,47.2,11.08,0.0,0.0
滨州,gfs_seamless,2025-02-04,6,2025-02-10,7.9,-7.4,-3.9,-11.1,,23.1,7.1,15.1,38.4,12.64,0.0,0.0
滨州,gfs_seamless,2025-02-03,7,2025-02-10,7.8,-6.1,-5.6,-10.2,,19.0,8.9,24.1,6.9,14.06,0.0,0.0
滨州,jma_seamless,2025-02-09,1,2025-02-10,5.7,-4.2,-4.8,-6.5,,16.2,5.3,,0.0,,0.0,0.0
滨州,jma_seamless,2025-02-08,2,2025-02-10,5.2,-4.6,-5.3,-6.9,,15.2,5.1,,0.0,,0.0,0.0
滨州,jma_seamless,2025-02-07,3,2025-02-10,6.0,-3.9,-4.9,-6.7,,14.0,6.4,,0.0,,0.0,0.0
滨州,jma_seamless,2025-02-06,4,2025-02-10,5.1,-4.9,-5.5,-7.2,,13.8,5.1,,5.7,,0.0,0.0
滨州,jma_seamless,2025-02-05,5,2025-02-10,6.1,-4.0,-5.1,-6.8,,13.1,6.5,,0.0,,0.0,0.0
滨州,jma_seamless,2025-02-04,6,2025-02-10,6.4,-6.3,-5.4,-10.0,,17.5,7.7,,13.8,,0.0,0.0
滨州,jma_seamless,2025-02-03,7,2025-02-10,4.1,-6.3,-6.5,-9.4,,16.5,6.3,,11.4,,0.0,0.0
滨州,ecmwf_ifs025,2025-02-10,1,2025-02-11,11.5,-1.9,-0.0,-4.9,,39.3,7.9,,43.0,10.53,0.3,
滨州,ecmwf_ifs025,2025-02-09,2,2025-02-11,11.0,-1.6,-1.0,-5.2,,39.3,9.9,,50.0,10.06,3.3,
滨州,ecmwf_ifs025,2025-02-08,3,2025-02-11,10.6,-2.3,-1.0,-5.5,,41.4,8.3,,43.0,10.77,1.2,
滨州,ecmwf_ifs025,2025-02-07,4,2025-02-11,9.8,-1.8,-2.3,-4.9,,56.7,8.0,,57.5,7.64,2.7,
滨州,ecmwf_ifs025,2025-02-06,5,2025-02-11,9.5,-2.0,-1.8,-4.4,,39.7,6.2,,36.6,8.19,0.0,
滨州,ecmwf_ifs025,2025-02-05,6,2025-02-11,9.6,-1.4,-1.7,-4.2,,49.7,7.4,,13.7,15.06,0.3,
滨州,ecmwf_ifs025,2025-02-04,7,2025-02-11,7.5,-1.7,-3.8,-6.5,,37.2,14.7,,5.7,15.66,0.0,
滨州,gfs_seamless,2025-02-10,1,2025-02-11,11.5,-0.6,0.5,-4.6,,35.5,12.1,31.0,67.0,10.84,0.0,0.0
滨州,gfs_seamless,2025-02-09,2,2025-02-11,11.5,-0.4,0.2,-4.2,,38.2,11.6,27.7,71.3,11.32,0.3,0.0
滨州,gfs_seamless,2025-02-08,3,2025-02-11,11.7,0.2,0.6,-3.6,,37.5,12.4,34.9,58.9,11.61,0.0,0.0
滨州,gfs_seamless,2025-02-07,4,2025-02-11,11.3,-0.9,0.2,-4.4,,40.7,10.2,39.6,55.6,12.07,0.0,0.0
滨州,gfs_seamless,2025-02-06,5,2025-02-11,10.2,-0.7,-0.8,-4.3,,37.9,10.4,24.1,68.1,11.14,0.0,0.0
滨州,gfs_seamless,2025-02-05,6,2025-02-11,9.8,-0.0,-1.1,-3.8,,39.4,12.0,24.1,83.8,10.81,0.0,0.0
滨州,gfs_seamless,2025-02-04,7,2025-02-11,8.5,-3.7,-0.6,-7.3,,39.0,8.6,42.8,90.2,8.09,0.0,0.0
滨州,jma_seamless,2025-02-10,1,2025-02-11,9.5,-1.0,-1.8,,,31.5,4.8,,38.6,,0.0,0.0
滨州,jma_seamless,2025-02-09,2,2025-02-11,8.8,-1.3,-2.2,,,40.8,4.5,,38.9,,1.2,0.1
滨州,jma_seamless,2025-02-08,3,2025-02-11,9.1,-1.3,-1.9,-3.6,,29.6,6.2,,34.0,,0.0,0.0
滨州,jma_seamless,2025-02-07,4,2025-02-11,9.5,-1.0,-1.5,-3.5,,30.5,6.8,,38.3,,0.0,0.0
滨州,jma_seamless,2025-02-06,5,2025-02-11,7.8,-2.0,-2.6,-4.4,,22.5,6.2,,30.8,,0.0,0.0
滨州,jma_seamless,2025-02-05,6,2025-02-11,9.0,-0.6,-1.6,-2.7,,27.5,5.9,,28.0,,0.0,0.0
滨州,jma_seamless,2025-02-04,7,2025-02-11,7.6,-1.8,-3.2,-4.1,,22.3,6.1,,21.5,,0.0,0.0
滨州,ecmwf_ifs025,2025-02-11,1,2025-02-12,5.3,-2.4,-3.7,-7.1,,42.6,13.7,,20.5,13.8,0.3,
滨州,ecmwf_ifs025,2025-02-10,2,2025-02-12,5.1,-2.0,-3.7,-6.7,,46.2,14.3,,27.7,13.56,0.6,
滨州,ecmwf_ifs025,2025-02-09,3,2025-02-12,5.1,-2.7,-3.9,-7.8,,47.5,15.5,,23.9,12.77,0.6,
滨州,ecmwf_ifs025,2025-02-08,4,2025-02-12,4.7,-3.3,-4.8,-8.6,,43.7,15.7,,24.3,12.75,0.0,
滨州,ecmwf_ifs025,2025-02-07,5,2025-02-12,5.6,-2.5,-4.9,-7.4,,40.9,14.3,,24.5,12.8,0.0,
滨州,ecmwf_ifs025,2025-02-06,6,2025-02-12,4.4,-2.1,-4.2,-6.1,,58.2,11.1,,37.2,14.48,0.0,
滨州,ecmwf_ifs025,2025-02-05,7,2025-02-12,4.8,-2.7,-4.3,-6.8,,36.8,10.8,,47.9,13.13,0.0,
滨州,gfs_seamless,2025-02-11,1,2025-02-12,5.4,-0.5,-3.4,-5.8,,36.3,19.8,50.8,70.8,14.48,0.0,0.0
滨州,gfs_seamless,2025-02-10,2,2025-02-12,5.3,-0.9,-4.2,-6.7,,34.8,22.1,59.0,52.7,14.62,0.0,0.0
滨州,gfs_seamless,2025-02-09,3,2025-02-12,5.7,-0.7,-3.4,-6.1,,37.8,19.7,55.1,57.2,13.75,0.0,0.0
滨州,gfs_seamless,2025-02-08,4,2025-02-12,5.6,-1.0,-4.3,-6.5,,31.9,19.7,55.1,30.8,12.88,0.0,0.0
滨州,gfs_seamless,2025-02-07,5,2025-02-12,6.8,-1.1,-3.6,-6.2,,34.2,17.5,45.0,63.2,12.69,0.0,0.0
滨州,gfs_seamless,2025-02-06,6,2025-02-12,5.1,-0.4,-3.9,-5.4,,44.9,17.7,48.2,78.8,12.54,0.0,0.0
滨州,gfs_seamless,2025-02-05,7,2025-02-12,7.3,-1.0,-1.7,-5.2,,59.6,12.8,29.5,87.0,6.81,0.1,0.0
滨州,jma_seamless,2025-02-11,1,2025-02-12,4.8,-0.7,-3.8,-4.7,,28.2,12.1,,11.9,,0.0,0.0
滨州,jma_seamless,2025-02-10,2,2025-02-12,4.9,-0.7,-3.8,-4.4,,35.0,10.9,,6.3,,0.0,0.0
滨州,jma_seamless,2025-02-09,3,2025-02-12,4.6,-0.8,-4.0,-4.5,,33.8,10.9,,3.5,,0.0,0.0
滨州,jma_seamless,2025-02-08,4,2025-02-12,4.9,-0.9,-3.7,-4.6,,30.1,10.7,,12.0,,0.0,0.0
滨州,jma_seamless,2025-02-07,5,2025-02-12,5.6,-1.3,-3.3,-4.7,,30.5,9.4,,37.9,,0.0,0.0
滨州,jma_seamless,2025-02-06,6,2025-02-12,6.0,-1.5,-3.1,-4.5,,33.3,8.1,,55.5,,0.0,0.0
滨州,jma_seamless,2025-02-05,7,2025-02-12,6.1,-2.0,-3.7,-4.5,,18.5,6.5,,7.8,,0.0,0.0
滨州,ecmwf_ifs025,2025-02-12,1,2025-02-13,11.4,-1.9,-2.5,-6.8,,21.7,15.1,,0.0,14.25,0.0,
滨州,ecmwf_ifs025,2025-02-11,2,2025-02-13,11.1,-2.1,-2.5,-7.1,,21.8,15.5,,0.0,14.23,0.0,
滨州,ecmwf_ifs025,2025-02-10,3,2025-02-13,11.1,-2.0,-2.4,-7.1,,22.7,16.1,,0.0,14.16,0.0,
滨州,ecmwf_ifs025,2025-02-09,4,2025-02-13,10.0,-3.1,-3.3,-7.9,,25.3,13.5,,5.0,14.13,0.0,
滨州,ecmwf_ifs025,2025-02-08,5,2025-02-13,10.2,-2.7,-3.3,-7.4,,23.7,13.4,,4.4,14.15,0.0,
滨州,ecmwf_ifs025,2025-02-07,6,2025-02-13,9.9,-2.1,-3.8,-7.0,,29.0,15.1,,2.2,15.46,0.0,
滨州,ecmwf_ifs025,2025-02-06,7,2025-02-13,6.6,-2.2,-4.1,-6.6,,25.8,12.6,,1.3,16.06,0.0,
滨州,gfs_seamless,2025-02-12,1,2025-02-13,11.1,-1.5,-2.3,-6.7,,21.2,17.4,51.1,28.1,15.37,0.0,0.0
滨州,gfs_seamless,2025-02-11,2,2025-02-13,10.6,-2.8,-2.9,-8.3,,21.5,17.2,47.5,41.5,14.69,0.0,0.0
滨州,gfs_seamless,2025-02-10,3,2025-02-13,10.7,-2.0,-2.5,-7.4,,21.2,17.9,49.3,34.8,15.48,0.0,0.0
滨州,gfs_seamless,2025-02-09,4,2025-02-13,10.7,-2.6,-2.5,-7.9,,21.0,16.4,49.3,5.0,10.44,0.0,0.0
滨州,gfs_seamless,2025-02-08,5,2025-02-13,10.8,-1.4,-2.1,-6.4,,22.1,16.4,50.4,15.3,9.03,0.0,0.0
滨州,gfs_seamless,2025-02-07,6,2025-02-13,12.1,-2.4,-1.4,-7.4,,26.1,15.3,36.4,20.2,10.58,0.0,0.0
滨州,gfs_seamless,2025-02-06,7,2025-02-13,8.5,-5.2,-3.6,-10.1,,24.4,11.9,49.7,51.4,11.83,0.0,0.0
滨州,jma_seamless,2025-02-12,1,2025-02-13,9.2,-0.8,-2.5,-4.4,,18.1,10.6,,4.4,,0.0,0.0
滨州,jma_seamless,2025-02-11,2,2025-02-13,9.0,-0.7,-2.6,-4.3,,18.4,10.7,,3.3,,-0.6,0.0
滨州,jma_seamless,2025-02-10,3,2025-02-13,9.4,-0.6,-2.3,-4.3,,18.6,10.9,,9.2,,0.0,0.0
滨州,jma_seamless,2025-02-09,4,2025-02-13,8.3,-0.7,-2.9,-3.8,,19.0,8.9,,14.9,,0.0,0.0
滨州,jma_seamless,2025-02-08,5,2025-02-13,9.2,-2.3,-2.9,-5.3,,21.2,7.7,,30.8,,0.0,0.0
滨州,jma_seamless,2025-02-07,6,2025-02-13,8.7,-3.1,-3.4,-5.5,,21.5,5.9,,33.3,,0.0,0.0
滨州,jma_seamless,2025-02-06,7,2025-02-13,8.7,-2.8,-3.2,-5.3,,21.6,6.1,,16.2,,0.0,0.0
滨州,ecmwf_ifs025,2025-02-13,1,2025-02-14,12.2,-2.0,-0.5,-5.3,,34.7,8.6,,20.5,13.99,0.0,
滨州,ecmwf_ifs025,2025-02-12,2,2025-02-14,11.7,-1.9,-0.3,-5.2,,36.5,8.7,,22.2,12.27,0.0,
滨州,ecmwf_ifs025,2025-02-11,3,2025-02-14,12.1,-1.9,-0.6,-5.5,,39.6,9.8,,18.7,14.02,0.0,
滨州,ecmwf_ifs025,2025-02-10,4,2025-02-14,12.2,-1.6,-0.5,-5.1,,39.1,9.5,,24.2,13.56,0.0,
滨州,ecmwf_ifs025,2025-02-09,5,2025-02-14,11.6,-2.2,-1.0,-6.0,,37.4,10.3,,38.2,13.21,0.0,
滨州,ecmwf_ifs025,2025-02-08,6,2025-02-14,10.4,-2.3,-0.6,,,42.2,4.6,,53.3,18.0,0.0,
滨州,ecmwf_ifs025,2025-02-07,7,2025-02-14,7.6,-1.4,-2.9,-5.2,,48.3,10.8,,35.9,16.07,0.0,
滨州,gfs_seamless,2025-02-13,1,2025-02-14,12.2,0.4,0.9,-2.9,,23.3,10.3,21.6,82.8,13.13,0.0,0.0
滨州,gfs_seamless,2025-02-12,2,2025-02-14,12.6,0.2,1.0,-3.3,,27.5,10.8,23.0,94.5,13.05,0.0,0.0
滨州,gfs_seamless,2025-02-11,3,2025-02-14,12.1,-0.0,0.6,-3.9,,29.5,12.4,28.8,67.5,13.3,0.0,0.0
滨州,gfs_seamless,2025-02-10,4,2025-02-14,13.7,-0.0,0.8,-4.1,,25.5,13.3,29.9,70.2,4.83,0.0,0.0
滨州,gfs_seamless,2025-02-09,5,2025-02-14,12.5,0.6,1.5,-1.8,,22.2,7.2,13.3,69.0,11.79,0.0,0.0
滨州,gfs_seamless,2025-02-08,6,2025-02-14,10.3,-0.2,0.3,-3.6,,28.6,10.3,45.0,80.1,12.69,0.0,0.0
滨州,gfs_seamless,2025-02-07,7,2025-02-14,11.9,0.4,1.6,-2.4,,34.1,8.3,21.6,99.9,3.25,0.0,0.0
滨州,jma_seamless,2025-02-13,1,2025-02-14,10.5,-1.4,-1.2,-3.5,,25.5,5.6,,29.5,,0.0,0.0
滨州,jma_seamless,2025-02-12,2,2025-02-14,10.6,-1.4,-1.0,-3.9,,23.5,6.7,,40.4,,0.0,0.0
滨州,jma_seamless,2025-02-11,3,2025-02-14,10.2,-1.5,-1.6,-4.0,,24.4,6.5,,31.3,,0.6,0.4
滨州,jma_seamless,2025-02-10,4,2025-02-14,10.3,-2.3,-1.5,,,24.6,4.8,,29.9,,0.0,0.0
滨州,jma_seamless,2025-02-09,5,2025-02-14,8.4,-3.3,-2.3,,,35.4,2.6,,43.0,,0.0,0.0
滨州,jma_seamless,2025-02-08,6,2025-02-14,8.7,-3.1,-2.3,,,37.6,4.3,,50.2,,0.0,0.0
滨州,jma_seamless,2025-02-07,7,2025-02-14,8.9,-1.8,-2.1,,,29.8,2.2,,63.4,,0.0,0.0
滨州,ecmwf_ifs025,2025-02-14,1,2025-02-15,14.1,1.1,1.3,-2.3,,38.7,11.1,,15.9,14.36,0.0,
滨州,ecmwf_ifs025,2025-02-13,2,2025-02-15,13.6,0.1,1.0,-2.9,,43.3,8.9,,25.7,13.85,0.0,
滨州,ecmwf_ifs025,2025-02-12,3,2025-02-15,13.7,0.2,0.9,-2.7,,45.0,8.8,,11.1,14.23,0.0,
滨州,ecmwf_ifs025,2025-02-11,4,2025-02-15,12.9,0.1,0.6,-3.2,,43.4,9.9,,21.2,13.92,0.0,
滨州,ecmwf_ifs025,2025-02-10,5,2025-02-15,12.4,0.1,0.3,-3.4,,42.0,10.7,,17.8,14.43,0.0,
滨州,ecmwf_ifs025,2025-02-09,6,2025-02-15,11.3,0.0,-0.3,-4.0,,40.1,12.7,,14.0,18.2,0.0,
滨州,ecmwf_ifs025,2025-02-08,7,2025-02-15,12.2,-0.4,-0.3,-3.5,,42.6,8.8,,27.3,18.89,0.0,
滨州,gfs_seamless,2025-02-14,1,2025-02-15,14.9,1.6,2.4,-2.3,,24.0,14.3,34.9,41.0,15.71,0.0,0.0
滨州,gfs_seamless,2025-02-13,2,2025-02-15,13.8,2.5,2.5,-1.1,,25.1,13.9,37.4,42.5,15.7,0.0,0.0
滨州,gfs_seamless,2025-02-12,3,2025-02-15,14.1,1.8,1.9,-2.1,,27.1,14.3,41.8,26.6,3.22,0.0,0.0
滨州,gfs_seamless,2025-02-11,4,2025-02-15,12.6,2.0,2.0,-1.2,,21.8,11.1,19.4,38.7,5.94,0.1,0.0
滨州,gfs_seamless,2025-02-10,5,2025-02-15,12.9,0.5,1.3,-2.9,,23.6,10.8,20.2,17.9,10.9,0.0,0.0
滨州,gfs_seamless,2025-02-09,6,2025-02-15,13.7,-0.4,1.3,-4.8,,29.7,14.6,39.6,37.8,10.73,0.0,0.0
滨州,gfs_seamless,2025-02-08,7,2025-02-15,11.8,-0.9,0.2,-5.0,,35.0,12.5,33.5,77.3,12.43,0.0,0.0
滨州,jma_seamless,2025-02-14,1,2025-02-15,13.1,0.6,0.8,-2.1,,28.0,8.1,,12.4,,0.0,0.0
滨州,jma_seamless,2025-02-13,2,2025-02-15,12.4,0.7,0.4,-1.5,,29.7,6.8,,31.0,,0.0,0.0
滨州,jma_seamless,2025-02-12,3,2025-02-15,12.0,0.8,0.3,-2.1,,22.8,9.2,,1.5,,0.0,0.0
滨州,jma_seamless,2025-02-11,4,2025-02-15,11.7,-0.1,-0.2,-2.7,,23.5,7.4,,12.5,,0.0,0.0
滨州,jma_seamless,2025-02-10,5,2025-02-15,12.0,0.3,0.1,-2.6,,27.6,8.8,,5.9,,0.0,0.0
滨州,jma_seamless,2025-02-09,6,2025-02-15,11.2,-1.5,-0.6,-3.8,,35.0,6.2,,11.1,,0.0,0.0
滨州,jma_seamless,2025-02-08,7,2025-02-15,9.9,-0.3,-0.6,-2.1,,40.7,5.3,,25.1,,0.0,0.0
滨州,ecmwf_ifs025,2025-02-15,1,2025-02-16,5.8,-2.4,-3.1,-6.5,,38.1,11.1,,0.0,14.12,0.0,
滨州,ecmwf_ifs025,2025-02-14,2,2025-02-16,6.2,-2.6,-3.1,-6.4,,42.2,10.1,,0.0,14.13,0.0,
滨州,ecmwf_ifs025,2025-02-13,3,2025-02-16,6.1,-2.3,-3.3,-6.2,,44.9,10.4,,0.0,14.12,0.0,
滨州,ecmwf_ifs025,2025-02-12,4,2025-02-16,6.2,-2.3,-3.1,-6.6,,37.3,12.2,,0.0,14.18,0.0,
滨州,ecmwf_ifs025,2025-02-11,5,2025-02-16,5.1,-2.1,-3.5,-5.9,,40.8,10.4,,0.0,14.18,0.0,
滨州,ecmwf_ifs025,2025-02-10,6,2025-02-16,4.7,-3.0,-3.9,-7.6,,40.7,12.7,,0.0,18.35,0.0,
滨州,ecmwf_ifs025,2025-02-09,7,2025-02-16,5.8,-1.9,-4.2,-6.6,,30.2,14.1,,0.0,19.12,0.0,
滨州,gfs_seamless,2025-02-15,1,2025-02-16,7.2,-0.0,-1.3,-4.1,,34.4,13.3,45.4,17.4,15.65,0.0,0.0
滨州,gfs_seamless,2025-02-14,2,2025-02-16,7.7,-0.0,-1.5,-3.9,,32.0,12.5,42.1,19.7,15.7,0.0,0.0
滨州,gfs_seamless,2025-02-13,3,2025-02-16,7.1,0.4,-2.1,-3.9,,28.6,15.1,55.8,0.5,10.1,0.0,0.0
滨州,gfs_seamless,2025-02-12,4,2025-02-16,6.7,-0.7,-2.5,-5.0,,34.0,13.7,42.1,7.1,9.36,0.0,0.0
滨州,gfs_seamless,2025-02-11,5,2025-02-16,8.4,0.1,-1.2,-4.1,,38.4,14.2,50.4,26.5,10.6,0.0,0.0
滨州,gfs_seamless,2025-02-10,6,2025-02-16,8.2,-1.2,-2.7,-5.6,,38.5,13.5,36.4,5.8,12.26,0.0,0.0
滨州,gfs_seamless,2025-02-09,7,2025-02-16,9.6,1.9,0.2,-2.1,,28.4,15.2,50.4,2.9,11.05,0.0,0.0
滨州,jma_seamless,2025-02-15,1,2025-02-16,7.6,-0.4,-1.7,-3.3,,31.2,8.3,,5.6,,0.0,0.0
滨州,jma_seamless,2025-02-14,2,2025-02-16,7.8,-0.6,-1.7,-3.0,,37.1,6.8,,1.5,,0.0,0.0
滨州,jma_seamless,2025-02-13,3,2025-02-16,7.1,-0.4,-2.0,-2.1,,39.1,5.2,,0.0,,0.0,0.0
滨州,jma_seamless,2025-02-12,4,2025-02-16,7.9,-0.3,-1.5,-2.3,,39.2,5.8,,0.0,,0.0,0.0
滨州,jma_seamless,2025-02-11,5,2025-02-16,7.8,-1.5,-1.6,-4.2,,36.5,7.2,,0.0,,0.0,0.0
滨州,jma_seamless,2025-02-10,6,2025-02-16,7.4,-0.4,-1.6,-2.5,,38.4,6.0,,0.0,,0.0,0.0
滨州,jma_seamless,2025-02-09,7,2025-02-16,8.3,-1.5,-1.9,-4.0,,35.6,6.6,,0.0,,0.0,0.0
滨州,ecmwf_ifs025,2025-02-16,1,2025-02-17,4.8,-3.3,-4.8,-7.1,,36.6,9.5,,14.8,14.32,0.0,
滨州,ecmwf_ifs025,2025-02-15,2,2025-02-17,5.5,-2.8,-4.4,-6.6,,34.0,9.7,,19.2,14.37,0.0,
滨州,ecmwf_ifs025,2025-02-14,3,2025-02-17,6.3,-2.8,-4.2,-6.4,,36.5,9.0,,15.5,14.3,0.0,
滨州,ecmwf_ifs025,2025-02-13,4,2025-02-17,3.6,-3.5,-5.5,-7.3,,36.8,9.3,,0.4,14.42,0.0,
滨州,ecmwf_ifs025,2025-02-12,5,2025-02-17,5.5,-4.3,-5.3,-7.7,,30.8,7.7,,0.0,14.41,0.0,
滨州,ecmwf_ifs025,2025-02-11,6,2025-02-17,5.0,-3.9,-5.0,-7.5,,40.0,8.5,,0.0,18.55,0.0,
滨州,ecmwf_ifs025,2025-02-10,7,2025-02-17,8.3,-2.3,-3.3,-5.2,,30.5,7.4,,0.0,19.33,0.0,
滨州,gfs_seamless,2025-02-16,1,2025-02-17,5.3,-2.4,-4.5,-7.3,,32.2,14.4,43.9,27.5,15.73,0.0,0.0
滨州,gfs_seamless,2025-02-15,2,2025-02-17,4.2,-3.2,-5.1,-8.2,,30.2,14.3,40.0,33.2,15.6,0.0,0.0
滨州,gfs_seamless,2025-02-14,3,2025-02-17,4.2,-4.1,-5.6,-9.2,,28.1,13.6,41.8,22.9,13.89,0.0,0.0
滨州,gfs_seamless,2025-02-13,4,2025-02-17,4.5,-3.5,-5.4,-8.4,,25.3,13.7,37.4,0.0,13.81,0.0,0.0
滨州,gfs_seamless,2025-02-12,5,2025-02-17,6.8,-3.1,-4.4,-7.8,,36.5,12.9,47.5,12.9,11.71,0.0,0.0
滨州,gfs_seamless,2025-02-11,6,2025-02-17,10.4,-2.9,-2.2,-7.6,,32.0,13.1,43.9,22.2,13.4,0.0,0.0
滨州,gfs_seamless,2025-02-10,7,2025-02-17,12.9,0.5,0.0,-3.5,,39.0,13.4,36.4,54.9,13.0,0.0,0.0
滨州,jma_seamless,2025-02-16,1,2025-02-17,4.8,-1.1,-3.7,-3.4,,24.5,6.3,,10.0,,0.0,0.0
滨州,jma_seamless,2025-02-15,2,2025-02-17,4.9,-1.5,-3.9,-3.8,,23.1,6.1,,20.3,,0.0,0.0
滨州,jma_seamless,2025-02-14,3,2025-02-17,5.7,-2.2,-3.5,-4.7,,25.6,6.4,,6.8,,0.0,0.0
滨州,jma_seamless,2025-02-13,4,2025-02-17,6.2,-1.3,-3.1,-3.1,,25.8,5.1,,0.6,,0.0,0.0
滨州,jma_seamless,2025-02-12,5,2025-02-17,5.4,-2.3,-3.8,,,32.2,3.9,,0.0,,0.0,0.0
滨州,jma_seamless,2025-02-11,6,2025-02-17,9.3,-2.4,-1.8,,,35.2,4.0,,0.6,,0.0,0.0
滨州,jma_seamless,2025-02-10,7,2025-02-17,10.7,-2.6,-0.5,,,35.5,4.8,,7.6,,0.0,0.0
滨州,ecmwf_ifs025,2025-02-17,1,2025-02-18,6.9,-3.6,-4.2,-7.5,,38.0,9.5,,9.5,12.97,0.0,
滨州,ecmwf_ifs025,2025-02-16,2,2025-02-18,5.2,-3.6,-5.2,-7.6,,36.9,9.8,,2.6,8.74,0.0,
滨州,ecmwf_ifs025,2025-02-15,3,2025-02-18,8.9,-3.2,-3.2,-6.9,,39.3,9.3,,6.9,13.85,0.0,
滨州,ecmwf_ifs025,2025-02-14,4,2025-02-18,7.4,-3.3,-4.3,-7.7,,34.4,11.7,,8.8,11.58,0.0,
滨州,ecmwf_ifs025,2025-02-13,5,2025-02-18,7.8,-4.2,-4.3,-8.2,,37.9,9.5,,5.1,14.23,0.0,
滨州,ecmwf_ifs025,2025-02-12,6,2025-02-18,10.8,-3.6,-3.2,-7.6,,40.6,10.0,,4.5,18.71,0.0,
滨州,ecmwf_ifs025,2025-02-11,7,2025-02-18,6.2,-3.1,-4.5,-6.8,,37.3,9.3,,1.6,19.49,0.0,
滨州,gfs_seamless,2025-02-17,1,2025-02-18,7.6,-3.7,-4.0,-8.3,,35.5,12.0,32.8,42.5,15.67,0.0,0.0
滨州,gfs_seamless,2025-02-16,2,2025-02-18,7.4,-3.6,-4.1,-8.0,,35.5,11.4,34.2,6.0,16.09,0.0,0.0
滨州,gfs_seamless,2025-02-15,3,2025-02-18,7.2,-4.3,-4.3,-8.6,,31.6,10.4,30.6,2.4,14.0,0.0,0.0
滨州,gfs_seamless,2025-02-14,4,2025-02-18,8.7,-4.0,-3.4,-8.0,,31.3,9.7,33.1,25.4,13.96,0.0,0.0
滨州,gfs_seamless,2025-02-13,5,2025-02-18,7.8,-4.9,-4.5,-9.7,,38.4,11.7,28.1,24.4,13.74,0.0,0.0
滨州,gfs_seamless,2025-02-12,6,2025-02-18,7.6,-3.3,-3.8,-7.8,,35.4,11.9,40.7,22.2,13.79,0.0,0.0
滨州,gfs_seamless,2025-02-11,7,2025-02-18,11.2,-0.7,-1.2,-5.1,,44.2,13.9,35.3,94.1,13.67,0.0,0.0
滨州,jma_seamless,2025-02-17,1,2025-02-18,6.7,-2.3,-3.3,-5.0,,34.0,6.7,,8.1,,0.0,0.0
滨州,jma_seamless,2025-02-16,2,2025-02-18,7.4,-2.3,-3.1,-5.1,,38.4,7.0,,9.7,,0.0,0.0
滨州,jma_seamless,2025-02-15,3,2025-02-18,7.3,-2.7,-3.3,-5.7,,39.2,7.3,,7.2,,0.0,0.0
滨州,jma_seamless,2025-02-14,4,2025-02-18,8.6,-2.0,-2.4,-4.9,,35.8,7.4,,8.9,,0.0,0.0
滨州,jma_seamless,2025-02-13,5,2025-02-18,9.1,-1.8,-2.1,-4.2,,30.4,6.3,,12.0,,0.0,0.0
滨州,jma_seamless,2025-02-12,6,2025-02-18,7.3,-2.0,-3.2,-5.2,,40.2,8.2,,11.2,,0.0,0.0
滨州,jma_seamless,2025-02-11,7,2025-02-18,5.3,-1.2,-2.3,-4.0,,46.7,7.7,,10.6,,0.0,0.0
滨州,ecmwf_ifs025,2025-02-18,1,2025-02-19,5.8,-4.6,-4.2,,,55.5,4.8,,33.1,14.23,0.0,
滨州,ecmwf_ifs025,2025-02-17,2,2025-02-19,6.2,-4.2,-3.7,-6.6,,55.7,5.5,,32.2,13.99,0.0,
滨州,ecmwf_ifs025,2025-02-16,3,2025-02-19,6.7,-3.3,-3.0,-6.4,,48.8,7.3,,46.5,13.63,0.0,
滨州,ecmwf_ifs025,2025-02-15,4,2025-02-19,7.1,-3.1,-3.4,-6.8,,44.5,9.2,,33.7,14.26,0.0,
滨州,ecmwf_ifs025,2025-02-14,5,2025-02-19,6.5,-2.4,-3.6,-6.7,,55.6,11.8,,59.3,11.28,0.6,
滨州,ecmwf_ifs025,2025-02-13,6,2025-02-19,6.6,-3.7,-3.6,-7.2,,39.3,8.4,,44.3,18.22,0.3,
滨州,ecmwf_ifs025,2025-02-12,7,2025-02-19,6.2,-4.2,-4.4,-8.5,,58.0,10.6,,15.5,19.7,0.0,
滨州,gfs_seamless,2025-02-18,1,2025-02-19,5.9,-3.2,-4.0,-7.4,,38.9,11.1,23.8,87.2,14.59,0.0,0.0
滨州,gfs_seamless,2025-02-17,2,2025-02-19,5.5,-3.3,-4.4,-7.5,,39.7,11.0,21.6,83.2,12.2,0.0,0.0
滨州,gfs_seamless,2025-02-16,3,2025-02-19,5.9,-3.2,-4.1,-7.4,,42.9,10.8,21.2,80.2,14.43,0.0,0.0
滨州,gfs_seamless,2025-02-15,4,2025-02-19,5.8,-2.9,-4.9,-8.1,,39.3,15.4,29.2,84.4,14.3,0.0,0.0
滨州,gfs_seamless,2025-02-14,5,2025-02-19,4.5,-2.6,-5.5,-7.7,,47.1,15.6,29.2,75.8,13.99,0.0,0.1
滨州,gfs_seamless,2025-02-13,6,2025-02-19,4.7,-3.8,-5.1,-8.6,,43.8,12.7,26.6,58.4,13.81,0.0,0.0
滨州,gfs_seamless,2025-02-12,7,2025-02-19,7.3,-2.6,-3.5,-6.8,,41.0,11.3,23.0,78.1,13.94,0.0,0.0
滨州,jma_seamless,2025-02-18,1,2025-02-19,4.7,-2.7,-3.5,,,45.9,3.7,,19.1,,0.0,0.0
滨州,jma_seamless,2025-02-17,2,2025-02-19,4.9,-2.6,-3.3,,,49.9,4.0,,26.8,,0.0,0.0
滨州,jma_seamless,2025-02-16,3,2025-02-19,5.5,-2.4,-3.2,-5.0,,45.8,6.5,,45.6,,0.0,0.0
滨州,jma_seamless,2025-02-15,4,2025-02-19,4.7,-2.4,-3.5,-4.7,,52.2,5.9,,13.6,,0.0,0.0
滨州,jma_seamless,2025-02-14,5,2025-02-19,3.9,-2.8,-3.9,-5.1,,49.3,5.7,,5.0,,0.0,0.0
滨州,jma_seamless,2025-02-13,6,2025-02-19,3.8,-2.4,-3.8,-4.6,,45.0,5.5,,21.5,,0.0,0.0
滨州,jma_seamless,2025-02-12,7,2025-02-19,4.5,-2.5,-3.9,-4.5,,45.7,5.1,,10.1,,0.0,0.0
滨州,ecmwf_ifs025,2025-02-19,1,2025-02-20,6.8,-4.1,-3.8,-6.8,,48.0,6.1,,26.7,14.57,0.0,
滨州,ecmwf_ifs025,2025-02-18,2,2025-02-20,6.6,-3.6,-3.5,-6.3,,50.8,6.3,,29.8,14.62,0.0,
滨州,ecmwf_ifs025,2025-02-17,3,2025-02-20,7.5,-3.0,-3.0,-6.2,,41.6,7.7,,25.0,12.6,0.0,
滨州,ecmwf_ifs025,2025-02-16,4,2025-02-20,6.7,-3.4,-3.0,-6.3,,46.5,6.9,,23.7,13.07,0.0,
滨州,ecmwf_ifs025,2025-02-15,5,2025-02-20,6.2,-4.2,-4.1,-8.5,,51.3,10.4,,33.2,14.31,0.0,
滨州,ecmwf_ifs025,2025-02-14,6,2025-02-20,2.0,-7.3,-4.7,-11.8,,82.6,9.2,,63.8,11.19,2.4,
滨州,ecmwf_ifs025,2025-02-13,7,2025-02-20,4.8,-6.3,-4.9,-9.1,,69.9,5.7,,34.3,16.52,0.6,
滨州,gfs_seamless,2025-02-19,1,2025-02-20,6.9,-2.3,-2.8,-6.1,,33.8,10.1,31.3,79.4,15.15,0.1,0.0
滨州,gfs_seamless,2025-02-18,2,2025-02-20,6.9,-2.1,-3.2,-6.0,,33.0,10.8,30.2,69.0,16.1,0.0,0.0
滨州,gfs_seamless,2025-02-17,3,2025-02-20,6.5,-1.4,-2.9,-4.8,,38.6,9.4,26.3,89.2,14.27,0.0,0.0
滨州,gfs_seamless,2025-02-16,4,2025-02-20,5.0,-2.8,-4.1,-7.0,,41.5,11.1,26.3,96.1,14.26,0.0,0.0
滨州,gfs_seamless,2025-02-15,5,2025-02-20,3.5,-2.0,-4.7,-6.4,,45.0,12.8,25.2,99.2,14.23,0.0,0.0
滨州,gfs_seamless,2025-02-14,6,2025-02-20,3.4,-3.1,-5.3,-7.2,,50.3,10.5,22.0,91.2,13.99,0.0,0.0
滨州,gfs_seamless,2025-02-13,7,2025-02-20,4.7,-3.6,-5.6,-8.2,,43.0,12.0,26.3,84.3,13.68,0.0,0.0
滨州,jma_seamless,2025-02-19,1,2025-02-20,5.9,-2.5,-3.1,,,34.7,4.0,,9.3,,0.0,0.0
滨州,jma_seamless,2025-02-18,2,2025-02-20,5.3,-2.3,-3.3,-4.3,,41.9,5.2,,10.1,,0.0,0.0
滨州,jma_seamless,2025-02-17,3,2025-02-20,5.7,-1.8,-3.0,-4.1,,39.1,6.0,,27.5,,0.0,0.0
滨州,jma_seamless,2025-02-16,4,2025-02-20,4.9,-1.6,-3.1,-4.3,,51.5,7.2,,39.2,,0.0,0.0
滨州,jma_seamless,2025-02-15,5,2025-02-20,4.8,-2.7,-4.2,-4.9,,49.4,5.6,,0.0,,0.0,0.0
滨州,jma_seamless,2025-02-14,6,2025-02-20,4.4,-2.8,-4.0,-4.9,,35.8,5.3,,20.8,,0.0,0.0
滨州,jma_seamless,2025-02-13,7,2025-02-20,4.1,-3.7,-4.3,-5.7,,39.9,4.9,,12.7,,0.0,0.0
滨州,ecmwf_ifs025,2025-02-20,1,2025-02-21,5.4,-3.6,-4.1,-6.7,,58.8,7.3,,52.8,10.45,0.3,
滨州,ecmwf_ifs025,2025-02-19,2,2025-02-21,4.7,-3.9,-4.5,-7.1,,60.6,7.5,,64.1,8.1,0.0,
滨州,ecmwf_ifs025,2025-02-18,3,2025-02-21,5.6,-4.5,-3.9,-7.2,,55.8,6.1,,36.0,11.25,0.0,
滨州,ecmwf_ifs025,2025-02-17,4,2025-02-21,6.1,-4.6,-4.1,-8.0,,59.1,7.5,,26.4,11.85,0.0,
滨州,ecmwf_ifs025,2025-02-16,5,2025-02-21,5.4,-4.3,-4.2,-7.4,,60.2,7.0,,27.5,12.5,0.0,
滨州,ecmwf_ifs025,2025-02-15,6,2025-02-21,3.0,-7.8,-6.5,-12.0,,55.3,8.3,,7.9,19.25,0.0,
滨州,ecmwf_ifs025,2025-02-14,7,2025-02-21,2.3,-8.6,-7.8,-12.4,,64.2,6.9,,4.5,20.09,0.0,
滨州,gfs_seamless,2025-02-20,1,2025-02-21,5.6,-2.2,-4.1,-6.5,,44.8,12.1,35.3,82.8,12.01,0.0,0.0
滨州,gfs_seamless,2025-02-19,2,2025-02-21,4.3,-2.3,-4.7,-6.8,,47.9,12.7,28.4,83.9,10.59,0.0,0.0
滨州,gfs_seamless,2025-02-18,3,2025-02-21,5.4,-3.0,-4.7,-7.7,,44.9,13.1,31.0,73.8,14.88,0.0,0.0
滨州,gfs_seamless,2025-02-17,4,2025-02-21,4.8,-3.2,-5.0,-7.7,,38.1,12.2,21.6,62.8,14.94,0.0,0.0
滨州,gfs_seamless,2025-02-16,5,2025-02-21,5.0,-2.6,-4.7,-6.9,,39.6,11.6,28.4,64.5,13.08,0.0,0.0
滨州,gfs_seamless,2025-02-15,6,2025-02-21,2.6,-3.8,-5.9,-8.0,,42.0,10.6,29.9,57.8,13.95,0.0,0.0
滨州,gfs_seamless,2025-02-14,7,2025-02-21,4.6,-4.4,-5.8,-8.6,,39.9,10.2,38.9,32.4,12.51,0.0,0.0
滨州,jma_seamless,2025-02-20,1,2025-02-21,4.2,-2.6,-3.6,-4.5,,55.9,4.9,,34.4,,0.0,0.0
滨州,jma_seamless,2025-02-19,2,2025-02-21,5.1,-2.8,-3.5,-4.9,,42.0,5.3,,28.8,,0.0,0.0
滨州,jma_seamless,2025-02-18,3,2025-02-21,2.8,-2.5,-4.5,-4.8,,52.0,5.7,,15.6,,0.0,0.0
滨州,jma_seamless,2025-02-17,4,2025-02-21,3.9,-2.9,-4.6,-5.4,,44.3,6.2,,14.8,,0.0,0.0
滨州,jma_seamless,2025-02-16,5,2025-02-21,4.6,-3.2,-4.1,-5.7,,56.1,6.0,,15.8,,0.0,0.0
滨州,jma_seamless,2025-02-15,6,2025-02-21,2.0,-2.5,-5.3,-5.0,,33.1,6.3,,16.0,,0.0,0.0
滨州,jma_seamless,2025-02-14,7,2025-02-21,4.9,-2.5,-3.4,-5.2,,54.1,6.7,,20.9,,0.0,0.0
滨州,ecmwf_ifs025,2025-02-21,1,2025-02-22,4.2,-3.5,-4.0,,,52.8,4.2,,28.8,10.99,0.0,
滨州,ecmwf_ifs025,2025-02-20,2,2025-02-22,4.4,-4.2,-5.0,-7.0,,55.5,6.4,,20.9,14.68,0.0,
滨州,ecmwf_ifs025,2025-02-19,3,2025-02-22,4.7,-4.3,-3.8,-6.5,,50.8,5.1,,37.8,13.35,0.0,
滨州,ecmwf_ifs025,2025-02-18,4,2025-02-22,2.9,-3.6,-4.1,,,56.8,4.8,,31.6,6.46,0.0,
滨州,ecmwf_ifs025,2025-02-17,5,2025-02-22,3.1,-4.0,-5.6,-7.5,,43.7,8.2,,11.0,15.22,0.0,
滨州,ecmwf_ifs025,2025-02-16,6,2025-02-22,3.7,-5.1,-5.2,-8.4,,54.5,7.1,,38.9,19.33,0.0,
滨州,ecmwf_ifs025,2025-02-15,7,2025-02-22,4.1,-8.7,-7.4,-13.2,,34.5,8.6,,0.2,20.44,0.0,
滨州,gfs_seamless,2025-02-21,1,2025-02-22,4.7,-2.7,-4.1,-6.5,,42.8,9.7,27.0,76.6,15.6,0.0,0.0
滨州,gfs_seamless,2025-02-20,2,2025-02-22,4.7,-3.7,-4.5,-7.6,,46.1,9.5,27.7,58.2,15.88,0.0,0.0
滨州,gfs_seamless,2025-02-19,3,2025-02-22,4.2,-5.4,-5.4,-9.4,,46.1,8.8,27.7,26.0,14.88,0.0,0.0
滨州,gfs_seamless,2025-02-18,4,2025-02-22,5.0,-5.7,-5.8,-10.0,,34.0,9.6,27.0,6.7,14.97,0.0,0.0
滨州,gfs_seamless,2025-02-17,5,2025-02-22,4.2,-4.1,-6.1,-8.7,,33.3,11.9,33.5,47.2,14.71,0.0,0.0
滨州,gfs_seamless,2025-02-16,6,2025-02-22,4.2,-4.7,-6.6,-10.1,,23.9,14.3,32.8,1.6,14.68,0.0,0.0
滨州,gfs_seamless,2025-02-15,7,2025-02-22,3.3,-4.8,-7.0,-10.5,,23.7,15.6,38.5,25.0,11.2,0.0,0.0
滨州,jma_seamless,2025-02-21,1,2025-02-22,3.9,-2.7,-4.2,,,40.6,4.6,,12.5,,0.0,0.0
滨州,jma_seamless,2025-02-20,2,2025-02-22,3.7,-2.6,-4.4,-4.6,,45.4,5.2,,9.3,,0.0,0.0
滨州,jma_seamless,2025-02-19,3,2025-02-22,3.8,-2.7,-4.4,,,48.7,4.4,,8.9,,0.0,0.0
滨州,jma_seamless,2025-02-18,4,2025-02-22,3.2,-3.6,-5.4,,,31.4,3.5,,0.0,,0.0,0.0
滨州,jma_seamless,2025-02-17,5,2025-02-22,2.1,-3.0,-5.8,-5.0,,29.1,5.1,,5.2,,0.0,0.0
滨州,jma_seamless,2025-02-16,6,2025-02-22,3.1,-3.1,-5.5,-5.2,,23.7,5.2,,0.3,,0.0,0.0
滨州,jma_seamless,2025-02-15,7,2025-02-22,2.1,-2.6,-5.6,-5.5,,29.2,7.1,,4.7,,0.0,0.0
滨州,ecmwf_ifs025,2025-02-22,1,2025-02-23,1.7,-4.8,-7.3,-9.6,,32.8,11.8,,1.6,15.48,0.0,
滨州,ecmwf_ifs025,2025-02-21,2,2025-02-23,1.7,-5.2,-7.4,-9.6,,30.8,10.1,,0.0,15.5,0.0,
滨州,ecmwf_ifs025,2025-02-20,3,2025-02-23,2.4,-5.8,-7.2,-9.9,,33.6,8.9,,0.0,15.54,0.0,
滨州,ecmwf_ifs025,2025-02-19,4,2025-02-23,4.7,-5.3,-5.9,-8.8,,40.3,7.5,,0.0,15.42,0.0,
滨州,ecmwf_ifs025,2025-02-18,5,2025-02-23,4.7,-4.9,-6.2,-9.5,,28.6,11.0,,0.0,15.6,0.0,
滨州,ecmwf_ifs025,2025-02-17,6,2025-02-23,5.8,-5.2,-5.1,-8.2,,28.6,6.4,,2.9,19.68,0.0,
滨州,ecmwf_ifs025,2025-02-16,7,2025-02-23,4.7,-4.8,-6.0,-8.8,,24.2,9.1,,2.2,20.66,0.0,
滨州,gfs_seamless,2025-02-22,1,2025-02-23,3.1,-4.2,-6.8,-9.5,,27.7,14.5,40.7,18.4,17.47,0.0,0.0
滨州,gfs_seamless,2025-02-21,2,2025-02-23,3.2,-5.4,-6.8,-10.8,,29.7,13.8,34.9,0.0,17.56,0.0,0.0
滨州,gfs_seamless,2025-02-20,3,2025-02-23,3.8,-5.4,-6.7,-11.0,,24.9,14.5,42.1,0.2,14.97,0.0,0.0
滨州,gfs_seamless,2025-02-19,4,2025-02-23,4.5,-6.0,-6.3,-11.5,,24.3,13.8,37.4,0.0,14.78,0.0,0.0
滨州,gfs_seamless,2025-02-18,5,2025-02-23,5.0,-5.1,-6.0,-10.4,,22.6,13.7,31.7,0.2,14.67,0.0,0.0
滨州,gfs_seamless,2025-02-17,6,2025-02-23,6.4,-4.8,-4.8,-9.0,,24.1,9.8,24.5,2.6,14.82,0.0,0.0
滨州,gfs_seamless,2025-02-16,7,2025-02-23,6.9,-3.4,-4.6,-7.8,,20.3,11.5,21.6,16.2,14.92,0.0,0.0
滨州,jma_seamless,2025-02-22,1,2025-02-23,1.6,-3.2,-6.2,-6.5,,20.8,8.0,,0.0,,0.0,0.0
滨州,jma_seamless,2025-02-21,2,2025-02-23,1.7,-3.3,-6.5,-6.6,,20.2,8.0,,0.0,,0.0,0.0
滨州,jma_seamless,2025-02-20,3,2025-02-23,2.1,-3.4,-6.0,-6.3,,26.3,6.8,,0.3,,0.0,0.0
滨州,jma_seamless,2025-02-19,4,2025-02-23,2.3,-3.1,-6.0,-5.7,,21.2,6.2,,0.0,,0.0,0.0
滨州,jma_seamless,2025-02-18,5,2025-02-23,2.6,-2.9,-5.8,-5.7,,19.0,6.9,,0.0,,0.0,0.0
滨州,jma_seamless,2025-02-17,6,2025-02-23,3.4,-2.7,-5.5,-5.2,,18.2,6.2,,0.0,,0.0,0.0
滨州,jma_seamless,2025-02-16,7,2025-02-23,4.5,-2.8,-5.1,-5.0,,18.0,5.4,,0.0,,0.0,0.0
滨州,ecmwf_ifs025,2025-02-23,1,2025-02-24,8.6,-4.3,-4.1,-9.3,,18.3,13.1,,6.6,15.98,0.0,
滨州,ecmwf_ifs025,2025-02-22,2,2025-02-24,8.7,-4.4,-4.1,-9.3,,16.9,12.8,,4.5,15.99,0.0,
滨州,ecmwf_ifs025,2025-02-21,3,2025-02-24,8.5,-4.6,-4.2,-9.5,,17.2,12.5,,3.7,15.79,0.0,
滨州,ecmwf_ifs025,2025-02-20,4,2025-02-24,8.0,-4.6,-4.5,-9.2,,17.6,11.5,,5.7,15.95,0.0,
滨州,ecmwf_ifs025,2025-02-19,5,2025-02-24,8.2,-3.3,-4.0,-7.9,,16.8,12.3,,0.0,16.06,0.0,
滨州,ecmwf_ifs025,2025-02-18,6,2025-02-24,9.4,-3.2,-3.2,-7.8,,19.8,12.7,,1.9,19.87,0.0,
滨州,ecmwf_ifs025,2025-02-17,7,2025-02-24,10.7,-5.0,-2.6,-10.1,,27.4,12.8,,12.5,20.88,0.0,
滨州,gfs_seamless,2025-02-23,1,2025-02-24,8.9,-5.3,-4.2,-11.0,,16.8,15.0,36.0,35.1,17.68,0.0,0.0
滨州,gfs_seamless,2025-02-22,2,2025-02-24,9.8,-4.7,-3.7,-10.2,,17.1,14.8,41.8,43.1,17.4,0.0,0.0
滨州,gfs_seamless,2025-02-21,3,2025-02-24,9.5,-4.7,-3.7,-10.1,,17.4,14.5,42.1,48.2,14.81,0.0,0.0
滨州,gfs_seamless,2025-02-20,4,2025-02-24,10.2,-3.8,-3.0,-9.0,,18.7,14.3,40.0,35.7,12.34,0.0,0.0
滨州,gfs_seamless,2025-02-19,5,2025-02-24,11.0,-2.8,-2.3,-8.3,,21.0,17.3,51.1,16.9,11.08,0.0,0.0
滨州,gfs_seamless,2025-02-18,6,2025-02-24,11.1,-3.4,-2.3,-8.8,,20.3,15.9,48.2,39.4,12.64,0.0,0.0
滨州,gfs_seamless,2025-02-17,7,2025-02-24,12.0,-3.1,-1.3,-7.8,,20.7,12.9,29.2,23.3,14.06,0.0,0.0
滨州,jma_seamless,2025-02-23,1,2025-02-24,6.9,-2.6,-3.8,-6.3,,14.3,9.7,,13.2,,0.0,0.0
滨州,jma_seamless,2025-02-22,2,2025-02-24,7.0,-2.7,-3.6,-6.2,,15.0,8.8,,19.8,,0.0,0.0
滨州,jma_seamless,2025-02-21,3,2025-02-24,7.0,-2.6,-3.7,-6.2,,14.7,9.3,,13.3,,0.0,0.0
滨州,jma_seamless,2025-02-20,4,2025-02-24,7.5,-2.3,-3.3,-5.9,,17.2,9.5,,0.0,,0.0,0.0
滨州,jma_seamless,2025-02-19,5,2025-02-24,8.5,-2.5,-2.8,-6.1,,18.5,9.3,,2.2,,0.0,0.0
滨州,jma_seamless,2025-02-18,6,2025-02-24,8.1,-2.5,-2.7,-5.7,,19.9,8.1,,0.0,,0.0,0.0
滨州,jma_seamless,2025-02-17,7,2025-02-24,7.2,-2.4,-3.3,-5.0,,17.1,6.4,,0.0,,0.0,0.0
滨州,ecmwf_ifs025,2025-02-24,1,2025-02-25,11.4,-0.2,-1.0,-4.2,,27.7,12.8,,18.5,15.81,0.0,
滨州,ecmwf_ifs025,2025-02-23,2,2025-02-25,11.7,-0.0,-0.8,-4.1,,28.0,13.3,,11.4,15.83,0.0,
滨州,ecmwf_ifs025,2025-02-22,3,2025-02-25,12.1,-0.2,-0.4,-4.3,,26.4,13.4,,15.7,15.85,0.0,
滨州,ecmwf_ifs025,2025-02-21,4,2025-02-25,12.2,-1.1,-1.0,-5.4,,26.1,13.1,,17.5,15.77,0.0,
滨州,ecmwf_ifs025,2025-02-20,5,2025-02-25,13.0,0.6,-0.0,-3.1,,31.8,12.3,,0.5,15.78,0.0,
滨州,ecmwf_ifs025,2025-02-19,6,2025-02-25,8.5,-1.3,-1.8,-5.6,,35.5,12.8,,9.6,20.06,0.0,
滨州,ecmwf_ifs025,2025-02-18,7,2025-02-25,11.4,-0.4,-0.1,-3.9,,32.7,10.6,,1.6,21.17,0.0,
滨州,gfs_seamless,2025-02-24,1,2025-02-25,12.2,0.6,-0.2,-3.8,,20.0,15.6,50.4,33.0,17.59,0.0,0.0
滨州,gfs_seamless,2025-02-23,2,2025-02-25,12.1,0.7,0.0,-3.4,,19.8,14.2,45.4,22.0,17.73,0.3,0.0
滨州,gfs_seamless,2025-02-22,3,2025-02-25,13.2,0.1,0.0,-4.3,,20.1,15.2,48.2,13.3,11.61,0.0,0.0
滨州,gfs_seamless,2025-02-21,4,2025-02-25,13.8,-0.4,0.0,-5.3,,22.0,17.0,51.8,19.8,12.07,0.0,0.0
滨州,gfs_seamless,2025-02-20,5,2025-02-25,14.3,1.5,1.4,-3.0,,29.2,17.9,54.4,10.0,11.14,0.0,0.0
滨州,gfs_seamless,2025-02-19,6,2025-02-25,15.1,1.3,1.7,-2.7,,26.1,14.3,47.5,11.0,10.81,0.0,0.0
滨州,gfs_seamless,2025-02-18,7,2025-02-25,14.8,1.4,2.0,-2.5,,28.8,14.1,53.3,12.8,8.09,0.0,0.0
滨州,jma_seamless,2025-02-24,1,2025-02-25,11.6,0.4,-0.1,-2.6,,19.8,9.3,,7.6,,0.0,0.0
滨州,jma_seamless,2025-02-23,2,2025-02-25,11.4,-0.1,-0.4,-3.2,,18.6,9.0,,20.6,,0.0,0.0
滨州,jma_seamless,2025-02-22,3,2025-02-25,11.1,-0.1,-0.6,-2.9,,20.1,8.1,,9.8,,0.0,0.0
滨州,jma_seamless,2025-02-21,4,2025-02-25,10.2,-0.3,-1.3,-3.4,,21.2,9.1,,3.2,,0.0,0.0
滨州,jma_seamless,2025-02-20,5,2025-02-25,10.7,0.4,-0.6,-2.5,,22.1,8.7,,0.0,,0.0,0.0
滨州,jma_seamless,2025-02-19,6,2025-02-25,13.0,0.6,1.1,-2.1,,29.3,8.3,,5.3,,0.0,0.0
滨州,jma_seamless,2025-02-18,7,2025-02-25,13.2,0.7,1.5,-2.3,,27.7,9.2,,2.6,,0.0,0.0
滨州,ecmwf_ifs025,2025-02-25,1,2025-02-26,16.9,-2.7,2.3,-6.4,,30.5,9.5,,0.0,15.79,0.0,
滨州,ecmwf_ifs025,2025-02-24,2,2025-02-26,15.6,-2.4,1.7,-6.0,,28.4,9.5,,0.0,15.92,0.0,
滨州,ecmwf_ifs025,2025-02-23,3,2025-02-26,16.3,-2.8,2.2,-6.7,,33.0,10.2,,0.0,15.86,0.0,
滨州,ecmwf_ifs025,2025-02-22,4,2025-02-26,15.8,-2.5,1.7,-6.6,,32.7,11.2,,3.7,15.99,0.0,
滨州,ecmwf_ifs025,2025-02-21,5,2025-02-26,13.2,-2.7,0.7,-5.7,,36.5,7.4,,1.2,16.05,0.0,
滨州,ecmwf_ifs025,2025-02-20,6,2025-02-26,15.9,-2.9,1.5,-6.5,,37.8,9.0,,0.0,20.25,0.0,
滨州,ecmwf_ifs025,2025-02-19,7,2025-02-26,14.1,-2.0,0.6,-6.1,,28.5,11.3,,0.0,21.39,0.0,
滨州,gfs_seamless,2025-02-25,1,2025-02-26,15.7,0.1,2.8,-3.5,,23.5,11.4,47.5,4.2,17.6,0.0,0.0
滨州,gfs_seamless,2025-02-24,2,2025-02-26,15.9,-0.1,2.3,-4.0,,24.0,12.3,42.8,8.3,17.66,0.0,0.0
滨州,gfs_seamless,2025-02-23,3,2025-02-26,15.6,0.4,2.6,-3.5,,20.8,12.7,45.4,0.0,17.69,0.0,0.0
滨州,gfs_seamless,2025-02-22,4,2025-02-26,13.9,0.4,2.2,-2.8,,22.7,9.8,14.8,4.2,17.82,0.0,0.0
滨州,gfs_seamless,2025-02-21,5,2025-02-26,12.9,-0.6,1.2,-4.1,,34.5,10.2,53.3,1.4,17.54,0.0,0.0
滨州,gfs_seamless,2025-02-20,6,2025-02-26,14.8,0.4,0.5,-4.0,,37.8,15.3,41.4,52.3,16.24,0.0,0.0
滨州,gfs_seamless,2025-02-19,7,2025-02-26,15.8,-2.4,0.1,-7.4,,31.1,15.3,60.5,28.9,17.34,0.0,0.0
滨州,jma_seamless,2025-02-25,1,2025-02-26,13.5,-2.8,0.7,-5.0,,27.7,5.4,,1.3,,0.0,0.0
滨州,jma_seamless,2025-02-24,2,2025-02-26,13.0,-2.9,0.1,-5.5,,24.8,6.4,,2.5,,0.0,0.0
滨州,jma_seamless,2025-02-23,3,2025-02-26,13.9,-2.8,0.5,-5.7,,24.4,7.2,,1.0,,0.0,0.0
滨州,jma_seamless,2025-02-22,4,2025-02-26,14.1,-1.3,0.7,-4.1,,21.8,7.6,,0.0,,0.0,0.0
滨州,jma_seamless,2025-02-21,5,2025-02-26,14.7,-1.1,1.1,-4.3,,22.8,9.0,,0.6,,0.0,0.0
滨州,jma_seamless,2025-02-20,6,2025-02-26,14.2,-0.9,1.8,-4.3,,33.9,9.5,,2.0,,0.0,0.0
滨州,jma_seamless,2025-02-19,7,2025-02-26,9.6,0.8,0.8,-2.2,,42.4,9.3,,13.8,,0.0,0.0
滨州,ecmwf_ifs025,2025-02-26,1,2025-02-27,18.1,3.4,6.4,0.7,,51.3,10.4,,5.0,14.84,0.0,
滨州,ecmwf_ifs025,2025-02-25,2,2025-02-27,18.3,2.9,6.3,0.0,,52.5,10.5,,2.4,15.35,0.0,
滨州,ecmwf_ifs025,2025-02-24,3,2025-02-27,18.4,2.8,6.4,0.0,,52.6,10.1,,0.3,15.4,0.0,
滨州,ecmwf_ifs025,2025-02-23,4,2025-02-27,18.6,4.2,6.8,1.4,,50.3,11.3,,10.9,15.55,0.0,
滨州,ecmwf_ifs025,2025-02-22,5,2025-02-27,16.5,2.6,6.1,0.6,,54.2,7.1,,5.3,15.08,0.3,
滨州,ecmwf_ifs025,2025-02-21,6,2025-02-27,19.3,3.2,5.9,-0.2,,51.5,13.5,,0.0,20.42,0.0,
滨州,ecmwf_ifs025,2025-02-20,7,2025-02-27,18.9,4.2,6.6,1.1,,49.5,13.2,,4.3,21.55,0.0,
滨州,gfs_seamless,2025-02-26,1,2025-02-27,18.1,6.3,7.5,3.5,,41.1,14.2,46.1,49.1,16.6,0.0,0.0
滨州,gfs_seamless,2025-02-25,2,2025-02-27,18.0,5.6,7.4,2.7,,40.8,13.7,42.5,26.5,17.01,0.0,0.0
滨州,gfs_seamless,2025-02-24,3,2025-02-27,17.7,5.8,7.1,2.9,,41.5,14.1,40.7,41.0,16.44,0.0,0.0
滨州,gfs_seamless,2025-02-23,4,2025-02-27,17.6,6.1,7.2,3.3,,40.0,13.7,29.5,31.8,17.14,0.0,0.0
滨州,gfs_seamless,2025-02-22,5,2025-02-27,18.1,5.4,7.2,2.6,,38.8,12.7,28.4,16.5,16.76,0.0,0.0
滨州,gfs_seamless,2025-02-21,6,2025-02-27,18.0,3.2,6.4,0.0,,43.3,12.3,23.8,44.5,14.2,0.0,0.0
滨州,gfs_seamless,2025-02-20,7,2025-02-27,16.3,1.6,5.2,-1.5,,54.1,10.5,26.6,45.5,14.56,0.0,0.0
滨州,jma_seamless,2025-02-26,1,2025-02-27,15.9,5.3,6.3,3.6,,48.7,7.5,,24.8,,0.0,0.0
滨州,jma_seamless,2025-02-25,2,2025-02-27,16.8,4.5,5.8,2.6,,40.4,7.9,,29.1,,0.0,0.0
滨州,jma_seamless,2025-02-24,3,2025-02-27,16.4,4.3,5.4,2.2,,41.3,8.5,,5.3,,0.0,0.0
滨州,jma_seamless,2025-02-23,4,2025-02-27,16.9,4.4,5.5,2.1,,38.0,9.4,,2.8,,0.0,0.0
滨州,jma_seamless,2025-02-22,5,2025-02-27,17.2,4.7,5.7,2.3,,36.2,10.1,,9.6,,0.0,0.0
滨州,jma_seamless,2025-02-21,6,2025-02-27,16.8,6.1,6.5,3.9,,45.0,10.2,,15.1,,0.0,0.0
滨州,jma_seamless,2025-02-20,7,2025-02-27,15.8,2.9,5.0,0.9,,48.1,7.2,,21.2,,0.0,0.0
滨州,ecmwf_ifs025,2025-02-27,1,2025-02-28,21.2,5.0,10.1,3.0,,55.0,8.4,,11.1,15.59,0.0,
滨州,ecmwf_ifs025,2025-02-26,2,2025-02-28,20.9,3.8,9.6,1.8,,60.9,7.8,,22.1,15.46,0.0,
滨州,ecmwf_ifs025,2025-02-25,3,2025-02-28,20.9,2.9,9.3,0.9,,60.2,7.2,,21.1,15.72,0.0,
滨州,ecmwf_ifs025,2025-02-24,4,2025-02-28,21.1,3.8,9.6,1.8,,58.6,7.8,,15.4,15.53,0.0,
滨州,ecmwf_ifs025,2025-02-23,5,2025-02-28,21.8,3.3,9.3,1.0,,59.8,8.5,,13.5,15.66,0.0,
滨州,ecmwf_ifs025,2025-02-22,6,2025-02-28,20.2,4.2,7.9,2.0,,55.8,8.8,,14.2,20.62,0.0,
滨州,ecmwf_ifs025,2025-02-21,7,2025-02-28,22.9,5.5,9.8,2.8,,51.2,12.3,,21.4,21.77,0.0,
滨州,gfs_seamless,2025-02-27,1,2025-02-28,20.8,7.4,10.5,5.6,,44.0,9.8,36.4,38.5,17.01,0.0,0.0
滨州,gfs_seamless,2025-02-26,2,2025-02-28,20.7,7.5,10.9,5.7,,47.1,9.7,41.4,37.8,16.86,0.0,0.0
滨州,gfs_seamless,2025-02-25,3,2025-02-28,20.5,6.8,9.9,4.5,,47.1,11.6,47.2,25.0,17.42,0.0,0.0
滨州,gfs_seamless,2025-02-24,4,2025-02-28,21.3,6.9,9.4,4.6,,41.3,11.5,22.7,20.5,16.71,0.0,0.0
滨州,gfs_seamless,2025-02-23,5,2025-02-28,21.0,7.6,10.2,5.5,,41.8,11.5,34.9,2.0,17.33,0.0,0.0
滨州,gfs_seamless,2025-02-22,6,2025-02-28,19.4,7.9,9.1,6.2,,46.2,9.5,48.2,79.2,14.46,0.0,0.0
滨州,gfs_seamless,2025-02-21,7,2025-02-28,19.4,6.4,9.7,4.9,,56.4,7.6,22.7,45.6,16.23,0.0,0.0
滨州,jma_seamless,2025-02-27,1,2025-02-28,18.5,4.7,9.0,3.5,,66.2,5.6,,19.0,,0.0,0.0
滨州,jma_seamless,2025-02-26,2,2025-02-28,18.3,4.7,8.7,3.5,,65.4,5.6,,40.4,,0.0,0.0
滨州,jma_seamless,2025-02-25,3,2025-02-28,18.4,4.3,8.4,3.0,,61.4,5.7,,22.3,,0.0,0.0
滨州,jma_seamless,2025-02-24,4,2025-02-28,18.0,4.8,7.9,3.1,,59.8,7.1,,41.7,,0.3,0.0
滨州,jma_seamless,2025-02-23,5,2025-02-28,17.9,4.0,8.2,2.9,,68.7,5.0,,18.7,,0.0,0.0
滨州,jma_seamless,2025-02-22,6,2025-02-28,17.6,4.5,8.0,3.4,,69.8,5.2,,1.9,,0.0,0.0
滨州,jma_seamless,2025-02-21,7,2025-02-28,11.7,3.4,2.9,0.2,,35.4,12.6,,13.0,,0.0,0.0
滨州,ecmwf_ifs025,2025-02-28,1,2025-03-01,20.2,7.6,10.4,5.3,,63.5,12.7,,35.9,15.03,0.3,
滨州,ecmwf_ifs025,2025-02-27,2,2025-03-01,22.0,8.7,12.1,7.2,,64.6,9.4,,38.3,13.17,0.0,
滨州,ecmwf_ifs025,2025-02-26,3,2025-03-01,20.5,10.0,12.7,8.8,,69.9,9.0,,75.1,11.02,0.0,
滨州,ecmwf_ifs025,2025-02-25,4,2025-03-01,16.6,9.2,11.2,7.6,,77.5,10.6,,82.7,7.86,3.9,
滨州,ecmwf_ifs025,2025-02-24,5,2025-03-01,18.6,10.5,11.8,,,73.2,10.6,,72.6,9.09,0.3,
滨州,ecmwf_ifs025,2025-02-23,6,2025-03-01,15.1,7.4,8.3,5.8,,74.1,8.6,,54.3,11.0,3.6,
滨州,ecmwf_ifs025,2025-02-22,7,2025-03-01,16.5,8.5,10.0,7.2,,76.2,8.4,,75.2,11.33,3.6,
滨州,gfs_seamless,2025-02-28,1,2025-03-01,18.1,9.4,10.0,7.0,,72.0,16.8,38.9,67.2,14.61,3.0,0.0
滨州,gfs_seamless,2025-02-27,2,2025-03-01,14.4,9.8,9.6,7.9,,79.6,13.3,36.0,94.4,6.97,1.9,0.0
滨州,gfs_seamless,2025-02-26,3,2025-03-01,15.1,10.0,9.0,7.9,,81.3,15.3,39.6,96.4,5.48,12.2,0.0
滨州,gfs_seamless,2025-02-25,4,2025-03-01,15.9,8.4,8.5,6.2,,73.3,13.4,36.7,94.5,10.43,0.0,0.0
滨州,gfs_seamless,2025-02-24,5,2025-03-01,14.6,7.5,7.5,5.0,,73.8,13.6,35.3,91.5,5.43,0.0,0.0
滨州,gfs_seamless,2025-02-23,6,2025-03-01,16.7,7.0,5.8,3.7,,63.9,19.2,48.2,90.5,6.22,0.0,0.0
滨州,gfs_seamless,2025-02-22,7,2025-03-01,12.3,4.8,5.7,1.2,,76.8,16.7,36.4,100.0,7.64,1.0,0.0
滨州,jma_seamless,2025-02-28,1,2025-03-01,15.1,8.2,9.4,6.8,,79.2,8.5,,38.0,,0.0,0.0
滨州,jma_seamless,2025-02-27,2,2025-03-01,15.1,8.6,9.9,7.4,,80.8,7.9,,72.6,,0.0,0.0
滨州,jma_seamless,2025-02-26,3,2025-03-01,14.9,8.9,10.3,7.8,,77.1,7.7,,78.3,,0.0,0.0
滨州,jma_seamless,2025-02-25,4,2025-03-01,12.1,7.9,8.2,6.3,,83.7,9.0,,94.6,,17.7,0.0
滨州,jma_seamless,2025-02-24,5,2025-03-01,11.0,6.8,6.5,5.0,,86.0,9.1,,88.7,,12.0,0.0
滨州,jma_seamless,2025-02-23,6,2025-03-01,12.7,8.0,8.5,6.8,,86.0,7.2,,84.1,,9.6,0.0
滨州,jma_seamless,2025-02-22,7,2025-03-01,10.2,6.9,5.8,4.8,,83.0,10.7,,97.4,,19.2,0.0
滨州,ecmwf_ifs025,2025-03-01,1,2025-03-02,6.5,-0.2,-3.9,-6.1,,71.8,24.1,,90.0,1.97,6.0,
滨州,ecmwf_ifs025,2025-02-28,2,2025-03-02,7.4,0.2,-3.3,-5.5,,80.5,23.4,,88.2,1.93,12.0,
滨州,ecmwf_ifs025,2025-02-27,3,2025-03-02,10.4,-0.5,-3.5,-6.7,,85.2,26.0,,100.0,1.44,34.2,
滨州,ecmwf_ifs025,2025-02-26,4,2025-03-02,8.2,-0.2,-3.6,-6.4,,70.3,26.7,,91.9,2.59,9.9,
滨州,ecmwf_ifs025,2025-02-25,5,2025-03-02,9.7,2.2,-2.0,-3.1,,57.7,24.9,,90.8,2.8,0.6,
滨州,ecmwf_ifs025,2025-02-24,6,2025-03-02,8.0,2.5,-1.9,-2.8,,54.2,25.9,,87.1,13.48,0.0,
滨州,ecmwf_ifs025,2025-02-23,7,2025-03-02,8.7,0.3,-0.0,-5.2,,73.5,22.1,,89.7,7.14,5.1,
滨州,gfs_seamless,2025-03-01,1,2025-03-02,9.2,-1.4,-4.5,-8.4,,78.5,30.5,65.9,96.0,2.16,17.7,6.4
滨州,gfs_seamless,2025-02-28,2,2025-03-02,9.3,0.6,-3.8,-5.7,,70.6,30.0,66.6,94.6,5.23,12.6,3.4
滨州,gfs_seamless,2025-02-27,3,2025-03-02,9.4,2.8,-2.0,-2.6,,54.3,28.2,61.9,92.2,5.52,0.0,0.0
滨州,gfs_seamless,2025-02-26,4,2025-03-02,9.0,2.7,-0.1,-2.4,,65.7,24.6,61.6,92.8,8.92,0.0,0.0
滨州,gfs_seamless,2025-02-25,5,2025-03-02,8.1,2.2,-1.4,-3.4,,52.0,27.8,63.7,98.6,13.78,0.0,0.0
滨州,gfs_seamless,2025-02-24,6,2025-03-02,8.7,1.6,-2.7,-4.0,,54.8,26.0,62.3,95.4,7.38,0.0,0.0
滨州,gfs_seamless,2025-02-23,7,2025-03-02,12.7,4.0,1.7,-0.2,,39.9,20.1,54.4,98.1,14.8,0.0,0.0
滨州,jma_seamless,2025-03-01,1,2025-03-02,8.5,1.2,-1.7,-3.4,,61.6,17.9,,97.8,,10.2,0.0
滨州,jma_seamless,2025-02-28,2,2025-03-02,8.6,-0.6,-2.6,-5.8,,86.2,19.0,,98.5,,42.9,14.8
滨州,jma_seamless,2025-02-27,3,2025-03-02,10.2,-0.3,-1.6,-5.2,,76.5,17.2,,99.5,,21.6,3.6
滨州,jma_seamless,2025-02-26,4,2025-03-02,8.8,-0.6,0.6,-5.8,,91.2,18.6,,95.2,,45.9,4.6
滨州,jma_seamless,2025-02-25,5,2025-03-02,6.5,-0.1,-0.1,-4.5,,84.2,14.9,,100.0,,24.0,3.6
滨州,jma_seamless,2025-02-24,6,2025-03-02,8.2,-0.6,-0.8,-5.3,,80.7,15.6,,100.0,,17.1,3.4
滨州,jma_seamless,2025-02-23,7,2025-03-02,7.4,1.4,1.8,-2.3,,89.3,12.7,,100.0,,35.7,0.0
滨州,ecmwf_ifs025,2025-03-02,1,2025-03-03,1.0,-2.4,-5.9,-7.9,,77.1,17.7,,76.4,15.49,0.0,
滨州,ecmwf_ifs025,2025-03-01,2,2025-03-03,4.4,-1.4,-4.5,-6.6,,61.4,17.6,,75.8,14.73,0.0,
滨州,ecmwf_ifs025,2025-02-28,3,2025-03-03,3.9,-1.0,-4.4,-6.4,,64.8,19.1,,80.5,8.11,0.3,
滨州,ecmwf_ifs025,2025-02-27,4,2025-03-03,0.8,-1.5,-5.5,-7.2,,73.1,20.2,,73.5,13.74,0.0,
滨州,ecmwf_ifs025,2025-02-26,5,2025-03-03,3.8,0.1,-4.9,-5.3,,56.2,21.5,,84.1,5.81,0.3,
滨州,ecmwf_ifs025,2025-02-25,6,2025-03-03,6.2,0.3,-3.1,-4.6,,44.1,18.3,,71.1,20.44,0.0,
滨州,ecmwf_ifs025,2025-02-24,7,2025-03-03,4.5,-0.9,-4.3,-6.3,,43.8,19.4,,63.2,22.19,0.0,
滨州,gfs_seamless,2025-03-02,1,2025-03-03,1.3,-3.2,-6.2,-9.1,,76.1,18.7,58.7,84.5,15.37,0.6,0.3
滨州,gfs_seamless,2025-03-01,2,2025-03-03,4.8,-2.0,-5.6,-8.3,,59.9,23.5,68.4,100.0,15.27,0.0,0.0
滨州,gfs_seamless,2025-02-28,3,2025-03-03,5.2,-0.1,-4.9,-6.3,,41.5,26.8,65.2,99.6,13.66,0.4,0.1
滨州,gfs_seamless,2025-02-27,4,2025-03-03,6.2,0.9,-3.8,-4.7,,40.0,24.4,61.2,99.7,11.2,0.1,0.0
滨州,gfs_seamless,2025-02-26,5,2025-03-03,6.1,0.7,-4.3,-5.3,,41.5,27.7,65.5,99.0,15.17,0.0,0.0
滨州,gfs_seamless,2025-02-25,6,2025-03-03,7.2,-0.5,-3.8,-6.2,,39.1,22.6,57.2,99.0,15.88,0.0,0.0
滨州,gfs_seamless,2025-02-24,7,2025-03-03,5.6,-2.0,-4.3,-7.5,,35.9,18.6,54.0,95.8,13.6,0.0,0.0
滨州,jma_seamless,2025-03-02,1,2025-03-03,5.0,-0.2,-3.4,-4.4,,46.4,13.9,,85.5,,0.0,0.0
滨州,jma_seamless,2025-03-01,2,2025-03-03,5.8,0.2,-3.2,-4.4,,47.3,16.4,,75.1,,3.3,0.0
滨州,jma_seamless,2025-02-28,3,2025-03-03,3.6,-0.7,-4.7,-5.6,,51.0,17.0,,72.5,,6.0,1.4
滨州,jma_seamless,2025-02-27,4,2025-03-03,5.3,-1.2,-3.8,-5.9,,55.4,14.9,,87.5,,10.5,7.2
滨州,jma_seamless,2025-02-26,5,2025-03-03,3.1,0.1,-4.3,-4.6,,51.2,16.9,,91.1,,8.4,0.0
滨州,jma_seamless,2025-02-25,6,2025-03-03,5.8,-0.1,-3.3,-4.4,,46.1,14.1,,66.8,,0.9,0.0
滨州,jma_seamless,2025-02-24,7,2025-03-03,6.4,-0.8,-2.3,-4.7,,44.4,11.9,,72.0,,3.9,0.0
滨州,ecmwf_ifs025,2025-03-03,1,2025-03-04,5.1,-1.3,-2.2,-4.2,,82.2,7.8,,63.5,12.46,0.9,
滨州,ecmwf_ifs025,2025-03-02,2,2025-03-04,2.4,-2.2,-3.0,-4.6,,86.0,6.0,,55.2,16.37,0.0,
滨州,ecmwf_ifs025,2025-03-01,3,2025-03-04,7.0,-2.5,-1.6,-6.1,,71.5,9.2,,52.5,8.78,1.2,
滨州,ecmwf_ifs025,2025-02-28,4,2025-03-04,6.2,-1.3,-1.6,-4.8,,69.4,9.8,,46.4,11.43,0.6,
滨州,ecmwf_ifs025,2025-02-27,5,2025-03-04,1.7,-5.1,-4.1,-7.8,,78.9,5.8,,22.0,17.86,0.0,
滨州,ecmwf_ifs025,2025-02-26,6,2025-03-04,7.6,-3.2,-2.1,-6.9,,48.7,9.2,,26.8,21.29,0.0,
滨州,ecmwf_ifs025,2025-02-25,7,2025-03-04,8.7,-0.6,-0.5,-2.8,,56.8,6.2,,42.3,22.19,0.0,
滨州,gfs_seamless,2025-03-03,1,2025-03-04,6.1,-2.7,-1.2,-5.7,,75.0,7.3,22.0,94.4,8.96,0.2,0.1
滨州,gfs_seamless,2025-03-02,2,2025-03-04,2.1,-2.2,-2.8,-4.7,,97.0,6.4,24.8,100.0,9.81,0.6,0.3
滨州,gfs_seamless,2025-03-01,3,2025-03-04,5.9,-0.6,-1.7,-3.5,,77.5,8.3,29.2,93.2,11.65,0.2,0.0
滨州,gfs_seamless,2025-02-28,4,2025-03-04,8.7,-0.1,0.4,-2.8,,57.7,7.8,22.7,82.5,17.63,0.0,0.0
滨州,gfs_seamless,2025-02-27,5,2025-03-04,9.0,0.7,1.1,-2.0,,59.2,8.4,34.6,91.7,14.73,0.0,0.0
滨州,gfs_seamless,2025-02-26,6,2025-03-04,8.5,0.2,-0.7,-3.5,,47.6,11.9,37.8,90.8,16.69,0.0,0.0
滨州,gfs_seamless,2025-02-25,7,2025-03-04,8.3,-0.2,-1.8,-4.2,,43.9,12.7,34.6,94.5,15.21,0.0,0.0
滨州,jma_seamless,2025-03-03,1,2025-03-04,6.1,-0.4,-1.1,-2.7,,68.3,6.5,,67.1,,0.6,0.4
滨州,jma_seamless,2025-03-02,2,2025-03-04,7.0,0.1,-0.8,-2.4,,63.9,7.3,,72.3,,0.0,0.0
滨州,jma_seamless,2025-03-01,3,2025-03-04,7.0,0.1,-0.6,-2.6,,60.7,7.9,,56.1,,0.0,0.0
滨州,jma_seamless,2025-02-28,4,2025-03-04,5.7,-1.2,-2.5,-3.6,,57.3,6.5,,39.7,,0.0,0.0
滨州,jma_seamless,2025-02-27,5,2025-03-04,7.8,-1.4,-1.0,-3.8,,61.0,6.4,,55.5,,0.0,0.0
滨州,jma_seamless,2025-02-26,6,2025-03-04,5.9,-2.9,-2.6,-5.6,,47.1,6.6,,55.4,,-0.6,-0.2
滨州,jma_seamless,2025-02-25,7,2025-03-04,8.9,-1.7,-1.9,-3.9,,49.8,5.9,,42.4,,0.0,0.0
滨州,ecmwf_ifs025,2025-03-04,1,2025-03-05,8.5,-3.4,-0.8,,,74.1,2.1,,5.7,16.37,0.0,
滨州,ecmwf_ifs025,2025-03-03,2,2025-03-05,8.9,-6.3,-1.2,,,72.5,1.7,,3.1,16.62,0.0,
滨州,ecmwf_ifs025,2025-03-02,3,2025-03-05,2.3,-5.6,-4.8,,,91.3,3.6,,3.7,16.61,0.0,
滨州,ecmwf_ifs025,2025-03-01,4,2025-03-05,10.0,-3.1,-0.7,,,71.7,3.0,,5.7,16.1,0.0,
滨州,ecmwf_ifs025,2025-02-28,5,2025-03-05,9.5,-7.1,-1.8,-10.2,,67.7,6.1,,14.8,16.37,0.0,
滨州,ecmwf_ifs025,2025-02-27,6,2025-03-05,2.0,-8.1,-5.4,,,84.1,4.1,,15.3,21.56,0.6,
滨州,ecmwf_ifs025,2025-02-26,7,2025-03-05,12.4,-2.3,-0.2,-4.6,,57.1,5.9,,13.4,22.9,0.0,
滨州,gfs_seamless,2025-03-04,1,2025-03-05,10.4,0.2,1.7,-1.8,,59.9,6.1,22.7,12.0,18.54,0.0,0.0
滨州,gfs_seamless,2025-03-03,2,2025-03-05,10.9,-0.1,2.1,-2.0,,64.5,5.6,27.4,36.6,18.47,0.0,0.0
滨州,gfs_seamless,2025-03-02,3,2025-03-05,5.9,-1.9,-1.3,-4.4,,93.2,6.5,16.6,62.2,12.65,0.0,0.0
滨州,gfs_seamless,2025-03-01,4,2025-03-05,10.4,0.6,1.1,-1.6,,74.0,6.7,16.2,32.6,18.39,0.0,0.0
滨州,gfs_seamless,2025-02-28,5,2025-03-05,12.0,2.0,2.7,-0.1,,52.5,7.1,25.2,37.0,17.77,0.0,0.0
滨州,gfs_seamless,2025-02-27,6,2025-03-05,11.0,1.6,0.5,-1.8,,48.6,11.9,31.0,27.1,17.69,0.0,0.0
滨州,gfs_seamless,2025-02-26,7,2025-03-05,9.9,-1.4,-1.0,-5.5,,45.0,12.2,32.4,30.3,17.47,0.0,0.0
滨州,jma_seamless,2025-03-04,1,2025-03-05,7.8,-3.0,-0.8,,,70.5,2.1,,19.5,,0.0,0.0
滨州,jma_seamless,2025-03-03,2,2025-03-05,7.5,-3.3,-1.4,,,71.8,1.1,,4.9,,0.0,0.0
滨州,jma_seamless,2025-03-02,3,2025-03-05,7.9,-1.4,-0.4,,,67.8,1.7,,13.1,,0.0,0.0
滨州,jma_seamless,2025-03-01,4,2025-03-05,9.9,-1.6,0.5,,,61.7,2.4,,21.5,,0.0,0.0
滨州,jma_seamless,2025-02-28,5,2025-03-05,5.9,-5.0,-3.6,,,73.2,1.0,,22.7,,0.0,0.0
滨州,jma_seamless,2025-02-27,6,2025-03-05,8.2,-4.6,-1.6,,,73.4,1.8,,18.0,,0.0,0.0
滨州,jma_seamless,2025-02-26,7,2025-03-05,6.6,-4.6,-3.9,-7.6,,58.8,6.6,,18.5,,0.0,0.0
滨州,ecmwf_ifs025,2025-03-05,1,2025-03-06,10.5,-2.1,-0.7,-5.2,,57.2,8.1,,13.5,16.99,0.0,
滨州,ecmwf_ifs025,2025-03-04,2,2025-03-06,10.3,-2.1,-0.7,-5.3,,56.4,8.4,,10.3,16.98,0.0,
滨州,ecmwf_ifs025,2025-03-03,3,2025-03-06,10.0,-4.7,-1.6,-8.9,,56.2,9.9,,20.4,16.96,0.0,
滨州,ecmwf_ifs025,2025-03-02,4,2025-03-06,5.3,-2.3,-2.6,-5.5,,68.5,8.1,,32.9,17.54,0.0,
滨州,ecmwf_ifs025,2025-03-01,5,2025-03-06,11.2,-1.4,-0.4,-4.8,,53.9,9.2,,38.5,16.66,0.0,
滨州,ecmwf_ifs025,2025-02-28,6,2025-03-06,12.5,-2.5,0.2,-5.2,,57.0,6.8,,24.1,21.68,0.0,
滨州,ecmwf_ifs025,2025-02-27,7,2025-03-06,4.8,-2.4,-3.4,-5.5,,67.4,7.7,,23.7,23.3,0.0,
滨州,gfs_seamless,2025-03-05,1,2025-03-06,10.5,2.3,1.4,-0.6,,44.9,10.3,27.4,24.0,18.96,0.0,0.0
滨州,gfs_seamless,2025-03-04,2,2025-03-06,10.9,2.4,1.8,-0.4,,43.3,9.8,28.8,24.1,18.92,0.0,0.0
滨州,gfs_seamless,2025-03-03,3,2025-03-06,11.4,0.7,1.3,-2.6,,50.3,10.3,24.8,36.0,18.62,0.0,0.0
滨州,gfs_seamless,2025-03-02,4,2025-03-06,10.0,-0.1,0.5,-3.0,,65.5,8.6,26.3,28.6,18.91,0.0,0.0
滨州,gfs_seamless,2025-03-01,5,2025-03-06,9.3,1.1,0.1,-2.3,,46.7,11.3,21.2,30.5,18.69,0.0,0.0
滨州,gfs_seamless,2025-02-28,6,2025-03-06,10.1,-0.1,-0.1,-4.0,,40.5,12.2,31.7,37.5,18.3,0.0,0.0
滨州,gfs_seamless,2025-02-27,7,2025-03-06,9.2,-0.2,-1.5,-3.6,,37.5,10.0,29.2,54.5,18.01,0.0,0.0
滨州,jma_seamless,2025-03-05,1,2025-03-06,10.4,-1.2,0.4,-3.1,,48.6,5.4,,12.6,,0.0,0.0
滨州,jma_seamless,2025-03-04,2,2025-03-06,10.0,-2.7,-0.2,,,56.5,3.8,,17.0,,0.0,0.0
滨州,jma_seamless,2025-03-03,3,2025-03-06,10.2,-3.0,-0.2,,,62.4,2.1,,26.2,,0.0,0.0
滨州,jma_seamless,2025-03-02,4,2025-03-06,9.2,-0.7,-0.1,,,58.6,4.3,,19.4,,0.0,0.0
滨州,jma_seamless,2025-03-01,5,2025-03-06,9.3,-4.5,-1.2,-6.9,,48.9,5.3,,37.5,,0.0,0.0
滨州,jma_seamless,2025-02-28,6,2025-03-06,8.8,-3.8,-1.6,,,53.1,4.4,,35.0,,0.0,0.0
滨州,jma_seamless,2025-02-27,7,2025-03-06,10.0,-2.3,-1.4,-5.3,,50.7,7.6,,23.2,,0.0,0.0
滨州,ecmwf_ifs025,2025-03-06,1,2025-03-07,10.7,-1.1,0.8,-4.6,,47.8,9.8,,59.0,11.34,0.0,
滨州,ecmwf_ifs025,2025-03-05,2,2025-03-07,10.5,-1.3,0.1,-5.0,,48.3,10.4,,68.0,10.87,0.0,
滨州,ecmwf_ifs025,2025-03-04,3,2025-03-07,10.3,-1.6,-0.3,-5.4,,47.9,10.5,,59.2,10.26,0.0,
滨州,ecmwf_ifs025,2025-03-03,4,2025-03-07,10.5,-3.4,-0.3,-6.9,,53.5,8.4,,60.4,11.36,0.0,
滨州,ecmwf_ifs025,2025-03-02,5,2025-03-07,7.5,-1.6,-1.8,-4.7,,50.1,8.1,,59.0,12.37,0.0,
滨州,ecmwf_ifs025,2025-03-01,6,2025-03-07,12.0,-0.1,1.2,-2.9,,45.3,8.3,,57.2,20.72,0.0,
滨州,ecmwf_ifs025,2025-02-28,7,2025-03-07,10.7,-1.3,0.7,-5.1,,48.0,10.8,,69.8,18.7,0.3,
滨州,gfs_seamless,2025-03-06,1,2025-03-07,11.8,1.9,1.8,-1.4,,42.8,11.5,31.0,98.7,13.15,0.0,0.0
滨州,gfs_seamless,2025-03-05,2,2025-03-07,12.6,2.5,2.2,-0.7,,40.7,11.7,30.6,98.2,13.02,0.0,0.0
滨州,gfs_seamless,2025-03-04,3,2025-03-07,12.4,2.3,2.7,-1.0,,43.3,11.7,32.0,99.4,12.0,0.0,0.0
滨州,gfs_seamless,2025-03-03,4,2025-03-07,12.3,1.1,1.8,-2.3,,44.6,11.2,25.9,96.7,13.71,0.0,0.0
滨州,gfs_seamless,2025-03-02,5,2025-03-07,9.0,0.7,-0.1,-3.1,,51.9,12.9,31.3,86.2,13.95,0.0,0.0
滨州,gfs_seamless,2025-03-01,6,2025-03-07,10.1,1.1,-0.4,-2.3,,44.4,11.1,22.0,92.3,11.16,0.0,0.0
滨州,gfs_seamless,2025-02-28,7,2025-03-07,10.1,0.7,0.7,-3.4,,37.8,14.1,43.6,100.0,14.08,0.0,0.0
滨州,jma_seamless,2025-03-06,1,2025-03-07,10.6,0.3,1.2,-2.0,,37.4,6.8,,63.1,,0.0,0.0
滨州,jma_seamless,2025-03-05,2,2025-03-07,11.6,1.0,1.6,-1.5,,33.4,7.8,,61.7,,0.0,0.0
滨州,jma_seamless,2025-03-04,3,2025-03-07,12.0,0.1,1.5,-2.3,,40.5,6.9,,41.0,,0.0,0.0
滨州,jma_seamless,2025-03-03,4,2025-03-07,12.2,-0.7,1.5,-3.4,,54.7,7.5,,42.5,,0.0,0.0
滨州,jma_seamless,2025-03-02,5,2025-03-07,9.1,-1.1,0.0,-3.3,,47.5,6.1,,49.0,,0.0,0.0
滨州,jma_seamless,2025-03-01,6,2025-03-07,9.1,-1.8,-1.1,-4.1,,41.2,6.0,,47.5,,0.0,0.0
滨州,jma_seamless,2025-02-28,7,2025-03-07,8.8,-3.2,-1.7,-5.4,,50.5,5.4,,56.3,,0.0,0.0
滨州,ecmwf_ifs025,2025-03-07,1,2025-03-08,15.0,3.7,5.0,1.6,,59.4,7.9,,22.2,16.98,1.2,
滨州,ecmwf_ifs025,2025-03-06,2,2025-03-08,14.8,3.1,4.7,0.8,,59.8,8.2,,12.8,16.95,0.0,
滨州,ecmwf_ifs025,2025-03-05,3,2025-03-08,14.2,2.9,4.6,0.7,,61.0,8.0,,15.0,16.77,0.6,
滨州,ecmwf_ifs025,2025-03-04,4,2025-03-08,14.7,2.0,4.5,-0.2,,63.7,7.4,,7.0,16.93,1.8,
滨州,ecmwf_ifs025,2025-03-03,5,2025-03-08,15.8,-0.4,3.6,-3.2,,65.3,8.1,,15.6,16.97,0.0,
滨州,ecmwf_ifs025,2025-03-02,6,2025-03-08,14.9,2.3,3.8,-0.7,,63.5,10.5,,7.5,22.11,0.3,
滨州,ecmwf_ifs025,2025-03-01,7,2025-03-08,15.6,3.3,4.3,0.5,,56.4,10.7,,17.9,23.58,0.3,
滨州,gfs_seamless,2025-03-07,1,2025-03-08,14.7,4.3,5.9,1.7,,49.2,10.7,28.8,41.4,18.82,0.0,0.0
滨州,gfs_seamless,2025-03-06,2,2025-03-08,15.9,4.5,6.5,2.0,,49.0,10.5,30.6,31.8,18.87,0.0,0.0
滨州,gfs_seamless,2025-03-05,3,2025-03-08,16.0,4.7,6.7,2.0,,49.0,11.7,32.4,45.4,18.77,0.0,0.0
滨州,gfs_seamless,2025-03-04,4,2025-03-08,16.4,4.8,6.7,2.2,,49.0,11.0,38.5,37.5,18.98,0.0,0.0
滨州,gfs_seamless,2025-03-03,5,2025-03-08,15.7,3.2,5.1,0.3,,51.3,11.0,24.5,53.3,13.69,0.0,0.0
滨州,gfs_seamless,2025-03-02,6,2025-03-08,12.0,1.3,2.5,-2.0,,60.4,11.0,30.2,57.4,13.64,0.0,0.0
滨州,gfs_seamless,2025-03-01,7,2025-03-08,11.7,3.9,2.7,0.9,,52.2,12.0,42.5,77.0,14.74,0.0,0.0
滨州,jma_seamless,2025-03-07,1,2025-03-08,13.6,4.6,5.6,,,55.8,4.6,,22.7,,0.0,0.0
滨州,jma_seamless,2025-03-06,2,2025-03-08,14.6,4.3,5.5,,,44.8,4.1,,25.3,,0.0,0.0
滨州,jma_seamless,2025-03-05,3,2025-03-08,14.1,4.7,5.0,,,42.2,4.4,,34.7,,0.0,0.0
滨州,jma_seamless,2025-03-04,4,2025-03-08,14.3,4.6,4.9,2.9,,37.7,7.0,,33.0,,0.0,0.0
滨州,jma_seamless,2025-03-03,5,2025-03-08,14.6,3.4,4.3,1.0,,40.1,8.9,,2.9,,0.0,0.0
滨州,jma_seamless,2025-03-02,6,2025-03-08,14.3,1.8,4.0,-0.9,,41.7,8.9,,21.1,,0.0,0.0
滨州,jma_seamless,2025-03-01,7,2025-03-08,13.0,0.3,2.3,,,42.6,4.2,,24.4,,0.0,0.0
滨州,ecmwf_ifs025,2025-03-08,1,2025-03-09,17.1,1.9,5.8,-1.5,,57.4,11.8,,6.5,16.92,0.0,
滨州,ecmwf_ifs025,2025-03-07,2,2025-03-09,17.3,0.8,5.6,-2.6,,59.7,11.0,,2.0,17.08,0.0,
滨州,ecmwf_ifs025,2025-03-06,3,2025-03-09,16.9,2.1,5.8,-0.8,,59.7,10.1,,0.7,17.0,0.0,
滨州,ecmwf_ifs025,2025-03-05,4,2025-03-09,16.9,1.0,5.5,-2.1,,60.3,9.9,,7.8,17.04,0.0,
滨州,ecmwf_ifs025,2025-03-04,5,2025-03-09,17.5,2.1,6.0,-0.4,,60.0,8.5,,0.0,16.79,0.0,
滨州,ecmwf_ifs025,2025-03-03,6,2025-03-09,18.5,4.1,6.7,1.7,,58.1,9.7,,0.0,22.31,0.0,
滨州,ecmwf_ifs025,2025-03-02,7,2025-03-09,20.7,2.2,7.1,-1.0,,59.8,11.4,,10.4,23.86,0.0,
滨州,gfs_seamless,2025-03-08,1,2025-03-09,17.0,6.3,7.5,3.6,,47.7,13.4,44.6,48.4,18.79,0.0,0.0
滨州,gfs_seamless,2025-03-07,2,2025-03-09,17.3,6.6,8.1,4.0,,48.9,13.1,44.6,36.3,19.06,0.0,0.0
滨州,gfs_seamless,2025-03-06,3,2025-03-09,17.1,7.5,8.2,5.0,,47.6,13.5,41.4,58.8,18.98,0.0,0.0
滨州,gfs_seamless,2025-03-05,4,2025-03-09,16.1,6.9,7.5,4.6,,47.5,11.5,42.1,52.7,17.88,0.0,0.0
滨州,gfs_seamless,2025-03-04,5,2025-03-09,16.5,6.9,7.5,4.6,,48.5,12.0,41.4,29.1,18.6,0.0,0.0
滨州,gfs_seamless,2025-03-03,6,2025-03-09,16.3,4.8,6.0,1.4,,46.7,15.9,49.0,4.1,19.07,0.0,0.0
滨州,gfs_seamless,2025-03-02,7,2025-03-09,15.5,3.5,5.9,1.2,,59.2,8.6,24.1,3.1,19.11,0.0,0.0
滨州,jma_seamless,2025-03-08,1,2025-03-09,17.2,4.3,6.7,2.3,,51.8,8.2,,0.5,,0.0,0.0
滨州,jma_seamless,2025-03-07,2,2025-03-09,17.3,4.4,7.1,2.5,,54.0,7.8,,37.8,,0.0,0.0
滨州,jma_seamless,2025-03-06,3,2025-03-09,16.9,5.5,6.8,3.7,,43.2,8.2,,30.8,,0.0,0.0
滨州,jma_seamless,2025-03-05,4,2025-03-09,16.1,5.1,6.3,3.1,,39.2,8.5,,31.8,,0.0,0.0
滨州,jma_seamless,2025-03-04,5,2025-03-09,14.9,4.6,5.7,2.5,,42.3,8.6,,42.8,,0.0,0.0
滨州,jma_seamless,2025-03-03,6,2025-03-09,14.9,5.0,6.1,2.8,,43.5,9.5,,0.0,,0.0,0.0
滨州,jma_seamless,2025-03-02,7,2025-03-09,18.1,3.1,6.8,0.9,,50.2,8.0,,1.5,,0.0,0.0
滨州,ecmwf_ifs025,2025-03-09,1,2025-03-10,18.5,3.6,7.3,0.6,,56.7,11.8,,8.1,17.04,0.0,
滨州,ecmwf_ifs025,2025-03-08,2,2025-03-10,18.5,2.8,7.0,-0.3,,56.4,11.7,,5.0,17.18,0.0,
滨州,ecmwf_ifs025,2025-03-07,3,2025-03-10,17.8,3.4,6.7,0.6,,56.2,10.8,,3.4,17.45,0.0,
滨州,ecmwf_ifs025,2025-03-06,4,2025-03-10,18.0,1.9,6.3,-1.3,,58.4,10.9,,0.0,17.3,0.0,
滨州,ecmwf_ifs025,2025-03-05,5,2025-03-10,18.0,3.0,7.0,0.2,,59.7,10.3,,0.0,17.28,0.0,
滨州,ecmwf_ifs025,2025-03-04,6,2025-03-10,17.0,3.7,6.4,1.4,,55.8,8.7,,4.4,22.29,0.0,
滨州,ecmwf_ifs025,2025-03-03,7,2025-03-10,17.3,4.1,7.4,1.4,,62.8,11.0,,40.4,24.08,3.3,
滨州,gfs_seamless,2025-03-09,1,2025-03-10,18.1,5.6,7.9,2.4,,48.1,15.7,46.4,22.0,19.07,0.0,0.0
滨州,gfs_seamless,2025-03-08,2,2025-03-10,18.0,5.7,8.0,2.6,,48.9,15.4,41.0,33.5,19.11,0.0,0.0
滨州,gfs_seamless,2025-03-07,3,2025-03-10,17.5,6.2,8.0,3.3,,46.8,14.7,38.9,30.9,19.38,0.0,0.0
滨州,gfs_seamless,2025-03-06,4,2025-03-10,17.8,5.7,7.7,2.5,,48.1,15.6,39.2,42.4,19.23,0.0,0.0
滨州,gfs_seamless,2025-03-05,5,2025-03-10,18.7,7.6,7.9,4.7,,46.8,16.9,49.3,1.3,19.21,0.0,0.0
滨州,gfs_seamless,2025-03-04,6,2025-03-10,18.1,5.6,7.3,2.3,,47.5,16.1,49.3,28.1,17.91,0.0,0.0
滨州,gfs_seamless,2025-03-03,7,2025-03-10,18.8,5.9,8.1,2.6,,51.9,17.1,47.2,11.2,18.95,0.0,0.0
滨州,jma_seamless,2025-03-09,1,2025-03-10,18.0,6.6,8.4,4.6,,48.3,10.0,,23.2,,0.0,0.0
滨州,jma_seamless,2025-03-08,2,2025-03-10,17.7,6.9,8.3,5.0,,46.7,9.8,,24.5,,0.0,0.0
滨州,jma_seamless,2025-03-07,3,2025-03-10,16.0,7.5,7.8,5.7,,52.0,9.6,,25.6,,0.0,0.0
滨州,jma_seamless,2025-03-06,4,2025-03-10,16.9,5.9,7.5,4.1,,52.0,8.4,,34.6,,0.0,0.0
滨州,jma_seamless,2025-03-05,5,2025-03-10,16.9,5.8,8.0,4.0,,55.9,8.1,,40.5,,0.0,0.0
滨州,jma_seamless,2025-03-04,6,2025-03-10,14.6,4.4,6.9,2.9,,68.7,6.5,,20.6,,0.0,0.0
滨州,jma_seamless,2025-03-03,7,2025-03-10,14.1,4.6,7.0,2.7,,70.1,7.9,,15.6,,0.0,0.0
滨州,ecmwf_ifs025,2025-03-10,1,2025-03-11,20.2,6.4,10.4,3.8,,65.4,12.9,,33.5,15.26,0.0,
滨州,ecmwf_ifs025,2025-03-09,2,2025-03-11,21.1,6.3,11.0,3.9,,65.8,11.8,,37.5,15.78,0.0,
滨州,ecmwf_ifs025,2025-03-08,3,2025-03-11,21.2,6.1,11.4,3.8,,67.2,11.0,,50.5,16.55,0.0,
滨州,ecmwf_ifs025,2025-03-07,4,2025-03-11,20.0,6.1,10.8,3.8,,66.9,10.8,,46.9,15.74,0.0,
滨州,ecmwf_ifs025,2025-03-06,5,2025-03-11,19.7,5.4,10.1,2.5,,63.8,13.2,,27.7,15.65,0.0,
滨州,ecmwf_ifs025,2025-03-05,6,2025-03-11,19.5,5.7,9.4,3.2,,68.9,11.3,,22.5,22.69,0.0,
滨州,ecmwf_ifs025,2025-03-04,7,2025-03-11,19.0,6.1,10.2,4.3,,70.1,8.5,,49.4,24.39,4.5,
滨州,gfs_seamless,2025-03-10,1,2025-03-11,18.8,8.5,10.6,5.9,,60.8,16.1,40.0,71.2,13.38,0.0,0.0
滨州,gfs_seamless,2025-03-09,2,2025-03-11,18.0,8.5,10.5,6.0,,61.9,15.5,41.4,77.7,12.51,0.0,0.0
滨州,gfs_seamless,2025-03-08,3,2025-03-11,19.3,7.9,10.3,5.1,,62.0,17.1,45.0,70.5,15.57,0.0,0.0
滨州,gfs_seamless,2025-03-07,4,2025-03-11,17.7,7.4,9.9,5.0,,63.8,12.8,37.4,64.2,13.44,0.0,0.0
滨州,gfs_seamless,2025-03-06,5,2025-03-11,19.0,8.3,10.2,5.7,,57.0,15.6,52.6,43.8,18.39,0.0,0.0
滨州,gfs_seamless,2025-03-05,6,2025-03-11,22.0,9.9,11.9,7.7,,53.2,15.6,49.7,36.8,18.6,0.0,0.0
滨州,gfs_seamless,2025-03-04,7,2025-03-11,22.9,7.9,11.5,5.3,,56.0,15.3,46.8,19.3,18.92,0.0,0.0
滨州,jma_seamless,2025-03-10,1,2025-03-11,18.9,8.2,10.8,6.5,,64.1,9.8,,32.3,,0.0,0.0
滨州,jma_seamless,2025-03-09,2,2025-03-11,18.4,8.1,10.8,6.6,,66.4,9.0,,53.9,,0.0,0.0
滨州,jma_seamless,2025-03-08,3,2025-03-11,18.2,6.8,10.2,5.1,,71.8,8.5,,52.3,,0.0,0.0
滨州,jma_seamless,2025-03-07,4,2025-03-11,16.7,5.8,9.0,4.0,,72.9,8.4,,49.3,,0.0,0.0
滨州,jma_seamless,2025-03-06,5,2025-03-11,18.2,7.8,10.4,6.1,,69.5,9.7,,49.2,,0.0,0.0
滨州,jma_seamless,2025-03-05,6,2025-03-11,17.3,7.5,10.7,,,78.2,4.4,,31.8,,0.0,0.0
滨州,jma_seamless,2025-03-04,7,2025-03-11,16.0,5.4,9.1,3.8,,79.5,7.2,,66.9,,0.6,0.0
滨州,ecmwf_ifs025,2025-03-11,1,2025-03-12,17.5,5.9,7.7,3.6,,47.5,10.6,,41.4,18.24,0.0,
滨州,ecmwf_ifs025,2025-03-10,2,2025-03-12,17.2,6.0,7.1,3.6,,44.9,11.2,,31.0,18.46,0.0,
滨州,ecmwf_ifs025,2025-03-09,3,2025-03-12,17.5,5.5,7.3,3.3,,34.8,9.7,,17.5,18.15,0.0,
滨州,ecmwf_ifs025,2025-03-08,4,2025-03-12,17.6,6.7,8.3,5.0,,39.5,8.7,,24.5,18.59,0.0,
滨州,ecmwf_ifs025,2025-03-07,5,2025-03-12,19.0,6.3,7.7,4.1,,25.1,10.8,,10.3,18.61,0.0,
滨州,ecmwf_ifs025,2025-03-06,6,2025-03-12,17.2,6.1,7.9,3.7,,39.4,11.5,,13.5,23.03,0.0,
滨州,ecmwf_ifs025,2025-03-05,7,2025-03-12,17.8,7.3,7.4,4.5,,33.1,15.5,,20.8,24.83,0.0,
滨州,gfs_seamless,2025-03-11,1,2025-03-12,17.9,8.6,8.5,6.4,,28.2,13.7,37.1,92.8,18.66,0.0,0.0
滨州,gfs_seamless,2025-03-10,2,2025-03-12,17.2,7.5,7.1,5.0,,23.9,14.1,40.0,46.6,19.68,0.0,0.0
滨州,gfs_seamless,2025-03-09,3,2025-03-12,15.4,7.7,6.0,4.7,,23.6,17.7,47.5,51.9,19.96,0.0,0.0
滨州,gfs_seamless,2025-03-08,4,2025-03-12,16.8,6.9,6.1,3.6,,29.2,19.0,51.8,38.0,20.58,0.0,0.0
滨州,gfs_seamless,2025-03-07,5,2025-03-12,18.8,9.3,7.5,6.3,,22.5,21.6,50.4,31.5,20.73,0.0,0.0
滨州,gfs_seamless,2025-03-06,6,2025-03-12,19.1,10.2,9.2,,,30.1,15.8,49.3,34.5,20.56,0.0,0.0
滨州,gfs_seamless,2025-03-05,7,2025-03-12,20.2,12.4,10.3,,,44.2,17.8,50.8,63.3,11.74,0.0,0.0
滨州,jma_seamless,2025-03-11,1,2025-03-12,17.8,8.1,8.8,7.0,,38.2,6.9,,14.8,,0.0,0.0
滨州,jma_seamless,2025-03-10,2,2025-03-12,18.2,6.1,8.1,5.3,,34.6,5.0,,51.5,,0.0,0.0
滨州,jma_seamless,2025-03-09,3,2025-03-12,18.1,7.6,8.0,6.9,,24.2,5.5,,39.5,,0.0,0.0
滨州,jma_seamless,2025-03-08,4,2025-03-12,17.9,8.2,7.9,7.6,,30.9,5.5,,54.4,,0.0,0.0
滨州,jma_seamless,2025-03-07,5,2025-03-12,17.2,5.4,6.5,3.6,,20.4,8.0,,12.1,,0.0,0.0
滨州,jma_seamless,2025-03-06,6,2025-03-12,17.4,8.6,8.0,7.4,,28.5,7.7,,16.9,,0.0,0.0
滨州,jma_seamless,2025-03-05,7,2025-03-12,18.2,8.3,10.5,7.1,,56.8,7.8,,67.7,,0.0,0.0
滨州,ecmwf_ifs025,2025-03-12,1,2025-03-13,20.4,6.1,7.6,3.4,,29.0,12.9,,32.5,17.14,0.0,
滨州,ecmwf_ifs025,2025-03-11,2,2025-03-13,19.7,5.7,7.1,3.1,,28.2,12.3,,37.2,16.72,0.0,
滨州,ecmwf_ifs025,2025-03-10,3,2025-03-13,17.2,3.1,5.6,-0.0,,30.4,12.0,,49.6,13.56,0.0,
滨州,ecmwf_ifs025,2025-03-09,4,2025-03-13,13.7,2.6,3.6,-0.9,,35.2,13.3,,32.3,15.75,0.0,
滨州,ecmwf_ifs025,2025-03-08,5,2025-03-13,12.4,2.2,2.5,-1.3,,42.1,12.6,,41.2,15.31,0.0,
滨州,ecmwf_ifs025,2025-03-07,6,2025-03-13,14.4,3.8,4.1,0.7,,39.8,12.6,,47.4,22.94,0.0,
滨州,ecmwf_ifs025,2025-03-06,7,2025-03-13,18.0,5.3,5.9,2.3,,34.8,14.1,,36.5,24.86,0.0,
滨州,gfs_seamless,2025-03-12,1,2025-03-13,19.6,8.4,8.5,6.1,,23.1,13.5,40.3,69.2,17.37,0.0,0.0
滨州,gfs_seamless,2025-03-11,2,2025-03-13,17.7,6.7,7.2,4.0,,23.1,13.7,37.1,79.0,13.91,0.0,0.0
滨州,gfs_seamless,2025-03-10,3,2025-03-13,17.4,7.4,6.7,4.5,,24.7,16.4,39.6,100.0,13.51,0.0,0.0
滨州,gfs_seamless,2025-03-09,4,2025-03-13,17.4,4.9,5.5,1.5,,27.4,15.6,45.0,96.0,18.34,0.0,0.0
滨州,gfs_seamless,2025-03-08,5,2025-03-13,16.2,6.2,5.2,2.9,,27.6,17.4,39.2,92.8,16.02,0.0,0.0
滨州,gfs_seamless,2025-03-07,6,2025-03-13,18.6,4.9,4.9,2.0,,26.8,12.7,37.8,48.0,18.32,0.0,0.0
滨州,gfs_seamless,2025-03-06,7,2025-03-13,16.1,4.5,4.5,0.9,,27.3,16.5,39.2,88.5,13.56,0.0,0.0
滨州,jma_seamless,2025-03-12,1,2025-03-13,19.3,7.8,7.9,6.0,,17.8,10.0,,32.6,,0.0,0.0
滨州,jma_seamless,2025-03-11,2,2025-03-13,18.5,6.9,7.4,5.1,,20.6,9.4,,49.5,,0.0,0.0
滨州,jma_seamless,2025-03-10,3,2025-03-13,17.0,4.3,6.0,2.2,,23.8,8.6,,44.3,,0.0,0.0
滨州,jma_seamless,2025-03-09,4,2025-03-13,14.5,7.0,5.3,5.1,,26.5,9.5,,40.5,,0.0,0.0
滨州,jma_seamless,2025-03-08,5,2025-03-13,13.9,3.4,4.3,0.8,,35.0,9.7,,2.8,,0.0,0.0
滨州,jma_seamless,2025-03-07,6,2025-03-13,15.8,5.6,5.2,3.4,,29.7,9.7,,28.2,,0.0,0.0
滨州,jma_seamless,2025-03-06,7,2025-03-13,19.4,4.2,5.8,2.5,,38.8,6.8,,32.0,,0.0,0.0
滨州,ecmwf_ifs025,2025-03-13,1,2025-03-14,15.1,2.3,3.7,-1.2,,40.5,13.0,,61.4,12.23,0.0,
滨州,ecmwf_ifs025,2025-03-12,2,2025-03-14,15.6,3.4,3.5,-0.0,,39.3,13.9,,69.2,13.98,0.0,
滨州,ecmwf_ifs025,2025-03-11,3,2025-03-14,15.5,3.7,3.8,0.4,,38.4,13.6,,73.1,13.47,0.0,
滨州,ecmwf_ifs025,2025-03-10,4,2025-03-14,12.3,1.8,2.6,-1.6,,45.4,12.1,,60.1,7.58,0.0,
滨州,ecmwf_ifs025,2025-03-09,5,2025-03-14,13.5,1.5,3.2,-1.3,,51.7,9.0,,57.1,7.08,0.3,
滨州,ecmwf_ifs025,2025-03-08,6,2025-03-14,15.1,4.2,4.8,2.0,,49.7,8.7,,66.6,14.09,1.5,
滨州,ecmwf_ifs025,2025-03-07,7,2025-03-14,13.0,5.8,4.3,3.8,,42.4,9.3,,47.1,15.2,0.0,
滨州,gfs_seamless,2025-03-13,1,2025-03-14,15.3,6.5,4.8,3.5,,29.3,15.4,41.4,79.4,13.01,0.0,0.0
滨州,gfs_seamless,2025-03-12,2,2025-03-14,16.6,6.6,6.1,4.0,,28.4,13.4,32.8,76.7,15.73,0.0,0.0
滨州,gfs_seamless,2025-03-11,3,2025-03-14,15.8,5.5,5.0,2.4,,30.8,14.7,37.8,74.0,15.77,0.0,0.0
滨州,gfs_seamless,2025-03-10,4,2025-03-14,15.4,5.5,4.5,2.4,,32.2,15.1,40.7,95.8,15.48,0.0,0.0
滨州,gfs_seamless,2025-03-09,5,2025-03-14,13.8,4.1,3.3,0.5,,42.5,15.9,46.8,100.0,12.91,0.0,0.0
滨州,gfs_seamless,2025-03-08,6,2025-03-14,16.0,4.7,5.8,2.0,,36.3,11.7,36.7,98.0,17.81,0.0,0.0
滨州,gfs_seamless,2025-03-07,7,2025-03-14,15.2,4.6,5.4,1.8,,31.3,11.9,37.8,95.8,15.98,0.0,0.0
滨州,jma_seamless,2025-03-13,1,2025-03-14,15.5,6.3,5.0,4.1,,28.8,10.8,,53.4,,0.0,0.0
滨州,jma_seamless,2025-03-12,2,2025-03-14,15.7,6.3,5.4,4.1,,31.5,10.5,,51.4,,0.0,0.0
滨州,jma_seamless,2025-03-11,3,2025-03-14,15.5,6.1,5.5,3.9,,33.5,10.2,,61.0,,0.0,0.0
滨州,jma_seamless,2025-03-10,4,2025-03-14,13.9,7.0,5.6,5.4,,23.9,8.2,,79.2,,0.0,0.0
滨州,jma_seamless,2025-03-09,5,2025-03-14,15.3,6.9,6.0,5.8,,26.9,6.3,,75.0,,0.0,0.0
滨州,jma_seamless,2025-03-08,6,2025-03-14,12.4,4.5,4.5,2.4,,36.8,8.4,,75.0,,0.0,0.0
滨州,jma_seamless,2025-03-07,7,2025-03-14,15.2,3.8,4.6,1.7,,33.7,8.0,,77.8,,0.0,0.0
滨州,ecmwf_ifs025,2025-03-14,1,2025-03-15,9.5,0.6,0.5,-3.2,,45.7,12.5,,54.2,9.5,0.0,
滨州,ecmwf_ifs025,2025-03-13,2,2025-03-15,9.6,2.6,0.5,-1.1,,45.6,14.4,,54.3,10.0,0.3,
滨州,ecmwf_ifs025,2025-03-12,3,2025-03-15,10.7,3.5,0.8,-0.1,,43.1,15.1,,73.6,11.47,0.0,
滨州,ecmwf_ifs025,2025-03-11,4,2025-03-15,9.6,3.3,1.2,-0.3,,40.6,14.5,,74.1,10.43,0.0,
滨州,ecmwf_ifs025,2025-03-10,5,2025-03-15,10.6,4.1,2.4,1.7,,52.4,9.4,,74.5,6.94,0.0,
滨州,ecmwf_ifs025,2025-03-09,6,2025-03-15,6.4,1.8,-0.2,-1.7,,61.0,12.2,,83.0,12.22,1.5,
滨州,ecmwf_ifs025,2025-03-08,7,2025-03-15,13.2,2.6,3.1,-0.7,,61.0,12.0,,41.0,25.26,1.2,
滨州,gfs_seamless,2025-03-14,1,2025-03-15,10.9,3.0,0.9,-0.9,,42.9,15.9,32.8,95.0,14.05,0.0,0.0
滨州,gfs_seamless,2025-03-13,2,2025-03-15,10.0,2.5,0.2,-1.7,,47.0,17.4,36.0,91.4,14.56,0.0,0.0
滨州,gfs_seamless,2025-03-12,3,2025-03-15,9.8,3.1,-0.4,-1.6,,41.1,21.8,42.8,93.0,14.05,0.0,0.0
滨州,gfs_seamless,2025-03-11,4,2025-03-15,10.1,2.2,0.5,-2.0,,36.0,16.5,33.1,100.0,11.94,0.0,0.0
滨州,gfs_seamless,2025-03-10,5,2025-03-15,8.3,3.4,-0.9,-1.0,,45.1,20.7,44.6,97.0,13.74,0.0,0.0
滨州,gfs_seamless,2025-03-09,6,2025-03-15,7.9,2.3,-0.7,-2.0,,43.9,17.8,38.2,91.5,16.02,0.0,0.0
滨州,gfs_seamless,2025-03-08,7,2025-03-15,10.0,4.3,1.1,0.6,,45.0,16.8,37.1,84.9,14.36,0.0,0.0
滨州,jma_seamless,2025-03-14,1,2025-03-15,10.3,2.9,1.8,-0.1,,41.5,10.9,,69.0,,0.0,0.0
滨州,jma_seamless,2025-03-13,2,2025-03-15,11.8,2.8,2.8,-0.0,,42.6,10.2,,68.7,,0.0,0.0
滨州,jma_seamless,2025-03-12,3,2025-03-15,11.6,4.7,3.0,2.2,,39.3,10.5,,72.2,,0.0,0.0
滨州,jma_seamless,2025-03-11,4,2025-03-15,12.3,4.3,3.6,2.2,,42.0,8.5,,72.4,,0.0,0.0
滨州,jma_seamless,2025-03-10,5,2025-03-15,12.4,2.4,3.7,,,50.9,4.6,,57.0,,1.8,0.0
滨州,jma_seamless,2025-03-09,6,2025-03-15,12.9,3.6,5.0,,,52.9,3.9,,31.4,,2.4,0.0
滨州,jma_seamless,2025-03-08,7,2025-03-15,10.6,2.6,3.9,1.0,,62.6,6.0,,62.5,,0.0,0.0
滨州,ecmwf_ifs025,2025-03-15,1,2025-03-16,8.4,0.2,-1.9,-4.1,,37.0,14.8,,21.8,19.0,0.3,
滨州,ecmwf_ifs025,2025-03-14,2,2025-03-16,8.6,-0.0,-1.4,-4.4,,37.3,14.9,,4.8,18.63,0.0,
滨州,ecmwf_ifs025,2025-03-13,3,2025-03-16,9.4,0.4,-0.6,-3.6,,34.8,13.3,,27.6,17.81,0.0,
滨州,ecmwf_ifs025,2025-03-12,4,2025-03-16,9.0,0.6,-0.1,-2.8,,36.5,10.7,,23.9,15.21,0.0,
滨州,ecmwf_ifs025,2025-03-11,5,2025-03-16,8.4,1.2,-0.3,-2.1,,41.4,10.9,,27.5,15.71,0.3,
滨州,ecmwf_ifs025,2025-03-10,6,2025-03-16,3.0,0.6,-2.5,-3.5,,61.7,13.9,,60.5,9.05,1.2,
滨州,ecmwf_ifs025,2025-03-09,7,2025-03-16,9.0,-1.1,-0.6,-5.2,,50.6,12.2,,31.0,25.13,1.5,
滨州,gfs_seamless,2025-03-15,1,2025-03-16,9.2,0.8,-0.9,-3.7,,29.6,16.7,32.8,37.8,21.15,0.0,0.0
滨州,gfs_seamless,2025-03-14,2,2025-03-16,9.5,1.0,-0.9,-3.5,,34.2,16.8,35.3,48.2,20.91,0.0,0.0
滨州,gfs_seamless,2025-03-13,3,2025-03-16,9.3,-0.4,-0.8,-5.2,,38.4,16.6,36.4,17.4,21.32,0.0,0.0
滨州,gfs_seamless,2025-03-12,4,2025-03-16,10.7,-0.4,-0.4,-5.0,,28.8,15.3,36.0,8.8,21.28,0.0,0.0
滨州,gfs_seamless,2025-03-11,5,2025-03-16,10.6,0.3,0.5,-3.5,,27.1,12.4,30.6,13.8,21.25,0.0,0.0
滨州,gfs_seamless,2025-03-10,6,2025-03-16,9.0,0.6,-0.6,-3.5,,33.0,14.2,39.2,65.6,19.27,0.0,0.0
滨州,gfs_seamless,2025-03-09,7,2025-03-16,7.6,0.7,-2.1,-3.8,,26.3,16.6,45.0,47.3,19.85,0.0,0.0
滨州,jma_seamless,2025-03-15,1,2025-03-16,9.2,0.9,-0.4,-2.1,,30.7,9.5,,9.2,,0.0,0.0
滨州,jma_seamless,2025-03-14,2,2025-03-16,8.7,1.6,0.0,-1.1,,34.3,9.0,,14.5,,0.0,0.0
滨州,jma_seamless,2025-03-13,3,2025-03-16,7.6,2.0,-0.3,-1.2,,36.2,11.2,,20.5,,0.6,0.0
滨州,jma_seamless,2025-03-12,4,2025-03-16,8.1,2.7,-0.1,0.1,,30.7,9.2,,17.8,,0.0,0.0
滨州,jma_seamless,2025-03-11,5,2025-03-16,6.3,1.2,-1.2,-2.1,,49.5,11.1,,41.0,,1.8,0.0
滨州,jma_seamless,2025-03-10,6,2025-03-16,6.3,0.8,-1.5,-2.4,,52.8,10.3,,27.8,,3.0,0.0
滨州,jma_seamless,2025-03-09,7,2025-03-16,7.6,1.8,-0.9,-1.5,,38.4,11.6,,21.5,,0.6,0.0
滨州,ecmwf_ifs025,2025-03-16,1,2025-03-17,10.8,-0.1,-1.1,-5.2,,25.9,18.6,,8.7,18.88,0.0,
滨州,ecmwf_ifs025,2025-03-15,2,2025-03-17,11.2,-0.3,-0.9,-5.5,,24.2,19.1,,0.8,18.95,0.0,
滨州,ecmwf_ifs025,2025-03-14,3,2025-03-17,11.4,-0.5,-1.4,-6.0,,24.6,20.8,,2.6,19.22,0.0,
滨州,ecmwf_ifs025,2025-03-13,4,2025-03-17,11.3,-0.7,-1.6,-6.4,,27.5,21.7,,0.0,18.85,0.0,
滨州,ecmwf_ifs025,2025-03-12,5,2025-03-17,11.1,0.1,-1.9,-5.4,,41.2,21.8,,1.7,16.43,0.3,
滨州,ecmwf_ifs025,2025-03-11,6,2025-03-17,12.8,0.0,-0.5,-5.0,,37.7,18.6,,29.9,23.21,0.6,
滨州,ecmwf_ifs025,2025-03-10,7,2025-03-17,9.8,-1.6,-1.1,-5.3,,51.8,10.4,,22.8,25.38,0.0,
滨州,gfs_seamless,2025-03-16,1,2025-03-17,11.1,1.8,-0.8,-3.4,,21.7,23.7,65.9,25.1,21.09,0.0,0.0
滨州,gfs_seamless,2025-03-15,2,2025-03-17,10.5,2.2,-1.1,-3.0,,20.7,24.6,63.7,22.5,20.63,0.0,0.0
滨州,gfs_seamless,2025-03-14,3,2025-03-17,11.5,1.7,-1.1,-3.8,,21.4,25.8,64.8,41.7,17.02,0.0,0.0
滨州,gfs_seamless,2025-03-13,4,2025-03-17,10.0,1.0,-1.0,-4.4,,31.9,23.0,64.1,59.0,14.92,0.0,0.0
滨州,gfs_seamless,2025-03-12,5,2025-03-17,9.3,1.5,-1.1,-4.0,,25.6,25.1,60.1,25.1,21.4,0.0,0.0
滨州,gfs_seamless,2025-03-11,6,2025-03-17,8.7,3.3,-0.7,-1.4,,31.7,22.5,43.6,60.0,17.43,0.0,0.0
滨州,gfs_seamless,2025-03-10,7,2025-03-17,11.8,-1.3,-1.6,-6.4,,35.7,17.0,36.4,48.3,17.72,0.0,0.0
滨州,jma_seamless,2025-03-16,1,2025-03-17,10.7,2.4,0.5,-1.0,,16.7,12.6,,7.3,,0.0,0.0
滨州,jma_seamless,2025-03-15,2,2025-03-17,11.5,2.2,1.0,-0.9,,17.2,10.9,,8.3,,0.0,0.0
滨州,jma_seamless,2025-03-14,3,2025-03-17,12.2,1.9,1.0,-1.6,,17.8,12.6,,0.0,,0.0,0.0
滨州,jma_seamless,2025-03-13,4,2025-03-17,14.2,2.0,1.3,-1.5,,16.3,12.7,,7.0,,0.0,0.0
滨州,jma_seamless,2025-03-12,5,2025-03-17,14.7,2.9,1.9,-0.3,,24.6,12.1,,0.0,,0.0,0.0
滨州,jma_seamless,2025-03-11,6,2025-03-17,13.0,0.8,1.4,-2.3,,19.9,9.6,,0.0,,0.0,0.0
滨州,jma_seamless,2025-03-10,7,2025-03-17,13.5,1.5,1.6,-1.5,,17.2,9.9,,15.0,,0.0,0.0
滨州,ecmwf_ifs025,2025-03-17,1,2025-03-18,10.3,-0.5,-0.4,-4.4,,29.6,11.9,,0.2,19.09,0.0,
滨州,ecmwf_ifs025,2025-03-16,2,2025-03-18,10.1,-0.9,-0.4,-4.9,,31.1,12.1,,0.0,19.09,0.0,
滨州,ecmwf_ifs025,2025-03-15,3,2025-03-18,10.9,-0.1,0.2,-3.8,,28.6,11.4,,0.0,19.0,0.0,
滨州,ecmwf_ifs025,2025-03-14,4,2025-03-18,10.1,0.2,-0.9,-4.2,,27.1,14.9,,0.0,19.14,0.0,
滨州,ecmwf_ifs025,2025-03-13,5,2025-03-18,11.7,-0.2,-0.9,-4.7,,30.0,15.0,,0.0,19.09,0.0,
滨州,ecmwf_ifs025,2025-03-12,6,2025-03-18,7.4,-1.5,-2.4,-6.6,,43.6,17.0,,21.9,24.15,0.3,
滨州,ecmwf_ifs025,2025-03-11,7,2025-03-18,8.6,0.3,-1.3,-3.5,,39.4,12.5,,0.4,26.13,0.0,
滨州,gfs_seamless,2025-03-17,1,2025-03-18,10.2,-0.9,-0.5,-5.7,,25.4,15.8,41.0,1.3,21.65,0.0,0.0
滨州,gfs_seamless,2025-03-16,2,2025-03-18,10.8,0.7,0.5,-2.9,,25.0,11.9,31.0,0.2,21.55,0.0,0.0
滨州,gfs_seamless,2025-03-15,3,2025-03-18,13.8,-0.1,2.1,-4.2,,26.2,13.1,35.3,1.2,21.41,0.0,0.0
滨州,gfs_seamless,2025-03-14,4,2025-03-18,13.2,-1.2,0.6,-5.9,,38.8,15.1,36.7,2.0,21.39,0.0,0.0
滨州,gfs_seamless,2025-03-13,5,2025-03-18,15.0,0.2,2.0,-4.1,,31.2,14.5,40.0,3.0,21.4,0.0,0.0
滨州,gfs_seamless,2025-03-12,6,2025-03-18,12.9,1.2,1.6,-1.6,,25.9,8.8,32.4,1.9,21.36,0.0,0.0
滨州,gfs_seamless,2025-03-11,7,2025-03-18,11.3,-1.0,0.6,-5.2,,35.6,12.8,31.3,2.0,21.44,0.0,0.0
滨州,jma_seamless,2025-03-17,1,2025-03-18,9.7,1.1,0.6,-1.1,,27.1,6.9,,0.2,,0.0,0.0
滨州,jma_seamless,2025-03-16,2,2025-03-18,10.1,1.8,1.1,-0.4,,21.8,7.4,,0.0,,0.0,0.0
滨州,jma_seamless,2025-03-15,3,2025-03-18,9.4,2.0,1.4,0.3,,26.0,6.0,,0.0,,0.0,0.0
滨州,jma_seamless,2025-03-14,4,2025-03-18,11.2,1.9,2.1,,,28.5,4.3,,0.0,,0.0,0.0
滨州,jma_seamless,2025-03-13,5,2025-03-18,11.6,1.2,1.5,-0.9,,21.9,6.6,,0.0,,0.0,0.0
滨州,jma_seamless,2025-03-12,6,2025-03-18,8.2,2.3,0.2,-0.1,,21.8,8.1,,0.0,,0.0,0.0
滨州,jma_seamless,2025-03-11,7,2025-03-18,7.7,2.6,-0.0,-0.5,,28.3,11.2,,1.1,,0.0,0.0
滨州,ecmwf_ifs025,2025-03-18,1,2025-03-19,19.0,2.2,5.1,-1.5,,28.4,14.0,,0.1,19.03,0.0,
滨州,ecmwf_ifs025,2025-03-17,2,2025-03-19,18.7,2.0,4.8,-1.6,,31.6,13.2,,0.4,19.03,0.0,
滨州,ecmwf_ifs025,2025-03-16,3,2025-03-19,18.5,2.6,4.8,-1.0,,32.8,14.0,,0.0,19.03,0.0,
滨州,ecmwf_ifs025,2025-03-15,4,2025-03-19,19.4,2.8,5.2,-0.9,,31.2,14.6,,0.0,19.16,0.0,
滨州,ecmwf_ifs025,2025-03-14,5,2025-03-19,18.7,1.8,4.6,-1.9,,31.5,13.5,,0.0,19.09,0.0,
滨州,ecmwf_ifs025,2025-03-13,6,2025-03-19,18.4,-2.5,3.7,-6.2,,38.2,9.5,,0.0,24.29,0.0,
滨州,ecmwf_ifs025,2025-03-12,7,2025-03-19,14.5,-0.4,1.9,-3.7,,32.5,9.8,,18.0,26.44,0.0,
滨州,gfs_seamless,2025-03-18,1,2025-03-19,17.8,2.7,5.6,-0.8,,26.1,13.6,47.2,0.5,21.47,0.0,0.0
滨州,gfs_seamless,2025-03-17,2,2025-03-19,17.3,3.0,5.5,-0.3,,25.8,12.6,34.6,1.4,21.44,0.0,0.0
滨州,gfs_seamless,2025-03-16,3,2025-03-19,17.9,4.2,6.2,1.3,,26.7,12.0,32.4,1.5,21.39,0.0,0.0
滨州,gfs_seamless,2025-03-15,4,2025-03-19,18.8,3.6,6.5,0.6,,25.0,12.0,25.2,1.4,21.48,0.0,0.0
滨州,gfs_seamless,2025-03-14,5,2025-03-19,19.0,4.2,6.6,1.7,,25.1,10.1,21.6,0.5,21.47,0.0,0.0
滨州,gfs_seamless,2025-03-13,6,2025-03-19,18.7,2.6,7.2,0.3,,27.6,7.9,27.4,3.6,21.23,0.0,0.0
滨州,gfs_seamless,2025-03-12,7,2025-03-19,19.7,6.2,7.9,3.7,,29.0,11.9,25.9,5.3,21.16,0.0,0.0
滨州,jma_seamless,2025-03-18,1,2025-03-19,17.3,4.3,5.2,1.8,,21.2,10.3,,0.0,,0.0,0.0
滨州,jma_seamless,2025-03-17,2,2025-03-19,16.8,4.4,5.0,2.2,,22.9,8.7,,0.0,,0.0,0.0
滨州,jma_seamless,2025-03-16,3,2025-03-19,16.9,4.4,5.4,2.4,,23.8,8.2,,0.0,,0.0,0.0
滨州,jma_seamless,2025-03-15,4,2025-03-19,17.7,5.4,6.1,3.3,,22.9,9.3,,0.0,,0.0,0.0
滨州,jma_seamless,2025-03-14,5,2025-03-19,17.7,3.7,6.0,1.8,,25.0,7.4,,0.0,,0.0,0.0
滨州,jma_seamless,2025-03-13,6,2025-03-19,17.9,3.0,5.3,1.0,,23.5,7.4,,1.0,,0.0,0.0
滨州,jma_seamless,2025-03-12,7,2025-03-19,16.8,1.4,4.3,-0.7,,24.9,6.8,,0.0,,0.0,0.0
滨州,ecmwf_ifs025,2025-03-19,1,2025-03-20,23.2,6.7,8.9,4.0,,20.5,14.1,,0.0,19.72,0.0,
滨州,ecmwf_ifs025,2025-03-18,2,2025-03-20,23.0,6.6,8.6,4.0,,21.4,13.3,,0.0,19.71,0.0,
滨州,ecmwf_ifs025,2025-03-17,3,2025-03-20,23.0,6.7,8.8,3.9,,22.9,14.6,,0.0,19.66,0.0,
滨州,ecmwf_ifs025,2025-03-16,4,2025-03-20,23.2,6.9,8.9,4.0,,25.8,15.3,,0.0,19.73,0.0,
滨州,ecmwf_ifs025,2025-03-15,5,2025-03-20,23.1,6.3,9.3,3.5,,29.2,14.1,,0.0,19.55,0.0,
滨州,ecmwf_ifs025,2025-03-14,6,2025-03-20,21.9,7.5,8.6,5.1,,29.2,13.0,,0.1,24.51,0.0,
滨州,ecmwf_ifs025,2025-03-13,7,2025-03-20,21.9,5.3,8.5,2.7,,37.2,11.6,,13.8,26.63,0.0,
滨州,gfs_seamless,2025-03-19,1,2025-03-20,22.6,7.4,9.5,4.5,,17.9,16.2,52.9,0.0,22.05,0.0,0.0
滨州,gfs_seamless,2025-03-18,2,2025-03-20,22.0,7.5,9.3,4.8,,19.8,15.1,47.5,0.0,21.93,0.0,0.0
滨州,gfs_seamless,2025-03-17,3,2025-03-20,21.7,7.1,9.1,4.2,,19.8,15.7,46.8,2.1,21.93,0.0,0.0
滨州,gfs_seamless,2025-03-16,4,2025-03-20,22.4,7.7,9.4,5.0,,19.2,15.5,42.8,0.2,21.98,0.0,0.0
滨州,gfs_seamless,2025-03-15,5,2025-03-20,21.9,7.6,9.3,5.0,,20.1,14.8,34.6,0.2,21.93,0.0,0.0
滨州,gfs_seamless,2025-03-14,6,2025-03-20,22.9,8.1,9.6,5.5,,21.9,15.5,38.9,11.8,21.36,0.0,0.0
滨州,gfs_seamless,2025-03-13,7,2025-03-20,21.9,7.4,9.5,4.9,,26.2,14.0,40.7,8.8,21.29,0.0,0.0
滨州,jma_seamless,2025-03-19,1,2025-03-20,22.0,8.2,9.2,6.2,,17.3,11.7,,0.0,,0.0,0.0
滨州,jma_seamless,2025-03-18,2,2025-03-20,21.5,7.6,8.6,5.6,,18.4,10.8,,0.0,,0.0,0.0
滨州,jma_seamless,2025-03-17,3,2025-03-20,20.9,7.9,8.8,5.9,,21.8,11.0,,0.0,,0.0,0.0
滨州,jma_seamless,2025-03-16,4,2025-03-20,20.9,8.3,9.0,6.3,,19.8,11.7,,0.0,,0.0,0.0
滨州,jma_seamless,2025-03-15,5,2025-03-20,20.2,7.6,8.4,6.3,,22.6,7.7,,0.5,,0.0,0.0
滨州,jma_seamless,2025-03-14,6,2025-03-20,19.7,6.3,7.9,5.0,,26.4,6.6,,3.0,,0.0,0.0
滨州,jma_seamless,2025-03-13,7,2025-03-20,20.3,5.4,7.3,,,32.9,4.8,,0.0,,0.0,0.0
滨州,ecmwf_ifs025,2025-03-20,1,2025-03-21,25.5,7.1,11.4,4.6,,16.9,13.0,,0.0,19.15,0.0,
滨州,ecmwf_ifs025,2025-03-19,2,2025-03-21,25.4,6.3,11.0,3.7,,17.2,12.7,,0.0,19.15,0.0,
滨州,ecmwf_ifs025,2025-03-18,3,2025-03-21,25.0,7.0,10.9,4.5,,15.4,13.0,,0.0,19.32,0.0,
滨州,ecmwf_ifs025,2025-03-17,4,2025-03-21,24.5,7.2,10.2,4.5,,16.6,14.6,,0.0,19.4,0.0,
滨州,ecmwf_ifs025,2025-03-16,5,2025-03-21,25.0,7.1,10.5,4.5,,18.2,13.6,,0.0,19.2,0.0,
滨州,ecmwf_ifs025,2025-03-15,6,2025-03-21,22.9,7.9,10.1,5.6,,24.5,13.2,,0.0,24.66,0.0,
滨州,ecmwf_ifs025,2025-03-14,7,2025-03-21,23.2,6.1,8.8,3.8,,27.0,10.8,,0.0,26.94,0.0,
滨州,gfs_seamless,2025-03-20,1,2025-03-21,24.7,9.6,12.2,7.5,,17.9,14.6,44.3,0.2,21.58,0.0,0.0
滨州,gfs_seamless,2025-03-19,2,2025-03-21,24.4,9.5,12.0,7.4,,17.9,14.0,34.6,1.1,21.64,0.0,0.0
滨州,gfs_seamless,2025-03-18,3,2025-03-21,24.0,9.3,12.2,7.4,,22.1,12.6,34.6,0.0,21.51,0.0,0.0
滨州,gfs_seamless,2025-03-17,4,2025-03-21,23.4,9.2,11.8,7.1,,22.1,13.6,32.8,0.0,21.4,0.0,0.0
滨州,gfs_seamless,2025-03-16,5,2025-03-21,23.8,9.4,11.4,7.1,,17.9,15.5,50.8,1.6,21.99,0.0,0.0
滨州,gfs_seamless,2025-03-15,6,2025-03-21,22.8,8.9,11.1,7.2,,20.0,10.9,23.4,0.0,21.64,0.0,0.0
滨州,gfs_seamless,2025-03-14,7,2025-03-21,21.8,9.4,10.3,7.6,,20.5,12.2,27.4,0.8,21.74,0.0,0.0
滨州,jma_seamless,2025-03-20,1,2025-03-21,24.4,10.4,11.7,,,14.6,10.8,,0.0,,0.0,0.0
滨州,jma_seamless,2025-03-19,2,2025-03-21,23.5,9.3,11.0,7.7,,15.8,10.6,,0.0,,0.0,0.0
滨州,jma_seamless,2025-03-18,3,2025-03-21,23.7,9.7,10.8,8.1,,14.0,11.0,,0.0,,0.0,0.0
滨州,jma_seamless,2025-03-17,4,2025-03-21,22.6,10.1,11.1,,,17.1,9.8,,0.0,,0.0,0.0
滨州,jma_seamless,2025-03-16,5,2025-03-21,20.4,8.5,10.1,6.8,,26.3,10.0,,2.7,,0.0,0.0
滨州,jma_seamless,2025-03-15,6,2025-03-21,20.4,6.7,8.2,5.8,,29.3,5.7,,12.3,,0.0,0.0
滨州,jma_seamless,2025-03-14,7,2025-03-21,19.3,4.9,8.5,3.9,,35.0,5.2,,0.0,,0.0,0.0
滨州,ecmwf_ifs025,2025-03-21,1,2025-03-22,27.5,11.5,13.7,,26.3,14.5,13.7,,0.0,19.82,0.0,
滨州,ecmwf_ifs025,2025-03-20,2,2025-03-22,27.5,11.4,13.5,,26.3,15.7,14.0,,0.0,19.74,0.0,
滨州,ecmwf_ifs025,2025-03-19,3,2025-03-22,27.0,11.2,13.1,,26.1,14.6,14.6,,0.0,19.93,0.0,
滨州,ecmwf_ifs025,2025-03-18,4,2025-03-22,27.1,10.5,12.9,,26.0,14.9,14.5,,0.0,19.82,0.0,
滨州,ecmwf_ifs025,2025-03-17,5,2025-03-22,27.1,11.3,13.3,,26.1,16.1,12.4,,0.0,19.53,0.0,
滨州,ecmwf_ifs025,2025-03-16,6,2025-03-22,25.4,12.3,13.9,,,24.2,10.8,,0.0,24.87,0.0,
滨州,ecmwf_ifs025,2025-03-15,7,2025-03-22,23.5,10.8,12.2,,,23.9,14.5,,0.0,27.13,0.0,
滨州,gfs_seamless,2025-03-21,1,2025-03-22,26.8,10.9,13.5,,,15.5,16.2,43.9,0.0,22.22,0.0,0.0
滨州,gfs_seamless,2025-03-20,2,2025-03-22,26.3,10.9,12.7,,,13.9,18.1,45.4,0.0,22.44,0.0,0.0
滨州,gfs_seamless,2025-03-19,3,2025-03-22,26.3,10.8,13.0,,,16.3,17.5,52.9,0.0,22.15,0.0,0.0
滨州,gfs_seamless,2025-03-18,4,2025-03-22,25.5,11.1,13.5,,,17.1,14.6,49.0,0.0,22.2,0.0,0.0
滨州,gfs_seamless,2025-03-17,5,2025-03-22,26.8,11.7,13.7,,,16.7,17.5,52.9,0.7,22.11,0.0,0.0
滨州,gfs_seamless,2025-03-16,6,2025-03-22,19.2,9.6,9.2,7.4,,25.1,15.0,43.2,0.3,21.63,0.0,0.0
滨州,gfs_seamless,2025-03-15,7,2025-03-22,26.1,9.9,12.4,8.0,,20.6,13.7,35.6,2.5,21.68,0.0,0.0
滨州,jma_seamless,2025-03-21,1,2025-03-22,25.7,12.8,13.4,,,12.7,11.6,,1.8,,0.0,0.0
滨州,jma_seamless,2025-03-20,2,2025-03-22,25.7,12.8,13.5,,,16.1,11.5,,0.4,,0.0,0.0
滨州,jma_seamless,2025-03-19,3,2025-03-22,25.6,12.6,13.1,,,13.9,11.9,,1.5,,0.0,0.0
滨州,jma_seamless,2025-03-18,4,2025-03-22,25.6,12.6,13.6,,,17.1,10.4,,0.0,,0.0,0.0
滨州,jma_seamless,2025-03-17,5,2025-03-22,24.6,12.5,13.3,,,21.6,12.2,,0.0,,0.0,0.0
滨州,jma_seamless,2025-03-16,6,2025-03-22,25.2,9.8,12.6,8.3,,25.4,10.3,,0.0,,0.0,0.0
滨州,jma_seamless,2025-03-15,7,2025-03-22,22.7,10.8,12.5,,,29.8,8.6,,0.0,,0.0,0.0
滨州,ecmwf_ifs025,2025-03-22,1,2025-03-23,26.1,11.3,12.8,,,14.8,15.5,,13.7,14.81,0.0,
滨州,ecmwf_ifs025,2025-03-21,2,2025-03-23,25.8,11.1,12.6,,,15.1,15.5,,18.3,12.82,0.0,
滨州,ecmwf_ifs025,2025-03-20,3,2025-03-23,25.8,10.6,12.3,,,17.2,14.3,,31.4,14.05,0.0,
滨州,ecmwf_ifs025,2025-03-19,4,2025-03-23,25.6,10.2,12.2,,,15.4,13.4,,10.3,14.52,0.0,
滨州,ecmwf_ifs025,2025-03-18,5,2025-03-23,25.7,9.9,12.1,7.8,,12.8,14.7,,15.7,14.1,0.0,
滨州,ecmwf_ifs025,2025-03-17,6,2025-03-23,24.7,12.2,13.2,,,26.8,13.2,,12.2,24.62,0.0,
滨州,ecmwf_ifs025,2025-03-16,7,2025-03-23,28.2,11.9,15.5,,27.1,25.6,13.6,,0.0,27.37,0.0,
滨州,gfs_seamless,2025-03-22,1,2025-03-23,25.9,12.6,12.1,,,13.0,19.8,46.4,53.1,16.04,0.0,0.0
滨州,gfs_seamless,2025-03-21,2,2025-03-23,26.2,11.3,12.1,,,13.0,21.0,49.3,44.0,17.93,0.0,0.0
滨州,gfs_seamless,2025-03-20,3,2025-03-23,26.0,11.4,12.8,,,14.5,16.8,36.4,20.8,20.87,0.0,0.0
滨州,gfs_seamless,2025-03-19,4,2025-03-23,27.1,11.7,14.1,,26.2,13.9,13.6,44.3,0.0,22.2,0.0,0.0
滨州,gfs_seamless,2025-03-18,5,2025-03-23,26.9,11.8,13.7,,,14.0,15.0,30.6,13.3,21.85,0.0,0.0
滨州,gfs_seamless,2025-03-17,6,2025-03-23,25.7,8.3,11.6,5.8,,28.2,15.3,39.6,38.2,19.32,0.0,0.0
滨州,gfs_seamless,2025-03-16,7,2025-03-23,27.2,9.7,13.2,7.4,26.3,22.5,16.5,42.8,16.4,21.99,0.0,0.0
滨州,jma_seamless,2025-03-22,1,2025-03-23,25.9,13.4,13.4,,,10.0,13.5,,42.3,,0.0,0.0
滨州,jma_seamless,2025-03-21,2,2025-03-23,23.6,12.7,12.6,,,11.6,12.8,,44.7,,0.0,0.0
滨州,jma_seamless,2025-03-20,3,2025-03-23,24.0,13.1,12.7,,,12.2,11.2,,52.1,,0.0,0.0
滨州,jma_seamless,2025-03-19,4,2025-03-23,24.0,13.4,13.0,,,13.8,10.7,,41.3,,0.0,0.0
滨州,jma_seamless,2025-03-18,5,2025-03-23,24.9,14.1,13.9,,,16.8,8.7,,33.8,,0.0,0.0
滨州,jma_seamless,2025-03-17,6,2025-03-23,26.2,11.4,13.5,,,23.8,7.3,,0.0,,0.0,0.0
滨州,jma_seamless,2025-03-16,7,2025-03-23,25.5,13.2,14.4,,,21.4,9.0,,0.0,,0.0,0.0
滨州,ecmwf_ifs025,2025-03-23,1,2025-03-24,16.3,8.2,8.3,5.4,,23.7,17.2,,8.4,19.78,0.0,
滨州,ecmwf_ifs025,2025-03-22,2,2025-03-24,16.3,7.7,7.8,4.7,,20.2,18.0,,10.9,19.59,0.0,
滨州,ecmwf_ifs025,2025-03-21,3,2025-03-24,16.1,7.1,8.0,4.1,,26.1,16.5,,16.2,19.69,0.0,
滨州,ecmwf_ifs025,2025-03-20,4,2025-03-24,19.2,7.4,8.6,4.9,,24.9,13.7,,11.2,19.66,0.0,
滨州,ecmwf_ifs025,2025-03-19,5,2025-03-24,24.4,11.4,11.0,,,27.5,14.9,,9.2,19.76,0.0,
滨州,ecmwf_ifs025,2025-03-18,6,2025-03-24,29.3,6.2,12.7,3.0,27.7,19.2,16.9,,0.2,25.27,0.0,
滨州,ecmwf_ifs025,2025-03-17,7,2025-03-24,28.3,13.7,15.5,,27.1,24.5,18.2,,2.2,27.78,0.0,
滨州,gfs_seamless,2025-03-23,1,2025-03-24,18.3,8.7,7.2,5.4,,22.6,23.5,54.0,10.7,22.05,0.0,0.0
滨州,gfs_seamless,2025-03-22,2,2025-03-24,16.0,7.3,6.7,3.6,,22.4,23.9,60.5,9.5,22.3,0.0,0.0
滨州,gfs_seamless,2025-03-21,3,2025-03-24,15.3,6.6,5.7,2.6,,24.0,24.4,63.7,25.9,21.6,0.0,0.0
滨州,gfs_seamless,2025-03-20,4,2025-03-24,16.0,6.3,6.6,2.4,,23.1,22.7,61.9,29.8,21.69,0.0,0.0
滨州,gfs_seamless,2025-03-19,5,2025-03-24,28.8,11.1,13.8,,27.3,21.2,21.8,52.6,22.8,22.55,0.0,0.0
滨州,gfs_seamless,2025-03-18,6,2025-03-24,24.4,8.0,9.1,5.1,,25.5,17.8,49.0,20.1,22.26,0.0,0.0
滨州,gfs_seamless,2025-03-17,7,2025-03-24,30.1,10.7,14.0,,28.4,21.6,25.7,61.9,20.7,22.32,0.0,0.0
滨州,jma_seamless,2025-03-23,1,2025-03-24,17.7,11.4,10.1,,,17.2,13.8,,5.1,,0.0,0.0
滨州,jma_seamless,2025-03-22,2,2025-03-24,16.9,9.8,9.4,7.8,,14.6,13.7,,6.0,,0.0,0.0
滨州,jma_seamless,2025-03-21,3,2025-03-24,16.6,8.8,8.8,6.8,,16.7,12.1,,9.7,,0.0,0.0
滨州,jma_seamless,2025-03-20,4,2025-03-24,15.7,8.3,8.1,6.2,,15.5,12.3,,28.6,,0.0,0.0
滨州,jma_seamless,2025-03-19,5,2025-03-24,26.3,10.3,12.3,,,18.5,10.6,,9.1,,0.0,0.0
滨州,jma_seamless,2025-03-18,6,2025-03-24,27.3,9.9,12.4,8.1,26.3,19.6,12.3,,0.8,,0.0,0.0
滨州,jma_seamless,2025-03-17,7,2025-03-24,26.7,9.7,13.0,7.7,,24.3,13.6,,5.0,,0.0,0.0
滨州,ecmwf_ifs025,2025-03-24,1,2025-03-25,21.7,8.1,11.4,5.2,,21.6,17.6,,15.3,20.34,0.0,
滨州,ecmwf_ifs025,2025-03-23,2,2025-03-25,22.7,7.6,10.5,4.5,,22.2,18.6,,18.9,19.16,0.0,
滨州,ecmwf_ifs025,2025-03-22,3,2025-03-25,22.8,7.0,9.8,4.3,,24.1,14.5,,20.5,20.02,0.0,
滨州,ecmwf_ifs025,2025-03-21,4,2025-03-25,22.5,6.1,9.8,3.6,,28.2,11.9,,20.8,20.11,0.0,
滨州,ecmwf_ifs025,2025-03-20,5,2025-03-25,23.0,6.0,10.7,3.1,,32.4,13.9,,8.5,19.56,0.0,
滨州,ecmwf_ifs025,2025-03-19,6,2025-03-25,28.7,5.3,12.1,2.2,27.8,32.2,14.5,,37.6,25.39,0.0,
滨州,ecmwf_ifs025,2025-03-18,7,2025-03-25,21.8,7.4,10.2,4.0,,37.2,20.9,,24.0,27.75,0.0,
滨州,gfs_seamless,2025-03-24,1,2025-03-25,23.2,8.9,11.0,5.6,,20.4,23.8,68.8,26.1,22.76,0.0,0.0
滨州,gfs_seamless,2025-03-23,2,2025-03-25,22.0,7.4,8.6,3.9,,24.3,21.9,54.7,44.3,21.85,0.0,0.0
滨州,gfs_seamless,2025-03-22,3,2025-03-25,22.4,6.2,8.7,2.7,,26.6,19.4,58.7,42.5,21.02,0.0,0.0
滨州,gfs_seamless,2025-03-21,4,2025-03-25,22.8,6.1,8.9,2.8,,25.7,17.0,46.8,20.2,22.08,0.0,0.0
滨州,gfs_seamless,2025-03-20,5,2025-03-25,23.5,4.9,9.4,1.5,,30.2,15.7,46.1,23.9,22.04,0.0,0.0
滨州,gfs_seamless,2025-03-19,6,2025-03-25,26.6,7.3,12.7,4.4,,32.2,16.4,57.6,64.3,13.58,0.0,0.0
滨州,gfs_seamless,2025-03-18,7,2025-03-25,26.7,7.3,10.8,4.6,,35.2,14.6,60.1,77.5,19.77,0.0,0.0
滨州,jma_seamless,2025-03-24,1,2025-03-25,22.5,11.7,12.5,,,20.1,13.9,,2.3,,0.0,0.0
滨州,jma_seamless,2025-03-23,2,2025-03-25,22.7,9.3,11.9,7.4,,20.6,12.3,,15.8,,0.0,0.0
滨州,jma_seamless,2025-03-22,3,2025-03-25,21.9,8.2,10.5,6.2,,20.5,11.6,,8.1,,0.0,0.0
滨州,jma_seamless,2025-03-21,4,2025-03-25,21.0,7.8,9.3,5.8,,21.0,11.2,,18.2,,0.0,0.0
滨州,jma_seamless,2025-03-20,5,2025-03-25,18.4,8.5,8.4,6.9,,26.3,9.9,,2.5,,0.0,0.0
滨州,jma_seamless,2025-03-19,6,2025-03-25,22.7,9.0,11.0,7.7,,28.9,8.7,,31.8,,0.0,0.0
滨州,jma_seamless,2025-03-18,7,2025-03-25,20.4,9.6,10.9,7.5,,22.2,14.4,,38.2,,0.0,0.0
滨州,ecmwf_ifs025,2025-03-25,1,2025-03-26,26.2,10.5,11.0,,,35.9,15.1,,58.5,,,
滨州,ecmwf_ifs025,2025-03-24,2,2025-03-26,23.5,7.4,9.7,4.5,,39.7,16.2,,60.8,,,
滨州,ecmwf_ifs025,2025-03-23,3,2025-03-26,21.7,7.9,9.0,5.3,,43.2,15.3,,38.9,,,
滨州,ecmwf_ifs025,2025-03-22,4,2025-03-26,24.3,9.7,10.7,7.7,,35.2,13.5,,34.1,,,
滨州,ecmwf_ifs025,2025-03-21,5,2025-03-26,26.1,9.5,12.0,7.5,,33.6,13.4,,62.5,,,
滨州,ecmwf_ifs025,2025-03-20,6,2025-03-26,22.1,8.9,11.0,6.5,,41.3,15.1,,56.0,,,
滨州,ecmwf_ifs025,2025-03-19,7,2025-03-26,21.1,6.4,10.0,2.4,,26.6,23.7,,40.5,,,
滨州,gfs_seamless,2025-03-25,1,2025-03-26,25.0,10.5,9.8,,,32.5,21.4,66.2,92.8,17.56,0.0,0.0
滨州,gfs_seamless,2025-03-24,2,2025-03-26,23.5,8.9,9.3,5.9,,33.2,20.9,60.1,98.5,17.22,0.0,0.0
滨州,gfs_seamless,2025-03-23,3,2025-03-26,23.5,8.8,10.2,6.2,,35.8,16.9,56.2,100.0,17.26,0.0,0.0
滨州,gfs_seamless,2025-03-22,4,2025-03-26,28.5,11.6,12.8,,27.8,34.9,19.2,54.7,81.0,19.12,0.0,0.0
滨州,gfs_seamless,2025-03-21,5,2025-03-26,30.1,13.6,17.4,,29.9,40.7,17.7,63.0,92.0,15.58,0.2,0.0
滨州,gfs_seamless,2025-03-20,6,2025-03-26,32.5,12.1,16.9,,32.0,34.0,20.4,55.4,60.2,20.91,0.0,0.0
滨州,gfs_seamless,2025-03-19,7,2025-03-26,20.2,6.8,7.6,3.2,,40.7,21.3,67.7,71.2,17.68,0.1,0.0
滨州,jma_seamless,2025-03-25,1,2025-03-26,25.3,11.6,12.0,,,28.5,11.6,,,,0.0,0.0
滨州,jma_seamless,2025-03-24,2,2025-03-26,26.1,12.6,13.1,,,24.8,11.9,,,,0.0,0.0
滨州,jma_seamless,2025-03-23,3,2025-03-26,23.8,13.1,13.3,,,28.2,10.4,,,,0.0,0.0
滨州,jma_seamless,2025-03-22,4,2025-03-26,23.8,13.3,14.4,,,27.2,12.7,,,,0.0,0.0
滨州,jma_seamless,2025-03-21,5,2025-03-26,26.6,9.4,12.7,7.7,,27.0,11.0,,,,0.0,0.0
滨州,jma_seamless,2025-03-20,6,2025-03-26,27.6,10.6,14.4,,26.7,26.0,12.8,,,,0.3,0.0
滨州,jma_seamless,2025-03-19,7,2025-03-26,25.5,11.4,16.7,,,36.5,6.3,,,,0.9,0.0
滨州,ecmwf_ifs025,2025-03-26,1,2025-03-27,13.1,4.2,5.1,0.3,,28.0,17.8,,49.8,,,
滨州,ecmwf_ifs025,2025-03-25,2,2025-03-27,13.2,5.2,5.5,1.6,,25.7,17.7,,56.5,,,
滨州,ecmwf_ifs025,2025-03-24,3,2025-03-27,14.5,6.5,5.7,3.2,,20.2,18.3,,40.7,,,
滨州,ecmwf_ifs025,2025-03-23,4,2025-03-27,13.0,6.6,4.1,3.1,,17.3,19.5,,46.3,,,
滨州,ecmwf_ifs025,2025-03-22,5,2025-03-27,12.7,6.0,3.8,2.5,,20.6,18.9,,58.2,,,
滨州,ecmwf_ifs025,2025-03-21,6,2025-03-27,12.9,5.9,5.1,2.0,,23.2,22.2,,16.9,,,
滨州,ecmwf_ifs025,2025-03-20,7,2025-03-27,10.6,5.0,1.8,0.7,,27.8,23.5,,34.8,,,
滨州,gfs_seamless,2025-03-26,1,2025-03-27,13.9,3.8,4.0,-0.9,,23.7,24.1,61.6,71.3,13.8,0.0,0.0
滨州,gfs_seamless,2025-03-25,2,2025-03-27,14.5,5.4,4.2,1.2,,21.6,23.0,58.7,98.6,15.41,0.0,0.0
滨州,gfs_seamless,2025-03-24,3,2025-03-27,13.9,5.3,4.5,1.1,,20.0,23.2,58.7,96.1,17.37,0.0,0.0
滨州,gfs_seamless,2025-03-23,4,2025-03-27,14.7,8.4,4.2,4.7,,19.1,26.8,62.3,83.5,19.12,0.0,0.0
滨州,gfs_seamless,2025-03-22,5,2025-03-27,15.7,8.9,5.6,5.5,,18.7,25.8,56.9,90.2,18.21,0.0,0.0
滨州,gfs_seamless,2025-03-21,6,2025-03-27,14.7,5.2,3.5,0.1,,16.5,33.1,59.0,69.7,17.07,0.0,0.0
滨州,gfs_seamless,2025-03-20,7,2025-03-27,15.6,5.4,3.6,0.6,,22.9,29.8,57.2,76.4,22.08,0.0,0.0
滨州,jma_seamless,2025-03-26,1,2025-03-27,15.6,7.3,7.4,5.0,,18.4,12.5,,,,0.0,0.0
滨州,jma_seamless,2025-03-25,2,2025-03-27,16.9,9.0,8.0,6.9,,11.0,13.6,,,,0.0,0.0
滨州,jma_seamless,2025-03-24,3,2025-03-27,16.6,9.1,7.5,6.8,,9.3,14.8,,,,0.0,0.0
滨州,jma_seamless,2025-03-23,4,2025-03-27,16.3,10.7,7.4,,,8.6,14.1,,,,0.0,0.0
滨州,jma_seamless,2025-03-22,5,2025-03-27,16.3,10.7,7.7,,,11.0,16.0,,,,0.0,0.0
滨州,jma_seamless,2025-03-21,6,2025-03-27,17.8,7.3,8.8,4.3,,28.4,17.5,,,,0.3,0.0
滨州,jma_seamless,2025-03-20,7,2025-03-27,21.9,9.2,12.8,6.6,,34.4,18.1,,,,3.3,0.0
滨州,ecmwf_ifs025,2025-03-27,1,2025-03-28,10.1,1.9,1.4,-1.6,,38.1,12.6,,9.8,,,
滨州,ecmwf_ifs025,2025-03-26,2,2025-03-28,9.7,2.0,1.0,-1.5,,34.6,12.6,,15.0,,,
滨州,ecmwf_ifs025,2025-03-25,3,2025-03-28,10.6,1.4,1.0,-2.4,,46.9,13.4,,6.4,,,
滨州,ecmwf_ifs025,2025-03-24,4,2025-03-28,12.1,2.6,2.5,-0.1,,39.5,9.7,,6.0,,,
滨州,ecmwf_ifs025,2025-03-23,5,2025-03-28,10.9,2.1,2.7,-0.2,,31.8,7.8,,10.1,,,
滨州,ecmwf_ifs025,2025-03-22,6,2025-03-28,11.3,3.7,2.9,1.1,,40.0,10.0,,5.3,,,
滨州,ecmwf_ifs025,2025-03-21,7,2025-03-28,9.5,4.0,0.6,-0.3,,20.8,20.6,,2.6,,,
滨州,gfs_seamless,2025-03-27,1,2025-03-28,9.2,3.0,0.2,-1.0,,32.3,17.0,45.0,55.8,22.1,0.0,0.0
滨州,gfs_seamless,2025-03-26,2,2025-03-28,10.3,4.3,1.9,1.0,,27.4,14.0,42.8,96.1,18.71,0.0,0.0
滨州,gfs_seamless,2025-03-25,3,2025-03-28,10.5,4.1,1.4,0.3,,28.7,17.1,43.6,88.7,18.75,0.2,0.0
滨州,gfs_seamless,2025-03-24,4,2025-03-28,10.7,2.6,0.2,-2.1,,20.5,21.4,53.3,87.5,20.46,0.3,0.1
滨州,gfs_seamless,2025-03-23,5,2025-03-28,9.0,1.8,-0.8,-3.2,,23.8,21.7,58.7,59.9,23.07,0.0,0.0
滨州,gfs_seamless,2025-03-22,6,2025-03-28,8.4,1.7,-2.9,-4.1,,12.3,28.8,58.3,11.2,23.96,0.0,0.0
滨州,gfs_seamless,2025-03-21,7,2025-03-28,10.1,2.8,-1.3,-2.5,,11.0,26.9,63.0,35.9,22.59,0.0,0.0
滨州,jma_seamless,2025-03-27,1,2025-03-28,10.4,4.8,2.6,2.4,,28.0,10.0,,,,0.0,0.0
滨州,jma_seamless,2025-03-26,2,2025-03-28,12.6,5.7,3.8,3.5,,21.0,9.8,,,,0.0,0.0
滨州,jma_seamless,2025-03-25,3,2025-03-28,12.8,4.3,2.5,1.6,,22.2,11.1,,,,0.0,0.0
滨州,jma_seamless,2025-03-24,4,2025-03-28,12.2,4.4,2.1,0.6,,9.7,17.6,,,,0.0,0.0
滨州,jma_seamless,2025-03-23,5,2025-03-28,11.1,5.1,0.9,1.0,,9.1,21.6,,,,0.0,0.0
滨州,jma_seamless,2025-03-22,6,2025-03-28,9.8,4.4,0.3,1.0,,7.9,15.1,,,,0.0,0.0
滨州,jma_seamless,2025-03-21,7,2025-03-28,11.0,4.1,1.1,0.5,,7.5,15.7,,,,0.0,0.0
滨州,ecmwf_ifs025,2025-03-28,1,2025-03-29,11.1,-0.3,-0.1,-4.3,,21.1,12.6,,0.0,,,
滨州,ecmwf_ifs025,2025-03-27,2,2025-03-29,11.8,-0.5,0.4,-4.5,,19.5,12.2,,0.1,,,
滨州,ecmwf_ifs025,2025-03-26,3,2025-03-29,11.7,-0.5,0.3,-4.5,,17.9,12.5,,0.1,,,
滨州,ecmwf_ifs025,2025-03-25,4,2025-03-29,11.4,0.1,0.3,-3.8,,16.5,12.4,,0.0,,,
滨州,ecmwf_ifs025,2025-03-24,5,2025-03-29,12.2,1.2,1.3,-2.2,,18.8,11.3,,1.8,,,
滨州,ecmwf_ifs025,2025-03-23,6,2025-03-29,9.6,2.7,0.7,-0.4,,21.2,11.2,,6.2,,,
滨州,ecmwf_ifs025,2025-03-22,7,2025-03-29,9.8,1.1,0.0,-2.1,,21.0,10.6,,0.6,,,
滨州,gfs_seamless,2025-03-28,1,2025-03-29,10.9,-0.4,-0.1,-4.7,,21.2,14.0,37.1,1.1,24.36,0.0,0.0
滨州,gfs_seamless,2025-03-27,2,2025-03-29,11.3,0.2,0.3,-4.1,,16.8,14.8,37.4,7.8,24.24,0.0,0.0
滨州,gfs_seamless,2025-03-26,3,2025-03-29,11.8,-0.1,0.2,-4.7,,15.5,16.0,40.7,4.6,24.25,0.0,0.0
滨州,gfs_seamless,2025-03-25,4,2025-03-29,11.3,-0.8,0.1,-5.3,,13.6,14.5,41.4,8.2,24.22,0.0,0.0
滨州,gfs_seamless,2025-03-24,5,2025-03-29,11.8,-0.4,-1.0,-5.2,,18.0,16.5,48.2,0.5,24.18,0.0,0.0
滨州,gfs_seamless,2025-03-23,6,2025-03-29,14.7,-0.6,2.0,-4.9,,15.7,13.8,51.8,0.8,23.88,0.0,0.0
滨州,gfs_seamless,2025-03-22,7,2025-03-29,11.2,1.1,0.2,-3.1,,17.4,15.2,45.7,24.6,23.43,0.0,0.0
滨州,jma_seamless,2025-03-28,1,2025-03-29,11.9,2.9,1.7,0.5,,14.1,8.6,,,,0.0,0.0
滨州,jma_seamless,2025-03-27,2,2025-03-29,12.1,3.7,2.0,1.4,,7.9,8.9,,,,0.0,0.0
滨州,jma_seamless,2025-03-26,3,2025-03-29,12.3,2.8,2.0,0.9,,8.9,7.0,,,,0.0,0.0
滨州,jma_seamless,2025-03-25,4,2025-03-29,13.3,2.7,2.2,0.4,,9.0,8.0,,,,0.0,0.0
滨州,jma_seamless,2025-03-24,5,2025-03-29,12.4,2.8,2.2,0.7,,8.8,7.6,,,,0.0,0.0
滨州,jma_seamless,2025-03-23,6,2025-03-29,14.0,3.3,2.3,1.0,,9.2,8.6,,,,0.0,0.0
滨州,jma_seamless,2025-03-22,7,2025-03-29,15.9,2.5,3.5,-0.5,,8.2,10.8,,,,0.0,0.0
滨州,ecmwf_ifs025,2025-03-29,1,2025-03-30,15.9,0.1,3.9,-2.6,,31.0,7.8,,6.8,,,
滨州,ecmwf_ifs025,2025-03-28,2,2025-03-30,15.9,0.1,4.1,-2.0,,25.4,6.3,,18.0,,,
滨州,ecmwf_ifs025,2025-03-27,3,2025-03-30,16.9,0.4,4.3,-2.3,,24.5,8.2,,24.8,,,
滨州,ecmwf_ifs025,2025-03-26,4,2025-03-30,16.5,1.1,4.2,-1.5,,23.2,8.3,,18.5,,,
滨州,ecmwf_ifs025,2025-03-25,5,2025-03-30,15.5,1.1,4.0,-0.6,,29.1,5.7,,18.4,,,
滨州,ecmwf_ifs025,2025-03-24,6,2025-03-30,17.0,0.8,3.4,-2.1,,25.6,9.1,,17.0,,,
滨州,ecmwf_ifs025,2025-03-23,7,2025-03-30,13.8,-1.0,1.9,-4.0,,20.0,8.3,,0.0,,,
滨州,gfs_seamless,2025-03-29,1,2025-03-30,14.4,0.4,3.0,-2.5,,21.7,8.9,36.7,1.2,24.02,0.0,0.0
滨州,gfs_seamless,2025-03-28,2,2025-03-30,14.8,0.2,3.5,-2.2,,17.6,7.1,18.4,2.2,24.04,0.0,0.0
滨州,gfs_seamless,2025-03-27,3,2025-03-30,15.2,1.3,4.0,-1.5,,18.6,9.1,29.5,15.2,24.02,0.0,0.0
滨州,gfs_seamless,2025-03-26,4,2025-03-30,17.0,1.8,4.3,-1.7,,19.4,12.2,32.4,31.5,23.68,0.0,0.0
滨州,gfs_seamless,2025-03-25,5,2025-03-30,17.1,0.4,3.7,-4.0,,22.2,15.3,36.4,23.6,23.77,0.0,0.0
滨州,gfs_seamless,2025-03-24,6,2025-03-30,17.0,5.4,4.8,1.8,,20.0,18.4,52.2,46.7,23.46,0.0,0.0
滨州,gfs_seamless,2025-03-23,7,2025-03-30,19.2,2.6,6.2,-1.9,,22.5,19.2,59.0,46.3,21.2,0.0,0.0
滨州,jma_seamless,2025-03-29,1,2025-03-30,15.8,2.4,4.0,,,14.2,4.3,,,,0.0,0.0
滨州,jma_seamless,2025-03-28,2,2025-03-30,13.6,1.0,3.1,,,16.5,3.2,,,,0.0,0.0
滨州,jma_seamless,2025-03-27,3,2025-03-30,15.0,1.7,3.8,,,16.8,3.8,,,,0.0,0.0
滨州,jma_seamless,2025-03-26,4,2025-03-30,14.3,3.5,4.2,,,18.1,4.0,,,,0.0,0.0
滨州,jma_seamless,2025-03-25,5,2025-03-30,16.1,5.0,5.3,3.0,,23.3,8.5,,,,0.0,0.0
滨州,jma_seamless,2025-03-24,6,2025-03-30,18.8,5.7,6.2,3.2,,11.9,11.4,,,,0.0,0.0
滨州,jma_seamless,2025-03-23,7,2025-03-30,19.5,6.6,7.0,4.4,,11.9,10.8,,,,0.0,0.0
滨州,ecmwf_ifs025,2025-03-30,1,2025-03-31,19.3,5.2,7.4,1.7,,34.9,16.7,,22.2,,,
滨州,ecmwf_ifs025,2025-03-29,2,2025-03-31,19.4,3.2,7.1,-0.5,,36.2,15.4,,18.1,,,
滨州,ecmwf_ifs025,2025-03-28,3,2025-03-31,19.5,5.3,7.9,2.0,,33.3,15.6,,3.8,,,
滨州,ecmwf_ifs025,2025-03-27,4,2025-03-31,20.4,4.9,7.9,1.3,,31.2,16.9,,3.4,,,
滨州,ecmwf_ifs025,2025-03-26,5,2025-03-31,20.4,6.0,8.1,2.7,,29.0,17.0,,25.5,,,
滨州,ecmwf_ifs025,2025-03-25,6,2025-03-31,20.4,4.6,8.3,1.8,,29.2,11.6,,2.2,,,
滨州,ecmwf_ifs025,2025-03-24,7,2025-03-31,19.9,3.1,7.0,-0.3,,26.7,13.5,,0.9,,,
滨州,gfs_seamless,2025-03-30,1,2025-03-31,19.6,4.8,6.4,1.0,,27.2,18.2,50.8,33.1,20.53,0.0,0.0
滨州,gfs_seamless,2025-03-29,2,2025-03-31,19.7,5.6,7.0,1.7,,29.0,20.7,60.5,25.2,22.23,0.0,0.0
滨州,gfs_seamless,2025-03-28,3,2025-03-31,19.7,6.8,7.2,3.0,,26.6,23.7,58.3,44.8,23.45,0.0,0.0
滨州,gfs_seamless,2025-03-27,4,2025-03-31,20.0,6.1,7.6,2.3,,28.1,21.6,58.3,30.4,23.29,0.0,0.0
滨州,gfs_seamless,2025-03-26,5,2025-03-31,20.4,7.8,8.3,4.3,,31.9,23.0,60.8,24.1,23.37,0.0,0.0
滨州,gfs_seamless,2025-03-25,6,2025-03-31,20.9,6.8,8.4,3.3,,31.7,20.1,59.8,23.0,23.34,0.0,0.0
滨州,gfs_seamless,2025-03-24,7,2025-03-31,20.6,6.6,8.1,3.2,,34.2,18.8,57.6,5.8,23.41,0.0,0.0
滨州,jma_seamless,2025-03-30,1,2025-03-31,19.9,6.8,8.0,4.5,,19.9,11.8,,,,0.0,0.0
滨州,jma_seamless,2025-03-29,2,2025-03-31,20.0,6.4,8.2,4.1,,17.3,11.4,,,,0.0,0.0
滨州,jma_seamless,2025-03-28,3,2025-03-31,19.9,8.1,8.2,6.0,,16.2,11.9,,,,0.0,0.0
滨州,jma_seamless,2025-03-27,4,2025-03-31,20.6,7.9,8.6,5.9,,14.9,11.4,,,,0.0,0.0
滨州,jma_seamless,2025-03-26,5,2025-03-31,20.8,7.4,8.9,5.3,,17.3,11.3,,,,0.0,0.0
滨州,jma_seamless,2025-03-25,6,2025-03-31,21.2,10.1,9.8,,,17.7,11.5,,,,0.0,0.0
滨州,jma_seamless,2025-03-24,7,2025-03-31,21.4,10.0,9.9,8.6,,19.8,10.1,,,,0.0,0.0
滨州,ecmwf_ifs025,2025-03-31,1,2025-04-01,22.6,8.7,10.6,6.2,,29.6,15.6,,10.8,,,
滨州,ecmwf_ifs025,2025-03-30,2,2025-04-01,22.6,9.1,10.4,6.5,,30.0,17.2,,1.6,,,
滨州,ecmwf_ifs025,2025-03-29,3,2025-04-01,22.9,8.7,10.9,6.2,,30.8,16.2,,7.2,,,
滨州,ecmwf_ifs025,2025-03-28,4,2025-04-01,23.1,10.1,10.9,,,29.9,17.5,,2.9,,,
滨州,ecmwf_ifs025,2025-03-27,5,2025-04-01,23.6,8.1,10.2,5.2,,28.4,17.8,,0.0,,,
滨州,ecmwf_ifs025,2025-03-26,6,2025-04-01,23.6,10.6,10.5,,,25.8,17.9,,0.4,,,
滨州,ecmwf_ifs025,2025-03-25,7,2025-04-01,23.5,10.1,11.3,,,26.5,11.3,,0.3,,,
滨州,gfs_seamless,2025-03-31,1,2025-04-01,22.1,8.0,9.5,4.7,,26.7,21.3,57.6,19.1,23.84,0.0,0.0
滨州,gfs_seamless,2025-03-30,2,2025-04-01,22.0,7.6,9.6,4.2,,27.5,21.4,56.2,29.2,23.7,0.0,0.0
滨州,gfs_seamless,2025-03-29,3,2025-04-01,22.0,8.0,9.8,4.8,,25.2,20.4,60.1,25.0,23.76,0.0,0.0
滨州,gfs_seamless,2025-03-28,4,2025-04-01,21.5,9.5,9.7,6.9,,25.0,18.8,61.9,12.0,23.92,0.0,0.0
滨州,gfs_seamless,2025-03-27,5,2025-04-01,21.8,10.8,10.2,,,26.2,18.3,54.7,0.0,23.99,0.0,0.0
滨州,gfs_seamless,2025-03-26,6,2025-04-01,22.0,8.3,9.9,5.9,,29.8,14.7,50.0,2.2,23.74,0.0,0.0
滨州,gfs_seamless,2025-03-25,7,2025-04-01,20.4,6.4,8.7,3.5,,36.0,14.6,47.5,29.6,20.3,0.0,0.0
滨州,jma_seamless,2025-03-31,1,2025-04-01,21.0,12.0,10.9,,,25.8,13.4,,,,0.0,0.0
滨州,jma_seamless,2025-03-30,2,2025-04-01,21.0,12.0,10.8,,,22.2,13.2,,,,0.0,0.0
滨州,jma_seamless,2025-03-29,3,2025-04-01,21.3,12.3,11.0,,,23.6,14.3,,,,0.0,0.0
滨州,jma_seamless,2025-03-28,4,2025-04-01,21.6,11.6,10.4,,,18.4,13.9,,,,0.0,0.0
滨州,jma_seamless,2025-03-27,5,2025-04-01,21.1,10.2,10.2,,,15.8,9.3,,,,0.0,0.0
滨州,jma_seamless,2025-03-26,6,2025-04-01,22.0,12.3,11.7,,,25.5,12.6,,,,0.0,0.0
滨州,jma_seamless,2025-03-25,7,2025-04-01,21.2,7.7,10.3,6.5,,26.7,7.2,,,,0.0,0.0
滨州,ecmwf_ifs025,2025-04-01,1,2025-04-02,17.0,7.1,7.3,4.5,,29.5,13.8,,1.2,,,
滨州,ecmwf_ifs025,2025-03-31,2,2025-04-02,17.0,7.8,7.5,5.5,,26.8,12.9,,0.0,,,
滨州,ecmwf_ifs025,2025-03-30,3,2025-04-02,16.6,7.2,7.3,4.7,,28.0,13.5,,2.1,,,
滨州,ecmwf_ifs025,2025-03-29,4,2025-04-02,17.2,7.5,7.7,5.0,,28.5,13.9,,2.9,,,
滨州,ecmwf_ifs025,2025-03-28,5,2025-04-02,16.9,7.8,7.3,5.3,,31.2,14.2,,0.2,,,
滨州,ecmwf_ifs025,2025-03-27,6,2025-04-02,17.8,9.5,8.2,7.8,,20.5,11.7,,2.5,,,
滨州,ecmwf_ifs025,2025-03-26,7,2025-04-02,18.6,8.1,8.3,6.5,,24.2,9.5,,4.0,,,
滨州,gfs_seamless,2025-04-01,1,2025-04-02,17.3,8.0,7.5,5.1,,25.8,17.4,47.9,12.7,24.35,0.0,0.0
滨州,gfs_seamless,2025-03-31,2,2025-04-02,18.0,7.0,7.5,4.3,,27.5,14.4,43.9,8.0,24.29,0.0,0.0
滨州,gfs_seamless,2025-03-30,3,2025-04-02,18.2,6.6,7.9,4.0,,27.2,13.0,24.1,4.7,24.44,0.0,0.0
滨州,gfs_seamless,2025-03-29,4,2025-04-02,18.7,6.8,7.8,4.1,,23.6,14.0,42.1,9.1,24.38,0.0,0.0
滨州,gfs_seamless,2025-03-28,5,2025-04-02,20.4,8.0,9.7,7.0,,20.8,6.8,25.2,13.2,24.34,0.0,0.0
滨州,gfs_seamless,2025-03-27,6,2025-04-02,24.0,8.3,10.6,6.2,,22.2,12.5,37.4,19.1,24.12,0.0,0.0
滨州,gfs_seamless,2025-03-26,7,2025-04-02,24.8,9.0,11.5,6.9,,23.1,13.6,34.6,24.6,23.72,0.0,0.0
滨州,jma_seamless,2025-04-01,1,2025-04-02,17.2,9.6,8.8,8.3,,25.2,9.1,,,,0.0,0.0
滨州,jma_seamless,2025-03-31,2,2025-04-02,17.3,9.6,8.7,8.4,,20.8,8.8,,,,0.0,0.0
滨州,jma_seamless,2025-03-30,3,2025-04-02,17.3,10.0,8.8,8.9,,21.2,8.7,,,,0.0,0.0
滨州,jma_seamless,2025-03-29,4,2025-04-02,17.4,9.7,9.0,8.7,,23.3,7.9,,,,0.0,0.0
滨州,jma_seamless,2025-03-28,5,2025-04-02,18.7,8.4,8.8,,,22.0,4.1,,,,0.0,0.0
滨州,jma_seamless,2025-03-27,6,2025-04-02,23.8,10.3,11.3,,,20.8,7.3,,,,0.0,0.0
滨州,jma_seamless,2025-03-26,7,2025-04-02,23.3,10.1,10.7,,,17.8,6.9,,,,0.0,0.0
滨州,ecmwf_ifs025,2025-04-02,1,2025-04-03,21.1,5.5,9.5,3.0,,30.8,11.1,,18.3,,,
滨州,ecmwf_ifs025,2025-04-01,2,2025-04-03,21.0,5.8,9.5,3.4,,27.8,11.3,,24.0,,,
滨州,ecmwf_ifs025,2025-03-31,3,2025-04-03,21.1,5.4,9.5,2.6,,29.4,13.0,,20.0,,,
滨州,ecmwf_ifs025,2025-03-30,4,2025-04-03,20.8,5.9,9.5,3.4,,25.9,11.5,,14.6,,,
滨州,ecmwf_ifs025,2025-03-29,5,2025-04-03,21.1,3.4,9.1,1.0,,36.9,8.8,,32.3,,,
滨州,ecmwf_ifs025,2025-03-28,6,2025-04-03,20.7,8.0,9.8,6.2,,29.5,10.3,,27.5,,,
滨州,ecmwf_ifs025,2025-03-27,7,2025-04-03,23.8,8.5,10.9,6.4,,22.1,12.5,,0.9,,,
滨州,gfs_seamless,2025-04-02,1,2025-04-03,21.3,7.2,9.8,4.6,,24.2,14.1,50.8,61.3,23.55,0.0,0.0
滨州,gfs_seamless,2025-04-01,2,2025-04-03,21.4,7.3,9.9,4.7,,24.8,14.0,46.4,65.0,23.6,0.0,0.0
滨州,gfs_seamless,2025-03-31,3,2025-04-03,21.5,7.1,9.8,4.4,,27.0,14.8,54.0,68.1,22.14,0.0,0.0
滨州,gfs_seamless,2025-03-30,4,2025-04-03,22.1,7.1,9.7,4.3,,23.6,15.1,48.2,62.2,22.6,0.0,0.0
滨州,gfs_seamless,2025-03-29,5,2025-04-03,22.6,6.9,10.0,4.2,,24.0,14.0,40.7,81.7,21.7,0.0,0.0
滨州,gfs_seamless,2025-03-28,6,2025-04-03,23.6,10.5,12.3,,,26.2,14.0,34.2,92.2,18.3,0.0,0.0
滨州,gfs_seamless,2025-03-27,7,2025-04-03,21.4,8.7,10.0,6.2,,34.9,16.1,45.7,97.3,14.3,0.0,0.0
滨州,jma_seamless,2025-04-02,1,2025-04-03,20.4,7.8,9.8,6.3,,28.5,8.5,,,,0.0,0.0
滨州,jma_seamless,2025-04-01,2,2025-04-03,20.6,7.8,10.0,6.3,,27.0,8.4,,,,0.0,0.0
滨州,jma_seamless,2025-03-31,3,2025-04-03,20.7,8.1,10.1,6.6,,26.3,8.8,,,,0.0,0.0
滨州,jma_seamless,2025-03-30,4,2025-04-03,20.6,7.7,9.9,6.2,,25.5,8.6,,,,0.0,0.0
滨州,jma_seamless,2025-03-29,5,2025-04-03,21.3,8.2,9.7,6.8,,24.2,8.2,,,,0.0,0.0
滨州,jma_seamless,2025-03-28,6,2025-04-03,22.9,9.5,11.0,8.2,,23.0,9.0,,,,0.0,0.0
滨州,jma_seamless,2025-03-27,7,2025-04-03,25.0,10.9,13.4,,,27.5,8.5,,,,0.0,0.0
滨州,ecmwf_ifs025,2025-04-03,1,2025-04-04,23.5,10.3,12.4,,,32.7,14.3,,22.3,,,
滨州,ecmwf_ifs025,2025-04-02,2,2025-04-04,23.3,10.0,12.3,8.2,,28.6,12.6,,19.2,,,
滨州,ecmwf_ifs025,2025-04-01,3,2025-04-04,22.9,10.6,12.3,,,28.5,14.5,,22.9,,,
滨州,ecmwf_ifs025,2025-03-31,4,2025-04-04,23.5,11.1,11.9,,,27.8,14.8,,25.4,,,
滨州,ecmwf_ifs025,2025-03-30,5,2025-04-04,21.6,10.7,11.4,,,30.4,13.3,,8.1,,,
滨州,ecmwf_ifs025,2025-03-29,6,2025-04-04,25.5,10.5,13.0,,,30.2,13.9,,13.9,,,
滨州,ecmwf_ifs025,2025-03-28,7,2025-04-04,24.1,11.6,13.8,,,37.7,10.3,,14.7,,,
滨州,gfs_seamless,2025-04-03,1,2025-04-04,23.7,9.4,11.9,6.7,,30.5,19.0,52.6,79.1,18.11,0.0,0.0
滨州,gfs_seamless,2025-04-02,2,2025-04-04,24.4,10.2,12.0,,,25.5,20.8,51.1,57.1,19.65,0.0,0.0
滨州,gfs_seamless,2025-04-01,3,2025-04-04,22.9,11.7,12.0,,,25.7,20.1,55.1,63.2,17.08,0.0,0.0
滨州,gfs_seamless,2025-03-31,4,2025-04-04,22.7,11.5,10.5,,,22.7,22.5,59.0,41.6,18.91,0.1,0.0
滨州,gfs_seamless,2025-03-30,5,2025-04-04,24.0,10.5,12.8,,,42.9,15.7,45.4,74.9,17.45,0.0,0.0
滨州,gfs_seamless,2025-03-29,6,2025-04-04,21.3,9.9,10.8,7.5,,43.0,17.9,41.4,74.3,12.03,0.0,0.0
滨州,gfs_seamless,2025-03-28,7,2025-04-04,25.5,11.4,12.6,,,44.8,20.5,54.0,87.0,16.27,0.3,0.0
滨州,jma_seamless,2025-04-03,1,2025-04-04,23.0,13.7,14.2,,,38.2,10.4,,,,0.0,0.0
滨州,jma_seamless,2025-04-02,2,2025-04-04,23.2,14.0,14.0,,,30.5,10.8,,,,0.0,0.0
滨州,jma_seamless,2025-04-01,3,2025-04-04,23.0,13.8,13.4,,,30.2,10.3,,,,0.0,0.0
滨州,jma_seamless,2025-03-31,4,2025-04-04,23.2,13.9,13.4,,,26.2,13.8,,,,0.0,0.0
滨州,jma_seamless,2025-03-30,5,2025-04-04,23.8,13.4,13.4,,,23.9,13.0,,,,0.0,0.0
滨州,jma_seamless,2025-03-29,6,2025-04-04,23.7,14.5,14.1,,,27.3,13.0,,,,0.0,0.0
滨州,jma_seamless,2025-03-28,7,2025-04-04,23.3,9.6,13.4,7.8,,45.1,12.2,,,,1.5,0.0
滨州,ecmwf_ifs025,2025-04-04,1,2025-04-05,19.2,9.2,8.4,6.7,,19.2,16.6,,1.1,,,
滨州,ecmwf_ifs025,2025-04-03,2,2025-04-05,19.2,8.7,7.6,6.0,,10.7,17.7,,3.6,,,
滨州,ecmwf_ifs025,2025-04-02,3,2025-04-05,19.7,9.5,7.9,6.9,,7.4,18.2,,3.8,,,
滨州,ecmwf_ifs025,2025-04-01,4,2025-04-05,22.6,7.5,9.4,5.0,,10.0,13.8,,1.0,,,
滨州,ecmwf_ifs025,2025-03-31,5,2025-04-05,21.0,11.1,10.1,,,14.9,15.7,,11.9,,,
滨州,ecmwf_ifs025,2025-03-30,6,2025-04-05,21.7,10.1,10.3,,,16.5,10.9,,0.0,,,
滨州,ecmwf_ifs025,2025-03-29,7,2025-04-05,21.1,12.2,12.8,,,37.4,9.8,,5.1,,,
滨州,gfs_seamless,2025-04-04,1,2025-04-05,19.8,9.2,7.9,6.2,,15.2,21.8,52.9,13.1,25.28,0.0,0.0
滨州,gfs_seamless,2025-04-03,2,2025-04-05,19.6,7.7,7.8,4.4,,14.6,21.1,55.4,8.2,24.74,0.0,0.0
滨州,gfs_seamless,2025-04-02,3,2025-04-05,21.1,7.3,9.0,4.6,,11.0,14.8,37.8,26.6,24.51,0.0,0.0
滨州,gfs_seamless,2025-04-01,4,2025-04-05,21.8,6.9,9.3,4.1,,12.5,14.8,38.9,21.5,24.42,0.0,0.0
滨州,gfs_seamless,2025-03-31,5,2025-04-05,21.2,10.1,9.7,,,23.5,17.7,51.1,11.8,24.98,0.0,0.0
滨州,gfs_seamless,2025-03-30,6,2025-04-05,20.5,11.7,10.4,,,27.4,20.1,60.1,11.2,24.58,0.0,0.0
滨州,gfs_seamless,2025-03-29,7,2025-04-05,20.1,10.8,10.7,,,49.5,19.0,46.8,46.9,23.14,1.1,0.0
滨州,jma_seamless,2025-04-04,1,2025-04-05,19.4,12.1,9.6,,,12.5,12.3,,,,0.0,0.0
滨州,jma_seamless,2025-04-03,2,2025-04-05,19.0,12.1,9.2,,,10.1,12.5,,,,0.0,0.0
滨州,jma_seamless,2025-04-02,3,2025-04-05,18.4,11.4,9.0,,,11.7,11.4,,,,0.0,0.0
滨州,jma_seamless,2025-04-01,4,2025-04-05,18.3,11.2,8.5,,,8.8,9.9,,,,0.0,0.0
滨州,jma_seamless,2025-03-31,5,2025-04-05,18.0,10.7,9.0,,,12.0,12.8,,,,0.0,0.0
滨州,jma_seamless,2025-03-30,6,2025-04-05,18.4,10.7,9.6,,,18.0,9.4,,,,0.0,0.0
滨州,jma_seamless,2025-03-29,7,2025-04-05,20.3,8.2,10.3,7.2,,29.4,6.8,,,,0.9,0.0
滨州,ecmwf_ifs025,2025-04-05,1,2025-04-06,27.0,9.3,13.4,7.7,26.2,23.5,10.6,,0.0,,,
滨州,ecmwf_ifs025,2025-04-04,2,2025-04-06,26.4,9.4,12.8,7.7,,18.6,11.3,,0.1,,,
滨州,ecmwf_ifs025,2025-04-03,3,2025-04-06,26.1,8.9,12.5,6.8,,15.2,13.0,,0.0,,,
滨州,ecmwf_ifs025,2025-04-02,4,2025-04-06,26.6,8.6,13.3,7.2,,17.4,9.0,,0.0,,,
滨州,ecmwf_ifs025,2025-04-01,5,2025-04-06,26.4,8.6,13.7,7.6,,21.6,6.8,,2.2,,,
滨州,ecmwf_ifs025,2025-03-31,6,2025-04-06,26.2,11.8,14.1,,,24.4,7.3,,5.2,,,
滨州,ecmwf_ifs025,2025-03-30,7,2025-04-06,28.0,11.7,14.5,,26.9,24.7,12.2,,14.4,,,
滨州,gfs_seamless,2025-04-05,1,2025-04-06,25.5,8.4,12.4,6.2,,19.8,12.9,47.2,0.0,24.83,0.0,0.0
滨州,gfs_seamless,2025-04-04,2,2025-04-06,25.6,8.4,11.6,6.1,,18.0,14.1,54.4,0.5,24.92,0.0,0.0
滨州,gfs_seamless,2025-04-03,3,2025-04-06,26.5,9.8,12.8,8.3,,16.2,10.3,30.2,8.6,24.75,0.0,0.0
滨州,gfs_seamless,2025-04-02,4,2025-04-06,25.8,10.6,12.5,,,21.0,14.7,39.6,1.0,24.74,0.0,0.0
滨州,gfs_seamless,2025-04-01,5,2025-04-06,27.4,10.3,13.5,,26.4,22.4,9.8,29.5,18.8,23.71,0.0,0.0
滨州,gfs_seamless,2025-03-31,6,2025-04-06,29.2,11.8,13.6,,27.6,21.2,24.1,65.5,31.7,24.57,0.0,0.0
滨州,gfs_seamless,2025-03-30,7,2025-04-06,29.4,10.6,14.2,,27.9,23.6,23.4,61.9,13.1,24.71,0.0,0.0
滨州,jma_seamless,2025-04-05,1,2025-04-06,25.0,11.8,12.9,,,25.1,7.5,,,,0.0,0.0
滨州,jma_seamless,2025-04-04,2,2025-04-06,24.5,11.0,12.6,,,21.2,6.2,,,,0.0,0.0
滨州,jma_seamless,2025-04-03,3,2025-04-06,25.2,11.0,12.8,,,16.0,8.0,,,,0.0,0.0
滨州,jma_seamless,2025-04-02,4,2025-04-06,25.1,10.4,12.3,,,19.9,6.4,,,,0.0,0.0
滨州,jma_seamless,2025-04-01,5,2025-04-06,25.4,9.4,13.0,8.2,,20.1,8.7,,,,0.0,0.0
滨州,jma_seamless,2025-03-31,6,2025-04-06,25.0,8.5,10.2,7.0,,13.4,9.2,,,,0.0,0.0
滨州,jma_seamless,2025-03-30,7,2025-04-06,25.1,10.8,13.3,,,18.6,9.7,,,,0.0,0.0
滨州,ecmwf_ifs025,2025-04-06,1,2025-04-07,27.4,12.9,16.1,,27.1,38.0,12.8,,1.2,,,
滨州,ecmwf_ifs025,2025-04-05,2,2025-04-07,28.2,10.2,15.4,,27.6,36.5,11.3,,0.0,,,
滨州,ecmwf_ifs025,2025-04-04,3,2025-04-07,29.7,10.8,15.7,,28.6,31.7,12.3,,4.0,,,
滨州,ecmwf_ifs025,2025-04-03,4,2025-04-07,29.4,13.1,16.7,,28.2,29.6,11.8,,20.4,,,
滨州,ecmwf_ifs025,2025-04-02,5,2025-04-07,30.0,12.5,16.7,,28.5,25.6,11.4,,3.2,,,
滨州,ecmwf_ifs025,2025-04-01,6,2025-04-07,30.5,11.0,17.6,,29.6,33.9,12.1,,30.2,,,
滨州,ecmwf_ifs025,2025-03-31,7,2025-04-07,31.6,12.9,17.6,,30.8,33.6,12.9,,0.1,,,
滨州,gfs_seamless,2025-04-06,1,2025-04-07,27.6,13.7,15.6,,26.7,27.9,16.7,42.8,4.8,24.6,0.0,0.0
滨州,gfs_seamless,2025-04-05,2,2025-04-07,28.3,11.7,14.1,,27.1,25.9,17.5,37.8,8.6,24.51,0.0,0.0
滨州,gfs_seamless,2025-04-04,3,2025-04-07,29.6,12.9,15.8,,28.2,27.1,18.1,46.8,5.6,24.47,0.0,0.0
滨州,gfs_seamless,2025-04-03,4,2025-04-07,29.2,11.6,15.6,,28.1,31.2,15.1,35.3,32.8,23.39,0.0,0.0
滨州,gfs_seamless,2025-04-02,5,2025-04-07,27.3,9.0,13.2,6.8,26.8,33.9,14.0,29.2,10.2,24.43,0.0,0.0
滨州,gfs_seamless,2025-04-01,6,2025-04-07,27.6,12.0,15.8,,26.7,28.2,13.3,35.3,19.0,24.12,0.0,0.0
滨州,gfs_seamless,2025-03-31,7,2025-04-07,28.5,10.2,15.0,,27.5,30.3,14.6,56.5,6.2,24.61,0.0,0.0
滨州,jma_seamless,2025-04-06,1,2025-04-07,26.6,13.3,16.9,,,41.0,6.8,,,,0.0,0.0
滨州,jma_seamless,2025-04-05,2,2025-04-07,27.1,14.7,17.1,,26.9,38.8,7.7,,,,0.0,0.0
滨州,jma_seamless,2025-04-04,3,2025-04-07,28.8,16.5,18.0,,28.0,34.6,10.6,,,,0.0,0.0
滨州,jma_seamless,2025-04-03,4,2025-04-07,28.6,15.5,17.8,,27.8,33.9,9.3,,,,0.0,0.0
滨州,jma_seamless,2025-04-02,5,2025-04-07,28.1,16.3,18.1,,27.6,37.4,8.8,,,,0.0,0.0
滨州,jma_seamless,2025-04-01,6,2025-04-07,27.3,10.2,15.7,,26.5,26.7,11.1,,,,0.0,0.0
滨州,jma_seamless,2025-03-31,7,2025-04-07,30.1,16.6,18.9,,29.3,35.5,11.9,,,,0.3,0.0
滨州,ecmwf_ifs025,2025-04-07,1,2025-04-08,22.3,10.1,11.3,,,29.0,13.8,,40.9,,,
滨州,ecmwf_ifs025,2025-04-06,2,2025-04-08,22.2,10.8,10.9,,,29.0,16.1,,32.4,,,
滨州,ecmwf_ifs025,2025-04-05,3,2025-04-08,23.2,12.0,12.0,,,28.7,17.3,,57.8,,,
滨州,ecmwf_ifs025,2025-04-04,4,2025-04-08,20.0,11.8,11.1,,,30.1,18.8,,45.5,,,
滨州,ecmwf_ifs025,2025-04-03,5,2025-04-08,22.7,11.3,12.3,,,24.7,18.1,,43.0,,,
滨州,ecmwf_ifs025,2025-04-02,6,2025-04-08,31.1,15.3,18.4,,29.5,26.4,12.2,,39.0,,,
滨州,ecmwf_ifs025,2025-04-01,7,2025-04-08,30.3,9.7,18.6,8.0,29.6,36.4,11.7,,28.1,,,
滨州,gfs_seamless,2025-04-07,1,2025-04-08,22.7,10.4,10.8,,,22.8,18.5,47.5,74.5,22.74,0.0,0.0
滨州,gfs_seamless,2025-04-06,2,2025-04-08,22.0,10.6,11.1,,,24.7,17.5,47.2,86.8,21.37,0.2,0.0
滨州,gfs_seamless,2025-04-05,3,2025-04-08,24.8,11.0,12.8,,,27.6,16.6,43.2,82.1,20.47,0.0,0.0
滨州,gfs_seamless,2025-04-04,4,2025-04-08,22.0,11.6,11.6,,,30.9,14.7,47.2,78.6,17.95,0.0,0.0
滨州,gfs_seamless,2025-04-03,5,2025-04-08,30.2,7.8,16.2,6.3,32.0,53.8,8.5,23.4,67.8,21.18,0.4,0.0
滨州,gfs_seamless,2025-04-02,6,2025-04-08,28.1,13.6,17.2,,27.8,40.3,11.8,34.2,67.0,22.45,0.0,0.0
滨州,gfs_seamless,2025-04-01,7,2025-04-08,20.7,8.2,12.0,5.7,,51.4,15.1,40.3,85.1,15.11,0.2,0.0
滨州,jma_seamless,2025-04-07,1,2025-04-08,21.8,12.8,12.1,,,22.4,9.1,,,,0.6,0.0
滨州,jma_seamless,2025-04-06,2,2025-04-08,21.1,13.2,11.7,,,22.1,11.2,,,,0.0,0.0
滨州,jma_seamless,2025-04-05,3,2025-04-08,22.2,13.7,13.1,,,28.5,11.6,,,,0.3,0.0
滨州,jma_seamless,2025-04-04,4,2025-04-08,21.5,13.6,13.2,,,31.0,9.2,,,,0.0,0.0
滨州,jma_seamless,2025-04-03,5,2025-04-08,26.2,14.3,17.6,,,49.2,4.8,,,,0.0,0.0
滨州,jma_seamless,2025-04-02,6,2025-04-08,26.1,15.8,18.7,,,40.8,8.7,,,,0.3,0.0
滨州,jma_seamless,2025-04-01,7,2025-04-08,22.1,13.2,14.6,,,31.5,8.2,,,,0.3,0.0
滨州,ecmwf_ifs025,2025-04-08,1,2025-04-09,22.1,8.9,12.3,7.5,,58.4,8.8,,,,,
滨州,ecmwf_ifs025,2025-04-07,2,2025-04-09,21.6,8.5,11.6,7.1,,54.5,8.5,,,,,
滨州,ecmwf_ifs025,2025-04-06,3,2025-04-09,23.7,9.6,13.0,8.0,,42.2,10.7,,,,,
滨州,ecmwf_ifs025,2025-04-05,4,2025-04-09,26.8,10.8,14.5,,,43.8,12.0,,,,,
滨州,ecmwf_ifs025,2025-04-04,5,2025-04-09,17.3,9.4,10.6,8.0,,46.4,9.7,,,,,
滨州,ecmwf_ifs025,2025-04-03,6,2025-04-09,19.5,8.3,13.0,7.2,,51.0,7.2,,,,,
滨州,ecmwf_ifs025,2025-04-02,7,2025-04-09,20.1,12.0,14.7,,,63.1,12.7,,,,,
滨州,gfs_seamless,2025-04-08,1,2025-04-09,21.9,9.8,11.9,7.8,,45.2,14.2,30.2,36.1,24.26,0.2,0.0
滨州,gfs_seamless,2025-04-07,2,2025-04-09,22.6,9.4,11.7,7.3,,45.5,14.3,41.8,26.2,21.03,0.9,0.0
滨州,gfs_seamless,2025-04-06,3,2025-04-09,26.2,9.1,13.2,6.7,,41.2,15.6,38.9,35.9,23.27,0.7,0.0
滨州,gfs_seamless,2025-04-05,4,2025-04-09,26.0,12.6,14.4,,,39.9,16.8,38.5,40.9,24.16,1.3,0.0
滨州,gfs_seamless,2025-04-04,5,2025-04-09,25.9,13.3,16.3,,,54.8,13.7,35.6,36.8,24.16,0.6,0.0
滨州,gfs_seamless,2025-04-03,6,2025-04-09,25.5,12.2,14.9,,,63.0,12.9,32.0,41.8,23.7,0.1,0.0
滨州,gfs_seamless,2025-04-02,7,2025-04-09,24.2,10.8,14.3,,,57.8,17.2,40.0,66.0,21.57,0.1,0.0
滨州,ecmwf_ifs025,2025-04-09,1,2025-04-10,25.2,7.3,14.3,5.6,,47.3,9.1,,,,,
滨州,ecmwf_ifs025,2025-04-08,2,2025-04-10,24.4,5.7,13.2,4.1,,49.8,7.5,,,,,
滨州,ecmwf_ifs025,2025-04-07,3,2025-04-10,22.6,5.9,12.1,4.5,,50.8,6.7,,,,,
滨州,ecmwf_ifs025,2025-04-06,4,2025-04-10,24.7,8.4,14.5,7.7,,46.4,5.7,,,,,
滨州,ecmwf_ifs025,2025-04-05,5,2025-04-10,28.5,8.1,14.9,6.2,28.0,38.5,10.7,,,,,
滨州,ecmwf_ifs025,2025-04-04,6,2025-04-10,26.3,7.5,13.8,5.8,,52.8,9.2,,,,,
滨州,ecmwf_ifs025,2025-04-03,7,2025-04-10,21.3,10.5,13.4,,,55.4,13.6,,,,,
滨州,gfs_seamless,2025-04-09,1,2025-04-10,25.2,8.4,13.8,6.3,,36.5,12.3,27.7,23.2,25.05,0.0,0.0
滨州,gfs_seamless,2025-04-08,2,2025-04-10,25.8,7.9,13.9,6.5,,40.8,8.1,33.1,13.2,24.77,0.0,0.0
滨州,gfs_seamless,2025-04-07,3,2025-04-10,24.2,7.5,12.8,5.8,,43.5,9.2,43.6,45.0,24.6,0.0,0.0
滨州,gfs_seamless,2025-04-06,4,2025-04-10,23.6,10.6,14.0,,,46.6,11.5,36.7,16.5,24.65,0.0,0.0
滨州,gfs_seamless,2025-04-05,5,2025-04-10,27.2,12.4,16.4,,26.8,34.8,10.6,45.4,2.5,25.12,0.0,0.0
滨州,gfs_seamless,2025-04-04,6,2025-04-10,25.1,11.9,14.8,,,43.2,12.0,35.6,37.0,24.22,0.0,0.0
滨州,gfs_seamless,2025-04-03,7,2025-04-10,23.1,6.8,12.7,4.3,,54.7,12.6,28.1,11.8,24.23,0.0,0.0
滨州,ecmwf_ifs025,2025-04-10,1,2025-04-11,30.0,14.0,19.2,,30.1,43.4,17.9,,,,,
滨州,ecmwf_ifs025,2025-04-09,2,2025-04-11,29.7,12.6,18.4,,29.0,37.0,15.5,,,,,
滨州,ecmwf_ifs025,2025-04-08,3,2025-04-11,29.0,11.9,16.9,,28.4,37.9,18.7,,,,,
滨州,ecmwf_ifs025,2025-04-07,4,2025-04-11,27.8,12.8,16.1,,27.3,36.2,18.7,,,,,
滨州,ecmwf_ifs025,2025-04-06,5,2025-04-11,30.5,11.3,17.2,,29.2,30.0,15.8,,,,,
滨州,ecmwf_ifs025,2025-04-05,6,2025-04-11,24.1,9.8,12.2,7.5,,31.4,16.8,,,,,
滨州,ecmwf_ifs025,2025-04-04,7,2025-04-11,24.0,11.0,13.5,,,29.8,11.5,,,,,
滨州,gfs_seamless,2025-04-10,1,2025-04-11,27.8,13.3,16.8,,27.7,43.0,23.4,67.0,76.9,19.45,4.6,0.0
滨州,gfs_seamless,2025-04-09,2,2025-04-11,28.0,13.6,17.0,,27.4,36.3,23.1,63.7,72.4,18.69,0.0,0.0
滨州,gfs_seamless,2025-04-08,3,2025-04-11,28.7,14.5,16.5,,27.7,30.8,24.3,60.8,72.6,17.36,0.0,0.0
滨州,gfs_seamless,2025-04-07,4,2025-04-11,30.3,12.5,17.1,,28.8,26.2,20.8,60.8,60.4,23.75,0.0,0.0
滨州,gfs_seamless,2025-04-06,5,2025-04-11,29.5,12.9,17.5,,28.9,37.8,20.9,62.3,53.3,23.01,0.3,0.0
滨州,gfs_seamless,2025-04-05,6,2025-04-11,28.8,8.9,12.7,5.3,27.5,24.9,27.4,69.5,56.3,23.49,0.0,0.0
滨州,gfs_seamless,2025-04-04,7,2025-04-11,30.3,8.0,12.5,4.0,28.6,22.8,29.5,66.6,28.8,25.11,0.0,0.0
滨州,ecmwf_ifs025,2025-04-11,1,2025-04-12,18.6,8.4,3.9,4.2,,17.9,34.5,,,,,
滨州,ecmwf_ifs025,2025-04-10,2,2025-04-12,21.3,8.8,4.1,4.7,,18.3,35.0,,,,,
滨州,ecmwf_ifs025,2025-04-09,3,2025-04-12,15.3,8.1,3.0,3.8,,16.1,34.7,,,,,
滨州,ecmwf_ifs025,2025-04-08,4,2025-04-12,14.9,7.3,2.6,2.5,,17.9,37.4,,,,,
滨州,ecmwf_ifs025,2025-04-07,5,2025-04-12,19.6,9.1,6.4,5.2,,22.0,32.7,,,,,
滨州,ecmwf_ifs025,2025-04-06,6,2025-04-12,14.3,8.4,4.0,4.8,,12.7,26.4,,,,,
滨州,ecmwf_ifs025,2025-04-05,7,2025-04-12,28.5,9.8,14.0,8.5,27.1,21.8,9.4,,,,,
滨州,gfs_seamless,2025-04-11,1,2025-04-12,15.9,7.5,1.9,2.5,,19.8,42.0,73.1,58.8,25.26,0.0,0.0
滨州,gfs_seamless,2025-04-10,2,2025-04-12,18.4,7.3,2.4,2.3,,21.4,40.6,71.6,67.6,23.48,0.0,0.0
滨州,gfs_seamless,2025-04-09,3,2025-04-12,15.7,5.6,1.0,-0.0,,21.7,41.9,77.4,84.9,20.24,0.0,0.0
滨州,gfs_seamless,2025-04-08,4,2025-04-12,22.3,8.6,5.4,4.2,,20.2,38.9,70.9,74.9,24.73,0.0,0.0
滨州,gfs_seamless,2025-04-07,5,2025-04-12,17.3,7.7,2.4,2.7,,21.4,42.9,80.6,54.2,24.32,0.0,0.0
滨州,gfs_seamless,2025-04-06,6,2025-04-12,12.9,4.6,-0.5,-1.3,,15.0,40.7,76.3,50.9,23.1,0.0,0.0
滨州,gfs_seamless,2025-04-05,7,2025-04-12,18.8,5.3,2.6,0.2,,12.3,32.4,76.0,22.5,26.74,0.0,0.0
滨州,ecmwf_ifs025,2025-04-12,1,2025-04-13,15.4,5.8,2.8,1.2,,16.8,29.3,,,,,
滨州,ecmwf_ifs025,2025-04-11,2,2025-04-13,15.4,6.4,2.8,1.7,,18.3,32.3,,,,,
滨州,ecmwf_ifs025,2025-04-10,3,2025-04-13,15.2,8.1,2.6,3.7,,18.2,35.3,,,,,
滨州,ecmwf_ifs025,2025-04-09,4,2025-04-13,15.4,7.9,2.9,3.6,,20.1,33.4,,,,,
滨州,ecmwf_ifs025,2025-04-08,5,2025-04-13,16.4,8.0,4.6,4.0,,15.2,30.0,,,,,
滨州,ecmwf_ifs025,2025-04-07,6,2025-04-13,16.1,7.6,5.4,3.8,,16.5,26.2,,,,,
滨州,ecmwf_ifs025,2025-04-06,7,2025-04-13,18.2,9.7,8.3,7.0,,15.9,19.8,,,,,
滨州,gfs_seamless,2025-04-12,1,2025-04-13,14.9,5.0,2.3,-0.2,,19.0,33.0,65.9,46.8,24.56,0.0,0.0
滨州,gfs_seamless,2025-04-11,2,2025-04-13,15.1,6.4,1.9,1.5,,24.2,35.6,72.0,67.1,21.16,0.0,0.0
滨州,gfs_seamless,2025-04-10,3,2025-04-13,16.9,5.9,3.2,0.9,,27.1,33.6,68.8,70.0,23.48,0.0,0.0
滨州,gfs_seamless,2025-04-09,4,2025-04-13,17.3,6.5,4.6,1.8,,27.7,32.2,65.5,64.3,24.6,0.0,0.0
滨州,gfs_seamless,2025-04-08,5,2025-04-13,18.1,7.5,5.1,3.1,,27.4,32.3,77.8,74.2,22.98,0.0,0.0
滨州,gfs_seamless,2025-04-07,6,2025-04-13,15.0,6.7,2.4,1.8,,25.1,36.0,74.9,71.1,21.74,0.0,0.0
滨州,gfs_seamless,2025-04-06,7,2025-04-13,14.9,8.6,4.0,4.5,,22.0,33.8,74.2,51.8,21.1,0.0,0.0
滨州,ecmwf_ifs025,2025-04-13,1,2025-04-14,20.3,8.7,8.8,5.8,,28.2,19.2,,,,,
滨州,ecmwf_ifs025,2025-04-12,2,2025-04-14,20.5,9.0,8.5,6.0,,35.8,20.7,,,,,
滨州,ecmwf_ifs025,2025-04-11,3,2025-04-14,17.5,8.7,8.0,5.8,,33.5,19.0,,,,,
滨州,ecmwf_ifs025,2025-04-10,4,2025-04-14,20.7,8.9,9.5,6.4,,29.2,16.4,,,,,
滨州,ecmwf_ifs025,2025-04-09,5,2025-04-14,20.2,11.9,10.6,,,29.8,16.9,,,,,
滨州,ecmwf_ifs025,2025-04-08,6,2025-04-14,21.8,9.6,11.8,7.5,,24.2,14.2,,,,,
滨州,ecmwf_ifs025,2025-04-07,7,2025-04-14,18.2,11.1,8.8,,,17.4,16.4,,,,,
滨州,gfs_seamless,2025-04-13,1,2025-04-14,20.1,8.5,8.5,5.1,,28.8,24.0,58.7,31.3,25.34,0.0,0.0
滨州,gfs_seamless,2025-04-12,2,2025-04-14,21.7,8.6,8.4,5.1,,36.5,26.0,58.0,44.8,24.38,0.0,0.0
滨州,gfs_seamless,2025-04-11,3,2025-04-14,18.7,9.3,8.8,6.4,,37.6,21.4,52.6,32.6,25.25,0.0,0.0
滨州,gfs_seamless,2025-04-10,4,2025-04-14,21.5,9.0,9.8,6.0,,30.5,20.7,52.6,28.9,25.26,0.0,0.0
滨州,gfs_seamless,2025-04-09,5,2025-04-14,22.2,8.1,10.1,5.1,,32.1,18.6,52.2,11.6,25.31,0.0,0.0
滨州,gfs_seamless,2025-04-08,6,2025-04-14,20.0,6.6,8.2,2.9,,34.9,21.5,52.6,26.2,24.65,0.0,0.0
滨州,gfs_seamless,2025-04-07,7,2025-04-14,19.6,8.1,7.6,4.8,,27.0,21.8,52.9,24.2,25.08,0.0,0.0
滨州,ecmwf_ifs025,2025-04-14,1,2025-04-15,29.9,10.3,16.2,,28.6,28.8,14.5,,,,,
滨州,ecmwf_ifs025,2025-04-13,2,2025-04-15,29.1,7.2,15.3,4.9,28.4,36.8,12.4,,,,,
滨州,ecmwf_ifs025,2025-04-12,3,2025-04-15,29.8,8.1,15.8,5.8,28.7,32.2,13.7,,,,,
滨州,ecmwf_ifs025,2025-04-11,4,2025-04-15,29.4,9.2,16.0,6.9,28.2,29.0,15.4,,,,,
滨州,ecmwf_ifs025,2025-04-10,5,2025-04-15,31.1,14.5,18.3,,29.4,24.8,15.9,,,,,
滨州,ecmwf_ifs025,2025-04-09,6,2025-04-15,31.0,16.6,19.2,,29.5,27.2,12.0,,,,,
滨州,ecmwf_ifs025,2025-04-08,7,2025-04-15,31.9,11.6,18.4,,30.0,22.3,14.6,,,,,
滨州,gfs_seamless,2025-04-14,1,2025-04-15,30.7,11.2,16.9,,29.0,24.3,15.4,61.9,40.7,24.8,0.0,0.0
滨州,gfs_seamless,2025-04-13,2,2025-04-15,30.7,8.3,16.7,6.1,29.3,28.8,12.9,60.1,39.6,24.64,0.0,0.0
滨州,gfs_seamless,2025-04-12,3,2025-04-15,29.6,9.9,16.1,8.2,28.4,30.0,12.1,47.9,37.9,24.92,0.0,0.0
滨州,gfs_seamless,2025-04-11,4,2025-04-15,30.0,12.1,16.5,,28.4,23.2,19.5,63.4,39.1,25.04,0.0,0.0
滨州,gfs_seamless,2025-04-10,5,2025-04-15,32.0,9.6,16.6,6.9,30.3,24.5,19.5,57.6,29.7,26.02,0.0,0.0
滨州,gfs_seamless,2025-04-09,6,2025-04-15,29.9,10.1,15.9,,28.5,26.8,19.1,50.4,53.0,24.05,0.0,0.0
滨州,gfs_seamless,2025-04-08,7,2025-04-15,30.1,7.2,14.2,4.1,29.1,32.7,18.0,62.3,27.3,25.97,0.0,0.0
滨州,ecmwf_ifs025,2025-04-15,1,2025-04-16,32.8,20.6,22.1,,31.8,30.1,16.6,,,,,
滨州,ecmwf_ifs025,2025-04-14,2,2025-04-16,32.5,16.9,20.7,,31.5,31.0,14.0,,,,,
滨州,ecmwf_ifs025,2025-04-13,3,2025-04-16,31.9,16.1,20.3,,31.6,36.5,12.2,,,,,
滨州,ecmwf_ifs025,2025-04-12,4,2025-04-16,31.0,10.7,18.7,,31.0,40.6,13.0,,,,,
滨州,ecmwf_ifs025,2025-04-11,5,2025-04-16,28.1,12.5,17.5,,27.9,41.8,13.4,,,,,
滨州,ecmwf_ifs025,2025-04-10,6,2025-04-16,22.2,11.0,15.4,,,38.9,17.5,,,,,
滨州,ecmwf_ifs025,2025-04-09,7,2025-04-16,31.7,14.4,21.9,,31.0,34.3,14.6,,,,,
滨州,gfs_seamless,2025-04-15,1,2025-04-16,33.5,18.2,20.2,,32.3,27.6,19.6,67.0,49.2,24.23,0.0,0.0
滨州,gfs_seamless,2025-04-14,2,2025-04-16,33.0,17.9,19.6,,31.8,28.4,20.3,67.3,67.7,24.49,0.0,0.0
滨州,gfs_seamless,2025-04-13,3,2025-04-16,31.3,18.1,19.5,,30.0,29.5,19.0,53.3,65.8,23.53,0.0,0.0
滨州,gfs_seamless,2025-04-12,4,2025-04-16,32.2,17.6,20.6,,30.8,27.8,18.9,66.6,62.2,23.45,0.0,0.0
滨州,gfs_seamless,2025-04-11,5,2025-04-16,32.8,17.8,20.4,,31.9,31.0,17.9,56.9,86.8,20.72,0.0,0.0
滨州,gfs_seamless,2025-04-10,6,2025-04-16,24.4,16.3,15.3,,,36.8,20.9,51.1,80.4,21.68,0.0,0.0
滨州,gfs_seamless,2025-04-09,7,2025-04-16,29.6,12.8,16.6,,28.8,35.0,14.6,58.3,77.3,20.68,0.0,0.0
滨州,ecmwf_ifs025,2025-04-16,1,2025-04-17,30.2,18.6,20.9,,29.2,33.6,13.0,,,,,
滨州,ecmwf_ifs025,2025-04-15,2,2025-04-17,26.9,15.9,18.7,,,39.0,11.1,,,,,
滨州,ecmwf_ifs025,2025-04-14,3,2025-04-17,27.8,14.4,17.9,,27.8,44.5,12.0,,,,,
滨州,ecmwf_ifs025,2025-04-13,4,2025-04-17,23.0,12.5,16.0,,,59.4,7.2,,,,,
滨州,ecmwf_ifs025,2025-04-12,5,2025-04-17,27.9,10.5,16.1,,29.2,58.8,8.6,,,,,
滨州,ecmwf_ifs025,2025-04-11,6,2025-04-17,28.9,10.2,14.6,,29.0,45.3,12.2,,,,,
滨州,ecmwf_ifs025,2025-04-10,7,2025-04-17,22.0,11.7,13.3,,,35.0,10.0,,,,,
滨州,gfs_seamless,2025-04-16,1,2025-04-17,30.1,17.8,19.1,,28.9,30.1,15.4,40.7,52.6,24.77,0.0,0.0
滨州,gfs_seamless,2025-04-15,2,2025-04-17,27.7,13.2,16.7,,27.6,43.3,14.3,38.9,56.9,23.33,0.0,0.0
滨州,gfs_seamless,2025-04-14,3,2025-04-17,27.3,13.8,16.4,,27.2,42.5,12.5,42.5,73.4,21.4,0.0,0.0
滨州,gfs_seamless,2025-04-13,4,2025-04-17,29.7,15.1,18.3,,29.3,39.3,13.0,33.5,78.0,18.91,0.0,0.0
滨州,gfs_seamless,2025-04-12,5,2025-04-17,31.6,15.7,20.0,,30.5,31.5,14.2,48.6,67.0,24.03,0.0,0.0
滨州,gfs_seamless,2025-04-11,6,2025-04-17,25.8,11.4,16.3,,,47.8,14.3,33.5,33.1,25.08,0.0,0.0
滨州,gfs_seamless,2025-04-10,7,2025-04-17,24.2,10.6,15.2,,,43.4,7.9,22.0,70.7,15.83,0.0,0.0
滨州,ecmwf_ifs025,2025-04-17,1,2025-04-18,20.7,8.2,11.6,5.1,,49.1,19.6,,,,,
滨州,ecmwf_ifs025,2025-04-16,2,2025-04-18,20.4,9.7,11.5,7.0,,45.5,19.5,,,,,
滨州,ecmwf_ifs025,2025-04-15,3,2025-04-18,20.1,12.6,12.1,,,46.2,17.5,,,,,
滨州,ecmwf_ifs025,2025-04-14,4,2025-04-18,22.3,11.7,11.9,,,42.4,14.7,,,,,
滨州,ecmwf_ifs025,2025-04-13,5,2025-04-18,21.8,10.8,12.3,,,48.6,15.2,,,,,
滨州,ecmwf_ifs025,2025-04-12,6,2025-04-18,29.0,8.9,16.3,7.9,30.3,54.7,7.1,,,,,
滨州,ecmwf_ifs025,2025-04-11,7,2025-04-18,27.8,13.1,17.2,,27.6,41.0,11.0,,,,,
滨州,gfs_seamless,2025-04-17,1,2025-04-18,21.1,9.3,10.3,5.8,,37.1,27.7,62.6,92.6,18.42,0.9,0.0
滨州,gfs_seamless,2025-04-16,2,2025-04-18,19.5,8.0,9.4,4.1,,42.8,27.9,62.3,91.7,15.07,3.1,0.0
滨州,gfs_seamless,2025-04-15,3,2025-04-18,19.8,7.9,10.3,4.5,,46.0,22.6,56.5,96.0,11.47,4.7,0.0
滨州,gfs_seamless,2025-04-14,4,2025-04-18,19.7,12.2,11.0,,,47.4,20.5,48.2,100.0,15.88,0.1,0.0
滨州,gfs_seamless,2025-04-13,5,2025-04-18,19.7,10.4,11.5,,,62.6,16.7,47.5,81.0,15.9,1.4,0.0
滨州,gfs_seamless,2025-04-12,6,2025-04-18,31.4,13.1,18.8,,36.5,63.0,13.0,42.1,79.7,18.08,1.9,0.0
滨州,gfs_seamless,2025-04-11,7,2025-04-18,19.0,11.4,10.8,,,56.7,19.3,46.8,90.3,12.72,0.4,0.0
滨州,ecmwf_ifs025,2025-04-18,1,2025-04-19,21.2,6.5,11.9,5.5,,64.5,5.9,,,,,
滨州,ecmwf_ifs025,2025-04-17,2,2025-04-19,20.8,7.2,11.5,5.6,,62.8,8.4,,,,,
滨州,ecmwf_ifs025,2025-04-16,3,2025-04-19,21.1,8.6,12.7,7.4,,65.2,7.9,,,,,
滨州,ecmwf_ifs025,2025-04-15,4,2025-04-19,22.5,8.1,13.6,6.8,,65.6,8.0,,,,,
滨州,ecmwf_ifs025,2025-04-14,5,2025-04-19,20.6,8.2,11.7,6.3,,62.8,11.0,,,,,
滨州,ecmwf_ifs025,2025-04-13,6,2025-04-19,20.1,8.3,11.9,6.8,,59.1,9.0,,,,,
滨州,ecmwf_ifs025,2025-04-12,7,2025-04-19,26.1,10.2,16.4,,,64.6,10.4,,,,,
滨州,gfs_seamless,2025-04-18,1,2025-04-19,22.5,6.8,11.7,4.8,,55.2,9.9,30.2,40.3,25.96,0.0,0.0
滨州,gfs_seamless,2025-04-17,2,2025-04-19,22.4,8.3,11.5,6.2,,55.6,12.2,34.6,38.2,25.7,0.4,0.0
滨州,gfs_seamless,2025-04-16,3,2025-04-19,22.3,7.6,12.6,5.7,,61.6,10.2,35.6,30.7,25.7,6.0,0.0
滨州,gfs_seamless,2025-04-15,4,2025-04-19,20.0,8.4,12.0,6.5,,66.1,11.2,28.4,56.7,24.42,1.3,0.0
滨州,gfs_seamless,2025-04-14,5,2025-04-19,13.7,8.0,7.2,5.4,,79.2,15.2,47.5,82.7,5.18,19.5,0.0
滨州,gfs_seamless,2025-04-13,6,2025-04-19,22.0,10.3,13.4,,,61.8,11.1,37.8,34.6,24.98,0.2,0.0
滨州,gfs_seamless,2025-04-12,7,2025-04-19,26.5,10.5,15.7,,,41.6,12.9,36.0,17.6,26.05,0.0,0.0
滨州,ecmwf_ifs025,2025-04-19,1,2025-04-20,25.7,10.2,15.5,,,53.7,11.8,,,,,
滨州,ecmwf_ifs025,2025-04-18,2,2025-04-20,26.4,8.8,14.9,6.7,,50.4,13.3,,,,,
滨州,ecmwf_ifs025,2025-04-17,3,2025-04-20,27.1,8.6,15.2,6.5,27.7,53.4,13.0,,,,,
滨州,ecmwf_ifs025,2025-04-16,4,2025-04-20,27.4,8.6,15.8,6.5,28.0,52.7,12.9,,,,,
滨州,ecmwf_ifs025,2025-04-15,5,2025-04-20,27.9,9.1,16.5,7.0,28.5,52.3,13.7,,,,,
滨州,ecmwf_ifs025,2025-04-14,6,2025-04-20,23.0,7.3,13.9,5.1,,53.3,11.9,,,,,
滨州,ecmwf_ifs025,2025-04-13,7,2025-04-20,24.0,8.6,13.5,7.1,,53.0,9.4,,,,,
滨州,gfs_seamless,2025-04-19,1,2025-04-20,27.3,12.1,15.8,,27.0,38.8,17.4,54.0,0.0,26.09,0.0,0.0
滨州,gfs_seamless,2025-04-18,2,2025-04-20,26.9,11.8,15.2,,,39.6,18.4,55.8,34.4,25.37,0.0,0.0
滨州,gfs_seamless,2025-04-17,3,2025-04-20,28.4,12.1,16.7,,28.4,44.9,16.9,55.4,29.3,25.82,0.0,0.0
滨州,gfs_seamless,2025-04-16,4,2025-04-20,29.1,11.0,16.9,,29.6,48.6,16.3,47.9,52.1,22.96,0.0,0.0
滨州,gfs_seamless,2025-04-15,5,2025-04-20,27.4,8.3,15.8,6.1,28.2,55.5,13.3,39.6,29.7,25.0,0.0,0.0
滨州,gfs_seamless,2025-04-14,6,2025-04-20,22.9,7.3,13.3,5.1,,47.5,11.7,29.2,41.1,25.99,0.0,0.0
滨州,gfs_seamless,2025-04-13,7,2025-04-20,28.9,9.8,15.2,7.7,29.1,45.9,15.0,49.3,24.5,26.07,0.0,0.0
滨州,ecmwf_ifs025,2025-04-20,1,2025-04-21,28.6,10.7,17.2,,30.0,57.1,10.1,,,,,
滨州,ecmwf_ifs025,2025-04-19,2,2025-04-21,29.2,10.8,17.0,,30.3,52.5,10.5,,,,,
滨州,ecmwf_ifs025,2025-04-18,3,2025-04-21,28.8,10.9,16.8,,30.3,57.3,12.7,,,,,
滨州,ecmwf_ifs025,2025-04-17,4,2025-04-21,23.9,12.0,14.6,,,63.1,13.9,,,,,
滨州,ecmwf_ifs025,2025-04-16,5,2025-04-21,27.0,13.4,17.1,,27.6,52.8,11.8,,,,,
滨州,ecmwf_ifs025,2025-04-15,6,2025-04-21,22.2,13.9,17.3,,,68.0,7.5,,,,,
滨州,ecmwf_ifs025,2025-04-14,7,2025-04-21,29.1,13.8,19.8,,31.0,58.5,5.9,,,,,
滨州,gfs_seamless,2025-04-20,1,2025-04-21,30.1,10.8,16.9,,30.2,43.5,13.8,34.2,38.9,22.87,1.8,0.0
滨州,gfs_seamless,2025-04-19,2,2025-04-21,23.1,10.9,13.5,,,51.0,15.5,52.2,70.8,7.5,2.8,0.0
滨州,gfs_seamless,2025-04-18,3,2025-04-21,25.5,11.6,14.8,,,58.4,14.2,37.4,56.2,15.07,1.8,0.0
滨州,gfs_seamless,2025-04-17,4,2025-04-21,29.4,14.4,16.6,,32.1,62.2,18.7,50.4,77.4,15.47,6.4,0.0
滨州,gfs_seamless,2025-04-16,5,2025-04-21,23.7,11.0,14.0,,,61.5,18.0,50.8,71.3,12.06,1.2,0.0
滨州,gfs_seamless,2025-04-15,6,2025-04-21,22.2,10.5,14.7,,,68.3,9.7,32.0,92.9,11.73,1.2,0.0
滨州,gfs_seamless,2025-04-14,7,2025-04-21,23.2,10.8,12.8,,,61.5,10.7,51.1,89.0,9.14,2.5,0.0
滨州,ecmwf_ifs025,2025-04-21,1,2025-04-22,20.1,11.3,12.7,,,51.0,14.1,,,,,
滨州,ecmwf_ifs025,2025-04-20,2,2025-04-22,19.0,10.8,12.5,,,55.8,14.6,,,,,
滨州,ecmwf_ifs025,2025-04-19,3,2025-04-22,19.8,10.8,12.7,,,52.0,14.0,,,,,
滨州,ecmwf_ifs025,2025-04-18,4,2025-04-22,21.4,12.0,12.7,,,44.3,16.4,,,,,
滨州,ecmwf_ifs025,2025-04-17,5,2025-04-22,19.5,12.2,12.3,,,46.8,16.4,,,,,
滨州,ecmwf_ifs025,2025-04-16,6,2025-04-22,21.0,12.9,12.3,,,41.9,15.1,,,,,
滨州,ecmwf_ifs025,2025-04-15,7,2025-04-22,21.7,10.6,13.5,,,43.8,10.6,,,,,
滨州,gfs_seamless,2025-04-21,1,2025-04-22,21.1,12.3,13.3,,,45.3,17.3,53.3,42.4,26.75,0.1,0.0
滨州,gfs_seamless,2025-04-20,2,2025-04-22,22.3,11.6,13.4,,,45.9,16.0,35.6,47.6,26.83,0.2,0.0
滨州,gfs_seamless,2025-04-19,3,2025-04-22,24.1,12.3,14.7,,,44.5,14.8,54.4,52.5,26.16,0.0,0.0
滨州,gfs_seamless,2025-04-18,4,2025-04-22,24.4,12.9,14.9,,,37.1,13.4,54.7,82.1,25.89,0.0,0.0
滨州,gfs_seamless,2025-04-17,5,2025-04-22,26.5,10.9,14.4,,,26.8,18.2,51.1,33.1,27.61,0.0,0.0
滨州,gfs_seamless,2025-04-16,6,2025-04-22,21.3,8.3,9.6,4.6,,35.0,27.0,72.4,32.1,27.08,0.0,0.0
滨州,gfs_seamless,2025-04-15,7,2025-04-22,21.5,9.3,13.1,7.0,,52.2,15.5,64.1,35.5,26.84,0.2,0.0
滨州,ecmwf_ifs025,2025-04-22,1,2025-04-23,28.8,9.5,16.4,7.6,28.3,38.5,12.6,,,22.92,0.0,
滨州,ecmwf_ifs025,2025-04-21,2,2025-04-23,29.3,8.9,16.4,6.9,29.1,41.5,12.5,,,23.04,0.0,
滨州,ecmwf_ifs025,2025-04-20,3,2025-04-23,28.2,7.3,15.6,5.1,28.4,46.6,11.7,,,22.87,0.0,
滨州,ecmwf_ifs025,2025-04-19,4,2025-04-23,26.8,10.5,16.0,,,45.1,13.3,,,19.92,0.0,
滨州,ecmwf_ifs025,2025-04-18,5,2025-04-23,27.5,11.1,14.4,,27.0,36.4,18.5,,,23.21,0.0,
滨州,ecmwf_ifs025,2025-04-17,6,2025-04-23,24.9,11.7,13.2,,,33.0,14.8,,,4.32,0.0,
滨州,ecmwf_ifs025,2025-04-16,7,2025-04-23,27.9,10.2,14.6,,27.3,36.3,15.4,,,22.38,0.0,
滨州,ecmwf_ifs025,2025-04-23,1,2025-04-24,20.3,12.1,11.1,,,18.0,14.4,,,23.82,0.0,
滨州,ecmwf_ifs025,2025-04-22,2,2025-04-24,19.5,11.6,10.7,,,20.1,15.4,,,23.9,0.0,
滨州,ecmwf_ifs025,2025-04-21,3,2025-04-24,19.2,11.7,10.5,,,20.8,16.7,,,23.88,0.0,
滨州,ecmwf_ifs025,2025-04-20,4,2025-04-24,19.8,10.5,10.8,,,22.7,15.5,,,23.8,0.0,
滨州,ecmwf_ifs025,2025-04-19,5,2025-04-24,18.6,10.4,9.3,,,20.2,16.6,,,23.43,0.0,
滨州,ecmwf_ifs025,2025-04-18,6,2025-04-24,21.9,9.4,10.6,8.0,,31.8,9.4,,,4.45,0.0,
滨州,ecmwf_ifs025,2025-04-17,7,2025-04-24,22.7,10.1,12.1,,,26.5,9.3,,,22.78,0.0,
滨州,ecmwf_ifs025,2025-04-24,1,2025-04-25,25.6,8.6,14.1,7.0,,22.5,9.9,,,23.02,0.0,
滨州,ecmwf_ifs025,2025-04-23,2,2025-04-25,26.0,7.8,13.6,6.1,,24.8,9.6,,,23.12,0.0,
滨州,ecmwf_ifs025,2025-04-22,3,2025-04-25,25.5,7.5,13.6,6.0,,27.6,8.3,,,23.17,0.0,
滨州,ecmwf_ifs025,2025-04-21,4,2025-04-25,25.8,7.6,13.3,5.8,,26.4,9.8,,,23.18,0.0,
滨州,ecmwf_ifs025,2025-04-20,5,2025-04-25,24.6,7.7,13.0,5.8,,30.2,10.5,,,23.06,0.0,
滨州,ecmwf_ifs025,2025-04-19,6,2025-04-25,25.3,8.9,12.7,6.9,,32.0,12.7,,,4.3,0.0,
滨州,ecmwf_ifs025,2025-04-18,7,2025-04-25,20.3,8.8,10.8,7.1,,32.6,10.6,,,22.83,0.0,
滨州,ecmwf_ifs025,2025-04-25,1,2025-04-26,31.6,14.2,19.0,,30.2,28.0,18.0,,,22.24,0.0,
滨州,ecmwf_ifs025,2025-04-24,2,2025-04-26,31.3,14.9,18.8,,29.6,24.9,18.1,,,21.43,0.0,
滨州,ecmwf_ifs025,2025-04-23,3,2025-04-26,31.6,13.9,18.5,,30.0,26.2,18.3,,,22.81,0.0,
滨州,ecmwf_ifs025,2025-04-22,4,2025-04-26,30.1,12.1,17.6,,29.0,31.4,16.5,,,22.13,0.0,
滨州,ecmwf_ifs025,2025-04-21,5,2025-04-26,28.6,12.0,17.0,,27.4,27.5,14.3,,,22.64,0.0,
滨州,ecmwf_ifs025,2025-04-20,6,2025-04-26,28.5,13.2,16.6,,27.4,28.5,11.1,,,3.99,0.0,
滨州,ecmwf_ifs025,2025-04-19,7,2025-04-26,28.3,12.6,16.5,,27.6,35.2,14.8,,,22.43,0.0,
滨州,ecmwf_ifs025,2025-04-26,1,2025-04-27,22.3,10.8,12.4,,,30.7,14.7,,,15.16,0.3,
滨州,ecmwf_ifs025,2025-04-25,2,2025-04-27,22.6,11.3,12.7,,,29.3,14.5,,,15.74,0.3,
滨州,ecmwf_ifs025,2025-04-24,3,2025-04-27,23.0,10.8,12.3,,,33.1,13.7,,,13.55,10.8,
滨州,ecmwf_ifs025,2025-04-23,4,2025-04-27,22.1,11.5,13.6,,,34.7,15.9,,,17.92,0.0,
滨州,ecmwf_ifs025,2025-04-22,5,2025-04-27,20.5,12.1,13.6,,,40.1,16.0,,,17.27,0.0,
滨州,ecmwf_ifs025,2025-04-21,6,2025-04-27,23.4,12.4,15.5,,,41.7,10.9,,,2.96,0.0,
滨州,ecmwf_ifs025,2025-04-20,7,2025-04-27,29.1,15.3,18.0,,28.1,32.2,8.7,,,21.18,0.0,
滨州,ecmwf_ifs025,2025-04-27,1,2025-04-28,26.2,9.1,13.9,7.8,,34.7,8.5,,,23.08,0.0,
滨州,ecmwf_ifs025,2025-04-26,2,2025-04-28,28.2,9.4,14.7,8.1,27.1,27.7,9.2,,,23.27,0.0,
滨州,ecmwf_ifs025,2025-04-25,3,2025-04-28,27.4,9.3,14.4,8.4,26.5,25.2,7.0,,,23.28,0.0,
滨州,ecmwf_ifs025,2025-04-24,4,2025-04-28,26.3,9.2,14.2,8.0,,31.6,8.5,,,23.21,0.0,
滨州,ecmwf_ifs025,2025-04-23,5,2025-04-28,28.0,8.1,14.0,6.5,27.2,32.1,9.3,,,23.39,0.0,
滨州,ecmwf_ifs025,2025-04-22,6,2025-04-28,27.0,11.0,15.0,,26.6,35.2,9.5,,,4.58,0.0,
滨州,ecmwf_ifs025,2025-04-21,7,2025-04-28,28.5,14.1,16.9,,27.6,32.9,9.1,,,22.92,0.0,
滨州,ecmwf_ifs025,2025-04-28,1,2025-04-29,31.4,13.0,18.6,,30.1,29.9,16.4,,,23.39,0.0,
滨州,ecmwf_ifs025,2025-04-27,2,2025-04-29,31.4,14.3,18.8,,29.8,25.8,17.4,,,22.99,0.0,
滨州,ecmwf_ifs025,2025-04-26,3,2025-04-29,31.3,13.4,18.9,,29.4,22.1,16.6,,,22.94,0.0,
滨州,ecmwf_ifs025,2025-04-25,4,2025-04-29,31.6,14.1,18.7,,29.8,23.1,17.7,,,22.15,0.0,
滨州,ecmwf_ifs025,2025-04-24,5,2025-04-29,31.4,11.4,18.0,,29.8,25.4,17.9,,,22.49,0.0,
滨州,ecmwf_ifs025,2025-04-23,6,2025-04-29,32.5,17.4,19.2,,30.4,19.1,17.2,,,4.58,0.0,
滨州,ecmwf_ifs025,2025-04-22,7,2025-04-29,31.4,15.5,17.7,,29.9,27.0,16.1,,,23.06,0.0,
滨州,ecmwf_ifs025,2025-04-29,1,2025-04-30,30.9,16.1,19.7,,29.7,31.0,14.6,,,19.35,0.0,
滨州,ecmwf_ifs025,2025-04-28,2,2025-04-30,33.3,14.9,19.2,,33.0,34.0,16.6,,,22.56,0.9,
滨州,ecmwf_ifs025,2025-04-27,3,2025-04-30,28.4,16.4,18.6,,27.3,27.2,12.6,,,22.2,0.0,
滨州,ecmwf_ifs025,2025-04-26,4,2025-04-30,30.9,19.3,21.3,,29.6,30.2,8.4,,,19.47,0.0,
滨州,ecmwf_ifs025,2025-04-25,5,2025-04-30,32.4,17.4,21.9,,31.2,29.2,10.1,,,21.81,0.0,
滨州,ecmwf_ifs025,2025-04-24,6,2025-04-30,31.1,22.6,22.2,,29.3,22.1,10.3,,,4.5,0.0,
滨州,ecmwf_ifs025,2025-04-23,7,2025-04-30,34.1,13.3,21.0,,32.4,23.0,9.7,,,23.29,0.0,
滨州,ecmwf_ifs025,2025-04-30,1,2025-05-01,24.6,11.6,14.4,,,33.4,12.8,,,24.03,0.0,
滨州,ecmwf_ifs025,2025-04-29,2,2025-05-01,24.3,10.8,14.1,,,32.6,14.1,,,23.93,0.0,
滨州,ecmwf_ifs025,2025-04-28,3,2025-05-01,25.1,11.0,14.0,,,30.6,14.1,,,24.17,0.0,
滨州,ecmwf_ifs025,2025-04-27,4,2025-05-01,29.1,16.2,17.0,,27.9,28.4,15.2,,,23.55,0.6,
滨州,ecmwf_ifs025,2025-04-26,5,2025-05-01,25.8,15.0,14.9,,,22.2,20.3,,,24.3,0.0,
滨州,ecmwf_ifs025,2025-04-25,6,2025-05-01,22.2,16.2,14.5,,,22.1,15.7,,,4.62,0.0,
滨州,ecmwf_ifs025,2025-04-24,7,2025-05-01,33.5,16.7,22.2,,33.0,32.2,8.0,,,22.36,0.0,
滨州,ecmwf_ifs025,2025-05-01,1,2025-05-02,22.0,13.4,14.0,,,45.6,15.8,,,16.14,6.9,
滨州,ecmwf_ifs025,2025-04-30,2,2025-05-02,26.5,14.2,15.3,,,32.5,13.8,,,16.92,1.2,
滨州,ecmwf_ifs025,2025-04-29,3,2025-05-02,26.0,12.8,15.3,,,33.3,13.1,,,20.55,0.9,
滨州,ecmwf_ifs025,2025-04-28,4,2025-05-02,24.3,12.9,14.9,,,32.5,12.1,,,18.29,3.3,
滨州,ecmwf_ifs025,2025-04-27,5,2025-05-02,23.6,10.1,13.8,,,28.0,8.9,,,20.42,0.0,
滨州,ecmwf_ifs025,2025-04-26,6,2025-05-02,26.7,16.1,15.7,,,20.2,11.3,,,3.93,0.0,
滨州,ecmwf_ifs025,2025-04-25,7,2025-05-02,24.9,14.2,16.5,,,33.5,10.8,,,21.55,0.0,
滨州,ecmwf_ifs025,2025-05-02,1,2025-05-03,21.4,10.2,12.1,,,40.9,12.8,,,24.41,0.0,
滨州,ecmwf_ifs025,2025-05-01,2,2025-05-03,20.4,10.3,12.0,,,40.8,12.2,,,24.42,0.0,
滨州,ecmwf_ifs025,2025-04-30,3,2025-05-03,20.9,12.2,12.2,,,34.1,15.7,,,24.49,0.3,
滨州,ecmwf_ifs025,2025-04-29,4,2025-05-03,23.5,11.4,13.1,,,37.3,13.4,,,24.6,1.8,
滨州,ecmwf_ifs025,2025-04-28,5,2025-05-03,22.2,11.4,13.0,,,32.6,12.4,,,23.54,1.5,
滨州,ecmwf_ifs025,2025-04-27,6,2025-05-03,23.0,13.4,13.4,,,32.7,14.4,,,4.77,0.0,
滨州,ecmwf_ifs025,2025-04-26,7,2025-05-03,24.7,16.4,15.7,,,18.4,16.6,,,23.85,0.0,
滨州,ecmwf_ifs025,2025-05-03,1,2025-05-04,26.3,9.4,15.0,7.9,,23.7,10.0,,,21.09,0.0,
滨州,ecmwf_ifs025,2025-05-02,2,2025-05-04,26.6,10.0,15.3,8.8,,22.2,9.3,,,21.66,0.0,
滨州,ecmwf_ifs025,2025-05-01,3,2025-05-04,26.5,10.1,15.1,,,24.9,11.0,,,22.92,0.0,
滨州,ecmwf_ifs025,2025-04-30,4,2025-05-04,27.1,10.2,15.1,,26.2,22.5,11.6,,,23.28,0.0,
滨州,ecmwf_ifs025,2025-04-29,5,2025-05-04,27.5,9.4,15.5,7.9,26.4,21.0,10.1,,,23.95,0.0,
滨州,ecmwf_ifs025,2025-04-28,6,2025-05-04,28.0,12.0,16.2,,27.0,27.3,7.1,,,4.23,0.0,
滨州,ecmwf_ifs025,2025-04-27,7,2025-05-04,26.6,14.9,15.5,,,16.3,6.6,,,24.08,0.0,
滨州,ecmwf_ifs025,2025-05-04,1,2025-05-05,26.8,13.4,17.7,,,57.2,10.9,,,21.09,6.3,
滨州,ecmwf_ifs025,2025-05-03,2,2025-05-05,28.4,15.5,18.6,,28.3,42.9,11.0,,,22.34,1.8,
滨州,ecmwf_ifs025,2025-05-02,3,2025-05-05,28.5,14.1,17.4,,27.9,36.5,14.0,,,22.18,3.6,
滨州,ecmwf_ifs025,2025-05-01,4,2025-05-05,29.2,13.7,17.6,,28.8,39.8,14.1,,,21.33,1.8,
滨州,ecmwf_ifs025,2025-04-30,5,2025-05-05,29.5,13.8,17.7,,29.0,38.8,14.3,,,22.64,3.0,
滨州,ecmwf_ifs025,2025-04-29,6,2025-05-05,31.0,18.0,19.4,,29.1,20.1,13.6,,,4.42,0.0,
滨州,ecmwf_ifs025,2025-04-28,7,2025-05-05,23.6,13.3,15.3,,,35.7,12.7,,,19.45,1.8,
滨州,ecmwf_ifs025,2025-05-05,1,2025-05-06,18.1,11.5,13.0,,,75.9,13.1,,,15.93,1.2,
滨州,ecmwf_ifs025,2025-05-04,2,2025-05-06,18.4,11.9,12.8,,,73.6,13.4,,,13.33,3.6,
滨州,ecmwf_ifs025,2025-05-03,3,2025-05-06,19.3,11.1,12.8,,,66.0,14.1,,,21.42,1.8,
滨州,ecmwf_ifs025,2025-05-02,4,2025-05-06,19.2,11.9,13.6,,,57.5,12.3,,,23.01,0.0,
滨州,ecmwf_ifs025,2025-05-01,5,2025-05-06,19.9,12.8,14.0,,,60.0,12.1,,,21.94,0.0,
滨州,ecmwf_ifs025,2025-04-30,6,2025-05-06,20.2,12.9,13.8,,,51.1,14.1,,,4.65,0.0,
滨州,ecmwf_ifs025,2025-04-29,7,2025-05-06,25.2,14.3,16.5,,,32.8,16.0,,,22.81,0.0,
滨州,jma_seamless,2025-05-06,1,2025-05-07,25.4,13.2,17.3,,,58.9,8.5,,60.9,,0.0,0.0
滨州,jma_seamless,2025-05-05,2,2025-05-07,27.2,13.4,18.0,,28.0,55.5,9.8,,52.8,,0.0,0.0
滨州,jma_seamless,2025-05-04,3,2025-05-07,25.1,12.0,17.7,,,61.0,8.2,,60.5,,0.0,0.0
滨州,jma_seamless,2025-05-03,4,2025-05-07,24.3,13.1,16.2,,,41.9,8.5,,55.2,,0.0,0.0
滨州,jma_seamless,2025-05-02,5,2025-05-07,24.7,13.8,15.4,,,46.1,8.5,,45.9,,0.0,0.0
滨州,jma_seamless,2025-05-01,6,2025-05-07,29.0,14.4,18.8,,28.2,35.4,11.0,,53.6,,0.0,0.0
滨州,jma_seamless,2025-04-30,7,2025-05-07,26.6,13.8,17.0,,,47.9,8.5,,47.0,,0.0,0.0
滨州,jma_seamless,2025-05-07,1,2025-05-08,25.7,17.0,18.9,,,57.5,13.7,,94.8,,0.0,0.0
滨州,jma_seamless,2025-05-06,2,2025-05-08,25.1,16.2,18.3,,,64.5,14.5,,96.2,,0.6,0.0
滨州,jma_seamless,2025-05-05,3,2025-05-08,27.1,16.6,19.5,,27.9,56.3,13.4,,86.2,,0.3,0.0
滨州,jma_seamless,2025-05-04,4,2025-05-08,26.4,18.4,20.7,,,54.1,12.8,,91.8,,0.0,0.0
滨州,jma_seamless,2025-05-03,5,2025-05-08,24.8,16.4,17.3,,,51.6,14.2,,86.2,,0.6,0.0
滨州,jma_seamless,2025-05-02,6,2025-05-08,28.6,18.3,19.9,,28.5,43.7,16.1,,81.6,,2.4,0.0
滨州,jma_seamless,2025-05-01,7,2025-05-08,29.7,18.2,20.3,,29.0,36.5,13.4,,66.7,,0.3,0.0
滨州,jma_seamless,2025-05-08,1,2025-05-09,19.0,12.4,14.4,,,69.6,12.9,,74.9,,1.8,0.0
滨州,jma_seamless,2025-05-07,2,2025-05-09,17.4,12.5,13.8,,,76.1,10.6,,86.5,,3.6,0.0
滨州,jma_seamless,2025-05-06,3,2025-05-09,19.1,12.2,14.7,,,76.4,9.2,,85.8,,12.9,0.0
滨州,jma_seamless,2025-05-05,4,2025-05-09,20.3,16.4,18.1,,,69.9,7.6,,51.0,,1.8,0.0
滨州,jma_seamless,2025-05-04,5,2025-05-09,24.6,16.3,19.3,,,66.8,9.3,,35.7,,10.5,0.0
滨州,jma_seamless,2025-05-03,6,2025-05-09,18.3,13.8,17.5,,,77.7,6.6,,74.9,,32.1,0.0
滨州,jma_seamless,2025-05-02,7,2025-05-09,22.5,17.3,19.1,,,71.3,9.2,,81.4,,6.9,0.0
滨州,jma_seamless,2025-05-09,1,2025-05-10,23.8,12.3,15.2,,,52.5,8.3,,65.6,,1.8,0.0
滨州,jma_seamless,2025-05-08,2,2025-05-10,24.1,12.1,15.7,,,57.0,8.4,,72.7,,3.0,0.0
滨州,jma_seamless,2025-05-07,3,2025-05-10,24.2,12.2,16.1,,,50.5,9.5,,62.6,,0.6,0.0
滨州,jma_seamless,2025-05-06,4,2025-05-10,23.9,15.6,15.9,,,33.9,10.7,,15.8,,0.0,0.0
滨州,jma_seamless,2025-05-05,5,2025-05-10,26.8,16.7,17.8,,,27.8,12.2,,13.2,,0.3,0.0
滨州,jma_seamless,2025-05-04,6,2025-05-10,27.6,12.0,16.6,,26.8,30.2,12.3,,22.8,,9.9,0.0
滨州,jma_seamless,2025-05-03,7,2025-05-10,29.9,14.8,17.8,,29.7,40.8,7.7,,37.4,,0.0,0.0
滨州,jma_seamless,2025-05-10,1,2025-05-11,29.5,13.9,18.3,,27.9,22.8,8.0,,8.4,,0.0,0.0
滨州,jma_seamless,2025-05-09,2,2025-05-11,30.1,14.2,18.4,,28.5,23.9,9.6,,4.5,,0.0,0.0
滨州,jma_seamless,2025-05-08,3,2025-05-11,28.7,16.0,18.8,,27.6,29.6,8.6,,9.3,,0.0,0.0
滨州,jma_seamless,2025-05-07,4,2025-05-11,29.6,15.6,18.1,,27.9,18.6,7.4,,2.9,,0.0,0.0
滨州,jma_seamless,2025-05-06,5,2025-05-11,30.7,16.8,20.7,,29.3,27.8,6.9,,3.7,,0.0,0.0
滨州,jma_seamless,2025-05-05,6,2025-05-11,33.8,19.8,20.9,,31.6,17.9,12.2,,0.0,,0.0,0.0
滨州,jma_seamless,2025-05-04,7,2025-05-11,34.4,14.8,21.2,,32.0,14.6,13.3,,6.5,,0.0,0.0
滨州,jma_seamless,2025-05-11,1,2025-05-12,34.5,20.0,23.3,,32.4,19.0,11.8,,45.3,,0.0,0.0
滨州,jma_seamless,2025-05-10,2,2025-05-12,34.9,20.1,23.3,,32.9,19.8,11.7,,34.2,,0.0,0.0
滨州,jma_seamless,2025-05-09,3,2025-05-12,34.9,22.1,23.5,,32.6,16.2,14.1,,21.6,,0.0,0.0
滨州,jma_seamless,2025-05-08,4,2025-05-12,35.2,19.8,22.9,,33.1,18.8,13.8,,33.3,,0.0,0.0
滨州,jma_seamless,2025-05-07,5,2025-05-12,35.3,22.4,24.5,,33.2,18.9,13.5,,43.2,,0.0,0.0
滨州,jma_seamless,2025-05-06,6,2025-05-12,35.4,18.6,24.2,,34.2,24.8,13.3,,32.7,,0.0,0.0
滨州,jma_seamless,2025-05-05,7,2025-05-12,35.2,25.5,25.5,,32.7,13.7,11.1,,5.4,,0.0,0.0
滨州,jma_seamless,2025-05-12,1,2025-05-13,34.3,25.9,26.8,,33.7,30.0,16.1,,56.3,,0.0,0.0
滨州,jma_seamless,2025-05-11,2,2025-05-13,34.7,25.9,26.7,,33.8,27.7,15.8,,64.3,,0.0,0.0
滨州,jma_seamless,2025-05-10,3,2025-05-13,34.7,25.7,26.6,,33.5,26.1,14.9,,29.1,,0.0,0.0
滨州,jma_seamless,2025-05-09,4,2025-05-13,34.7,25.6,26.6,,33.4,25.4,14.6,,54.2,,0.0,0.0
滨州,jma_seamless,2025-05-08,5,2025-05-13,34.2,25.8,26.5,,33.1,27.2,15.7,,73.5,,0.0,0.0
滨州,jma_seamless,2025-05-07,6,2025-05-13,34.1,26.2,26.5,,32.7,25.6,13.8,,72.0,,0.0,0.0
滨州,jma_seamless,2025-05-06,7,2025-05-13,34.8,26.2,26.5,,33.5,25.1,14.3,,52.6,,0.0,0.0
滨州,jma_seamless,2025-05-13,1,2025-05-14,26.6,15.6,22.2,,,57.2,11.8,,62.2,,0.0,0.0
滨州,jma_seamless,2025-05-12,2,2025-05-14,27.1,15.5,22.8,,27.3,46.9,11.4,,59.2,,0.0,0.0
滨州,jma_seamless,2025-05-11,3,2025-05-14,27.8,19.1,24.3,,27.7,43.5,11.3,,76.0,,0.0,0.0
滨州,jma_seamless,2025-05-10,4,2025-05-14,32.5,22.5,26.8,,32.2,35.6,10.2,,66.9,,0.0,0.0
滨州,jma_seamless,2025-05-09,5,2025-05-14,32.2,20.7,26.8,,33.5,44.5,11.3,,56.2,,1.2,0.0
滨州,jma_seamless,2025-05-08,6,2025-05-14,34.4,21.8,26.3,,33.5,28.3,9.7,,20.7,,0.0,0.0
滨州,jma_seamless,2025-05-07,7,2025-05-14,36.0,25.6,28.4,,37.2,33.8,11.3,,35.0,,0.0,0.0
滨州,jma_seamless,2025-05-14,1,2025-05-15,29.8,14.4,20.0,,30.3,46.8,6.1,,44.3,,0.0,0.0
滨州,jma_seamless,2025-05-13,2,2025-05-15,29.4,14.1,19.5,,29.3,42.3,6.5,,37.1,,0.0,0.0
滨州,jma_seamless,2025-05-12,3,2025-05-15,30.4,17.1,20.9,,29.9,38.1,7.4,,48.9,,0.0,0.0
滨州,jma_seamless,2025-05-11,4,2025-05-15,29.5,18.2,22.6,,29.3,41.9,4.7,,56.0,,0.0,0.0
滨州,jma_seamless,2025-05-10,5,2025-05-15,32.9,18.7,24.0,,33.6,39.9,4.1,,1.0,,0.0,0.0
滨州,jma_seamless,2025-05-09,6,2025-05-15,32.5,20.3,23.9,,31.2,28.0,5.1,,42.2,,0.0,0.0
滨州,jma_seamless,2025-05-08,7,2025-05-15,31.1,23.3,27.4,,32.1,46.3,7.5,,91.6,,0.0,0.0
滨州,jma_seamless,2025-05-15,1,2025-05-16,32.4,19.7,25.0,,34.2,46.4,12.2,,10.2,,0.0,0.0
滨州,jma_seamless,2025-05-14,2,2025-05-16,32.9,20.0,25.1,,34.5,44.0,11.7,,18.2,,0.0,0.0
滨州,jma_seamless,2025-05-13,3,2025-05-16,32.9,20.3,24.6,,33.1,37.6,11.8,,35.1,,0.0,0.0
滨州,jma_seamless,2025-05-12,4,2025-05-16,32.3,21.3,26.2,,35.3,51.5,12.3,,12.9,,0.0,0.0
滨州,jma_seamless,2025-05-11,5,2025-05-16,36.4,22.3,26.8,,37.8,33.6,11.8,,9.1,,0.0,0.0
滨州,jma_seamless,2025-05-10,6,2025-05-16,35.1,22.1,27.2,,37.3,39.7,9.9,,10.4,,0.0,0.0
滨州,jma_seamless,2025-05-09,7,2025-05-16,31.9,22.9,27.4,,32.1,39.6,9.7,,24.1,,0.0,0.0
滨州,jma_seamless,2025-05-16,1,2025-05-17,27.8,16.9,19.2,,26.7,24.4,13.9,,8.0,,0.0,0.0
滨州,jma_seamless,2025-05-15,2,2025-05-17,26.9,18.1,20.6,,,26.5,12.1,,28.1,,0.0,0.0
滨州,jma_seamless,2025-05-14,3,2025-05-17,27.1,17.0,21.5,,26.7,35.0,13.9,,7.8,,0.0,0.0
滨州,jma_seamless,2025-05-13,4,2025-05-17,30.4,18.3,23.1,,29.5,33.9,14.0,,4.4,,0.0,0.0
滨州,jma_seamless,2025-05-12,5,2025-05-17,34.4,20.8,26.6,,36.2,40.2,10.4,,36.1,,0.0,0.0
滨州,jma_seamless,2025-05-11,6,2025-05-17,37.6,22.5,28.5,,42.3,39.5,14.0,,35.3,,0.3,0.0
滨州,jma_seamless,2025-05-10,7,2025-05-17,31.5,24.9,28.8,,32.5,45.5,10.5,,73.0,,0.0,0.0
滨州,jma_seamless,2025-05-17,1,2025-05-18,28.7,16.0,18.8,,27.2,20.0,9.7,,12.4,,0.0,0.0
滨州,jma_seamless,2025-05-16,2,2025-05-18,28.7,17.5,19.4,,27.2,19.0,7.7,,22.8,,0.0,0.0
滨州,jma_seamless,2025-05-15,3,2025-05-18,30.1,15.8,20.0,,29.1,33.5,11.0,,0.0,,0.0,0.0
滨州,jma_seamless,2025-05-14,4,2025-05-18,30.5,16.2,20.4,,29.4,31.9,9.3,,0.8,,0.0,0.0
滨州,jma_seamless,2025-05-13,5,2025-05-18,28.7,17.7,20.0,,27.5,26.9,9.8,,23.5,,0.0,0.0
滨州,jma_seamless,2025-05-12,6,2025-05-18,23.7,18.5,20.9,,,62.3,12.2,,71.9,,2.1,0.0
滨州,jma_seamless,2025-05-11,7,2025-05-18,27.4,22.3,23.3,,27.0,37.3,10.8,,34.0,,0.9,0.0
滨州,jma_seamless,2025-05-18,1,2025-05-19,35.3,23.2,27.4,,35.6,32.2,8.4,,0.0,,0.0,0.0
滨州,jma_seamless,2025-05-17,2,2025-05-19,36.8,23.0,27.7,,37.7,30.8,9.6,,0.0,,0.0,0.0
滨州,jma_seamless,2025-05-16,3,2025-05-19,35.5,23.9,26.5,,34.8,27.0,11.8,,0.2,,0.0,0.0
滨州,jma_seamless,2025-05-15,4,2025-05-19,35.9,25.6,27.2,,34.5,22.5,10.6,,4.1,,0.0,0.0
滨州,jma_seamless,2025-05-14,5,2025-05-19,36.2,24.6,26.1,,34.3,19.0,12.9,,1.5,,0.0,0.0
滨州,jma_seamless,2025-05-13,6,2025-05-19,37.8,23.5,27.3,,37.1,23.2,19.6,,0.0,,0.0,0.0
滨州,jma_seamless,2025-05-12,7,2025-05-19,25.7,18.6,22.3,,,64.7,10.1,,49.7,,3.3,0.0
滨州,jma_seamless,2025-05-19,1,2025-05-20,39.9,29.7,32.5,,42.6,29.2,14.6,,0.0,,0.0,0.0
滨州,jma_seamless,2025-05-18,2,2025-05-20,40.5,29.7,32.6,,43.5,28.6,14.9,,0.0,,0.0,0.0
滨州,jma_seamless,2025-05-17,3,2025-05-20,40.8,25.0,30.4,,43.4,27.2,12.2,,2.6,,0.0,0.0
滨州,jma_seamless,2025-05-16,4,2025-05-20,39.2,22.7,29.8,,40.8,28.0,9.7,,1.5,,0.0,0.0
滨州,jma_seamless,2025-05-15,5,2025-05-20,35.1,23.4,27.2,,34.2,26.8,11.5,,1.4,,0.0,0.0
滨州,jma_seamless,2025-05-14,6,2025-05-20,39.4,26.8,31.5,,41.4,28.5,12.5,,27.7,,0.0,0.0
滨州,jma_seamless,2025-05-13,7,2025-05-20,32.5,21.3,24.7,,32.7,38.4,5.4,,1.4,,0.0,0.0
滨州,ecmwf_ifs025,2025-05-20,1,2025-05-21,28.9,20.4,24.8,,29.4,49.2,15.6,,5.4,23.43,0.0,
滨州,ecmwf_ifs025,2025-05-19,2,2025-05-21,28.7,20.7,24.2,,29.1,48.5,15.5,,10.7,23.42,0.0,
滨州,ecmwf_ifs025,2025-05-18,3,2025-05-21,28.2,19.8,23.9,,28.8,51.5,15.9,,31.5,22.6,0.0,
滨州,ecmwf_ifs025,2025-05-17,4,2025-05-21,32.2,20.7,26.2,,34.7,49.8,14.7,,12.8,22.87,0.0,
滨州,ecmwf_ifs025,2025-05-16,5,2025-05-21,34.8,21.7,25.3,,37.7,42.7,15.3,,13.4,23.13,0.0,
滨州,ecmwf_ifs025,2025-05-15,6,2025-05-21,29.6,20.4,20.7,,29.5,42.3,19.1,,7.2,4.88,0.0,
滨州,ecmwf_ifs025,2025-05-14,7,2025-05-21,27.0,19.8,21.5,,27.1,45.4,15.3,,30.2,20.71,0.0,
滨州,gfs_seamless,2025-05-20,1,2025-05-21,33.7,21.5,26.8,,35.7,43.0,17.7,52.2,14.6,,,0.0
滨州,gfs_seamless,2025-05-19,2,2025-05-21,35.2,20.9,27.7,,40.8,49.1,19.8,49.7,26.0,,,0.0
滨州,gfs_seamless,2025-05-18,3,2025-05-21,30.8,20.9,25.5,,31.9,47.8,19.9,56.9,43.5,,,0.0
滨州,gfs_seamless,2025-05-17,4,2025-05-21,29.3,18.3,22.4,,30.2,50.8,22.4,54.0,24.8,,,0.0
滨州,gfs_seamless,2025-05-16,5,2025-05-21,31.1,18.1,21.1,,31.6,43.6,20.1,52.2,27.2,,,0.0
滨州,gfs_seamless,2025-05-15,6,2025-05-21,31.4,18.9,22.6,,34.9,57.0,18.8,56.9,67.3,,,0.0
滨州,gfs_seamless,2025-05-14,7,2025-05-21,35.8,16.9,24.1,,39.0,40.8,16.1,60.8,35.5,,,0.0
滨州,jma_seamless,2025-05-20,1,2025-05-21,30.3,20.0,24.8,,33.1,58.5,11.1,,47.3,,2.4,0.0
滨州,jma_seamless,2025-05-19,2,2025-05-21,30.9,20.7,26.8,,34.8,60.8,9.9,,51.1,,1.2,0.0
滨州,jma_seamless,2025-05-18,3,2025-05-21,30.9,21.2,26.7,,32.8,51.7,12.0,,64.8,,1.2,0.0
滨州,jma_seamless,2025-05-17,4,2025-05-21,32.8,21.2,27.3,,34.9,46.2,14.1,,28.1,,1.8,0.0
滨州,jma_seamless,2025-05-16,5,2025-05-21,31.3,20.3,27.5,,32.5,47.0,13.7,,64.7,,1.2,0.0
滨州,jma_seamless,2025-05-15,6,2025-05-21,39.7,21.5,30.7,,46.6,38.3,12.8,,30.0,,0.3,0.0
滨州,jma_seamless,2025-05-14,7,2025-05-21,33.8,19.8,25.7,,40.4,56.9,12.6,,75.0,,3.0,0.0
滨州,ecmwf_ifs025,2025-05-21,1,2025-05-22,27.5,19.1,18.6,,26.7,28.7,18.0,,64.1,16.96,0.0,
滨州,ecmwf_ifs025,2025-05-20,2,2025-05-22,27.7,19.1,18.4,,26.7,25.5,19.0,,66.6,18.14,0.0,
滨州,ecmwf_ifs025,2025-05-19,3,2025-05-22,26.9,18.9,17.6,,,29.9,18.7,,51.8,14.14,0.0,
滨州,ecmwf_ifs025,2025-05-18,4,2025-05-22,28.1,19.8,19.4,,27.0,25.7,16.6,,52.4,18.84,0.0,
滨州,ecmwf_ifs025,2025-05-17,5,2025-05-22,27.6,17.6,18.1,,26.6,25.7,15.9,,31.4,20.61,0.3,
滨州,ecmwf_ifs025,2025-05-16,6,2025-05-22,27.4,20.5,18.9,,26.5,26.0,16.2,,18.0,4.84,0.0,
滨州,ecmwf_ifs025,2025-05-15,7,2025-05-22,29.0,18.5,20.0,,28.0,32.5,13.0,,3.5,23.59,0.0,
滨州,gfs_seamless,2025-05-21,1,2025-05-22,28.0,19.2,18.5,,27.2,31.7,23.3,49.0,98.2,,,0.0
滨州,gfs_seamless,2025-05-20,2,2025-05-22,28.5,18.1,18.1,,28.5,44.5,25.8,54.7,88.6,,,0.0
滨州,gfs_seamless,2025-05-19,3,2025-05-22,24.5,18.5,17.1,,,47.1,24.7,57.6,94.7,,,0.0
滨州,gfs_seamless,2025-05-18,4,2025-05-22,28.5,16.6,18.1,,27.4,28.6,20.4,45.0,71.3,,,0.0
滨州,gfs_seamless,2025-05-17,5,2025-05-22,30.5,16.5,19.3,,28.8,23.8,20.0,66.2,70.3,,,0.0
滨州,gfs_seamless,2025-05-16,6,2025-05-22,28.3,17.2,17.7,,27.7,36.9,20.3,41.0,56.0,,,0.0
滨州,gfs_seamless,2025-05-15,7,2025-05-22,25.9,19.1,20.1,,,55.5,21.8,47.5,85.9,,,0.0
滨州,jma_seamless,2025-05-21,1,2025-05-22,28.1,19.5,19.3,,27.0,27.0,12.3,,72.4,,0.0,0.0
滨州,jma_seamless,2025-05-20,2,2025-05-22,28.1,20.2,19.6,,27.1,28.1,12.8,,71.1,,0.0,0.0
滨州,jma_seamless,2025-05-19,3,2025-05-22,29.2,20.8,20.3,,27.8,25.4,12.2,,73.1,,0.0,0.0
滨州,jma_seamless,2025-05-18,4,2025-05-22,27.9,20.8,19.8,,26.8,25.5,12.0,,47.0,,0.0,0.0
滨州,jma_seamless,2025-05-17,5,2025-05-22,27.6,20.2,20.5,,26.9,32.8,12.0,,62.7,,0.6,0.0
滨州,jma_seamless,2025-05-16,6,2025-05-22,28.5,19.9,21.3,,28.4,43.0,11.1,,65.0,,0.3,0.0
滨州,jma_seamless,2025-05-15,7,2025-05-22,30.9,20.6,22.7,,30.8,40.2,13.8,,80.4,,0.6,0.0
滨州,ecmwf_ifs025,2025-05-22,1,2025-05-23,22.0,14.4,15.9,,,53.6,14.7,,26.4,19.74,3.3,
滨州,ecmwf_ifs025,2025-05-21,2,2025-05-23,24.2,15.0,16.9,,,45.1,16.2,,22.0,21.9,2.4,
滨州,ecmwf_ifs025,2025-05-20,3,2025-05-23,24.1,15.6,17.0,,,38.4,13.2,,32.2,23.64,0.0,
滨州,ecmwf_ifs025,2025-05-19,4,2025-05-23,25.4,15.1,17.4,,,45.2,14.6,,15.8,24.76,3.6,
滨州,ecmwf_ifs025,2025-05-18,5,2025-05-23,24.4,15.1,17.7,,,59.1,10.8,,48.3,14.75,10.5,
滨州,ecmwf_ifs025,2025-05-17,6,2025-05-23,20.4,13.9,16.0,,,53.4,9.6,,56.7,2.2,6.9,
滨州,ecmwf_ifs025,2025-05-16,7,2025-05-23,23.3,16.3,18.2,,,47.0,8.0,,67.0,10.94,1.2,
滨州,gfs_seamless,2025-05-22,1,2025-05-23,23.6,15.4,15.9,,,45.2,14.6,34.6,87.5,,,0.0
滨州,gfs_seamless,2025-05-21,2,2025-05-23,26.5,13.5,17.0,,,39.1,17.7,45.4,89.5,,,0.0
滨州,gfs_seamless,2025-05-20,3,2025-05-23,20.1,14.1,14.8,,,63.8,13.9,49.0,98.9,,,0.0
滨州,gfs_seamless,2025-05-19,4,2025-05-23,25.9,15.8,17.9,,,44.8,12.4,25.9,59.4,,,0.0
滨州,gfs_seamless,2025-05-18,5,2025-05-23,23.2,13.8,16.9,,,39.5,10.0,28.4,98.8,,,0.0
滨州,gfs_seamless,2025-05-17,6,2025-05-23,27.6,15.7,17.6,,27.2,38.5,11.4,34.2,77.0,,,0.0
滨州,gfs_seamless,2025-05-16,7,2025-05-23,22.3,13.9,15.0,,,51.6,14.8,38.9,97.4,,,0.0
滨州,jma_seamless,2025-05-22,1,2025-05-23,24.2,18.1,17.8,,,32.2,10.6,,65.4,,0.0,0.0
滨州,jma_seamless,2025-05-21,2,2025-05-23,24.7,18.8,18.7,,,28.7,10.3,,72.4,,0.0,0.0
滨州,jma_seamless,2025-05-20,3,2025-05-23,27.6,19.1,20.1,,26.9,31.5,7.6,,56.5,,0.0,0.0
滨州,jma_seamless,2025-05-19,4,2025-05-23,27.8,18.1,20.1,,26.9,28.0,9.0,,61.4,,0.0,0.0
滨州,jma_seamless,2025-05-18,5,2025-05-23,30.6,19.9,21.7,,29.1,26.8,5.2,,39.2,,0.0,0.0
滨州,jma_seamless,2025-05-17,6,2025-05-23,30.8,20.6,21.8,,29.0,22.9,4.5,,53.0,,0.0,0.0
滨州,jma_seamless,2025-05-16,7,2025-05-23,28.2,20.8,21.2,,27.1,26.6,8.0,,71.6,,0.0,0.0
滨州,ecmwf_ifs025,2025-05-23,1,2025-05-24,27.4,13.7,18.1,,27.0,37.6,10.7,,6.5,25.01,0.0,
滨州,ecmwf_ifs025,2025-05-22,2,2025-05-24,27.6,14.9,18.6,,27.1,35.7,10.9,,8.3,24.96,0.0,
滨州,ecmwf_ifs025,2025-05-21,3,2025-05-24,27.6,15.7,19.1,,26.9,31.6,9.5,,9.8,24.6,0.0,
滨州,ecmwf_ifs025,2025-05-20,4,2025-05-24,28.3,12.9,18.7,,27.5,33.3,7.6,,9.0,24.63,0.0,
滨州,ecmwf_ifs025,2025-05-19,5,2025-05-24,30.2,13.6,20.2,,29.4,35.4,4.0,,9.6,25.0,0.0,
滨州,ecmwf_ifs025,2025-05-18,6,2025-05-24,27.5,15.1,19.0,,27.8,47.9,8.2,,3.2,4.69,0.0,
滨州,ecmwf_ifs025,2025-05-17,7,2025-05-24,25.2,13.9,17.8,,,51.2,7.5,,4.7,24.0,0.0,
滨州,gfs_seamless,2025-05-23,1,2025-05-24,27.5,12.6,17.5,,26.9,34.3,13.8,37.1,11.2,,,0.0
滨州,gfs_seamless,2025-05-22,2,2025-05-24,28.4,15.7,18.8,,27.4,30.5,15.7,41.8,30.2,,,0.0
滨州,gfs_seamless,2025-05-21,3,2025-05-24,27.9,14.2,18.5,,27.2,33.6,13.7,39.2,23.0,,,0.0
滨州,gfs_seamless,2025-05-20,4,2025-05-24,29.0,14.6,18.4,,27.8,29.0,13.2,35.6,0.0,,,0.0
滨州,gfs_seamless,2025-05-19,5,2025-05-24,31.1,15.4,21.2,,29.9,30.2,9.4,37.8,7.0,,,0.0
滨州,gfs_seamless,2025-05-18,6,2025-05-24,28.4,16.7,19.4,,27.3,28.5,12.3,34.9,39.9,,,0.0
滨州,gfs_seamless,2025-05-17,7,2025-05-24,30.0,13.2,19.2,,29.8,40.7,13.9,41.4,37.0,,,0.0
滨州,jma_seamless,2025-05-23,1,2025-05-24,28.4,17.2,18.7,,27.3,27.0,7.6,,4.0,,0.0,0.0
滨州,jma_seamless,2025-05-22,2,2025-05-24,28.1,17.5,19.4,,27.1,29.0,6.4,,8.8,,0.0,0.0
滨州,jma_seamless,2025-05-21,3,2025-05-24,28.1,17.5,19.6,,27.1,27.9,6.4,,22.6,,0.0,0.0
滨州,jma_seamless,2025-05-20,4,2025-05-24,29.0,15.4,20.1,,27.7,26.5,2.7,,22.0,,0.0,0.0
滨州,jma_seamless,2025-05-19,5,2025-05-24,29.9,17.8,20.2,,28.3,22.7,5.5,,7.3,,0.0,0.0
滨州,jma_seamless,2025-05-18,6,2025-05-24,32.3,18.8,22.4,,30.7,26.2,4.9,,20.9,,0.0,0.0
滨州,jma_seamless,2025-05-17,7,2025-05-24,31.4,20.9,21.4,,29.4,20.4,10.6,,7.5,,0.0,0.0
滨州,ecmwf_ifs025,2025-05-24,1,2025-05-25,31.3,15.3,20.4,,30.1,30.5,13.1,,35.0,23.67,0.0,
滨州,ecmwf_ifs025,2025-05-23,2,2025-05-25,31.2,15.4,20.4,,29.8,28.6,12.1,,25.6,23.96,0.0,
滨州,ecmwf_ifs025,2025-05-22,3,2025-05-25,31.2,15.7,20.3,,29.5,25.1,12.2,,22.2,24.15,0.0,
滨州,ecmwf_ifs025,2025-05-21,4,2025-05-25,32.1,14.1,21.2,,30.6,26.9,9.6,,0.7,25.0,0.0,
滨州,ecmwf_ifs025,2025-05-20,5,2025-05-25,32.6,15.7,22.0,,30.8,23.4,6.5,,0.0,24.96,0.0,
滨州,ecmwf_ifs025,2025-05-19,6,2025-05-25,30.0,14.2,20.5,,28.9,31.8,6.0,,6.0,4.74,0.0,
滨州,ecmwf_ifs025,2025-05-18,7,2025-05-25,30.1,13.9,21.1,,29.8,39.8,4.8,,33.2,24.27,0.0,
滨州,gfs_seamless,2025-05-24,1,2025-05-25,32.8,17.0,20.7,,30.7,19.4,16.3,52.2,54.0,,,0.0
滨州,gfs_seamless,2025-05-23,2,2025-05-25,32.9,16.8,21.1,,30.9,20.8,16.0,46.4,52.9,,,0.0
滨州,gfs_seamless,2025-05-22,3,2025-05-25,33.3,16.3,21.3,,31.5,22.5,18.1,43.2,47.5,,,0.0
滨州,gfs_seamless,2025-05-21,4,2025-05-25,33.7,16.7,21.9,,31.8,22.0,14.2,37.8,42.6,,,0.0
滨州,gfs_seamless,2025-05-20,5,2025-05-25,34.9,19.8,22.6,,33.0,20.9,21.0,60.1,12.2,,,0.0
滨州,gfs_seamless,2025-05-19,6,2025-05-25,33.3,18.8,22.6,,31.8,26.0,14.3,38.9,73.1,,,0.0
滨州,gfs_seamless,2025-05-18,7,2025-05-25,30.8,18.4,21.8,,29.5,30.1,11.2,41.8,63.1,,,0.0
滨州,jma_seamless,2025-05-24,1,2025-05-25,31.8,19.0,21.4,,29.9,21.5,10.6,,36.7,,0.0,0.0
滨州,jma_seamless,2025-05-23,2,2025-05-25,32.6,19.4,22.1,,30.9,24.3,7.7,,21.4,,0.0,0.0
滨州,jma_seamless,2025-05-22,3,2025-05-25,31.1,17.7,21.3,,29.5,26.3,8.3,,0.0,,0.0,0.0
滨州,jma_seamless,2025-05-21,4,2025-05-25,30.9,19.7,22.0,,29.3,26.4,5.0,,17.9,,0.0,0.0
滨州,jma_seamless,2025-05-20,5,2025-05-25,31.0,18.6,21.6,,29.2,23.2,5.1,,52.3,,0.0,0.0
滨州,jma_seamless,2025-05-19,6,2025-05-25,31.9,21.1,22.9,,30.0,22.5,6.7,,21.2,,0.0,0.0
滨州,jma_seamless,2025-05-18,7,2025-05-25,32.0,19.5,22.1,,30.9,30.5,9.0,,58.2,,0.0,0.0
滨州,ecmwf_ifs025,2025-05-25,1,2025-05-26,31.1,17.0,23.0,,30.2,33.8,7.8,,13.5,23.68,0.0,
滨州,ecmwf_ifs025,2025-05-24,2,2025-05-26,31.2,16.8,22.3,,30.4,34.6,10.6,,0.2,24.37,0.0,
滨州,ecmwf_ifs025,2025-05-23,3,2025-05-26,31.7,16.4,22.7,,31.0,34.1,9.5,,38.0,24.62,0.0,
滨州,ecmwf_ifs025,2025-05-22,4,2025-05-26,31.8,17.7,23.3,,30.9,32.3,8.6,,39.1,23.9,0.0,
滨州,ecmwf_ifs025,2025-05-21,5,2025-05-26,32.4,17.1,23.7,,31.2,29.3,9.4,,20.1,24.74,0.0,
滨州,ecmwf_ifs025,2025-05-20,6,2025-05-26,33.1,19.2,23.7,,31.5,25.3,9.8,,17.6,5.07,0.0,
滨州,ecmwf_ifs025,2025-05-19,7,2025-05-26,31.7,19.8,23.1,,30.1,26.3,8.7,,2.8,24.11,0.0,
滨州,gfs_seamless,2025-05-25,1,2025-05-26,32.2,19.6,22.5,,30.3,21.7,12.6,34.6,73.8,,,0.0
滨州,gfs_seamless,2025-05-24,2,2025-05-26,33.1,18.8,22.9,,31.3,23.2,13.5,52.6,82.5,,,0.0
滨州,gfs_seamless,2025-05-23,3,2025-05-26,33.6,20.0,23.7,,31.7,21.3,14.8,37.8,62.6,,,0.0
滨州,gfs_seamless,2025-05-22,4,2025-05-26,32.1,18.3,22.5,,31.0,30.5,14.5,46.1,91.4,,,0.0
滨州,gfs_seamless,2025-05-21,5,2025-05-26,33.4,18.8,22.8,,31.8,25.1,15.0,51.8,80.5,,,0.0
滨州,gfs_seamless,2025-05-20,6,2025-05-26,34.0,20.4,23.5,,32.5,25.0,17.8,38.9,53.4,,,0.0
滨州,gfs_seamless,2025-05-19,7,2025-05-26,33.5,19.5,22.7,,32.3,27.5,17.3,40.3,55.9,,,0.0
滨州,jma_seamless,2025-05-25,1,2025-05-26,31.0,21.6,22.9,,29.5,27.2,8.8,,36.0,,0.0,0.0
滨州,jma_seamless,2025-05-24,2,2025-05-26,31.4,18.9,22.5,,29.9,27.0,8.5,,39.8,,0.0,0.0
滨州,jma_seamless,2025-05-23,3,2025-05-26,33.2,21.8,23.6,,31.5,24.2,7.6,,11.2,,0.0,0.0
滨州,jma_seamless,2025-05-22,4,2025-05-26,32.0,21.6,24.0,,30.7,29.4,7.9,,38.0,,0.0,0.0
滨州,jma_seamless,2025-05-21,5,2025-05-26,33.2,22.0,24.0,,31.4,23.5,7.1,,11.8,,0.0,0.0
滨州,jma_seamless,2025-05-20,6,2025-05-26,25.9,19.0,22.4,,,53.8,8.0,,63.0,,5.4,0.0
滨州,jma_seamless,2025-05-19,7,2025-05-26,31.8,19.1,24.3,,32.3,42.0,7.0,,18.6,,0.0,0.0
滨州,ecmwf_ifs025,2025-05-26,1,2025-05-27,32.3,17.9,24.0,,31.5,32.5,8.0,,15.5,24.43,0.0,
滨州,ecmwf_ifs025,2025-05-25,2,2025-05-27,32.5,18.9,24.3,,31.5,31.0,7.9,,32.7,24.59,0.0,
滨州,ecmwf_ifs025,2025-05-24,3,2025-05-27,33.6,18.8,24.6,,33.3,33.2,10.8,,3.8,24.73,0.0,
滨州,ecmwf_ifs025,2025-05-23,4,2025-05-27,33.6,18.6,24.3,,32.8,30.5,11.0,,8.5,24.74,0.0,
滨州,ecmwf_ifs025,2025-05-22,5,2025-05-27,32.4,16.6,23.1,,31.6,32.6,10.4,,4.8,24.7,0.0,
滨州,ecmwf_ifs025,2025-05-21,6,2025-05-27,34.0,23.3,24.9,,32.8,27.0,15.2,,4.4,5.13,0.0,
滨州,ecmwf_ifs025,2025-05-20,7,2025-05-27,35.2,22.5,26.5,,34.3,26.8,9.5,,26.8,23.73,0.0,
滨州,gfs_seamless,2025-05-26,1,2025-05-27,33.0,17.9,23.8,,31.8,28.5,12.1,50.4,9.5,,,0.0
滨州,gfs_seamless,2025-05-25,2,2025-05-27,33.9,19.2,23.9,,32.5,25.6,15.8,49.0,6.3,,,0.0
滨州,gfs_seamless,2025-05-24,3,2025-05-27,35.4,20.1,24.7,,33.9,22.8,16.3,52.9,32.6,,,0.0
滨州,gfs_seamless,2025-05-23,4,2025-05-27,36.1,19.8,24.9,,34.9,23.6,14.0,52.9,33.6,,,0.0
滨州,gfs_seamless,2025-05-22,5,2025-05-27,33.3,21.1,22.8,,31.7,24.7,19.6,57.2,41.3,,,0.0
滨州,gfs_seamless,2025-05-21,6,2025-05-27,34.7,17.9,23.7,,33.8,27.5,17.4,53.3,26.8,,,0.0
滨州,gfs_seamless,2025-05-20,7,2025-05-27,34.0,18.8,23.2,,33.0,28.1,17.7,46.4,28.1,,,0.0
滨州,jma_seamless,2025-05-26,1,2025-05-27,32.3,21.1,24.2,,31.7,34.0,6.6,,0.0,,0.0,0.0
滨州,jma_seamless,2025-05-25,2,2025-05-27,32.6,20.3,24.0,,32.0,33.5,5.8,,0.0,,0.0,0.0
滨州,jma_seamless,2025-05-24,3,2025-05-27,33.0,21.6,23.9,,31.7,27.8,7.5,,0.0,,0.0,0.0
滨州,jma_seamless,2025-05-23,4,2025-05-27,34.8,22.5,24.9,,33.7,26.0,8.2,,8.1,,0.0,0.0
滨州,jma_seamless,2025-05-22,5,2025-05-27,35.0,23.3,25.7,,34.6,29.6,12.4,,7.3,,0.0,0.0
滨州,jma_seamless,2025-05-21,6,2025-05-27,35.3,20.3,25.9,,35.6,32.3,7.7,,1.8,,0.0,0.0
滨州,jma_seamless,2025-05-20,7,2025-05-27,31.1,19.9,23.7,,30.8,38.5,7.5,,22.6,,0.0,0.0
滨州,ecmwf_ifs025,2025-05-27,1,2025-05-28,33.5,19.4,25.5,,32.8,31.0,9.5,,0.0,23.76,0.0,
滨州,ecmwf_ifs025,2025-05-26,2,2025-05-28,33.4,19.2,25.7,,33.7,36.5,9.9,,0.0,23.72,0.0,
滨州,ecmwf_ifs025,2025-05-25,3,2025-05-28,33.6,18.7,25.4,,33.3,33.0,9.6,,0.0,24.49,0.0,
滨州,ecmwf_ifs025,2025-05-24,4,2025-05-28,33.3,18.2,24.8,,32.1,28.3,9.2,,1.2,24.83,0.0,
滨州,ecmwf_ifs025,2025-05-23,5,2025-05-28,33.8,20.6,24.7,,32.2,24.5,11.2,,9.5,24.94,0.0,
滨州,ecmwf_ifs025,2025-05-22,6,2025-05-28,33.1,20.9,24.2,,31.9,28.5,10.9,,11.9,5.35,0.0,
滨州,ecmwf_ifs025,2025-05-21,7,2025-05-28,33.7,23.6,24.9,,32.7,29.0,14.0,,8.5,24.62,0.0,
滨州,gfs_seamless,2025-05-27,1,2025-05-28,33.6,20.0,24.4,,32.2,26.5,13.9,50.4,32.8,,,0.0
滨州,gfs_seamless,2025-05-26,2,2025-05-28,33.8,19.5,23.9,,32.6,27.1,15.0,50.8,18.7,,,0.0
滨州,gfs_seamless,2025-05-25,3,2025-05-28,34.7,20.5,25.0,,33.5,26.0,15.4,51.8,17.5,,,0.0
滨州,gfs_seamless,2025-05-24,4,2025-05-28,36.3,23.7,26.6,,34.7,21.0,16.2,52.9,9.3,,,0.0
滨州,gfs_seamless,2025-05-23,5,2025-05-28,37.0,20.2,25.7,,36.1,23.3,15.2,47.2,0.8,,,0.0
滨州,gfs_seamless,2025-05-22,6,2025-05-28,33.5,20.2,23.2,,32.5,29.3,19.2,54.0,18.2,,,0.0
滨州,gfs_seamless,2025-05-21,7,2025-05-28,35.0,18.7,23.5,,33.9,26.2,17.4,46.1,15.9,,,0.0
滨州,jma_seamless,2025-05-27,1,2025-05-28,33.2,22.7,26.1,,32.8,33.5,5.5,,17.7,,0.0,0.0
滨州,jma_seamless,2025-05-26,2,2025-05-28,33.3,22.2,26.2,,33.1,34.5,6.6,,0.0,,0.0,0.0
滨州,jma_seamless,2025-05-25,3,2025-05-28,33.8,22.0,25.9,,33.2,31.2,7.4,,0.0,,0.0,0.0
滨州,jma_seamless,2025-05-24,4,2025-05-28,34.2,23.2,25.6,,32.6,23.6,7.6,,0.0,,0.0,0.0
滨州,jma_seamless,2025-05-23,5,2025-05-28,34.2,23.5,25.0,,32.4,21.9,9.7,,5.2,,0.0,0.0
滨州,jma_seamless,2025-05-22,6,2025-05-28,36.4,24.6,26.8,,35.6,24.8,10.7,,0.0,,0.0,0.0
滨州,jma_seamless,2025-05-21,7,2025-05-28,35.8,23.4,26.2,,34.3,22.4,8.0,,10.5,,0.0,0.0
滨州,ecmwf_ifs025,2025-05-28,1,2025-05-29,33.5,19.8,25.5,,32.5,29.3,8.6,,1.4,24.57,0.0,
滨州,ecmwf_ifs025,2025-05-27,2,2025-05-29,34.3,20.1,25.8,,33.7,29.8,8.2,,4.1,24.44,0.0,
滨州,ecmwf_ifs025,2025-05-26,3,2025-05-29,34.5,19.4,26.1,,34.1,30.5,7.6,,1.8,24.48,0.0,
滨州,ecmwf_ifs025,2025-05-25,4,2025-05-29,34.5,18.9,25.8,,33.9,29.8,7.4,,4.8,24.87,0.0,
滨州,ecmwf_ifs025,2025-05-24,5,2025-05-29,34.6,20.0,25.1,,33.2,24.4,10.1,,0.1,25.28,0.0,
滨州,ecmwf_ifs025,2025-05-23,6,2025-05-29,34.6,21.6,24.8,,33.2,24.7,12.0,,0.0,5.51,0.0,
滨州,ecmwf_ifs025,2025-05-22,7,2025-05-29,34.2,19.5,24.8,,33.5,29.9,11.3,,25.0,24.34,0.0,
滨州,gfs_seamless,2025-05-28,1,2025-05-29,34.1,19.4,25.0,,33.3,29.1,13.5,45.7,33.6,,,0.0
滨州,gfs_seamless,2025-05-27,2,2025-05-29,34.2,21.1,25.4,,33.0,26.8,12.9,47.2,30.6,,,0.0
滨州,gfs_seamless,2025-05-26,3,2025-05-29,33.9,17.1,24.5,,33.5,32.2,10.6,47.9,24.5,,,0.0
滨州,gfs_seamless,2025-05-25,4,2025-05-29,34.2,20.0,24.8,,32.7,24.9,14.4,47.2,0.4,,,0.0
滨州,gfs_seamless,2025-05-24,5,2025-05-29,36.5,20.5,25.7,,35.3,22.9,15.0,45.0,2.8,,,0.0
滨州,gfs_seamless,2025-05-23,6,2025-05-29,36.3,20.1,25.4,,35.2,23.9,12.5,35.6,0.0,,,0.0
滨州,gfs_seamless,2025-05-22,7,2025-05-29,34.4,17.4,23.9,,35.2,36.2,13.5,45.0,8.7,,,0.0
滨州,jma_seamless,2025-05-28,1,2025-05-29,33.6,23.3,26.2,,32.8,30.5,6.7,,1.3,,0.0,0.0
滨州,jma_seamless,2025-05-27,2,2025-05-29,34.3,24.1,27.0,,33.8,30.7,6.8,,1.2,,0.0,0.0
滨州,jma_seamless,2025-05-26,3,2025-05-29,33.9,23.8,26.0,,32.5,25.6,7.6,,0.0,,0.0,0.0
滨州,jma_seamless,2025-05-25,4,2025-05-29,33.5,23.5,25.5,,32.0,25.6,7.6,,0.0,,0.0,0.0
滨州,jma_seamless,2025-05-24,5,2025-05-29,34.5,23.6,25.3,,32.6,21.2,8.4,,0.0,,0.0,0.0
滨州,jma_seamless,2025-05-23,6,2025-05-29,34.3,23.5,25.5,,32.8,24.5,6.8,,0.0,,0.0,0.0
滨州,jma_seamless,2025-05-22,7,2025-05-29,34.4,22.6,26.1,,33.8,29.9,8.2,,0.0,,0.0,0.0
滨州,ecmwf_ifs025,2025-05-29,1,2025-05-30,34.5,20.8,26.5,,34.1,30.7,11.0,,37.8,21.61,0.0,
滨州,ecmwf_ifs025,2025-05-28,2,2025-05-30,34.7,20.7,26.7,,34.3,30.5,10.2,,9.5,22.83,0.0,
滨州,ecmwf_ifs025,2025-05-27,3,2025-05-30,35.4,21.1,26.7,,35.1,29.2,11.0,,10.6,22.69,0.0,
滨州,ecmwf_ifs025,2025-05-26,4,2025-05-30,35.1,21.6,26.3,,34.4,27.7,13.2,,7.0,23.51,0.0,
滨州,ecmwf_ifs025,2025-05-25,5,2025-05-30,33.6,22.0,25.6,,32.3,27.2,14.9,,20.3,20.4,0.0,
滨州,ecmwf_ifs025,2025-05-24,6,2025-05-30,34.4,23.7,25.1,,32.9,24.0,15.6,,21.2,4.36,0.0,
滨州,ecmwf_ifs025,2025-05-23,7,2025-05-30,34.6,23.6,26.1,,34.2,30.3,14.5,,20.7,20.4,0.0,
滨州,gfs_seamless,2025-05-29,1,2025-05-30,35.3,20.9,25.5,,34.0,24.3,13.2,39.6,86.4,,,0.0
滨州,gfs_seamless,2025-05-28,2,2025-05-30,35.1,22.6,25.6,,33.7,24.2,15.9,51.5,79.2,,,0.0
滨州,gfs_seamless,2025-05-27,3,2025-05-30,35.6,21.3,25.2,,34.2,23.2,17.6,54.7,79.5,,,0.0
滨州,gfs_seamless,2025-05-26,4,2025-05-30,35.0,19.9,24.6,,33.5,23.2,17.2,47.2,59.6,,,0.0
滨州,gfs_seamless,2025-05-25,5,2025-05-30,36.6,21.0,26.4,,35.3,22.1,11.7,45.0,87.6,,,0.0
滨州,gfs_seamless,2025-05-24,6,2025-05-30,36.7,20.3,24.8,,35.5,22.7,18.1,47.9,62.5,,,0.0
滨州,gfs_seamless,2025-05-23,7,2025-05-30,36.5,21.8,26.3,,35.2,22.2,14.2,45.0,31.5,,,0.0
滨州,jma_seamless,2025-05-29,1,2025-05-30,34.5,25.0,26.9,,33.6,27.7,9.5,,68.7,,0.0,0.0
滨州,jma_seamless,2025-05-28,2,2025-05-30,34.9,24.9,27.4,,34.3,29.0,8.8,,53.2,,0.0,0.0
滨州,jma_seamless,2025-05-27,3,2025-05-30,34.7,24.5,26.3,,33.2,24.1,9.6,,33.2,,0.0,0.0
滨州,jma_seamless,2025-05-26,4,2025-05-30,34.8,23.7,26.0,,33.2,23.1,9.1,,37.5,,0.0,0.0
滨州,jma_seamless,2025-05-25,5,2025-05-30,33.4,23.3,25.3,,31.6,22.8,8.5,,56.4,,0.0,0.0
滨州,jma_seamless,2025-05-24,6,2025-05-30,35.2,23.2,25.6,,33.7,23.4,7.4,,36.0,,0.0,0.0
滨州,jma_seamless,2025-05-23,7,2025-05-30,35.3,23.6,25.6,,33.2,18.8,6.1,,8.8,,0.0,0.0
滨州,ecmwf_ifs025,2025-05-30,1,2025-05-31,31.0,23.6,25.1,,29.9,31.5,11.3,,67.5,9.57,0.0,
滨州,ecmwf_ifs025,2025-05-29,2,2025-05-31,32.4,24.0,25.5,,31.1,28.2,9.7,,56.5,12.39,0.0,
滨州,ecmwf_ifs025,2025-05-28,3,2025-05-31,31.0,24.2,25.5,,29.5,27.6,10.1,,47.5,9.89,0.0,
滨州,ecmwf_ifs025,2025-05-27,4,2025-05-31,32.7,23.4,25.5,,31.3,27.5,9.4,,46.1,11.84,0.0,
滨州,ecmwf_ifs025,2025-05-26,5,2025-05-31,33.7,23.8,25.5,,32.1,24.8,10.5,,34.4,14.37,0.0,
滨州,ecmwf_ifs025,2025-05-25,6,2025-05-31,31.7,25.5,25.5,,30.1,25.6,11.3,,44.7,4.07,0.0,
滨州,ecmwf_ifs025,2025-05-24,7,2025-05-31,33.1,24.8,26.5,,32.1,30.1,11.0,,24.1,20.13,0.0,
滨州,gfs_seamless,2025-05-30,1,2025-05-31,32.3,21.2,24.2,,31.4,32.0,11.7,45.0,97.9,,,0.0
滨州,gfs_seamless,2025-05-29,2,2025-05-31,31.9,22.2,24.4,,30.4,26.8,12.4,45.4,100.0,,,0.0
滨州,gfs_seamless,2025-05-28,3,2025-05-31,33.3,23.4,24.4,,31.8,25.6,16.0,41.8,100.0,,,0.0
滨州,gfs_seamless,2025-05-27,4,2025-05-31,34.5,23.7,25.2,,32.8,22.9,15.7,37.8,100.0,,,0.0
滨州,gfs_seamless,2025-05-26,5,2025-05-31,33.5,23.9,24.7,,31.6,22.2,13.7,35.6,100.0,,,0.0
滨州,gfs_seamless,2025-05-25,6,2025-05-31,34.1,22.1,25.8,,32.3,21.9,11.6,30.6,99.2,,,0.0
滨州,gfs_seamless,2025-05-24,7,2025-05-31,34.3,23.3,25.4,,32.5,21.9,15.9,51.5,85.1,,,0.0
滨州,jma_seamless,2025-05-30,1,2025-05-31,29.2,24.7,26.1,,28.5,36.2,6.0,,80.6,,0.0,0.0
滨州,jma_seamless,2025-05-29,2,2025-05-31,33.8,25.6,26.6,,32.5,26.8,9.9,,71.0,,0.0,0.0
滨州,jma_seamless,2025-05-28,3,2025-05-31,34.3,25.8,26.5,,32.6,22.8,8.3,,69.7,,0.0,0.0
滨州,jma_seamless,2025-05-27,4,2025-05-31,33.8,25.6,26.4,,32.3,24.8,9.7,,80.8,,0.0,0.0
滨州,jma_seamless,2025-05-26,5,2025-05-31,33.3,25.1,26.2,,31.7,24.7,8.3,,61.5,,0.0,0.0
滨州,jma_seamless,2025-05-25,6,2025-05-31,31.4,23.7,25.4,,30.1,29.6,7.3,,56.0,,0.0,0.0
滨州,jma_seamless,2025-05-24,7,2025-05-31,32.8,24.9,25.6,,30.8,21.5,7.9,,71.6,,0.0,0.0
滨州,ecmwf_ifs025,2025-05-31,1,2025-06-01,30.3,17.9,22.6,,30.0,39.7,10.7,,38.8,20.03,0.0,
滨州,ecmwf_ifs025,2025-05-30,2,2025-06-01,32.3,18.5,23.5,,31.7,34.0,11.5,,18.7,23.18,0.0,
滨州,ecmwf_ifs025,2025-05-29,3,2025-06-01,32.0,19.3,24.0,,30.9,31.0,11.3,,30.8,21.16,0.0,
滨州,ecmwf_ifs025,2025-05-28,4,2025-06-01,33.4,19.8,25.0,,32.5,29.7,9.7,,33.4,23.43,0.0,
滨州,ecmwf_ifs025,2025-05-27,5,2025-06-01,34.1,18.6,25.1,,33.6,30.9,9.8,,29.8,24.79,0.0,
滨州,ecmwf_ifs025,2025-05-26,6,2025-06-01,35.7,23.6,26.8,,35.0,26.9,10.2,,29.0,5.39,0.0,
滨州,ecmwf_ifs025,2025-05-25,7,2025-06-01,34.0,23.6,25.9,,33.6,31.7,13.9,,49.0,23.85,0.0,
滨州,gfs_seamless,2025-05-31,1,2025-06-01,30.8,18.2,23.2,,30.1,36.0,9.1,40.0,83.0,,,0.0
滨州,gfs_seamless,2025-05-30,2,2025-06-01,31.9,20.0,23.4,,30.7,29.8,12.9,45.7,80.9,,,0.0
滨州,gfs_seamless,2025-05-29,3,2025-06-01,31.4,18.9,23.4,,30.2,30.6,11.3,44.6,89.8,,,0.0
滨州,gfs_seamless,2025-05-28,4,2025-06-01,32.7,20.3,24.1,,31.5,29.2,12.7,42.8,79.6,,,0.0
滨州,gfs_seamless,2025-05-27,5,2025-06-01,34.0,20.7,24.4,,32.9,27.8,14.2,39.6,58.0,,,0.0
滨州,gfs_seamless,2025-05-26,6,2025-06-01,34.5,20.8,25.8,,33.0,23.8,10.9,38.5,37.7,,,0.0
滨州,gfs_seamless,2025-05-25,7,2025-06-01,37.0,22.1,26.2,,36.3,24.5,12.3,42.8,75.1,,,0.0
滨州,jma_seamless,2025-05-31,1,2025-06-01,30.3,22.5,24.4,,29.8,38.2,7.9,,55.3,,0.0,0.0
滨州,jma_seamless,2025-05-30,2,2025-06-01,30.7,21.8,24.6,,30.7,41.0,9.0,,68.7,,0.0,0.0
滨州,jma_seamless,2025-05-29,3,2025-06-01,30.9,21.7,24.1,,29.9,33.2,8.4,,73.1,,0.0,0.0
滨州,jma_seamless,2025-05-28,4,2025-06-01,32.3,20.7,24.0,,31.9,35.1,9.8,,49.3,,0.0,0.0
滨州,jma_seamless,2025-05-27,5,2025-06-01,34.1,22.5,26.0,,35.2,38.3,8.1,,38.5,,0.0,0.0
滨州,jma_seamless,2025-05-26,6,2025-06-01,34.5,23.8,26.5,,33.1,24.5,5.9,,52.9,,0.0,0.0
滨州,jma_seamless,2025-05-25,7,2025-06-01,33.6,23.6,26.2,,32.2,26.3,6.5,,40.5,,0.0,0.0
滨州,ecmwf_ifs025,2025-06-01,1,2025-06-02,31.7,18.8,24.1,,32.1,41.2,8.9,,20.3,22.76,0.0,
滨州,ecmwf_ifs025,2025-05-31,2,2025-06-02,33.3,19.0,24.5,,33.6,37.1,10.5,,58.9,21.38,0.0,
滨州,ecmwf_ifs025,2025-05-30,3,2025-06-02,32.5,19.4,23.9,,32.9,39.3,10.8,,54.4,22.27,0.3,
滨州,ecmwf_ifs025,2025-05-29,4,2025-06-02,32.3,20.0,24.4,,31.2,30.4,11.8,,39.7,24.41,0.0,
滨州,ecmwf_ifs025,2025-05-28,5,2025-06-02,32.4,20.6,24.7,,33.2,41.5,11.5,,67.1,21.28,0.0,
滨州,ecmwf_ifs025,2025-05-27,6,2025-06-02,28.0,22.2,24.6,,28.3,47.8,12.0,,40.0,2.82,0.0,
滨州,ecmwf_ifs025,2025-05-26,7,2025-06-02,31.9,20.2,24.1,,33.4,46.6,14.1,,25.5,19.58,0.0,
滨州,gfs_seamless,2025-06-01,1,2025-06-02,33.8,18.3,23.1,,35.1,40.2,15.7,42.5,73.1,,,0.0
滨州,gfs_seamless,2025-05-31,2,2025-06-02,35.1,19.6,23.7,,37.3,39.8,16.9,60.1,92.3,,,0.0
滨州,gfs_seamless,2025-05-30,3,2025-06-02,35.2,18.5,23.7,,36.8,37.2,13.8,43.6,88.2,,,0.0
滨州,gfs_seamless,2025-05-29,4,2025-06-02,33.4,20.7,24.9,,32.6,30.5,10.3,27.7,100.0,,,0.0
滨州,gfs_seamless,2025-05-28,5,2025-06-02,33.6,19.9,24.6,,32.6,28.7,13.2,40.3,94.3,,,0.0
滨州,gfs_seamless,2025-05-27,6,2025-06-02,32.9,20.4,23.0,,32.5,34.2,15.0,36.7,97.2,,,0.0
滨州,gfs_seamless,2025-05-26,7,2025-06-02,33.2,21.3,23.2,,33.0,34.5,18.0,42.5,72.3,,,0.0
滨州,jma_seamless,2025-06-01,1,2025-06-02,32.5,21.3,25.3,,32.6,37.9,7.7,,36.1,,0.0,0.0
滨州,jma_seamless,2025-05-31,2,2025-06-02,31.6,20.3,24.4,,31.5,38.8,7.7,,39.7,,0.3,0.0
滨州,jma_seamless,2025-05-30,3,2025-06-02,29.5,18.3,22.9,,30.2,48.8,7.7,,78.2,,1.8,0.0
滨州,jma_seamless,2025-05-29,4,2025-06-02,30.3,18.2,23.2,,31.8,52.0,5.9,,28.4,,0.0,0.0
滨州,jma_seamless,2025-05-28,5,2025-06-02,34.4,20.8,25.6,,35.6,38.1,5.4,,25.3,,0.0,0.0
滨州,jma_seamless,2025-05-27,6,2025-06-02,31.9,22.7,25.4,,31.1,33.0,7.9,,65.4,,0.0,0.0
滨州,jma_seamless,2025-05-26,7,2025-06-02,33.6,23.7,26.0,,32.7,29.6,10.8,,84.6,,0.0,0.0
滨州,ecmwf_ifs025,2025-06-02,1,2025-06-03,31.1,17.1,21.5,,29.4,24.4,12.9,,20.4,25.72,0.0,
滨州,ecmwf_ifs025,2025-06-01,2,2025-06-03,32.0,18.4,22.3,,30.2,23.8,12.0,,17.4,25.46,0.0,
滨州,ecmwf_ifs025,2025-05-31,3,2025-06-03,32.9,18.0,22.7,,31.4,26.0,11.7,,6.2,25.51,0.0,
滨州,ecmwf_ifs025,2025-05-30,4,2025-06-03,33.6,18.0,23.2,,31.9,23.5,12.5,,5.0,25.56,0.0,
滨州,ecmwf_ifs025,2025-05-29,5,2025-06-03,31.9,18.7,22.1,,30.0,22.0,14.6,,9.3,25.63,0.0,
滨州,ecmwf_ifs025,2025-05-28,6,2025-06-03,26.4,20.1,20.1,,,38.7,21.7,,54.4,5.18,0.0,
滨州,ecmwf_ifs025,2025-05-27,7,2025-06-03,30.0,18.2,24.0,,31.4,52.4,6.7,,3.5,15.25,6.9,
滨州,gfs_seamless,2025-06-02,1,2025-06-03,32.5,18.6,21.8,,30.4,19.4,16.5,42.1,15.5,,,0.0
滨州,gfs_seamless,2025-06-01,2,2025-06-03,33.8,19.5,22.7,,32.1,23.5,16.4,52.6,27.0,,,0.0
滨州,gfs_seamless,2025-05-31,3,2025-06-03,34.5,18.0,23.0,,33.6,28.2,16.4,52.2,34.1,,,0.0
滨州,gfs_seamless,2025-05-30,4,2025-06-03,35.3,20.0,23.9,,34.1,24.8,17.8,47.5,35.6,,,0.0
滨州,gfs_seamless,2025-05-29,5,2025-06-03,32.8,19.3,24.6,,32.1,32.3,16.0,54.7,51.4,,,0.0
滨州,gfs_seamless,2025-05-28,6,2025-06-03,34.3,21.1,23.0,,32.2,19.1,19.0,41.8,36.2,,,0.0
滨州,gfs_seamless,2025-05-27,7,2025-06-03,35.0,17.6,25.5,,36.8,38.5,10.0,49.0,76.5,,,0.0
滨州,jma_seamless,2025-06-02,1,2025-06-03,32.8,22.3,23.4,,30.6,16.8,7.2,,1.3,,0.0,0.0
滨州,jma_seamless,2025-06-01,2,2025-06-03,32.5,23.3,23.9,,30.3,16.4,11.1,,1.6,,0.3,0.0
滨州,jma_seamless,2025-05-31,3,2025-06-03,32.6,24.2,23.5,,30.3,13.5,11.4,,1.9,,0.0,0.0
滨州,jma_seamless,2025-05-30,4,2025-06-03,33.6,20.5,24.5,,33.5,34.0,8.9,,1.4,,0.0,0.0
滨州,jma_seamless,2025-05-29,5,2025-06-03,33.4,19.7,24.6,,31.6,22.5,6.6,,14.8,,0.0,0.0
滨州,jma_seamless,2025-05-28,6,2025-06-03,32.6,23.9,25.3,,30.7,21.9,8.3,,27.2,,0.0,0.0
滨州,jma_seamless,2025-05-27,7,2025-06-03,31.2,21.0,23.4,,30.0,30.2,7.6,,39.6,,0.0,0.0
滨州,ecmwf_ifs025,2025-06-03,1,2025-06-04,33.3,17.5,23.1,,31.3,20.3,9.3,,,25.54,0.0,
滨州,ecmwf_ifs025,2025-06-02,2,2025-06-04,33.5,18.1,23.3,,31.5,21.0,9.2,,,25.52,0.0,
滨州,ecmwf_ifs025,2025-06-01,3,2025-06-04,32.5,17.9,22.7,,30.6,22.4,9.5,,,25.66,0.0,
滨州,ecmwf_ifs025,2025-05-31,4,2025-06-04,34.8,18.6,24.9,,33.7,26.5,6.6,,,25.47,0.0,
滨州,ecmwf_ifs025,2025-05-30,5,2025-06-04,32.4,19.3,24.1,,30.5,22.6,7.7,,,25.61,0.0,
滨州,ecmwf_ifs025,2025-05-29,6,2025-06-04,30.2,24.5,22.8,,28.4,19.0,15.1,,,5.7,0.0,
滨州,ecmwf_ifs025,2025-05-28,7,2025-06-04,35.2,20.9,23.5,,33.3,20.2,11.1,,,25.05,0.0,
滨州,jma_seamless,2025-06-03,1,2025-06-04,33.7,19.7,23.7,,,,,,0.3,,0.0,0.0
滨州,jma_seamless,2025-06-02,2,2025-06-04,33.3,23.7,23.7,,,,,,1.3,,0.0,0.0
滨州,jma_seamless,2025-06-01,3,2025-06-04,33.1,22.2,23.4,,,,,,0.8,,0.0,0.0
滨州,jma_seamless,2025-05-31,4,2025-06-04,34.1,22.7,23.6,,,,,,2.7,,0.0,0.0
滨州,jma_seamless,2025-05-30,5,2025-06-04,32.7,25.1,25.1,,,,,,19.8,,0.0,0.0
滨州,jma_seamless,2025-05-29,6,2025-06-04,32.4,22.8,23.6,,,,,,6.9,,0.0,0.0
滨州,jma_seamless,2025-05-28,7,2025-06-04,31.6,21.6,22.7,,,,,,6.6,,0.0,0.0
滨州,ecmwf_ifs025,2025-06-04,1,2025-06-05,38.0,20.7,27.1,,37.6,23.7,14.5,,,20.13,0.0,
滨州,ecmwf_ifs025,2025-06-03,2,2025-06-05,38.5,21.3,27.5,,37.6,21.2,15.4,,,24.95,0.0,
滨州,ecmwf_ifs025,2025-06-02,3,2025-06-05,36.9,21.3,27.1,,35.5,21.4,14.9,,,21.37,0.0,
滨州,ecmwf_ifs025,2025-06-01,4,2025-06-05,39.3,21.7,27.1,,38.0,18.6,15.8,,,24.43,0.0,
滨州,ecmwf_ifs025,2025-05-31,5,2025-06-05,39.5,22.7,28.3,,38.6,19.9,17.8,,,24.54,0.0,
滨州,ecmwf_ifs025,2025-05-30,6,2025-06-05,33.1,25.3,27.3,,31.5,25.3,11.9,,,5.03,0.0,
滨州,ecmwf_ifs025,2025-05-29,7,2025-06-05,37.2,19.4,24.2,,36.6,24.3,10.7,,,22.67,0.0,
滨州,jma_seamless,2025-06-04,1,2025-06-05,39.4,23.5,28.0,,,,,,43.8,,0.0,0.0
滨州,jma_seamless,2025-06-03,2,2025-06-05,39.2,23.9,27.9,,,,,,58.3,,0.0,0.0
滨州,jma_seamless,2025-06-02,3,2025-06-05,39.1,23.1,27.7,,,,,,56.5,,0.0,0.0
滨州,jma_seamless,2025-06-01,4,2025-06-05,39.3,22.4,27.4,,,,,,71.6,,0.0,0.0
滨州,jma_seamless,2025-05-31,5,2025-06-05,40.4,24.9,28.3,,,,,,23.4,,0.0,0.0
滨州,jma_seamless,2025-05-30,6,2025-06-05,38.9,22.0,27.2,,,,,,19.8,,0.0,0.0
滨州,jma_seamless,2025-05-29,7,2025-06-05,37.1,20.1,25.2,,,,,,19.5,,0.0,0.0
滨州,ecmwf_ifs025,2025-06-05,1,2025-06-06,39.4,26.3,31.0,,42.9,32.2,12.2,,,22.62,0.0,
滨州,ecmwf_ifs025,2025-06-04,2,2025-06-06,39.2,26.5,31.1,,43.3,34.0,11.6,,,23.57,0.0,
滨州,ecmwf_ifs025,2025-06-03,3,2025-06-06,39.2,26.2,31.6,,41.9,30.8,10.9,,,22.77,0.0,
滨州,ecmwf_ifs025,2025-06-02,4,2025-06-06,38.6,24.9,31.6,,42.3,34.4,9.1,,,24.43,0.0,
滨州,ecmwf_ifs025,2025-06-01,5,2025-06-06,35.7,23.5,28.1,,35.3,28.3,14.3,,,22.91,0.0,
滨州,ecmwf_ifs025,2025-05-31,6,2025-06-06,33.2,23.7,25.6,,33.6,37.5,17.6,,,5.16,0.0,
滨州,ecmwf_ifs025,2025-05-30,7,2025-06-06,32.4,18.9,24.0,,31.7,33.0,9.7,,,24.75,0.0,
滨州,jma_seamless,2025-06-05,1,2025-06-06,39.4,28.3,31.3,,,,,,48.0,,0.0,0.0
滨州,jma_seamless,2025-06-04,2,2025-06-06,39.3,26.5,30.6,,,,,,46.2,,0.0,0.0
滨州,jma_seamless,2025-06-03,3,2025-06-06,32.1,27.1,28.5,,,,,,87.6,,0.0,0.0
滨州,jma_seamless,2025-06-02,4,2025-06-06,38.2,23.2,28.9,,,,,,64.8,,0.0,0.0
滨州,jma_seamless,2025-06-01,5,2025-06-06,33.2,28.0,28.6,,,,,,78.5,,0.0,0.0
滨州,jma_seamless,2025-05-31,6,2025-06-06,36.6,29.1,30.2,,,,,,70.0,,0.0,0.0
滨州,jma_seamless,2025-05-30,7,2025-06-06,36.4,23.9,28.4,,,,,,59.3,,0.0,0.0
滨州,ecmwf_ifs025,2025-06-06,1,2025-06-07,31.8,22.1,26.0,,33.6,48.1,12.8,,,21.78,0.0,
滨州,ecmwf_ifs025,2025-06-05,2,2025-06-07,33.4,22.9,27.1,,35.4,43.9,11.5,,,21.56,0.0,
滨州,ecmwf_ifs025,2025-06-04,3,2025-06-07,37.0,22.9,28.9,,43.9,46.2,11.6,,,22.49,0.0,
滨州,ecmwf_ifs025,2025-06-03,4,2025-06-07,36.6,21.0,28.0,,44.9,50.5,10.2,,,22.97,0.0,
滨州,ecmwf_ifs025,2025-06-02,5,2025-06-07,33.1,19.2,26.1,,35.0,44.5,13.1,,,22.95,0.0,
滨州,ecmwf_ifs025,2025-06-01,6,2025-06-07,32.6,23.4,25.3,,32.8,38.1,17.6,,,4.58,0.0,
滨州,ecmwf_ifs025,2025-05-31,7,2025-06-07,36.5,23.5,27.3,,38.2,34.4,14.7,,,20.91,0.0,
滨州,jma_seamless,2025-06-06,1,2025-06-07,33.5,23.3,27.2,,,,,,56.7,,0.0,0.0
滨州,jma_seamless,2025-06-05,2,2025-06-07,33.3,23.6,27.0,,,,,,75.8,,0.3,0.0
滨州,jma_seamless,2025-06-04,3,2025-06-07,38.2,24.5,29.2,,,,,,58.2,,0.0,0.0
滨州,jma_seamless,2025-06-03,4,2025-06-07,34.5,22.4,29.6,,,,,,84.0,,0.3,0.0
滨州,jma_seamless,2025-06-02,5,2025-06-07,35.8,25.0,28.8,,,,,,71.4,,0.0,0.0
滨州,jma_seamless,2025-06-01,6,2025-06-07,36.7,25.8,28.6,,,,,,65.7,,0.0,0.0
滨州,jma_seamless,2025-05-31,7,2025-06-07,36.0,25.2,29.6,,,,,,48.8,,0.0,0.0
滨州,ecmwf_ifs025,2025-06-07,1,2025-06-08,34.6,20.8,28.9,,39.3,48.8,6.0,,,23.25,0.0,
滨州,ecmwf_ifs025,2025-06-06,2,2025-06-08,36.1,22.2,30.0,,41.4,45.5,8.6,,,22.25,0.0,
滨州,ecmwf_ifs025,2025-06-05,3,2025-06-08,35.2,22.0,29.5,,40.0,47.0,8.5,,,23.13,0.0,
滨州,ecmwf_ifs025,2025-06-04,4,2025-06-08,37.2,21.8,27.6,,41.9,40.5,11.3,,,20.89,0.0,
滨州,ecmwf_ifs025,2025-06-03,5,2025-06-08,38.1,24.2,29.3,,41.9,36.0,9.3,,,24.33,0.0,
滨州,ecmwf_ifs025,2025-06-02,6,2025-06-08,32.2,24.9,29.3,,35.3,52.3,10.4,,,5.09,0.3,
滨州,ecmwf_ifs025,2025-06-01,7,2025-06-08,34.5,23.6,28.5,,38.4,46.7,8.5,,,16.55,1.2,
滨州,jma_seamless,2025-06-07,1,2025-06-08,34.8,21.4,27.9,,,,,,60.2,,0.0,0.0
滨州,jma_seamless,2025-06-06,2,2025-06-08,35.0,23.3,30.2,,,,,,56.9,,1.2,0.0
滨州,jma_seamless,2025-06-05,3,2025-06-08,35.4,23.7,29.8,,,,,,27.2,,0.6,0.0
滨州,jma_seamless,2025-06-04,4,2025-06-08,34.1,23.7,30.8,,,,,,66.6,,0.3,0.0
滨州,jma_seamless,2025-06-03,5,2025-06-08,35.0,23.7,29.2,,,,,,27.8,,2.4,0.0
滨州,jma_seamless,2025-06-02,6,2025-06-08,37.1,23.3,28.8,,,,,,53.6,,0.0,0.0
滨州,jma_seamless,2025-06-01,7,2025-06-08,36.7,24.9,29.2,,,,,,63.8,,0.0,0.0
滨州,ecmwf_ifs025,2025-06-08,1,2025-06-09,39.7,24.7,31.1,,54.6,51.1,12.0,,,22.26,0.6,
滨州,ecmwf_ifs025,2025-06-07,2,2025-06-09,40.7,25.2,31.9,,52.6,43.8,13.1,,,23.06,0.6,
滨州,ecmwf_ifs025,2025-06-06,3,2025-06-09,40.3,26.2,32.5,,49.2,40.2,13.2,,,22.94,0.6,
滨州,ecmwf_ifs025,2025-06-05,4,2025-06-09,41.0,24.8,32.7,,55.1,46.0,11.6,,,23.28,4.2,
滨州,ecmwf_ifs025,2025-06-04,5,2025-06-09,40.5,25.0,30.8,,46.7,35.0,10.8,,,23.69,1.2,
滨州,ecmwf_ifs025,2025-06-03,6,2025-06-09,35.6,24.9,31.0,,43.8,53.7,13.9,,,3.15,15.6,
滨州,ecmwf_ifs025,2025-06-02,7,2025-06-09,29.7,22.8,27.1,,32.3,60.3,9.9,,,18.1,6.3,
滨州,jma_seamless,2025-06-08,1,2025-06-09,38.0,21.3,30.5,,,,,,34.3,,5.7,0.0
滨州,jma_seamless,2025-06-07,2,2025-06-09,37.6,25.5,32.9,,,,,,31.2,,0.6,0.0
滨州,jma_seamless,2025-06-06,3,2025-06-09,36.7,24.2,31.3,,,,,,20.2,,0.6,0.0
滨州,jma_seamless,2025-06-05,4,2025-06-09,38.2,29.3,32.6,,,,,,51.0,,0.0,0.0
滨州,jma_seamless,2025-06-04,5,2025-06-09,39.4,23.2,32.8,,,,,,29.9,,0.0,0.0
滨州,jma_seamless,2025-06-03,6,2025-06-09,37.3,24.8,30.7,,,,,,56.2,,0.0,0.0
滨州,jma_seamless,2025-06-02,7,2025-06-09,35.7,24.8,29.7,,,,,,47.5,,0.0,0.0
滨州,ecmwf_ifs025,2025-06-09,1,2025-06-10,29.8,19.3,24.5,,31.2,53.0,10.0,,,25.36,0.0,
滨州,ecmwf_ifs025,2025-06-08,2,2025-06-10,31.4,21.4,24.9,,32.0,43.6,12.5,,,25.52,0.0,
滨州,ecmwf_ifs025,2025-06-07,3,2025-06-10,32.2,22.0,25.9,,31.9,36.4,12.4,,,24.5,0.0,
滨州,ecmwf_ifs025,2025-06-06,4,2025-06-10,32.0,21.1,25.4,,31.4,34.5,13.0,,,24.27,0.0,
滨州,ecmwf_ifs025,2025-06-05,5,2025-06-10,30.7,20.4,25.6,,30.5,39.8,14.7,,,24.93,0.0,
滨州,ecmwf_ifs025,2025-06-04,6,2025-06-10,26.5,20.1,22.2,,,53.5,11.2,,,3.57,9.3,
滨州,ecmwf_ifs025,2025-06-03,7,2025-06-10,27.1,18.3,24.7,,29.3,73.3,11.5,,,18.53,17.7,
滨州,jma_seamless,2025-06-09,1,2025-06-10,31.7,22.0,25.5,,,,,,1.9,,2.7,0.0
滨州,jma_seamless,2025-06-08,2,2025-06-10,30.6,23.2,25.5,,,,,,39.8,,0.3,0.0
滨州,jma_seamless,2025-06-07,3,2025-06-10,30.5,23.7,26.1,,,,,,41.6,,0.0,0.0
滨州,jma_seamless,2025-06-06,4,2025-06-10,34.8,23.6,29.2,,,,,,52.4,,0.0,0.0
滨州,jma_seamless,2025-06-05,5,2025-06-10,32.8,24.0,29.6,,,,,,61.4,,0.0,0.0
滨州,jma_seamless,2025-06-04,6,2025-06-10,38.7,23.4,31.0,,,,,,41.3,,0.3,0.0
滨州,jma_seamless,2025-06-03,7,2025-06-10,34.4,25.2,30.5,,,,,,28.0,,0.3,0.0
滨州,ecmwf_ifs025,2025-06-10,1,2025-06-11,34.2,17.7,26.2,,36.7,43.2,9.7,,,24.89,0.0,
滨州,ecmwf_ifs025,2025-06-09,2,2025-06-11,34.6,18.8,25.5,,35.9,37.8,11.1,,,24.9,0.0,
滨州,ecmwf_ifs025,2025-06-08,3,2025-06-11,36.9,17.8,26.1,,36.8,27.0,10.5,,,25.2,0.0,
滨州,ecmwf_ifs025,2025-06-07,4,2025-06-11,35.6,18.6,25.3,,35.5,29.8,12.9,,,25.18,0.0,
滨州,ecmwf_ifs025,2025-06-06,5,2025-06-11,34.7,17.7,24.7,,36.2,38.4,12.1,,,22.86,0.0,
滨州,ecmwf_ifs025,2025-06-05,6,2025-06-11,32.3,18.5,23.9,,32.2,37.0,8.1,,,5.5,0.0,
滨州,ecmwf_ifs025,2025-06-04,7,2025-06-11,30.7,17.6,23.5,,32.4,51.7,8.3,,,17.32,0.0,
滨州,jma_seamless,2025-06-10,1,2025-06-11,35.5,23.3,27.2,,,,,,2.2,,0.0,0.0
滨州,jma_seamless,2025-06-09,2,2025-06-11,35.9,23.9,26.9,,,,,,34.8,,0.0,0.0
滨州,jma_seamless,2025-06-08,3,2025-06-11,35.4,21.4,25.4,,,,,,18.1,,0.0,0.0
滨州,jma_seamless,2025-06-07,4,2025-06-11,35.1,22.1,25.7,,,,,,30.4,,0.0,0.0
滨州,jma_seamless,2025-06-06,5,2025-06-11,32.4,21.3,24.8,,,,,,0.9,,0.0,0.0
滨州,jma_seamless,2025-06-05,6,2025-06-11,35.1,22.6,27.8,,,,,,21.9,,0.9,0.0
滨州,jma_seamless,2025-06-04,7,2025-06-11,38.6,26.3,30.8,,,,,,28.4,,0.3,0.0
滨州,ecmwf_ifs025,2025-06-11,1,2025-06-12,35.4,21.4,26.8,,35.9,32.9,13.4,,,24.9,0.0,
滨州,ecmwf_ifs025,2025-06-10,2,2025-06-12,35.0,19.7,25.7,,35.5,33.7,13.4,,,25.16,0.0,
滨州,ecmwf_ifs025,2025-06-09,3,2025-06-12,35.3,21.8,25.5,,34.7,28.0,14.3,,,25.39,0.0,
滨州,ecmwf_ifs025,2025-06-08,4,2025-06-12,37.8,22.3,27.3,,37.8,25.7,14.3,,,24.9,0.0,
滨州,ecmwf_ifs025,2025-06-07,5,2025-06-12,37.0,21.2,26.0,,36.7,26.2,14.6,,,25.33,0.0,
滨州,ecmwf_ifs025,2025-06-06,6,2025-06-12,34.5,21.5,25.4,,34.1,30.5,12.8,,,5.63,0.0,
滨州,ecmwf_ifs025,2025-06-05,7,2025-06-12,36.3,22.2,26.3,,36.8,30.8,10.9,,,24.49,0.0,
滨州,jma_seamless,2025-06-11,1,2025-06-12,36.0,24.7,27.6,,,,,,0.0,,0.0,0.0
滨州,jma_seamless,2025-06-10,2,2025-06-12,35.5,23.6,27.1,,,,,,6.3,,0.0,0.0
滨州,jma_seamless,2025-06-09,3,2025-06-12,35.4,23.6,25.6,,,,,,2.2,,0.0,0.0
滨州,jma_seamless,2025-06-08,4,2025-06-12,35.2,22.8,25.7,,,,,,0.8,,0.0,0.0
滨州,jma_seamless,2025-06-07,5,2025-06-12,36.8,21.7,28.7,,,,,,0.0,,0.0,0.0
滨州,jma_seamless,2025-06-06,6,2025-06-12,35.4,20.8,27.7,,,,,,8.4,,0.0,0.0
滨州,jma_seamless,2025-06-05,7,2025-06-12,38.1,25.7,30.7,,,,,,24.2,,0.0,0.0
滨州,ecmwf_ifs025,2025-06-12,1,2025-06-13,35.2,19.8,28.2,,38.6,43.1,9.9,,,24.81,0.0,
滨州,ecmwf_ifs025,2025-06-11,2,2025-06-13,35.8,19.7,28.3,,41.2,46.6,11.5,,,24.8,0.0,
滨州,ecmwf_ifs025,2025-06-10,3,2025-06-13,35.1,18.0,27.6,,40.8,49.8,12.7,,,24.75,0.0,
滨州,ecmwf_ifs025,2025-06-09,4,2025-06-13,35.6,19.2,27.5,,40.3,45.4,11.0,,,24.95,0.0,
滨州,ecmwf_ifs025,2025-06-08,5,2025-06-13,36.0,20.9,28.0,,39.3,40.5,11.4,,,24.97,0.0,
滨州,ecmwf_ifs025,2025-06-07,6,2025-06-13,34.3,21.8,26.2,,36.1,40.5,13.0,,,5.59,0.0,
滨州,ecmwf_ifs025,2025-06-06,7,2025-06-13,34.5,22.9,28.0,,38.9,48.2,10.4,,,24.35,0.0,
滨州,jma_seamless,2025-06-12,1,2025-06-13,35.1,24.1,29.6,,,,,,4.4,,0.0,0.0
滨州,jma_seamless,2025-06-11,2,2025-06-13,35.8,23.2,29.4,,,,,,3.1,,0.0,0.0
滨州,jma_seamless,2025-06-10,3,2025-06-13,34.2,22.8,28.7,,,,,,8.7,,0.0,0.0
滨州,jma_seamless,2025-06-09,4,2025-06-13,35.3,22.7,29.8,,,,,,2.5,,0.0,0.0
滨州,jma_seamless,2025-06-08,5,2025-06-13,32.1,22.5,27.5,,,,,,2.8,,0.0,0.0
滨州,jma_seamless,2025-06-07,6,2025-06-13,33.3,22.2,28.7,,,,,,30.0,,0.0,0.0
滨州,jma_seamless,2025-06-06,7,2025-06-13,37.8,23.9,30.7,,,,,,9.1,,0.0,0.0
滨州,ecmwf_ifs025,2025-06-13,1,2025-06-14,36.6,23.5,32.3,,47.0,54.5,7.1,,,22.37,3.0,
滨州,ecmwf_ifs025,2025-06-12,2,2025-06-14,37.7,23.1,33.0,,48.0,50.5,5.6,,,22.91,0.0,
滨州,ecmwf_ifs025,2025-06-11,3,2025-06-14,37.9,24.2,33.3,,50.8,54.2,7.5,,,22.95,0.0,
滨州,ecmwf_ifs025,2025-06-10,4,2025-06-14,36.9,21.9,31.4,,52.9,62.9,7.3,,,22.1,6.3,
滨州,ecmwf_ifs025,2025-06-09,5,2025-06-14,35.8,23.1,31.3,,49.7,64.0,6.5,,,20.41,7.5,
滨州,ecmwf_ifs025,2025-06-08,6,2025-06-14,37.5,25.5,32.2,,48.5,52.4,9.5,,,5.06,0.0,
滨州,ecmwf_ifs025,2025-06-07,7,2025-06-14,35.3,23.4,30.4,,43.5,54.8,7.3,,,23.72,0.0,
滨州,jma_seamless,2025-06-13,1,2025-06-14,35.6,25.5,32.2,,,,,,49.2,,3.3,0.0
滨州,jma_seamless,2025-06-12,2,2025-06-14,36.0,25.6,32.6,,,,,,68.8,,0.6,0.0
滨州,jma_seamless,2025-06-11,3,2025-06-14,36.0,24.4,31.6,,,,,,49.8,,6.3,0.0
滨州,jma_seamless,2025-06-10,4,2025-06-14,36.8,25.9,32.5,,,,,,21.0,,0.0,0.0
滨州,jma_seamless,2025-06-09,5,2025-06-14,35.4,25.6,32.6,,,,,,33.0,,0.0,0.0
滨州,jma_seamless,2025-06-08,6,2025-06-14,33.8,24.8,31.7,,,,,,8.0,,0.0,0.0
滨州,jma_seamless,2025-06-07,7,2025-06-14,35.6,26.0,32.9,,,,,,44.1,,0.3,0.0
滨州,ecmwf_ifs025,2025-06-14,1,2025-06-15,31.0,22.0,26.8,,35.3,61.6,13.6,,,21.65,2.7,
滨州,ecmwf_ifs025,2025-06-13,2,2025-06-15,30.4,22.1,26.8,,34.2,62.4,13.8,,,22.63,10.5,
滨州,ecmwf_ifs025,2025-06-12,3,2025-06-15,30.5,22.0,26.4,,33.1,56.6,13.6,,,22.49,9.0,
滨州,ecmwf_ifs025,2025-06-11,4,2025-06-15,31.3,22.5,26.4,,35.4,59.5,15.0,,,22.78,21.9,
滨州,ecmwf_ifs025,2025-06-10,5,2025-06-15,28.3,21.7,26.1,,30.9,67.2,13.3,,,21.12,4.2,
滨州,ecmwf_ifs025,2025-06-09,6,2025-06-15,32.2,20.9,26.3,,35.9,54.6,7.7,,,4.42,11.7,
滨州,ecmwf_ifs025,2025-06-08,7,2025-06-15,35.6,20.7,31.3,,45.0,56.2,7.1,,,19.43,3.3,
滨州,jma_seamless,2025-06-14,1,2025-06-15,28.1,23.8,27.8,,,,,,39.5,,4.5,0.0
滨州,jma_seamless,2025-06-13,2,2025-06-15,29.8,24.9,28.0,,,,,,24.9,,1.2,0.0
滨州,jma_seamless,2025-06-12,3,2025-06-15,33.6,23.6,28.0,,,,,,38.3,,3.9,0.0
滨州,jma_seamless,2025-06-11,4,2025-06-15,30.8,24.9,29.5,,,,,,56.3,,1.2,0.0
滨州,jma_seamless,2025-06-10,5,2025-06-15,32.1,26.0,31.6,,,,,,35.5,,20.4,0.0
滨州,jma_seamless,2025-06-09,6,2025-06-15,32.2,25.6,31.5,,,,,,54.8,,1.2,0.0
滨州,jma_seamless,2025-06-08,7,2025-06-15,35.6,24.4,32.2,,,,,,74.4,,18.9,0.0
滨州,ecmwf_ifs025,2025-06-15,1,2025-06-16,29.7,19.6,23.3,,29.5,41.7,14.4,,,21.64,0.0,
滨州,ecmwf_ifs025,2025-06-14,2,2025-06-16,30.0,19.7,23.2,,30.1,43.2,14.1,,,22.17,0.0,
滨州,ecmwf_ifs025,2025-06-13,3,2025-06-16,30.4,19.3,22.8,,30.5,42.2,18.4,,,20.12,0.0,
滨州,ecmwf_ifs025,2025-06-12,4,2025-06-16,30.9,19.1,23.6,,30.8,39.9,16.6,,,18.82,0.0,
滨州,ecmwf_ifs025,2025-06-11,5,2025-06-16,32.6,19.7,25.2,,32.9,38.7,14.3,,,24.74,0.0,
滨州,ecmwf_ifs025,2025-06-10,6,2025-06-16,27.8,20.3,23.1,,27.8,45.1,12.1,,,4.67,0.0,
滨州,ecmwf_ifs025,2025-06-09,7,2025-06-16,33.7,20.3,25.8,,38.1,51.0,13.6,,,24.44,0.9,
滨州,jma_seamless,2025-06-15,1,2025-06-16,31.5,22.7,25.7,,,,,,24.3,,0.0,0.0
滨州,jma_seamless,2025-06-14,2,2025-06-16,32.3,24.9,26.6,,,,,,18.8,,0.0,0.0
滨州,jma_seamless,2025-06-13,3,2025-06-16,32.2,24.7,26.7,,,,,,12.6,,0.0,0.0
滨州,jma_seamless,2025-06-12,4,2025-06-16,32.9,26.1,26.6,,,,,,4.0,,0.0,0.0
滨州,jma_seamless,2025-06-11,5,2025-06-16,33.4,25.4,28.2,,,,,,6.8,,0.0,0.0
滨州,jma_seamless,2025-06-10,6,2025-06-16,33.3,27.0,28.8,,,,,,25.2,,0.0,0.0
滨州,jma_seamless,2025-06-09,7,2025-06-16,24.8,21.6,27.0,,,,,,86.2,,35.7,0.0
滨州,ecmwf_ifs025,2025-06-16,1,2025-06-17,37.9,19.3,28.8,,41.1,35.1,8.9,,,24.93,0.0,
滨州,ecmwf_ifs025,2025-06-15,2,2025-06-17,37.4,18.8,29.1,,42.8,41.7,7.7,,,24.82,0.0,
滨州,ecmwf_ifs025,2025-06-14,3,2025-06-17,37.0,19.4,28.6,,42.4,42.8,8.3,,,24.8,0.0,
滨州,ecmwf_ifs025,2025-06-13,4,2025-06-17,37.3,20.0,28.7,,44.4,45.7,7.1,,,24.93,0.0,
滨州,ecmwf_ifs025,2025-06-12,5,2025-06-17,37.7,21.4,29.5,,41.3,36.6,8.0,,,24.21,0.0,
滨州,ecmwf_ifs025,2025-06-11,6,2025-06-17,36.4,23.4,29.0,,37.7,33.2,11.8,,,23.89,0.0,
滨州,ecmwf_ifs025,2025-06-10,7,2025-06-17,30.5,22.7,26.1,,31.4,47.3,12.1,,,24.2,0.0,
滨州,jma_seamless,2025-06-16,1,2025-06-17,38.1,24.7,30.1,,,,,,15.6,,0.0,0.0
滨州,jma_seamless,2025-06-15,2,2025-06-17,38.2,24.1,30.3,,,,,,3.4,,0.0,0.0
滨州,jma_seamless,2025-06-14,3,2025-06-17,35.2,25.2,30.1,,,,,,5.3,,0.0,0.0
滨州,jma_seamless,2025-06-13,4,2025-06-17,38.9,25.4,30.4,,,,,,0.3,,0.0,0.0
滨州,jma_seamless,2025-06-12,5,2025-06-17,35.5,26.4,29.9,,,,,,4.9,,0.0,0.0
滨州,jma_seamless,2025-06-11,6,2025-06-17,35.7,25.8,29.9,,,,,,15.3,,0.0,0.0
滨州,jma_seamless,2025-06-10,7,2025-06-17,32.7,23.2,29.9,,,,,,15.6,,0.3,0.0
滨州,ecmwf_ifs025,2025-06-17,1,2025-06-18,40.4,27.4,32.6,,,,,,42.0,18.48,0.0,
滨州,ecmwf_ifs025,2025-06-16,2,2025-06-18,38.3,26.6,32.5,,,,,,34.2,13.92,0.3,
滨州,ecmwf_ifs025,2025-06-15,3,2025-06-18,38.0,22.6,31.4,,,,,,32.3,19.73,0.0,
滨州,ecmwf_ifs025,2025-06-14,4,2025-06-18,38.2,22.0,32.0,,,,,,38.2,18.75,1.2,
滨州,ecmwf_ifs025,2025-06-13,5,2025-06-18,41.2,20.9,31.1,,,,,,44.7,22.87,0.0,
滨州,ecmwf_ifs025,2025-06-12,6,2025-06-18,38.2,28.8,33.4,,,,,,27.3,22.06,0.6,
滨州,ecmwf_ifs025,2025-06-11,7,2025-06-18,38.1,26.1,30.8,,,,,,17.2,23.54,0.0,
滨州,ecmwf_ifs025,2025-06-18,1,2025-06-19,30.5,22.6,28.1,,,,,,78.1,5.35,32.4,
滨州,ecmwf_ifs025,2025-06-17,2,2025-06-19,33.1,24.7,31.8,,,,,,77.8,11.82,11.7,
滨州,ecmwf_ifs025,2025-06-16,3,2025-06-19,27.7,22.9,29.0,,,,,,86.0,11.88,41.7,
滨州,ecmwf_ifs025,2025-06-15,4,2025-06-19,28.1,23.0,28.7,,,,,,81.4,9.59,32.4,
滨州,ecmwf_ifs025,2025-06-14,5,2025-06-19,29.9,22.6,28.6,,,,,,73.1,10.26,47.1,
滨州,ecmwf_ifs025,2025-06-13,6,2025-06-19,31.0,21.5,27.4,,,,,,63.8,5.5,21.3,
滨州,ecmwf_ifs025,2025-06-12,7,2025-06-19,34.4,26.2,33.0,,,,,,39.6,18.5,2.4,
滨州,ecmwf_ifs025,2025-06-19,1,2025-06-20,28.2,21.2,25.8,,,,,,42.8,21.07,0.3,
滨州,ecmwf_ifs025,2025-06-18,2,2025-06-20,27.3,19.7,26.0,,,,,,62.6,14.75,8.7,
滨州,ecmwf_ifs025,2025-06-17,3,2025-06-20,27.2,20.6,26.6,,,,,,70.8,12.99,0.6,
滨州,ecmwf_ifs025,2025-06-16,4,2025-06-20,28.8,21.5,27.5,,,,,,62.9,18.1,0.0,
滨州,ecmwf_ifs025,2025-06-15,5,2025-06-20,28.2,21.5,26.5,,,,,,38.7,19.31,0.0,
滨州,ecmwf_ifs025,2025-06-14,6,2025-06-20,29.7,21.5,27.1,,,,,,31.8,19.33,0.6,
滨州,ecmwf_ifs025,2025-06-13,7,2025-06-20,28.4,21.3,27.9,,,,,,30.0,22.23,0.9,
滨州,ecmwf_ifs025,2025-06-20,1,2025-06-21,34.3,18.2,25.8,,,,,,9.2,24.83,0.0,
滨州,ecmwf_ifs025,2025-06-19,2,2025-06-21,32.4,18.3,26.0,,,,,,12.8,24.35,0.0,
滨州,ecmwf_ifs025,2025-06-18,3,2025-06-21,32.3,17.2,25.4,,,,,,16.5,20.12,0.0,
滨州,ecmwf_ifs025,2025-06-17,4,2025-06-21,33.1,18.0,26.8,,,,,,13.6,22.96,0.0,
滨州,ecmwf_ifs025,2025-06-16,5,2025-06-21,32.0,17.3,27.2,,,,,,13.5,23.18,0.0,
滨州,ecmwf_ifs025,2025-06-15,6,2025-06-21,31.0,21.0,28.1,,,,,,17.3,24.12,0.0,
滨州,ecmwf_ifs025,2025-06-14,7,2025-06-21,30.9,20.7,26.9,,,,,,19.0,23.86,0.0,
滨州,ecmwf_ifs025,2025-06-21,1,2025-06-22,38.0,19.5,29.1,,,,,,0.3,25.14,0.0,
滨州,ecmwf_ifs025,2025-06-20,2,2025-06-22,37.3,19.7,29.2,,,,,,5.3,25.03,0.0,
滨州,ecmwf_ifs025,2025-06-19,3,2025-06-22,34.0,21.7,28.3,,,,,,11.2,24.19,0.0,
滨州,ecmwf_ifs025,2025-06-18,4,2025-06-22,35.2,18.3,28.8,,,,,,11.6,24.88,0.0,
滨州,ecmwf_ifs025,2025-06-17,5,2025-06-22,34.1,18.8,28.6,,,,,,9.8,24.79,0.0,
滨州,ecmwf_ifs025,2025-06-16,6,2025-06-22,35.4,23.1,29.5,,,,,,7.2,23.89,0.0,
滨州,ecmwf_ifs025,2025-06-15,7,2025-06-22,32.7,19.0,28.3,,,,,,12.0,24.68,0.0,
滨州,ecmwf_ifs025,2025-06-22,1,2025-06-23,37.4,24.6,30.8,,,,,,34.0,20.24,0.0,
滨州,ecmwf_ifs025,2025-06-21,2,2025-06-23,38.9,24.1,31.5,,,,,,23.8,24.25,0.0,
滨州,ecmwf_ifs025,2025-06-20,3,2025-06-23,36.7,22.8,29.7,,,,,,50.8,20.71,0.0,
滨州,ecmwf_ifs025,2025-06-19,4,2025-06-23,33.9,24.4,30.2,,,,,,41.3,20.65,0.0,
滨州,ecmwf_ifs025,2025-06-18,5,2025-06-23,36.3,22.1,29.4,,,,,,53.0,22.32,0.0,
滨州,ecmwf_ifs025,2025-06-17,6,2025-06-23,35.0,22.8,29.1,,,,,,59.0,21.25,0.0,
滨州,ecmwf_ifs025,2025-06-16,7,2025-06-23,33.6,25.1,29.8,,,,,,46.2,22.36,0.0,
滨州,ecmwf_ifs025,2025-06-23,1,2025-06-24,38.6,25.7,32.2,,,,,,16.4,23.46,0.0,
滨州,ecmwf_ifs025,2025-06-22,2,2025-06-24,38.9,25.8,32.2,,,,,,6.6,24.86,0.0,
滨州,ecmwf_ifs025,2025-06-21,3,2025-06-24,39.9,24.3,32.0,,,,,,21.4,24.3,0.0,
滨州,ecmwf_ifs025,2025-06-20,4,2025-06-24,35.6,23.7,28.9,,,,,,29.2,18.19,0.0,
滨州,ecmwf_ifs025,2025-06-19,5,2025-06-24,36.5,25.1,30.9,,,,,,25.1,24.46,0.0,
滨州,ecmwf_ifs025,2025-06-18,6,2025-06-24,34.5,21.2,28.9,,,,,,0.8,23.57,0.0,
滨州,ecmwf_ifs025,2025-06-17,7,2025-06-24,37.4,23.6,31.1,,,,,,13.1,22.76,0.0,
滨州,ecmwf_ifs025,2025-06-24,1,2025-06-25,39.5,25.6,32.1,,,,,,41.8,21.05,0.0,
滨州,ecmwf_ifs025,2025-06-23,2,2025-06-25,40.2,26.3,32.3,,,,,,39.1,23.1,0.0,
滨州,ecmwf_ifs025,2025-06-22,3,2025-06-25,39.4,26.6,32.7,,,,,,42.1,23.4,0.0,
滨州,ecmwf_ifs025,2025-06-21,4,2025-06-25,38.9,24.4,32.3,,,,,,49.1,21.74,0.0,
滨州,ecmwf_ifs025,2025-06-20,5,2025-06-25,34.2,21.5,29.0,,,,,,31.8,22.19,0.0,
滨州,ecmwf_ifs025,2025-06-19,6,2025-06-25,37.2,22.1,30.6,,,,,,39.8,19.1,0.0,
滨州,ecmwf_ifs025,2025-06-18,7,2025-06-25,35.5,25.6,32.1,,,,,,25.1,23.03,0.0,
滨州,ecmwf_ifs025,2025-06-25,1,2025-06-26,34.9,24.4,29.7,,,,,,62.7,13.71,0.0,
滨州,ecmwf_ifs025,2025-06-24,2,2025-06-26,32.4,24.6,29.5,,,,,,56.1,9.8,0.0,
滨州,ecmwf_ifs025,2025-06-23,3,2025-06-26,29.4,22.0,27.2,,,,,,74.8,3.91,11.7,
滨州,ecmwf_ifs025,2025-06-22,4,2025-06-26,30.7,21.3,27.4,,,,,,67.1,4.3,9.6,
滨州,ecmwf_ifs025,2025-06-21,5,2025-06-26,34.2,21.1,28.7,,,,,,56.7,8.92,5.4,
滨州,ecmwf_ifs025,2025-06-20,6,2025-06-26,30.0,25.3,28.3,,,,,,54.8,10.34,0.3,
滨州,ecmwf_ifs025,2025-06-19,7,2025-06-26,29.4,21.1,26.6,,,,,,74.1,2.82,45.0,
滨州,ecmwf_ifs025,2025-06-26,1,2025-06-27,29.9,22.0,28.6,,,,,,57.9,16.29,0.9,
滨州,ecmwf_ifs025,2025-06-25,2,2025-06-27,34.2,23.8,29.2,,,,,,31.3,19.23,0.0,
滨州,ecmwf_ifs025,2025-06-24,3,2025-06-27,35.5,22.1,29.3,,,,,,22.8,22.23,0.0,
滨州,ecmwf_ifs025,2025-06-23,4,2025-06-27,27.1,22.1,26.6,,,,,,49.8,10.04,0.9,
滨州,ecmwf_ifs025,2025-06-22,5,2025-06-27,24.9,18.9,24.0,,,,,,64.8,10.0,22.5,
滨州,ecmwf_ifs025,2025-06-21,6,2025-06-27,33.2,20.8,27.4,,,,,,44.7,21.75,8.7,
滨州,ecmwf_ifs025,2025-06-20,7,2025-06-27,29.2,20.3,26.2,,,,,,72.2,11.06,4.5,
滨州,ecmwf_ifs025,2025-06-27,1,2025-06-28,34.4,22.7,31.1,,,,,,42.3,21.68,3.0,
滨州,ecmwf_ifs025,2025-06-26,2,2025-06-28,35.7,23.2,31.8,,,,,,45.2,21.7,0.6,
滨州,ecmwf_ifs025,2025-06-25,3,2025-06-28,35.9,24.0,32.0,,,,,,33.8,18.77,0.0,
滨州,ecmwf_ifs025,2025-06-24,4,2025-06-28,35.9,21.8,31.0,,,,,,7.7,24.28,0.0,
滨州,ecmwf_ifs025,2025-06-23,5,2025-06-28,31.7,22.2,29.9,,,,,,10.7,22.43,0.0,
滨州,ecmwf_ifs025,2025-06-22,6,2025-06-28,30.5,21.0,28.8,,,,,,18.9,22.57,0.0,
滨州,ecmwf_ifs025,2025-06-21,7,2025-06-28,27.2,22.6,26.9,,,,,,55.1,11.99,9.0,
滨州,ecmwf_ifs025,2025-06-28,1,2025-06-29,30.5,23.0,30.3,,,,,,93.5,13.26,6.0,
滨州,ecmwf_ifs025,2025-06-27,2,2025-06-29,31.1,23.5,30.8,,,,,,98.2,10.23,10.2,
滨州,ecmwf_ifs025,2025-06-26,3,2025-06-29,32.3,24.3,31.9,,,,,,80.8,11.2,4.8,
滨州,ecmwf_ifs025,2025-06-25,4,2025-06-29,33.5,24.8,31.7,,,,,,83.7,10.02,8.7,
滨州,ecmwf_ifs025,2025-06-24,5,2025-06-29,34.4,22.4,31.5,,,,,,36.7,15.54,14.4,
滨州,ecmwf_ifs025,2025-06-23,6,2025-06-29,37.1,24.8,32.6,,,,,,0.5,20.92,0.6,
滨州,ecmwf_ifs025,2025-06-22,7,2025-06-29,32.3,23.6,32.2,,,,,,11.9,22.62,5.1,
滨州,ecmwf_ifs025,2025-06-29,1,2025-06-30,33.4,23.0,32.2,,,,,,36.5,20.81,0.3,
滨州,ecmwf_ifs025,2025-06-28,2,2025-06-30,32.1,22.7,32.6,,,,,,42.5,21.23,0.6,
滨州,ecmwf_ifs025,2025-06-27,3,2025-06-30,31.1,23.9,32.0,,,,,,43.0,18.69,0.3,
滨州,ecmwf_ifs025,2025-06-26,4,2025-06-30,34.8,24.0,33.2,,,,,,53.9,15.51,3.0,
滨州,ecmwf_ifs025,2025-06-25,5,2025-06-30,33.1,23.2,32.9,,,,,,43.4,18.6,0.0,
滨州,ecmwf_ifs025,2025-06-24,6,2025-06-30,37.0,24.6,34.1,,,,,,44.0,20.3,9.9,
滨州,ecmwf_ifs025,2025-06-23,7,2025-06-30,34.3,27.4,35.4,,,,,,40.2,15.67,2.4,
滨州,ecmwf_ifs025,2025-06-30,1,2025-07-01,32.4,26.3,33.0,,,,,,52.9,11.35,1.5,
滨州,ecmwf_ifs025,2025-06-29,2,2025-07-01,31.2,25.7,33.2,,,,,,60.2,12.86,9.9,
滨州,ecmwf_ifs025,2025-06-28,3,2025-07-01,31.7,25.5,32.6,,,,,,57.3,11.37,26.7,
滨州,ecmwf_ifs025,2025-06-27,4,2025-07-01,33.1,24.7,33.2,,,,,,80.4,11.7,16.8,
滨州,ecmwf_ifs025,2025-06-26,5,2025-07-01,34.2,25.3,34.3,,,,,,54.1,15.93,16.5,
滨州,ecmwf_ifs025,2025-06-25,6,2025-07-01,35.1,24.5,34.6,,,,,,48.1,17.54,11.4,
滨州,ecmwf_ifs025,2025-06-24,7,2025-07-01,32.0,25.9,33.9,,,,,,55.8,14.98,12.9,
滨州,ecmwf_ifs025,2025-07-01,1,2025-07-02,33.0,24.0,33.3,,,,,,67.9,,,
滨州,ecmwf_ifs025,2025-06-30,2,2025-07-02,37.2,26.8,35.5,,,,,,44.8,,,
滨州,ecmwf_ifs025,2025-06-29,3,2025-07-02,34.3,24.2,33.3,,,,,,51.3,,,
滨州,ecmwf_ifs025,2025-06-28,4,2025-07-02,34.4,24.9,34.6,,,,,,52.0,,,
滨州,ecmwf_ifs025,2025-06-27,5,2025-07-02,31.5,25.0,33.8,,,,,,61.1,,,
滨州,ecmwf_ifs025,2025-06-26,6,2025-07-02,35.4,25.4,35.5,,,,,,58.2,,,
滨州,ecmwf_ifs025,2025-06-25,7,2025-07-02,32.8,26.9,35.2,,,,,,47.8,,,
滨州,gfs_seamless,2025-07-01,1,2025-07-02,35.4,25.3,33.7,,55.3,75.5,13.7,32.8,93.3,,,0.0
滨州,gfs_seamless,2025-06-30,2,2025-07-02,31.2,24.8,32.3,,42.6,82.7,13.5,45.4,99.9,,,0.0
滨州,gfs_seamless,2025-06-29,3,2025-07-02,31.1,25.0,32.7,,40.6,78.3,10.6,31.0,98.0,,,0.0
滨州,gfs_seamless,2025-06-28,4,2025-07-02,30.9,24.1,30.7,,42.7,85.9,14.1,46.1,100.0,,,0.0
滨州,gfs_seamless,2025-06-27,5,2025-07-02,31.5,24.7,32.1,,42.3,79.2,10.6,33.1,97.4,,,0.0
滨州,gfs_seamless,2025-06-26,6,2025-07-02,33.8,24.9,32.1,,49.8,77.2,12.9,34.6,94.9,,,0.0
滨州,gfs_seamless,2025-06-25,7,2025-07-02,35.4,24.6,34.1,,48.9,64.9,13.2,44.6,79.6,,,0.0
滨州,ecmwf_ifs025,2025-07-02,1,2025-07-03,36.1,27.9,36.1,,,,,,40.7,,,
滨州,ecmwf_ifs025,2025-07-01,2,2025-07-03,35.7,28.6,36.9,,,,,,51.4,,,
滨州,ecmwf_ifs025,2025-06-30,3,2025-07-03,39.3,29.9,37.3,,,,,,22.4,,,
滨州,ecmwf_ifs025,2025-06-29,4,2025-07-03,38.0,29.2,36.8,,,,,,47.5,,,
滨州,ecmwf_ifs025,2025-06-28,5,2025-07-03,35.9,28.9,37.1,,,,,,15.4,,,
滨州,ecmwf_ifs025,2025-06-27,6,2025-07-03,35.9,26.3,36.0,,,,,,32.1,,,
滨州,ecmwf_ifs025,2025-06-26,7,2025-07-03,37.3,25.3,36.6,,,,,,34.5,,,
滨州,gfs_seamless,2025-07-02,1,2025-07-03,39.3,27.2,36.0,,57.5,57.0,18.0,50.8,95.3,,,0.0
滨州,gfs_seamless,2025-07-01,2,2025-07-03,38.4,28.3,35.9,,53.6,56.0,18.3,51.8,90.4,,,0.0
滨州,gfs_seamless,2025-06-30,3,2025-07-03,38.4,26.2,35.4,,61.7,66.9,11.7,46.8,83.0,,,0.0
滨州,gfs_seamless,2025-06-29,4,2025-07-03,33.7,25.6,33.6,,50.3,78.9,11.5,41.8,96.8,,,0.0
滨州,gfs_seamless,2025-06-28,5,2025-07-03,38.5,26.8,35.3,,56.9,60.1,15.1,52.9,88.6,,,0.0
滨州,gfs_seamless,2025-06-27,6,2025-07-03,40.1,24.8,33.7,,71.8,69.4,17.6,49.3,86.4,,,0.0
滨州,gfs_seamless,2025-06-26,7,2025-07-03,37.9,23.8,33.4,,61.6,69.4,20.5,51.1,86.2,,,0.0
滨州,ecmwf_ifs025,2025-07-03,1,2025-07-04,35.9,25.4,37.7,,,,,,29.2,,,
滨州,ecmwf_ifs025,2025-07-02,2,2025-07-04,35.7,28.5,38.3,,,,,,24.0,,,
滨州,ecmwf_ifs025,2025-07-01,3,2025-07-04,36.0,25.7,37.8,,,,,,25.6,,,
滨州,ecmwf_ifs025,2025-06-30,4,2025-07-04,31.4,27.0,35.2,,,,,,38.8,,,
滨州,ecmwf_ifs025,2025-06-29,5,2025-07-04,31.8,26.7,35.3,,,,,,32.2,,,
滨州,ecmwf_ifs025,2025-06-28,6,2025-07-04,37.0,29.4,38.2,,,,,,22.1,,,
滨州,ecmwf_ifs025,2025-06-27,7,2025-07-04,35.7,30.1,38.0,,,,,,12.3,,,
滨州,gfs_seamless,2025-07-03,1,2025-07-04,39.9,30.2,38.2,,55.5,51.4,17.0,48.2,66.1,,,0.0
滨州,gfs_seamless,2025-07-02,2,2025-07-04,40.6,26.5,37.9,,62.3,56.8,13.1,30.2,74.8,,,0.0
滨州,gfs_seamless,2025-07-01,3,2025-07-04,41.3,27.4,38.4,,62.4,53.8,13.4,47.5,79.1,,,0.0
滨州,gfs_seamless,2025-06-30,4,2025-07-04,39.6,27.6,37.2,,56.1,53.7,13.9,38.5,61.6,,,0.0
滨州,gfs_seamless,2025-06-29,5,2025-07-04,39.6,29.6,36.7,,56.7,54.5,17.3,47.5,71.7,,,0.0
滨州,gfs_seamless,2025-06-28,6,2025-07-04,38.3,25.8,36.9,,56.6,60.7,14.1,47.9,53.4,,,0.0
滨州,gfs_seamless,2025-06-27,7,2025-07-04,41.1,25.3,35.5,,69.8,62.6,14.4,34.6,56.8,,,0.0
滨州,ecmwf_ifs025,2025-07-04,1,2025-07-05,38.8,29.4,38.7,,,,,,7.8,,,
滨州,ecmwf_ifs025,2025-07-03,2,2025-07-05,36.7,29.0,38.8,,,,,,6.1,,,
滨州,ecmwf_ifs025,2025-07-02,3,2025-07-05,36.4,27.4,38.2,,,,,,11.1,,,
滨州,ecmwf_ifs025,2025-07-01,4,2025-07-05,36.6,27.9,38.3,,,,,,28.5,,,
滨州,ecmwf_ifs025,2025-06-30,5,2025-07-05,37.5,28.2,39.3,,,,,,18.8,,,
滨州,ecmwf_ifs025,2025-06-29,6,2025-07-05,35.0,27.3,38.4,,,,,,41.3,,,
滨州,ecmwf_ifs025,2025-06-28,7,2025-07-05,38.3,30.0,39.5,,,,,,13.0,,,
滨州,gfs_seamless,2025-07-04,1,2025-07-05,40.9,30.6,38.0,,55.3,46.7,19.5,49.3,49.7,,,0.0
滨州,gfs_seamless,2025-07-03,2,2025-07-05,40.6,31.0,38.6,,55.4,48.2,16.9,50.4,47.7,,,0.0
滨州,gfs_seamless,2025-07-02,3,2025-07-05,38.8,26.7,36.1,,59.4,61.9,14.4,49.3,77.5,,,0.0
滨州,gfs_seamless,2025-07-01,4,2025-07-05,39.1,26.7,37.0,,55.0,54.5,13.8,39.6,98.8,,,0.0
滨州,gfs_seamless,2025-06-30,5,2025-07-05,40.6,26.4,37.4,,60.3,54.5,13.1,42.1,47.3,,,0.0
滨州,gfs_seamless,2025-06-29,6,2025-07-05,40.4,25.4,36.1,,64.0,59.7,12.5,29.2,63.9,,,0.0
滨州,gfs_seamless,2025-06-28,7,2025-07-05,41.1,26.6,34.9,,68.1,60.9,16.9,45.4,78.1,,,0.0
滨州,ecmwf_ifs025,2025-07-05,1,2025-07-06,35.3,26.9,34.4,,,,,,2.1,,,
滨州,ecmwf_ifs025,2025-07-04,2,2025-07-06,35.0,27.1,34.8,,,,,,11.5,,,
滨州,ecmwf_ifs025,2025-07-03,3,2025-07-06,33.1,25.9,34.5,,,,,,25.7,,,
滨州,ecmwf_ifs025,2025-07-02,4,2025-07-06,33.0,25.5,33.8,,,,,,34.4,,,
滨州,ecmwf_ifs025,2025-07-01,5,2025-07-06,32.6,25.6,35.5,,,,,,34.5,,,
滨州,ecmwf_ifs025,2025-06-30,6,2025-07-06,37.0,25.4,37.3,,,,,,25.8,,,
滨州,ecmwf_ifs025,2025-06-29,7,2025-07-06,30.3,26.1,33.7,,,,,,45.8,,,
滨州,gfs_seamless,2025-07-05,1,2025-07-06,35.4,26.4,33.2,,43.7,54.8,16.7,29.9,34.8,,,0.0
滨州,gfs_seamless,2025-07-04,2,2025-07-06,35.3,27.4,33.4,,44.4,56.8,15.8,34.2,24.1,,,0.0
滨州,gfs_seamless,2025-07-03,3,2025-07-06,39.0,27.5,36.5,,58.1,59.2,11.3,29.2,59.7,,,0.0
滨州,gfs_seamless,2025-07-02,4,2025-07-06,41.2,26.4,37.6,,68.4,60.8,7.5,29.2,30.2,,,0.0
滨州,gfs_seamless,2025-07-01,5,2025-07-06,40.2,25.5,35.4,,66.4,63.3,12.1,28.1,61.2,,,0.0
滨州,gfs_seamless,2025-06-30,6,2025-07-06,42.9,28.1,36.8,,63.2,48.1,12.1,33.5,26.4,,,0.0
滨州,gfs_seamless,2025-06-29,7,2025-07-06,37.8,24.5,34.6,,55.3,61.6,12.2,51.1,58.7,,,0.0
滨州,ecmwf_ifs025,2025-07-06,1,2025-07-07,37.1,24.6,33.5,,,,,,33.0,,,
滨州,ecmwf_ifs025,2025-07-05,2,2025-07-07,38.3,25.0,34.1,,,,,,29.8,,,
滨州,ecmwf_ifs025,2025-07-04,3,2025-07-07,38.4,24.0,35.1,,,,,,32.8,,,
滨州,ecmwf_ifs025,2025-07-03,4,2025-07-07,36.2,23.3,35.1,,,,,,36.8,,,
滨州,ecmwf_ifs025,2025-07-02,5,2025-07-07,36.7,25.9,36.5,,,,,,13.9,,,
滨州,ecmwf_ifs025,2025-07-01,6,2025-07-07,32.2,25.1,34.8,,,,,,41.2,,,
滨州,ecmwf_ifs025,2025-06-30,7,2025-07-07,32.6,24.4,32.4,,,,,,22.5,,,
滨州,gfs_seamless,2025-07-06,1,2025-07-07,39.9,23.0,32.4,,64.3,62.4,14.9,61.6,72.5,,,0.0
滨州,gfs_seamless,2025-07-05,2,2025-07-07,40.7,23.1,32.7,,68.2,62.8,12.3,57.2,67.2,,,0.0
滨州,gfs_seamless,2025-07-04,3,2025-07-07,40.1,25.4,33.7,,65.7,63.0,13.3,59.8,87.5,,,0.0
滨州,gfs_seamless,2025-07-03,4,2025-07-07,41.2,24.2,35.7,,67.4,59.7,12.4,43.2,42.9,,,0.0
滨州,gfs_seamless,2025-07-02,5,2025-07-07,41.7,24.3,33.2,,74.1,64.1,14.9,61.2,35.2,,,0.0
滨州,gfs_seamless,2025-07-01,6,2025-07-07,41.5,25.8,34.0,,70.2,61.2,15.1,42.8,41.0,,,0.0
滨州,gfs_seamless,2025-06-30,7,2025-07-07,43.0,27.5,36.6,,67.9,52.6,10.5,33.8,47.3,,,0.0
滨州,ecmwf_ifs025,2025-07-07,1,2025-07-08,38.9,26.5,35.9,,,,,,11.6,,,
滨州,ecmwf_ifs025,2025-07-06,2,2025-07-08,37.1,25.5,35.8,,,,,,13.0,,,
滨州,ecmwf_ifs025,2025-07-05,3,2025-07-08,37.0,26.3,36.7,,,,,,5.9,,,
滨州,ecmwf_ifs025,2025-07-04,4,2025-07-08,37.0,26.5,36.1,,,,,,21.5,,,
滨州,ecmwf_ifs025,2025-07-03,5,2025-07-08,37.3,26.6,36.6,,,,,,19.3,,,
滨州,ecmwf_ifs025,2025-07-02,6,2025-07-08,34.6,25.8,35.5,,,,,,9.5,,,
滨州,ecmwf_ifs025,2025-07-01,7,2025-07-08,36.0,23.6,35.3,,,,,,27.1,,,
滨州,gfs_seamless,2025-07-07,1,2025-07-08,37.0,24.4,33.4,,52.7,62.0,12.8,42.1,31.5,,,0.0
滨州,gfs_seamless,2025-07-06,2,2025-07-08,35.1,24.7,32.7,,47.8,64.7,10.7,40.0,56.9,,,0.0
滨州,gfs_seamless,2025-07-05,3,2025-07-08,38.5,25.0,34.6,,55.8,58.6,9.9,35.6,41.6,,,0.0
滨州,gfs_seamless,2025-07-04,4,2025-07-08,38.5,25.0,34.8,,53.4,55.2,10.2,37.1,49.0,,,0.0
滨州,gfs_seamless,2025-07-03,5,2025-07-08,38.1,24.3,35.2,,53.2,56.9,11.6,41.4,11.0,,,0.0
滨州,gfs_seamless,2025-07-02,6,2025-07-08,38.2,25.6,35.1,,57.1,62.0,9.7,33.1,32.9,,,0.0
滨州,gfs_seamless,2025-07-01,7,2025-07-08,35.2,26.1,34.0,,48.9,66.1,10.0,36.0,71.1,,,0.0
滨州,ecmwf_ifs025,2025-07-08,1,2025-07-09,32.3,24.3,32.7,,,,,,18.3,,,
滨州,ecmwf_ifs025,2025-07-07,2,2025-07-09,38.8,25.3,34.5,,,,,,2.9,,,
滨州,ecmwf_ifs025,2025-07-06,3,2025-07-09,38.2,25.9,34.7,,,,,,11.6,,,
滨州,ecmwf_ifs025,2025-07-05,4,2025-07-09,36.5,25.6,34.0,,,,,,15.9,,,
滨州,ecmwf_ifs025,2025-07-04,5,2025-07-09,36.7,26.5,34.5,,,,,,3.3,,,
滨州,ecmwf_ifs025,2025-07-03,6,2025-07-09,36.2,26.6,34.6,,,,,,4.7,,,
滨州,ecmwf_ifs025,2025-07-02,7,2025-07-09,35.1,25.9,35.3,,,,,,11.0,,,
滨州,gfs_seamless,2025-07-08,1,2025-07-09,37.9,25.8,33.4,,52.0,56.1,19.5,40.3,54.3,,,0.0
滨州,gfs_seamless,2025-07-07,2,2025-07-09,36.7,25.2,32.6,,49.2,57.9,18.8,39.6,48.9,,,0.0
滨州,gfs_seamless,2025-07-06,3,2025-07-09,36.3,26.7,33.0,,47.9,57.8,16.8,37.1,43.8,,,0.0
滨州,gfs_seamless,2025-07-05,4,2025-07-09,38.0,26.2,33.7,,48.5,49.9,14.9,39.6,38.1,,,0.0
滨州,gfs_seamless,2025-07-04,5,2025-07-09,38.1,25.8,34.0,,47.6,47.8,13.2,43.9,37.5,,,0.0
滨州,gfs_seamless,2025-07-03,6,2025-07-09,38.5,25.2,34.4,,49.2,48.5,10.7,34.2,10.0,,,0.0
滨州,gfs_seamless,2025-07-02,7,2025-07-09,37.6,26.3,33.3,,51.8,57.3,12.4,33.5,66.8,,,0.0
滨州,ecmwf_ifs025,2025-07-09,1,2025-07-10,35.7,25.8,34.3,,,,,,18.7,,,
滨州,ecmwf_ifs025,2025-07-08,2,2025-07-10,35.6,25.7,34.2,,,,,,4.2,,,
滨州,ecmwf_ifs025,2025-07-07,3,2025-07-10,38.7,26.7,35.1,,,,,,0.0,,,
滨州,ecmwf_ifs025,2025-07-06,4,2025-07-10,37.5,26.8,35.0,,,,,,6.2,,,
滨州,ecmwf_ifs025,2025-07-05,5,2025-07-10,37.8,25.3,35.1,,,,,,0.3,,,
滨州,ecmwf_ifs025,2025-07-04,6,2025-07-10,38.9,27.0,34.6,,,,,,0.0,,,
滨州,ecmwf_ifs025,2025-07-03,7,2025-07-10,38.4,26.4,35.0,,,,,,0.0,,,
滨州,gfs_seamless,2025-07-09,1,2025-07-10,38.2,26.2,33.4,,50.3,51.8,16.7,40.0,51.4,,,0.0
滨州,gfs_seamless,2025-07-08,2,2025-07-10,37.3,26.3,33.1,,51.1,57.9,15.8,34.9,52.7,,,0.0
滨州,gfs_seamless,2025-07-07,3,2025-07-10,36.9,26.2,33.5,,50.0,58.1,15.1,32.8,27.2,,,0.0
滨州,gfs_seamless,2025-07-06,4,2025-07-10,37.6,26.9,33.9,,50.8,55.7,15.1,36.0,38.0,,,0.0
滨州,gfs_seamless,2025-07-05,5,2025-07-10,37.4,26.7,34.2,,46.5,49.3,12.1,38.2,49.5,,,0.0
滨州,gfs_seamless,2025-07-04,6,2025-07-10,38.4,27.7,34.6,,52.0,53.6,14.3,36.4,66.0,,,0.0
滨州,gfs_seamless,2025-07-03,7,2025-07-10,38.2,26.4,35.0,,50.5,52.2,13.2,36.7,58.0,,,0.0
滨州,ecmwf_ifs025,2025-07-10,1,2025-07-11,36.6,26.1,34.2,,,,,,7.2,,,
滨州,ecmwf_ifs025,2025-07-09,2,2025-07-11,36.8,26.5,34.5,,,,,,4.7,,,
滨州,ecmwf_ifs025,2025-07-08,3,2025-07-11,37.0,26.3,34.4,,,,,,0.4,,,
滨州,ecmwf_ifs025,2025-07-07,4,2025-07-11,39.2,27.0,34.6,,,,,,0.0,,,
滨州,ecmwf_ifs025,2025-07-06,5,2025-07-11,38.5,26.8,35.5,,,,,,0.0,,,
滨州,ecmwf_ifs025,2025-07-05,6,2025-07-11,38.9,28.7,35.9,,,,,,0.0,,,
滨州,ecmwf_ifs025,2025-07-04,7,2025-07-11,38.6,29.8,37.2,,,,,,1.4,,,
滨州,gfs_seamless,2025-07-10,1,2025-07-11,37.4,26.2,33.8,,47.4,51.0,13.3,34.2,27.8,,,0.0
滨州,gfs_seamless,2025-07-09,2,2025-07-11,37.6,25.6,33.4,,47.8,50.7,14.1,33.5,12.9,,,0.0
滨州,gfs_seamless,2025-07-08,3,2025-07-11,37.3,25.7,33.3,,47.8,52.2,13.3,29.5,6.8,,,0.0
滨州,gfs_seamless,2025-07-07,4,2025-07-11,37.0,26.3,34.0,,46.2,50.9,10.8,27.7,18.5,,,0.0
滨州,gfs_seamless,2025-07-06,5,2025-07-11,37.3,27.1,33.9,,46.2,49.3,11.8,29.2,9.2,,,0.0
滨州,gfs_seamless,2025-07-05,6,2025-07-11,38.2,26.2,34.3,,49.1,49.8,12.0,33.8,14.5,,,0.0
滨州,gfs_seamless,2025-07-04,7,2025-07-11,38.6,26.7,34.4,,49.9,49.3,11.6,32.4,51.0,,,0.0
滨州,ecmwf_ifs025,2025-07-11,1,2025-07-12,37.5,27.4,36.3,,,,,,0.1,,,
滨州,ecmwf_ifs025,2025-07-10,2,2025-07-12,37.6,27.2,36.0,,,,,,0.4,,,
滨州,ecmwf_ifs025,2025-07-09,3,2025-07-12,38.3,26.7,36.2,,,,,,4.4,,,
滨州,ecmwf_ifs025,2025-07-08,4,2025-07-12,37.0,26.8,35.8,,,,,,6.4,,,
滨州,ecmwf_ifs025,2025-07-07,5,2025-07-12,39.1,27.0,35.5,,,,,,1.0,,,
滨州,ecmwf_ifs025,2025-07-06,6,2025-07-12,37.8,29.5,36.4,,,,,,1.2,,,
滨州,ecmwf_ifs025,2025-07-05,7,2025-07-12,38.5,30.4,37.7,,,,,,8.0,,,
滨州,gfs_seamless,2025-07-11,1,2025-07-12,39.3,27.3,35.9,,50.5,46.9,8.1,28.4,31.5,,,0.0
滨州,gfs_seamless,2025-07-10,2,2025-07-12,38.9,27.0,35.5,,48.4,45.2,11.0,34.2,47.8,,,0.0
滨州,gfs_seamless,2025-07-09,3,2025-07-12,39.3,26.3,35.4,,49.8,45.7,9.7,32.4,6.6,,,0.0
滨州,gfs_seamless,2025-07-08,4,2025-07-12,39.0,26.9,35.2,,50.7,48.6,10.1,33.1,34.5,,,0.0
滨州,gfs_seamless,2025-07-07,5,2025-07-12,40.4,25.7,35.3,,52.5,44.9,8.3,28.4,18.2,,,0.0
滨州,gfs_seamless,2025-07-06,6,2025-07-12,39.3,27.1,35.2,,49.5,45.3,11.2,28.4,0.7,,,0.0
滨州,gfs_seamless,2025-07-05,7,2025-07-12,39.1,26.7,35.4,,50.4,47.6,10.6,36.4,25.8,,,0.0
滨州,ecmwf_ifs025,2025-07-12,1,2025-07-13,36.8,27.0,34.5,,,,,,14.7,,,
滨州,ecmwf_ifs025,2025-07-11,2,2025-07-13,35.2,26.7,35.0,,,,,,10.7,,,
滨州,ecmwf_ifs025,2025-07-10,3,2025-07-13,37.0,27.3,35.9,,,,,,4.9,,,
滨州,ecmwf_ifs025,2025-07-09,4,2025-07-13,39.3,28.6,37.3,,,,,,17.3,,,
滨州,ecmwf_ifs025,2025-07-08,5,2025-07-13,38.9,29.3,36.9,,,,,,3.8,,,
滨州,ecmwf_ifs025,2025-07-07,6,2025-07-13,39.4,29.9,37.6,,,,,,12.8,,,
滨州,ecmwf_ifs025,2025-07-06,7,2025-07-13,37.8,28.8,36.6,,,,,,7.8,,,
滨州,gfs_seamless,2025-07-12,1,2025-07-13,37.5,27.5,34.3,,45.0,45.8,14.6,24.8,32.5,,,0.0
滨州,gfs_seamless,2025-07-11,2,2025-07-13,37.8,28.2,34.4,,45.4,45.2,12.8,29.9,39.5,,,0.0
滨州,gfs_seamless,2025-07-10,3,2025-07-13,39.0,29.5,35.1,,47.2,42.7,14.4,38.5,56.1,,,0.0
滨州,gfs_seamless,2025-07-09,4,2025-07-13,41.1,28.9,35.4,,53.6,43.6,14.5,38.5,38.0,,,0.0
滨州,gfs_seamless,2025-07-08,5,2025-07-13,41.3,28.0,34.2,,55.4,45.2,14.9,29.9,30.3,,,0.0
滨州,gfs_seamless,2025-07-07,6,2025-07-13,41.8,27.9,36.2,,51.5,37.7,12.8,35.3,34.1,,,0.0
滨州,gfs_seamless,2025-07-06,7,2025-07-13,41.0,26.8,35.8,,50.6,39.5,12.3,33.1,21.6,,,0.0
滨州,ecmwf_ifs025,2025-07-13,1,2025-07-14,35.4,23.3,30.7,,,,,,20.8,,,
滨州,ecmwf_ifs025,2025-07-12,2,2025-07-14,35.7,23.6,31.1,,,,,,10.7,,,
滨州,ecmwf_ifs025,2025-07-11,3,2025-07-14,37.2,24.5,32.9,,,,,,13.9,,,
滨州,ecmwf_ifs025,2025-07-10,4,2025-07-14,37.4,26.7,34.1,,,,,,26.1,,,
滨州,ecmwf_ifs025,2025-07-09,5,2025-07-14,39.2,27.5,36.3,,,,,,23.7,,,
滨州,ecmwf_ifs025,2025-07-08,6,2025-07-14,41.0,30.4,39.2,,,,,,13.8,,,
滨州,ecmwf_ifs025,2025-07-07,7,2025-07-14,39.1,27.8,36.4,,,,,,10.5,,,
滨州,gfs_seamless,2025-07-13,1,2025-07-14,38.1,25.5,30.6,,41.6,35.2,12.8,32.8,76.5,,,0.0
滨州,gfs_seamless,2025-07-12,2,2025-07-14,38.2,25.6,31.5,,42.3,36.4,11.3,32.4,57.7,,,0.0
滨州,gfs_seamless,2025-07-11,3,2025-07-14,38.2,26.3,32.2,,44.0,40.3,11.9,31.7,52.3,,,0.0
滨州,gfs_seamless,2025-07-10,4,2025-07-14,40.0,28.1,33.2,,46.5,36.8,15.6,51.8,72.8,,,0.0
滨州,gfs_seamless,2025-07-09,5,2025-07-14,39.1,26.0,32.8,,45.0,38.1,14.5,47.9,45.8,,,0.0
滨州,gfs_seamless,2025-07-08,6,2025-07-14,38.5,26.9,31.9,,43.7,38.2,15.4,41.0,79.7,,,0.0
滨州,gfs_seamless,2025-07-07,7,2025-07-14,42.7,30.8,37.6,,51.2,33.8,15.0,29.2,47.8,,,0.0
滨州,ecmwf_ifs025,2025-07-14,1,2025-07-15,30.6,23.2,27.2,,,,,,45.4,,,
滨州,ecmwf_ifs025,2025-07-13,2,2025-07-15,34.9,23.6,27.9,,,,,,39.0,,,
滨州,ecmwf_ifs025,2025-07-12,3,2025-07-15,36.2,24.3,29.6,,,,,,47.9,,,
滨州,ecmwf_ifs025,2025-07-11,4,2025-07-15,39.6,26.3,33.2,,,,,,40.8,,,
滨州,ecmwf_ifs025,2025-07-10,5,2025-07-15,41.0,31.2,38.5,,,,,,27.4,,,
滨州,ecmwf_ifs025,2025-07-09,6,2025-07-15,42.5,32.0,38.1,,,,,,22.0,,,
滨州,ecmwf_ifs025,2025-07-08,7,2025-07-15,36.0,31.3,37.3,,,,,,8.8,,,
滨州,gfs_seamless,2025-07-14,1,2025-07-15,35.9,24.0,28.0,,39.9,42.8,15.1,49.7,77.7,,,0.0
滨州,gfs_seamless,2025-07-13,2,2025-07-15,36.1,24.6,29.9,,40.3,42.6,14.7,33.5,87.5,,,0.0
滨州,gfs_seamless,2025-07-12,3,2025-07-15,38.3,24.1,28.0,,44.0,39.7,16.2,46.8,77.7,,,0.0
滨州,gfs_seamless,2025-07-11,4,2025-07-15,33.1,23.6,27.8,,37.2,52.2,16.2,51.8,84.1,,,0.0
滨州,gfs_seamless,2025-07-10,5,2025-07-15,38.4,25.1,32.1,,56.7,60.4,15.5,46.1,74.0,,,0.0
滨州,gfs_seamless,2025-07-09,6,2025-07-15,33.6,23.3,30.1,,41.4,60.8,13.1,40.7,92.1,,,0.0
滨州,gfs_seamless,2025-07-08,7,2025-07-15,35.8,23.0,32.0,,45.7,56.6,12.9,41.8,70.3,,,0.0
滨州,gfs_seamless,2025-07-15,1,2025-07-16,32.7,23.0,29.2,,,,,42.5,12.8,,,0.0
滨州,gfs_seamless,2025-07-14,2,2025-07-16,34.2,22.2,30.2,,,,,29.2,24.7,,,0.0
滨州,gfs_seamless,2025-07-13,3,2025-07-16,35.8,21.8,29.7,,,,,43.6,35.2,,,0.0
滨州,gfs_seamless,2025-07-12,4,2025-07-16,36.1,21.4,29.9,,,,,27.4,7.5,,,0.0
滨州,gfs_seamless,2025-07-11,5,2025-07-16,32.8,23.8,30.4,,,,,33.5,38.0,,,0.0
滨州,gfs_seamless,2025-07-10,6,2025-07-16,32.5,24.3,29.5,,,,,31.0,19.6,,,0.0
滨州,gfs_seamless,2025-07-09,7,2025-07-16,33.5,21.5,28.3,,,,,34.6,53.5,,,0.0
滨州,jma_seamless,2025-07-15,1,2025-07-16,28.8,22.0,29.4,,34.4,80.9,6.0,,44.5,,2.7,
滨州,jma_seamless,2025-07-14,2,2025-07-16,28.6,24.8,30.5,,33.2,77.5,6.4,,63.7,,3.6,
滨州,jma_seamless,2025-07-13,3,2025-07-16,28.4,23.7,30.4,,32.8,78.3,5.6,,46.2,,3.0,
滨州,jma_seamless,2025-07-12,4,2025-07-16,30.4,24.2,30.8,,37.8,76.3,6.7,,44.6,,1.5,
滨州,jma_seamless,2025-07-11,5,2025-07-16,30.7,26.4,33.1,,37.1,71.0,7.0,,23.4,,0.0,
滨州,jma_seamless,2025-07-10,6,2025-07-16,35.3,25.8,33.2,,45.7,59.4,7.2,,64.4,,0.0,
滨州,jma_seamless,2025-07-09,7,2025-07-16,33.1,27.2,33.9,,41.0,63.2,7.6,,28.5,,0.0,
滨州,gfs_seamless,2025-07-16,1,2025-07-17,34.5,23.1,29.8,,,,,18.7,35.3,,,0.0
滨州,gfs_seamless,2025-07-15,2,2025-07-17,33.2,22.8,29.8,,,,,24.5,44.2,,,0.0
滨州,gfs_seamless,2025-07-14,3,2025-07-17,34.7,22.5,29.5,,,,,26.6,15.0,,,0.0
滨州,gfs_seamless,2025-07-13,4,2025-07-17,34.9,22.4,29.6,,,,,24.8,4.2,,,0.0
滨州,gfs_seamless,2025-07-12,5,2025-07-17,39.1,23.0,30.9,,,,,24.1,4.0,,,0.0
滨州,gfs_seamless,2025-07-11,6,2025-07-17,35.8,23.2,29.7,,,,,35.6,3.9,,,0.0
滨州,gfs_seamless,2025-07-10,7,2025-07-17,36.2,23.5,31.0,,,,,32.4,21.2,,,0.0
滨州,jma_seamless,2025-07-16,1,2025-07-17,33.2,23.7,31.9,,42.6,66.4,2.5,,3.7,,0.0,
滨州,jma_seamless,2025-07-15,2,2025-07-17,33.3,24.8,32.5,,42.8,66.2,3.2,,13.5,,0.0,
滨州,jma_seamless,2025-07-14,3,2025-07-17,33.1,24.3,32.1,,41.8,65.3,3.4,,3.4,,0.0,
滨州,jma_seamless,2025-07-13,4,2025-07-17,35.1,24.6,32.7,,45.7,60.8,3.2,,18.2,,0.0,
滨州,jma_seamless,2025-07-12,5,2025-07-17,36.7,24.9,33.9,,50.7,60.4,4.8,,7.4,,0.0,
滨州,jma_seamless,2025-07-11,6,2025-07-17,35.9,25.4,33.0,,44.6,53.8,6.8,,30.0,,0.0,
滨州,jma_seamless,2025-07-10,7,2025-07-17,38.6,26.4,34.0,,48.0,46.0,6.5,,19.3,,0.0,
滨州,gfs_seamless,2025-07-17,1,2025-07-18,36.0,24.0,31.2,,,,,24.5,26.4,,,0.0
滨州,gfs_seamless,2025-07-16,2,2025-07-18,36.8,23.9,30.9,,,,,28.4,38.0,,,0.0
滨州,gfs_seamless,2025-07-15,3,2025-07-18,36.7,23.5,30.8,,,,,32.8,8.0,,,0.0
滨州,gfs_seamless,2025-07-14,4,2025-07-18,39.8,24.6,32.8,,,,,45.4,33.1,,,0.0
滨州,gfs_seamless,2025-07-13,5,2025-07-18,38.8,23.9,31.5,,,,,47.2,16.1,,,0.0
滨州,gfs_seamless,2025-07-12,6,2025-07-18,40.4,25.3,33.3,,,,,42.8,41.2,,,0.0
滨州,gfs_seamless,2025-07-11,7,2025-07-18,35.5,23.1,30.5,,,,,40.0,14.0,,,0.0
滨州,jma_seamless,2025-07-17,1,2025-07-18,35.4,25.9,33.1,,46.3,60.1,5.3,,10.8,,0.0,
滨州,jma_seamless,2025-07-16,2,2025-07-18,35.0,26.1,33.2,,46.2,62.3,6.2,,1.5,,0.0,
滨州,jma_seamless,2025-07-15,3,2025-07-18,36.0,26.4,33.1,,45.2,54.4,4.9,,7.4,,0.0,
滨州,jma_seamless,2025-07-14,4,2025-07-18,36.6,25.9,33.4,,45.8,52.2,4.9,,12.3,,0.0,
滨州,jma_seamless,2025-07-13,5,2025-07-18,37.8,28.0,34.5,,47.0,48.1,6.3,,25.8,,0.0,
滨州,jma_seamless,2025-07-12,6,2025-07-18,39.2,27.9,35.5,,49.5,45.7,6.9,,26.8,,0.0,
滨州,jma_seamless,2025-07-11,7,2025-07-18,39.0,27.7,34.7,,48.1,44.2,9.4,,32.2,,0.0,
滨州,gfs_seamless,2025-07-18,1,2025-07-19,35.5,24.0,32.0,,,,,36.7,54.7,,,0.0
滨州,gfs_seamless,2025-07-17,2,2025-07-19,36.5,23.9,32.3,,,,,41.4,48.4,,,0.0
滨州,gfs_seamless,2025-07-16,3,2025-07-19,37.2,25.0,32.2,,,,,46.1,55.3,,,0.0
滨州,gfs_seamless,2025-07-15,4,2025-07-19,37.0,25.0,32.0,,,,,39.6,48.0,,,0.0
滨州,gfs_seamless,2025-07-14,5,2025-07-19,39.0,27.2,34.1,,,,,45.0,67.4,,,0.0
滨州,gfs_seamless,2025-07-13,6,2025-07-19,37.2,26.8,31.6,,,,,47.9,75.8,,,0.0
滨州,gfs_seamless,2025-07-12,7,2025-07-19,39.6,27.0,34.9,,,,,45.0,67.1,,,0.0
滨州,jma_seamless,2025-07-18,1,2025-07-19,35.1,24.7,33.6,,47.8,64.8,6.1,,36.4,,0.0,
滨州,jma_seamless,2025-07-17,2,2025-07-19,35.8,25.3,33.7,,47.9,60.7,6.3,,59.0,,0.0,
滨州,jma_seamless,2025-07-16,3,2025-07-19,35.6,25.1,33.7,,47.0,60.3,5.8,,53.5,,0.0,
滨州,jma_seamless,2025-07-15,4,2025-07-19,36.5,27.4,34.2,,46.6,54.3,6.9,,44.8,,0.0,
滨州,jma_seamless,2025-07-14,5,2025-07-19,37.7,28.1,34.5,,45.6,46.0,7.0,,43.2,,0.0,
滨州,jma_seamless,2025-07-13,6,2025-07-19,36.5,28.4,35.3,,43.8,48.7,8.3,,68.8,,0.0,
滨州,jma_seamless,2025-07-12,7,2025-07-19,38.6,27.7,35.8,,50.7,50.5,10.3,,61.8,,0.0,
滨州,gfs_seamless,2025-07-19,1,2025-07-20,38.0,25.4,32.1,,,,,36.4,98.8,,,0.0
滨州,gfs_seamless,2025-07-18,2,2025-07-20,35.4,23.1,32.1,,,,,34.2,98.9,,,0.0
滨州,gfs_seamless,2025-07-17,3,2025-07-20,34.1,24.3,31.2,,,,,37.4,98.1,,,0.0
滨州,gfs_seamless,2025-07-16,4,2025-07-20,36.1,25.5,33.4,,,,,37.8,95.5,,,0.0
滨州,gfs_seamless,2025-07-15,5,2025-07-20,35.4,26.0,32.7,,,,,36.4,97.7,,,0.0
滨州,gfs_seamless,2025-07-14,6,2025-07-20,35.5,23.9,30.7,,,,,41.8,99.9,,,0.0
滨州,gfs_seamless,2025-07-13,7,2025-07-20,33.7,26.6,32.6,,,,,40.0,98.3,,,0.0
滨州,jma_seamless,2025-07-19,1,2025-07-20,36.2,26.7,35.2,,53.1,67.2,7.5,,76.5,,2.1,
滨州,jma_seamless,2025-07-18,2,2025-07-20,34.1,26.7,35.0,,47.8,71.4,7.5,,61.4,,9.9,
滨州,jma_seamless,2025-07-17,3,2025-07-20,33.4,26.6,35.4,,46.1,72.8,7.6,,74.7,,9.0,
滨州,jma_seamless,2025-07-16,4,2025-07-20,35.3,27.7,35.5,,50.2,67.8,9.3,,83.2,,2.4,
滨州,jma_seamless,2025-07-15,5,2025-07-20,36.0,28.7,35.5,,46.1,56.2,6.1,,64.7,,0.6,
滨州,jma_seamless,2025-07-14,6,2025-07-20,33.7,28.9,35.3,,41.4,60.0,5.1,,90.3,,0.0,
滨州,jma_seamless,2025-07-13,7,2025-07-20,31.6,24.7,32.1,,40.7,74.0,5.3,,86.8,,0.9,
滨州,gfs_seamless,2025-07-20,1,2025-07-21,33.7,23.8,31.2,,,,,26.6,93.5,,,0.0
滨州,gfs_seamless,2025-07-19,2,2025-07-21,28.7,22.8,28.9,,,,,33.1,100.0,,,0.0
滨州,gfs_seamless,2025-07-18,3,2025-07-21,27.7,24.0,30.3,,,,,23.4,100.0,,,0.0
滨州,gfs_seamless,2025-07-17,4,2025-07-21,30.3,23.1,28.7,,,,,24.8,98.8,,,0.0
滨州,gfs_seamless,2025-07-16,5,2025-07-21,28.8,22.8,29.2,,,,,36.7,99.9,,,0.0
滨州,gfs_seamless,2025-07-15,6,2025-07-21,30.3,23.8,30.5,,,,,41.4,100.0,,,0.0
滨州,gfs_seamless,2025-07-14,7,2025-07-21,34.6,23.5,31.1,,,,,36.0,84.1,,,0.0
滨州,jma_seamless,2025-07-20,1,2025-07-21,28.9,26.1,33.4,,35.9,86.5,4.5,,80.1,,20.4,
滨州,jma_seamless,2025-07-19,2,2025-07-21,29.4,26.0,33.6,,36.8,83.8,1.8,,79.2,,17.4,
滨州,jma_seamless,2025-07-18,3,2025-07-21,28.3,26.2,33.1,,33.8,85.1,2.9,,77.3,,21.0,
滨州,jma_seamless,2025-07-17,4,2025-07-21,27.4,24.9,32.2,,31.9,90.2,4.5,,72.2,,66.3,
滨州,jma_seamless,2025-07-16,5,2025-07-21,28.9,26.2,32.6,,34.8,81.5,6.1,,90.1,,17.7,
滨州,jma_seamless,2025-07-15,6,2025-07-21,29.3,26.0,33.0,,35.8,81.0,6.0,,74.3,,9.0,
滨州,jma_seamless,2025-07-14,7,2025-07-21,27.3,23.8,29.1,,30.7,82.3,8.0,,81.6,,1.5,
滨州,gfs_seamless,2025-07-21,1,2025-07-22,32.9,24.2,31.7,,,,,37.8,83.3,,,0.0
滨州,gfs_seamless,2025-07-20,2,2025-07-22,31.5,25.1,32.3,,,,,40.0,94.2,,,0.0
滨州,gfs_seamless,2025-07-19,3,2025-07-22,29.8,23.7,30.0,,,,,34.2,91.6,,,0.0
滨州,gfs_seamless,2025-07-18,4,2025-07-22,33.4,22.8,30.5,,,,,33.5,75.9,,,0.0
滨州,gfs_seamless,2025-07-17,5,2025-07-22,31.3,23.1,30.7,,,,,25.2,74.6,,,0.0
滨州,gfs_seamless,2025-07-16,6,2025-07-22,28.7,22.8,30.3,,,,,38.5,92.8,,,0.0
滨州,gfs_seamless,2025-07-15,7,2025-07-22,34.0,23.9,32.2,,,,,35.3,96.5,,,0.0
滨州,jma_seamless,2025-07-21,1,2025-07-22,30.7,25.3,33.6,,41.1,83.5,5.3,,49.9,,16.5,
滨州,jma_seamless,2025-07-20,2,2025-07-22,31.1,25.9,34.2,,42.6,83.7,4.0,,59.8,,26.4,
滨州,jma_seamless,2025-07-19,3,2025-07-22,29.7,26.3,34.1,,38.3,85.7,4.4,,61.2,,18.9,
滨州,jma_seamless,2025-07-18,4,2025-07-22,30.0,25.8,33.6,,39.4,85.9,4.5,,52.5,,22.8,
滨州,jma_seamless,2025-07-17,5,2025-07-22,29.3,25.7,33.5,,36.6,84.0,4.7,,62.1,,18.3,
滨州,jma_seamless,2025-07-16,6,2025-07-22,30.5,26.4,33.9,,40.6,84.1,4.7,,61.2,,17.7,
滨州,jma_seamless,2025-07-15,7,2025-07-22,28.5,25.1,32.7,,34.4,85.5,3.1,,64.8,,22.2,
滨州,gfs_seamless,2025-07-22,1,2025-07-23,34.2,25.1,32.4,,,,,42.1,65.8,,,0.0
滨州,gfs_seamless,2025-07-21,2,2025-07-23,34.1,24.9,32.4,,,,,43.9,68.0,,,0.0
滨州,gfs_seamless,2025-07-20,3,2025-07-23,36.3,24.8,33.1,,,,,41.8,85.3,,,0.0
滨州,gfs_seamless,2025-07-19,4,2025-07-23,29.0,24.4,30.3,,,,,39.2,75.2,,,0.0
滨州,gfs_seamless,2025-07-18,5,2025-07-23,35.6,23.9,32.7,,,,,42.8,53.7,,,0.0
滨州,gfs_seamless,2025-07-17,6,2025-07-23,34.7,22.7,31.9,,,,,31.7,43.0,,,0.0
滨州,gfs_seamless,2025-07-16,7,2025-07-23,34.2,23.4,33.3,,,,,24.1,17.9,,,0.0
滨州,jma_seamless,2025-07-22,1,2025-07-23,31.4,26.2,34.2,,43.4,83.0,6.8,,49.3,,23.1,
滨州,jma_seamless,2025-07-21,2,2025-07-23,29.3,26.5,34.1,,37.1,86.1,6.1,,70.1,,37.5,
滨州,jma_seamless,2025-07-20,3,2025-07-23,30.8,26.5,34.4,,41.1,82.6,6.7,,41.3,,10.2,
滨州,jma_seamless,2025-07-19,4,2025-07-23,32.4,26.3,34.4,,44.3,76.5,6.6,,43.0,,2.7,
滨州,jma_seamless,2025-07-18,5,2025-07-23,32.2,26.7,33.9,,44.1,77.8,7.8,,25.6,,3.0,
滨州,jma_seamless,2025-07-17,6,2025-07-23,33.2,26.4,34.7,,46.3,74.8,8.0,,33.9,,0.9,
滨州,jma_seamless,2025-07-16,7,2025-07-23,31.8,26.4,34.6,,42.6,77.4,6.6,,45.4,,1.2,
滨州,gfs_seamless,2025-07-23,1,2025-07-24,35.5,25.2,33.5,,,,,41.8,36.7,,,0.0
滨州,gfs_seamless,2025-07-22,2,2025-07-24,36.0,25.2,33.2,,,,,42.1,38.3,,,0.0
滨州,gfs_seamless,2025-07-21,3,2025-07-24,36.5,25.3,33.2,,,,,43.2,7.9,,,0.0
滨州,gfs_seamless,2025-07-20,4,2025-07-24,37.9,25.1,33.2,,,,,37.1,14.9,,,0.0
滨州,gfs_seamless,2025-07-19,5,2025-07-24,35.1,23.5,32.5,,,,,33.5,24.6,,,0.0
滨州,gfs_seamless,2025-07-18,6,2025-07-24,35.4,23.8,31.8,,,,,30.6,16.8,,,0.0
滨州,gfs_seamless,2025-07-17,7,2025-07-24,35.4,24.3,32.2,,,,,28.8,3.5,,,0.0
滨州,jma_seamless,2025-07-23,1,2025-07-24,33.2,27.5,35.0,,45.4,72.8,9.3,,45.8,,0.3,
滨州,jma_seamless,2025-07-22,2,2025-07-24,34.6,27.8,35.1,,48.3,69.0,9.2,,43.5,,0.0,
滨州,jma_seamless,2025-07-21,3,2025-07-24,34.0,27.7,35.0,,46.3,69.1,9.4,,32.3,,0.3,
滨州,jma_seamless,2025-07-20,4,2025-07-24,33.8,27.1,34.5,,45.4,68.6,8.9,,31.6,,0.0,
滨州,jma_seamless,2025-07-19,5,2025-07-24,31.6,27.3,33.5,,39.5,70.7,9.4,,45.8,,0.6,
滨州,jma_seamless,2025-07-18,6,2025-07-24,30.5,26.6,33.4,,37.9,75.8,8.5,,46.8,,1.8,
滨州,jma_seamless,2025-07-17,7,2025-07-24,34.7,27.1,34.9,,48.3,68.3,7.9,,6.2,,0.0,
滨州,gfs_seamless,2025-07-24,1,2025-07-25,37.3,24.2,33.0,,,,,37.8,37.1,,,0.0
滨州,gfs_seamless,2025-07-23,2,2025-07-25,35.0,24.8,33.2,,,,,35.6,31.4,,,0.0
滨州,gfs_seamless,2025-07-22,3,2025-07-25,35.9,24.4,32.3,,,,,38.9,51.5,,,0.0
滨州,gfs_seamless,2025-07-21,4,2025-07-25,36.5,24.5,31.9,,,,,34.9,16.8,,,0.0
滨州,gfs_seamless,2025-07-20,5,2025-07-25,37.9,23.8,31.6,,,,,33.5,17.5,,,0.0
滨州,gfs_seamless,2025-07-19,6,2025-07-25,36.0,24.3,32.0,,,,,26.6,33.4,,,0.0
滨州,gfs_seamless,2025-07-18,7,2025-07-25,35.1,24.9,31.4,,,,,41.4,0.2,,,0.0
滨州,jma_seamless,2025-07-24,1,2025-07-25,35.4,27.2,35.0,,49.8,66.5,10.1,,55.4,,0.0,
滨州,jma_seamless,2025-07-23,2,2025-07-25,35.0,27.1,34.6,,48.1,66.0,9.1,,57.9,,0.0,
滨州,jma_seamless,2025-07-22,3,2025-07-25,34.6,27.4,35.0,,47.5,67.4,9.2,,34.5,,0.0,
滨州,jma_seamless,2025-07-21,4,2025-07-25,34.0,27.0,34.5,,46.2,68.8,9.5,,46.5,,0.0,
滨州,jma_seamless,2025-07-20,5,2025-07-25,34.5,27.2,34.8,,47.0,67.0,8.2,,24.7,,0.0,
滨州,jma_seamless,2025-07-19,6,2025-07-25,33.9,27.1,34.9,,46.1,69.3,8.9,,30.5,,0.0,
滨州,jma_seamless,2025-07-18,7,2025-07-25,34.9,27.2,35.3,,48.5,67.4,7.8,,21.5,,0.0,
滨州,gfs_seamless,2025-07-25,1,2025-07-26,37.6,25.3,33.6,,,,,40.0,56.0,,,0.0
滨州,gfs_seamless,2025-07-24,2,2025-07-26,38.0,25.3,33.8,,,,,36.7,27.4,,,0.0
滨州,gfs_seamless,2025-07-23,3,2025-07-26,35.5,24.2,32.7,,,,,32.4,1.6,,,0.0
滨州,gfs_seamless,2025-07-22,4,2025-07-26,36.8,23.9,32.2,,,,,33.8,17.2,,,0.0
滨州,gfs_seamless,2025-07-21,5,2025-07-26,37.0,24.3,32.1,,,,,31.7,16.1,,,0.0
滨州,gfs_seamless,2025-07-20,6,2025-07-26,37.5,24.7,32.7,,,,,33.1,61.2,,,0.0
滨州,gfs_seamless,2025-07-19,7,2025-07-26,36.0,23.9,30.5,,,,,35.3,14.0,,,0.0
滨州,jma_seamless,2025-07-25,1,2025-07-26,35.7,26.9,35.0,,50.1,65.2,8.8,,1.1,,0.0,
滨州,jma_seamless,2025-07-24,2,2025-07-26,35.1,26.6,34.4,,48.6,66.2,8.8,,26.8,,0.0,
滨州,jma_seamless,2025-07-23,3,2025-07-26,34.5,26.7,34.3,,46.9,66.8,8.5,,10.8,,0.0,
滨州,jma_seamless,2025-07-22,4,2025-07-26,35.0,27.1,34.6,,48.2,66.1,8.8,,1.3,,0.0,
滨州,jma_seamless,2025-07-21,5,2025-07-26,34.4,27.6,35.0,,47.0,67.7,8.5,,18.3,,0.0,
滨州,jma_seamless,2025-07-20,6,2025-07-26,34.8,27.9,35.4,,47.0,65.2,7.8,,14.7,,0.0,
滨州,jma_seamless,2025-07-19,7,2025-07-26,34.6,28.1,35.6,,46.6,65.7,8.2,,23.4,,0.0,
滨州,gfs_seamless,2025-07-26,1,2025-07-27,36.7,25.4,34.0,,,,,32.4,0.6,,,0.0
滨州,gfs_seamless,2025-07-25,2,2025-07-27,37.9,24.7,34.3,,,,,38.5,0.2,,,0.0
滨州,gfs_seamless,2025-07-24,3,2025-07-27,38.4,24.3,33.6,,,,,36.0,6.3,,,0.0
滨州,gfs_seamless,2025-07-23,4,2025-07-27,35.6,24.5,33.0,,,,,33.8,1.6,,,0.0
滨州,gfs_seamless,2025-07-22,5,2025-07-27,37.0,24.7,31.8,,,,,28.1,16.5,,,0.0
滨州,gfs_seamless,2025-07-21,6,2025-07-27,34.2,24.8,31.0,,,,,35.6,31.0,,,0.0
滨州,gfs_seamless,2025-07-20,7,2025-07-27,37.7,25.2,31.9,,,,,31.0,47.0,,,0.0
滨州,jma_seamless,2025-07-26,1,2025-07-27,35.9,27.9,36.2,,49.6,63.2,6.1,,10.0,,0.0,
滨州,jma_seamless,2025-07-25,2,2025-07-27,35.6,27.1,34.9,,48.5,63.1,7.0,,0.2,,0.0,
滨州,jma_seamless,2025-07-24,3,2025-07-27,35.0,27.2,35.0,,47.7,65.2,6.5,,12.8,,0.0,
滨州,jma_seamless,2025-07-23,4,2025-07-27,33.0,27.2,34.7,,43.1,69.2,8.3,,18.2,,0.0,
滨州,jma_seamless,2025-07-22,5,2025-07-27,30.6,26.9,33.9,,38.5,76.8,8.3,,34.5,,0.6,
滨州,jma_seamless,2025-07-21,6,2025-07-27,34.0,26.7,33.9,,45.8,68.1,7.4,,18.5,,0.3,
滨州,jma_seamless,2025-07-20,7,2025-07-27,29.7,27.2,32.2,,34.7,71.7,8.0,,63.2,,0.3,
滨州,gfs_seamless,2025-07-27,1,2025-07-28,36.2,25.6,33.7,,,,,42.1,31.8,,,0.0
滨州,gfs_seamless,2025-07-26,2,2025-07-28,36.8,26.0,33.6,,,,,40.7,33.6,,,0.0
滨州,gfs_seamless,2025-07-25,3,2025-07-28,38.7,27.4,35.5,,,,,41.0,14.5,,,0.0
滨州,gfs_seamless,2025-07-24,4,2025-07-28,39.6,25.3,34.0,,,,,33.5,58.9,,,0.0
滨州,gfs_seamless,2025-07-23,5,2025-07-28,36.1,25.4,32.8,,,,,36.4,25.6,,,0.0
滨州,gfs_seamless,2025-07-22,6,2025-07-28,31.7,23.8,30.9,,,,,40.0,53.5,,,0.0
滨州,gfs_seamless,2025-07-21,7,2025-07-28,34.9,25.9,32.3,,,,,38.5,46.5,,,0.0
滨州,jma_seamless,2025-07-27,1,2025-07-28,37.5,28.6,36.4,,51.7,57.7,8.6,,2.4,,0.0,
滨州,jma_seamless,2025-07-26,2,2025-07-28,36.6,27.5,35.4,,50.8,61.2,8.9,,7.1,,0.0,
滨州,jma_seamless,2025-07-25,3,2025-07-28,35.9,27.4,35.2,,50.7,65.0,7.8,,6.8,,0.0,
滨州,jma_seamless,2025-07-24,4,2025-07-28,35.9,27.7,35.2,,49.0,62.2,7.9,,10.4,,0.0,
滨州,jma_seamless,2025-07-23,5,2025-07-28,32.7,27.3,34.6,,41.6,67.6,6.9,,32.0,,0.0,
滨州,jma_seamless,2025-07-22,6,2025-07-28,33.6,26.9,35.3,,49.7,78.5,5.3,,40.8,,12.9,
滨州,jma_seamless,2025-07-21,7,2025-07-28,33.5,26.7,34.7,,47.1,74.2,6.4,,42.2,,1.2,
滨州,gfs_seamless,2025-07-28,1,2025-07-29,34.4,23.2,32.1,,,,,37.8,82.1,,,0.0
滨州,gfs_seamless,2025-07-27,2,2025-07-29,36.7,24.9,34.3,,,,,36.4,32.3,,,0.0
滨州,gfs_seamless,2025-07-26,3,2025-07-29,37.2,24.2,33.2,,,,,35.3,44.0,,,0.0
滨州,gfs_seamless,2025-07-25,4,2025-07-29,38.2,27.3,34.5,,,,,34.6,35.0,,,0.0
滨州,gfs_seamless,2025-07-24,5,2025-07-29,40.2,24.9,33.7,,,,,34.2,8.4,,,0.0
滨州,gfs_seamless,2025-07-23,6,2025-07-29,34.8,24.9,32.1,,,,,38.9,46.0,,,0.0
滨州,gfs_seamless,2025-07-22,7,2025-07-29,32.6,23.8,29.5,,,,,38.2,71.6,,,0.0
滨州,jma_seamless,2025-07-28,1,2025-07-29,33.6,26.7,35.0,,46.3,71.9,8.6,,42.6,,7.8,
滨州,jma_seamless,2025-07-27,2,2025-07-29,34.1,26.8,34.7,,47.9,71.6,7.0,,52.8,,9.0,
滨州,jma_seamless,2025-07-26,3,2025-07-29,35.5,28.1,35.6,,48.8,64.1,7.6,,31.7,,1.8,
滨州,jma_seamless,2025-07-25,4,2025-07-29,33.6,27.9,35.4,,45.8,70.8,7.7,,23.1,,0.0,
滨州,jma_seamless,2025-07-24,5,2025-07-29,36.1,28.2,36.0,,51.9,65.8,7.1,,15.6,,1.5,
滨州,jma_seamless,2025-07-23,6,2025-07-29,35.0,26.7,35.2,,49.5,68.5,7.9,,49.8,,3.6,
滨州,jma_seamless,2025-07-22,7,2025-07-29,32.8,27.0,35.4,,48.4,82.1,5.8,,48.8,,9.6,
滨州,ecmwf_ifs025,2025-07-29,1,2025-07-30,30.8,23.3,31.6,,41.1,82.6,8.5,,28.9,,,
滨州,ecmwf_ifs025,2025-07-28,2,2025-07-30,31.5,24.7,33.2,,44.5,84.8,5.0,,27.5,,,
滨州,ecmwf_ifs025,2025-07-27,3,2025-07-30,32.8,26.2,33.9,,42.5,69.2,8.5,,22.0,,,
滨州,ecmwf_ifs025,2025-07-26,4,2025-07-30,33.4,23.9,33.2,,45.1,70.8,12.6,,9.6,,,
滨州,ecmwf_ifs025,2025-07-25,5,2025-07-30,33.0,25.6,33.1,,43.9,70.9,10.8,,34.5,,,
滨州,ecmwf_ifs025,2025-07-24,6,2025-07-30,33.6,24.9,33.2,,47.2,73.6,10.4,,17.2,,,
滨州,ecmwf_ifs025,2025-07-23,7,2025-07-30,31.4,24.2,31.0,,41.8,78.8,13.8,,43.6,,,
滨州,jma_seamless,2025-07-29,1,2025-07-30,31.1,25.9,33.5,,,,,,40.6,,4.8,0.0
滨州,jma_seamless,2025-07-28,2,2025-07-30,30.8,26.5,34.8,,,,,,50.5,,9.0,0.0
滨州,jma_seamless,2025-07-27,3,2025-07-30,31.5,25.9,34.5,,,,,,39.9,,3.0,0.0
滨州,jma_seamless,2025-07-26,4,2025-07-30,32.9,27.2,34.6,,,,,,24.8,,0.6,0.0
滨州,jma_seamless,2025-07-25,5,2025-07-30,32.5,27.2,35.5,,,,,,53.1,,2.1,0.0
滨州,jma_seamless,2025-07-24,6,2025-07-30,31.6,28.4,35.8,,,,,,28.0,,4.2,0.0
滨州,jma_seamless,2025-07-23,7,2025-07-30,34.4,27.5,35.6,,,,,,23.7,,2.4,0.0
滨州,ecmwf_ifs025,2025-07-30,1,2025-07-31,31.3,23.0,32.0,,43.1,83.2,10.1,,22.2,,,
滨州,ecmwf_ifs025,2025-07-29,2,2025-07-31,30.3,23.7,31.4,,39.3,82.3,12.6,,19.0,,,
滨州,ecmwf_ifs025,2025-07-28,3,2025-07-31,32.9,23.9,33.1,,47.3,79.0,8.5,,6.2,,,
滨州,ecmwf_ifs025,2025-07-27,4,2025-07-31,34.4,24.4,32.9,,45.5,64.8,10.3,,1.3,,,
滨州,ecmwf_ifs025,2025-07-26,5,2025-07-31,32.7,23.7,31.6,,42.5,70.0,13.7,,7.2,,,
滨州,ecmwf_ifs025,2025-07-25,6,2025-07-31,32.9,24.5,32.6,,44.0,71.9,9.3,,9.8,,,
滨州,ecmwf_ifs025,2025-07-24,7,2025-07-31,33.8,23.0,32.0,,47.0,71.9,10.1,,28.5,,,
滨州,jma_seamless,2025-07-30,1,2025-07-31,32.6,24.9,33.1,,,,,,18.2,,0.0,0.0
滨州,jma_seamless,2025-07-29,2,2025-07-31,34.2,27.1,34.3,,,,,,18.8,,0.0,0.0
滨州,jma_seamless,2025-07-28,3,2025-07-31,34.0,27.4,34.2,,,,,,30.5,,0.0,0.0
滨州,jma_seamless,2025-07-27,4,2025-07-31,30.4,25.9,32.5,,,,,,67.9,,0.6,0.0
滨州,jma_seamless,2025-07-26,5,2025-07-31,31.1,26.4,31.9,,,,,,52.0,,-0.6,0.0
滨州,jma_seamless,2025-07-25,6,2025-07-31,33.7,25.4,34.5,,,,,,59.7,,0.0,0.0
滨州,jma_seamless,2025-07-24,7,2025-07-31,32.3,27.1,34.6,,,,,,40.9,,0.9,0.0
滨州,ecmwf_ifs025,2025-07-31,1,2025-08-01,31.8,24.2,33.5,,45.0,83.2,7.3,,41.9,,,
滨州,ecmwf_ifs025,2025-07-30,2,2025-08-01,30.5,24.0,31.8,,40.8,84.8,8.7,,44.5,,,
滨州,ecmwf_ifs025,2025-07-29,3,2025-08-01,29.1,24.2,31.2,,36.7,87.3,10.2,,64.1,,,
滨州,ecmwf_ifs025,2025-07-28,4,2025-08-01,32.0,23.7,31.9,,43.9,78.9,10.5,,13.6,,,
滨州,ecmwf_ifs025,2025-07-27,5,2025-08-01,35.1,25.0,32.2,,48.3,65.8,13.3,,19.5,,,
滨州,ecmwf_ifs025,2025-07-26,6,2025-08-01,31.9,22.7,30.0,,41.3,73.1,16.8,,39.2,,,
滨州,ecmwf_ifs025,2025-07-25,7,2025-08-01,34.9,24.8,32.6,,47.7,65.9,9.6,,2.9,,,
滨州,jma_seamless,2025-07-31,1,2025-08-01,30.8,26.8,34.5,,,,,,48.7,,0.0,0.0
滨州,jma_seamless,2025-07-30,2,2025-08-01,28.8,27.0,33.1,,,,,,63.3,,10.8,0.0
滨州,jma_seamless,2025-07-29,3,2025-08-01,28.7,26.7,32.9,,,,,,57.2,,1.8,0.0
滨州,jma_seamless,2025-07-28,4,2025-08-01,29.3,27.1,33.4,,,,,,57.9,,6.6,0.0
滨州,jma_seamless,2025-07-27,5,2025-08-01,28.3,24.3,29.5,,,,,,64.8,,3.0,0.0
滨州,jma_seamless,2025-07-26,6,2025-08-01,33.1,23.6,32.1,,,,,,12.8,,0.0,0.0
滨州,jma_seamless,2025-07-25,7,2025-08-01,32.4,26.1,33.9,,,,,,40.2,,0.0,0.0
滨州,ecmwf_ifs025,2025-08-01,1,2025-08-02,32.9,25.3,34.7,,47.2,78.9,8.4,,21.0,,,
滨州,ecmwf_ifs025,2025-07-31,2,2025-08-02,33.4,25.4,35.0,,50.7,81.7,9.4,,17.6,,,
滨州,ecmwf_ifs025,2025-07-30,3,2025-08-02,33.6,23.7,34.0,,50.7,80.2,8.9,,27.6,,,
滨州,ecmwf_ifs025,2025-07-29,4,2025-08-02,32.4,24.9,33.9,,46.9,82.2,8.2,,22.7,,,
滨州,ecmwf_ifs025,2025-07-28,5,2025-08-02,32.7,23.3,33.5,,47.2,80.5,8.4,,24.8,,,
滨州,ecmwf_ifs025,2025-07-27,6,2025-08-02,33.8,25.8,33.4,,46.4,70.7,10.4,,25.5,,,
滨州,ecmwf_ifs025,2025-07-26,7,2025-08-02,33.9,25.2,35.0,,49.5,75.9,8.4,,30.8,,,
滨州,jma_seamless,2025-08-01,1,2025-08-02,32.1,26.7,35.4,,,,,,17.4,,0.0,0.0
滨州,jma_seamless,2025-07-31,2,2025-08-02,31.7,26.6,35.3,,,,,,17.7,,0.6,0.0
滨州,jma_seamless,2025-07-30,3,2025-08-02,30.5,26.5,34.6,,,,,,21.1,,1.2,0.0
滨州,jma_seamless,2025-07-29,4,2025-08-02,30.1,27.0,33.5,,,,,,33.1,,1.2,0.0
滨州,jma_seamless,2025-07-28,5,2025-08-02,29.4,25.8,31.6,,,,,,48.2,,1.2,0.0
滨州,jma_seamless,2025-07-27,6,2025-08-02,30.7,24.8,31.2,,,,,,44.1,,0.9,0.0
滨州,jma_seamless,2025-07-26,7,2025-08-02,31.9,26.0,33.0,,,,,,10.0,,0.0,0.0
滨州,ecmwf_ifs025,2025-08-02,1,2025-08-03,34.0,25.5,35.6,,49.8,75.8,5.9,,8.8,,,
滨州,ecmwf_ifs025,2025-08-01,2,2025-08-03,34.3,25.9,36.1,,51.5,76.7,6.5,,15.0,,,
滨州,ecmwf_ifs025,2025-07-31,3,2025-08-03,33.7,25.9,36.0,,50.5,79.1,7.8,,18.7,,,
滨州,ecmwf_ifs025,2025-07-30,4,2025-08-03,34.8,25.9,35.6,,54.0,77.4,8.9,,20.2,,,
滨州,ecmwf_ifs025,2025-07-29,5,2025-08-03,33.0,24.9,34.5,,48.2,80.1,10.6,,19.7,,,
滨州,ecmwf_ifs025,2025-07-28,6,2025-08-03,34.0,27.0,34.6,,49.1,74.5,10.2,,35.1,,,
滨州,ecmwf_ifs025,2025-07-27,7,2025-08-03,36.3,27.1,36.1,,54.4,68.6,11.2,,21.1,,,
滨州,jma_seamless,2025-08-02,1,2025-08-03,32.6,27.7,36.1,,,,,,25.6,,1.8,0.0
滨州,jma_seamless,2025-08-01,2,2025-08-03,34.5,27.6,36.4,,,,,,38.7,,0.3,0.0
滨州,jma_seamless,2025-07-31,3,2025-08-03,33.0,27.3,35.9,,,,,,19.0,,0.0,0.0
滨州,jma_seamless,2025-07-30,4,2025-08-03,30.8,26.4,34.4,,,,,,33.3,,0.0,0.0
滨州,jma_seamless,2025-07-29,5,2025-08-03,29.6,26.5,33.1,,,,,,60.5,,1.2,0.0
滨州,jma_seamless,2025-07-28,6,2025-08-03,29.9,25.7,32.8,,,,,,50.3,,0.3,0.0
滨州,jma_seamless,2025-07-27,7,2025-08-03,29.8,26.1,33.3,,,,,,31.6,,1.2,0.0
滨州,ecmwf_ifs025,2025-08-03,1,2025-08-04,32.8,25.6,33.6,,47.4,80.0,9.5,,69.2,,,
滨州,ecmwf_ifs025,2025-08-02,2,2025-08-04,33.9,25.7,34.7,,50.2,77.2,9.2,,67.1,,,
滨州,ecmwf_ifs025,2025-08-01,3,2025-08-04,34.3,25.7,34.6,,51.9,77.3,9.1,,58.3,,,
滨州,ecmwf_ifs025,2025-07-31,4,2025-08-04,34.6,25.7,34.6,,51.5,74.7,8.9,,55.8,,,
滨州,ecmwf_ifs025,2025-07-30,5,2025-08-04,35.7,26.8,36.2,,55.6,74.0,10.9,,42.2,,,
滨州,ecmwf_ifs025,2025-07-29,6,2025-08-04,33.8,26.2,35.6,,51.3,79.8,9.2,,40.0,,,
滨州,ecmwf_ifs025,2025-07-28,7,2025-08-04,36.4,27.5,37.4,,56.2,70.6,6.1,,37.7,,,
滨州,jma_seamless,2025-08-03,1,2025-08-04,31.8,27.8,34.9,,,,,,57.8,,0.0,0.0
滨州,jma_seamless,2025-08-02,2,2025-08-04,31.1,27.4,34.8,,,,,,61.6,,0.3,0.0
滨州,jma_seamless,2025-08-01,3,2025-08-04,32.8,27.5,35.6,,,,,,45.7,,0.6,0.0
滨州,jma_seamless,2025-07-31,4,2025-08-04,33.5,26.9,34.6,,,,,,33.8,,0.0,0.0
滨州,jma_seamless,2025-07-30,5,2025-08-04,33.0,27.4,36.2,,,,,,27.2,,0.0,0.0
滨州,jma_seamless,2025-07-29,6,2025-08-04,33.2,26.9,36.0,,,,,,28.1,,0.6,0.0
滨州,jma_seamless,2025-07-28,7,2025-08-04,34.8,25.3,35.9,,,,,,28.5,,0.0,0.0
滨州,ecmwf_ifs025,2025-08-04,1,2025-08-05,31.7,25.9,34.3,,47.6,90.0,7.0,,77.2,,,
滨州,ecmwf_ifs025,2025-08-03,2,2025-08-05,31.8,26.2,33.8,,47.2,88.2,6.9,,74.7,,,
滨州,ecmwf_ifs025,2025-08-02,3,2025-08-05,31.3,25.1,33.6,,45.0,87.7,7.6,,72.2,,,
滨州,ecmwf_ifs025,2025-08-01,4,2025-08-05,32.7,24.9,34.0,,48.7,83.4,6.3,,57.2,,,
滨州,ecmwf_ifs025,2025-07-31,5,2025-08-05,36.0,26.2,36.7,,65.0,84.9,7.7,,48.3,,,
滨州,ecmwf_ifs025,2025-07-30,6,2025-08-05,36.0,28.2,38.3,,57.2,74.5,5.6,,31.7,,,
滨州,ecmwf_ifs025,2025-07-29,7,2025-08-05,35.9,26.7,38.5,,57.8,76.0,5.7,,55.5,,,
滨州,jma_seamless,2025-08-04,1,2025-08-05,30.7,27.3,35.8,,,,,,53.7,,34.2,0.0
滨州,jma_seamless,2025-08-03,2,2025-08-05,30.7,26.5,34.6,,,,,,86.8,,19.2,0.0
滨州,jma_seamless,2025-08-02,3,2025-08-05,30.7,27.6,35.7,,,,,,56.5,,13.8,0.0
滨州,jma_seamless,2025-08-01,4,2025-08-05,33.9,27.7,36.7,,,,,,52.9,,12.3,0.0
滨州,jma_seamless,2025-07-31,5,2025-08-05,37.3,28.0,37.9,,,,,,46.8,,9.9,0.0
滨州,jma_seamless,2025-07-30,6,2025-08-05,38.4,28.3,38.9,,,,,,32.6,,0.0,0.0
滨州,jma_seamless,2025-07-29,7,2025-08-05,37.2,29.3,38.3,,,,,,28.1,,0.0,0.0
滨州,ecmwf_ifs025,2025-08-05,1,2025-08-06,33.5,25.4,36.1,,52.1,83.5,5.0,,32.1,,,
滨州,ecmwf_ifs025,2025-08-04,2,2025-08-06,33.3,26.0,35.9,,51.6,84.1,4.3,,24.2,,,
滨州,ecmwf_ifs025,2025-08-03,3,2025-08-06,33.9,25.6,35.3,,52.3,80.9,6.0,,37.7,,,
滨州,ecmwf_ifs025,2025-08-02,4,2025-08-06,33.4,24.2,33.5,,49.3,79.1,5.3,,17.7,,,
滨州,ecmwf_ifs025,2025-08-01,5,2025-08-06,30.8,24.8,33.6,,43.2,88.3,9.2,,54.9,,,
滨州,ecmwf_ifs025,2025-07-31,6,2025-08-06,30.5,26.7,33.4,,38.0,76.1,12.0,,12.8,,,
滨州,ecmwf_ifs025,2025-07-30,7,2025-08-06,34.9,27.3,35.4,,49.5,69.2,9.9,,24.6,,,
滨州,jma_seamless,2025-08-05,1,2025-08-06,32.2,27.3,36.2,,,,,,13.7,,1.2,0.0
滨州,jma_seamless,2025-08-04,2,2025-08-06,34.2,27.4,37.3,,,,,,14.0,,4.8,0.0
滨州,jma_seamless,2025-08-03,3,2025-08-06,32.5,26.9,35.7,,,,,,45.2,,8.4,0.0
滨州,jma_seamless,2025-08-02,4,2025-08-06,29.4,27.3,35.2,,,,,,48.6,,21.9,0.0
滨州,jma_seamless,2025-08-01,5,2025-08-06,33.4,27.9,37.2,,,,,,38.6,,14.7,0.0
滨州,jma_seamless,2025-07-31,6,2025-08-06,37.2,27.8,39.2,,,,,,27.0,,0.0,0.0
滨州,jma_seamless,2025-07-30,7,2025-08-06,36.4,30.4,40.1,,,,,,51.8,,0.9,0.0
滨州,ecmwf_ifs025,2025-08-06,1,2025-08-07,32.8,25.1,33.8,,47.4,80.0,7.6,,20.4,,,
滨州,ecmwf_ifs025,2025-08-05,2,2025-08-07,32.1,25.2,34.0,,46.6,84.2,8.2,,37.2,,,
滨州,ecmwf_ifs025,2025-08-04,3,2025-08-07,30.7,24.4,32.1,,39.9,80.1,10.9,,17.5,,,
滨州,ecmwf_ifs025,2025-08-03,4,2025-08-07,31.9,24.0,31.3,,42.2,75.5,9.3,,30.6,,,
滨州,ecmwf_ifs025,2025-08-02,5,2025-08-07,32.3,22.8,32.1,,44.5,77.7,6.0,,7.8,,,
滨州,ecmwf_ifs025,2025-08-01,6,2025-08-07,31.6,23.7,32.4,,41.8,77.2,6.7,,3.8,,,
滨州,ecmwf_ifs025,2025-07-31,7,2025-08-07,34.4,21.9,31.4,,46.0,65.8,7.2,,0.3,,,
滨州,jma_seamless,2025-08-06,1,2025-08-07,31.9,26.9,34.6,,,,,,32.6,,0.0,0.0
滨州,jma_seamless,2025-08-05,2,2025-08-07,31.8,26.7,33.9,,,,,,49.8,,0.0,0.0
滨州,jma_seamless,2025-08-04,3,2025-08-07,32.5,27.4,33.8,,,,,,24.6,,0.0,0.0
滨州,jma_seamless,2025-08-03,4,2025-08-07,33.7,25.6,33.0,,,,,,34.9,,0.0,0.0
滨州,jma_seamless,2025-08-02,5,2025-08-07,31.1,25.6,31.3,,,,,,9.3,,0.0,0.0
滨州,jma_seamless,2025-08-01,6,2025-08-07,33.5,27.1,34.5,,,,,,13.9,,0.0,0.0
滨州,jma_seamless,2025-07-31,7,2025-08-07,35.2,26.3,35.0,,,,,,11.7,,0.9,0.0
滨州,ecmwf_ifs025,2025-08-07,1,2025-08-08,33.2,24.8,32.8,,47.9,77.9,9.2,,46.9,,,
滨州,ecmwf_ifs025,2025-08-06,2,2025-08-08,31.8,23.5,31.3,,42.3,76.6,13.2,,53.6,,,
滨州,ecmwf_ifs025,2025-08-05,3,2025-08-08,30.1,22.8,29.8,,39.0,83.3,9.8,,58.8,,,
滨州,ecmwf_ifs025,2025-08-04,4,2025-08-08,28.5,22.6,30.0,,34.5,85.6,5.3,,68.5,,,
滨州,ecmwf_ifs025,2025-08-03,5,2025-08-08,30.1,21.4,29.3,,37.5,78.5,5.5,,50.7,,,
滨州,ecmwf_ifs025,2025-08-02,6,2025-08-08,29.9,22.7,30.6,,37.6,81.0,6.4,,55.2,,,
滨州,ecmwf_ifs025,2025-08-01,7,2025-08-08,30.2,21.0,30.9,,38.9,81.9,5.1,,49.8,,,
滨州,jma_seamless,2025-08-07,1,2025-08-08,31.4,26.4,32.9,,,,,,64.5,,1.2,0.0
滨州,jma_seamless,2025-08-06,2,2025-08-08,30.6,25.4,33.4,,,,,,68.1,,12.0,0.0
滨州,jma_seamless,2025-08-05,3,2025-08-08,30.3,25.6,30.9,,,,,,72.2,,0.0,0.0
滨州,jma_seamless,2025-08-04,4,2025-08-08,28.9,25.6,30.2,,,,,,75.2,,0.6,0.0
滨州,jma_seamless,2025-08-03,5,2025-08-08,31.8,24.4,30.8,,,,,,66.3,,0.0,0.0
滨州,jma_seamless,2025-08-02,6,2025-08-08,30.7,25.1,30.8,,,,,,52.2,,0.0,0.0
滨州,jma_seamless,2025-08-01,7,2025-08-08,33.3,24.5,32.1,,,,,,53.8,,0.3,0.0
滨州,ecmwf_ifs025,2025-08-08,1,2025-08-09,28.7,23.4,30.2,,35.0,85.4,13.3,,49.8,,,
滨州,ecmwf_ifs025,2025-08-07,2,2025-08-09,29.4,22.9,30.0,,36.9,84.0,13.9,,46.5,,,
滨州,ecmwf_ifs025,2025-08-06,3,2025-08-09,29.5,23.0,29.1,,37.2,84.0,13.6,,34.1,,,
滨州,ecmwf_ifs025,2025-08-05,4,2025-08-09,27.5,23.6,29.3,,31.4,84.2,7.3,,47.1,,,
滨州,ecmwf_ifs025,2025-08-04,5,2025-08-09,29.9,22.6,31.4,,37.1,79.0,4.7,,16.1,,,
滨州,ecmwf_ifs025,2025-08-03,6,2025-08-09,28.2,23.2,29.8,,32.8,81.4,5.7,,39.3,,,
滨州,ecmwf_ifs025,2025-08-02,7,2025-08-09,28.2,22.1,27.8,,32.6,80.1,12.1,,30.4,,,
滨州,jma_seamless,2025-08-08,1,2025-08-09,27.9,23.7,30.3,,,,,,60.7,,7.8,0.0
滨州,jma_seamless,2025-08-07,2,2025-08-09,25.6,23.7,29.4,,,,,,90.5,,15.0,0.0
滨州,jma_seamless,2025-08-06,3,2025-08-09,28.2,22.8,29.5,,,,,,81.8,,16.2,0.0
滨州,jma_seamless,2025-08-05,4,2025-08-09,32.3,21.6,30.4,,,,,,73.6,,0.6,0.0
滨州,jma_seamless,2025-08-04,5,2025-08-09,31.9,24.3,31.2,,,,,,42.7,,0.0,0.0
滨州,jma_seamless,2025-08-03,6,2025-08-09,28.7,21.9,27.9,,,,,,90.8,,9.0,0.0
滨州,jma_seamless,2025-08-02,7,2025-08-09,29.8,24.1,29.6,,,,,,78.3,,20.7,0.0
滨州,ecmwf_ifs025,2025-08-09,1,2025-08-10,29.9,21.0,30.0,,37.3,79.6,5.6,,5.0,,,
滨州,ecmwf_ifs025,2025-08-08,2,2025-08-10,30.4,22.1,30.2,,38.7,79.3,6.9,,11.9,,,
滨州,ecmwf_ifs025,2025-08-07,3,2025-08-10,30.1,22.4,29.9,,37.6,78.7,8.0,,9.8,,,
滨州,ecmwf_ifs025,2025-08-06,4,2025-08-10,30.9,22.3,30.5,,41.1,81.6,5.3,,9.1,,,
滨州,ecmwf_ifs025,2025-08-05,5,2025-08-10,31.1,22.4,30.6,,40.4,77.7,5.8,,36.3,,,
滨州,ecmwf_ifs025,2025-08-04,6,2025-08-10,31.8,24.7,32.2,,41.4,74.3,7.4,,42.8,,,
滨州,ecmwf_ifs025,2025-08-03,7,2025-08-10,30.2,21.0,30.0,,37.3,76.7,4.8,,1.2,,,
滨州,jma_seamless,2025-08-09,1,2025-08-10,31.3,22.5,30.3,,,,,,21.9,,0.0,0.0
滨州,jma_seamless,2025-08-08,2,2025-08-10,30.7,22.7,30.6,,,,,,51.0,,0.0,0.0
滨州,jma_seamless,2025-08-07,3,2025-08-10,29.8,22.7,30.1,,,,,,50.3,,0.0,0.0
滨州,jma_seamless,2025-08-06,4,2025-08-10,29.7,21.7,30.5,,,,,,50.2,,0.0,0.0
滨州,jma_seamless,2025-08-05,5,2025-08-10,32.2,23.4,31.3,,,,,,59.5,,0.0,0.0
滨州,jma_seamless,2025-08-04,6,2025-08-10,34.3,22.8,32.2,,,,,,52.3,,0.0,0.0
滨州,jma_seamless,2025-08-03,7,2025-08-10,30.0,23.7,30.6,,,,,,44.7,,0.0,0.0
滨州,ecmwf_ifs025,2025-08-10,1,2025-08-11,30.8,21.5,30.6,,39.9,79.1,6.0,,1.5,,,
滨州,ecmwf_ifs025,2025-08-09,2,2025-08-11,30.8,20.8,30.0,,39.0,76.3,5.7,,1.9,,,
滨州,ecmwf_ifs025,2025-08-08,3,2025-08-11,31.4,20.5,30.5,,41.2,77.2,5.5,,1.0,,,
滨州,ecmwf_ifs025,2025-08-07,4,2025-08-11,30.8,21.5,31.2,,41.3,83.1,4.4,,15.8,,,
滨州,ecmwf_ifs025,2025-08-06,5,2025-08-11,31.5,23.3,31.4,,41.8,78.0,6.6,,3.5,,,
滨州,ecmwf_ifs025,2025-08-05,6,2025-08-11,31.8,23.3,31.5,,41.8,75.3,8.3,,22.4,,,
滨州,ecmwf_ifs025,2025-08-04,7,2025-08-11,32.6,24.1,31.4,,43.5,73.0,6.1,,8.1,,,
滨州,jma_seamless,2025-08-10,1,2025-08-11,31.6,22.8,31.1,,,,,,13.1,,0.0,0.0
滨州,jma_seamless,2025-08-09,2,2025-08-11,32.1,25.5,31.6,,,,,,20.7,,0.0,0.0
滨州,jma_seamless,2025-08-08,3,2025-08-11,31.7,24.6,31.5,,,,,,21.6,,0.0,0.0
滨州,jma_seamless,2025-08-07,4,2025-08-11,28.9,24.8,31.1,,,,,,26.3,,1.2,0.0
滨州,jma_seamless,2025-08-06,5,2025-08-11,31.5,24.5,30.9,,,,,,1.5,,0.0,0.0
滨州,jma_seamless,2025-08-05,6,2025-08-11,30.8,26.1,33.4,,,,,,63.8,,0.0,0.0
滨州,jma_seamless,2025-08-04,7,2025-08-11,26.8,24.7,30.0,,,,,,44.0,,1.2,0.0
滨州,ecmwf_ifs025,2025-08-11,1,2025-08-12,31.7,22.8,31.6,,41.8,76.1,8.1,,9.7,,,
滨州,ecmwf_ifs025,2025-08-10,2,2025-08-12,31.8,22.5,31.7,,42.6,77.5,7.6,,6.0,,,
滨州,ecmwf_ifs025,2025-08-09,3,2025-08-12,32.5,22.8,32.3,,44.5,76.2,6.3,,3.3,,,
滨州,ecmwf_ifs025,2025-08-08,4,2025-08-12,32.1,23.1,32.4,,43.0,76.0,6.6,,3.3,,,
滨州,ecmwf_ifs025,2025-08-07,5,2025-08-12,32.2,22.3,32.5,,44.3,78.1,6.0,,5.1,,,
滨州,ecmwf_ifs025,2025-08-06,6,2025-08-12,31.1,22.4,31.5,,41.5,80.7,7.1,,4.5,,,
滨州,ecmwf_ifs025,2025-08-05,7,2025-08-12,29.4,23.3,30.3,,36.6,82.9,7.0,,21.5,,,
滨州,jma_seamless,2025-08-11,1,2025-08-12,32.5,26.5,33.5,,,,,,21.8,,0.0,0.0
滨州,jma_seamless,2025-08-10,2,2025-08-12,33.3,25.4,33.2,,,,,,5.0,,0.0,0.0
滨州,jma_seamless,2025-08-09,3,2025-08-12,33.5,22.9,32.2,,,,,,2.6,,0.0,0.0
滨州,jma_seamless,2025-08-08,4,2025-08-12,31.7,22.9,29.6,,,,,,2.3,,0.0,0.0
滨州,jma_seamless,2025-08-07,5,2025-08-12,32.4,23.5,32.0,,,,,,0.7,,0.0,0.0
滨州,jma_seamless,2025-08-06,6,2025-08-12,33.0,25.9,33.7,,,,,,6.0,,0.0,0.0
滨州,jma_seamless,2025-08-05,7,2025-08-12,32.3,23.7,33.7,,,,,,31.6,,0.6,0.0
滨州,ecmwf_ifs025,2025-08-12,1,2025-08-13,32.2,23.0,32.1,,42.9,74.9,7.2,,14.7,21.68,0.0,
滨州,ecmwf_ifs025,2025-08-11,2,2025-08-13,31.3,23.2,31.6,,40.3,75.6,7.3,,16.7,21.67,0.0,
滨州,ecmwf_ifs025,2025-08-10,3,2025-08-13,32.1,23.7,32.7,,42.7,75.2,6.7,,19.0,22.81,0.0,
滨州,ecmwf_ifs025,2025-08-09,4,2025-08-13,32.0,23.2,33.0,,43.9,79.0,6.8,,2.4,22.59,0.0,
滨州,ecmwf_ifs025,2025-08-08,5,2025-08-13,31.6,24.1,32.4,,41.3,75.8,7.1,,8.4,23.37,0.0,
滨州,ecmwf_ifs025,2025-08-07,6,2025-08-13,31.7,24.0,32.4,,43.3,80.0,6.5,,17.7,20.9,0.0,
滨州,ecmwf_ifs025,2025-08-06,7,2025-08-13,31.0,22.9,30.9,,41.0,80.4,7.0,,7.7,22.38,0.0,
滨州,gfs_seamless,2025-08-12,1,2025-08-13,33.2,23.2,31.3,,43.8,69.2,9.4,29.9,13.9,24.93,0.0,0.0
滨州,gfs_seamless,2025-08-11,2,2025-08-13,32.5,22.4,30.6,,42.7,72.0,9.9,28.1,27.2,24.81,0.0,0.0
滨州,gfs_seamless,2025-08-10,3,2025-08-13,31.9,23.6,30.2,,39.2,67.4,9.8,26.3,21.2,25.23,0.1,0.0
滨州,gfs_seamless,2025-08-09,4,2025-08-13,33.7,22.4,31.5,,45.5,69.5,8.6,28.4,9.6,25.25,0.9,0.0
滨州,gfs_seamless,2025-08-08,5,2025-08-13,33.0,23.2,30.9,,41.8,66.1,9.9,26.6,31.5,25.33,0.0,0.0
滨州,gfs_seamless,2025-08-07,6,2025-08-13,34.1,22.9,32.1,,48.3,72.2,8.5,27.0,74.0,20.69,0.0,0.0
滨州,gfs_seamless,2025-08-06,7,2025-08-13,33.4,18.6,29.7,,46.1,72.8,7.5,19.8,98.3,16.52,0.1,0.0
滨州,jma_seamless,2025-08-12,1,2025-08-13,33.4,26.9,33.3,,,,,,6.8,,0.0,
滨州,jma_seamless,2025-08-11,2,2025-08-13,33.3,27.1,34.2,,,,,,8.5,,0.0,
滨州,jma_seamless,2025-08-10,3,2025-08-13,33.0,26.7,33.6,,,,,,17.6,,0.0,
滨州,jma_seamless,2025-08-09,4,2025-08-13,31.6,25.2,32.5,,,,,,27.7,,0.6,
滨州,jma_seamless,2025-08-08,5,2025-08-13,30.7,25.5,32.1,,,,,,33.5,,0.0,
滨州,jma_seamless,2025-08-07,6,2025-08-13,32.7,25.4,32.7,,,,,,11.6,,0.0,
滨州,jma_seamless,2025-08-06,7,2025-08-13,32.5,25.8,33.9,,,,,,46.6,,0.0,
滨州,ecmwf_ifs025,2025-08-13,1,2025-08-14,32.8,24.1,33.1,,44.3,73.5,6.9,,12.2,22.28,0.0,
滨州,ecmwf_ifs025,2025-08-12,2,2025-08-14,32.6,23.4,33.2,,44.9,76.2,6.4,,23.5,20.77,0.0,
滨州,ecmwf_ifs025,2025-08-11,3,2025-08-14,31.2,23.1,32.0,,40.4,76.8,7.3,,31.2,22.09,0.0,
滨州,ecmwf_ifs025,2025-08-10,4,2025-08-14,31.7,24.0,32.9,,42.5,77.9,6.3,,65.1,16.87,0.0,
滨州,ecmwf_ifs025,2025-08-09,5,2025-08-14,31.8,23.2,32.1,,43.3,79.1,7.2,,53.6,15.74,0.0,
滨州,ecmwf_ifs025,2025-08-08,6,2025-08-14,27.7,24.4,30.5,,31.8,83.5,8.5,,70.2,7.96,0.6,
滨州,ecmwf_ifs025,2025-08-07,7,2025-08-14,28.6,21.7,30.6,,34.8,85.7,7.5,,55.1,8.75,3.0,
滨州,gfs_seamless,2025-08-13,1,2025-08-14,34.9,23.9,32.3,,48.4,67.1,10.0,32.0,23.7,25.02,0.0,0.0
滨州,gfs_seamless,2025-08-12,2,2025-08-14,32.8,24.4,32.2,,42.7,69.7,9.1,24.1,62.7,19.77,0.0,0.0
滨州,gfs_seamless,2025-08-11,3,2025-08-14,33.5,23.4,31.9,,47.0,73.9,10.7,27.0,13.7,25.16,0.0,0.0
滨州,gfs_seamless,2025-08-10,4,2025-08-14,34.0,22.9,31.5,,47.4,71.3,9.8,34.6,37.2,24.97,0.0,0.0
滨州,gfs_seamless,2025-08-09,5,2025-08-14,34.6,22.8,31.1,,47.7,67.8,11.6,32.0,4.2,25.62,0.0,0.0
滨州,gfs_seamless,2025-08-08,6,2025-08-14,34.3,24.0,32.3,,48.0,70.3,9.8,23.8,62.7,22.38,0.3,0.0
滨州,gfs_seamless,2025-08-07,7,2025-08-14,34.3,22.1,29.7,,56.8,85.2,10.6,34.2,99.7,9.31,1.1,0.0
滨州,jma_seamless,2025-08-13,1,2025-08-14,33.2,26.2,34.3,,,,,,59.3,,0.6,
滨州,jma_seamless,2025-08-12,2,2025-08-14,33.7,26.1,34.7,,,,,,48.3,,0.0,
滨州,jma_seamless,2025-08-11,3,2025-08-14,34.8,26.6,35.2,,,,,,35.5,,0.0,
滨州,jma_seamless,2025-08-10,4,2025-08-14,32.2,26.6,34.5,,,,,,45.0,,0.3,
滨州,jma_seamless,2025-08-09,5,2025-08-14,33.4,26.5,34.3,,,,,,28.4,,0.6,
滨州,jma_seamless,2025-08-08,6,2025-08-14,33.2,25.6,33.5,,,,,,37.8,,0.9,
滨州,jma_seamless,2025-08-07,7,2025-08-14,31.6,27.1,34.0,,,,,,44.0,,0.0,
滨州,ecmwf_ifs025,2025-08-14,1,2025-08-15,30.4,24.6,31.2,,41.3,87.3,8.8,,74.5,10.92,29.7,
滨州,ecmwf_ifs025,2025-08-13,2,2025-08-15,32.1,24.7,31.9,,47.0,85.1,8.4,,86.8,14.97,15.6,
滨州,ecmwf_ifs025,2025-08-12,3,2025-08-15,30.6,24.8,32.9,,42.4,88.3,5.0,,59.8,11.38,11.1,
滨州,ecmwf_ifs025,2025-08-11,4,2025-08-15,33.6,24.5,33.7,,51.8,82.2,5.6,,54.2,17.49,3.9,
滨州,ecmwf_ifs025,2025-08-10,5,2025-08-15,30.8,25.0,33.6,,42.1,85.3,6.2,,60.0,9.81,0.6,
滨州,ecmwf_ifs025,2025-08-09,6,2025-08-15,26.4,24.4,30.0,,,88.6,5.1,,77.5,5.02,22.2,
滨州,ecmwf_ifs025,2025-08-08,7,2025-08-15,30.1,23.9,31.5,,40.4,87.8,7.8,,56.2,15.58,5.1,
滨州,gfs_seamless,2025-08-14,1,2025-08-15,30.7,22.8,29.9,,41.2,83.9,10.1,38.5,98.8,8.28,14.5,0.0
滨州,gfs_seamless,2025-08-13,2,2025-08-15,30.1,23.6,29.6,,40.1,86.8,10.0,41.0,100.0,3.96,5.5,0.0
滨州,gfs_seamless,2025-08-12,3,2025-08-15,26.4,23.3,29.3,,,88.8,9.7,34.2,99.8,1.81,1.5,0.0
滨州,gfs_seamless,2025-08-11,4,2025-08-15,31.1,24.2,30.9,,42.7,84.1,10.4,30.2,98.9,11.61,3.0,0.0
滨州,gfs_seamless,2025-08-10,5,2025-08-15,31.0,25.2,32.1,,41.6,82.1,9.1,28.1,89.0,13.8,0.8,0.0
滨州,gfs_seamless,2025-08-09,6,2025-08-15,31.6,22.7,31.2,,43.3,80.8,10.8,27.7,69.1,12.24,0.0,0.0
滨州,gfs_seamless,2025-08-08,7,2025-08-15,32.9,23.0,32.3,,46.8,78.0,9.2,37.1,79.1,16.74,1.0,0.0
滨州,jma_seamless,2025-08-14,1,2025-08-15,29.1,26.6,33.3,,,,,,69.6,,8.1,
滨州,jma_seamless,2025-08-13,2,2025-08-15,31.0,26.8,34.3,,,,,,72.9,,2.7,
滨州,jma_seamless,2025-08-12,3,2025-08-15,29.3,27.1,34.3,,,,,,66.2,,13.2,
滨州,jma_seamless,2025-08-11,4,2025-08-15,29.8,27.5,35.0,,,,,,64.1,,9.6,
滨州,jma_seamless,2025-08-10,5,2025-08-15,32.2,26.7,34.4,,,,,,60.8,,12.0,
滨州,jma_seamless,2025-08-09,6,2025-08-15,32.2,26.5,34.6,,,,,,62.5,,3.6,
滨州,jma_seamless,2025-08-08,7,2025-08-15,33.4,26.6,34.2,,,,,,38.2,,7.8,
滨州,ecmwf_ifs025,2025-08-15,1,2025-08-16,31.8,24.3,33.0,,46.9,87.5,7.1,,48.5,14.97,7.5,
滨州,ecmwf_ifs025,2025-08-14,2,2025-08-16,32.4,23.8,32.8,,49.3,87.2,9.3,,67.2,17.82,23.4,
滨州,ecmwf_ifs025,2025-08-13,3,2025-08-16,33.8,24.4,33.9,,54.0,84.5,9.6,,31.9,20.82,14.1,
滨州,ecmwf_ifs025,2025-08-12,4,2025-08-16,33.7,24.4,34.8,,51.8,81.5,10.7,,37.5,20.82,24.3,
滨州,ecmwf_ifs025,2025-08-11,5,2025-08-16,34.3,25.4,34.9,,55.2,82.8,8.0,,49.8,18.94,1.5,
滨州,ecmwf_ifs025,2025-08-10,6,2025-08-16,29.8,24.7,32.4,,38.8,86.1,7.5,,69.0,9.93,6.6,
滨州,ecmwf_ifs025,2025-08-09,7,2025-08-16,30.2,23.7,32.2,,41.2,89.1,7.4,,62.0,11.77,3.9,
滨州,gfs_seamless,2025-08-15,1,2025-08-16,32.7,22.6,31.7,,49.7,85.5,7.7,18.7,95.2,20.38,19.0,0.0
滨州,gfs_seamless,2025-08-14,2,2025-08-16,31.5,22.9,31.9,,45.4,86.8,7.1,16.2,94.0,18.24,25.6,0.0
滨州,gfs_seamless,2025-08-13,3,2025-08-16,30.4,24.2,32.2,,41.3,87.2,6.9,21.6,99.8,9.54,14.8,0.0
滨州,gfs_seamless,2025-08-12,4,2025-08-16,31.5,24.4,31.7,,44.4,84.6,8.8,31.7,96.2,9.95,1.1,0.0
滨州,gfs_seamless,2025-08-11,5,2025-08-16,26.2,23.1,28.9,,,93.6,11.7,37.1,95.7,3.37,11.3,0.0
滨州,gfs_seamless,2025-08-10,6,2025-08-16,30.9,24.9,31.8,,41.6,83.1,9.4,26.6,87.8,8.45,0.2,0.0
滨州,gfs_seamless,2025-08-09,7,2025-08-16,32.4,24.1,32.5,,47.1,82.6,9.0,36.0,78.3,13.09,0.6,0.0
滨州,jma_seamless,2025-08-15,1,2025-08-16,29.7,26.6,34.3,,,,,,58.5,,18.9,
滨州,jma_seamless,2025-08-14,2,2025-08-16,33.0,26.7,35.8,,,,,,43.1,,3.3,
滨州,jma_seamless,2025-08-13,3,2025-08-16,33.2,27.1,35.7,,,,,,49.2,,9.0,
滨州,jma_seamless,2025-08-12,4,2025-08-16,33.0,27.2,36.1,,,,,,48.1,,3.9,
滨州,jma_seamless,2025-08-11,5,2025-08-16,33.5,26.6,36.0,,,,,,40.0,,5.4,
滨州,jma_seamless,2025-08-10,6,2025-08-16,32.5,26.2,35.0,,,,,,59.5,,19.8,
滨州,jma_seamless,2025-08-09,7,2025-08-16,30.0,26.7,34.6,,,,,,54.4,,13.8,
滨州,ecmwf_ifs025,2025-08-16,1,2025-08-17,30.8,24.1,32.6,,42.5,86.5,6.1,,73.8,16.37,9.6,
滨州,ecmwf_ifs025,2025-08-15,2,2025-08-17,32.2,24.1,33.5,,50.3,90.8,6.9,,84.4,13.48,20.4,
滨州,ecmwf_ifs025,2025-08-14,3,2025-08-17,32.1,24.5,33.2,,49.1,89.4,7.5,,74.6,15.04,27.9,
滨州,ecmwf_ifs025,2025-08-13,4,2025-08-17,32.7,25.7,35.2,,48.8,83.7,6.0,,54.9,14.88,0.6,
滨州,ecmwf_ifs025,2025-08-12,5,2025-08-17,34.4,26.6,36.1,,54.7,81.2,9.3,,20.7,19.04,1.8,
滨州,ecmwf_ifs025,2025-08-11,6,2025-08-17,34.7,26.8,35.7,,51.9,74.6,10.6,,37.8,20.57,0.0,
滨州,ecmwf_ifs025,2025-08-10,7,2025-08-17,30.4,25.2,33.6,,40.9,86.2,7.7,,42.8,11.24,16.5,
滨州,gfs_seamless,2025-08-16,1,2025-08-17,29.6,24.2,31.4,,39.1,89.5,9.3,33.8,76.9,13.91,21.9,0.0
滨州,gfs_seamless,2025-08-15,2,2025-08-17,31.3,24.1,32.4,,44.2,86.0,9.4,29.9,91.5,17.66,11.3,0.0
滨州,gfs_seamless,2025-08-14,3,2025-08-17,30.2,23.7,31.5,,39.8,84.8,9.2,29.5,71.8,17.5,5.4,0.0
滨州,gfs_seamless,2025-08-13,4,2025-08-17,31.8,23.9,31.3,,46.5,86.5,10.2,33.5,82.4,8.52,1.5,0.0
滨州,gfs_seamless,2025-08-12,5,2025-08-17,34.8,23.9,32.9,,57.5,82.8,10.9,32.0,88.5,15.54,4.0,0.0
滨州,gfs_seamless,2025-08-11,6,2025-08-17,30.3,23.4,32.1,,40.8,86.8,10.1,36.7,75.1,10.21,0.2,0.0
滨州,gfs_seamless,2025-08-10,7,2025-08-17,33.3,24.7,33.1,,51.8,84.5,13.7,42.5,92.8,17.59,4.1,0.0
滨州,jma_seamless,2025-08-16,1,2025-08-17,29.2,26.2,33.8,,,,,,69.7,,40.8,
滨州,jma_seamless,2025-08-15,2,2025-08-17,30.5,27.2,35.2,,,,,,72.7,,30.6,
滨州,jma_seamless,2025-08-14,3,2025-08-17,31.8,27.0,36.2,,,,,,62.2,,7.8,
滨州,jma_seamless,2025-08-13,4,2025-08-17,31.2,28.1,36.0,,,,,,42.8,,4.2,
滨州,jma_seamless,2025-08-12,5,2025-08-17,36.2,28.2,36.7,,,,,,18.5,,1.8,
滨州,jma_seamless,2025-08-11,6,2025-08-17,33.2,26.1,35.7,,,,,,42.5,,12.3,
滨州,jma_seamless,2025-08-10,7,2025-08-17,33.3,26.7,36.1,,,,,,23.8,,3.9,
滨州,ecmwf_ifs025,2025-08-17,1,2025-08-18,31.6,24.1,32.9,,47.0,89.5,5.9,,45.1,12.45,18.9,
滨州,ecmwf_ifs025,2025-08-16,2,2025-08-18,32.7,24.3,33.6,,51.4,88.6,5.6,,59.2,11.71,8.1,
滨州,ecmwf_ifs025,2025-08-15,3,2025-08-18,34.2,24.0,35.0,,55.1,83.3,8.7,,46.0,18.59,3.0,
滨州,ecmwf_ifs025,2025-08-14,4,2025-08-18,34.0,26.4,36.2,,52.6,80.7,10.2,,30.6,20.44,0.6,
滨州,ecmwf_ifs025,2025-08-13,5,2025-08-18,34.5,26.0,36.0,,52.7,77.4,10.8,,42.0,20.69,0.0,
滨州,ecmwf_ifs025,2025-08-12,6,2025-08-18,35.2,26.1,35.7,,54.3,75.2,9.6,,11.8,20.98,0.0,
滨州,ecmwf_ifs025,2025-08-11,7,2025-08-18,35.8,26.4,35.6,,52.9,69.3,11.8,,42.5,21.01,2.1,
滨州,gfs_seamless,2025-08-17,1,2025-08-18,30.8,23.9,32.8,,43.3,88.5,8.0,25.6,81.4,12.7,20.1,0.0
滨州,gfs_seamless,2025-08-16,2,2025-08-18,32.3,21.4,31.5,,48.8,87.0,10.5,50.4,79.1,10.57,20.2,0.0
滨州,gfs_seamless,2025-08-15,3,2025-08-18,33.5,24.8,33.4,,51.0,81.5,9.8,31.7,90.5,15.29,0.1,0.0
滨州,gfs_seamless,2025-08-14,4,2025-08-18,33.4,24.5,33.3,,48.3,77.2,12.3,36.0,69.1,19.84,0.0,0.0
滨州,gfs_seamless,2025-08-13,5,2025-08-18,34.4,24.5,33.3,,50.0,73.4,11.3,36.0,83.7,21.95,0.0,0.0
滨州,gfs_seamless,2025-08-12,6,2025-08-18,34.2,24.5,32.5,,50.3,75.2,13.9,37.1,83.4,21.4,0.2,0.0
滨州,gfs_seamless,2025-08-11,7,2025-08-18,34.4,24.6,34.1,,52.5,77.6,13.1,40.0,53.2,19.39,2.7,0.0
滨州,jma_seamless,2025-08-17,1,2025-08-18,29.3,26.4,34.5,,,,,,72.0,,33.9,
滨州,jma_seamless,2025-08-16,2,2025-08-18,30.9,27.1,35.4,,,,,,53.5,,26.4,
滨州,jma_seamless,2025-08-15,3,2025-08-18,34.9,29.1,36.4,,,,,,7.0,,0.0,
滨州,jma_seamless,2025-08-14,4,2025-08-18,36.1,29.1,36.5,,,,,,15.4,,0.0,
滨州,jma_seamless,2025-08-13,5,2025-08-18,37.0,28.9,36.4,,,,,,2.2,,0.0,
滨州,jma_seamless,2025-08-12,6,2025-08-18,36.8,27.9,36.8,,,,,,40.0,,0.0,
滨州,jma_seamless,2025-08-11,7,2025-08-18,32.3,27.2,36.3,,,,,,44.1,,4.5,
滨州,ecmwf_ifs025,2025-08-18,1,2025-08-19,34.3,26.9,36.1,,52.1,77.7,10.4,,19.0,20.9,0.0,
滨州,ecmwf_ifs025,2025-08-17,2,2025-08-19,33.6,26.0,36.2,,51.4,81.6,7.2,,38.2,19.16,0.3,
滨州,ecmwf_ifs025,2025-08-16,3,2025-08-19,33.6,25.7,36.0,,51.2,81.2,8.5,,27.0,19.68,0.0,
滨州,ecmwf_ifs025,2025-08-15,4,2025-08-19,34.6,26.7,36.5,,53.5,78.0,10.4,,8.2,20.34,0.0,
滨州,ecmwf_ifs025,2025-08-14,5,2025-08-19,34.5,27.5,36.6,,52.4,76.8,10.3,,24.4,18.36,0.0,
滨州,ecmwf_ifs025,2025-08-13,6,2025-08-19,34.6,25.0,35.5,,54.5,79.5,6.7,,22.2,19.6,1.8,
滨州,ecmwf_ifs025,2025-08-12,7,2025-08-19,36.4,27.1,36.6,,56.8,71.5,9.5,,29.4,18.86,0.6,
滨州,gfs_seamless,2025-08-18,1,2025-08-19,34.6,25.4,34.9,,53.5,78.0,12.5,32.4,60.5,23.59,1.2,0.0
滨州,gfs_seamless,2025-08-17,2,2025-08-19,33.6,25.3,33.9,,50.9,80.7,9.3,36.4,83.8,17.69,4.4,0.0
滨州,gfs_seamless,2025-08-16,3,2025-08-19,33.7,25.4,33.9,,51.2,80.5,8.4,29.2,90.6,18.8,1.8,0.0
滨州,gfs_seamless,2025-08-15,4,2025-08-19,33.3,24.8,32.4,,50.5,82.2,10.5,23.8,97.2,13.35,0.6,0.0
滨州,gfs_seamless,2025-08-14,5,2025-08-19,31.5,25.1,33.0,,42.4,79.4,8.2,26.6,89.2,16.55,2.3,0.0
滨州,gfs_seamless,2025-08-13,6,2025-08-19,34.9,25.1,33.9,,51.6,72.8,9.7,35.3,92.8,19.61,0.0,0.0
滨州,gfs_seamless,2025-08-12,7,2025-08-19,34.6,26.3,34.6,,50.8,73.4,12.6,36.4,84.0,21.22,1.5,0.0
滨州,jma_seamless,2025-08-18,1,2025-08-19,34.3,27.1,36.5,,,,,,44.5,,2.1,
滨州,jma_seamless,2025-08-17,2,2025-08-19,35.4,27.0,36.5,,,,,,37.8,,2.4,
滨州,jma_seamless,2025-08-16,3,2025-08-19,35.9,29.6,36.9,,,,,,25.2,,0.0,
滨州,jma_seamless,2025-08-15,4,2025-08-19,35.7,29.6,37.1,,,,,,58.5,,0.0,
滨州,jma_seamless,2025-08-14,5,2025-08-19,36.9,29.9,37.1,,,,,,39.0,,0.0,
滨州,jma_seamless,2025-08-13,6,2025-08-19,37.7,29.6,37.6,,,,,,12.4,,0.0,
滨州,jma_seamless,2025-08-12,7,2025-08-19,37.6,29.9,37.2,,,,,,16.6,,0.0,
滨州,ecmwf_ifs025,2025-08-19,1,2025-08-20,33.9,27.0,36.5,,49.5,76.0,7.2,,41.9,18.91,0.6,
滨州,ecmwf_ifs025,2025-08-18,2,2025-08-20,34.8,27.1,36.9,,52.5,74.9,6.7,,25.4,19.46,0.0,
滨州,ecmwf_ifs025,2025-08-17,3,2025-08-20,34.1,27.8,36.5,,50.8,76.9,8.9,,23.3,19.05,0.0,
滨州,ecmwf_ifs025,2025-08-16,4,2025-08-20,34.7,26.9,36.6,,54.4,78.7,7.5,,19.2,20.26,0.0,
滨州,ecmwf_ifs025,2025-08-15,5,2025-08-20,35.0,27.8,37.1,,53.7,75.6,8.0,,19.6,20.82,0.0,
滨州,ecmwf_ifs025,2025-08-14,6,2025-08-20,34.6,24.7,36.3,,55.2,80.6,4.2,,22.9,16.11,3.0,
滨州,ecmwf_ifs025,2025-08-13,7,2025-08-20,33.6,27.9,36.3,,49.9,78.8,8.5,,17.8,19.61,0.9,
滨州,gfs_seamless,2025-08-19,1,2025-08-20,35.1,26.5,35.4,,53.4,74.5,11.3,33.8,87.6,20.63,4.0,0.0
滨州,gfs_seamless,2025-08-18,2,2025-08-20,33.5,24.7,33.5,,51.5,82.4,10.2,42.5,89.0,16.1,8.3,0.0
滨州,gfs_seamless,2025-08-17,3,2025-08-20,32.0,24.9,33.7,,45.7,83.0,10.0,29.9,91.2,19.55,10.7,0.0
滨州,gfs_seamless,2025-08-16,4,2025-08-20,33.9,23.6,34.2,,51.8,80.0,10.2,38.2,67.9,20.39,13.8,0.0
滨州,gfs_seamless,2025-08-15,5,2025-08-20,34.8,24.9,34.1,,54.9,78.8,11.0,34.6,42.5,23.43,4.4,0.0
滨州,gfs_seamless,2025-08-14,6,2025-08-20,34.7,23.8,34.4,,53.5,77.2,8.6,29.2,55.0,23.3,1.9,0.0
滨州,gfs_seamless,2025-08-13,7,2025-08-20,35.7,24.2,34.7,,55.2,73.5,9.0,37.8,77.1,21.03,1.1,0.0
滨州,jma_seamless,2025-08-19,1,2025-08-20,31.7,27.3,36.3,,,,,,57.0,,13.2,
滨州,jma_seamless,2025-08-18,2,2025-08-20,35.4,29.4,37.3,,,,,,55.7,,0.0,
滨州,jma_seamless,2025-08-17,3,2025-08-20,36.4,29.2,37.5,,,,,,47.0,,0.0,
滨州,jma_seamless,2025-08-16,4,2025-08-20,35.8,29.5,37.4,,,,,,38.8,,0.0,
滨州,jma_seamless,2025-08-15,5,2025-08-20,36.4,29.7,37.2,,,,,,42.1,,0.0,
滨州,jma_seamless,2025-08-14,6,2025-08-20,36.9,29.1,38.0,,,,,,33.8,,0.0,
滨州,jma_seamless,2025-08-13,7,2025-08-20,37.6,30.2,37.9,,,,,,42.2,,0.0,
滨州,ecmwf_ifs025,2025-08-20,1,2025-08-21,34.1,25.9,36.5,,52.1,79.1,9.4,,18.5,20.56,12.3,
滨州,ecmwf_ifs025,2025-08-19,2,2025-08-21,35.1,25.4,36.8,,54.7,76.5,9.0,,11.9,21.16,1.8,
滨州,ecmwf_ifs025,2025-08-18,3,2025-08-21,35.3,27.9,37.1,,53.1,72.7,11.4,,15.6,20.77,0.0,
滨州,ecmwf_ifs025,2025-08-17,4,2025-08-21,35.3,27.3,36.9,,54.1,74.3,11.1,,18.0,20.24,0.0,
滨州,ecmwf_ifs025,2025-08-16,5,2025-08-21,35.0,27.0,36.9,,53.8,75.8,10.7,,9.6,21.13,0.0,
滨州,ecmwf_ifs025,2025-08-15,6,2025-08-21,35.6,28.7,37.5,,55.7,74.8,10.4,,8.4,20.82,0.0,
滨州,ecmwf_ifs025,2025-08-14,7,2025-08-21,36.6,28.1,37.4,,59.1,73.6,12.7,,29.6,20.02,0.0,
滨州,gfs_seamless,2025-08-20,1,2025-08-21,35.6,26.5,36.0,,55.0,73.8,12.8,39.2,42.0,23.03,1.6,0.0
滨州,gfs_seamless,2025-08-19,2,2025-08-21,35.1,26.4,35.5,,52.9,73.7,15.5,48.2,50.1,23.48,0.0,0.0
滨州,gfs_seamless,2025-08-18,3,2025-08-21,34.8,26.0,35.0,,52.5,74.9,14.6,43.6,70.9,22.77,0.2,0.0
滨州,gfs_seamless,2025-08-17,4,2025-08-21,35.1,25.9,35.1,,53.4,74.5,12.8,48.2,74.1,23.21,0.3,0.0
滨州,gfs_seamless,2025-08-16,5,2025-08-21,34.7,24.9,35.1,,54.1,78.3,10.7,33.1,65.1,23.28,0.6,0.0
滨州,gfs_seamless,2025-08-15,6,2025-08-21,35.8,24.7,34.1,,56.8,75.2,13.8,35.3,86.8,21.64,0.0,0.0
滨州,gfs_seamless,2025-08-14,7,2025-08-21,35.7,25.2,34.5,,53.5,70.8,12.7,39.2,63.1,22.47,0.0,0.0
滨州,jma_seamless,2025-08-20,1,2025-08-21,32.5,26.7,35.9,,,,,,43.0,,21.0,
滨州,jma_seamless,2025-08-19,2,2025-08-21,33.8,29.2,37.4,,,,,,32.8,,2.4,
滨州,jma_seamless,2025-08-18,3,2025-08-21,37.0,30.1,37.5,,,,,,5.4,,0.0,
滨州,jma_seamless,2025-08-17,4,2025-08-21,37.5,29.1,37.1,,,,,,25.9,,0.0,
滨州,jma_seamless,2025-08-16,5,2025-08-21,36.0,30.0,37.0,,,,,,31.0,,0.0,
滨州,jma_seamless,2025-08-15,6,2025-08-21,37.3,30.0,37.2,,,,,,18.2,,0.0,
滨州,jma_seamless,2025-08-14,7,2025-08-21,38.1,30.2,37.5,,,,,,25.8,,0.0,
滨州,ecmwf_ifs025,2025-08-21,1,2025-08-22,31.6,27.1,35.7,,44.2,83.1,5.7,,33.1,15.0,0.3,
滨州,ecmwf_ifs025,2025-08-20,2,2025-08-22,33.3,27.4,36.2,,49.4,80.2,6.5,,20.3,18.68,4.5,
滨州,ecmwf_ifs025,2025-08-19,3,2025-08-22,34.7,27.8,36.7,,53.9,77.9,8.0,,13.1,20.35,1.2,
滨州,ecmwf_ifs025,2025-08-18,4,2025-08-22,35.6,27.7,37.0,,56.2,75.5,8.0,,13.2,20.23,1.2,
滨州,ecmwf_ifs025,2025-08-17,5,2025-08-22,34.8,27.8,37.2,,55.5,79.8,8.4,,14.5,19.84,4.8,
滨州,ecmwf_ifs025,2025-08-16,6,2025-08-22,34.8,27.6,37.6,,53.9,77.2,8.6,,8.5,20.28,3.3,
滨州,ecmwf_ifs025,2025-08-15,7,2025-08-22,31.8,26.1,35.3,,43.7,80.2,10.3,,36.4,19.29,4.2,
滨州,gfs_seamless,2025-08-21,1,2025-08-22,33.3,25.2,34.3,,50.9,82.9,7.4,24.8,100.0,16.1,12.5,0.0
滨州,gfs_seamless,2025-08-20,2,2025-08-22,33.4,26.1,34.8,,48.5,77.7,8.3,42.1,70.1,17.5,5.7,0.0
滨州,gfs_seamless,2025-08-19,3,2025-08-22,34.9,25.8,35.6,,53.4,75.7,10.4,49.0,35.0,20.1,5.2,0.0
滨州,gfs_seamless,2025-08-18,4,2025-08-22,35.0,27.3,36.5,,51.0,71.1,9.6,47.5,71.3,23.27,0.1,0.0
滨州,gfs_seamless,2025-08-17,5,2025-08-22,35.0,25.1,35.4,,54.7,77.2,8.5,34.2,51.4,19.73,0.9,0.0
滨州,gfs_seamless,2025-08-16,6,2025-08-22,34.0,24.5,34.3,,53.5,82.2,10.4,31.0,71.3,20.39,4.1,0.0
滨州,gfs_seamless,2025-08-15,7,2025-08-22,32.8,25.7,33.3,,48.1,81.5,12.1,35.3,95.2,18.11,3.1,0.0
滨州,jma_seamless,2025-08-21,1,2025-08-22,30.5,27.3,35.9,,,,,,71.4,,10.8,
滨州,jma_seamless,2025-08-20,2,2025-08-22,31.2,27.4,36.3,,,,,,79.5,,10.5,
滨州,jma_seamless,2025-08-19,3,2025-08-22,32.0,27.9,37.3,,,,,,20.9,,10.2,
滨州,jma_seamless,2025-08-18,4,2025-08-22,34.6,28.4,37.5,,,,,,13.2,,3.9,
滨州,jma_seamless,2025-08-17,5,2025-08-22,36.5,29.6,37.5,,,,,,5.5,,0.0,
滨州,jma_seamless,2025-08-16,6,2025-08-22,35.8,30.1,38.0,,,,,,35.3,,0.0,
滨州,jma_seamless,2025-08-15,7,2025-08-22,36.2,28.2,37.6,,,,,,17.9,,3.9,
滨州,ecmwf_ifs025,2025-08-22,1,2025-08-23,31.3,24.8,34.3,,46.1,90.5,3.7,,49.0,15.85,4.5,
滨州,ecmwf_ifs025,2025-08-21,2,2025-08-23,31.5,24.4,34.0,,46.3,89.0,5.2,,54.1,17.71,14.1,
滨州,ecmwf_ifs025,2025-08-20,3,2025-08-23,29.3,25.4,33.4,,38.0,89.6,5.3,,59.0,14.47,6.3,
滨州,ecmwf_ifs025,2025-08-19,4,2025-08-23,30.2,25.0,33.0,,41.2,89.3,6.1,,52.0,14.43,10.2,
滨州,ecmwf_ifs025,2025-08-18,5,2025-08-23,30.8,26.0,33.8,,43.4,88.8,6.3,,61.4,13.34,1.8,
滨州,ecmwf_ifs025,2025-08-17,6,2025-08-23,32.9,26.0,35.4,,51.6,87.3,6.5,,40.8,19.26,6.6,
滨州,ecmwf_ifs025,2025-08-16,7,2025-08-23,33.7,25.0,35.0,,52.8,83.2,7.3,,44.9,19.0,6.9,
滨州,gfs_seamless,2025-08-22,1,2025-08-23,33.1,24.0,33.9,,50.6,83.9,7.3,23.4,80.9,21.9,16.9,0.0
滨州,gfs_seamless,2025-08-21,2,2025-08-23,31.4,23.9,32.8,,45.4,87.8,8.1,22.0,93.9,18.17,24.3,0.0
滨州,gfs_seamless,2025-08-20,3,2025-08-23,30.0,22.9,30.5,,38.4,82.5,9.3,39.2,87.6,19.31,12.1,0.0
滨州,gfs_seamless,2025-08-19,4,2025-08-23,31.7,23.9,33.3,,45.5,85.2,8.5,33.1,57.9,22.27,22.6,0.0
滨州,gfs_seamless,2025-08-18,5,2025-08-23,32.8,23.8,33.2,,50.4,85.9,8.6,31.7,84.2,15.86,9.2,0.0
滨州,gfs_seamless,2025-08-17,6,2025-08-23,31.0,23.1,30.6,,42.2,83.7,13.8,41.4,54.2,21.7,1.2,0.0
滨州,gfs_seamless,2025-08-16,7,2025-08-23,27.6,24.1,29.6,,32.5,90.2,16.8,40.0,90.5,8.17,1.0,0.0
滨州,jma_seamless,2025-08-22,1,2025-08-23,29.9,26.6,35.4,,,,,,50.3,,16.2,
滨州,jma_seamless,2025-08-21,2,2025-08-23,31.3,26.9,35.7,,,,,,28.4,,12.3,
滨州,jma_seamless,2025-08-20,3,2025-08-23,30.5,27.2,35.9,,,,,,50.1,,14.7,
滨州,jma_seamless,2025-08-19,4,2025-08-23,33.0,27.9,37.1,,,,,,24.2,,4.8,
滨州,jma_seamless,2025-08-18,5,2025-08-23,33.0,27.4,37.0,,,,,,33.8,,3.9,
滨州,jma_seamless,2025-08-17,6,2025-08-23,33.0,29.1,37.3,,,,,,32.1,,1.2,
滨州,jma_seamless,2025-08-16,7,2025-08-23,35.5,27.6,37.6,,,,,,16.5,,3.9,
滨州,ecmwf_ifs025,2025-08-23,1,2025-08-24,28.7,24.4,31.9,,35.8,88.8,3.9,,86.5,14.9,3.6,
滨州,ecmwf_ifs025,2025-08-22,2,2025-08-24,30.3,23.9,31.6,,42.0,90.4,5.9,,87.2,12.87,9.9,
滨州,ecmwf_ifs025,2025-08-21,3,2025-08-24,30.0,24.1,31.7,,40.7,89.9,4.8,,83.1,13.34,17.7,
滨州,ecmwf_ifs025,2025-08-20,4,2025-08-24,29.8,24.0,31.7,,40.3,91.0,4.5,,76.0,11.76,17.7,
滨州,ecmwf_ifs025,2025-08-19,5,2025-08-24,31.7,24.4,32.3,,47.5,89.6,6.1,,65.1,14.16,13.8,
滨州,ecmwf_ifs025,2025-08-18,6,2025-08-24,31.1,25.0,32.9,,44.6,88.9,6.8,,53.0,13.9,8.4,
滨州,ecmwf_ifs025,2025-08-17,7,2025-08-24,29.9,23.8,31.1,,40.0,89.0,11.6,,72.4,11.87,15.3,
滨州,gfs_seamless,2025-08-23,1,2025-08-24,30.1,23.4,30.2,,41.4,90.8,9.5,22.7,96.2,15.6,8.4,0.0
滨州,gfs_seamless,2025-08-22,2,2025-08-24,28.8,23.3,29.9,,37.2,93.3,9.9,29.9,94.5,12.24,8.4,0.0
滨州,gfs_seamless,2025-08-21,3,2025-08-24,27.3,22.2,28.8,,31.3,87.8,6.6,24.1,93.0,11.85,0.7,0.0
滨州,gfs_seamless,2025-08-20,4,2025-08-24,30.7,23.2,31.3,,40.9,82.9,7.6,20.5,90.9,20.11,3.2,0.0
滨州,gfs_seamless,2025-08-19,5,2025-08-24,29.3,23.7,31.0,,38.2,90.2,9.0,41.0,78.4,15.27,7.1,0.0
滨州,gfs_seamless,2025-08-18,6,2025-08-24,32.4,22.9,32.3,,50.0,88.5,10.0,33.8,76.7,21.39,5.2,0.0
滨州,gfs_seamless,2025-08-17,7,2025-08-24,29.6,20.7,27.6,,37.3,83.0,15.3,37.8,76.5,14.0,4.7,0.0
滨州,jma_seamless,2025-08-23,1,2025-08-24,27.3,25.4,31.5,,,,,,80.8,,5.1,
滨州,jma_seamless,2025-08-22,2,2025-08-24,28.4,25.7,33.2,,,,,,71.6,,15.0,
滨州,jma_seamless,2025-08-21,3,2025-08-24,29.1,26.5,34.3,,,,,,63.8,,25.8,
滨州,jma_seamless,2025-08-20,4,2025-08-24,28.0,25.0,32.6,,,,,,59.9,,12.3,
滨州,jma_seamless,2025-08-19,5,2025-08-24,30.1,26.8,35.3,,,,,,52.2,,24.0,
滨州,jma_seamless,2025-08-18,6,2025-08-24,31.3,27.1,35.5,,,,,,49.7,,17.7,
滨州,jma_seamless,2025-08-17,7,2025-08-24,30.9,27.8,35.8,,,,,,23.0,,6.0,
滨州,ecmwf_ifs025,2025-08-24,1,2025-08-25,27.8,22.9,29.7,,32.8,88.0,6.7,,52.6,13.57,8.4,
滨州,ecmwf_ifs025,2025-08-23,2,2025-08-25,28.2,22.9,29.9,,33.8,86.9,8.6,,49.0,14.45,3.3,
滨州,ecmwf_ifs025,2025-08-22,3,2025-08-25,27.7,23.2,29.4,,32.7,89.3,9.9,,65.0,12.24,3.9,
滨州,ecmwf_ifs025,2025-08-21,4,2025-08-25,27.1,22.7,28.9,,30.7,86.8,9.6,,49.3,11.83,6.3,
滨州,ecmwf_ifs025,2025-08-20,5,2025-08-25,28.8,23.6,30.6,,35.6,86.5,9.4,,58.0,18.02,2.1,
滨州,ecmwf_ifs025,2025-08-19,6,2025-08-25,29.4,24.4,31.4,,38.4,89.8,6.8,,67.6,12.06,12.0,
滨州,ecmwf_ifs025,2025-08-18,7,2025-08-25,30.6,23.3,31.9,,41.8,86.5,6.2,,78.2,15.46,8.1,
滨州,gfs_seamless,2025-08-24,1,2025-08-25,29.0,22.9,29.5,,36.0,85.4,8.3,21.6,83.9,16.57,5.9,0.0
滨州,gfs_seamless,2025-08-23,2,2025-08-25,26.4,22.5,27.6,,,93.0,10.7,29.5,85.0,8.26,6.6,0.0
滨州,gfs_seamless,2025-08-22,3,2025-08-25,27.8,21.7,27.8,,32.7,87.3,9.0,21.6,88.5,11.26,0.8,0.0
滨州,gfs_seamless,2025-08-21,4,2025-08-25,28.7,21.1,28.2,,34.6,83.2,10.9,24.5,84.4,16.65,4.0,0.0
滨州,gfs_seamless,2025-08-20,5,2025-08-25,28.9,23.4,29.7,,36.3,88.4,10.0,29.9,82.5,14.3,3.7,0.0
滨州,gfs_seamless,2025-08-19,6,2025-08-25,29.3,23.6,29.7,,38.4,91.0,10.0,30.6,95.7,8.27,3.0,0.0
滨州,gfs_seamless,2025-08-18,7,2025-08-25,25.6,20.5,26.2,,,84.9,14.4,29.2,89.8,13.88,1.6,0.0
滨州,jma_seamless,2025-08-24,1,2025-08-25,26.1,22.1,28.2,,,,,,79.9,,3.3,
滨州,jma_seamless,2025-08-23,2,2025-08-25,26.0,23.6,29.1,,,,,,76.8,,4.8,
滨州,jma_seamless,2025-08-22,3,2025-08-25,28.5,25.0,31.5,,,,,,50.0,,9.3,
滨州,jma_seamless,2025-08-21,4,2025-08-25,27.5,23.4,29.3,,,,,,70.3,,1.8,
滨州,jma_seamless,2025-08-20,5,2025-08-25,28.1,24.4,31.2,,,,,,56.0,,8.7,
滨州,jma_seamless,2025-08-19,6,2025-08-25,29.5,25.6,33.1,,,,,,63.4,,5.7,
滨州,jma_seamless,2025-08-18,7,2025-08-25,30.1,27.1,34.9,,,,,,24.9,,9.0,
滨州,ecmwf_ifs025,2025-08-25,1,2025-08-26,29.5,20.8,29.8,,36.6,81.6,5.1,,34.3,18.88,0.0,
滨州,ecmwf_ifs025,2025-08-24,2,2025-08-26,29.5,20.4,29.6,,36.5,81.5,5.6,,36.1,17.27,0.0,
滨州,ecmwf_ifs025,2025-08-23,3,2025-08-26,30.1,20.9,29.5,,38.5,81.9,6.2,,45.8,20.04,0.0,
滨州,ecmwf_ifs025,2025-08-22,4,2025-08-26,29.3,21.8,29.0,,36.2,82.4,8.0,,47.2,19.7,0.0,
滨州,ecmwf_ifs025,2025-08-21,5,2025-08-26,29.4,21.5,28.9,,36.3,81.9,8.0,,52.2,19.77,0.0,
滨州,ecmwf_ifs025,2025-08-20,6,2025-08-26,30.0,24.1,30.6,,38.0,81.1,10.2,,48.4,17.95,0.0,
滨州,ecmwf_ifs025,2025-08-19,7,2025-08-26,27.5,24.0,30.1,,31.7,86.7,5.7,,70.8,13.53,18.3,
滨州,gfs_seamless,2025-08-25,1,2025-08-26,31.0,21.6,28.5,,40.3,78.4,8.0,27.7,84.2,21.25,0.0,0.0
滨州,gfs_seamless,2025-08-24,2,2025-08-26,30.9,21.2,28.8,,40.4,79.6,8.8,28.8,68.0,21.35,0.0,0.0
滨州,gfs_seamless,2025-08-23,3,2025-08-26,29.3,20.8,26.9,,35.6,79.9,10.8,26.6,63.8,23.07,0.0,0.0
滨州,gfs_seamless,2025-08-22,4,2025-08-26,29.3,20.8,26.3,,34.7,76.3,10.6,29.2,73.7,22.93,0.0,0.0
滨州,gfs_seamless,2025-08-21,5,2025-08-26,30.1,22.2,28.1,,37.3,77.5,11.8,25.9,84.4,20.62,0.0,0.0
滨州,gfs_seamless,2025-08-20,6,2025-08-26,29.0,21.8,27.4,,34.5,78.8,13.5,35.3,71.4,22.47,0.4,0.0
滨州,gfs_seamless,2025-08-19,7,2025-08-26,29.8,22.0,29.5,,38.6,85.5,12.5,30.2,95.2,19.78,0.4,0.0
滨州,jma_seamless,2025-08-25,1,2025-08-26,30.1,22.9,30.9,,,,,,44.4,,0.0,
滨州,jma_seamless,2025-08-24,2,2025-08-26,30.1,23.7,30.7,,,,,,30.3,,0.0,
滨州,jma_seamless,2025-08-23,3,2025-08-26,30.5,24.0,30.6,,,,,,26.7,,0.0,
滨州,jma_seamless,2025-08-22,4,2025-08-26,30.3,24.6,31.3,,,,,,70.0,,0.0,
滨州,jma_seamless,2025-08-21,5,2025-08-26,29.7,23.3,29.4,,,,,,41.5,,0.0,
滨州,jma_seamless,2025-08-20,6,2025-08-26,29.6,25.3,31.6,,,,,,61.2,,0.0,
滨州,jma_seamless,2025-08-19,7,2025-08-26,29.2,26.6,33.4,,,,,,56.6,,1.8,
滨州,ecmwf_ifs025,2025-08-26,1,2025-08-27,28.8,23.3,29.3,,34.1,79.4,12.1,,80.7,9.04,0.6,
滨州,ecmwf_ifs025,2025-08-25,2,2025-08-27,30.0,23.0,29.8,,37.1,77.8,11.9,,41.2,15.52,0.0,
滨州,ecmwf_ifs025,2025-08-24,3,2025-08-27,30.2,22.2,29.0,,38.3,80.0,12.1,,63.3,13.99,0.3,
滨州,ecmwf_ifs025,2025-08-23,4,2025-08-27,28.7,22.5,29.1,,33.8,79.6,12.8,,51.8,14.56,0.0,
滨州,ecmwf_ifs025,2025-08-22,5,2025-08-27,28.9,22.7,29.3,,35.3,84.0,10.9,,78.8,10.44,6.0,
滨州,ecmwf_ifs025,2025-08-21,6,2025-08-27,29.2,24.9,31.3,,36.6,85.3,8.4,,89.8,10.49,8.7,
滨州,ecmwf_ifs025,2025-08-20,7,2025-08-27,31.6,23.4,31.8,,47.0,89.5,9.2,,82.7,15.15,12.3,
滨州,gfs_seamless,2025-08-26,1,2025-08-27,27.6,21.3,26.8,,,,,43.9,99.2,10.16,0.0,0.0
滨州,gfs_seamless,2025-08-25,2,2025-08-27,30.7,22.0,27.7,,,,,48.6,98.3,17.81,2.4,0.0
滨州,gfs_seamless,2025-08-24,3,2025-08-27,29.9,21.0,27.5,,,,,40.0,99.3,18.63,0.1,0.0
滨州,gfs_seamless,2025-08-23,4,2025-08-27,30.4,20.8,27.7,,,,,28.8,96.1,16.35,0.2,0.0
滨州,gfs_seamless,2025-08-22,5,2025-08-27,30.0,21.5,27.8,,,,,24.8,98.0,17.72,0.6,0.0
滨州,gfs_seamless,2025-08-21,6,2025-08-27,32.2,22.9,32.0,,,,,44.6,85.2,20.32,5.3,0.0
滨州,gfs_seamless,2025-08-20,7,2025-08-27,33.1,23.6,32.6,,,,,29.2,84.0,21.18,5.5,0.0
滨州,jma_seamless,2025-08-26,1,2025-08-27,29.8,24.7,31.1,,36.7,78.5,8.6,,,,2.1,0.0
滨州,jma_seamless,2025-08-25,2,2025-08-27,29.5,24.1,30.4,,34.9,74.6,8.0,,,,0.0,0.0
滨州,jma_seamless,2025-08-24,3,2025-08-27,30.0,22.5,29.9,,35.4,71.6,6.2,,,,0.0,0.0
滨州,jma_seamless,2025-08-23,4,2025-08-27,30.4,23.4,30.1,,36.5,71.7,7.1,,,,0.0,0.0
滨州,jma_seamless,2025-08-22,5,2025-08-27,30.4,22.5,31.9,,39.5,81.8,5.0,,,,1.8,0.0
滨州,jma_seamless,2025-08-21,6,2025-08-27,31.2,25.1,32.0,,40.8,78.0,5.4,,,,3.3,0.0
滨州,jma_seamless,2025-08-20,7,2025-08-27,31.6,25.7,33.8,,43.9,82.5,6.0,,,,6.6,0.0
滨州,ecmwf_ifs025,2025-08-27,1,2025-08-28,29.8,23.7,30.7,,37.4,81.2,11.0,,43.0,16.38,3.3,
滨州,ecmwf_ifs025,2025-08-26,2,2025-08-28,28.2,23.4,30.1,,33.6,85.5,11.7,,40.3,13.39,3.9,
滨州,ecmwf_ifs025,2025-08-25,3,2025-08-28,30.7,23.6,31.7,,41.7,85.3,10.8,,53.9,13.71,5.4,
滨州,ecmwf_ifs025,2025-08-24,4,2025-08-28,28.5,23.5,29.6,,34.4,85.2,12.1,,54.3,12.39,5.7,
滨州,ecmwf_ifs025,2025-08-23,5,2025-08-28,29.5,24.6,32.1,,37.2,84.1,10.2,,47.0,16.34,6.0,
滨州,ecmwf_ifs025,2025-08-22,6,2025-08-28,25.6,22.1,27.7,,,89.0,10.3,,34.8,13.03,7.8,
滨州,ecmwf_ifs025,2025-08-21,7,2025-08-28,29.4,23.0,31.2,,37.9,88.0,6.8,,31.7,17.45,4.2,
滨州,gfs_seamless,2025-08-27,1,2025-08-28,28.6,22.8,28.8,,,,,44.6,89.2,20.37,8.0,0.0
滨州,gfs_seamless,2025-08-26,2,2025-08-28,27.4,21.1,27.1,,,,,38.2,88.0,14.93,2.3,0.0
滨州,gfs_seamless,2025-08-25,3,2025-08-28,28.9,21.0,27.1,,,,,34.2,81.9,11.81,9.9,0.0
滨州,gfs_seamless,2025-08-24,4,2025-08-28,28.7,22.1,28.4,,,,,31.3,82.8,14.57,2.7,0.0
滨州,gfs_seamless,2025-08-23,5,2025-08-28,29.2,20.4,26.7,,,,,26.3,81.3,12.58,1.0,0.0
滨州,gfs_seamless,2025-08-22,6,2025-08-28,28.3,22.9,29.7,,,,,16.2,97.8,12.7,8.5,0.0
滨州,gfs_seamless,2025-08-21,7,2025-08-28,32.2,23.9,32.6,,,,,14.8,74.1,17.66,0.1,0.0
滨州,jma_seamless,2025-08-27,1,2025-08-28,30.2,25.2,33.2,,38.8,81.6,6.3,,,,6.9,0.0
滨州,jma_seamless,2025-08-26,2,2025-08-28,29.6,25.9,33.9,,37.4,83.5,6.3,,,,6.6,0.0
滨州,jma_seamless,2025-08-25,3,2025-08-28,30.1,26.7,33.5,,37.9,79.8,7.1,,,,5.4,0.0
滨州,jma_seamless,2025-08-24,4,2025-08-28,28.0,26.0,31.7,,32.1,79.9,6.8,,,,6.3,0.0
滨州,jma_seamless,2025-08-23,5,2025-08-28,28.7,26.3,33.3,,35.1,85.9,5.2,,,,16.8,0.0
滨州,jma_seamless,2025-08-22,6,2025-08-28,31.2,25.4,33.4,,42.6,82.8,5.7,,,,7.5,0.0
滨州,jma_seamless,2025-08-21,7,2025-08-28,31.8,24.7,32.8,,43.1,78.7,2.9,,,,0.0,0.0
滨州,ecmwf_ifs025,2025-08-28,1,2025-08-29,30.4,22.2,30.5,,39.0,80.2,6.1,,20.2,19.84,0.0,
滨州,ecmwf_ifs025,2025-08-27,2,2025-08-29,30.2,22.6,30.6,,39.4,83.8,5.1,,36.3,15.89,0.0,
滨州,ecmwf_ifs025,2025-08-26,3,2025-08-29,30.0,22.7,30.3,,38.7,83.5,5.7,,22.2,16.39,0.0,
滨州,ecmwf_ifs025,2025-08-25,4,2025-08-29,30.4,22.4,31.2,,40.0,83.3,6.1,,16.9,19.85,0.0,
滨州,ecmwf_ifs025,2025-08-24,5,2025-08-29,31.0,23.2,32.2,,41.5,81.8,5.0,,27.2,18.87,0.0,
滨州,ecmwf_ifs025,2025-08-23,6,2025-08-29,32.1,21.5,32.2,,46.6,84.1,4.2,,13.6,19.27,0.0,
滨州,ecmwf_ifs025,2025-08-22,7,2025-08-29,28.4,22.3,29.3,,34.8,88.7,5.2,,41.0,11.91,0.0,
滨州,gfs_seamless,2025-08-28,1,2025-08-29,29.7,22.3,28.5,,,,,20.2,42.6,18.62,2.3,0.0
滨州,gfs_seamless,2025-08-27,2,2025-08-29,28.6,21.7,28.1,,,,,21.2,55.8,17.77,0.4,0.0
滨州,gfs_seamless,2025-08-26,3,2025-08-29,27.3,20.6,26.8,,,,,24.8,64.4,9.75,0.2,0.0
滨州,gfs_seamless,2025-08-25,4,2025-08-29,30.9,22.2,28.1,,,,,30.2,66.5,17.65,0.0,0.0
滨州,gfs_seamless,2025-08-24,5,2025-08-29,31.5,22.2,29.5,,,,,31.7,56.2,21.07,0.4,0.0
滨州,gfs_seamless,2025-08-23,6,2025-08-29,28.3,21.0,28.1,,,,,31.7,73.4,17.46,3.9,0.0
滨州,gfs_seamless,2025-08-22,7,2025-08-29,27.7,23.7,28.6,,,,,35.6,98.6,7.71,0.3,0.0
滨州,jma_seamless,2025-08-28,1,2025-08-29,30.2,24.9,31.7,,37.2,76.4,3.2,,,,0.3,0.0
滨州,jma_seamless,2025-08-27,2,2025-08-29,29.1,24.9,33.0,,35.9,83.9,2.5,,,,3.9,0.0
滨州,jma_seamless,2025-08-26,3,2025-08-29,28.7,26.0,33.2,,35.4,87.0,3.1,,,,15.0,0.0
滨州,jma_seamless,2025-08-25,4,2025-08-29,28.9,24.6,33.7,,36.7,89.7,2.9,,,,11.1,0.0
滨州,jma_seamless,2025-08-24,5,2025-08-29,31.4,25.6,32.6,,39.4,72.2,3.1,,,,0.0,0.0
滨州,jma_seamless,2025-08-23,6,2025-08-29,30.7,24.5,32.6,,39.9,79.9,4.3,,,,1.2,0.0
滨州,jma_seamless,2025-08-22,7,2025-08-29,32.0,24.3,31.4,,41.0,71.7,6.0,,,,0.0,0.0
滨州,ecmwf_ifs025,2025-08-29,1,2025-08-30,28.5,22.6,28.4,,33.8,82.0,8.0,,50.2,15.46,0.3,
滨州,ecmwf_ifs025,2025-08-28,2,2025-08-30,27.7,22.9,29.3,,32.0,84.6,8.2,,50.3,12.66,1.2,
滨州,ecmwf_ifs025,2025-08-27,3,2025-08-30,29.4,23.4,30.2,,36.3,81.7,5.4,,58.2,16.94,0.0,
滨州,ecmwf_ifs025,2025-08-26,4,2025-08-30,29.8,23.0,30.6,,37.4,81.1,4.4,,48.2,16.07,0.0,
滨州,ecmwf_ifs025,2025-08-25,5,2025-08-30,29.4,23.5,31.4,,37.1,85.0,3.8,,46.6,12.12,0.6,
滨州,ecmwf_ifs025,2025-08-24,6,2025-08-30,31.6,23.8,32.6,,45.1,85.2,5.7,,42.9,16.19,18.0,
滨州,ecmwf_ifs025,2025-08-23,7,2025-08-30,31.4,22.8,31.7,,43.5,83.2,5.8,,44.7,17.81,8.7,
滨州,gfs_seamless,2025-08-29,1,2025-08-30,27.4,22.4,27.2,,,,,31.0,96.6,11.92,3.8,0.0
滨州,gfs_seamless,2025-08-28,2,2025-08-30,28.2,21.9,27.9,,,,,33.1,98.3,12.01,3.5,0.0
滨州,gfs_seamless,2025-08-27,3,2025-08-30,24.7,21.5,26.4,,,,,20.2,98.7,2.64,4.7,0.0
滨州,gfs_seamless,2025-08-26,4,2025-08-30,24.6,22.0,26.7,,,,,10.1,92.8,2.43,2.0,0.0
滨州,gfs_seamless,2025-08-25,5,2025-08-30,27.3,21.2,26.9,,,,,34.2,100.0,5.12,0.1,0.0
滨州,gfs_seamless,2025-08-24,6,2025-08-30,26.1,21.0,25.5,,,,,34.2,99.8,4.17,4.1,0.0
滨州,gfs_seamless,2025-08-23,7,2025-08-30,24.2,21.2,26.9,,,,,23.0,98.5,3.15,3.2,0.0
滨州,jma_seamless,2025-08-29,1,2025-08-30,27.5,22.8,29.1,,30.9,79.8,4.9,,,,3.9,0.0
滨州,jma_seamless,2025-08-28,2,2025-08-30,30.3,25.4,32.3,,38.6,79.9,4.3,,,,3.0,0.0
滨州,jma_seamless,2025-08-27,3,2025-08-30,28.6,24.9,32.2,,35.3,88.0,3.0,,,,9.3,0.0
滨州,jma_seamless,2025-08-26,4,2025-08-30,30.7,22.8,31.8,,39.4,78.5,3.0,,,,1.2,0.0
滨州,jma_seamless,2025-08-25,5,2025-08-30,28.2,25.3,32.3,,33.5,85.4,1.6,,,,12.9,0.0
滨州,jma_seamless,2025-08-24,6,2025-08-30,31.2,24.4,32.2,,41.1,78.7,2.7,,,,4.8,0.0
滨州,jma_seamless,2025-08-23,7,2025-08-30,27.8,21.5,29.6,,32.3,84.7,6.7,,,,7.5,0.0
滨州,ecmwf_ifs025,2025-08-30,1,2025-08-31,26.8,21.2,27.7,,,86.4,6.2,,31.1,12.37,3.3,
滨州,ecmwf_ifs025,2025-08-29,2,2025-08-31,28.0,21.7,28.3,,32.7,84.0,6.9,,35.2,13.5,4.8,
滨州,ecmwf_ifs025,2025-08-28,3,2025-08-31,27.7,21.9,28.3,,32.5,88.1,6.2,,41.8,11.66,3.3,
滨州,ecmwf_ifs025,2025-08-27,4,2025-08-31,28.2,21.9,28.6,,33.5,85.1,4.5,,33.5,11.7,0.0,
滨州,ecmwf_ifs025,2025-08-26,5,2025-08-31,26.8,21.6,28.7,,,88.9,4.1,,45.9,9.3,0.6,
滨州,ecmwf_ifs025,2025-08-25,6,2025-08-31,26.6,22.2,28.0,,,87.8,5.4,,53.2,8.2,26.1,
滨州,ecmwf_ifs025,2025-08-24,7,2025-08-31,24.4,22.5,28.1,,,90.3,3.8,,53.0,5.44,11.7,
滨州,gfs_seamless,2025-08-30,1,2025-08-31,25.6,19.6,25.6,,,,,23.0,72.2,13.98,11.7,0.0
滨州,gfs_seamless,2025-08-29,2,2025-08-31,26.1,20.1,25.9,,,,,27.7,68.8,11.36,1.7,0.0
滨州,gfs_seamless,2025-08-28,3,2025-08-31,26.7,20.5,26.2,,,,,25.2,62.5,17.04,2.5,0.0
滨州,gfs_seamless,2025-08-27,4,2025-08-31,27.1,21.4,26.5,,,,,19.1,79.4,11.06,14.6,0.0
滨州,gfs_seamless,2025-08-26,5,2025-08-31,29.8,20.2,27.9,,,,,16.2,66.0,21.13,0.0,0.0
滨州,gfs_seamless,2025-08-25,6,2025-08-31,29.6,21.2,27.4,,,,,17.3,46.3,22.82,0.0,0.0
滨州,gfs_seamless,2025-08-24,7,2025-08-31,27.5,21.1,25.6,,,,,21.6,70.8,7.89,0.0,0.0
滨州,jma_seamless,2025-08-30,1,2025-08-31,24.2,21.1,27.2,,,85.8,2.5,,,,3.0,0.0
滨州,jma_seamless,2025-08-29,2,2025-08-31,28.6,22.7,30.0,,34.1,82.4,4.4,,,,0.9,0.0
滨州,jma_seamless,2025-08-28,3,2025-08-31,28.0,23.3,30.7,,32.9,84.9,3.3,,,,4.5,0.0
滨州,jma_seamless,2025-08-27,4,2025-08-31,27.2,24.2,29.6,,30.0,78.5,5.2,,,,6.6,0.0
滨州,jma_seamless,2025-08-26,5,2025-08-31,26.0,24.3,29.4,,,79.1,3.2,,,,0.9,0.0
滨州,jma_seamless,2025-08-25,6,2025-08-31,28.5,21.9,29.7,,33.9,82.9,4.3,,,,7.8,0.0
滨州,jma_seamless,2025-08-24,7,2025-08-31,28.7,21.1,28.5,,34.5,83.1,3.2,,,,1.5,0.0
滨州,ecmwf_ifs025,2025-08-31,1,2025-09-01,29.2,19.2,28.0,,35.8,82.1,4.5,,13.4,21.58,0.0,
滨州,ecmwf_ifs025,2025-08-30,2,2025-09-01,29.7,19.0,29.0,,37.9,84.2,4.3,,3.5,21.38,0.0,
滨州,ecmwf_ifs025,2025-08-29,3,2025-09-01,30.0,19.4,28.9,,38.0,81.2,3.5,,2.7,21.0,0.0,
滨州,ecmwf_ifs025,2025-08-28,4,2025-09-01,30.1,20.0,29.3,,38.7,82.6,4.0,,6.5,21.23,0.0,
滨州,ecmwf_ifs025,2025-08-27,5,2025-09-01,31.0,21.1,29.6,,40.8,79.9,4.5,,0.6,21.33,0.0,
滨州,ecmwf_ifs025,2025-08-26,6,2025-09-01,30.7,21.1,30.2,,40.6,82.2,3.9,,0.4,20.02,0.0,
滨州,ecmwf_ifs025,2025-08-25,7,2025-09-01,29.6,21.8,29.5,,37.8,84.9,3.5,,0.7,19.89,0.0,
滨州,gfs_seamless,2025-08-31,1,2025-09-01,29.5,19.0,26.7,,,,,9.0,0.0,23.18,0.0,0.0
滨州,gfs_seamless,2025-08-30,2,2025-09-01,29.3,19.3,26.3,,,,,15.5,0.0,23.36,0.0,0.0
滨州,gfs_seamless,2025-08-29,3,2025-09-01,29.8,19.6,27.5,,,,,16.6,0.0,23.15,0.0,0.0
滨州,gfs_seamless,2025-08-28,4,2025-09-01,29.8,19.7,27.9,,,,,11.2,0.0,23.07,0.0,0.0
滨州,gfs_seamless,2025-08-27,5,2025-09-01,29.8,20.0,28.1,,,,,14.8,1.1,23.29,0.0,0.0
滨州,gfs_seamless,2025-08-26,6,2025-09-01,30.9,20.6,28.8,,,,,21.6,0.0,23.14,0.0,0.0
滨州,gfs_seamless,2025-08-25,7,2025-09-01,31.0,20.7,28.9,,,,,11.2,0.0,23.25,0.0,0.0
滨州,jma_seamless,2025-08-31,1,2025-09-01,30.5,19.1,27.3,,38.6,78.0,2.2,,,,0.0,0.0
滨州,jma_seamless,2025-08-30,2,2025-09-01,31.3,21.2,28.9,,40.2,75.4,2.2,,,,0.0,0.0
滨州,jma_seamless,2025-08-29,3,2025-09-01,32.9,22.3,30.3,,44.0,72.0,1.7,,,,0.0,0.0
滨州,jma_seamless,2025-08-28,4,2025-09-01,32.7,22.9,30.6,,41.8,68.2,1.8,,,,0.0,0.0
滨州,jma_seamless,2025-08-27,5,2025-09-01,32.9,23.6,30.5,,41.8,66.8,3.0,,,,0.0,0.0
滨州,jma_seamless,2025-08-26,6,2025-09-01,32.6,20.8,29.6,,42.3,70.1,3.7,,,,0.0,0.0
滨州,jma_seamless,2025-08-25,7,2025-09-01,31.9,20.9,29.7,,40.7,71.6,3.7,,,,0.0,0.0
滨州,ecmwf_ifs025,2025-09-01,1,2025-09-02,30.5,19.9,29.1,,38.9,78.9,4.4,,23.7,20.66,0.0,
滨州,ecmwf_ifs025,2025-08-31,2,2025-09-02,30.0,20.2,29.2,,37.8,80.5,4.3,,20.2,19.77,0.0,
滨州,ecmwf_ifs025,2025-08-30,3,2025-09-02,30.6,20.6,30.1,,39.2,79.0,4.2,,21.1,20.99,0.0,
滨州,ecmwf_ifs025,2025-08-29,4,2025-09-02,30.9,21.3,30.5,,40.0,78.5,5.6,,15.5,21.1,0.0,
滨州,ecmwf_ifs025,2025-08-28,5,2025-09-02,31.2,20.5,30.2,,41.3,79.3,5.2,,9.9,21.22,0.0,
滨州,ecmwf_ifs025,2025-08-27,6,2025-09-02,32.4,22.5,30.8,,44.3,76.5,5.4,,6.5,19.74,0.0,
滨州,ecmwf_ifs025,2025-08-26,7,2025-09-02,31.3,21.7,30.4,,41.5,79.0,5.1,,0.5,20.54,0.0,
滨州,gfs_seamless,2025-09-01,1,2025-09-02,30.0,20.5,27.7,,,,,16.9,53.8,19.85,0.0,0.0
滨州,gfs_seamless,2025-08-31,2,2025-09-02,30.4,19.8,27.4,,,,,13.0,45.9,19.76,0.0,0.0
滨州,gfs_seamless,2025-08-30,3,2025-09-02,29.8,21.0,27.6,,,,,17.6,46.0,20.98,0.0,0.0
滨州,gfs_seamless,2025-08-29,4,2025-09-02,31.1,22.0,28.8,,,,,33.8,22.3,22.9,0.0,0.0
滨州,gfs_seamless,2025-08-28,5,2025-09-02,31.6,21.2,29.1,,,,,36.0,42.5,22.0,0.0,0.0
滨州,gfs_seamless,2025-08-27,6,2025-09-02,31.9,20.4,28.6,,,,,34.6,40.3,22.81,0.0,0.0
滨州,gfs_seamless,2025-08-26,7,2025-09-02,31.3,21.5,29.2,,,,,20.2,51.2,21.61,0.0,0.0
滨州,jma_seamless,2025-09-01,1,2025-09-02,33.8,22.0,30.0,,43.0,63.2,4.2,,,,0.0,0.0
滨州,jma_seamless,2025-08-31,2,2025-09-02,33.8,22.2,29.8,,41.7,60.2,4.5,,,,0.0,0.0
滨州,jma_seamless,2025-08-30,3,2025-09-02,34.7,23.6,30.4,,42.8,57.0,4.8,,,,0.0,0.0
滨州,jma_seamless,2025-08-29,4,2025-09-02,35.0,24.0,30.7,,42.0,53.2,5.3,,,,0.0,0.0
滨州,jma_seamless,2025-08-28,5,2025-09-02,35.3,22.9,31.0,,43.7,55.3,6.0,,,,0.0,0.0
滨州,jma_seamless,2025-08-27,6,2025-09-02,33.5,23.8,30.6,,43.1,65.5,6.2,,,,0.0,0.0
滨州,jma_seamless,2025-08-26,7,2025-09-02,34.3,23.8,31.4,,45.4,65.1,5.2,,,,0.0,0.0
滨州,ecmwf_ifs025,2025-09-02,1,2025-09-03,29.4,21.9,28.9,,36.7,83.2,4.8,,61.4,14.04,0.0,
滨州,ecmwf_ifs025,2025-09-01,2,2025-09-03,30.0,21.4,29.1,,37.8,80.4,5.8,,44.4,17.38,0.0,
滨州,ecmwf_ifs025,2025-08-31,3,2025-09-03,30.3,21.7,29.9,,38.9,81.0,5.6,,27.2,20.35,0.0,
滨州,ecmwf_ifs025,2025-08-30,4,2025-09-03,31.0,22.5,30.1,,40.7,79.4,5.7,,43.8,17.3,0.0,
滨州,ecmwf_ifs025,2025-08-29,5,2025-09-03,30.1,22.6,30.2,,37.9,79.9,5.3,,32.1,16.28,0.0,
滨州,ecmwf_ifs025,2025-08-28,6,2025-09-03,29.5,23.9,30.2,,36.0,79.2,6.4,,45.8,13.0,0.0,
滨州,ecmwf_ifs025,2025-08-27,7,2025-09-03,30.4,23.5,30.4,,38.0,76.9,6.3,,45.2,16.46,0.0,
滨州,gfs_seamless,2025-09-02,1,2025-09-03,28.5,22.2,27.5,,,,,19.8,84.2,9.25,0.0,0.0
滨州,gfs_seamless,2025-09-01,2,2025-09-03,28.0,21.3,27.0,,,,,13.7,78.7,12.86,0.0,0.0
滨州,gfs_seamless,2025-08-31,3,2025-09-03,28.7,20.7,27.1,,,,,14.0,98.7,11.56,0.0,0.0
滨州,gfs_seamless,2025-08-30,4,2025-09-03,27.0,21.3,26.0,,,,,22.3,72.0,9.8,0.0,0.0
滨州,gfs_seamless,2025-08-29,5,2025-09-03,29.4,21.0,26.9,,,,,28.4,97.8,13.38,0.0,0.0
滨州,gfs_seamless,2025-08-28,6,2025-09-03,25.2,21.5,25.9,,,,,52.2,100.0,3.12,8.5,0.0
滨州,gfs_seamless,2025-08-27,7,2025-09-03,31.7,22.0,28.9,,,,,43.6,97.5,19.15,8.1,0.0
滨州,jma_seamless,2025-09-02,1,2025-09-03,31.6,24.8,29.7,,35.9,59.2,6.6,,,,0.0,0.0
滨州,jma_seamless,2025-09-01,2,2025-09-03,32.7,24.7,29.3,,36.4,52.5,6.5,,,,0.0,0.0
滨州,jma_seamless,2025-08-31,3,2025-09-03,32.6,24.7,29.6,,36.6,54.0,5.5,,,,0.0,0.0
滨州,jma_seamless,2025-08-30,4,2025-09-03,34.9,24.7,30.2,,41.0,51.4,4.6,,,,0.0,0.0
滨州,jma_seamless,2025-08-29,5,2025-09-03,34.5,24.5,32.5,,47.7,68.5,7.9,,,,7.8,0.0
滨州,jma_seamless,2025-08-28,6,2025-09-03,34.5,24.4,33.4,,49.8,72.4,4.1,,,,9.9,0.0
滨州,jma_seamless,2025-08-27,7,2025-09-03,32.9,25.0,31.8,,40.7,63.8,5.5,,,,0.0,0.0
滨州,ecmwf_ifs025,2025-09-03,1,2025-09-04,28.8,19.4,27.4,,35.0,83.9,5.5,,5.4,20.44,0.0,
滨州,ecmwf_ifs025,2025-09-02,2,2025-09-04,29.1,19.5,27.6,,35.4,81.6,5.6,,0.0,21.0,0.0,
滨州,ecmwf_ifs025,2025-09-01,3,2025-09-04,28.6,19.6,27.4,,34.4,83.6,7.3,,6.9,19.17,0.0,
滨州,ecmwf_ifs025,2025-08-31,4,2025-09-04,28.2,20.7,28.1,,33.1,83.1,5.6,,36.1,14.31,0.0,
滨州,ecmwf_ifs025,2025-08-30,5,2025-09-04,28.0,22.3,28.7,,32.8,84.2,6.5,,48.3,8.78,0.0,
滨州,ecmwf_ifs025,2025-08-29,6,2025-09-04,29.6,23.1,29.9,,36.9,81.7,6.1,,22.3,16.35,4.5,
滨州,ecmwf_ifs025,2025-08-28,7,2025-09-04,25.8,23.4,28.2,,,81.2,7.3,,27.1,5.98,0.0,
滨州,gfs_seamless,2025-09-03,1,2025-09-04,29.6,20.8,26.8,,,,,22.7,40.6,21.33,0.0,0.0
滨州,gfs_seamless,2025-09-02,2,2025-09-04,29.8,20.8,27.3,,,,,18.0,53.8,16.59,0.0,0.0
滨州,gfs_seamless,2025-09-01,3,2025-09-04,30.2,20.8,27.7,,,,,19.8,26.1,22.5,0.0,0.0
滨州,gfs_seamless,2025-08-31,4,2025-09-04,29.7,20.1,27.2,,,,,26.3,70.3,20.06,0.0,0.0
滨州,gfs_seamless,2025-08-30,5,2025-09-04,27.8,22.6,27.6,,,,,22.7,91.8,11.23,0.0,0.0
滨州,gfs_seamless,2025-08-29,6,2025-09-04,26.4,22.2,27.2,,,,,37.8,99.3,3.03,15.8,0.0
滨州,gfs_seamless,2025-08-28,7,2025-09-04,26.5,19.5,26.5,,,,,40.7,94.8,7.8,0.9,0.0
滨州,jma_seamless,2025-09-03,1,2025-09-04,30.5,22.7,29.1,,36.7,71.5,6.2,,,,0.0,0.0
滨州,jma_seamless,2025-09-02,2,2025-09-04,33.2,24.5,31.3,,42.0,65.1,5.8,,,,0.0,0.0
滨州,jma_seamless,2025-09-01,3,2025-09-04,30.5,25.8,31.2,,35.1,65.3,6.4,,,,0.0,0.0
滨州,jma_seamless,2025-08-31,4,2025-09-04,34.6,24.0,31.7,,45.6,63.6,4.6,,,,0.0,0.0
滨州,jma_seamless,2025-08-30,5,2025-09-04,33.3,24.8,33.0,,45.1,71.5,5.4,,,,1.2,0.0
滨州,jma_seamless,2025-08-29,6,2025-09-04,29.8,25.3,32.2,,37.9,83.0,5.5,,,,21.9,0.0
滨州,jma_seamless,2025-08-28,7,2025-09-04,33.3,25.0,32.9,,44.1,69.2,6.1,,,,1.2,0.0
滨州,ecmwf_ifs025,2025-09-04,1,2025-09-05,30.5,20.2,28.8,,40.8,84.8,8.0,,76.9,16.24,15.6,
滨州,ecmwf_ifs025,2025-09-03,2,2025-09-05,29.7,20.2,28.3,,37.5,82.9,7.9,,58.8,16.63,5.1,
滨州,ecmwf_ifs025,2025-09-02,3,2025-09-05,29.4,20.8,28.9,,36.4,82.3,7.3,,73.7,15.62,5.7,
滨州,ecmwf_ifs025,2025-09-01,4,2025-09-05,29.3,20.7,27.8,,36.9,85.5,6.8,,81.9,14.14,7.2,
滨州,ecmwf_ifs025,2025-08-31,5,2025-09-05,26.9,21.1,27.6,,,90.7,5.1,,93.3,7.96,26.4,
滨州,ecmwf_ifs025,2025-08-30,6,2025-09-05,25.2,23.8,29.8,,,96.4,6.3,,88.4,2.06,42.6,
滨州,ecmwf_ifs025,2025-08-29,7,2025-09-05,25.9,22.4,29.5,,,92.8,5.5,,71.2,4.18,22.2,
滨州,gfs_seamless,2025-09-04,1,2025-09-05,28.2,21.2,26.5,,,,,28.1,88.0,9.11,0.5,0.0
滨州,gfs_seamless,2025-09-03,2,2025-09-05,30.2,21.8,28.2,,,,,27.7,79.9,17.0,4.8,0.0
滨州,gfs_seamless,2025-09-02,3,2025-09-05,30.5,21.6,29.4,,,,,22.7,51.7,17.51,4.7,0.0
滨州,gfs_seamless,2025-09-01,4,2025-09-05,31.1,20.2,28.1,,,,,33.1,61.1,20.03,9.1,0.0
滨州,gfs_seamless,2025-08-31,5,2025-09-05,26.9,22.4,27.8,,,,,36.0,99.0,3.51,6.4,0.0
滨州,gfs_seamless,2025-08-30,6,2025-09-05,23.7,21.8,26.5,,,,,22.7,94.7,0.98,11.2,0.0
滨州,gfs_seamless,2025-08-29,7,2025-09-05,27.3,22.0,26.8,,,,,34.9,88.5,12.72,1.4,0.0
滨州,jma_seamless,2025-09-04,1,2025-09-05,32.3,22.7,30.7,,43.5,75.4,5.0,,,,0.3,0.0
滨州,jma_seamless,2025-09-03,2,2025-09-05,33.6,23.8,31.3,,45.9,70.9,7.7,,,,10.8,0.0
滨州,jma_seamless,2025-09-02,3,2025-09-05,32.9,24.3,32.5,,42.0,67.2,5.9,,,,25.8,0.0
滨州,jma_seamless,2025-09-01,4,2025-09-05,33.4,23.6,32.5,,42.0,63.7,6.0,,,,0.6,0.0
滨州,jma_seamless,2025-08-31,5,2025-09-05,35.3,26.7,34.2,,46.2,60.4,5.2,,,,0.0,0.0
滨州,jma_seamless,2025-08-30,6,2025-09-05,37.4,24.3,34.9,,60.8,71.2,5.5,,,,4.5,0.0
滨州,jma_seamless,2025-08-29,7,2025-09-05,30.6,25.0,32.3,,40.5,82.7,5.8,,,,7.2,0.0
滨州,ecmwf_ifs025,2025-09-05,1,2025-09-06,28.8,21.4,27.5,,33.5,76.3,8.4,,46.7,19.2,0.0,
滨州,ecmwf_ifs025,2025-09-04,2,2025-09-06,26.4,19.2,26.8,,,84.8,7.0,,39.8,7.1,1.5,
滨州,ecmwf_ifs025,2025-09-03,3,2025-09-06,26.5,19.7,26.6,,,83.8,8.6,,42.5,8.94,14.7,
滨州,ecmwf_ifs025,2025-09-02,4,2025-09-06,27.1,19.4,25.9,,30.0,80.2,7.4,,39.8,14.29,2.7,
滨州,ecmwf_ifs025,2025-09-01,5,2025-09-06,27.9,19.8,27.0,,32.0,80.8,6.0,,62.0,14.92,18.6,
滨州,ecmwf_ifs025,2025-08-31,6,2025-09-06,29.2,20.3,27.9,,35.6,81.3,5.7,,36.0,19.2,1.5,
滨州,ecmwf_ifs025,2025-08-30,7,2025-09-06,27.8,20.6,27.8,,31.6,79.7,9.1,,50.3,12.25,0.0,
滨州,gfs_seamless,2025-09-05,1,2025-09-06,28.1,20.2,25.7,,,,,26.3,99.7,11.88,0.0,0.0
滨州,gfs_seamless,2025-09-04,2,2025-09-06,28.5,20.6,24.9,,,,,24.8,100.0,12.39,3.3,0.0
滨州,gfs_seamless,2025-09-03,3,2025-09-06,28.4,20.0,26.0,,,,,24.8,98.8,12.19,0.0,0.0
滨州,gfs_seamless,2025-09-02,4,2025-09-06,28.3,21.1,26.5,,,,,18.0,98.5,8.25,13.5,0.0
滨州,gfs_seamless,2025-09-01,5,2025-09-06,28.6,19.0,25.5,,,,,20.9,97.2,10.13,3.3,0.0
滨州,gfs_seamless,2025-08-31,6,2025-09-06,28.3,20.1,25.6,,,,,20.5,68.3,20.84,0.0,0.0
滨州,gfs_seamless,2025-08-30,7,2025-09-06,27.9,19.3,24.3,,,,,43.6,83.3,20.66,0.4,0.0
滨州,jma_seamless,2025-09-05,1,2025-09-06,30.3,23.1,28.8,,35.8,70.0,3.6,,,,0.3,0.0
滨州,jma_seamless,2025-09-04,2,2025-09-06,26.3,21.7,27.7,,,83.5,4.3,,,,27.6,0.0
滨州,jma_seamless,2025-09-03,3,2025-09-06,27.8,21.1,27.1,,31.4,78.2,5.9,,,,25.8,0.0
滨州,jma_seamless,2025-09-02,4,2025-09-06,30.0,20.9,28.3,,33.1,61.5,7.3,,,,0.0,0.0
滨州,jma_seamless,2025-09-01,5,2025-09-06,26.0,22.3,26.7,,,74.4,5.1,,,,3.6,0.0
滨州,jma_seamless,2025-08-31,6,2025-09-06,29.9,21.1,27.0,,35.1,71.4,6.1,,,,32.7,0.0
滨州,jma_seamless,2025-08-30,7,2025-09-06,31.5,22.2,29.3,,38.6,68.8,6.7,,,,3.0,0.0
滨州,ecmwf_ifs025,2025-09-06,1,2025-09-07,29.8,18.6,26.5,,35.3,73.3,7.1,,14.2,21.04,0.0,
滨州,ecmwf_ifs025,2025-09-05,2,2025-09-07,29.7,17.3,25.7,,35.3,74.4,6.0,,15.7,20.22,0.0,
滨州,ecmwf_ifs025,2025-09-04,3,2025-09-07,29.7,16.1,25.5,,36.2,77.9,5.8,,16.8,21.07,0.0,
滨州,ecmwf_ifs025,2025-09-03,4,2025-09-07,29.9,16.8,26.1,,35.4,72.7,4.5,,29.9,20.88,0.0,
滨州,ecmwf_ifs025,2025-09-02,5,2025-09-07,30.5,18.1,26.4,,36.6,71.2,4.9,,29.0,21.25,0.0,
滨州,ecmwf_ifs025,2025-09-01,6,2025-09-07,27.9,19.9,25.9,,31.8,79.6,5.9,,42.8,18.48,0.0,
滨州,ecmwf_ifs025,2025-08-31,7,2025-09-07,29.7,18.8,26.1,,36.3,78.2,5.8,,2.6,17.91,0.0,
滨州,gfs_seamless,2025-09-06,1,2025-09-07,29.4,18.8,26.1,,,,,19.4,59.2,21.87,0.0,0.0
滨州,gfs_seamless,2025-09-05,2,2025-09-07,29.6,18.3,25.6,,,,,19.8,53.9,22.32,0.0,0.0
滨州,gfs_seamless,2025-09-04,3,2025-09-07,29.8,18.3,24.5,,,,,14.4,15.2,23.21,0.0,0.0
滨州,gfs_seamless,2025-09-03,4,2025-09-07,29.8,17.9,24.8,,,,,13.3,40.6,22.79,0.0,0.0
滨州,gfs_seamless,2025-09-02,5,2025-09-07,30.0,18.3,26.6,,,,,12.6,53.6,21.55,0.0,0.0
滨州,gfs_seamless,2025-09-01,6,2025-09-07,29.5,19.2,25.7,,,,,21.2,88.7,16.7,0.0,0.0
滨州,gfs_seamless,2025-08-31,7,2025-09-07,27.3,19.3,23.0,,,,,19.1,99.5,14.82,0.0,0.0
滨州,jma_seamless,2025-09-06,1,2025-09-07,34.0,21.9,27.6,,38.6,50.7,5.5,,,,0.0,0.0
滨州,jma_seamless,2025-09-05,2,2025-09-07,34.6,21.1,27.6,,41.1,53.6,4.2,,,,0.0,0.0
滨州,jma_seamless,2025-09-04,3,2025-09-07,33.7,20.3,27.5,,40.7,58.3,4.5,,,,0.0,0.0
滨州,jma_seamless,2025-09-03,4,2025-09-07,30.6,20.2,25.7,,33.5,57.5,3.6,,,,0.0,0.0
滨州,jma_seamless,2025-09-02,5,2025-09-07,34.6,20.5,25.5,,36.2,39.1,5.0,,,,0.0,0.0
滨州,jma_seamless,2025-09-01,6,2025-09-07,33.7,21.3,26.4,,36.4,45.7,4.2,,,,0.0,0.0
滨州,jma_seamless,2025-08-31,7,2025-09-07,34.0,20.5,26.4,,36.7,44.7,3.6,,,,0.0,0.0
滨州,ecmwf_ifs025,2025-09-07,1,2025-09-08,28.7,20.7,27.7,,33.5,78.0,3.4,,31.3,11.26,0.0,
滨州,ecmwf_ifs025,2025-09-06,2,2025-09-08,28.4,21.5,27.6,,32.9,79.0,6.0,,52.2,10.16,0.0,
滨州,ecmwf_ifs025,2025-09-05,3,2025-09-08,26.8,19.9,25.5,,,79.8,6.1,,47.6,9.57,0.0,
滨州,ecmwf_ifs025,2025-09-04,4,2025-09-08,27.6,18.5,25.3,,31.0,79.3,6.3,,41.3,12.2,0.0,
滨州,ecmwf_ifs025,2025-09-03,5,2025-09-08,26.3,19.7,25.3,,,83.9,4.2,,47.8,7.32,0.0,
滨州,ecmwf_ifs025,2025-09-02,6,2025-09-08,28.2,18.6,25.0,,31.2,70.9,6.1,,32.0,12.93,0.0,
滨州,ecmwf_ifs025,2025-09-01,7,2025-09-08,27.1,18.0,23.0,,28.6,64.8,5.6,,12.6,20.4,0.0,
滨州,gfs_seamless,2025-09-07,1,2025-09-08,28.5,18.6,25.7,,,,,29.2,67.9,13.85,3.8,0.0
滨州,gfs_seamless,2025-09-06,2,2025-09-08,29.9,21.3,27.1,,,,,41.4,66.9,15.41,0.0,0.0
滨州,gfs_seamless,2025-09-05,3,2025-09-08,29.9,21.4,27.6,,,,,27.7,57.0,20.52,0.0,0.0
滨州,gfs_seamless,2025-09-04,4,2025-09-08,29.1,20.6,26.0,,,,,29.2,78.8,13.07,0.0,0.0
滨州,gfs_seamless,2025-09-03,5,2025-09-08,27.0,20.8,25.4,,,,,21.6,100.0,8.45,0.2,0.0
滨州,gfs_seamless,2025-09-02,6,2025-09-08,26.8,15.8,24.8,,,,,39.6,94.4,8.22,0.0,0.0
滨州,gfs_seamless,2025-09-01,7,2025-09-08,26.3,18.8,23.3,,,,,17.3,83.3,15.97,0.0,0.0
滨州,jma_seamless,2025-09-07,1,2025-09-08,31.1,23.0,27.7,,33.6,53.8,5.1,,,,0.0,0.0
滨州,jma_seamless,2025-09-06,2,2025-09-08,29.9,22.2,27.8,,32.9,61.5,4.0,,,,0.0,0.0
滨州,jma_seamless,2025-09-05,3,2025-09-08,32.4,21.2,26.8,,35.0,49.6,3.1,,,,0.0,0.0
滨州,jma_seamless,2025-09-04,4,2025-09-08,33.5,20.9,27.6,,38.5,53.5,3.5,,,,0.0,0.0
滨州,jma_seamless,2025-09-03,5,2025-09-08,33.3,22.5,27.6,,35.0,43.0,3.2,,,,0.0,0.0
滨州,jma_seamless,2025-09-02,6,2025-09-08,34.1,23.8,27.6,,35.9,41.0,4.3,,,,0.0,0.0
滨州,jma_seamless,2025-09-01,7,2025-09-08,35.4,17.8,26.4,,40.7,47.7,6.4,,,,0.0,0.0
滨州,ecmwf_ifs025,2025-09-08,1,2025-09-09,29.9,19.9,27.3,,35.8,74.0,7.9,,0.0,20.39,0.0,
滨州,ecmwf_ifs025,2025-09-07,2,2025-09-09,29.9,21.1,28.3,,36.7,77.6,7.4,,5.2,20.15,0.0,
滨州,ecmwf_ifs025,2025-09-06,3,2025-09-09,29.4,18.1,27.2,,35.3,77.4,6.0,,1.2,20.24,0.0,
滨州,ecmwf_ifs025,2025-09-05,4,2025-09-09,29.1,16.4,24.9,,33.8,74.1,6.4,,1.2,20.35,0.0,
滨州,ecmwf_ifs025,2025-09-04,5,2025-09-09,28.7,17.3,25.2,,33.2,76.3,6.0,,0.0,20.6,0.0,
滨州,ecmwf_ifs025,2025-09-03,6,2025-09-09,30.0,17.3,26.1,,37.5,79.5,4.3,,0.0,18.64,0.0,
滨州,ecmwf_ifs025,2025-09-02,7,2025-09-09,28.6,16.8,24.6,,32.8,75.5,4.5,,0.0,19.45,0.0,
滨州,gfs_seamless,2025-09-08,1,2025-09-09,29.2,17.1,24.7,,,,,30.2,0.0,21.79,0.0,0.0
滨州,gfs_seamless,2025-09-07,2,2025-09-09,28.4,18.0,24.5,,,,,43.9,0.0,21.92,0.0,0.0
滨州,gfs_seamless,2025-09-06,3,2025-09-09,31.1,19.7,26.2,,,,,42.5,0.0,22.05,0.0,0.0
滨州,gfs_seamless,2025-09-05,4,2025-09-09,30.8,19.9,26.8,,,,,33.8,1.2,21.79,0.0,0.0
滨州,gfs_seamless,2025-09-04,5,2025-09-09,26.9,18.9,25.0,,,,,34.6,7.0,21.82,0.2,0.0
滨州,gfs_seamless,2025-09-03,6,2025-09-09,27.9,15.6,23.4,,,,,27.0,1.4,21.68,0.0,0.0
滨州,gfs_seamless,2025-09-02,7,2025-09-09,30.3,18.2,25.3,,,,,31.7,5.7,21.93,0.0,0.0
滨州,jma_seamless,2025-09-08,1,2025-09-09,32.2,21.3,26.8,,35.7,53.7,7.0,,,,0.0,0.0
滨州,jma_seamless,2025-09-07,2,2025-09-09,32.8,21.9,26.7,,34.9,46.3,7.7,,,,0.0,0.0
滨州,jma_seamless,2025-09-06,3,2025-09-09,31.5,19.1,26.1,,35.4,57.9,3.8,,,,0.0,0.0
滨州,jma_seamless,2025-09-05,4,2025-09-09,34.0,21.1,28.6,,41.7,58.8,4.1,,,,0.0,0.0
滨州,jma_seamless,2025-09-04,5,2025-09-09,28.1,24.9,26.6,,28.5,49.4,8.8,,,,0.0,0.0
滨州,jma_seamless,2025-09-03,6,2025-09-09,32.3,21.8,26.9,,37.6,59.5,4.8,,,,0.0,0.0
滨州,jma_seamless,2025-09-02,7,2025-09-09,35.5,17.5,28.9,,47.2,61.3,4.0,,,,0.0,0.0
滨州,ecmwf_ifs025,2025-09-09,1,2025-09-10,30.5,20.1,28.1,,37.0,72.6,7.0,,0.0,20.31,0.0,
滨州,ecmwf_ifs025,2025-09-08,2,2025-09-10,30.2,19.7,27.4,,36.3,73.1,8.5,,0.0,20.31,0.0,
滨州,ecmwf_ifs025,2025-09-07,3,2025-09-10,30.2,20.3,27.4,,36.5,73.6,8.3,,1.8,20.23,0.0,
滨州,ecmwf_ifs025,2025-09-06,4,2025-09-10,30.2,18.6,26.8,,36.1,72.2,7.8,,11.2,20.15,0.0,
滨州,ecmwf_ifs025,2025-09-05,5,2025-09-10,29.9,18.6,26.4,,35.6,73.2,7.4,,0.8,20.38,0.0,
滨州,ecmwf_ifs025,2025-09-04,6,2025-09-10,30.0,20.0,26.5,,36.1,74.1,6.7,,0.0,18.85,0.0,
滨州,ecmwf_ifs025,2025-09-03,7,2025-09-10,30.7,20.1,27.3,,38.1,74.5,6.5,,2.2,19.4,0.0,
滨州,gfs_seamless,2025-09-09,1,2025-09-10,30.2,19.8,27.3,,35.4,69.4,7.9,54.4,8.6,21.76,0.0,0.0
滨州,gfs_seamless,2025-09-08,2,2025-09-10,30.0,18.3,25.2,,35.3,71.0,9.4,55.1,0.0,22.13,0.0,0.0
滨州,gfs_seamless,2025-09-07,3,2025-09-10,29.2,18.8,25.4,,33.7,72.5,9.8,49.3,13.1,22.05,0.0,0.0
滨州,gfs_seamless,2025-09-06,4,2025-09-10,31.3,19.1,25.6,,37.5,67.2,11.6,52.2,11.7,22.14,0.0,0.0
滨州,gfs_seamless,2025-09-05,5,2025-09-10,30.7,19.5,26.2,,36.6,69.1,10.1,48.2,15.8,22.08,0.0,0.0
滨州,gfs_seamless,2025-09-04,6,2025-09-10,30.1,17.9,25.8,,35.7,71.6,10.0,54.4,1.2,21.63,0.0,0.0
滨州,gfs_seamless,2025-09-03,7,2025-09-10,29.6,18.0,25.3,,34.6,72.2,8.2,29.5,0.0,21.72,0.0,0.0
滨州,jma_seamless,2025-09-09,1,2025-09-10,33.7,23.6,29.1,,39.1,54.1,5.3,,0.0,,0.0,0.0
滨州,jma_seamless,2025-09-08,2,2025-09-10,33.6,23.8,28.7,,38.0,51.6,6.2,,0.0,,0.0,0.0
滨州,jma_seamless,2025-09-07,3,2025-09-10,33.5,23.4,28.4,,37.2,49.6,6.6,,1.1,,0.0,0.0
滨州,jma_seamless,2025-09-06,4,2025-09-10,32.8,23.1,27.7,,35.0,46.8,7.3,,6.8,,0.0,0.0
滨州,jma_seamless,2025-09-05,5,2025-09-10,35.9,23.8,28.8,,40.8,45.0,5.9,,2.5,,0.0,0.0
滨州,jma_seamless,2025-09-04,6,2025-09-10,31.5,21.5,27.3,,35.1,57.0,5.5,,22.9,,0.0,0.0
滨州,jma_seamless,2025-09-03,7,2025-09-10,33.4,23.0,29.9,,41.9,63.4,5.2,,21.1,,0.0,0.0
滨州,ecmwf_ifs025,2025-09-10,1,2025-09-11,29.3,21.0,27.4,,33.3,69.7,6.9,,60.2,13.95,0.0,
滨州,ecmwf_ifs025,2025-09-09,2,2025-09-11,30.6,20.0,27.1,,36.2,68.8,8.3,,46.4,18.55,0.0,
滨州,ecmwf_ifs025,2025-09-08,3,2025-09-11,27.8,19.2,26.2,,30.9,74.8,9.0,,64.7,13.55,0.0,
滨州,ecmwf_ifs025,2025-09-07,4,2025-09-11,28.5,20.8,26.4,,32.0,72.3,6.8,,71.3,12.52,0.3,
滨州,ecmwf_ifs025,2025-09-06,5,2025-09-11,29.9,19.7,27.5,,36.3,75.9,8.8,,47.6,17.86,0.0,
滨州,ecmwf_ifs025,2025-09-05,6,2025-09-11,28.9,20.4,25.6,,32.9,72.2,9.2,,46.8,13.65,0.0,
滨州,ecmwf_ifs025,2025-09-04,7,2025-09-11,30.2,20.3,26.5,,36.1,72.3,7.8,,44.1,18.67,0.0,
滨州,gfs_seamless,2025-09-10,1,2025-09-11,30.8,20.6,26.6,,35.3,63.6,7.9,29.2,74.2,19.48,0.0,0.0
滨州,gfs_seamless,2025-09-09,2,2025-09-11,29.2,19.5,25.0,,32.6,67.1,9.8,39.2,96.3,13.82,0.0,0.0
滨州,gfs_seamless,2025-09-08,3,2025-09-11,28.1,18.0,24.4,,31.1,71.6,9.0,35.6,99.9,15.15,0.0,0.0
滨州,gfs_seamless,2025-09-07,4,2025-09-11,28.8,18.5,24.4,,33.0,73.8,10.9,33.1,85.2,14.89,0.1,0.0
滨州,gfs_seamless,2025-09-06,5,2025-09-11,28.3,18.9,24.8,,32.1,75.2,12.0,39.6,100.0,8.33,0.0,0.0
滨州,gfs_seamless,2025-09-05,6,2025-09-11,30.7,19.5,26.3,,36.9,70.5,10.2,47.9,72.3,17.36,0.0,0.0
滨州,gfs_seamless,2025-09-04,7,2025-09-11,30.8,20.0,26.4,,37.2,70.4,11.9,52.6,20.0,21.58,0.0,0.0
滨州,jma_seamless,2025-09-10,1,2025-09-11,33.8,24.8,29.8,,37.9,49.9,6.5,,49.2,,0.0,0.0
滨州,jma_seamless,2025-09-09,2,2025-09-11,34.5,23.8,29.2,,37.8,45.0,6.4,,53.8,,0.0,0.0
滨州,jma_seamless,2025-09-08,3,2025-09-11,32.4,23.8,28.8,,35.2,50.4,6.6,,63.6,,0.0,0.0
滨州,jma_seamless,2025-09-07,4,2025-09-11,31.8,24.3,29.4,,35.6,56.3,5.8,,69.5,,0.0,0.0
滨州,jma_seamless,2025-09-06,5,2025-09-11,33.5,23.6,28.0,,37.0,48.8,6.9,,59.5,,0.3,0.0
滨州,jma_seamless,2025-09-05,6,2025-09-11,32.6,23.3,29.3,,36.7,54.3,6.4,,62.4,,0.0,0.0
滨州,jma_seamless,2025-09-04,7,2025-09-11,33.6,21.4,28.9,,40.8,59.3,5.2,,25.8,,0.0,0.0
滨州,ecmwf_ifs025,2025-09-11,1,2025-09-12,28.6,20.0,26.2,,32.8,75.6,6.5,,18.9,14.89,0.3,
滨州,ecmwf_ifs025,2025-09-10,2,2025-09-12,29.6,21.5,27.3,,34.4,71.4,9.0,,22.3,18.24,0.0,
滨州,ecmwf_ifs025,2025-09-09,3,2025-09-12,25.4,21.4,24.4,,,78.8,13.0,,34.0,11.15,11.7,
滨州,ecmwf_ifs025,2025-09-08,4,2025-09-12,27.1,18.6,24.2,,30.0,80.6,9.0,,29.5,10.12,6.6,
滨州,ecmwf_ifs025,2025-09-07,5,2025-09-12,28.2,20.2,26.6,,32.0,76.4,7.7,,32.9,9.09,1.8,
滨州,ecmwf_ifs025,2025-09-06,6,2025-09-12,23.5,21.3,24.9,,,90.2,14.9,,75.2,1.97,94.8,
滨州,ecmwf_ifs025,2025-09-05,7,2025-09-12,28.8,21.3,26.8,,34.4,81.2,11.9,,39.5,11.31,5.1,
滨州,gfs_seamless,2025-09-11,1,2025-09-12,24.6,17.7,22.3,,,78.9,8.4,19.8,74.1,4.11,1.3,0.0
滨州,gfs_seamless,2025-09-10,2,2025-09-12,25.2,18.2,22.7,,,76.0,12.4,37.8,63.6,14.82,0.4,0.0
滨州,gfs_seamless,2025-09-09,3,2025-09-12,22.2,17.1,20.0,,,82.8,10.1,37.1,35.5,1.88,2.4,0.0
滨州,gfs_seamless,2025-09-08,4,2025-09-12,27.3,16.3,21.3,,30.6,82.0,12.7,31.7,61.5,13.16,3.1,0.0
滨州,gfs_seamless,2025-09-07,5,2025-09-12,22.9,17.4,22.9,,,81.8,9.7,32.8,70.0,7.54,0.3,0.0
滨州,gfs_seamless,2025-09-06,6,2025-09-12,23.5,18.0,21.4,,,93.8,19.5,46.8,89.3,1.85,7.6,0.0
滨州,gfs_seamless,2025-09-05,7,2025-09-12,31.4,19.2,26.7,,38.7,70.0,8.7,47.2,69.1,21.12,0.0,0.0
滨州,jma_seamless,2025-09-11,1,2025-09-12,28.4,22.7,27.3,,30.2,61.1,5.0,,72.8,,0.0,0.0
滨州,jma_seamless,2025-09-10,2,2025-09-12,28.1,22.0,25.0,,30.4,66.5,8.4,,79.6,,3.0,0.0
滨州,jma_seamless,2025-09-09,3,2025-09-12,27.2,21.5,26.8,,28.5,62.3,6.8,,79.2,,0.0,0.0
滨州,jma_seamless,2025-09-08,4,2025-09-12,27.6,20.1,25.4,,29.4,65.4,9.4,,82.0,,8.4,0.0
滨州,jma_seamless,2025-09-07,5,2025-09-12,24.8,21.3,24.6,,,89.9,11.1,,90.8,,26.1,0.0
滨州,jma_seamless,2025-09-06,6,2025-09-12,27.3,21.1,24.9,,30.4,80.1,8.2,,70.0,,48.6,0.0
滨州,jma_seamless,2025-09-05,7,2025-09-12,27.7,21.6,27.9,,30.9,76.9,4.0,,66.4,,9.0,0.0
滨州,ecmwf_ifs025,2025-09-12,1,2025-09-13,29.0,19.4,27.1,,34.1,77.2,5.3,,10.2,18.59,0.0,
滨州,ecmwf_ifs025,2025-09-11,2,2025-09-13,30.6,19.6,27.7,,37.6,73.6,5.5,,6.9,17.68,0.0,
滨州,ecmwf_ifs025,2025-09-10,3,2025-09-13,30.0,18.0,26.8,,34.7,68.5,4.5,,1.5,18.01,0.0,
滨州,ecmwf_ifs025,2025-09-09,4,2025-09-13,28.7,15.9,24.5,,32.2,70.9,7.5,,4.0,19.83,0.0,
滨州,ecmwf_ifs025,2025-09-08,5,2025-09-13,28.5,20.5,26.6,,32.9,77.6,7.5,,11.2,18.93,0.0,
滨州,ecmwf_ifs025,2025-09-07,6,2025-09-13,30.0,21.0,27.6,,36.5,75.6,5.1,,21.4,16.66,0.3,
滨州,ecmwf_ifs025,2025-09-06,7,2025-09-13,28.1,21.3,27.6,,32.5,81.1,8.3,,8.1,17.16,0.6,
滨州,gfs_seamless,2025-09-12,1,2025-09-13,28.7,16.8,24.5,,32.8,74.0,7.7,56.5,7.3,21.37,0.0,0.0
滨州,gfs_seamless,2025-09-11,2,2025-09-13,27.3,17.9,24.3,,30.0,76.2,5.9,51.8,15.7,21.32,0.0,0.0
滨州,gfs_seamless,2025-09-10,3,2025-09-13,28.8,15.6,23.0,,32.3,69.8,9.2,59.0,13.8,21.59,0.0,0.0
滨州,gfs_seamless,2025-09-09,4,2025-09-13,27.4,15.7,22.4,,29.9,73.3,9.7,61.9,9.2,21.45,0.0,0.0
滨州,gfs_seamless,2025-09-08,5,2025-09-13,27.3,16.4,22.8,,29.8,74.7,8.5,53.3,23.9,21.67,0.0,0.0
滨州,gfs_seamless,2025-09-07,6,2025-09-13,28.0,18.4,24.6,,31.5,76.0,9.2,51.5,11.2,21.16,0.0,0.0
滨州,gfs_seamless,2025-09-06,7,2025-09-13,27.6,18.7,25.4,,30.6,75.5,6.6,51.1,5.2,21.24,0.0,0.0
滨州,jma_seamless,2025-09-12,1,2025-09-13,30.6,21.6,28.0,,34.8,63.2,2.8,,1.0,,0.0,0.0
滨州,jma_seamless,2025-09-11,2,2025-09-13,31.3,21.6,27.3,,35.4,59.6,4.3,,1.3,,0.0,0.0
滨州,jma_seamless,2025-09-10,3,2025-09-13,27.9,20.3,26.7,,30.3,68.8,5.1,,13.8,,0.0,0.0
滨州,jma_seamless,2025-09-09,4,2025-09-13,29.2,20.2,26.5,,32.5,66.5,6.5,,15.0,,0.0,0.0
滨州,jma_seamless,2025-09-08,5,2025-09-13,30.4,21.8,27.6,,35.8,69.1,5.0,,16.2,,0.0,0.0
滨州,jma_seamless,2025-09-07,6,2025-09-13,28.1,20.1,28.4,,33.2,85.3,3.8,,35.2,,0.0,0.0
滨州,jma_seamless,2025-09-06,7,2025-09-13,28.7,20.3,27.1,,33.0,75.2,2.6,,1.9,,0.0,0.0
滨州,ecmwf_ifs025,2025-09-13,1,2025-09-14,32.4,21.8,29.4,,42.4,71.9,10.2,,8.8,18.9,0.0,
滨州,ecmwf_ifs025,2025-09-12,2,2025-09-14,31.9,21.8,28.3,,37.8,63.2,9.9,,0.1,19.3,0.0,
滨州,ecmwf_ifs025,2025-09-11,3,2025-09-14,34.0,22.4,29.0,,41.3,57.9,10.4,,0.8,19.17,0.0,
滨州,ecmwf_ifs025,2025-09-10,4,2025-09-14,33.7,21.1,27.0,,40.2,57.0,12.6,,0.2,19.62,0.0,
滨州,ecmwf_ifs025,2025-09-09,5,2025-09-14,33.4,20.0,26.5,,41.5,62.5,10.5,,0.3,19.79,0.0,
滨州,ecmwf_ifs025,2025-09-08,6,2025-09-14,33.7,20.2,28.1,,43.0,63.9,10.4,,3.8,18.03,0.0,
滨州,ecmwf_ifs025,2025-09-07,7,2025-09-14,32.0,21.9,28.6,,40.5,70.3,8.7,,0.0,18.03,0.0,
滨州,gfs_seamless,2025-09-13,1,2025-09-14,31.3,20.4,28.2,,38.8,71.1,10.1,56.9,6.1,20.75,0.0,0.0
滨州,gfs_seamless,2025-09-12,2,2025-09-14,31.1,19.1,27.1,,37.6,69.1,9.4,47.9,10.4,20.78,0.0,0.0
滨州,gfs_seamless,2025-09-11,3,2025-09-14,30.5,20.2,25.6,,35.8,68.3,13.9,57.6,1.0,20.82,0.0,0.0
滨州,gfs_seamless,2025-09-10,4,2025-09-14,30.7,18.2,23.9,,35.7,65.9,15.1,62.6,0.5,21.06,0.0,0.0
滨州,gfs_seamless,2025-09-09,5,2025-09-14,30.7,18.7,25.4,,36.5,68.9,12.0,55.8,26.8,21.15,0.0,0.0
滨州,gfs_seamless,2025-09-08,6,2025-09-14,30.8,18.9,25.8,,37.6,71.7,11.2,55.8,1.5,21.21,0.0,0.0
滨州,gfs_seamless,2025-09-07,7,2025-09-14,30.9,20.4,26.9,,38.3,73.2,10.3,54.4,27.7,20.23,0.0,0.0
滨州,jma_seamless,2025-09-13,1,2025-09-14,33.4,25.2,30.4,,39.0,55.8,7.5,,0.0,,0.0,0.0
滨州,jma_seamless,2025-09-12,2,2025-09-14,33.9,24.4,28.2,,37.3,47.4,7.2,,0.6,,0.0,0.0
滨州,jma_seamless,2025-09-11,3,2025-09-14,34.0,23.5,28.6,,38.3,49.8,6.5,,15.9,,0.0,0.0
滨州,jma_seamless,2025-09-10,4,2025-09-14,33.5,23.3,26.2,,35.1,42.0,7.7,,0.1,,0.0,0.0
滨州,jma_seamless,2025-09-09,5,2025-09-14,33.2,22.8,26.0,,34.8,43.1,7.7,,0.8,,0.0,0.0
滨州,jma_seamless,2025-09-08,6,2025-09-14,32.3,22.1,28.9,,40.5,67.9,2.8,,10.4,,0.0,0.0
滨州,jma_seamless,2025-09-07,7,2025-09-14,32.6,22.0,29.7,,42.3,70.3,2.7,,10.1,,0.0,0.0
滨州,ecmwf_ifs025,2025-09-14,1,2025-09-15,31.5,21.6,30.7,,41.0,75.8,5.3,,21.4,17.65,0.0,
滨州,ecmwf_ifs025,2025-09-13,2,2025-09-15,31.4,22.1,29.8,,38.2,68.5,10.0,,34.6,17.34,0.0,
滨州,ecmwf_ifs025,2025-09-12,3,2025-09-15,31.8,22.5,29.1,,37.1,61.5,11.5,,26.0,17.84,0.0,
滨州,ecmwf_ifs025,2025-09-11,4,2025-09-15,32.7,19.3,27.9,,38.8,60.2,11.1,,24.4,17.75,0.0,
滨州,ecmwf_ifs025,2025-09-10,5,2025-09-15,31.0,18.5,24.6,,33.5,54.1,10.8,,0.0,19.74,0.0,
滨州,ecmwf_ifs025,2025-09-09,6,2025-09-15,29.9,23.6,29.0,,35.3,72.1,11.2,,13.0,15.25,0.9,
滨州,ecmwf_ifs025,2025-09-08,7,2025-09-15,32.3,22.6,30.0,,42.4,72.7,9.2,,20.0,16.19,0.0,
滨州,gfs_seamless,2025-09-14,1,2025-09-15,31.6,22.4,30.1,,40.7,74.2,8.3,22.7,63.8,18.69,0.3,0.0
滨州,gfs_seamless,2025-09-13,2,2025-09-15,31.9,22.4,30.0,,39.9,69.5,7.3,28.1,70.5,19.28,0.0,0.0
滨州,gfs_seamless,2025-09-12,3,2025-09-15,31.6,19.8,28.4,,40.0,72.1,12.0,39.6,89.3,18.17,0.0,0.0
滨州,gfs_seamless,2025-09-11,4,2025-09-15,27.8,19.5,23.7,,29.6,63.9,15.7,40.3,88.1,16.22,0.0,0.0
滨州,gfs_seamless,2025-09-10,5,2025-09-15,29.8,20.6,25.2,,32.9,62.3,11.8,49.0,57.6,18.14,0.0,0.0
滨州,gfs_seamless,2025-09-09,6,2025-09-15,31.6,20.2,27.1,,37.9,65.8,10.9,38.5,36.7,20.2,0.0,0.0
滨州,gfs_seamless,2025-09-08,7,2025-09-15,30.0,19.0,25.4,,35.1,70.3,13.4,48.6,37.5,20.46,0.0,0.0
滨州,jma_seamless,2025-09-14,1,2025-09-15,34.3,25.4,32.5,,43.4,60.8,5.9,,34.2,,0.0,0.0
滨州,jma_seamless,2025-09-13,2,2025-09-15,34.6,23.8,31.3,,42.9,57.8,7.0,,16.6,,0.0,0.0
滨州,jma_seamless,2025-09-12,3,2025-09-15,34.9,23.2,30.5,,42.2,54.3,7.8,,21.8,,0.0,0.0
滨州,jma_seamless,2025-09-11,4,2025-09-15,33.8,22.3,27.6,,36.3,44.7,9.6,,5.1,,0.0,0.0
滨州,jma_seamless,2025-09-10,5,2025-09-15,33.7,21.0,26.9,,36.6,46.3,9.3,,25.1,,0.0,0.0
滨州,jma_seamless,2025-09-09,6,2025-09-15,30.5,21.2,25.2,,31.2,46.3,7.0,,30.6,,0.0,0.0
滨州,jma_seamless,2025-09-08,7,2025-09-15,34.0,24.4,31.2,,42.6,61.1,8.6,,39.9,,0.0,0.0
滨州,ecmwf_ifs025,2025-09-15,1,2025-09-16,26.3,19.5,26.4,,,81.7,13.3,,80.8,6.85,13.5,
滨州,ecmwf_ifs025,2025-09-14,2,2025-09-16,27.1,22.3,27.2,,29.7,77.0,13.1,,76.4,8.4,5.7,
滨州,ecmwf_ifs025,2025-09-13,3,2025-09-16,25.3,21.4,26.9,,,91.7,9.4,,86.6,4.06,56.7,
滨州,ecmwf_ifs025,2025-09-12,4,2025-09-16,26.3,23.3,28.1,,,84.9,7.6,,66.8,5.53,22.5,
滨州,ecmwf_ifs025,2025-09-11,5,2025-09-16,30.3,20.9,27.6,,38.9,81.0,10.4,,57.7,9.97,20.4,
滨州,ecmwf_ifs025,2025-09-10,6,2025-09-16,26.5,23.1,28.4,,,85.2,9.5,,75.1,8.78,19.8,
滨州,ecmwf_ifs025,2025-09-09,7,2025-09-16,24.4,21.5,27.4,,,90.2,5.6,,74.0,4.15,17.1,
滨州,gfs_seamless,2025-09-15,1,2025-09-16,26.8,17.6,24.6,,,86.8,15.1,53.3,95.9,9.83,11.6,0.0
滨州,gfs_seamless,2025-09-14,2,2025-09-16,26.8,20.2,25.6,,,84.3,14.4,45.0,95.0,10.82,5.9,0.0
滨州,gfs_seamless,2025-09-13,3,2025-09-16,26.7,21.6,25.9,,,83.8,16.7,45.0,98.9,9.01,2.3,0.0
滨州,gfs_seamless,2025-09-12,4,2025-09-16,28.5,21.5,26.5,,34.4,85.4,14.2,29.2,99.8,14.48,4.6,0.0
滨州,gfs_seamless,2025-09-11,5,2025-09-16,24.6,21.7,25.0,,,88.1,12.0,33.5,100.0,4.29,1.4,0.0
滨州,gfs_seamless,2025-09-10,6,2025-09-16,29.3,18.5,26.0,,36.4,83.4,9.5,39.2,98.0,12.01,0.2,0.0
滨州,gfs_seamless,2025-09-09,7,2025-09-16,30.4,18.3,27.7,,38.2,77.7,10.4,43.2,95.1,14.14,1.4,0.0
滨州,jma_seamless,2025-09-15,1,2025-09-16,28.8,23.1,29.3,,34.1,79.6,8.5,,81.9,,17.4,0.0
滨州,jma_seamless,2025-09-14,2,2025-09-16,28.9,24.0,30.8,,35.0,82.5,6.6,,61.8,,23.1,0.0
滨州,jma_seamless,2025-09-13,3,2025-09-16,28.6,24.2,30.7,,34.2,82.9,5.1,,75.8,,37.2,0.0
滨州,jma_seamless,2025-09-12,4,2025-09-16,27.6,24.3,31.1,,31.4,81.9,5.5,,54.5,,34.2,0.0
滨州,jma_seamless,2025-09-11,5,2025-09-16,32.3,24.4,30.8,,42.0,71.9,6.2,,56.2,,7.5,0.0
滨州,jma_seamless,2025-09-10,6,2025-09-16,30.9,24.5,29.5,,35.8,64.4,7.0,,50.8,,0.0,0.0
滨州,jma_seamless,2025-09-09,7,2025-09-16,32.3,24.9,30.8,,40.1,66.7,7.6,,40.9,,0.0,0.0
滨州,ecmwf_ifs025,2025-09-16,1,2025-09-17,23.2,16.0,18.8,,,64.3,13.7,,22.0,17.78,4.2,
滨州,ecmwf_ifs025,2025-09-15,2,2025-09-17,24.1,16.4,19.5,,,63.4,15.3,,34.6,16.54,3.0,
滨州,ecmwf_ifs025,2025-09-14,3,2025-09-17,23.1,15.1,19.6,,,69.3,13.9,,47.5,13.31,1.2,
滨州,ecmwf_ifs025,2025-09-13,4,2025-09-17,22.6,15.0,18.7,,,69.7,13.3,,31.2,16.82,6.6,
滨州,ecmwf_ifs025,2025-09-12,5,2025-09-17,22.8,15.1,19.2,,,68.3,11.1,,26.3,17.23,2.7,
滨州,ecmwf_ifs025,2025-09-11,6,2025-09-17,25.1,15.6,22.9,,,78.1,11.8,,55.3,13.33,3.3,
滨州,ecmwf_ifs025,2025-09-10,7,2025-09-17,24.5,21.0,22.5,,,70.9,18.0,,26.6,16.71,1.2,
滨州,gfs_seamless,2025-09-16,1,2025-09-17,22.4,15.7,16.9,,,62.2,14.2,38.2,89.8,15.09,0.0,0.0
滨州,gfs_seamless,2025-09-15,2,2025-09-17,24.0,13.7,17.4,,,66.4,14.1,42.8,99.3,7.34,0.2,0.0
滨州,gfs_seamless,2025-09-14,3,2025-09-17,24.4,17.6,19.4,,,58.2,18.2,42.8,99.3,13.35,0.3,0.0
滨州,gfs_seamless,2025-09-13,4,2025-09-17,22.4,16.8,17.8,,,61.8,18.4,40.3,96.1,7.08,3.8,0.0
滨州,gfs_seamless,2025-09-12,5,2025-09-17,22.2,16.0,19.1,,,77.1,11.3,56.2,91.5,3.48,0.3,0.0
滨州,gfs_seamless,2025-09-11,6,2025-09-17,26.5,16.5,23.3,,,85.4,11.5,47.9,88.3,9.31,0.0,0.0
滨州,gfs_seamless,2025-09-10,7,2025-09-17,27.7,18.7,23.4,,31.3,79.8,17.8,47.9,86.9,13.68,0.3,0.0
滨州,jma_seamless,2025-09-16,1,2025-09-17,26.2,19.2,21.3,,,41.9,10.2,,49.6,,0.0,0.0
滨州,jma_seamless,2025-09-15,2,2025-09-17,24.8,20.5,22.1,,,52.9,11.0,,78.8,,2.7,0.0
滨州,jma_seamless,2025-09-14,3,2025-09-17,25.1,19.7,22.8,,,65.9,9.7,,81.9,,1.8,0.0
滨州,jma_seamless,2025-09-13,4,2025-09-17,24.0,20.5,21.3,,,56.3,13.2,,84.5,,3.0,0.0
滨州,jma_seamless,2025-09-12,5,2025-09-17,24.6,19.9,21.5,,,50.1,11.1,,44.8,,0.3,0.0
滨州,jma_seamless,2025-09-11,6,2025-09-17,27.3,19.7,26.6,,29.2,67.7,8.0,,61.0,,7.2,0.0
滨州,jma_seamless,2025-09-10,7,2025-09-17,27.7,19.3,24.4,,28.6,55.7,10.8,,11.4,,0.0,0.0
滨州,ecmwf_ifs025,2025-09-17,1,2025-09-18,24.7,13.8,18.5,,,62.9,8.3,,40.2,17.74,0.0,
滨州,ecmwf_ifs025,2025-09-16,2,2025-09-18,25.1,14.0,18.8,,,62.5,8.0,,46.1,15.79,0.0,
滨州,ecmwf_ifs025,2025-09-15,3,2025-09-18,25.8,14.6,19.2,,,59.2,8.5,,53.9,17.49,0.0,
滨州,ecmwf_ifs025,2025-09-14,4,2025-09-18,25.1,15.2,19.9,,,61.5,6.6,,49.5,18.18,0.0,
滨州,ecmwf_ifs025,2025-09-13,5,2025-09-18,24.4,13.9,18.5,,,63.0,6.9,,48.9,16.97,0.0,
滨州,ecmwf_ifs025,2025-09-12,6,2025-09-18,23.8,15.5,18.8,,,64.4,3.5,,65.3,13.82,0.0,
滨州,ecmwf_ifs025,2025-09-11,7,2025-09-18,21.7,16.0,19.4,,,79.2,12.1,,57.0,3.46,6.9,
滨州,gfs_seamless,2025-09-17,1,2025-09-18,24.5,13.9,17.8,,,57.2,9.1,17.3,91.1,16.42,0.0,0.0
滨州,gfs_seamless,2025-09-16,2,2025-09-18,23.0,14.6,17.9,,,62.5,7.2,10.8,100.0,10.71,0.0,0.0
滨州,gfs_seamless,2025-09-15,3,2025-09-18,25.1,16.1,18.8,,,52.0,8.1,11.2,86.3,19.68,0.0,0.0
滨州,gfs_seamless,2025-09-14,4,2025-09-18,25.1,15.9,18.4,,,52.9,9.6,11.2,89.2,18.57,0.0,0.0
滨州,gfs_seamless,2025-09-13,5,2025-09-18,25.2,14.5,17.6,,,61.8,9.4,27.0,92.5,13.15,0.0,0.0
滨州,gfs_seamless,2025-09-12,6,2025-09-18,25.2,15.9,19.3,,,62.1,9.0,42.5,93.4,19.2,0.0,0.0
滨州,gfs_seamless,2025-09-11,7,2025-09-18,23.0,17.2,19.6,,,74.7,13.1,25.2,74.7,3.69,0.6,0.0
滨州,jma_seamless,2025-09-17,1,2025-09-18,27.4,17.8,20.5,,27.2,40.9,5.3,,43.8,,0.0,0.0
滨州,jma_seamless,2025-09-16,2,2025-09-18,27.1,19.5,21.5,,27.1,42.9,5.6,,88.3,,0.0,0.0
滨州,jma_seamless,2025-09-15,3,2025-09-18,21.1,15.5,19.0,,,68.8,4.0,,75.4,,8.4,0.0
滨州,jma_seamless,2025-09-14,4,2025-09-18,20.4,19.1,20.3,,,58.8,3.3,,71.5,,0.6,0.0
滨州,jma_seamless,2025-09-13,5,2025-09-18,24.2,18.2,20.3,,,55.5,6.2,,75.5,,0.0,0.0
滨州,jma_seamless,2025-09-12,6,2025-09-18,22.8,16.4,19.3,,,58.0,3.5,,62.1,,1.2,0.0
滨州,jma_seamless,2025-09-11,7,2025-09-18,20.2,17.4,19.4,,,75.2,6.4,,81.3,,12.0,0.0
滨州,ecmwf_ifs025,2025-09-18,1,2025-09-19,19.9,14.1,17.7,,,81.4,4.9,,41.5,8.23,5.4,
滨州,ecmwf_ifs025,2025-09-17,2,2025-09-19,18.1,14.5,17.6,,,81.3,5.8,,43.5,4.9,6.3,
滨州,ecmwf_ifs025,2025-09-16,3,2025-09-19,19.7,15.5,18.6,,,75.3,4.7,,52.6,4.72,0.9,
滨州,ecmwf_ifs025,2025-09-15,4,2025-09-19,19.0,14.1,18.1,,,84.9,4.5,,41.7,4.65,7.2,
滨州,ecmwf_ifs025,2025-09-14,5,2025-09-19,19.8,13.3,17.3,,,75.6,5.1,,39.8,6.75,0.0,
滨州,ecmwf_ifs025,2025-09-13,6,2025-09-19,17.5,15.1,17.5,,,85.1,3.6,,56.4,3.35,6.9,
滨州,ecmwf_ifs025,2025-09-12,7,2025-09-19,16.1,13.9,15.6,,,87.4,4.5,,55.0,2.74,11.1,
滨州,gfs_seamless,2025-09-18,1,2025-09-19,18.5,12.4,14.3,,,84.3,8.9,29.9,70.8,4.43,6.6,0.0
滨州,gfs_seamless,2025-09-17,2,2025-09-19,20.5,14.0,16.5,,,71.5,11.6,30.6,75.0,13.45,0.0,0.0
滨州,gfs_seamless,2025-09-16,3,2025-09-19,24.0,15.5,19.1,,,61.8,6.4,22.7,41.8,19.06,0.0,0.0
滨州,gfs_seamless,2025-09-15,4,2025-09-19,24.7,16.6,19.5,,,56.0,4.5,34.2,73.2,14.45,0.0,0.0
滨州,gfs_seamless,2025-09-14,5,2025-09-19,23.1,16.4,18.2,,,65.4,8.6,29.9,96.9,10.86,0.0,0.0
滨州,gfs_seamless,2025-09-13,6,2025-09-19,19.5,14.8,16.5,,,70.2,9.6,14.0,76.2,3.87,1.2,0.0
滨州,gfs_seamless,2025-09-12,7,2025-09-19,18.8,14.5,15.2,,,75.0,11.1,17.3,100.0,2.74,0.2,0.0
滨州,jma_seamless,2025-09-18,1,2025-09-19,20.8,15.2,17.5,,,79.0,2.7,,72.2,,7.8,0.0
滨州,jma_seamless,2025-09-17,2,2025-09-19,20.7,15.8,18.7,,,70.0,3.0,,63.8,,5.4,0.0
滨州,jma_seamless,2025-09-16,3,2025-09-19,21.5,15.5,18.8,,,63.0,5.9,,51.8,,0.6,0.0
滨州,jma_seamless,2025-09-15,4,2025-09-19,24.8,17.8,21.0,,,60.1,2.3,,44.3,,0.0,0.0
滨州,jma_seamless,2025-09-14,5,2025-09-19,20.0,16.2,18.5,,,77.8,4.0,,87.6,,9.0,0.0
滨州,jma_seamless,2025-09-13,6,2025-09-19,20.3,16.5,19.1,,,70.3,3.4,,88.6,,11.1,0.0
滨州,jma_seamless,2025-09-12,7,2025-09-19,19.3,17.0,19.0,,,80.8,2.5,,82.6,,5.1,0.0
滨州,ecmwf_ifs025,2025-09-19,1,2025-09-20,23.9,12.2,18.7,,,80.0,4.5,,11.0,19.14,0.0,
滨州,ecmwf_ifs025,2025-09-18,2,2025-09-20,24.2,12.2,19.1,,,77.5,4.7,,20.5,19.0,0.0,
滨州,ecmwf_ifs025,2025-09-17,3,2025-09-20,24.0,12.7,18.9,,,77.0,4.6,,21.9,19.01,0.0,
滨州,ecmwf_ifs025,2025-09-16,4,2025-09-20,25.0,11.4,18.8,,,72.5,4.1,,21.8,18.86,0.0,
滨州,ecmwf_ifs025,2025-09-15,5,2025-09-20,25.0,13.0,19.3,,,74.8,3.8,,23.8,18.8,0.0,
滨州,ecmwf_ifs025,2025-09-14,6,2025-09-20,22.5,15.0,19.0,,,72.8,2.8,,50.3,11.23,0.0,
滨州,ecmwf_ifs025,2025-09-13,7,2025-09-20,22.8,12.9,18.7,,,81.5,4.0,,43.5,14.52,0.0,
滨州,gfs_seamless,2025-09-19,1,2025-09-20,24.1,11.1,17.1,,,76.0,8.6,7.6,71.0,19.9,0.0,0.0
滨州,gfs_seamless,2025-09-18,2,2025-09-20,24.7,11.6,17.5,,,71.0,8.1,9.4,62.1,20.15,0.0,0.0
滨州,gfs_seamless,2025-09-17,3,2025-09-20,24.9,13.3,18.4,,,65.7,7.4,17.3,83.5,20.18,0.0,0.0
滨州,gfs_seamless,2025-09-16,4,2025-09-20,25.2,13.4,18.7,,,64.6,8.2,28.1,74.9,19.13,0.0,0.0
滨州,gfs_seamless,2025-09-15,5,2025-09-20,25.3,14.2,18.7,,,62.7,8.4,9.7,87.8,18.57,0.0,0.0
滨州,gfs_seamless,2025-09-14,6,2025-09-20,24.7,12.8,18.3,,,68.5,9.2,9.7,42.3,19.0,0.0,0.0
滨州,gfs_seamless,2025-09-13,7,2025-09-20,25.1,12.1,17.8,,,69.3,8.5,9.7,40.6,19.8,0.0,0.0
滨州,jma_seamless,2025-09-19,1,2025-09-20,25.2,14.2,19.0,,,69.3,4.5,,27.8,,0.0,0.0
滨州,jma_seamless,2025-09-18,2,2025-09-20,24.9,14.7,19.2,,,71.8,3.8,,35.5,,0.0,0.0
滨州,jma_seamless,2025-09-17,3,2025-09-20,24.4,14.2,19.4,,,76.9,2.1,,21.0,,0.0,0.0
滨州,jma_seamless,2025-09-16,4,2025-09-20,25.7,16.6,20.9,,,68.4,2.7,,35.7,,0.0,0.0
滨州,jma_seamless,2025-09-15,5,2025-09-20,26.3,16.7,22.0,,,66.0,3.5,,32.3,,1.5,0.0
滨州,jma_seamless,2025-09-14,6,2025-09-20,24.7,16.2,20.8,,,72.3,4.4,,55.1,,0.3,0.0
滨州,jma_seamless,2025-09-13,7,2025-09-20,22.1,16.4,20.9,,,80.9,2.9,,63.0,,1.5,0.0
滨州,ecmwf_ifs025,2025-09-20,1,2025-09-21,25.8,15.0,21.2,,,74.5,6.6,,53.3,17.9,0.0,
滨州,ecmwf_ifs025,2025-09-19,2,2025-09-21,25.5,15.0,20.9,,,74.2,7.1,,59.0,16.43,0.0,
滨州,ecmwf_ifs025,2025-09-18,3,2025-09-21,25.5,14.1,20.4,,,74.1,6.9,,43.7,17.86,0.0,
滨州,ecmwf_ifs025,2025-09-17,4,2025-09-21,25.4,15.5,20.9,,,71.9,6.5,,36.0,18.69,0.0,
滨州,ecmwf_ifs025,2025-09-16,5,2025-09-21,24.9,14.2,20.2,,,72.2,5.9,,59.2,11.02,0.0,
滨州,ecmwf_ifs025,2025-09-15,6,2025-09-21,25.9,15.6,20.8,,,76.4,6.4,,43.5,14.33,0.0,
滨州,ecmwf_ifs025,2025-09-14,7,2025-09-21,25.6,17.3,21.7,,,78.1,6.5,,72.2,12.88,0.3,
滨州,gfs_seamless,2025-09-20,1,2025-09-21,25.9,16.0,20.2,,,65.8,8.7,16.9,99.2,16.11,0.0,0.0
滨州,gfs_seamless,2025-09-19,2,2025-09-21,26.4,16.5,20.4,,,63.2,9.4,21.2,95.1,18.99,0.0,0.0
滨州,gfs_seamless,2025-09-18,3,2025-09-21,26.2,15.6,20.3,,,62.5,9.0,22.7,88.7,19.63,0.0,0.0
滨州,gfs_seamless,2025-09-17,4,2025-09-21,26.4,16.7,20.5,,,62.5,10.3,23.8,97.3,16.77,0.0,0.0
滨州,gfs_seamless,2025-09-16,5,2025-09-21,26.3,15.7,19.8,,,61.3,10.0,33.1,100.0,15.69,0.0,0.0
滨州,gfs_seamless,2025-09-15,6,2025-09-21,26.2,15.0,19.5,,,60.8,8.9,33.8,63.0,17.72,0.0,0.0
滨州,gfs_seamless,2025-09-14,7,2025-09-21,26.4,15.6,20.8,,,66.1,8.1,9.4,67.8,18.93,0.0,0.0
滨州,jma_seamless,2025-09-20,1,2025-09-21,27.2,16.0,21.8,,28.6,62.9,4.0,,56.3,,0.0,0.0
滨州,jma_seamless,2025-09-19,2,2025-09-21,28.2,15.7,21.8,,29.7,60.0,4.8,,65.0,,0.0,0.0
滨州,jma_seamless,2025-09-18,3,2025-09-21,26.9,16.8,21.8,,,59.5,3.8,,79.7,,0.0,0.0
滨州,jma_seamless,2025-09-17,4,2025-09-21,25.2,16.2,21.8,,,72.5,2.0,,84.1,,0.0,0.0
滨州,jma_seamless,2025-09-16,5,2025-09-21,24.2,18.3,21.5,,,65.0,6.0,,95.7,,2.1,0.0
滨州,jma_seamless,2025-09-15,6,2025-09-21,21.0,16.9,19.3,,,91.6,7.9,,95.8,,71.1,0.0
滨州,jma_seamless,2025-09-14,7,2025-09-21,24.9,17.2,22.2,,,78.4,8.0,,72.0,,27.0,0.0
滨州,ecmwf_ifs025,2025-09-21,1,2025-09-22,24.0,17.7,21.6,,,78.9,5.7,,77.3,11.22,1.2,
滨州,ecmwf_ifs025,2025-09-20,2,2025-09-22,23.1,17.9,21.6,,,77.9,5.9,,70.0,10.03,0.3,
滨州,ecmwf_ifs025,2025-09-19,3,2025-09-22,23.8,17.8,21.0,,,78.6,5.3,,74.1,9.66,0.9,
滨州,ecmwf_ifs025,2025-09-18,4,2025-09-22,23.5,17.7,20.6,,,72.1,5.2,,79.5,8.65,0.0,
滨州,ecmwf_ifs025,2025-09-17,5,2025-09-22,21.2,17.0,20.4,,,78.6,5.2,,81.5,4.55,0.3,
滨州,ecmwf_ifs025,2025-09-16,6,2025-09-22,21.4,17.0,19.6,,,75.2,7.5,,80.5,3.85,1.2,
滨州,ecmwf_ifs025,2025-09-15,7,2025-09-22,24.1,17.3,21.5,,,73.9,5.0,,69.1,8.42,0.0,
滨州,gfs_seamless,2025-09-21,1,2025-09-22,19.5,16.2,18.0,,,78.3,8.4,30.2,99.0,3.48,1.0,0.0
滨州,gfs_seamless,2025-09-20,2,2025-09-22,19.7,16.7,18.1,,,70.7,6.9,25.6,100.0,2.36,0.3,0.0
滨州,gfs_seamless,2025-09-19,3,2025-09-22,19.2,17.5,18.9,,,77.5,7.3,24.5,100.0,2.28,0.4,0.0
滨州,gfs_seamless,2025-09-18,4,2025-09-22,19.8,15.9,17.7,,,82.8,11.5,32.8,100.0,2.68,0.6,0.0
滨州,gfs_seamless,2025-09-17,5,2025-09-22,23.1,15.3,18.5,,,77.0,9.1,25.2,100.0,5.66,0.9,0.0
滨州,gfs_seamless,2025-09-16,6,2025-09-22,25.2,18.8,20.5,,,63.2,11.4,25.9,100.0,10.53,0.0,0.0
滨州,gfs_seamless,2025-09-15,7,2025-09-22,26.0,19.4,22.1,,,68.2,9.1,15.5,100.0,11.55,0.5,0.0
滨州,jma_seamless,2025-09-21,1,2025-09-22,25.2,19.6,22.4,,,55.8,3.2,,76.0,,0.0,0.0
滨州,jma_seamless,2025-09-20,2,2025-09-22,26.0,20.2,22.6,,,54.1,4.3,,69.8,,0.0,0.0
滨州,jma_seamless,2025-09-19,3,2025-09-22,26.3,20.2,22.4,,,46.8,5.1,,72.6,,0.0,0.0
滨州,jma_seamless,2025-09-18,4,2025-09-22,24.3,19.4,21.4,,,58.0,3.1,,77.8,,0.0,0.0
滨州,jma_seamless,2025-09-17,5,2025-09-22,22.2,17.9,20.4,,,62.0,6.2,,84.2,,1.2,0.0
滨州,jma_seamless,2025-09-16,6,2025-09-22,18.1,16.2,17.8,,,94.4,9.4,,98.1,,25.5,0.0
滨州,jma_seamless,2025-09-15,7,2025-09-22,25.1,17.5,22.8,,,78.0,7.8,,89.6,,3.6,0.0
滨州,ecmwf_ifs025,2025-09-22,1,2025-09-23,19.9,17.1,20.3,,,92.9,5.5,,89.4,2.99,14.1,
滨州,ecmwf_ifs025,2025-09-21,2,2025-09-23,20.8,17.5,21.2,,,92.5,5.3,,85.0,3.08,27.9,
滨州,ecmwf_ifs025,2025-09-20,3,2025-09-23,22.4,16.9,20.5,,,89.6,5.5,,85.9,4.19,15.9,
滨州,ecmwf_ifs025,2025-09-19,4,2025-09-23,21.6,16.5,20.9,,,88.3,4.5,,87.2,4.56,16.2,
滨州,ecmwf_ifs025,2025-09-18,5,2025-09-23,24.0,15.9,20.6,,,75.4,4.2,,80.0,12.97,0.3,
滨州,ecmwf_ifs025,2025-09-17,6,2025-09-23,22.5,15.4,19.8,,,77.5,7.1,,42.3,11.68,0.0,
滨州,ecmwf_ifs025,2025-09-16,7,2025-09-23,25.3,15.6,20.3,,,74.0,2.8,,25.0,15.11,0.0,
滨州,gfs_seamless,2025-09-22,1,2025-09-23,19.4,16.5,18.1,,,88.4,5.5,19.1,100.0,2.3,25.9,0.0
滨州,gfs_seamless,2025-09-21,2,2025-09-23,23.7,15.8,18.8,,,80.5,7.8,11.2,100.0,8.25,15.8,0.0
滨州,gfs_seamless,2025-09-20,3,2025-09-23,21.5,16.2,18.8,,,82.9,7.0,13.3,100.0,7.7,2.3,0.0
滨州,gfs_seamless,2025-09-19,4,2025-09-23,21.2,15.8,18.1,,,77.5,8.1,15.8,100.0,6.29,0.0,0.0
滨州,gfs_seamless,2025-09-18,5,2025-09-23,23.1,15.9,18.9,,,72.2,7.9,11.5,88.0,10.31,0.0,0.0
滨州,gfs_seamless,2025-09-17,6,2025-09-23,19.3,15.0,17.1,,,80.6,8.2,26.6,98.7,1.53,1.1,0.0
滨州,gfs_seamless,2025-09-16,7,2025-09-23,19.2,16.8,18.4,,,81.8,9.2,26.3,100.0,1.49,0.5,0.0
滨州,jma_seamless,2025-09-22,1,2025-09-23,20.8,17.8,21.2,,,84.0,3.0,,92.0,,10.8,0.0
滨州,jma_seamless,2025-09-21,2,2025-09-23,19.6,17.4,19.9,,,85.0,3.0,,90.0,,12.3,0.0
滨州,jma_seamless,2025-09-20,3,2025-09-23,19.8,17.7,19.8,,,80.0,2.3,,90.0,,12.3,0.0
滨州,jma_seamless,2025-09-19,4,2025-09-23,23.6,17.8,21.5,,,70.5,4.4,,90.1,,31.8,0.0
滨州,jma_seamless,2025-09-18,5,2025-09-23,22.4,18.7,21.1,,,74.4,3.6,,89.1,,2.1,0.0
滨州,jma_seamless,2025-09-17,6,2025-09-23,18.9,17.0,19.4,,,94.8,8.9,,98.4,,37.8,0.0
滨州,jma_seamless,2025-09-16,7,2025-09-23,22.5,18.7,22.6,,,88.8,7.4,,94.4,,30.6,0.0
滨州,ecmwf_ifs025,2025-09-23,1,2025-09-24,24.1,16.2,21.0,,,86.3,5.8,,24.7,17.01,0.6,
滨州,ecmwf_ifs025,2025-09-22,2,2025-09-24,24.7,16.7,21.4,,,85.4,7.2,,31.8,16.98,0.6,
滨州,ecmwf_ifs025,2025-09-21,3,2025-09-24,24.8,15.9,20.9,,,85.7,7.3,,20.4,17.99,0.0,
滨州,ecmwf_ifs025,2025-09-20,4,2025-09-24,24.5,16.4,21.0,,,82.5,6.4,,26.0,18.26,2.1,
滨州,ecmwf_ifs025,2025-09-19,5,2025-09-24,25.0,15.2,21.2,,,81.6,4.3,,3.8,18.24,0.0,
滨州,ecmwf_ifs025,2025-09-18,6,2025-09-24,25.9,14.6,20.7,,,78.7,5.6,,0.0,16.65,0.0,
滨州,ecmwf_ifs025,2025-09-17,7,2025-09-24,25.6,14.6,21.2,,,78.5,4.5,,3.0,14.97,0.0,
滨州,gfs_seamless,2025-09-23,1,2025-09-24,24.8,15.3,20.5,,,80.1,8.2,18.7,38.0,19.79,1.9,0.0
滨州,gfs_seamless,2025-09-22,2,2025-09-24,24.9,15.9,20.8,,,80.8,7.6,15.1,37.6,19.72,1.2,0.0
滨州,gfs_seamless,2025-09-21,3,2025-09-24,25.4,14.8,20.6,,,78.4,9.8,21.2,29.3,19.82,0.0,0.0
滨州,gfs_seamless,2025-09-20,4,2025-09-24,26.6,16.9,21.8,,,74.8,7.6,15.5,38.1,19.3,2.3,0.0
滨州,gfs_seamless,2025-09-19,5,2025-09-24,25.3,15.3,21.3,,,70.7,6.3,10.1,26.6,19.52,0.0,0.0
滨州,gfs_seamless,2025-09-18,6,2025-09-24,25.0,16.3,20.8,,,71.8,6.9,15.1,13.2,19.31,0.0,0.0
滨州,gfs_seamless,2025-09-17,7,2025-09-24,23.1,14.7,19.5,,,78.5,9.1,33.1,53.8,16.72,0.1,0.0
滨州,jma_seamless,2025-09-23,1,2025-09-24,23.7,17.5,21.2,,,79.0,5.1,,64.4,,0.6,0.0
滨州,jma_seamless,2025-09-22,2,2025-09-24,23.8,17.4,21.5,,,83.7,3.9,,69.3,,0.9,0.0
滨州,jma_seamless,2025-09-21,3,2025-09-24,23.9,16.9,20.8,,,83.5,4.6,,47.8,,2.7,0.0
滨州,jma_seamless,2025-09-20,4,2025-09-24,24.8,17.3,21.8,,,84.8,5.2,,47.9,,4.2,0.0
滨州,jma_seamless,2025-09-19,5,2025-09-24,26.3,17.9,24.0,,,82.2,2.8,,37.6,,1.5,0.0
滨州,jma_seamless,2025-09-18,6,2025-09-24,22.9,18.3,22.3,,,86.1,4.9,,61.8,,15.0,0.0
滨州,jma_seamless,2025-09-17,7,2025-09-24,22.1,17.9,21.5,,,85.5,6.5,,53.9,,5.4,0.0
滨州,ecmwf_ifs025,2025-09-24,1,2025-09-25,27.0,13.9,22.0,,29.7,79.7,2.6,,0.0,18.02,0.0,
滨州,ecmwf_ifs025,2025-09-23,2,2025-09-25,26.8,14.4,22.2,,,82.5,4.3,,0.0,18.2,0.0,
滨州,ecmwf_ifs025,2025-09-22,3,2025-09-25,27.0,14.8,22.5,,30.0,82.8,2.8,,0.0,18.14,0.0,
滨州,ecmwf_ifs025,2025-09-21,4,2025-09-25,26.9,14.0,21.5,,,82.2,4.8,,0.0,18.1,0.0,
滨州,ecmwf_ifs025,2025-09-20,5,2025-09-25,26.7,14.1,21.0,,,79.1,5.7,,0.0,18.17,0.0,
滨州,ecmwf_ifs025,2025-09-19,6,2025-09-25,27.9,16.4,21.7,,31.3,76.1,6.4,,0.8,16.78,0.0,
滨州,ecmwf_ifs025,2025-09-18,7,2025-09-25,27.8,17.0,21.1,,29.9,66.9,7.3,,0.1,17.11,0.0,
滨州,gfs_seamless,2025-09-24,1,2025-09-25,27.5,16.0,21.8,,29.3,65.4,5.7,9.7,0.0,19.91,0.0,0.0
滨州,gfs_seamless,2025-09-23,2,2025-09-25,27.4,16.4,22.0,,29.3,67.3,6.7,16.2,0.9,19.81,0.0,0.0
滨州,gfs_seamless,2025-09-22,3,2025-09-25,27.3,16.7,22.2,,29.3,69.2,6.9,15.8,1.3,19.79,0.0,0.0
滨州,gfs_seamless,2025-09-21,4,2025-09-25,27.5,17.2,22.5,,29.3,66.0,7.0,14.8,16.4,19.68,0.0,0.0
滨州,gfs_seamless,2025-09-20,5,2025-09-25,28.5,18.0,23.3,,31.1,66.2,6.3,19.4,8.9,19.5,0.0,0.0
滨州,gfs_seamless,2025-09-19,6,2025-09-25,28.1,16.6,22.3,,30.3,66.0,6.4,12.2,4.7,19.58,0.0,0.0
滨州,gfs_seamless,2025-09-18,7,2025-09-25,28.3,17.9,22.7,,31.5,71.5,11.1,31.0,28.1,17.58,0.0,0.0
滨州,jma_seamless,2025-09-24,1,2025-09-25,27.9,16.8,22.5,,31.5,77.5,2.2,,0.0,,0.0,0.0
滨州,jma_seamless,2025-09-23,2,2025-09-25,27.7,16.9,22.6,,30.3,71.7,2.8,,0.0,,0.0,0.0
滨州,jma_seamless,2025-09-22,3,2025-09-25,28.1,15.7,22.2,,31.5,74.3,2.6,,1.7,,0.0,0.0
滨州,jma_seamless,2025-09-21,4,2025-09-25,28.6,16.0,22.3,,32.1,71.5,1.7,,0.0,,0.0,0.0
滨州,jma_seamless,2025-09-20,5,2025-09-25,29.2,16.8,22.6,,32.3,65.3,3.4,,2.2,,0.0,0.0
滨州,jma_seamless,2025-09-19,6,2025-09-25,29.2,16.8,23.6,,33.1,69.5,3.3,,27.9,,0.0,0.0
滨州,jma_seamless,2025-09-18,7,2025-09-25,27.4,16.9,23.0,,29.8,72.2,4.3,,1.3,,0.0,0.0
滨州,ecmwf_ifs025,2025-09-25,1,2025-09-26,27.3,14.9,22.6,,30.0,76.1,4.4,,10.7,17.58,0.0,
滨州,ecmwf_ifs025,2025-09-24,2,2025-09-26,27.3,14.9,22.9,,30.5,80.5,4.2,,17.6,17.24,0.0,
滨州,ecmwf_ifs025,2025-09-23,3,2025-09-26,26.0,14.5,21.6,,,81.8,4.0,,15.9,17.33,0.3,
滨州,ecmwf_ifs025,2025-09-22,4,2025-09-26,26.6,14.4,21.7,,,78.6,4.9,,19.2,17.56,0.0,
滨州,ecmwf_ifs025,2025-09-21,5,2025-09-26,26.1,13.9,21.2,,,82.6,3.8,,25.6,16.16,0.0,
滨州,ecmwf_ifs025,2025-09-20,6,2025-09-26,26.0,15.6,21.0,,,76.1,7.8,,25.0,16.61,0.0,
滨州,ecmwf_ifs025,2025-09-19,7,2025-09-26,27.8,16.0,21.3,,31.0,75.8,8.3,,4.9,16.81,0.0,
滨州,gfs_seamless,2025-09-25,1,2025-09-26,27.4,17.0,21.6,,28.7,60.8,8.0,20.2,46.5,17.99,0.0,0.0
滨州,gfs_seamless,2025-09-24,2,2025-09-26,27.7,16.7,21.5,,29.0,59.9,8.3,17.3,56.8,19.34,0.0,0.0
滨州,gfs_seamless,2025-09-23,3,2025-09-26,27.0,17.2,21.5,,28.2,61.8,8.5,20.9,53.9,19.54,0.0,0.0
滨州,gfs_seamless,2025-09-22,4,2025-09-26,26.9,16.9,22.2,,,72.2,8.7,18.7,66.0,16.91,0.0,0.0
滨州,gfs_seamless,2025-09-21,5,2025-09-26,27.3,18.1,21.4,,29.4,69.8,9.9,20.2,76.5,10.1,0.0,0.0
滨州,gfs_seamless,2025-09-20,6,2025-09-26,27.8,18.5,22.0,,29.2,60.2,7.9,19.1,58.8,17.58,0.0,0.0
滨州,gfs_seamless,2025-09-19,7,2025-09-26,28.9,17.5,22.6,,31.1,61.5,6.2,14.4,46.6,19.01,0.0,0.0
滨州,jma_seamless,2025-09-25,1,2025-09-26,28.6,15.9,22.7,,32.3,72.6,2.2,,14.6,,0.0,0.0
滨州,jma_seamless,2025-09-24,2,2025-09-26,29.2,16.6,22.8,,32.3,65.4,3.1,,34.7,,0.0,0.0
滨州,jma_seamless,2025-09-23,3,2025-09-26,28.4,16.4,22.2,,32.8,78.2,3.3,,39.1,,3.9,0.0
滨州,jma_seamless,2025-09-22,4,2025-09-26,26.5,16.4,22.5,,,73.5,4.3,,27.2,,0.3,0.0
滨州,jma_seamless,2025-09-21,5,2025-09-26,25.8,17.2,22.4,,,70.1,6.3,,67.4,,0.6,0.0
滨州,jma_seamless,2025-09-20,6,2025-09-26,28.0,18.1,22.7,,29.7,62.2,3.5,,62.8,,0.0,0.0
滨州,jma_seamless,2025-09-19,7,2025-09-26,24.1,15.4,21.8,,,85.4,3.9,,78.3,,42.6,0.0
滨州,ecmwf_ifs025,2025-09-26,1,2025-09-27,25.0,18.3,23.1,,,75.4,3.5,,43.5,9.92,0.3,
滨州,ecmwf_ifs025,2025-09-25,2,2025-09-27,24.6,16.7,21.8,,,78.7,5.4,,41.7,12.0,0.3,
滨州,ecmwf_ifs025,2025-09-24,3,2025-09-27,23.3,16.7,22.0,,,81.1,4.1,,49.5,7.76,0.3,
滨州,ecmwf_ifs025,2025-09-23,4,2025-09-27,22.1,15.8,20.9,,,80.9,2.8,,37.9,7.01,0.9,
滨州,ecmwf_ifs025,2025-09-22,5,2025-09-27,24.3,16.7,21.9,,,80.6,3.6,,27.6,11.74,0.0,
滨州,ecmwf_ifs025,2025-09-21,6,2025-09-27,25.5,17.7,21.8,,,74.1,4.5,,32.3,13.86,1.2,
滨州,ecmwf_ifs025,2025-09-20,7,2025-09-27,24.8,15.5,20.8,,,80.0,4.3,,6.9,15.52,0.0,
滨州,gfs_seamless,2025-09-26,1,2025-09-27,20.8,16.6,20.2,,,80.4,6.1,16.2,99.8,1.59,2.9,0.0
滨州,gfs_seamless,2025-09-25,2,2025-09-27,25.1,16.0,19.6,,,74.0,7.2,18.0,94.6,8.54,7.2,0.0
滨州,gfs_seamless,2025-09-24,3,2025-09-27,20.1,15.5,18.2,,,82.5,8.9,26.3,100.0,1.77,12.0,0.0
滨州,gfs_seamless,2025-09-23,4,2025-09-27,21.4,16.2,20.4,,,80.3,5.9,18.0,99.2,2.07,1.1,0.0
滨州,gfs_seamless,2025-09-22,5,2025-09-27,19.6,17.0,18.9,,,85.0,7.1,34.9,96.1,0.6,5.3,0.0
滨州,gfs_seamless,2025-09-21,6,2025-09-27,24.5,17.5,21.9,,,88.2,8.8,33.1,100.0,4.35,3.5,0.0
滨州,gfs_seamless,2025-09-20,7,2025-09-27,25.6,15.8,20.4,,,64.1,6.3,13.0,53.8,13.51,0.0,0.0
滨州,jma_seamless,2025-09-26,1,2025-09-27,24.6,19.2,22.7,,,70.4,2.8,,68.5,,9.9,0.0
滨州,jma_seamless,2025-09-25,2,2025-09-27,23.6,20.0,22.6,,,65.2,2.6,,74.8,,0.0,0.0
滨州,jma_seamless,2025-09-24,3,2025-09-27,23.7,17.9,21.7,,,86.4,4.4,,90.6,,9.0,0.0
滨州,jma_seamless,2025-09-23,4,2025-09-27,23.7,17.9,22.9,,,80.0,2.8,,64.1,,8.1,0.0
滨州,jma_seamless,2025-09-22,5,2025-09-27,22.2,15.8,19.9,,,75.3,7.4,,54.5,,17.4,0.0
滨州,jma_seamless,2025-09-21,6,2025-09-27,20.4,18.3,21.7,,,88.5,5.4,,67.0,,12.0,0.0
滨州,jma_seamless,2025-09-20,7,2025-09-27,22.5,15.5,20.6,,,81.8,5.4,,55.0,,18.6,0.0
滨州,ecmwf_ifs025,2025-09-27,1,2025-09-28,24.8,16.6,22.3,,,80.7,6.2,,50.8,16.34,0.3,
滨州,ecmwf_ifs025,2025-09-26,2,2025-09-28,25.2,18.9,23.6,,,82.8,5.0,,72.2,12.75,3.0,
滨州,ecmwf_ifs025,2025-09-25,3,2025-09-28,24.9,16.9,22.3,,,80.2,5.1,,47.5,15.16,0.9,
滨州,ecmwf_ifs025,2025-09-24,4,2025-09-28,24.2,15.4,20.9,,,82.5,5.9,,45.2,13.51,0.0,
滨州,ecmwf_ifs025,2025-09-23,5,2025-09-28,25.8,14.9,21.9,,,80.4,5.3,,11.5,16.88,0.0,
滨州,ecmwf_ifs025,2025-09-22,6,2025-09-28,25.9,17.1,21.0,,,73.6,6.9,,9.3,15.92,0.0,
滨州,ecmwf_ifs025,2025-09-21,7,2025-09-28,27.1,16.7,21.7,,29.4,74.2,5.6,,5.4,16.0,0.0,
滨州,gfs_seamless,2025-09-27,1,2025-09-28,25.4,17.3,22.4,,,79.3,6.3,12.6,94.8,15.8,5.3,0.0
滨州,gfs_seamless,2025-09-26,2,2025-09-28,23.2,16.4,20.9,,,81.7,7.6,19.1,100.0,10.03,0.0,0.0
滨州,gfs_seamless,2025-09-25,3,2025-09-28,23.1,16.4,20.1,,,79.8,8.4,17.3,96.2,12.78,0.0,0.0
滨州,gfs_seamless,2025-09-24,4,2025-09-28,24.3,14.4,18.9,,,75.8,8.8,20.5,83.5,14.46,0.0,0.0
滨州,gfs_seamless,2025-09-23,5,2025-09-28,25.3,17.0,20.8,,,71.6,8.8,19.4,53.0,17.9,0.0,0.0
滨州,gfs_seamless,2025-09-22,6,2025-09-28,25.5,16.0,20.3,,,69.8,9.1,25.2,38.0,18.82,0.0,0.0
滨州,gfs_seamless,2025-09-21,7,2025-09-28,29.1,14.5,20.0,,33.2,71.2,10.7,30.6,28.4,16.99,0.0,0.0
滨州,jma_seamless,2025-09-27,1,2025-09-28,22.3,17.7,22.2,,,87.6,4.1,,94.3,,3.3,0.0
滨州,jma_seamless,2025-09-26,2,2025-09-28,24.0,18.6,23.0,,,81.2,3.4,,81.2,,0.6,0.0
滨州,jma_seamless,2025-09-25,3,2025-09-28,24.4,17.6,22.2,,,77.3,4.0,,62.9,,0.9,0.0
滨州,jma_seamless,2025-09-24,4,2025-09-28,24.3,16.9,21.5,,,80.4,4.4,,51.1,,0.0,0.0
滨州,jma_seamless,2025-09-23,5,2025-09-28,27.7,17.2,22.7,,30.4,72.2,3.4,,0.0,,0.0,0.0
滨州,jma_seamless,2025-09-22,6,2025-09-28,27.1,17.5,22.3,,29.1,70.5,5.3,,0.0,,0.0,0.0
滨州,jma_seamless,2025-09-21,7,2025-09-28,26.1,17.7,21.8,,,73.1,6.1,,0.6,,0.0,0.0
滨州,ecmwf_ifs025,2025-09-28,1,2025-09-29,26.8,15.8,22.6,,,78.4,5.2,,13.8,17.33,0.0,
滨州,ecmwf_ifs025,2025-09-27,2,2025-09-29,26.8,16.5,23.1,,,76.4,3.9,,10.4,17.21,0.0,
滨州,ecmwf_ifs025,2025-09-26,3,2025-09-29,27.0,16.0,22.5,,29.3,75.0,4.9,,4.0,17.09,0.0,
滨州,ecmwf_ifs025,2025-09-25,4,2025-09-29,27.1,16.1,22.6,,29.7,77.3,7.4,,8.8,16.26,0.0,
滨州,ecmwf_ifs025,2025-09-24,5,2025-09-29,26.9,15.6,22.0,,,76.3,7.7,,20.5,16.99,0.0,
滨州,ecmwf_ifs025,2025-09-23,6,2025-09-29,25.5,16.0,21.3,,,78.4,4.4,,28.4,15.02,0.0,
滨州,ecmwf_ifs025,2025-09-22,7,2025-09-29,26.8,16.6,21.2,,,72.3,4.5,,6.2,16.23,0.0,
滨州,gfs_seamless,2025-09-28,1,2025-09-29,27.6,17.7,22.7,,29.0,61.2,7.8,14.4,50.6,18.78,0.0,0.0
滨州,gfs_seamless,2025-09-27,2,2025-09-29,27.0,17.3,23.3,,28.7,68.6,7.2,16.2,49.5,18.35,0.0,0.0
滨州,gfs_seamless,2025-09-26,3,2025-09-29,26.7,17.3,21.9,,,64.6,9.2,16.2,44.6,18.86,0.0,0.0
滨州,gfs_seamless,2025-09-25,4,2025-09-29,27.1,16.2,21.6,,28.8,67.1,10.3,26.3,45.6,18.66,0.0,0.0
滨州,gfs_seamless,2025-09-24,5,2025-09-29,26.9,16.6,21.3,,,63.7,7.8,29.5,63.5,18.27,0.0,0.0
滨州,gfs_seamless,2025-09-23,6,2025-09-29,26.1,16.7,20.5,,,59.8,8.5,25.6,66.8,15.6,0.0,0.0
滨州,gfs_seamless,2025-09-22,7,2025-09-29,26.7,18.8,22.8,,,63.6,8.2,32.8,68.5,17.9,0.0,0.0
滨州,jma_seamless,2025-09-28,1,2025-09-29,28.1,18.8,23.8,,31.3,72.9,3.7,,15.1,,0.0,0.0
滨州,jma_seamless,2025-09-27,2,2025-09-29,26.4,19.1,23.9,,,77.0,3.4,,59.6,,0.0,0.0
滨州,jma_seamless,2025-09-26,3,2025-09-29,26.6,19.4,23.8,,,73.0,4.1,,55.6,,0.0,0.0
滨州,jma_seamless,2025-09-25,4,2025-09-29,26.8,18.4,23.1,,,69.8,5.1,,65.8,,0.0,0.0
滨州,jma_seamless,2025-09-24,5,2025-09-29,29.3,17.1,23.4,,33.2,69.1,5.4,,17.7,,0.0,0.0
滨州,jma_seamless,2025-09-23,6,2025-09-29,30.0,17.4,22.9,,33.4,62.7,2.7,,9.5,,0.0,0.0
滨州,jma_seamless,2025-09-22,7,2025-09-29,29.8,17.8,22.5,,32.4,59.5,4.9,,11.8,,0.0,0.0
滨州,ecmwf_ifs025,2025-09-29,1,2025-09-30,27.3,17.6,23.1,,30.1,77.0,10.7,,1.7,16.87,0.0,
滨州,ecmwf_ifs025,2025-09-28,2,2025-09-30,26.9,16.3,22.7,,,77.1,9.7,,0.3,16.92,0.0,
滨州,ecmwf_ifs025,2025-09-27,3,2025-09-30,27.4,17.5,23.6,,30.2,76.2,8.9,,4.8,16.81,0.0,
滨州,ecmwf_ifs025,2025-09-26,4,2025-09-30,28.1,17.7,23.5,,30.9,70.2,10.4,,6.1,16.97,0.0,
滨州,ecmwf_ifs025,2025-09-25,5,2025-09-30,27.9,18.2,23.4,,31.1,74.7,10.8,,4.7,16.91,0.0,
滨州,ecmwf_ifs025,2025-09-24,6,2025-09-30,27.8,18.6,23.6,,31.3,77.8,8.7,,5.0,15.54,0.0,
滨州,ecmwf_ifs025,2025-09-23,7,2025-09-30,27.4,17.0,22.8,,30.4,77.8,11.3,,20.0,15.62,0.0,
滨州,gfs_seamless,2025-09-29,1,2025-09-30,28.0,17.9,22.9,,30.8,71.1,14.3,39.6,8.5,18.48,0.0,0.0
滨州,gfs_seamless,2025-09-28,2,2025-09-30,28.4,17.6,23.1,,31.4,69.9,13.5,42.5,5.2,18.48,0.0,0.0
滨州,gfs_seamless,2025-09-27,3,2025-09-30,28.4,17.7,23.1,,31.0,66.8,12.7,30.6,9.0,18.51,0.0,0.0
滨州,gfs_seamless,2025-09-26,4,2025-09-30,27.9,17.7,22.9,,30.4,69.6,13.9,36.7,26.7,18.35,0.0,0.0
滨州,gfs_seamless,2025-09-25,5,2025-09-30,27.3,17.3,22.2,,29.3,69.4,14.0,37.8,23.3,18.41,0.3,0.0
滨州,gfs_seamless,2025-09-24,6,2025-09-30,27.8,17.7,22.3,,29.9,66.7,13.6,46.8,19.8,18.23,0.0,0.0
滨州,gfs_seamless,2025-09-23,7,2025-09-30,26.5,16.6,21.8,,,70.2,10.6,29.5,56.5,17.88,0.3,0.0
滨州,jma_seamless,2025-09-29,1,2025-09-30,28.2,19.4,23.9,,30.5,65.7,7.0,,2.9,,0.0,0.0
滨州,jma_seamless,2025-09-28,2,2025-09-30,27.9,19.4,23.3,,29.6,62.6,7.8,,2.2,,0.0,0.0
滨州,jma_seamless,2025-09-27,3,2025-09-30,29.2,18.7,23.2,,31.3,59.6,8.7,,11.6,,0.0,0.0
滨州,jma_seamless,2025-09-26,4,2025-09-30,27.5,20.6,24.2,,29.3,65.4,8.3,,11.6,,0.0,0.0
滨州,jma_seamless,2025-09-25,5,2025-09-30,28.1,19.4,23.9,,30.4,66.6,6.6,,8.7,,0.6,0.0
滨州,jma_seamless,2025-09-24,6,2025-09-30,28.8,19.9,24.3,,31.5,65.1,3.6,,16.4,,0.0,0.0
滨州,jma_seamless,2025-09-23,7,2025-09-30,25.4,18.7,22.0,,,53.9,6.5,,14.7,,0.0,0.0
滨州,ecmwf_ifs025,2025-09-30,1,2025-10-01,28.3,19.1,25.1,,32.1,75.5,8.6,,54.5,14.31,0.0,
滨州,ecmwf_ifs025,2025-09-29,2,2025-10-01,27.5,18.4,24.8,,30.8,79.7,8.2,,46.5,12.82,0.0,
滨州,ecmwf_ifs025,2025-09-28,3,2025-10-01,27.9,18.5,25.0,,31.7,79.2,8.5,,47.8,14.54,0.6,
滨州,ecmwf_ifs025,2025-09-27,4,2025-10-01,28.8,18.7,25.4,,34.0,79.3,8.7,,59.8,13.79,0.0,
滨州,ecmwf_ifs025,2025-09-26,5,2025-10-01,27.9,18.0,24.7,,31.8,79.5,8.2,,57.4,11.18,1.5,
滨州,ecmwf_ifs025,2025-09-25,6,2025-10-01,27.7,17.9,24.0,,31.6,81.7,6.6,,57.7,10.51,0.3,
滨州,ecmwf_ifs025,2025-09-24,7,2025-10-01,27.6,19.4,24.3,,30.5,74.8,7.1,,69.0,12.33,0.0,
滨州,gfs_seamless,2025-09-30,1,2025-10-01,28.2,19.5,23.7,,31.1,70.3,12.3,45.4,98.2,13.65,1.1,0.0
滨州,gfs_seamless,2025-09-29,2,2025-10-01,28.4,19.8,23.6,,31.6,71.2,13.2,46.1,96.0,12.58,0.3,0.0
滨州,gfs_seamless,2025-09-28,3,2025-10-01,27.4,17.6,22.8,,29.9,72.9,12.2,42.5,89.6,8.56,1.5,0.0
滨州,gfs_seamless,2025-09-27,4,2025-10-01,28.0,17.3,23.1,,31.4,75.0,12.0,42.8,85.4,11.9,8.3,0.0
滨州,gfs_seamless,2025-09-26,5,2025-10-01,28.6,16.0,22.9,,32.1,71.5,12.3,43.6,86.4,14.85,1.6,0.0
滨州,gfs_seamless,2025-09-25,6,2025-10-01,28.1,18.5,23.6,,30.8,69.7,13.3,50.4,76.5,13.69,0.2,0.0
滨州,gfs_seamless,2025-09-24,7,2025-10-01,26.2,18.7,22.8,,,71.3,10.7,50.0,95.2,9.68,0.0,0.0
滨州,jma_seamless,2025-09-30,1,2025-10-01,32.0,21.2,25.7,,35.2,53.2,5.6,,53.5,,0.0,0.0
滨州,jma_seamless,2025-09-29,2,2025-10-01,30.8,21.1,24.9,,32.8,52.7,9.2,,61.4,,1.8,0.0
滨州,jma_seamless,2025-09-28,3,2025-10-01,30.6,20.1,24.8,,32.7,53.8,9.4,,58.4,,0.0,0.0
滨州,jma_seamless,2025-09-27,4,2025-10-01,30.9,20.4,24.7,,33.1,53.2,9.8,,65.4,,2.4,0.0
滨州,jma_seamless,2025-09-26,5,2025-10-01,31.3,20.7,25.2,,34.1,54.3,7.3,,36.1,,0.0,0.0
滨州,jma_seamless,2025-09-25,6,2025-10-01,31.9,19.7,25.3,,34.4,50.8,7.5,,41.2,,0.0,0.0
滨州,jma_seamless,2025-09-24,7,2025-10-01,29.5,18.9,25.6,,32.5,63.5,5.0,,50.7,,0.0,0.0
滨州,ecmwf_ifs025,2025-10-01,1,2025-10-02,22.3,18.9,20.8,,,79.5,10.9,,45.5,4.59,3.3,
滨州,ecmwf_ifs025,2025-09-30,2,2025-10-02,24.8,17.9,22.2,,,78.0,9.5,,33.7,11.24,1.2,
滨州,ecmwf_ifs025,2025-09-29,3,2025-10-02,21.3,17.9,20.4,,,82.2,9.8,,45.3,5.16,10.2,
滨州,ecmwf_ifs025,2025-09-28,4,2025-10-02,22.5,17.3,20.9,,,83.2,9.8,,47.8,7.85,18.0,
滨州,ecmwf_ifs025,2025-09-27,5,2025-10-02,23.4,17.2,22.0,,,84.6,6.9,,31.6,9.32,0.9,
滨州,ecmwf_ifs025,2025-09-26,6,2025-10-02,26.0,17.2,22.9,,,76.6,4.8,,41.5,14.82,0.3,
滨州,ecmwf_ifs025,2025-09-25,7,2025-10-02,25.1,18.0,22.5,,,72.9,5.2,,43.8,12.47,0.0,
滨州,gfs_seamless,2025-10-01,1,2025-10-02,18.6,16.6,17.3,,,91.2,14.8,49.3,100.0,2.26,9.3,0.0
滨州,gfs_seamless,2025-09-30,2,2025-10-02,18.9,16.7,17.6,,,89.4,12.7,36.4,100.0,2.06,5.1,0.0
滨州,gfs_seamless,2025-09-29,3,2025-10-02,19.7,16.7,18.0,,,88.4,11.9,33.1,100.0,4.11,7.4,0.0
滨州,gfs_seamless,2025-09-28,4,2025-10-02,18.0,16.2,17.5,,,92.9,10.4,31.0,96.9,1.48,11.2,0.0
滨州,gfs_seamless,2025-09-27,5,2025-10-02,17.2,15.5,17.0,,,93.2,9.8,39.2,100.0,0.71,8.5,0.0
滨州,gfs_seamless,2025-09-26,6,2025-10-02,20.3,16.4,17.6,,,84.8,14.3,48.6,98.2,5.3,0.3,0.0
滨州,gfs_seamless,2025-09-25,7,2025-10-02,25.3,16.9,19.1,,,78.8,11.0,50.0,93.4,7.05,0.8,0.0
滨州,jma_seamless,2025-10-01,1,2025-10-02,22.6,19.3,20.9,,,69.2,10.0,,75.5,,1.2,0.0
滨州,jma_seamless,2025-09-30,2,2025-10-02,20.7,16.5,19.6,,,83.8,8.8,,80.7,,7.8,0.0
滨州,jma_seamless,2025-09-29,3,2025-10-02,23.3,19.1,21.1,,,69.1,7.6,,75.9,,0.3,0.0
滨州,jma_seamless,2025-09-28,4,2025-10-02,25.2,18.0,21.4,,,65.7,8.1,,48.6,,2.4,0.0
滨州,jma_seamless,2025-09-27,5,2025-10-02,22.5,17.3,20.3,,,74.9,10.0,,69.4,,10.8,0.0
滨州,jma_seamless,2025-09-26,6,2025-10-02,25.7,19.7,23.0,,,55.8,10.2,,32.8,,0.0,0.0
滨州,jma_seamless,2025-09-25,7,2025-10-02,26.3,23.7,23.9,,,47.3,9.8,,63.3,,0.0,0.0
滨州,ecmwf_ifs025,2025-10-02,1,2025-10-03,24.1,17.6,21.6,,,78.8,9.2,,42.1,10.56,0.9,
滨州,ecmwf_ifs025,2025-10-01,2,2025-10-03,25.7,17.5,21.6,,,77.3,8.7,,53.4,12.44,0.0,
滨州,ecmwf_ifs025,2025-09-30,3,2025-10-03,25.1,18.3,22.3,,,76.0,8.4,,44.9,11.94,0.0,
滨州,ecmwf_ifs025,2025-09-29,4,2025-10-03,25.0,16.5,21.8,,,79.1,7.2,,51.4,12.85,0.3,
滨州,ecmwf_ifs025,2025-09-28,5,2025-10-03,25.2,15.3,21.0,,,79.3,7.4,,19.5,12.36,0.0,
滨州,ecmwf_ifs025,2025-09-27,6,2025-10-03,24.9,16.9,21.1,,,78.5,5.3,,30.4,14.05,0.0,
滨州,ecmwf_ifs025,2025-09-26,7,2025-10-03,26.0,17.5,22.9,,,80.2,5.3,,31.8,14.77,0.0,
滨州,gfs_seamless,2025-10-02,1,2025-10-03,23.4,16.8,20.8,,,84.7,7.5,21.2,95.9,11.64,0.8,0.0
滨州,gfs_seamless,2025-10-01,2,2025-10-03,22.9,17.5,20.3,,,83.1,6.9,18.4,84.0,10.34,0.3,0.0
滨州,gfs_seamless,2025-09-30,3,2025-10-03,23.1,17.3,20.7,,,82.5,7.3,27.0,96.5,8.71,0.9,0.0
滨州,gfs_seamless,2025-09-29,4,2025-10-03,24.1,15.8,21.0,,,79.8,5.7,15.5,60.3,11.66,0.1,0.0
滨州,gfs_seamless,2025-09-28,5,2025-10-03,24.2,15.2,20.1,,,77.0,5.5,7.6,64.5,15.98,0.0,0.0
滨州,gfs_seamless,2025-09-27,6,2025-10-03,23.1,16.5,20.2,,,79.2,6.8,13.3,75.3,14.9,0.0,0.0
滨州,gfs_seamless,2025-09-26,7,2025-10-03,23.2,15.2,19.4,,,80.8,6.2,19.8,91.2,9.69,0.0,0.0
滨州,jma_seamless,2025-10-02,1,2025-10-03,25.2,19.2,23.2,,,76.5,5.5,,56.8,,0.0,0.0
滨州,jma_seamless,2025-10-01,2,2025-10-03,24.6,18.9,23.3,,,80.2,5.9,,67.9,,3.0,0.0
滨州,jma_seamless,2025-09-30,3,2025-10-03,22.8,19.0,22.6,,,83.0,6.3,,80.6,,2.7,0.0
滨州,jma_seamless,2025-09-29,4,2025-10-03,24.5,18.5,22.3,,,70.0,4.8,,22.9,,0.0,0.0
滨州,jma_seamless,2025-09-28,5,2025-10-03,26.2,18.5,22.7,,,67.2,5.7,,23.0,,0.0,0.0
滨州,jma_seamless,2025-09-27,6,2025-10-03,24.5,19.3,23.0,,,73.5,6.4,,43.2,,0.0,0.0
滨州,jma_seamless,2025-09-26,7,2025-10-03,25.3,19.1,22.9,,,62.6,4.0,,52.4,,0.0,0.0
滨州,ecmwf_ifs025,2025-10-03,1,2025-10-04,25.3,16.1,22.6,,,81.9,3.9,,52.0,13.85,2.4,
滨州,ecmwf_ifs025,2025-10-02,2,2025-10-04,25.4,16.5,22.6,,,80.8,4.5,,62.2,13.1,1.5,
滨州,ecmwf_ifs025,2025-10-01,3,2025-10-04,24.1,17.7,22.9,,,86.8,4.8,,73.3,7.61,5.4,
滨州,ecmwf_ifs025,2025-09-30,4,2025-10-04,25.7,17.5,23.9,,,81.2,3.5,,70.5,12.93,0.3,
滨州,ecmwf_ifs025,2025-09-29,5,2025-10-04,23.2,16.8,22.4,,,88.3,5.6,,65.2,7.48,1.2,
滨州,ecmwf_ifs025,2025-09-28,6,2025-10-04,25.6,17.3,22.9,,,83.6,3.4,,42.8,14.2,0.0,
滨州,ecmwf_ifs025,2025-09-27,7,2025-10-04,25.9,18.7,23.6,,,81.3,4.1,,88.4,13.36,0.0,
滨州,gfs_seamless,2025-10-03,1,2025-10-04,25.5,17.3,23.0,,,79.0,4.4,17.6,79.4,14.27,0.1,0.0
滨州,gfs_seamless,2025-10-02,2,2025-10-04,25.6,16.4,22.4,,,79.7,4.1,9.7,94.6,15.26,5.0,0.0
滨州,gfs_seamless,2025-10-01,3,2025-10-04,25.3,17.0,22.9,,,77.4,4.5,12.6,76.3,13.67,0.4,0.0
滨州,gfs_seamless,2025-09-30,4,2025-10-04,24.9,17.1,21.6,,,84.9,6.2,12.2,76.5,11.28,7.3,0.0
滨州,gfs_seamless,2025-09-29,5,2025-10-04,25.7,17.4,22.2,,,71.8,7.4,19.4,88.8,13.12,0.0,0.0
滨州,gfs_seamless,2025-09-28,6,2025-10-04,24.8,16.5,21.3,,,73.8,7.9,32.8,69.0,15.1,0.0,0.0
滨州,gfs_seamless,2025-09-27,7,2025-10-04,25.2,16.3,21.1,,,72.8,7.4,34.2,80.8,12.66,0.0,0.0
滨州,jma_seamless,2025-10-03,1,2025-10-04,25.5,18.0,24.2,,,76.8,2.7,,69.5,,0.0,0.0
滨州,jma_seamless,2025-10-02,2,2025-10-04,26.2,19.0,24.5,,,73.4,2.7,,69.1,,0.0,0.0
滨州,jma_seamless,2025-10-01,3,2025-10-04,24.9,19.6,24.2,,,76.0,3.2,,86.8,,0.0,0.0
滨州,jma_seamless,2025-09-30,4,2025-10-04,23.8,19.0,24.1,,,85.1,5.0,,64.7,,2.4,0.0
滨州,jma_seamless,2025-09-29,5,2025-10-04,28.2,19.1,24.5,,30.6,66.5,4.4,,27.8,,0.0,0.0
滨州,jma_seamless,2025-09-28,6,2025-10-04,27.2,18.4,24.6,,29.6,74.5,4.0,,65.6,,0.0,0.0
滨州,jma_seamless,2025-09-27,7,2025-10-04,26.6,18.3,24.3,,,73.8,4.2,,27.7,,0.0,0.0
滨州,ecmwf_ifs025,2025-10-04,1,2025-10-05,22.7,19.5,22.6,,,91.4,9.1,,96.8,4.94,18.0,
滨州,ecmwf_ifs025,2025-10-03,2,2025-10-05,23.4,19.4,22.7,,,88.4,8.9,,78.2,6.41,12.0,
滨州,ecmwf_ifs025,2025-10-02,3,2025-10-05,24.8,19.1,23.4,,,85.9,7.6,,68.5,9.45,8.7,
滨州,ecmwf_ifs025,2025-10-01,4,2025-10-05,23.3,19.7,23.3,,,89.1,6.3,,91.8,5.46,13.5,
滨州,ecmwf_ifs025,2025-09-30,5,2025-10-05,25.9,19.3,24.1,,,88.3,6.4,,96.9,7.68,14.1,
滨州,ecmwf_ifs025,2025-09-29,6,2025-10-05,20.9,18.0,22.2,,,94.4,7.0,,77.9,1.85,27.0,
滨州,ecmwf_ifs025,2025-09-28,7,2025-10-05,20.3,18.3,21.6,,,93.9,4.8,,63.8,2.8,4.2,
滨州,gfs_seamless,2025-10-04,1,2025-10-05,20.9,16.3,20.9,,,91.5,11.5,57.6,100.0,1.31,26.7,0.0
滨州,gfs_seamless,2025-10-03,2,2025-10-05,19.9,16.7,19.6,,,94.0,12.6,56.9,100.0,0.84,27.5,0.0
滨州,gfs_seamless,2025-10-02,3,2025-10-05,20.7,16.6,20.5,,,86.4,8.6,41.8,100.0,1.17,5.8,0.0
滨州,gfs_seamless,2025-10-01,4,2025-10-05,20.1,18.0,21.1,,,96.0,7.2,29.5,100.0,0.67,22.8,0.0
滨州,gfs_seamless,2025-09-30,5,2025-10-05,20.9,17.9,21.2,,,95.1,7.2,28.1,100.0,0.55,11.6,0.0
滨州,gfs_seamless,2025-09-29,6,2025-10-05,20.4,18.2,21.3,,,95.0,8.8,34.6,100.0,0.39,12.8,0.0
滨州,gfs_seamless,2025-09-28,7,2025-10-05,20.0,18.2,20.3,,,92.7,9.0,29.5,100.0,0.64,1.8,0.0
滨州,jma_seamless,2025-10-04,1,2025-10-05,22.6,18.5,23.0,,,87.7,6.8,,94.6,,15.0,0.0
滨州,jma_seamless,2025-10-03,2,2025-10-05,22.1,19.1,23.3,,,89.2,4.5,,92.8,,30.3,0.0
滨州,jma_seamless,2025-10-02,3,2025-10-05,24.3,18.9,23.5,,,78.0,5.5,,88.5,,13.8,0.0
滨州,jma_seamless,2025-10-01,4,2025-10-05,21.5,18.3,23.3,,,95.5,4.8,,95.3,,26.1,0.0
滨州,jma_seamless,2025-09-30,5,2025-10-05,22.5,19.3,24.2,,,90.4,4.7,,96.2,,18.6,0.0
滨州,jma_seamless,2025-09-29,6,2025-10-05,23.1,18.3,23.2,,,87.4,8.0,,87.8,,13.8,0.0
滨州,jma_seamless,2025-09-28,7,2025-10-05,26.5,19.3,24.5,,,76.5,6.3,,82.8,,34.2,0.0
滨州,ecmwf_ifs025,2025-10-05,1,2025-10-06,19.2,16.0,18.3,,,92.5,14.8,,88.6,2.42,30.3,
滨州,ecmwf_ifs025,2025-10-04,2,2025-10-06,20.1,17.7,19.0,,,92.8,15.2,,94.2,2.48,23.1,
滨州,ecmwf_ifs025,2025-10-03,3,2025-10-06,20.9,18.5,20.1,,,89.2,13.7,,99.2,4.39,18.9,
滨州,ecmwf_ifs025,2025-10-02,4,2025-10-06,19.9,18.2,19.5,,,93.2,15.8,,87.1,2.15,25.8,
滨州,ecmwf_ifs025,2025-10-01,5,2025-10-06,20.9,18.5,20.2,,,93.6,15.2,,100.0,2.24,30.9,
滨州,ecmwf_ifs025,2025-09-30,6,2025-10-06,21.9,18.5,22.5,,,95.7,10.5,,94.0,2.43,20.1,
滨州,ecmwf_ifs025,2025-09-29,7,2025-10-06,22.4,18.2,20.9,,,84.7,13.0,,69.2,8.72,1.5,
滨州,gfs_seamless,2025-10-05,1,2025-10-06,16.6,14.5,14.1,,,88.9,16.9,47.5,100.0,2.25,16.1,0.0
滨州,gfs_seamless,2025-10-04,2,2025-10-06,17.9,15.8,15.4,,,86.3,16.5,45.4,100.0,1.93,11.4,0.0
滨州,gfs_seamless,2025-10-03,3,2025-10-06,16.8,15.5,15.3,,,93.0,15.8,41.4,100.0,0.46,26.0,0.0
滨州,gfs_seamless,2025-10-02,4,2025-10-06,18.8,15.5,16.3,,,95.8,17.5,45.4,100.0,0.28,38.6,0.0
滨州,gfs_seamless,2025-10-01,5,2025-10-06,19.2,16.3,17.8,,,95.2,18.1,45.4,100.0,0.79,11.0,0.0
滨州,gfs_seamless,2025-09-30,6,2025-10-06,20.2,17.3,19.7,,,93.8,14.1,45.7,100.0,1.62,4.5,0.0
滨州,gfs_seamless,2025-09-29,7,2025-10-06,20.0,16.3,18.5,,,91.0,13.7,46.4,91.5,1.72,2.7,0.0
滨州,jma_seamless,2025-10-05,1,2025-10-06,18.4,16.9,18.1,,,89.9,10.9,,86.7,,19.8,0.0
滨州,jma_seamless,2025-10-04,2,2025-10-06,21.1,17.9,20.2,,,91.4,11.6,,92.8,,33.6,0.0
滨州,jma_seamless,2025-10-03,3,2025-10-06,22.8,16.9,20.0,,,86.8,10.6,,94.2,,26.1,0.0
滨州,jma_seamless,2025-10-02,4,2025-10-06,21.7,18.0,21.1,,,89.5,9.7,,96.8,,29.1,0.0
滨州,jma_seamless,2025-10-01,5,2025-10-06,21.5,19.3,22.4,,,94.3,8.0,,98.5,,34.8,0.0
滨州,jma_seamless,2025-09-30,6,2025-10-06,20.6,18.0,21.2,,,93.1,9.5,,96.5,,21.0,0.0
滨州,jma_seamless,2025-09-29,7,2025-10-06,23.0,18.6,22.5,,,91.2,8.6,,89.9,,28.5,0.0
滨州,ecmwf_ifs025,2025-10-06,1,2025-10-07,19.8,14.8,17.3,,,83.1,6.2,,46.4,7.2,3.9,
滨州,ecmwf_ifs025,2025-10-05,2,2025-10-07,21.0,16.0,19.0,,,85.4,6.7,,45.1,8.87,0.6,
滨州,ecmwf_ifs025,2025-10-04,3,2025-10-07,21.9,16.0,19.1,,,82.5,7.9,,61.8,8.78,0.6,
滨州,ecmwf_ifs025,2025-10-03,4,2025-10-07,22.6,16.8,19.6,,,88.1,7.8,,66.0,9.17,2.1,
滨州,ecmwf_ifs025,2025-10-02,5,2025-10-07,22.1,16.3,20.0,,,84.9,10.1,,58.3,9.55,1.2,
滨州,ecmwf_ifs025,2025-10-01,6,2025-10-07,20.7,16.6,19.1,,,82.5,10.9,,48.9,4.96,2.1,
滨州,ecmwf_ifs025,2025-09-30,7,2025-10-07,18.7,13.8,16.3,,,70.6,10.5,,28.8,7.42,0.0,
滨州,gfs_seamless,2025-10-06,1,2025-10-07,21.5,14.1,17.1,,,69.3,8.6,20.2,81.4,14.24,0.0,0.0
滨州,gfs_seamless,2025-10-05,2,2025-10-07,21.3,13.6,16.4,,,63.8,6.4,10.4,77.7,11.46,0.0,0.0
滨州,gfs_seamless,2025-10-04,3,2025-10-07,22.8,14.7,17.5,,,63.8,6.2,22.7,78.8,13.24,0.0,0.0
滨州,gfs_seamless,2025-10-03,4,2025-10-07,20.6,14.9,16.6,,,76.8,8.9,34.6,99.8,9.02,0.1,0.0
滨州,gfs_seamless,2025-10-02,5,2025-10-07,21.3,14.3,16.5,,,77.8,12.1,33.8,98.9,10.8,1.0,0.0
滨州,gfs_seamless,2025-10-01,6,2025-10-07,19.5,15.7,17.8,,,88.0,11.4,31.3,100.0,5.95,1.9,0.0
滨州,gfs_seamless,2025-09-30,7,2025-10-07,18.3,16.3,17.7,,,92.0,11.3,30.6,98.5,1.2,2.2,0.0
滨州,jma_seamless,2025-10-06,1,2025-10-07,23.3,16.3,18.5,,,54.9,3.3,,68.2,,0.0,0.0
滨州,jma_seamless,2025-10-05,2,2025-10-07,23.6,18.2,21.3,,,73.8,4.3,,65.0,,0.3,0.0
滨州,jma_seamless,2025-10-04,3,2025-10-07,24.6,17.0,21.4,,,79.3,6.8,,80.1,,3.3,0.0
滨州,jma_seamless,2025-10-03,4,2025-10-07,20.9,18.2,21.1,,,81.3,5.2,,73.8,,14.4,0.0
滨州,jma_seamless,2025-10-02,5,2025-10-07,24.2,19.2,22.8,,,79.3,6.1,,95.3,,9.0,0.0
滨州,jma_seamless,2025-10-01,6,2025-10-07,22.0,17.4,21.4,,,80.2,6.5,,89.9,,10.2,0.0
滨州,jma_seamless,2025-09-30,7,2025-10-07,23.1,18.5,23.4,,,88.3,7.9,,87.7,,5.7,0.0
滨州,ecmwf_ifs025,2025-10-07,1,2025-10-08,20.5,15.7,16.6,,,74.7,14.9,,72.8,4.37,2.1,
滨州,ecmwf_ifs025,2025-10-06,2,2025-10-08,18.6,14.9,15.2,,,76.0,16.2,,75.8,2.55,2.7,
滨州,ecmwf_ifs025,2025-10-05,3,2025-10-08,19.0,17.6,17.4,,,75.9,15.2,,88.5,2.91,0.9,
滨州,ecmwf_ifs025,2025-10-04,4,2025-10-08,21.2,17.1,18.8,,,82.2,15.2,,95.5,3.2,1.8,
滨州,ecmwf_ifs025,2025-10-03,5,2025-10-08,19.3,15.7,16.2,,,81.5,15.6,,83.4,2.79,6.0,
滨州,ecmwf_ifs025,2025-10-02,6,2025-10-08,18.8,15.8,15.2,,,64.8,16.3,,47.3,4.55,0.9,
滨州,ecmwf_ifs025,2025-10-01,7,2025-10-08,18.5,13.4,14.0,,,61.2,11.6,,40.2,6.42,0.0,
滨州,gfs_seamless,2025-10-07,1,2025-10-08,19.9,14.5,16.0,,,72.9,17.7,50.8,100.0,2.69,1.6,0.0
滨州,gfs_seamless,2025-10-06,2,2025-10-08,17.6,14.3,14.5,,,69.1,18.7,49.7,100.0,1.01,0.7,0.0
滨州,gfs_seamless,2025-10-05,3,2025-10-08,18.8,15.6,15.5,,,73.4,16.4,46.1,99.3,1.0,0.4,0.0
滨州,gfs_seamless,2025-10-04,4,2025-10-08,19.8,16.4,19.9,,,90.5,9.0,32.4,100.0,1.16,2.5,0.0
滨州,gfs_seamless,2025-10-03,5,2025-10-08,18.7,14.5,14.4,,,83.9,21.2,52.6,100.0,0.41,1.7,0.0
滨州,gfs_seamless,2025-10-02,6,2025-10-08,16.5,12.5,13.0,,,73.2,10.5,40.0,100.0,0.86,2.0,0.0
滨州,gfs_seamless,2025-10-01,7,2025-10-08,17.0,12.4,11.4,,,85.5,20.2,51.5,100.0,0.71,3.6,0.0
滨州,jma_seamless,2025-10-07,1,2025-10-08,20.9,16.2,18.1,,,62.8,8.8,,,,,
滨州,jma_seamless,2025-10-06,2,2025-10-08,21.1,17.5,18.3,,,55.7,9.8,,,,,
滨州,jma_seamless,2025-10-05,3,2025-10-08,20.2,17.5,17.5,,,65.6,12.4,,,,,
滨州,jma_seamless,2025-10-04,4,2025-10-08,19.5,14.9,16.8,,,79.3,12.5,,,,,
滨州,jma_seamless,2025-10-03,5,2025-10-08,20.6,13.9,15.4,,,75.5,14.9,,,,,
滨州,jma_seamless,2025-10-02,6,2025-10-08,21.3,13.2,13.2,,,38.0,14.5,,,,,
滨州,jma_seamless,2025-10-01,7,2025-10-08,18.8,15.3,15.3,,,76.9,15.3,,,,,
滨州,ecmwf_ifs025,2025-10-08,1,2025-10-09,17.0,15.1,14.6,,,91.8,19.1,,99.6,2.32,35.7,
滨州,ecmwf_ifs025,2025-10-07,2,2025-10-09,17.1,15.2,14.2,,,86.5,18.3,,100.0,2.24,15.0,
滨州,ecmwf_ifs025,2025-10-06,3,2025-10-09,19.0,15.5,16.1,,,78.3,14.8,,66.5,2.97,6.6,
滨州,ecmwf_ifs025,2025-10-05,4,2025-10-09,19.4,16.5,17.7,,,84.2,14.8,,94.6,4.09,13.5,
滨州,ecmwf_ifs025,2025-10-04,5,2025-10-09,18.1,16.0,15.8,,,79.6,17.2,,63.1,3.09,5.7,
滨州,ecmwf_ifs025,2025-10-03,6,2025-10-09,17.2,14.3,14.3,,,78.8,17.4,,72.9,3.73,5.4,
滨州,ecmwf_ifs025,2025-10-02,7,2025-10-09,17.4,15.4,13.8,,,68.3,16.9,,49.1,3.12,9.0,
滨州,gfs_seamless,2025-10-08,1,2025-10-09,15.2,13.1,11.7,,,92.2,23.7,50.8,100.0,0.31,43.0,0.0
滨州,gfs_seamless,2025-10-07,2,2025-10-09,14.5,12.7,11.2,,,90.7,22.0,50.4,100.0,0.36,26.3,0.0
滨州,gfs_seamless,2025-10-06,3,2025-10-09,16.0,12.9,12.0,,,85.4,19.3,45.0,100.0,0.33,25.6,0.0
滨州,gfs_seamless,2025-10-05,4,2025-10-09,18.6,14.3,14.2,,,94.5,19.1,55.8,100.0,0.21,28.1,0.0
滨州,gfs_seamless,2025-10-04,5,2025-10-09,17.6,12.6,12.6,,,91.4,26.8,59.0,100.0,0.94,9.1,0.0
滨州,gfs_seamless,2025-10-03,6,2025-10-09,15.0,12.9,11.8,,,89.8,18.6,46.8,100.0,0.76,2.4,0.0
滨州,gfs_seamless,2025-10-02,7,2025-10-09,13.5,10.6,10.2,,,88.9,12.7,35.3,100.0,0.51,3.4,0.0
滨州,jma_seamless,2025-10-08,1,2025-10-09,17.3,14.8,15.7,,,89.1,11.0,,,,,
滨州,jma_seamless,2025-10-07,2,2025-10-09,17.7,16.3,16.5,,,79.0,9.8,,,,,
滨州,jma_seamless,2025-10-06,3,2025-10-09,19.5,16.4,17.1,,,64.6,10.2,,,,,
滨州,jma_seamless,2025-10-05,4,2025-10-09,17.6,14.7,15.1,,,79.1,11.0,,,,,
滨州,jma_seamless,2025-10-04,5,2025-10-09,14.9,13.5,12.9,,,87.2,14.1,,,,,
滨州,jma_seamless,2025-10-03,6,2025-10-09,13.9,11.5,10.8,,,80.1,12.9,,,,,
滨州,jma_seamless,2025-10-02,7,2025-10-09,14.7,10.8,10.7,,,75.1,11.4,,,,,
滨州,ecmwf_ifs025,2025-10-09,1,2025-10-10,17.8,15.2,15.5,,,87.3,14.6,,98.7,3.76,13.5,
滨州,ecmwf_ifs025,2025-10-08,2,2025-10-10,17.9,15.0,15.5,,,89.6,16.8,,97.5,3.87,19.8,
滨州,ecmwf_ifs025,2025-10-07,3,2025-10-10,17.4,15.3,15.9,,,94.0,15.2,,100.0,2.74,18.0,
滨州,ecmwf_ifs025,2025-10-06,4,2025-10-10,17.8,15.9,16.7,,,94.1,16.3,,98.9,2.52,22.2,
滨州,ecmwf_ifs025,2025-10-05,5,2025-10-10,17.1,14.9,15.0,,,91.7,15.7,,99.9,2.95,18.6,
滨州,ecmwf_ifs025,2025-10-04,6,2025-10-10,15.7,14.0,13.5,,,84.4,14.0,,57.9,2.56,3.0,
滨州,ecmwf_ifs025,2025-10-03,7,2025-10-10,17.3,14.6,14.5,,,90.2,20.9,,99.0,2.12,42.3,
滨州,gfs_seamless,2025-10-09,1,2025-10-10,15.7,14.2,13.5,,,94.1,19.7,41.8,100.0,0.63,19.9,0.0
滨州,gfs_seamless,2025-10-08,2,2025-10-10,15.4,14.1,12.7,,,94.2,22.9,44.3,100.0,0.3,23.4,0.0
滨州,gfs_seamless,2025-10-07,3,2025-10-10,14.3,13.4,12.6,,,95.4,16.1,33.8,100.0,0.32,17.7,0.0
滨州,gfs_seamless,2025-10-06,4,2025-10-10,15.1,12.9,12.4,,,94.8,16.6,38.5,100.0,0.36,17.4,0.0
滨州,gfs_seamless,2025-10-05,5,2025-10-10,14.5,12.0,11.9,,,93.4,16.0,39.6,99.9,1.52,12.7,0.0
滨州,gfs_seamless,2025-10-04,6,2025-10-10,15.1,10.4,9.8,,,82.5,21.2,50.4,100.0,1.07,2.0,0.0
滨州,gfs_seamless,2025-10-03,7,2025-10-10,15.1,12.5,12.5,,,85.1,15.2,44.3,99.8,1.95,0.8,0.0
滨州,jma_seamless,2025-10-09,1,2025-10-10,17.5,14.2,15.8,,,89.8,11.8,,,,,
滨州,jma_seamless,2025-10-08,2,2025-10-10,17.8,15.9,16.9,,,91.6,10.9,,,,,
滨州,jma_seamless,2025-10-07,3,2025-10-10,17.2,15.2,16.9,,,93.8,10.3,,,,,
滨州,jma_seamless,2025-10-06,4,2025-10-10,19.6,15.6,18.6,,,94.5,8.3,,,,,
滨州,jma_seamless,2025-10-05,5,2025-10-10,15.4,13.4,14.1,,,93.9,10.3,,,,,
滨州,jma_seamless,2025-10-04,6,2025-10-10,14.9,12.4,13.0,,,90.5,6.7,,,,,
滨州,jma_seamless,2025-10-03,7,2025-10-10,14.9,11.6,12.4,,,86.0,8.4,,,,,
滨州,ecmwf_ifs025,2025-10-10,1,2025-10-11,16.6,14.1,15.3,,,90.7,9.1,,87.6,3.25,9.9,
滨州,ecmwf_ifs025,2025-10-09,2,2025-10-11,16.3,14.1,14.7,,,91.5,10.3,,87.3,3.77,32.7,
滨州,ecmwf_ifs025,2025-10-08,3,2025-10-11,16.0,14.1,14.9,,,90.8,9.7,,79.8,3.22,10.2,
滨州,ecmwf_ifs025,2025-10-07,4,2025-10-11,18.1,14.5,16.1,,,90.2,10.8,,82.3,5.65,31.8,
滨州,ecmwf_ifs025,2025-10-06,5,2025-10-11,18.1,14.8,16.0,,,90.0,13.2,,96.9,4.14,19.8,
滨州,ecmwf_ifs025,2025-10-05,6,2025-10-11,15.8,14.1,14.5,,,85.5,9.4,,74.5,2.39,15.9,
滨州,ecmwf_ifs025,2025-10-04,7,2025-10-11,16.4,13.5,13.3,,,78.0,11.7,,53.4,5.62,1.5,
滨州,gfs_seamless,2025-10-10,1,2025-10-11,14.9,12.5,12.4,,,94.1,11.2,41.8,100.0,0.93,16.7,0.0
滨州,gfs_seamless,2025-10-09,2,2025-10-11,14.3,12.7,12.3,,,94.1,11.3,37.4,100.0,0.6,12.4,0.0
滨州,gfs_seamless,2025-10-08,3,2025-10-11,13.9,12.0,11.9,,,94.0,12.5,35.6,99.6,0.48,19.6,0.0
滨州,gfs_seamless,2025-10-07,4,2025-10-11,13.7,12.3,12.0,,,95.3,11.7,34.6,100.0,0.66,16.8,0.0
滨州,gfs_seamless,2025-10-06,5,2025-10-11,14.2,11.9,12.0,,,92.7,12.0,33.5,100.0,2.34,13.7,0.0
滨州,gfs_seamless,2025-10-05,6,2025-10-11,18.8,9.2,10.5,7.0,,82.7,14.6,41.8,95.1,7.2,4.9,0.0
滨州,gfs_seamless,2025-10-04,7,2025-10-11,13.7,12.2,11.1,,,83.4,15.3,43.6,98.3,0.44,5.1,0.0
滨州,jma_seamless,2025-10-10,1,2025-10-11,15.9,13.4,14.3,,,84.3,6.4,,,,,
滨州,jma_seamless,2025-10-09,2,2025-10-11,16.8,14.3,15.5,,,88.1,7.4,,,,,
滨州,jma_seamless,2025-10-08,3,2025-10-11,16.6,14.6,15.8,,,92.3,7.7,,,,,
滨州,jma_seamless,2025-10-07,4,2025-10-11,16.8,15.2,16.1,,,93.6,8.9,,,,,
滨州,jma_seamless,2025-10-06,5,2025-10-11,18.3,15.0,17.5,,,94.4,10.3,,,,,
滨州,jma_seamless,2025-10-05,6,2025-10-11,14.4,13.2,12.9,,,89.8,11.7,,,,,
滨州,jma_seamless,2025-10-04,7,2025-10-11,18.4,14.9,16.2,,,91.3,9.1,,,,,
滨州,ecmwf_ifs025,2025-10-11,1,2025-10-12,16.5,13.8,14.7,,,91.9,10.1,,78.5,2.16,17.4,
滨州,ecmwf_ifs025,2025-10-10,2,2025-10-12,16.3,14.1,14.7,,,91.7,10.9,,86.8,2.4,25.2,
滨州,ecmwf_ifs025,2025-10-09,3,2025-10-12,17.1,14.0,15.5,,,92.5,11.8,,96.5,2.35,24.0,
滨州,ecmwf_ifs025,2025-10-08,4,2025-10-12,16.2,14.4,14.5,,,90.2,13.2,,87.2,2.43,17.4,
滨州,ecmwf_ifs025,2025-10-07,5,2025-10-12,17.3,14.4,15.5,,,92.6,10.9,,92.2,2.78,38.7,
滨州,ecmwf_ifs025,2025-10-06,6,2025-10-12,17.8,15.8,16.4,,,92.7,14.9,,98.0,3.29,25.2,
滨州,ecmwf_ifs025,2025-10-05,7,2025-10-12,18.1,13.9,15.6,,,79.6,13.4,,76.5,5.74,3.9,
滨州,gfs_seamless,2025-10-11,1,2025-10-12,14.3,12.8,12.6,,,92.5,11.1,38.5,100.0,0.5,31.1,0.0
滨州,gfs_seamless,2025-10-10,2,2025-10-12,14.2,12.6,12.2,,,94.2,14.4,42.1,100.0,0.34,44.5,0.0
滨州,gfs_seamless,2025-10-09,3,2025-10-12,14.3,12.7,12.4,,,93.3,13.2,43.6,100.0,0.36,26.5,0.0
滨州,gfs_seamless,2025-10-08,4,2025-10-12,14.5,12.6,12.4,,,89.8,11.5,40.7,100.0,0.58,16.0,0.0
滨州,gfs_seamless,2025-10-07,5,2025-10-12,14.0,12.1,11.5,,,85.6,13.2,47.5,100.0,1.61,6.0,0.0
滨州,gfs_seamless,2025-10-06,6,2025-10-12,15.3,12.2,11.0,,,75.0,15.6,50.4,100.0,2.98,0.6,0.0
滨州,gfs_seamless,2025-10-05,7,2025-10-12,16.8,11.0,11.3,,,79.5,11.6,37.8,94.0,2.3,5.1,0.0
滨州,jma_seamless,2025-10-11,1,2025-10-12,15.6,13.3,14.1,,,87.8,6.4,,,,,
滨州,jma_seamless,2025-10-10,2,2025-10-12,15.7,13.7,14.1,,,93.0,10.0,,,,,
滨州,jma_seamless,2025-10-09,3,2025-10-12,15.9,14.6,14.9,,,93.9,12.8,,,,,
滨州,jma_seamless,2025-10-08,4,2025-10-12,15.1,14.0,14.2,,,92.4,11.2,,,,,
滨州,jma_seamless,2025-10-07,5,2025-10-12,16.2,12.9,14.6,,,92.8,11.0,,,,,
滨州,jma_seamless,2025-10-06,6,2025-10-12,15.0,13.4,13.8,,,90.1,10.2,,,,,
滨州,jma_seamless,2025-10-05,7,2025-10-12,18.0,11.9,13.2,,,71.2,12.7,,,,,
滨州,ecmwf_ifs025,2025-10-12,1,2025-10-13,20.4,11.8,15.0,,,76.4,5.8,,20.7,13.86,0.0,
滨州,ecmwf_ifs025,2025-10-11,2,2025-10-13,20.0,12.0,15.1,,,81.1,5.8,,45.2,12.54,0.0,
滨州,ecmwf_ifs025,2025-10-10,3,2025-10-13,20.1,12.3,15.5,,,78.8,7.7,,53.9,10.07,1.8,
滨州,ecmwf_ifs025,2025-10-09,4,2025-10-13,20.3,14.3,15.7,,,78.0,10.6,,65.8,9.66,0.6,
滨州,ecmwf_ifs025,2025-10-08,5,2025-10-13,18.9,11.3,14.6,,,76.4,9.4,,67.7,9.04,0.0,
滨州,ecmwf_ifs025,2025-10-07,6,2025-10-13,19.7,12.3,15.7,,,83.6,10.2,,80.3,7.49,1.8,
滨州,ecmwf_ifs025,2025-10-06,7,2025-10-13,17.6,13.3,15.0,,,93.9,11.7,,92.8,1.97,20.7,
滨州,gfs_seamless,2025-10-12,1,2025-10-13,19.3,12.4,15.1,,,75.4,5.1,16.6,74.8,14.78,0.0,0.0
滨州,gfs_seamless,2025-10-11,2,2025-10-13,19.8,12.6,15.2,,,76.2,6.2,27.7,73.4,15.18,0.4,0.0
滨州,gfs_seamless,2025-10-10,3,2025-10-13,19.3,12.9,14.2,,,74.2,10.2,33.5,72.8,14.05,0.0,0.0
滨州,gfs_seamless,2025-10-09,4,2025-10-13,19.3,12.8,14.1,,,74.0,8.7,23.4,87.5,12.81,0.0,0.0
滨州,gfs_seamless,2025-10-08,5,2025-10-13,17.7,13.0,14.1,,,76.2,5.8,22.0,80.1,7.52,0.4,0.0
滨州,gfs_seamless,2025-10-07,6,2025-10-13,18.7,12.0,12.7,,,70.9,11.5,31.7,98.6,12.46,0.0,0.0
滨州,gfs_seamless,2025-10-06,7,2025-10-13,16.8,10.3,12.4,,,66.1,9.7,34.6,76.0,13.33,0.0,0.0
滨州,jma_seamless,2025-10-12,1,2025-10-13,21.1,12.5,15.2,,,75.3,3.7,,,,,
滨州,jma_seamless,2025-10-11,2,2025-10-13,19.7,13.2,15.9,,,82.3,3.3,,,,,
滨州,jma_seamless,2025-10-10,3,2025-10-13,20.4,13.3,16.5,,,82.0,5.7,,,,,
滨州,jma_seamless,2025-10-09,4,2025-10-13,20.9,13.5,15.6,,,73.4,6.5,,,,,
滨州,jma_seamless,2025-10-08,5,2025-10-13,20.4,13.2,15.0,,,68.5,7.3,,,,,
滨州,jma_seamless,2025-10-07,6,2025-10-13,17.9,11.7,14.4,,,76.8,5.1,,,,,
滨州,jma_seamless,2025-10-06,7,2025-10-13,16.8,11.8,14.1,,,91.8,6.7,,,,,
滨州,ecmwf_ifs025,2025-10-13,1,2025-10-14,21.4,9.6,15.1,,,76.8,3.8,,5.5,14.95,0.0,
滨州,ecmwf_ifs025,2025-10-12,2,2025-10-14,21.9,9.7,15.2,,,77.3,4.8,,17.9,15.07,0.0,
滨州,ecmwf_ifs025,2025-10-11,3,2025-10-14,21.9,9.5,15.3,,,77.4,4.7,,19.5,14.96,0.0,
滨州,ecmwf_ifs025,2025-10-10,4,2025-10-14,22.4,12.6,16.3,,,77.0,7.1,,13.6,14.72,0.0,
滨州,ecmwf_ifs025,2025-10-09,5,2025-10-14,23.4,9.3,15.7,8.7,,79.3,5.8,,12.0,13.0,0.0,
滨州,ecmwf_ifs025,2025-10-08,6,2025-10-14,21.7,11.2,14.9,,,79.2,5.4,,11.2,13.6,0.0,
滨州,ecmwf_ifs025,2025-10-07,7,2025-10-14,22.4,12.8,16.8,,,86.2,4.6,,23.6,12.22,0.0,
滨州,gfs_seamless,2025-10-13,1,2025-10-14,21.2,12.7,15.8,,,68.6,6.1,14.8,31.9,16.53,0.0,0.0
滨州,gfs_seamless,2025-10-12,2,2025-10-14,21.5,12.7,15.8,,,70.5,7.0,23.4,45.3,16.09,0.0,0.0
滨州,gfs_seamless,2025-10-11,3,2025-10-14,21.4,13.0,16.1,,,71.2,6.5,18.7,41.5,16.27,0.0,0.0
滨州,gfs_seamless,2025-10-10,4,2025-10-14,21.3,11.9,15.8,,,68.9,4.9,16.6,38.0,16.33,0.0,0.0
滨州,gfs_seamless,2025-10-09,5,2025-10-14,20.9,11.9,15.9,,,70.2,5.0,16.2,30.0,16.44,0.0,0.0
滨州,gfs_seamless,2025-10-08,6,2025-10-14,20.8,12.2,14.9,,,69.2,8.3,18.4,15.6,16.25,0.0,0.0
滨州,gfs_seamless,2025-10-07,7,2025-10-14,21.0,14.5,17.0,,,74.8,8.0,17.6,71.0,13.14,0.0,0.0
滨州,jma_seamless,2025-10-13,1,2025-10-14,23.4,11.0,15.5,,,62.9,3.0,,,,,
滨州,jma_seamless,2025-10-12,2,2025-10-14,23.9,11.8,16.5,,,67.7,3.3,,,,,
滨州,jma_seamless,2025-10-11,3,2025-10-14,23.0,11.8,16.8,,,73.9,2.5,,,,,
滨州,jma_seamless,2025-10-10,4,2025-10-14,22.9,11.8,16.2,,,69.0,1.4,,,,,
滨州,jma_seamless,2025-10-09,5,2025-10-14,22.7,12.5,15.9,,,62.4,2.7,,,,,
滨州,jma_seamless,2025-10-08,6,2025-10-14,22.9,14.0,17.1,,,64.8,2.3,,,,,
滨州,jma_seamless,2025-10-07,7,2025-10-14,22.9,12.3,17.4,,,79.1,3.0,,,,,
滨州,ecmwf_ifs025,2025-10-14,1,2025-10-15,21.3,13.8,17.5,,,86.3,4.8,,37.5,9.16,0.3,
滨州,ecmwf_ifs025,2025-10-13,2,2025-10-15,22.0,14.1,18.0,,,85.2,5.0,,35.7,10.88,0.3,
滨州,ecmwf_ifs025,2025-10-12,3,2025-10-15,19.5,13.3,17.1,,,92.9,4.2,,37.2,4.07,0.9,
滨州,ecmwf_ifs025,2025-10-11,4,2025-10-15,18.7,14.3,17.2,,,93.7,5.4,,55.7,3.76,0.6,
滨州,ecmwf_ifs025,2025-10-10,5,2025-10-15,21.0,13.8,17.6,,,90.5,6.8,,60.6,5.32,0.0,
滨州,ecmwf_ifs025,2025-10-09,6,2025-10-15,23.0,12.2,17.2,,,85.3,6.8,,6.5,10.49,0.0,
滨州,ecmwf_ifs025,2025-10-08,7,2025-10-15,22.4,13.4,16.8,,,82.9,8.5,,8.5,11.36,0.0,
滨州,gfs_seamless,2025-10-14,1,2025-10-15,19.6,14.5,16.6,,,86.1,6.8,19.4,71.4,5.72,1.1,0.0
滨州,gfs_seamless,2025-10-13,2,2025-10-15,20.3,13.9,16.4,,,80.6,5.9,21.6,69.1,7.67,0.0,0.0
滨州,gfs_seamless,2025-10-12,3,2025-10-15,17.3,14.1,15.3,,,86.7,7.1,15.1,69.7,3.39,1.3,0.0
滨州,gfs_seamless,2025-10-11,4,2025-10-15,20.3,13.2,15.8,,,79.5,8.4,15.8,81.5,7.86,0.2,0.0
滨州,gfs_seamless,2025-10-10,5,2025-10-15,20.9,14.2,16.7,,,80.6,9.2,25.6,82.8,9.67,0.2,0.0
滨州,gfs_seamless,2025-10-09,6,2025-10-15,22.5,14.6,18.4,,,80.0,6.1,19.8,60.4,15.05,0.0,0.0
滨州,gfs_seamless,2025-10-08,7,2025-10-15,23.0,14.4,18.1,,,73.8,7.7,22.7,15.2,16.25,0.0,0.0
滨州,jma_seamless,2025-10-14,1,2025-10-15,20.7,15.0,18.1,,,83.4,3.2,,,,,
滨州,jma_seamless,2025-10-13,2,2025-10-15,21.7,13.9,17.7,,,78.3,3.1,,,,,
滨州,jma_seamless,2025-10-12,3,2025-10-15,24.1,15.0,18.8,,,72.8,3.5,,,,,
滨州,jma_seamless,2025-10-11,4,2025-10-15,24.1,14.9,18.8,,,73.9,4.2,,,,,
滨州,jma_seamless,2025-10-10,5,2025-10-15,23.1,14.6,18.6,,,76.2,4.1,,,,,
滨州,jma_seamless,2025-10-09,6,2025-10-15,24.9,14.0,18.4,,,65.7,4.2,,,,,
滨州,jma_seamless,2025-10-08,7,2025-10-15,25.2,15.1,19.1,,,68.2,5.1,,,,,
滨州,ecmwf_ifs025,2025-10-15,1,2025-10-16,19.1,11.9,14.6,,,84.6,10.9,,49.3,7.54,0.0,
滨州,ecmwf_ifs025,2025-10-14,2,2025-10-16,19.6,12.4,15.3,,,85.3,10.7,,51.5,6.56,0.3,
滨州,ecmwf_ifs025,2025-10-13,3,2025-10-16,19.7,12.5,15.3,,,85.3,12.6,,48.6,6.99,0.0,
滨州,ecmwf_ifs025,2025-10-12,4,2025-10-16,21.4,12.9,16.4,,,86.2,10.3,,25.2,10.46,0.3,
滨州,ecmwf_ifs025,2025-10-11,5,2025-10-16,22.4,13.7,17.9,,,87.8,7.6,,30.9,10.53,0.6,
滨州,ecmwf_ifs025,2025-10-10,6,2025-10-16,22.0,13.5,18.3,,,85.9,6.8,,26.5,8.35,0.0,
滨州,ecmwf_ifs025,2025-10-09,7,2025-10-16,21.9,14.8,17.8,,,82.8,7.5,,24.5,9.16,0.0,
滨州,gfs_seamless,2025-10-15,1,2025-10-16,19.5,12.6,13.9,,,78.5,13.2,40.0,43.8,12.84,0.0,0.0
滨州,gfs_seamless,2025-10-14,2,2025-10-16,18.1,13.3,14.7,,,82.2,12.1,33.8,48.0,6.71,0.0,0.0
滨州,gfs_seamless,2025-10-13,3,2025-10-16,17.7,14.2,14.7,,,84.4,15.2,34.6,67.2,6.0,0.1,0.0
滨州,gfs_seamless,2025-10-12,4,2025-10-16,18.7,12.9,14.0,,,80.1,13.8,34.6,32.6,15.22,0.0,0.0
滨州,gfs_seamless,2025-10-11,5,2025-10-16,22.1,13.5,16.3,,,80.2,9.3,26.6,33.0,15.0,0.0,0.0
滨州,gfs_seamless,2025-10-10,6,2025-10-16,19.8,12.9,14.4,,,78.2,13.6,30.6,35.8,15.55,0.0,0.0
滨州,gfs_seamless,2025-10-09,7,2025-10-16,23.9,15.0,19.1,,,78.2,7.6,19.1,48.0,13.0,0.0,0.0
滨州,jma_seamless,2025-10-15,1,2025-10-16,19.8,13.4,16.4,,,80.9,7.9,,,,,
滨州,jma_seamless,2025-10-14,2,2025-10-16,21.3,13.0,16.7,,,80.8,6.1,,,,,
滨州,jma_seamless,2025-10-13,3,2025-10-16,23.5,13.3,18.2,,,82.0,6.2,,,,,
滨州,jma_seamless,2025-10-12,4,2025-10-16,24.3,15.4,19.8,,,78.0,5.6,,,,,
滨州,jma_seamless,2025-10-11,5,2025-10-16,24.4,14.0,19.4,,,78.5,4.0,,,,,
滨州,jma_seamless,2025-10-10,6,2025-10-16,24.0,14.1,19.0,,,72.4,2.4,,,,,
滨州,jma_seamless,2025-10-09,7,2025-10-16,24.2,16.0,19.8,,,70.3,6.8,,,,,
滨州,ecmwf_ifs025,2025-10-16,1,2025-10-17,17.6,11.5,12.9,,,85.0,10.8,,69.5,4.11,3.6,
滨州,ecmwf_ifs025,2025-10-15,2,2025-10-17,15.4,12.7,13.2,,,91.5,10.3,,90.7,1.85,9.9,
滨州,ecmwf_ifs025,2025-10-14,3,2025-10-17,16.0,13.8,14.2,,,87.6,12.2,,89.8,2.1,8.7,
滨州,ecmwf_ifs025,2025-10-13,4,2025-10-17,16.2,12.9,14.6,,,91.4,10.9,,86.7,2.49,5.7,
滨州,ecmwf_ifs025,2025-10-12,5,2025-10-17,16.8,13.5,15.1,,,90.0,9.8,,77.9,1.94,10.8,
滨州,ecmwf_ifs025,2025-10-11,6,2025-10-17,18.5,15.6,16.7,,,88.2,14.5,,86.0,4.64,3.0,
滨州,ecmwf_ifs025,2025-10-10,7,2025-10-17,21.7,15.7,18.1,,,85.1,10.3,,59.7,8.76,1.8,
滨州,gfs_seamless,2025-10-16,1,2025-10-17,14.3,12.4,12.2,,,88.1,11.9,41.8,84.7,1.31,5.9,0.0
滨州,gfs_seamless,2025-10-15,2,2025-10-17,14.9,13.2,13.0,,,88.9,11.8,40.3,88.6,1.2,8.5,0.0
滨州,gfs_seamless,2025-10-14,3,2025-10-17,15.3,12.9,14.1,,,89.8,10.8,42.8,92.3,0.91,8.2,0.0
滨州,gfs_seamless,2025-10-13,4,2025-10-17,15.1,12.9,14.1,,,91.0,10.7,36.0,98.8,0.68,8.0,0.0
滨州,gfs_seamless,2025-10-12,5,2025-10-17,15.1,12.8,13.7,,,91.9,9.8,38.5,88.6,0.56,4.7,0.0
滨州,gfs_seamless,2025-10-11,6,2025-10-17,17.2,13.3,15.7,,,93.5,9.8,32.0,88.3,0.37,5.2,0.0
滨州,gfs_seamless,2025-10-10,7,2025-10-17,16.0,12.5,13.7,,,91.0,9.4,40.3,71.8,1.86,4.2,0.0
滨州,jma_seamless,2025-10-16,1,2025-10-17,16.7,12.6,14.3,,,88.9,6.1,,,,,
滨州,jma_seamless,2025-10-15,2,2025-10-17,15.9,14.4,15.1,,,90.0,7.0,,,,,
滨州,jma_seamless,2025-10-14,3,2025-10-17,17.4,14.3,16.4,,,87.8,8.2,,,,,
滨州,jma_seamless,2025-10-13,4,2025-10-17,18.5,16.0,17.6,,,93.5,9.3,,,,,
滨州,jma_seamless,2025-10-12,5,2025-10-17,20.3,14.4,17.1,,,68.0,12.7,,,,,
滨州,jma_seamless,2025-10-11,6,2025-10-17,17.7,15.8,17.2,,,90.8,8.2,,,,,
滨州,jma_seamless,2025-10-10,7,2025-10-17,20.0,14.9,17.3,,,83.0,11.1,,,,,
滨州,ecmwf_ifs025,2025-10-17,1,2025-10-18,13.0,6.6,7.0,3.8,,65.2,14.2,,5.2,13.13,0.0,
滨州,ecmwf_ifs025,2025-10-16,2,2025-10-18,13.5,7.2,7.7,4.5,,65.3,15.0,,21.7,12.29,0.0,
滨州,ecmwf_ifs025,2025-10-15,3,2025-10-18,13.8,7.3,8.0,4.5,,66.6,15.3,,9.3,10.63,0.0,
滨州,ecmwf_ifs025,2025-10-14,4,2025-10-18,13.8,7.4,9.0,4.8,,67.8,14.6,,19.7,10.58,0.0,
滨州,ecmwf_ifs025,2025-10-13,5,2025-10-18,13.5,5.9,8.3,3.2,,64.4,12.9,,14.8,13.74,0.0,
滨州,ecmwf_ifs025,2025-10-12,6,2025-10-18,15.5,10.3,9.3,,,65.0,17.6,,42.2,10.4,0.0,
滨州,ecmwf_ifs025,2025-10-11,7,2025-10-18,15.4,7.8,10.2,5.4,,67.9,13.4,,7.2,11.97,0.0,
滨州,gfs_seamless,2025-10-17,1,2025-10-18,12.8,7.5,6.0,4.5,,62.5,17.6,46.8,26.4,15.72,0.0,0.0
滨州,gfs_seamless,2025-10-16,2,2025-10-18,13.4,8.2,6.8,5.3,,63.0,18.1,44.3,60.2,15.5,0.0,0.0
滨州,gfs_seamless,2025-10-15,3,2025-10-18,13.5,8.5,7.7,5.9,,64.5,16.4,45.0,60.5,15.39,0.0,0.0
滨州,gfs_seamless,2025-10-14,4,2025-10-18,15.0,8.5,8.2,5.9,,65.3,16.0,49.0,78.3,13.44,0.0,0.0
滨州,gfs_seamless,2025-10-13,5,2025-10-18,15.0,8.5,7.9,5.7,,62.7,18.4,47.5,33.8,15.45,0.0,0.0
滨州,gfs_seamless,2025-10-12,6,2025-10-18,15.5,8.5,9.5,5.9,,68.5,16.7,41.0,64.1,13.22,0.2,0.0
滨州,gfs_seamless,2025-10-11,7,2025-10-18,15.3,9.0,7.2,6.1,,57.7,20.3,48.6,51.5,15.6,0.0,0.0
滨州,jma_seamless,2025-10-17,1,2025-10-18,14.4,9.0,9.2,7.4,,54.0,10.1,,,,,
滨州,jma_seamless,2025-10-16,2,2025-10-18,14.9,9.7,10.2,8.2,,59.7,10.6,,,,,
滨州,jma_seamless,2025-10-15,3,2025-10-18,15.3,9.8,10.4,8.2,,56.5,11.3,,,,,
滨州,jma_seamless,2025-10-14,4,2025-10-18,15.7,9.9,10.2,8.4,,55.1,10.8,,,,,
滨州,jma_seamless,2025-10-13,5,2025-10-18,16.3,10.3,9.1,,,41.4,11.4,,,,,
滨州,jma_seamless,2025-10-12,6,2025-10-18,15.8,9.7,10.3,8.3,,45.4,10.0,,,,,
滨州,jma_seamless,2025-10-11,7,2025-10-18,16.0,12.4,10.4,,,42.6,12.7,,,,,
滨州,ecmwf_ifs025,2025-10-18,1,2025-10-19,12.5,5.0,5.5,2.4,,64.3,11.4,,20.5,7.55,0.0,
滨州,ecmwf_ifs025,2025-10-17,2,2025-10-19,12.9,5.1,6.2,2.6,,63.3,11.0,,20.4,10.1,0.0,
滨州,ecmwf_ifs025,2025-10-16,3,2025-10-19,13.8,5.0,6.1,2.7,,69.0,9.7,,22.6,6.61,0.0,
滨州,ecmwf_ifs025,2025-10-15,4,2025-10-19,13.7,6.2,6.5,4.0,,62.2,10.7,,29.7,8.87,0.0,
滨州,ecmwf_ifs025,2025-10-14,5,2025-10-19,13.3,5.2,5.5,2.8,,61.7,10.7,,17.1,13.3,0.0,
滨州,ecmwf_ifs025,2025-10-13,6,2025-10-19,14.3,8.1,7.8,6.7,,63.9,8.4,,22.2,10.22,0.0,
滨州,ecmwf_ifs025,2025-10-12,7,2025-10-19,12.9,7.4,6.5,5.5,,58.2,10.2,,29.2,9.8,0.0,
滨州,gfs_seamless,2025-10-18,1,2025-10-19,12.3,6.7,5.1,3.9,,60.3,14.7,32.0,82.7,9.77,0.0,0.0
滨州,gfs_seamless,2025-10-17,2,2025-10-19,12.1,7.6,6.0,5.3,,65.9,12.6,33.1,77.3,4.85,0.0,0.0
滨州,gfs_seamless,2025-10-16,3,2025-10-19,12.9,8.1,6.9,6.0,,65.2,12.0,29.2,93.5,4.58,0.0,0.0
滨州,gfs_seamless,2025-10-15,4,2025-10-19,14.5,7.7,6.4,5.4,,57.2,12.8,28.8,63.8,12.54,0.0,0.0
滨州,gfs_seamless,2025-10-14,5,2025-10-19,14.6,8.5,7.4,6.5,,59.8,12.2,34.2,85.2,9.97,0.0,0.0
滨州,gfs_seamless,2025-10-13,6,2025-10-19,14.0,7.6,6.6,5.4,,57.8,12.0,27.4,53.6,14.91,0.0,0.0
滨州,gfs_seamless,2025-10-12,7,2025-10-19,14.7,8.0,6.5,5.8,,55.5,12.8,41.8,47.7,9.19,0.0,0.0
滨州,jma_seamless,2025-10-18,1,2025-10-19,14.0,8.0,7.6,6.7,,52.0,7.8,,,,,
滨州,jma_seamless,2025-10-17,2,2025-10-19,15.1,8.7,8.8,7.6,,55.9,7.4,,,,,
滨州,jma_seamless,2025-10-16,3,2025-10-19,14.9,9.2,8.7,8.0,,59.5,8.3,,,,,
滨州,jma_seamless,2025-10-15,4,2025-10-19,17.1,9.1,9.4,8.3,,54.8,6.5,,,,,
滨州,jma_seamless,2025-10-14,5,2025-10-19,15.1,8.8,8.0,7.6,,38.9,8.2,,,,,
滨州,jma_seamless,2025-10-13,6,2025-10-19,15.2,8.1,7.6,7.0,,39.9,6.9,,,,,
滨州,jma_seamless,2025-10-12,7,2025-10-19,16.1,9.2,9.5,8.3,,39.3,6.9,,,,,
滨州,ecmwf_ifs025,2025-10-19,1,2025-10-20,12.6,4.2,4.4,1.8,,61.1,9.4,,31.4,9.28,0.0,
滨州,ecmwf_ifs025,2025-10-18,2,2025-10-20,13.0,4.6,4.6,2.2,,60.1,10.1,,61.1,9.47,0.0,
滨州,ecmwf_ifs025,2025-10-17,3,2025-10-20,13.7,4.9,4.8,2.4,,60.0,10.5,,30.3,12.29,0.0,
滨州,ecmwf_ifs025,2025-10-16,4,2025-10-20,13.8,6.3,5.6,4.2,,59.9,10.1,,52.5,10.31,0.0,
滨州,ecmwf_ifs025,2025-10-15,5,2025-10-20,13.4,4.2,4.6,2.2,,61.9,7.8,,16.4,12.9,0.0,
滨州,ecmwf_ifs025,2025-10-14,6,2025-10-20,12.0,7.1,7.3,6.1,,74.7,6.2,,75.8,5.88,0.6,
滨州,ecmwf_ifs025,2025-10-13,7,2025-10-20,12.0,7.1,7.1,6.1,,74.4,6.2,,77.8,5.88,0.6,
滨州,gfs_seamless,2025-10-19,1,2025-10-20,12.3,6.0,4.9,3.6,,55.4,11.2,24.1,96.5,13.06,0.0,0.0
滨州,gfs_seamless,2025-10-18,2,2025-10-20,12.7,6.2,4.9,3.7,,54.4,12.0,28.1,98.2,12.57,0.0,0.0
滨州,gfs_seamless,2025-10-17,3,2025-10-20,14.0,7.9,6.7,6.0,,57.7,10.9,28.4,100.0,12.37,0.0,0.0
滨州,gfs_seamless,2025-10-16,4,2025-10-20,13.9,7.2,6.6,5.4,,53.5,9.6,21.6,98.6,14.04,0.0,0.0
滨州,gfs_seamless,2025-10-15,5,2025-10-20,14.0,7.3,6.8,5.7,,54.2,8.8,20.9,49.1,11.2,0.0,0.0
滨州,gfs_seamless,2025-10-14,6,2025-10-20,14.7,6.8,7.0,4.7,,55.1,10.3,22.3,46.0,15.4,0.0,0.0
滨州,gfs_seamless,2025-10-13,7,2025-10-20,14.6,7.2,6.7,5.4,,53.2,9.6,26.3,69.2,13.11,0.0,0.0
滨州,jma_seamless,2025-10-19,1,2025-10-20,13.9,6.6,5.9,5.1,,44.8,7.6,,,,,
滨州,jma_seamless,2025-10-18,2,2025-10-20,14.3,7.4,7.2,6.2,,48.9,7.1,,,,,
滨州,jma_seamless,2025-10-17,3,2025-10-20,15.4,8.5,8.5,7.6,,54.6,6.6,,,,,
滨州,jma_seamless,2025-10-16,4,2025-10-20,15.4,8.4,7.9,7.5,,48.2,6.3,,,,,
滨州,jma_seamless,2025-10-15,5,2025-10-20,16.5,7.7,8.4,,,46.2,3.1,,,,,
滨州,jma_seamless,2025-10-14,6,2025-10-20,16.7,7.4,9.4,,,49.0,3.9,,,,,
滨州,jma_seamless,2025-10-13,7,2025-10-20,15.9,8.6,9.0,,,45.5,3.6,,,,,
滨州,ecmwf_ifs025,2025-10-20,1,2025-10-21,13.5,3.7,4.4,1.8,,61.7,7.4,,5.6,13.68,0.0,
滨州,ecmwf_ifs025,2025-10-19,2,2025-10-21,13.5,3.5,4.3,1.6,,60.5,7.3,,3.2,13.7,0.0,
滨州,ecmwf_ifs025,2025-10-18,3,2025-10-21,13.6,4.1,4.7,2.3,,60.5,7.2,,5.0,13.63,0.0,
滨州,ecmwf_ifs025,2025-10-17,4,2025-10-21,13.9,3.8,4.8,2.0,,57.4,6.9,,5.0,13.7,0.0,
滨州,ecmwf_ifs025,2025-10-16,5,2025-10-21,13.9,3.4,4.9,1.7,,62.0,6.6,,3.9,13.46,0.0,
滨州,ecmwf_ifs025,2025-10-15,6,2025-10-21,15.2,6.6,8.3,,,76.3,4.5,,36.1,12.02,0.0,
滨州,ecmwf_ifs025,2025-10-14,7,2025-10-21,15.2,6.6,8.3,,,76.3,4.5,,36.1,12.02,0.0,
滨州,gfs_seamless,2025-10-20,1,2025-10-21,13.3,4.8,5.0,2.6,,50.9,9.1,19.1,14.3,15.65,0.0,0.0
滨州,gfs_seamless,2025-10-19,2,2025-10-21,13.3,5.0,5.0,2.7,,50.6,9.9,18.7,22.8,15.65,0.0,0.0
滨州,gfs_seamless,2025-10-18,3,2025-10-21,13.5,5.0,5.0,2.7,,50.2,9.9,20.5,26.4,15.66,0.0,0.0
滨州,gfs_seamless,2025-10-17,4,2025-10-21,14.0,6.3,5.8,4.3,,48.8,9.7,19.4,28.8,15.76,0.0,0.0
滨州,gfs_seamless,2025-10-16,5,2025-10-21,14.2,6.4,6.7,4.8,,51.7,8.0,19.1,35.0,15.49,0.0,0.0
滨州,gfs_seamless,2025-10-15,6,2025-10-21,14.7,6.3,6.9,4.3,,52.2,9.5,20.9,24.0,15.41,0.0,0.0
滨州,gfs_seamless,2025-10-14,7,2025-10-21,15.6,6.5,7.7,4.5,,56.9,10.0,21.2,59.9,15.11,0.0,0.0
滨州,jma_seamless,2025-10-20,1,2025-10-21,14.6,6.1,6.2,5.2,,43.5,5.4,,,,,
滨州,jma_seamless,2025-10-19,2,2025-10-21,14.8,6.8,6.3,5.9,,39.5,5.8,,,,,
滨州,jma_seamless,2025-10-18,3,2025-10-21,15.0,7.4,7.2,,,45.0,4.8,,,,,
滨州,jma_seamless,2025-10-17,4,2025-10-21,15.9,7.5,7.8,6.8,,40.3,5.5,,,,,
滨州,jma_seamless,2025-10-16,5,2025-10-21,16.2,7.7,8.0,7.0,,37.3,5.3,,,,,
滨州,jma_seamless,2025-10-15,6,2025-10-21,17.3,8.7,9.2,,,44.3,4.1,,,,,
滨州,jma_seamless,2025-10-14,7,2025-10-21,17.1,8.5,9.6,7.6,,50.7,6.5,,,,,
滨州,ecmwf_ifs025,2025-10-21,1,2025-10-22,14.1,3.4,6.5,2.3,,67.1,5.0,,18.5,12.44,0.0,
滨州,ecmwf_ifs025,2025-10-20,2,2025-10-22,14.3,3.4,6.4,,,66.4,4.8,,20.7,12.92,0.0,
滨州,ecmwf_ifs025,2025-10-19,3,2025-10-22,14.1,3.2,6.0,1.9,,66.1,5.4,,22.8,12.51,0.0,
滨州,ecmwf_ifs025,2025-10-18,4,2025-10-22,14.6,3.0,6.4,1.8,,66.5,5.1,,20.9,13.15,0.0,
滨州,ecmwf_ifs025,2025-10-17,5,2025-10-22,14.5,2.8,6.1,1.5,,67.9,5.3,,21.6,12.57,0.0,
滨州,ecmwf_ifs025,2025-10-16,6,2025-10-22,16.7,8.7,10.0,7.2,,73.6,9.6,,56.1,9.73,0.0,
滨州,ecmwf_ifs025,2025-10-15,7,2025-10-22,16.7,8.7,10.0,7.2,,73.6,9.6,,56.1,9.73,0.0,
滨州,gfs_seamless,2025-10-21,1,2025-10-22,14.2,6.3,7.0,5.1,,51.3,6.5,20.2,40.8,14.22,0.0,
滨州,gfs_seamless,2025-10-20,2,2025-10-22,14.0,5.8,6.9,4.6,,51.5,6.1,19.8,40.1,15.15,0.0,
滨州,gfs_seamless,2025-10-19,3,2025-10-22,13.9,6.2,6.7,5.0,,49.5,6.3,14.0,69.6,14.84,0.0,
滨州,gfs_seamless,2025-10-18,4,2025-10-22,14.2,5.8,6.4,4.0,,50.3,8.5,18.4,28.7,15.36,0.0,
滨州,gfs_seamless,2025-10-17,5,2025-10-22,14.5,6.9,7.1,5.6,,50.8,7.0,18.7,43.8,13.46,0.0,
滨州,gfs_seamless,2025-10-16,6,2025-10-22,15.1,7.3,8.0,6.3,,55.3,6.4,13.3,67.8,11.04,0.0,
滨州,gfs_seamless,2025-10-15,7,2025-10-22,14.5,7.1,8.2,6.0,,52.0,6.5,11.5,76.6,12.12,0.0,
滨州,ecmwf_ifs025,2025-10-22,1,2025-10-23,14.9,7.8,8.9,6.8,,69.7,6.5,,52.9,7.66,0.0,
滨州,ecmwf_ifs025,2025-10-21,2,2025-10-23,15.0,7.5,8.8,6.3,,67.2,6.9,,65.5,7.47,0.0,
滨州,ecmwf_ifs025,2025-10-20,3,2025-10-23,15.0,7.7,8.8,6.7,,69.2,6.4,,62.3,7.54,0.0,
滨州,ecmwf_ifs025,2025-10-19,4,2025-10-23,14.2,7.4,8.3,6.7,,69.5,5.2,,50.4,5.92,0.0,
滨州,ecmwf_ifs025,2025-10-18,5,2025-10-23,16.0,6.9,8.5,5.9,,66.3,6.0,,47.3,9.59,0.0,
滨州,ecmwf_ifs025,2025-10-17,6,2025-10-23,14.9,7.5,8.6,5.9,,68.3,8.7,,38.0,6.94,0.0,
滨州,ecmwf_ifs025,2025-10-16,7,2025-10-23,14.9,7.5,8.6,5.9,,68.3,8.7,,38.0,6.94,0.0,
滨州,gfs_seamless,2025-10-22,1,2025-10-23,13.9,8.2,7.7,6.7,,61.4,8.8,23.8,85.4,6.15,0.0,
滨州,gfs_seamless,2025-10-21,2,2025-10-23,12.5,8.0,7.4,6.4,,61.1,9.2,26.6,71.1,4.28,0.0,
滨州,gfs_seamless,2025-10-20,3,2025-10-23,14.8,7.6,8.0,6.1,,57.7,8.2,30.6,67.6,11.13,0.0,
滨州,gfs_seamless,2025-10-19,4,2025-10-23,15.3,7.4,8.1,5.9,,56.4,8.2,26.3,53.5,14.63,0.0,
滨州,gfs_seamless,2025-10-18,5,2025-10-23,15.5,7.5,8.0,5.7,,55.4,9.6,27.4,44.7,14.23,0.0,
滨州,gfs_seamless,2025-10-17,6,2025-10-23,15.9,8.3,8.8,6.9,,55.5,8.5,26.6,51.3,15.0,0.0,
滨州,gfs_seamless,2025-10-16,7,2025-10-23,16.1,9.8,9.5,8.7,,56.4,8.4,29.5,68.2,12.75,0.0,
滨州,ecmwf_ifs025,2025-10-23,1,2025-10-24,15.5,7.7,9.3,,,71.8,4.6,,48.3,10.51,0.0,
滨州,ecmwf_ifs025,2025-10-22,2,2025-10-24,15.8,5.9,8.7,,,70.7,3.4,,33.1,12.02,0.0,
滨州,ecmwf_ifs025,2025-10-21,3,2025-10-24,15.1,5.9,8.1,5.1,,71.0,5.0,,20.7,12.94,0.0,
滨州,ecmwf_ifs025,2025-10-20,4,2025-10-24,15.0,6.1,8.5,,,71.5,3.4,,30.8,12.42,0.0,
滨州,ecmwf_ifs025,2025-10-19,5,2025-10-24,15.7,6.8,9.2,,,71.1,3.0,,26.7,11.5,0.0,
滨州,ecmwf_ifs025,2025-10-18,6,2025-10-24,15.6,6.9,8.7,,,76.6,4.4,,68.1,8.25,0.0,
滨州,ecmwf_ifs025,2025-10-17,7,2025-10-24,15.6,6.9,8.7,,,76.6,4.4,,68.1,8.25,0.0,
滨州,gfs_seamless,2025-10-23,1,2025-10-24,15.3,8.5,9.3,7.6,,62.9,6.4,13.7,93.6,12.83,0.0,
滨州,gfs_seamless,2025-10-22,2,2025-10-24,15.3,8.2,9.3,7.6,,59.1,5.5,11.5,95.7,13.3,0.0,
滨州,gfs_seamless,2025-10-21,3,2025-10-24,14.8,8.2,8.8,7.5,,57.1,5.6,10.4,89.0,13.33,0.0,
滨州,gfs_seamless,2025-10-20,4,2025-10-24,14.8,8.0,9.1,7.5,,56.8,5.0,9.4,81.6,12.62,0.0,
滨州,gfs_seamless,2025-10-19,5,2025-10-24,15.3,9.5,9.5,9.0,,58.7,5.8,15.1,98.3,11.44,0.0,
滨州,gfs_seamless,2025-10-18,6,2025-10-24,15.5,9.1,9.7,8.2,,60.8,6.9,14.0,98.1,8.2,0.0,
滨州,gfs_seamless,2025-10-17,7,2025-10-24,15.9,9.5,10.3,8.7,,62.2,6.9,11.9,98.5,9.79,0.0,
滨州,ecmwf_ifs025,2025-10-24,1,2025-10-25,16.9,7.3,9.9,6.1,,76.4,6.8,,66.2,8.75,0.0,
滨州,ecmwf_ifs025,2025-10-23,2,2025-10-25,16.7,7.4,9.6,6.4,,76.2,6.4,,66.3,10.2,0.0,
滨州,ecmwf_ifs025,2025-10-22,3,2025-10-25,16.7,6.8,9.8,6.0,,74.8,5.4,,79.6,9.96,0.0,
滨州,ecmwf_ifs025,2025-10-21,4,2025-10-25,14.5,7.5,9.2,6.6,,76.5,6.0,,85.1,5.71,0.0,
滨州,ecmwf_ifs025,2025-10-20,5,2025-10-25,16.6,7.9,9.8,7.1,,75.8,5.8,,67.5,9.58,0.0,
滨州,ecmwf_ifs025,2025-10-19,6,2025-10-25,14.5,5.4,7.3,3.4,,70.7,9.0,,19.2,11.67,0.0,
滨州,ecmwf_ifs025,2025-10-18,7,2025-10-25,14.5,5.4,7.3,3.4,,70.7,9.0,,19.2,11.67,0.0,
滨州,gfs_seamless,2025-10-24,1,2025-10-25,16.2,9.5,10.6,8.2,,72.8,8.9,32.8,99.2,8.46,0.0,
滨州,gfs_seamless,2025-10-23,2,2025-10-25,16.0,9.7,10.5,8.8,,70.5,7.2,24.1,90.8,8.42,0.0,
滨州,gfs_seamless,2025-10-22,3,2025-10-25,16.8,9.7,11.1,9.1,,65.8,6.0,11.9,85.8,10.64,0.0,
滨州,gfs_seamless,2025-10-21,4,2025-10-25,15.7,9.9,10.6,9.6,,63.8,5.1,7.9,99.5,10.64,0.0,
滨州,gfs_seamless,2025-10-20,5,2025-10-25,16.1,9.5,10.7,,,63.2,4.2,5.4,100.0,10.22,0.0,
滨州,gfs_seamless,2025-10-19,6,2025-10-25,16.8,9.7,10.6,9.1,,65.8,6.1,9.7,92.0,11.83,0.0,
滨州,gfs_seamless,2025-10-18,7,2025-10-25,16.6,10.6,10.6,,,62.2,8.4,20.5,87.6,12.38,0.0,
滨州,ecmwf_ifs025,2025-10-25,1,2025-10-26,13.4,4.1,6.5,0.9,,67.8,13.2,,32.4,10.72,0.9,
滨州,ecmwf_ifs025,2025-10-24,2,2025-10-26,13.1,3.3,5.9,-0.1,,62.7,13.5,,30.8,11.4,1.2,
滨州,ecmwf_ifs025,2025-10-23,3,2025-10-26,12.4,3.2,5.7,-0.0,,63.2,12.4,,34.3,9.97,1.2,
滨州,ecmwf_ifs025,2025-10-22,4,2025-10-26,13.3,3.3,6.7,0.1,,68.8,12.5,,35.7,9.62,2.7,
滨州,ecmwf_ifs025,2025-10-21,5,2025-10-26,15.4,3.8,7.9,1.1,,73.1,10.6,,27.1,11.66,0.0,
滨州,ecmwf_ifs025,2025-10-20,6,2025-10-26,13.9,5.1,5.7,2.9,,66.2,9.3,,3.8,12.02,0.0,
滨州,ecmwf_ifs025,2025-10-19,7,2025-10-26,15.0,5.2,7.9,,,70.2,3.3,,38.3,11.37,0.0,
滨州,gfs_seamless,2025-10-25,1,2025-10-26,14.4,7.8,7.4,5.2,,64.6,14.7,40.7,55.1,9.21,0.6,
滨州,gfs_seamless,2025-10-24,2,2025-10-26,15.6,7.6,8.4,5.2,,64.8,13.4,29.9,53.0,10.53,0.1,
滨州,gfs_seamless,2025-10-23,3,2025-10-26,14.4,7.7,8.7,5.6,,72.7,11.5,30.6,61.4,6.58,6.8,
滨州,gfs_seamless,2025-10-22,4,2025-10-26,15.6,8.1,9.7,7.0,,68.5,7.0,20.5,67.0,6.06,1.5,
滨州,gfs_seamless,2025-10-21,5,2025-10-26,16.8,9.8,11.0,9.2,,58.2,6.3,20.2,63.6,12.68,0.0,
滨州,gfs_seamless,2025-10-20,6,2025-10-26,16.1,10.1,9.4,,,68.1,10.5,26.3,65.0,8.36,0.3,
滨州,gfs_seamless,2025-10-19,7,2025-10-26,12.7,7.0,5.6,3.8,,52.9,18.5,44.3,42.9,13.99,0.1,
滨州,ecmwf_ifs025,2025-10-26,1,2025-10-27,13.8,2.1,4.5,0.1,,56.4,6.9,,0.0,13.17,0.0,
滨州,ecmwf_ifs025,2025-10-25,2,2025-10-27,13.1,1.7,3.5,-0.4,,53.7,7.0,,0.0,13.28,0.0,
滨州,ecmwf_ifs025,2025-10-24,3,2025-10-27,13.0,1.3,3.3,-0.7,,56.0,6.4,,0.0,13.25,0.0,
滨州,ecmwf_ifs025,2025-10-23,4,2025-10-27,12.7,2.1,3.3,0.1,,55.1,6.9,,0.0,13.31,0.0,
滨州,ecmwf_ifs025,2025-10-22,5,2025-10-27,12.7,3.3,3.5,1.2,,52.8,7.8,,0.0,13.22,0.0,
滨州,ecmwf_ifs025,2025-10-21,6,2025-10-27,13.7,4.2,4.9,2.5,,56.6,7.0,,0.0,11.91,0.0,
滨州,ecmwf_ifs025,2025-10-20,7,2025-10-27,16.5,4.5,7.1,2.8,,63.9,7.2,,5.9,11.94,0.0,
滨州,gfs_seamless,2025-10-26,1,2025-10-27,14.5,6.0,6.6,4.6,,46.1,6.8,17.6,0.0,14.9,0.0,
滨州,gfs_seamless,2025-10-25,2,2025-10-27,14.1,5.5,6.2,4.0,,46.5,7.1,22.7,0.0,14.89,0.0,
滨州,gfs_seamless,2025-10-24,3,2025-10-27,15.1,6.6,7.2,5.2,,52.1,7.4,23.8,0.2,14.73,0.0,
滨州,gfs_seamless,2025-10-23,4,2025-10-27,15.7,6.6,7.7,5.2,,57.9,7.3,27.0,0.2,14.63,0.0,
滨州,gfs_seamless,2025-10-22,5,2025-10-27,16.3,8.5,9.1,7.5,,54.4,6.8,17.6,9.3,14.73,0.0,
滨州,gfs_seamless,2025-10-21,6,2025-10-27,16.5,8.2,9.5,7.2,,59.5,6.8,26.6,0.8,14.44,0.0,
滨州,gfs_seamless,2025-10-20,7,2025-10-27,12.5,5.7,4.7,3.4,,43.5,10.7,44.6,0.4,15.15,0.0,
滨州,ecmwf_ifs025,2025-10-27,1,2025-10-28,16.3,5.5,8.9,3.2,,72.4,10.3,,25.8,9.76,0.9,
滨州,ecmwf_ifs025,2025-10-26,2,2025-10-28,14.8,5.2,7.3,3.0,,70.5,9.5,,12.2,8.12,6.3,
滨州,ecmwf_ifs025,2025-10-25,3,2025-10-28,14.4,4.0,6.6,1.6,,63.0,9.6,,22.1,7.68,0.6,
滨州,ecmwf_ifs025,2025-10-24,4,2025-10-28,13.7,4.8,7.1,2.8,,65.8,8.3,,41.4,6.43,0.9,
滨州,ecmwf_ifs025,2025-10-23,5,2025-10-28,14.1,4.6,6.4,2.3,,67.4,9.4,,43.3,6.67,0.0,
滨州,ecmwf_ifs025,2025-10-22,6,2025-10-28,14.2,4.2,5.8,1.8,,66.0,9.4,,23.2,6.71,0.0,
滨州,ecmwf_ifs025,2025-10-21,7,2025-10-28,17.6,4.2,7.3,1.3,,60.3,11.7,,15.6,9.9,0.0,
滨州,gfs_seamless,2025-10-27,1,2025-10-28,17.1,8.9,11.5,7.7,,71.7,8.1,37.1,49.6,10.41,0.7,
滨州,gfs_seamless,2025-10-26,2,2025-10-28,16.8,8.2,10.6,6.8,,69.0,8.6,32.8,57.8,9.57,0.7,
滨州,gfs_seamless,2025-10-25,3,2025-10-28,16.8,7.7,9.8,6.0,,68.0,9.3,38.2,55.0,7.24,0.5,
滨州,gfs_seamless,2025-10-24,4,2025-10-28,17.4,7.6,8.6,5.6,,71.0,10.7,38.2,46.6,4.43,0.3,
滨州,gfs_seamless,2025-10-23,5,2025-10-28,15.2,8.1,8.6,5.9,,69.1,12.4,50.4,47.9,10.03,0.0,
滨州,gfs_seamless,2025-10-22,6,2025-10-28,19.5,10.0,11.3,8.4,,65.8,11.6,32.0,13.6,13.59,0.0,
滨州,gfs_seamless,2025-10-21,7,2025-10-28,14.2,7.0,8.1,5.1,,70.7,9.5,36.0,51.1,4.05,0.0,
滨州,ecmwf_ifs025,2025-10-28,1,2025-10-29,20.1,10.9,12.1,,,64.5,11.6,,22.1,12.24,0.0,
滨州,ecmwf_ifs025,2025-10-27,2,2025-10-29,20.1,9.4,11.4,7.8,,64.9,10.7,,9.2,12.24,0.0,
滨州,ecmwf_ifs025,2025-10-26,3,2025-10-29,19.7,9.1,11.0,7.4,,67.1,10.7,,17.7,11.93,0.0,
滨州,ecmwf_ifs025,2025-10-25,4,2025-10-29,19.3,9.2,11.0,7.9,,65.2,8.9,,18.1,11.39,0.0,
滨州,ecmwf_ifs025,2025-10-24,5,2025-10-29,16.4,7.9,10.2,6.7,,75.2,7.3,,26.2,8.63,5.1,
滨州,ecmwf_ifs025,2025-10-23,6,2025-10-29,17.5,7.8,10.3,7.0,,75.0,5.9,,23.1,8.06,1.5,
滨州,ecmwf_ifs025,2025-10-22,7,2025-10-29,19.3,10.1,10.9,,,67.9,11.4,,38.6,11.03,0.0,
滨州,gfs_seamless,2025-10-28,1,2025-10-29,19.9,11.2,12.1,,,61.8,16.0,44.3,26.1,13.81,0.0,
滨州,gfs_seamless,2025-10-27,2,2025-10-29,19.7,11.1,12.1,,,61.5,14.9,40.7,16.0,13.86,0.0,
滨州,gfs_seamless,2025-10-26,3,2025-10-29,19.6,10.9,11.5,,,61.8,17.2,45.7,16.0,13.84,0.0,
滨州,gfs_seamless,2025-10-25,4,2025-10-29,19.5,10.5,11.3,,,64.2,17.2,46.8,39.2,13.34,0.0,
滨州,gfs_seamless,2025-10-24,5,2025-10-29,19.4,12.2,12.2,,,63.9,15.1,50.8,53.1,10.8,0.0,
滨州,gfs_seamless,2025-10-23,6,2025-10-29,18.8,11.0,10.9,,,64.8,18.7,50.4,31.3,12.22,0.0,
滨州,gfs_seamless,2025-10-22,7,2025-10-29,20.3,11.2,12.6,,,69.9,15.5,50.4,48.0,11.13,0.2,
滨州,ecmwf_ifs025,2025-10-29,1,2025-10-30,19.8,8.5,12.2,7.5,,79.2,6.9,,54.9,10.54,2.1,
滨州,ecmwf_ifs025,2025-10-28,2,2025-10-30,19.1,8.5,12.0,7.6,,81.5,6.7,,56.1,9.76,3.3,
滨州,ecmwf_ifs025,2025-10-27,3,2025-10-30,19.8,8.3,11.8,6.7,,82.5,9.4,,63.5,9.54,3.3,
滨州,ecmwf_ifs025,2025-10-26,4,2025-10-30,19.2,8.5,11.9,7.2,,80.6,8.1,,54.3,10.13,0.9,
滨州,ecmwf_ifs025,2025-10-25,5,2025-10-30,19.3,8.8,12.6,,,79.9,3.8,,40.9,11.59,1.8,
滨州,ecmwf_ifs025,2025-10-24,6,2025-10-30,19.2,8.6,12.0,7.8,,82.5,6.2,,33.5,10.42,0.3,
滨州,ecmwf_ifs025,2025-10-23,7,2025-10-30,19.2,9.9,12.2,9.3,,79.0,6.1,,35.5,10.38,0.3,
滨州,gfs_seamless,2025-10-29,1,2025-10-30,19.4,11.4,13.5,,,65.7,8.4,30.2,78.9,12.02,0.3,
滨州,gfs_seamless,2025-10-28,2,2025-10-30,19.8,11.2,13.4,,,68.0,8.6,29.2,69.6,13.01,0.1,
滨州,gfs_seamless,2025-10-27,3,2025-10-30,19.6,11.4,13.2,,,69.5,9.7,31.0,63.2,13.19,0.5,
滨州,gfs_seamless,2025-10-26,4,2025-10-30,19.4,11.7,13.0,,,73.4,11.2,29.9,52.8,12.78,0.0,
滨州,gfs_seamless,2025-10-25,5,2025-10-30,20.0,10.6,11.2,,,68.2,10.0,28.4,44.1,9.14,0.0,
滨州,gfs_seamless,2025-10-24,6,2025-10-30,20.4,11.7,13.9,,,65.7,8.7,30.2,57.9,12.63,0.0,
滨州,gfs_seamless,2025-10-23,7,2025-10-30,18.3,12.1,12.9,,,71.0,11.2,34.2,63.8,10.02,0.0,
滨州,ecmwf_ifs025,2025-10-30,1,2025-10-31,16.7,9.2,11.6,8.1,,83.0,8.0,,30.8,10.42,0.0,
滨州,ecmwf_ifs025,2025-10-29,2,2025-10-31,16.7,9.4,11.8,8.5,,81.7,7.0,,37.7,10.99,6.3,
滨州,ecmwf_ifs025,2025-10-28,3,2025-10-31,17.6,9.7,12.1,9.1,,81.0,6.0,,34.8,11.18,7.8,
滨州,ecmwf_ifs025,2025-10-27,4,2025-10-31,18.0,9.3,11.9,8.5,,80.4,6.7,,26.0,11.43,5.1,
滨州,ecmwf_ifs025,2025-10-26,5,2025-10-31,17.6,8.3,11.5,7.5,,81.2,5.9,,29.8,11.95,9.3,
滨州,ecmwf_ifs025,2025-10-25,6,2025-10-31,17.1,10.5,11.9,,,86.9,7.4,,43.5,9.28,3.0,
滨州,ecmwf_ifs025,2025-10-24,7,2025-10-31,13.8,8.9,10.2,7.2,,87.0,10.4,,67.0,3.96,7.8,
滨州,gfs_seamless,2025-10-30,1,2025-10-31,16.6,11.9,12.5,,,75.2,9.9,19.1,53.5,9.29,0.7,
滨州,gfs_seamless,2025-10-29,2,2025-10-31,17.9,11.8,12.5,,,80.1,9.5,22.3,62.8,6.94,1.8,
滨州,gfs_seamless,2025-10-28,3,2025-10-31,16.4,11.1,11.9,,,82.9,10.0,19.8,73.1,6.53,4.0,
滨州,gfs_seamless,2025-10-27,4,2025-10-31,17.5,11.7,12.8,,,78.9,8.5,24.5,52.1,11.37,22.8,
滨州,gfs_seamless,2025-10-26,5,2025-10-31,13.5,10.1,11.2,,,83.6,7.2,22.0,62.5,3.69,0.0,
滨州,gfs_seamless,2025-10-25,6,2025-10-31,16.4,10.4,11.7,,,75.6,7.4,21.2,61.2,6.02,0.0,
滨州,gfs_seamless,2025-10-24,7,2025-10-31,19.8,8.0,13.4,6.1,,74.2,10.6,30.2,50.5,12.43,0.0,
滨州,ecmwf_ifs025,2025-10-31,1,2025-11-01,18.7,7.6,9.3,5.5,,73.9,11.5,,0.0,12.09,0.0,
滨州,ecmwf_ifs025,2025-10-30,2,2025-11-01,18.4,7.0,8.9,4.9,,73.3,10.8,,0.0,12.23,0.0,
滨州,ecmwf_ifs025,2025-10-29,3,2025-11-01,18.5,6.8,9.1,4.7,,73.7,10.7,,0.0,12.22,0.0,
滨州,ecmwf_ifs025,2025-10-28,4,2025-11-01,18.8,6.4,9.1,4.4,,72.2,9.6,,0.0,12.19,0.0,
滨州,ecmwf_ifs025,2025-10-27,5,2025-11-01,18.1,6.0,8.4,3.8,,67.1,10.3,,0.0,12.28,0.0,
滨州,ecmwf_ifs025,2025-10-26,6,2025-11-01,18.9,9.1,10.0,7.3,,71.9,11.3,,0.0,10.96,0.0,
滨州,ecmwf_ifs025,2025-10-25,7,2025-11-01,15.0,7.8,7.1,5.9,,60.5,10.8,,20.2,11.28,2.7,
滨州,gfs_seamless,2025-10-31,1,2025-11-01,18.2,9.5,9.9,7.3,,58.0,14.8,42.1,0.0,13.77,0.0,
滨州,gfs_seamless,2025-10-30,2,2025-11-01,18.2,9.8,9.9,7.8,,60.1,13.8,41.4,0.6,13.74,0.0,
滨州,gfs_seamless,2025-10-29,3,2025-11-01,18.9,9.7,10.2,7.8,,57.4,12.9,46.1,0.5,13.65,0.0,
滨州,gfs_seamless,2025-10-28,4,2025-11-01,17.6,9.5,10.0,7.8,,58.2,11.2,28.8,2.2,13.76,0.0,
滨州,gfs_seamless,2025-10-27,5,2025-11-01,18.9,8.9,10.8,7.1,,65.6,11.1,25.2,0.0,13.58,0.0,
滨州,gfs_seamless,2025-10-26,6,2025-11-01,17.5,8.7,9.5,7.0,,61.7,10.6,38.5,18.2,13.57,0.0,
滨州,gfs_seamless,2025-10-25,7,2025-11-01,17.7,7.5,9.8,5.1,,62.2,12.9,42.5,28.8,13.21,0.0,
滨州,ecmwf_ifs025,2025-11-01,1,2025-11-02,12.0,3.8,4.5,1.4,,55.5,9.2,,0.0,12.24,0.0,
滨州,ecmwf_ifs025,2025-10-31,2,2025-11-02,11.7,3.5,4.3,1.3,,57.2,8.1,,0.0,12.31,0.0,
滨州,ecmwf_ifs025,2025-10-30,3,2025-11-02,12.1,3.5,4.9,1.1,,60.2,9.2,,0.0,12.23,0.0,
滨州,ecmwf_ifs025,2025-10-29,4,2025-11-02,12.2,3.7,5.0,1.5,,60.6,8.3,,0.0,12.27,0.0,
滨州,ecmwf_ifs025,2025-10-28,5,2025-11-02,16.0,6.1,8.0,4.3,,63.3,8.7,,1.1,11.88,0.0,
滨州,ecmwf_ifs025,2025-10-27,6,2025-11-02,14.9,3.2,6.1,0.3,,59.5,10.7,,0.0,10.76,0.0,
滨州,ecmwf_ifs025,2025-10-26,7,2025-11-02,14.5,5.2,5.7,3.1,,53.3,9.0,,0.0,10.92,0.0,
滨州,gfs_seamless,2025-11-01,1,2025-11-02,12.8,6.3,5.3,3.9,,44.3,11.7,41.0,0.0,13.97,0.0,
滨州,gfs_seamless,2025-10-31,2,2025-11-02,12.4,6.2,4.6,3.7,,43.4,12.1,35.6,0.0,14.08,0.0,
滨州,gfs_seamless,2025-10-30,3,2025-11-02,12.8,6.1,5.5,4.0,,46.2,10.0,39.6,0.0,13.93,0.0,
滨州,gfs_seamless,2025-10-29,4,2025-11-02,13.2,6.2,6.1,4.1,,47.0,10.0,24.8,0.0,13.95,0.0,
滨州,gfs_seamless,2025-10-28,5,2025-11-02,18.3,9.7,10.0,8.4,,57.4,9.4,34.9,0.0,13.41,0.0,
滨州,gfs_seamless,2025-10-27,6,2025-11-02,18.5,9.2,9.7,7.3,,60.5,12.1,39.2,0.0,13.13,0.0,
滨州,gfs_seamless,2025-10-26,7,2025-11-02,13.2,5.8,4.4,2.8,,50.2,14.3,48.6,0.4,13.6,0.0,
滨州,ecmwf_ifs025,2025-11-02,1,2025-11-03,14.9,2.9,4.9,0.4,,65.8,9.1,,1.1,11.75,0.0,
滨州,ecmwf_ifs025,2025-11-01,2,2025-11-03,13.8,2.2,4.1,-0.5,,63.6,9.1,,3.5,12.0,0.0,
滨州,ecmwf_ifs025,2025-10-31,3,2025-11-03,14.0,2.0,4.2,-0.4,,64.0,8.2,,8.8,11.76,0.0,
滨州,ecmwf_ifs025,2025-10-30,4,2025-11-03,14.0,2.6,4.2,0.2,,66.0,8.3,,0.0,11.99,0.0,
滨州,ecmwf_ifs025,2025-10-29,5,2025-11-03,13.9,5.3,5.5,2.9,,62.7,10.6,,8.5,11.04,0.0,
滨州,ecmwf_ifs025,2025-10-28,6,2025-11-03,18.5,2.9,8.0,-0.1,,66.0,11.0,,18.8,9.63,0.0,
滨州,ecmwf_ifs025,2025-10-27,7,2025-11-03,16.9,4.5,6.3,2.4,,70.6,8.7,,21.6,10.43,0.0,
滨州,gfs_seamless,2025-11-02,1,2025-11-03,14.8,4.6,5.7,2.0,,55.0,10.8,25.2,11.8,13.1,0.0,
滨州,gfs_seamless,2025-11-01,2,2025-11-03,15.0,4.8,6.0,2.3,,53.9,10.4,22.3,0.0,13.42,0.0,
滨州,gfs_seamless,2025-10-31,3,2025-11-03,14.7,4.7,5.7,2.2,,52.9,10.4,22.3,16.8,13.55,0.0,
滨州,gfs_seamless,2025-10-30,4,2025-11-03,15.7,4.6,6.1,1.9,,56.2,11.2,27.7,0.2,13.41,0.0,
滨州,gfs_seamless,2025-10-29,5,2025-11-03,15.1,6.5,7.5,4.4,,58.1,10.4,25.2,16.8,13.12,0.0,
滨州,gfs_seamless,2025-10-28,6,2025-11-03,20.6,8.7,11.8,6.3,,63.0,15.4,47.9,14.2,12.84,0.0,
滨州,gfs_seamless,2025-10-27,7,2025-11-03,19.7,5.3,11.0,3.1,,65.0,9.8,33.5,10.2,12.81,0.0,
滨州,ecmwf_ifs025,2025-11-03,1,2025-11-04,17.7,6.0,9.0,4.7,,72.5,6.7,,0.0,11.43,0.0,
滨州,ecmwf_ifs025,2025-11-02,2,2025-11-04,17.4,5.4,8.4,4.1,,70.5,6.4,,0.0,11.49,0.0,
滨州,ecmwf_ifs025,2025-11-01,3,2025-11-04,17.1,4.2,7.5,2.7,,69.4,6.4,,1.5,11.56,0.0,
滨州,ecmwf_ifs025,2025-10-31,4,2025-11-04,16.9,5.1,7.6,4.0,,70.1,5.6,,6.5,11.69,0.0,
滨州,ecmwf_ifs025,2025-10-30,5,2025-11-04,16.8,6.0,8.2,5.0,,69.0,5.5,,13.9,11.42,0.0,
滨州,ecmwf_ifs025,2025-10-29,6,2025-11-04,18.2,8.5,10.2,7.3,,70.0,7.9,,47.0,9.88,0.0,
滨州,ecmwf_ifs025,2025-10-28,7,2025-11-04,19.0,4.0,9.8,2.3,,74.7,6.8,,3.0,10.31,0.0,
滨州,gfs_seamless,2025-11-03,1,2025-11-04,17.9,8.5,10.0,7.2,,57.9,8.4,17.6,0.0,12.94,0.0,
滨州,gfs_seamless,2025-11-02,2,2025-11-04,17.9,8.4,9.9,6.9,,57.9,8.9,16.9,0.0,13.02,0.0,
滨州,gfs_seamless,2025-11-01,3,2025-11-04,17.0,8.1,9.3,6.6,,56.9,8.8,13.0,25.2,12.77,0.0,
滨州,gfs_seamless,2025-10-31,4,2025-11-04,17.2,8.2,9.1,6.7,,54.7,8.8,17.3,21.8,13.21,0.0,
滨州,gfs_seamless,2025-10-30,5,2025-11-04,18.0,8.3,9.4,6.7,,56.8,9.4,20.2,3.9,12.91,0.0,
滨州,gfs_seamless,2025-10-29,6,2025-11-04,17.6,10.1,10.4,,,58.2,9.4,43.2,30.1,12.75,0.0,
滨州,gfs_seamless,2025-10-28,7,2025-11-04,19.7,12.1,13.3,,,62.3,8.2,27.4,58.8,10.93,0.0,
滨州,ecmwf_ifs025,2025-11-04,1,2025-11-05,18.5,6.7,10.1,,,75.9,4.6,,2.2,11.62,0.0,
滨州,ecmwf_ifs025,2025-11-03,2,2025-11-05,17.9,7.4,10.1,,,76.0,4.6,,23.5,11.58,0.0,
滨州,ecmwf_ifs025,2025-11-02,3,2025-11-05,17.5,6.6,9.7,,,76.1,4.4,,27.8,11.24,0.0,
滨州,ecmwf_ifs025,2025-11-01,4,2025-11-05,17.2,6.0,9.1,,,77.8,4.5,,18.5,11.01,0.0,
滨州,ecmwf_ifs025,2025-10-31,5,2025-11-05,16.9,6.3,8.9,,,77.0,4.7,,23.5,11.4,0.0,
滨州,ecmwf_ifs025,2025-10-30,6,2025-11-05,17.5,7.6,9.4,6.8,,75.9,5.7,,37.8,10.27,0.0,
滨州,ecmwf_ifs025,2025-10-29,7,2025-11-05,17.6,8.8,10.7,,,77.6,4.7,,15.8,8.46,0.0,
滨州,gfs_seamless,2025-11-04,1,2025-11-05,18.5,9.9,11.8,,,,,10.4,14.4,12.96,0.0,
滨州,gfs_seamless,2025-11-03,2,2025-11-05,18.5,10.0,11.6,,,,,17.3,38.6,12.76,0.0,
滨州,gfs_seamless,2025-11-02,3,2025-11-05,18.5,10.8,11.7,,,,,33.8,70.7,12.88,0.0,
滨州,gfs_seamless,2025-11-01,4,2025-11-05,17.9,9.9,11.2,,,,,15.8,86.2,11.95,0.0,
滨州,gfs_seamless,2025-10-31,5,2025-11-05,17.5,10.6,11.0,,,,,10.1,75.4,11.37,0.0,
滨州,gfs_seamless,2025-10-30,6,2025-11-05,18.0,9.2,11.5,,,,,10.8,56.3,12.13,0.0,
滨州,gfs_seamless,2025-10-29,7,2025-11-05,17.5,11.2,12.2,,,,,6.5,33.4,12.66,0.0,
滨州,jma_seamless,2025-11-04,1,2025-11-05,20.2,9.4,11.3,,,50.3,4.1,,,,,0.0
滨州,jma_seamless,2025-11-03,2,2025-11-05,20.7,10.3,11.8,,,43.5,6.4,,,,,0.0
滨州,jma_seamless,2025-11-02,3,2025-11-05,20.1,9.9,11.4,9.4,,43.4,5.7,,,,,0.0
滨州,jma_seamless,2025-11-01,4,2025-11-05,19.3,8.7,10.6,8.2,,45.2,5.4,,,,,0.0
滨州,jma_seamless,2025-10-31,5,2025-11-05,19.6,8.6,10.6,,,44.8,4.0,,,,,0.0
滨州,jma_seamless,2025-10-30,6,2025-11-05,19.8,9.3,11.3,,,48.2,3.0,,,,,0.0
滨州,jma_seamless,2025-10-29,7,2025-11-05,21.3,9.7,12.5,,,50.9,3.6,,,,,0.0
滨州,ecmwf_ifs025,2025-11-05,1,2025-11-06,16.2,8.0,10.7,6.4,,87.1,9.0,,68.7,5.91,0.0,
滨州,ecmwf_ifs025,2025-11-04,2,2025-11-06,16.0,7.1,10.1,5.4,,87.4,9.1,,69.8,5.52,0.0,
滨州,ecmwf_ifs025,2025-11-03,3,2025-11-06,17.3,8.3,11.1,6.7,,85.1,9.4,,64.5,6.73,0.0,
滨州,ecmwf_ifs025,2025-11-02,4,2025-11-06,16.3,6.6,10.8,5.0,,86.5,8.0,,49.4,4.98,0.3,
滨州,ecmwf_ifs025,2025-11-01,5,2025-11-06,17.0,5.8,10.0,4.2,,84.1,7.7,,50.5,8.39,0.0,
滨州,ecmwf_ifs025,2025-10-31,6,2025-11-06,18.0,6.6,9.8,5.5,,82.6,6.2,,25.7,10.18,0.0,
滨州,ecmwf_ifs025,2025-10-30,7,2025-11-06,18.3,8.1,10.5,7.1,,80.8,6.7,,36.5,10.28,0.0,
滨州,gfs_seamless,2025-11-05,1,2025-11-06,16.1,11.5,11.2,,,,,28.8,99.5,5.31,0.0,
滨州,gfs_seamless,2025-11-04,2,2025-11-06,17.4,11.6,11.7,,,,,26.3,99.9,8.18,0.0,
滨州,gfs_seamless,2025-11-03,3,2025-11-06,18.0,11.9,11.9,,,,,28.8,99.8,9.78,0.0,
滨州,gfs_seamless,2025-11-02,4,2025-11-06,16.9,12.3,11.9,,,,,38.9,100.0,3.6,1.7,
滨州,gfs_seamless,2025-11-01,5,2025-11-06,18.4,10.6,11.9,,,,,33.5,74.5,11.4,0.0,
滨州,gfs_seamless,2025-10-31,6,2025-11-06,18.4,11.9,12.7,,,,,19.8,86.8,11.36,0.0,
滨州,gfs_seamless,2025-10-30,7,2025-11-06,14.7,10.9,10.9,,,,,36.0,100.0,1.99,1.4,
滨州,jma_seamless,2025-11-05,1,2025-11-06,18.6,10.4,12.1,,,70.5,8.4,,,,,0.0
滨州,jma_seamless,2025-11-04,2,2025-11-06,18.7,10.8,12.4,,,69.1,9.0,,,,,0.0
滨州,jma_seamless,2025-11-03,3,2025-11-06,17.5,11.2,12.8,,,76.6,8.4,,,,,0.0
滨州,jma_seamless,2025-11-02,4,2025-11-06,18.1,10.4,12.6,,,76.1,7.6,,,,,0.0
滨州,jma_seamless,2025-11-01,5,2025-11-06,19.4,8.2,12.0,7.5,,69.6,5.6,,,,,0.0
滨州,jma_seamless,2025-10-31,6,2025-11-06,18.8,7.4,11.2,,,59.9,2.3,,,,,0.0
滨州,jma_seamless,2025-10-30,7,2025-11-06,20.9,8.5,12.2,,,60.0,4.3,,,,,0.0
滨州,ecmwf_ifs025,2025-11-06,1,2025-11-07,15.9,10.9,11.6,,,87.5,9.9,,60.3,2.83,0.6,
滨州,ecmwf_ifs025,2025-11-05,2,2025-11-07,17.5,11.2,12.3,,,84.8,9.5,,48.0,7.2,1.2,
滨州,ecmwf_ifs025,2025-11-04,3,2025-11-07,14.9,10.7,11.9,,,89.0,7.7,,62.6,2.8,1.5,
滨州,ecmwf_ifs025,2025-11-03,4,2025-11-07,16.0,12.3,12.5,,,82.8,9.1,,59.4,2.91,5.1,
滨州,ecmwf_ifs025,2025-11-02,5,2025-11-07,16.5,11.6,12.1,,,82.7,11.7,,46.4,4.24,1.2,
滨州,ecmwf_ifs025,2025-11-01,6,2025-11-07,16.2,9.8,12.1,9.2,,85.8,6.3,,38.7,3.68,0.9,
滨州,ecmwf_ifs025,2025-10-31,7,2025-11-07,15.1,7.9,10.5,7.3,,85.4,5.2,,40.5,4.1,2.1,
滨州,gfs_seamless,2025-11-06,1,2025-11-07,16.3,10.6,10.5,,,,,27.0,99.0,3.26,1.2,
滨州,gfs_seamless,2025-11-05,2,2025-11-07,18.0,11.4,12.0,,,,,30.2,93.9,8.94,0.7,
滨州,gfs_seamless,2025-11-04,3,2025-11-07,16.9,11.4,11.0,,,,,31.3,92.8,6.2,0.0,
滨州,gfs_seamless,2025-11-03,4,2025-11-07,14.1,12.3,11.1,,,,,31.7,100.0,0.63,1.8,
滨州,gfs_seamless,2025-11-02,5,2025-11-07,13.9,12.0,11.2,,,,,37.1,99.9,0.78,1.9,
滨州,gfs_seamless,2025-11-01,6,2025-11-07,13.7,12.3,12.3,,,,,13.7,99.4,0.63,0.4,
滨州,gfs_seamless,2025-10-31,7,2025-11-07,13.7,11.3,11.7,,,,,22.7,97.9,0.66,0.1,
滨州,jma_seamless,2025-11-06,1,2025-11-07,16.3,12.3,12.7,,,78.5,8.2,,,,,0.0
滨州,jma_seamless,2025-11-05,2,2025-11-07,16.3,12.5,13.0,,,79.4,7.4,,,,,0.0
滨州,jma_seamless,2025-11-04,3,2025-11-07,16.7,12.2,13.2,,,76.4,6.8,,,,,0.0
滨州,jma_seamless,2025-11-03,4,2025-11-07,18.0,13.1,13.6,,,71.5,7.6,,,,,0.0
滨州,jma_seamless,2025-11-02,5,2025-11-07,17.1,12.6,13.1,,,74.8,8.6,,,,,0.0
滨州,jma_seamless,2025-11-01,6,2025-11-07,18.3,12.5,13.5,,,64.7,5.9,,,,,0.0
滨州,jma_seamless,2025-10-31,7,2025-11-07,18.9,11.8,13.3,,,57.0,5.0,,,,,0.0
滨州,ecmwf_ifs025,2025-11-07,1,2025-11-08,17.0,8.4,11.5,7.6,,87.2,6.2,,26.6,8.68,0.0,
滨州,ecmwf_ifs025,2025-11-06,2,2025-11-08,16.2,8.4,12.3,8.0,,88.5,4.9,,43.5,5.34,0.0,
滨州,ecmwf_ifs025,2025-11-05,3,2025-11-08,16.6,7.9,12.1,7.1,,87.8,5.7,,38.0,7.35,0.6,
滨州,ecmwf_ifs025,2025-11-04,4,2025-11-08,15.6,8.2,11.3,7.2,,86.5,6.9,,47.5,6.96,1.2,
滨州,ecmwf_ifs025,2025-11-03,5,2025-11-08,16.1,8.1,12.0,7.3,,90.2,5.9,,57.4,4.8,2.7,
滨州,ecmwf_ifs025,2025-11-02,6,2025-11-08,18.4,8.9,12.8,8.2,,86.5,5.9,,22.4,7.97,0.0,
滨州,ecmwf_ifs025,2025-11-01,7,2025-11-08,18.3,10.6,13.9,,,85.2,3.8,,57.5,6.08,2.4,
滨州,gfs_seamless,2025-11-07,1,2025-11-08,16.4,11.0,11.5,,,,,15.1,100.0,7.25,0.3,
滨州,gfs_seamless,2025-11-06,2,2025-11-08,14.9,11.1,11.3,,,,,22.7,100.0,4.59,0.2,
滨州,gfs_seamless,2025-11-05,3,2025-11-08,15.4,11.2,11.2,,,,,18.4,100.0,3.68,0.0,
滨州,gfs_seamless,2025-11-04,4,2025-11-08,12.9,10.9,10.2,,,,,21.2,96.1,2.61,0.2,
滨州,gfs_seamless,2025-11-03,5,2025-11-08,15.7,11.6,12.6,,,,,11.9,99.8,3.39,1.0,
滨州,gfs_seamless,2025-11-02,6,2025-11-08,16.2,11.4,12.1,,,,,29.2,82.0,5.96,0.5,
滨州,gfs_seamless,2025-11-01,7,2025-11-08,15.5,10.9,9.5,,,,,36.7,69.8,8.07,0.0,
滨州,jma_seamless,2025-11-07,1,2025-11-08,16.1,11.0,12.2,,,80.9,5.1,,,,,0.0
滨州,jma_seamless,2025-11-06,2,2025-11-08,16.7,11.5,12.8,,,80.1,5.5,,,,,0.0
滨州,jma_seamless,2025-11-05,3,2025-11-08,17.4,10.8,12.5,,,80.1,4.3,,,,,0.0
滨州,jma_seamless,2025-11-04,4,2025-11-08,18.1,11.3,13.3,,,75.9,4.1,,,,,0.0
滨州,jma_seamless,2025-11-03,5,2025-11-08,15.6,11.8,13.3,,,91.5,5.7,,,,,0.0
滨州,jma_seamless,2025-11-02,6,2025-11-08,19.1,10.9,13.3,,,73.9,2.7,,,,,0.0
滨州,jma_seamless,2025-11-01,7,2025-11-08,19.5,12.1,13.7,,,62.2,5.5,,,,,0.0
滨州,ecmwf_ifs025,2025-11-08,1,2025-11-09,13.6,4.7,5.7,2.6,,64.5,8.9,,1.7,11.29,0.0,
滨州,ecmwf_ifs025,2025-11-07,2,2025-11-09,13.9,4.3,5.5,2.2,,64.1,8.6,,5.0,11.28,0.0,
滨州,ecmwf_ifs025,2025-11-06,3,2025-11-09,14.8,5.6,5.8,3.7,,69.0,8.4,,5.3,10.52,0.0,
滨州,ecmwf_ifs025,2025-11-05,4,2025-11-09,13.8,4.8,5.6,2.3,,62.8,10.4,,0.4,11.37,0.0,
滨州,ecmwf_ifs025,2025-11-04,5,2025-11-09,13.7,5.3,5.1,3.0,,63.0,9.9,,0.8,10.46,0.0,
滨州,ecmwf_ifs025,2025-11-03,6,2025-11-09,13.6,4.8,6.3,2.3,,65.5,10.5,,2.2,10.0,0.0,
滨州,ecmwf_ifs025,2025-11-02,7,2025-11-09,14.4,4.4,8.5,1.8,,73.2,10.5,,64.9,7.92,2.4,
滨州,gfs_seamless,2025-11-08,1,2025-11-09,14.5,8.4,7.5,6.1,,39.1,14.0,33.1,17.2,12.69,0.0,
滨州,gfs_seamless,2025-11-07,2,2025-11-09,14.3,7.5,6.6,5.1,,43.8,13.1,35.3,33.2,11.94,0.0,
滨州,gfs_seamless,2025-11-06,3,2025-11-09,14.5,8.0,7.4,5.8,,42.4,12.3,33.8,15.1,12.48,0.0,
滨州,gfs_seamless,2025-11-05,4,2025-11-09,15.2,8.5,8.2,6.6,,44.2,11.3,24.8,2.7,12.76,0.0,
滨州,gfs_seamless,2025-11-04,5,2025-11-09,16.0,8.9,8.3,7.6,,42.0,8.5,24.8,33.0,11.89,0.0,
滨州,gfs_seamless,2025-11-03,6,2025-11-09,15.9,8.7,7.8,7.0,,41.8,10.2,36.4,30.9,11.48,0.0,
滨州,gfs_seamless,2025-11-02,7,2025-11-09,16.5,9.8,9.9,8.7,,56.7,8.4,28.8,0.2,12.38,0.0,
滨州,jma_seamless,2025-11-08,1,2025-11-09,15.2,7.6,7.5,6.5,,46.8,6.9,,,,,0.0
滨州,jma_seamless,2025-11-07,2,2025-11-09,15.2,7.3,7.5,6.3,,47.8,6.4,,,,,0.0
滨州,jma_seamless,2025-11-06,3,2025-11-09,15.6,7.3,7.7,6.3,,46.0,6.1,,,,,0.0
滨州,jma_seamless,2025-11-05,4,2025-11-09,16.1,6.5,7.8,5.3,,44.4,6.6,,,,,0.0
滨州,jma_seamless,2025-11-04,5,2025-11-09,16.7,7.4,8.5,6.5,,47.5,6.0,,,,,0.0
滨州,jma_seamless,2025-11-03,6,2025-11-09,16.7,7.0,9.6,6.3,,63.0,5.1,,,,,0.0
滨州,jma_seamless,2025-11-02,7,2025-11-09,13.8,10.3,11.0,,,75.6,8.8,,,,,0.0
滨州,ecmwf_ifs025,2025-11-09,1,2025-11-10,15.5,2.0,5.1,-0.0,,60.4,6.9,,20.2,10.98,0.0,
滨州,ecmwf_ifs025,2025-11-08,2,2025-11-10,13.9,2.3,4.4,0.6,,58.1,6.1,,27.2,9.65,0.0,
滨州,ecmwf_ifs025,2025-11-07,3,2025-11-10,13.9,2.8,4.5,1.0,,55.1,6.6,,25.7,10.98,0.0,
滨州,ecmwf_ifs025,2025-11-06,4,2025-11-10,13.5,4.4,5.2,2.7,,58.8,6.9,,19.6,10.89,0.0,
滨州,ecmwf_ifs025,2025-11-05,5,2025-11-10,14.0,1.7,4.6,-0.0,,56.0,5.9,,29.4,10.75,0.0,
滨州,ecmwf_ifs025,2025-11-04,6,2025-11-10,14.9,3.6,5.2,1.6,,57.2,7.6,,20.7,10.17,0.0,
滨州,ecmwf_ifs025,2025-11-03,7,2025-11-10,13.5,2.9,4.2,1.2,,60.4,6.4,,13.5,10.28,0.0,
滨州,gfs_seamless,2025-11-09,1,2025-11-10,14.1,6.2,6.3,3.2,,37.2,15.2,16.9,61.0,10.97,0.0,
滨州,gfs_seamless,2025-11-08,2,2025-11-10,14.5,6.4,6.3,3.1,,42.8,17.5,14.8,73.2,10.49,0.0,
滨州,gfs_seamless,2025-11-07,3,2025-11-10,14.6,6.1,6.4,2.7,,40.0,17.7,24.5,59.0,11.03,0.0,
滨州,gfs_seamless,2025-11-06,4,2025-11-10,14.4,6.8,6.8,4.1,,41.6,14.1,15.5,67.4,10.77,0.0,
滨州,gfs_seamless,2025-11-05,5,2025-11-10,17.0,7.1,8.2,4.8,,46.2,12.2,11.9,72.0,11.44,0.0,
滨州,gfs_seamless,2025-11-04,6,2025-11-10,14.7,7.2,7.4,4.4,,46.4,15.6,14.0,45.9,11.74,0.0,
滨州,gfs_seamless,2025-11-03,7,2025-11-10,14.7,6.6,7.0,3.6,,46.3,15.9,12.6,24.7,12.56,0.0,
滨州,jma_seamless,2025-11-09,1,2025-11-10,15.6,4.4,6.3,,,33.8,4.6,,,,,0.0
滨州,jma_seamless,2025-11-08,2,2025-11-10,15.5,4.0,5.8,,,34.0,4.0,,,,,0.0
滨州,jma_seamless,2025-11-07,3,2025-11-10,15.5,4.5,6.0,,,33.5,4.2,,,,,0.0
滨州,jma_seamless,2025-11-06,4,2025-11-10,16.9,3.6,6.1,,,37.5,4.2,,,,,0.0
滨州,jma_seamless,2025-11-05,5,2025-11-10,17.0,4.5,6.5,,,30.6,4.7,,,,,0.0
滨州,jma_seamless,2025-11-04,6,2025-11-10,15.9,5.3,6.8,,,37.5,3.4,,,,,0.0
滨州,jma_seamless,2025-11-03,7,2025-11-10,15.6,7.6,7.8,,,38.6,4.5,,,,,0.0
滨州,ecmwf_ifs025,2025-11-10,1,2025-11-11,16.9,7.8,8.7,7.1,,59.3,5.6,,28.1,10.3,0.0,
滨州,ecmwf_ifs025,2025-11-09,2,2025-11-11,16.5,6.5,7.9,5.4,,60.5,6.1,,29.4,10.55,0.0,
滨州,ecmwf_ifs025,2025-11-08,3,2025-11-11,16.0,6.4,7.6,5.4,,58.0,5.8,,25.4,10.78,0.0,
滨州,ecmwf_ifs025,2025-11-07,4,2025-11-11,15.6,4.1,6.5,2.8,,62.0,5.6,,10.2,11.03,0.0,
滨州,ecmwf_ifs025,2025-11-06,5,2025-11-11,16.2,4.6,6.8,3.1,,63.8,6.5,,10.3,10.89,0.0,
滨州,ecmwf_ifs025,2025-11-05,6,2025-11-11,16.3,6.5,7.1,4.7,,58.6,8.7,,12.4,9.97,0.0,
滨州,ecmwf_ifs025,2025-11-04,7,2025-11-11,16.3,6.1,7.2,3.8,,54.4,11.0,,14.2,9.9,0.0,
滨州,gfs_seamless,2025-11-10,1,2025-11-11,16.6,9.2,9.4,6.4,,40.2,20.1,11.2,41.6,12.16,0.0,
滨州,gfs_seamless,2025-11-09,2,2025-11-11,15.9,8.0,8.7,5.7,,29.2,13.5,14.4,31.7,12.26,0.0,
滨州,gfs_seamless,2025-11-08,3,2025-11-11,15.9,7.7,8.7,5.7,,39.4,11.2,11.5,16.2,12.29,0.0,
滨州,gfs_seamless,2025-11-07,4,2025-11-11,15.9,8.5,8.8,6.8,,40.6,10.4,14.4,28.8,12.28,0.0,
滨州,gfs_seamless,2025-11-06,5,2025-11-11,16.7,10.1,9.7,,,44.0,14.6,15.1,53.5,11.75,0.0,
滨州,gfs_seamless,2025-11-05,6,2025-11-11,18.5,9.3,10.6,7.4,,39.9,12.2,38.5,30.0,11.77,0.0,
滨州,gfs_seamless,2025-11-04,7,2025-11-11,17.1,8.6,8.1,6.1,,42.8,15.3,42.8,74.6,6.79,0.0,
滨州,jma_seamless,2025-11-10,1,2025-11-11,18.4,8.2,9.4,,,38.4,2.7,,,,,0.0
滨州,jma_seamless,2025-11-09,2,2025-11-11,18.2,6.3,8.1,,,36.3,2.6,,,,,0.0
滨州,jma_seamless,2025-11-08,3,2025-11-11,18.1,6.5,7.8,,,30.8,2.9,,,,,0.0
滨州,jma_seamless,2025-11-07,4,2025-11-11,18.2,6.0,7.7,,,30.8,3.2,,,,,0.0
滨州,jma_seamless,2025-11-06,5,2025-11-11,18.9,7.6,8.3,,,30.0,4.6,,,,,0.0
滨州,jma_seamless,2025-11-05,6,2025-11-11,18.8,6.9,8.3,,,31.5,3.7,,,,,0.0
滨州,jma_seamless,2025-11-04,7,2025-11-11,18.5,7.2,8.0,6.5,,30.5,5.3,,,,,0.0
滨州,ecmwf_ifs025,2025-11-11,1,2025-11-12,17.9,6.2,8.5,4.0,,69.4,10.5,,39.8,9.38,0.0,
滨州,ecmwf_ifs025,2025-11-10,2,2025-11-12,16.9,5.2,8.0,3.2,,70.8,8.7,,52.8,8.17,0.0,
滨州,ecmwf_ifs025,2025-11-09,3,2025-11-12,17.4,5.4,8.0,3.5,,68.8,8.6,,39.7,8.89,0.0,
滨州,ecmwf_ifs025,2025-11-08,4,2025-11-12,17.4,5.3,7.5,3.4,,68.8,8.3,,37.4,9.12,0.0,
滨州,ecmwf_ifs025,2025-11-07,5,2025-11-12,16.0,4.9,6.9,2.8,,70.5,8.8,,29.6,9.43,0.0,
滨州,ecmwf_ifs025,2025-11-06,6,2025-11-12,17.5,6.6,7.5,4.6,,64.7,10.0,,26.4,9.49,0.0,
滨州,ecmwf_ifs025,2025-11-05,7,2025-11-12,16.5,4.5,6.7,2.2,,64.9,9.6,,15.9,9.0,0.0,
滨州,gfs_seamless,2025-11-11,1,2025-11-12,18.3,9.4,9.8,8.1,,42.3,9.2,32.0,84.0,9.67,0.0,
滨州,gfs_seamless,2025-11-10,2,2025-11-12,17.5,9.5,9.9,7.8,,42.3,11.5,23.4,92.9,8.77,0.0,
滨州,gfs_seamless,2025-11-09,3,2025-11-12,16.9,9.2,9.8,7.4,,36.0,11.4,16.6,88.1,9.1,0.0,
滨州,gfs_seamless,2025-11-08,4,2025-11-12,17.2,8.9,9.9,7.0,,42.8,11.8,19.1,86.7,9.92,0.0,
滨州,gfs_seamless,2025-11-07,5,2025-11-12,16.7,10.1,10.0,,,43.2,12.7,25.6,80.2,8.8,0.0,
滨州,gfs_seamless,2025-11-06,6,2025-11-12,17.7,10.3,10.5,,,58.5,12.3,23.0,68.7,8.88,0.0,
滨州,gfs_seamless,2025-11-05,7,2025-11-12,18.6,6.8,9.0,4.1,,49.5,14.3,36.7,49.9,11.1,0.0,
滨州,jma_seamless,2025-11-11,1,2025-11-12,20.1,8.6,10.0,7.4,,39.9,8.0,,,,,0.0
滨州,jma_seamless,2025-11-10,2,2025-11-12,19.8,8.5,9.7,7.3,,37.8,7.7,,,,,0.0
滨州,jma_seamless,2025-11-09,3,2025-11-12,19.6,8.6,9.2,7.5,,34.4,7.3,,,,,0.0
滨州,jma_seamless,2025-11-08,4,2025-11-12,19.7,8.9,8.9,7.8,,29.8,7.7,,,,,0.0
滨州,jma_seamless,2025-11-07,5,2025-11-12,19.5,7.9,8.5,6.8,,32.3,6.8,,,,,0.0
滨州,jma_seamless,2025-11-06,6,2025-11-12,20.1,9.2,10.2,8.3,,34.1,7.1,,,,,0.0
滨州,jma_seamless,2025-11-05,7,2025-11-12,19.2,9.5,9.7,8.7,,29.9,6.8,,,,,0.0
滨州,ecmwf_ifs025,2025-11-12,1,2025-11-13,14.8,5.5,6.4,3.8,,59.1,7.6,,8.9,10.94,0.0,
滨州,ecmwf_ifs025,2025-11-11,2,2025-11-13,14.5,4.6,6.4,2.8,,65.2,7.5,,13.2,10.88,0.0,
滨州,ecmwf_ifs025,2025-11-10,3,2025-11-13,14.0,4.9,6.1,2.8,,62.6,8.9,,7.0,11.0,0.0,
滨州,ecmwf_ifs025,2025-11-09,4,2025-11-13,14.3,4.0,5.8,1.9,,67.2,8.4,,4.2,10.93,0.0,
滨州,ecmwf_ifs025,2025-11-08,5,2025-11-13,14.1,4.2,5.2,2.2,,60.6,8.1,,4.2,10.97,0.0,
滨州,ecmwf_ifs025,2025-11-07,6,2025-11-13,14.3,4.2,5.7,2.1,,63.1,8.3,,1.8,9.82,0.0,
滨州,ecmwf_ifs025,2025-11-06,7,2025-11-13,12.6,4.2,5.2,1.8,,65.4,9.5,,17.8,9.27,0.0,
滨州,gfs_seamless,2025-11-12,1,2025-11-13,15.1,7.8,7.3,,,,,28.8,15.0,12.32,0.0,
滨州,gfs_seamless,2025-11-11,2,2025-11-13,15.3,7.9,7.7,,,,,37.8,18.5,12.27,0.0,
滨州,gfs_seamless,2025-11-10,3,2025-11-13,15.2,8.1,7.6,,,,,41.4,8.5,12.28,0.0,
滨州,gfs_seamless,2025-11-09,4,2025-11-13,16.4,8.9,9.1,,,,,15.8,24.3,12.1,0.0,
滨州,gfs_seamless,2025-11-08,5,2025-11-13,16.4,9.9,10.3,,,,,8.6,84.8,9.72,0.0,
滨州,gfs_seamless,2025-11-07,6,2025-11-13,16.8,7.1,9.1,,,,,27.7,42.3,11.6,0.0,
滨州,gfs_seamless,2025-11-06,7,2025-11-13,16.2,7.5,7.4,,,,,22.7,27.9,11.92,0.0,
滨州,jma_seamless,2025-11-12,1,2025-11-13,15.3,6.3,7.1,5.1,,35.5,6.3,,,,,0.0
滨州,jma_seamless,2025-11-11,2,2025-11-13,15.2,6.1,7.4,5.0,,43.0,6.0,,,,,0.0
滨州,jma_seamless,2025-11-10,3,2025-11-13,15.3,6.0,6.8,4.9,,36.0,5.8,,,,,0.0
滨州,jma_seamless,2025-11-09,4,2025-11-13,15.9,5.9,6.8,5.1,,39.5,5.0,,,,,0.0
滨州,jma_seamless,2025-11-08,5,2025-11-13,15.5,6.6,6.2,5.8,,36.6,5.3,,,,,0.0
滨州,jma_seamless,2025-11-07,6,2025-11-13,15.3,6.5,6.9,5.2,,37.8,6.9,,,,,0.0
滨州,jma_seamless,2025-11-06,7,2025-11-13,13.5,5.4,6.0,3.7,,38.4,7.6,,,,,0.0
滨州,ecmwf_ifs025,2025-11-13,1,2025-11-14,17.1,3.0,6.2,0.7,,71.4,8.2,,2.4,10.77,0.0,
滨州,ecmwf_ifs025,2025-11-12,2,2025-11-14,16.4,2.9,6.1,0.7,,73.5,8.0,,6.4,10.76,0.0,
滨州,ecmwf_ifs025,2025-11-11,3,2025-11-14,16.3,2.5,5.6,0.2,,69.3,7.9,,10.0,10.74,0.0,
滨州,ecmwf_ifs025,2025-11-10,4,2025-11-14,16.3,2.4,5.5,0.4,,63.8,7.1,,24.2,10.7,0.0,
滨州,ecmwf_ifs025,2025-11-09,5,2025-11-14,16.0,2.5,5.6,0.5,,66.7,6.9,,31.1,10.48,0.0,
滨州,ecmwf_ifs025,2025-11-08,6,2025-11-14,16.9,3.1,5.8,0.5,,67.8,9.4,,11.6,9.61,0.0,
滨州,ecmwf_ifs025,2025-11-07,7,2025-11-14,16.5,3.4,5.9,1.2,,71.0,8.1,,4.2,9.64,0.0,
滨州,gfs_seamless,2025-11-13,1,2025-11-14,16.9,7.0,8.2,,,,,22.3,38.2,11.83,0.0,
滨州,gfs_seamless,2025-11-12,2,2025-11-14,16.3,6.8,8.0,,,,,19.1,38.8,11.57,0.0,
滨州,gfs_seamless,2025-11-11,3,2025-11-14,16.8,6.5,8.2,,,,,19.1,45.2,11.24,0.0,
滨州,gfs_seamless,2025-11-10,4,2025-11-14,16.5,6.9,8.4,,,,,23.4,53.8,11.51,0.0,
滨州,gfs_seamless,2025-11-09,5,2025-11-14,16.5,8.4,9.1,,,,,16.2,89.7,9.35,0.0,
滨州,gfs_seamless,2025-11-08,6,2025-11-14,17.6,8.8,10.7,,,,,11.9,86.6,10.96,0.0,
滨州,gfs_seamless,2025-11-07,7,2025-11-14,17.2,7.0,9.9,,,,,11.5,83.7,7.53,0.0,
滨州,jma_seamless,2025-11-13,1,2025-11-14,18.9,5.2,7.2,4.1,,36.7,5.6,,,,,0.0
滨州,jma_seamless,2025-11-12,2,2025-11-14,18.3,4.3,6.7,2.8,,35.4,6.3,,,,,0.0
滨州,jma_seamless,2025-11-11,3,2025-11-14,18.3,4.9,6.8,3.3,,32.8,7.1,,,,,0.0
滨州,jma_seamless,2025-11-10,4,2025-11-14,18.9,5.1,6.8,3.9,,29.7,5.8,,,,,0.0
滨州,jma_seamless,2025-11-09,5,2025-11-14,18.0,5.3,6.8,4.1,,29.0,6.0,,,,,0.0
滨州,jma_seamless,2025-11-08,6,2025-11-14,19.5,6.0,7.5,4.1,,25.5,8.7,,,,,0.0
滨州,jma_seamless,2025-11-07,7,2025-11-14,19.4,4.3,7.2,2.1,,32.2,8.8,,,,,0.0
滨州,ecmwf_ifs025,2025-11-14,1,2025-11-15,18.8,7.2,9.2,5.4,,75.5,9.2,,15.2,10.42,0.0,
滨州,ecmwf_ifs025,2025-11-13,2,2025-11-15,18.6,7.7,9.3,6.2,,78.7,8.4,,23.8,9.68,0.0,
滨州,ecmwf_ifs025,2025-11-12,3,2025-11-15,18.4,7.9,9.5,6.5,,76.7,8.2,,29.6,9.85,0.0,
滨州,ecmwf_ifs025,2025-11-11,4,2025-11-15,17.3,8.1,8.9,6.7,,74.4,8.5,,38.2,7.89,0.0,
滨州,ecmwf_ifs025,2025-11-10,5,2025-11-15,18.2,8.8,10.0,7.3,,72.4,9.7,,32.0,9.81,0.0,
滨州,ecmwf_ifs025,2025-11-09,6,2025-11-15,19.0,8.0,10.3,6.0,,71.6,11.4,,36.6,9.05,0.0,
滨州,ecmwf_ifs025,2025-11-08,7,2025-11-15,16.7,6.5,8.0,4.7,,69.8,8.9,,22.0,9.48,0.0,
滨州,gfs_seamless,2025-11-14,1,2025-11-15,19.1,9.9,10.9,8.7,,42.9,9.1,29.5,71.5,11.19,0.0,
滨州,gfs_seamless,2025-11-13,2,2025-11-15,19.2,9.8,11.5,8.5,,42.7,9.3,20.9,63.3,11.33,0.0,
滨州,gfs_seamless,2025-11-12,3,2025-11-15,18.7,9.5,11.3,8.1,,43.2,9.5,22.3,50.8,11.58,0.0,
滨州,gfs_seamless,2025-11-11,4,2025-11-15,19.2,10.1,11.3,,,45.7,11.0,33.1,83.2,11.23,0.0,
滨州,gfs_seamless,2025-11-10,5,2025-11-15,17.3,9.6,8.8,7.9,,48.7,11.7,36.7,49.5,11.75,0.0,
滨州,gfs_seamless,2025-11-09,6,2025-11-15,19.2,10.3,10.9,,,43.2,10.6,26.3,38.4,11.32,0.0,
滨州,gfs_seamless,2025-11-08,7,2025-11-15,19.3,10.7,11.9,,,56.8,18.1,19.8,86.2,10.23,0.0,
滨州,jma_seamless,2025-11-14,1,2025-11-15,19.9,8.6,9.4,7.8,,42.1,6.3,,,,,0.0
滨州,jma_seamless,2025-11-13,2,2025-11-15,19.8,8.8,9.1,7.9,,36.8,6.8,,,,,0.0
滨州,jma_seamless,2025-11-12,3,2025-11-15,19.5,9.0,9.0,7.9,,29.1,7.7,,,,,0.0
滨州,jma_seamless,2025-11-11,4,2025-11-15,19.3,8.1,8.6,6.8,,30.4,7.8,,,,,0.0
滨州,jma_seamless,2025-11-10,5,2025-11-15,19.8,8.1,9.1,7.1,,32.1,6.5,,,,,0.0
滨州,jma_seamless,2025-11-09,6,2025-11-15,19.1,8.7,9.1,7.2,,25.3,9.3,,,,,0.0
滨州,jma_seamless,2025-11-08,7,2025-11-15,20.3,9.5,9.6,8.2,,25.6,9.0,,,,,0.0
滨州,ecmwf_ifs025,2025-11-15,1,2025-11-16,10.9,3.7,3.1,-0.3,,53.3,18.2,,30.8,9.49,0.0,
滨州,ecmwf_ifs025,2025-11-14,2,2025-11-16,10.9,3.9,2.8,0.1,,56.1,16.8,,39.4,8.62,0.0,
滨州,ecmwf_ifs025,2025-11-13,3,2025-11-16,10.5,3.4,3.2,-0.5,,58.5,16.6,,29.4,9.44,0.0,
滨州,ecmwf_ifs025,2025-11-12,4,2025-11-16,9.5,3.5,2.4,-0.5,,51.5,17.7,,36.4,9.6,0.0,
滨州,ecmwf_ifs025,2025-11-11,5,2025-11-16,9.0,4.2,2.0,0.7,,52.4,15.4,,24.8,8.79,0.0,
滨州,ecmwf_ifs025,2025-11-10,6,2025-11-16,10.4,2.2,2.0,-1.7,,51.3,14.7,,1.8,9.24,0.0,
滨州,ecmwf_ifs025,2025-11-09,7,2025-11-16,9.6,1.2,0.3,-3.7,,41.5,19.6,,18.0,9.4,0.0,
滨州,gfs_seamless,2025-11-15,1,2025-11-16,12.2,4.7,3.8,1.5,,33.3,14.1,49.0,50.7,10.69,0.0,
滨州,gfs_seamless,2025-11-14,2,2025-11-16,14.7,4.6,5.4,1.2,,37.5,15.3,42.8,56.8,10.21,0.0,
滨州,gfs_seamless,2025-11-13,3,2025-11-16,13.4,6.3,5.6,2.9,,35.8,18.5,46.1,38.3,11.58,0.0,
滨州,gfs_seamless,2025-11-12,4,2025-11-16,12.5,4.8,3.5,0.9,,37.0,19.4,54.0,28.1,11.96,0.0,
滨州,gfs_seamless,2025-11-11,5,2025-11-16,10.5,3.3,-0.4,-1.3,,42.8,21.7,51.8,4.4,12.08,0.0,
滨州,gfs_seamless,2025-11-10,6,2025-11-16,11.6,3.0,2.8,-2.4,,35.1,28.1,46.8,2.3,11.92,0.0,
滨州,gfs_seamless,2025-11-09,7,2025-11-16,12.6,3.5,1.5,-0.4,,36.8,16.7,61.9,26.8,12.23,0.0,
滨州,jma_seamless,2025-11-15,1,2025-11-16,11.8,4.2,4.4,0.9,,34.6,14.1,,,,,0.0
滨州,jma_seamless,2025-11-14,2,2025-11-16,11.4,4.2,3.5,1.1,,22.9,13.1,,,,,0.0
滨州,jma_seamless,2025-11-13,3,2025-11-16,11.3,4.0,3.8,0.7,,19.8,14.0,,,,,0.0
滨州,jma_seamless,2025-11-12,4,2025-11-16,11.3,3.7,3.1,0.5,,19.3,13.2,,,,,0.0
滨州,jma_seamless,2025-11-11,5,2025-11-16,11.8,3.3,2.9,0.4,,17.3,10.8,,,,,0.0
滨州,jma_seamless,2025-11-10,6,2025-11-16,12.8,4.4,1.7,0.9,,13.1,15.4,,,,,0.0
滨州,jma_seamless,2025-11-09,7,2025-11-16,11.3,3.6,1.7,0.4,,15.0,12.6,,,,,0.0
滨州,ecmwf_ifs025,2025-11-16,1,2025-11-17,3.3,-1.9,-4.9,-7.0,,31.8,16.0,,46.7,7.86,0.0,
滨州,ecmwf_ifs025,2025-11-15,2,2025-11-17,3.5,-1.5,-4.5,-6.3,,32.4,15.2,,39.6,8.46,0.0,
滨州,ecmwf_ifs025,2025-11-14,3,2025-11-17,3.9,-1.2,-4.4,-6.0,,33.7,15.4,,38.5,9.0,0.0,
滨州,ecmwf_ifs025,2025-11-13,4,2025-11-17,3.6,-1.4,-4.8,-6.5,,30.6,17.0,,41.9,9.3,0.0,
滨州,ecmwf_ifs025,2025-11-12,5,2025-11-17,3.6,-0.8,-5.3,-6.1,,29.4,19.0,,29.8,10.1,0.0,
滨州,ecmwf_ifs025,2025-11-11,6,2025-11-17,4.2,-1.9,-4.8,-7.3,,32.9,17.8,,2.8,9.7,0.0,
滨州,ecmwf_ifs025,2025-11-10,7,2025-11-17,3.4,-1.5,-5.5,-6.7,,29.7,17.6,,1.3,9.61,0.0,
滨州,gfs_seamless,2025-11-16,1,2025-11-17,4.1,-0.1,-4.2,-4.0,,41.9,12.4,43.9,73.0,8.57,0.2,
滨州,gfs_seamless,2025-11-15,2,2025-11-17,4.5,0.0,-3.6,-3.8,,34.4,12.1,36.0,75.2,9.13,0.0,
滨州,gfs_seamless,2025-11-14,3,2025-11-17,5.1,0.4,-3.4,-3.6,,36.3,13.1,41.8,79.1,8.62,0.0,
滨州,gfs_seamless,2025-11-13,4,2025-11-17,4.5,0.4,-4.1,-2.8,,35.1,10.0,49.3,54.2,11.5,0.0,
滨州,gfs_seamless,2025-11-12,5,2025-11-17,5.7,-0.3,-3.9,-3.0,,35.8,7.8,52.6,0.0,12.02,0.0,
滨州,gfs_seamless,2025-11-11,6,2025-11-17,5.7,-0.4,-4.3,-3.1,,31.0,7.6,54.7,0.0,12.15,0.0,
滨州,gfs_seamless,2025-11-10,7,2025-11-17,9.5,-0.3,-2.0,-4.6,,28.4,13.8,48.6,28.5,11.78,0.0,
滨州,jma_seamless,2025-11-16,1,2025-11-17,5.2,0.8,-2.8,-2.9,,15.2,12.5,,,,,0.0
滨州,jma_seamless,2025-11-15,2,2025-11-17,5.4,1.2,-2.5,-2.5,,15.5,12.7,,,,,0.0
滨州,jma_seamless,2025-11-14,3,2025-11-17,5.6,1.6,-2.5,-2.1,,14.3,13.0,,,,,0.0
滨州,jma_seamless,2025-11-13,4,2025-11-17,5.2,1.2,-2.9,-2.6,,13.6,13.2,,,,,0.0
滨州,jma_seamless,2025-11-12,5,2025-11-17,5.3,1.3,-3.0,-2.5,,14.9,13.1,,,,,0.0
滨州,jma_seamless,2025-11-11,6,2025-11-17,8.8,0.8,-1.4,-2.2,,12.9,9.3,,,,,0.0
滨州,jma_seamless,2025-11-10,7,2025-11-17,8.0,1.0,-1.5,-1.7,,12.9,8.4,,,,,0.0
滨州,ecmwf_ifs025,2025-11-17,1,2025-11-18,6.7,-3.1,-4.3,-7.4,,40.3,11.5,,3.6,10.3,0.0,
滨州,ecmwf_ifs025,2025-11-16,2,2025-11-18,7.3,-3.1,-4.1,-7.4,,40.9,11.5,,0.0,10.31,0.0,
滨州,ecmwf_ifs025,2025-11-15,3,2025-11-18,7.0,-2.7,-4.1,-6.9,,42.4,11.3,,11.8,10.27,0.0,
滨州,ecmwf_ifs025,2025-11-14,4,2025-11-18,7.1,-3.2,-3.8,-7.3,,43.7,10.7,,0.9,10.39,0.0,
滨州,ecmwf_ifs025,2025-11-13,5,2025-11-18,8.5,-3.1,-3.6,-7.5,,42.9,11.6,,1.6,10.31,0.0,
滨州,ecmwf_ifs025,2025-11-12,6,2025-11-18,8.2,-2.2,-3.1,-6.7,,43.3,12.8,,1.2,9.25,0.0,
滨州,ecmwf_ifs025,2025-11-11,7,2025-11-18,6.1,-2.7,-4.3,-7.2,,38.7,12.6,,4.0,9.4,0.0,
滨州,gfs_seamless,2025-11-17,1,2025-11-18,6.7,-2.0,-3.7,-5.9,,61.2,10.7,43.2,0.2,11.86,0.0,
滨州,gfs_seamless,2025-11-16,2,2025-11-18,7.6,-2.0,-3.0,-6.6,,44.2,13.6,44.6,0.0,11.84,0.0,
滨州,gfs_seamless,2025-11-15,3,2025-11-18,8.2,-1.5,-2.6,-5.8,,46.2,13.0,36.7,0.0,12.04,0.0,
滨州,gfs_seamless,2025-11-14,4,2025-11-18,7.9,-1.6,-2.7,-6.2,,42.3,14.2,37.8,0.7,12.09,0.0,
滨州,gfs_seamless,2025-11-13,5,2025-11-18,9.2,-0.7,-2.1,-5.1,,76.7,14.0,47.5,0.0,11.48,0.0,
滨州,gfs_seamless,2025-11-12,6,2025-11-18,11.2,-1.1,-1.0,-4.8,,34.2,10.5,47.5,0.0,11.58,0.0,
滨州,gfs_seamless,2025-11-11,7,2025-11-18,7.8,-2.1,-2.4,-7.7,,34.7,18.9,32.8,0.0,11.89,0.0,
滨州,jma_seamless,2025-11-17,1,2025-11-18,7.6,-1.0,-2.5,-4.3,,17.4,9.3,,,,,0.0
滨州,jma_seamless,2025-11-16,2,2025-11-18,7.9,-0.9,-2.2,-4.2,,17.1,9.4,,,,,0.0
滨州,jma_seamless,2025-11-15,3,2025-11-18,8.3,-0.5,-1.9,-3.6,,16.7,9.0,,,,,0.0
滨州,jma_seamless,2025-11-14,4,2025-11-18,8.4,-0.4,-1.7,-3.5,,16.5,9.1,,,,,0.0
滨州,jma_seamless,2025-11-13,5,2025-11-18,9.0,-0.2,-1.6,-3.2,,16.7,8.7,,,,,0.0
滨州,jma_seamless,2025-11-12,6,2025-11-18,9.8,-0.8,-1.1,-3.8,,16.0,8.3,,,,,0.0
滨州,jma_seamless,2025-11-11,7,2025-11-18,12.6,-0.3,0.2,-2.8,,16.8,7.1,,,,,0.0
滨州,ecmwf_ifs025,2025-11-18,1,2025-11-19,11.8,-0.7,-0.1,,,,,,,,,
滨州,ecmwf_ifs025,2025-11-17,2,2025-11-19,12.2,-0.8,-0.1,,,,,,,,,
滨州,ecmwf_ifs025,2025-11-16,3,2025-11-19,11.8,-1.2,-0.3,,,,,,,,,
滨州,ecmwf_ifs025,2025-11-15,4,2025-11-19,11.9,-1.1,-0.3,,,,,,,,,
滨州,ecmwf_ifs025,2025-11-14,5,2025-11-19,10.5,-1.7,-0.9,,,,,,,,,
滨州,ecmwf_ifs025,2025-11-13,6,2025-11-19,12.6,0.7,0.4,,,,,,,,,
滨州,ecmwf_ifs025,2025-11-12,7,2025-11-19,13.2,0.5,0.5,,,,,,,,,
滨州,jma_seamless,2025-11-18,1,2025-11-19,13.3,1.0,1.6,-1.8,,20.7,8.9,,0.0,,0.0,0.0
滨州,jma_seamless,2025-11-17,2,2025-11-19,13.4,0.7,1.6,-1.9,,20.1,8.1,,0.0,,0.0,0.0
滨州,jma_seamless,2025-11-16,3,2025-11-19,13.3,0.7,1.5,-1.9,,17.1,7.9,,0.0,,0.0,0.0
滨州,jma_seamless,2025-11-15,4,2025-11-19,13.1,1.1,1.5,-1.4,,15.5,7.9,,0.0,,0.0,0.0
滨州,jma_seamless,2025-11-14,5,2025-11-19,13.8,1.2,1.8,-1.3,,16.7,8.0,,2.9,,0.0,0.0
滨州,jma_seamless,2025-11-13,6,2025-11-19,13.8,2.0,2.0,-0.6,,14.8,8.8,,0.8,,0.0,0.0
滨州,jma_seamless,2025-11-12,7,2025-11-19,13.7,2.4,2.1,-0.3,,14.6,9.4,,15.1,,0.0,0.0
滨州,ecmwf_ifs025,2025-11-19,1,2025-11-20,11.7,0.5,1.2,,,,,,,,,
滨州,ecmwf_ifs025,2025-11-18,2,2025-11-20,11.5,0.5,1.2,,,,,,,,,
滨州,ecmwf_ifs025,2025-11-17,3,2025-11-20,11.6,0.5,0.9,,,,,,,,,
滨州,ecmwf_ifs025,2025-11-16,4,2025-11-20,11.1,-0.3,0.9,,,,,,,,,
滨州,ecmwf_ifs025,2025-11-15,5,2025-11-20,10.9,0.7,1.2,,,,,,,,,
滨州,ecmwf_ifs025,2025-11-14,6,2025-11-20,10.5,-0.2,0.1,,,,,,,,,
滨州,ecmwf_ifs025,2025-11-13,7,2025-11-20,10.9,-0.0,1.1,,,,,,,,,
滨州,jma_seamless,2025-11-19,1,2025-11-20,11.6,2.7,2.0,0.6,,28.2,7.3,,10.3,,0.0,0.0
滨州,jma_seamless,2025-11-18,2,2025-11-20,12.2,2.4,2.4,0.6,,31.1,6.4,,12.3,,0.0,0.0
滨州,jma_seamless,2025-11-17,3,2025-11-20,12.5,3.1,2.9,1.2,,35.5,7.1,,18.3,,0.0,0.0
滨州,jma_seamless,2025-11-16,4,2025-11-20,12.8,3.5,3.2,1.9,,36.0,6.4,,20.3,,0.0,0.0
滨州,jma_seamless,2025-11-15,5,2025-11-20,12.1,3.6,2.6,1.3,,31.2,8.8,,16.2,,0.0,0.0
滨州,jma_seamless,2025-11-14,6,2025-11-20,12.7,2.6,2.3,0.5,,25.7,7.5,,16.5,,0.0,0.0
滨州,jma_seamless,2025-11-13,7,2025-11-20,12.8,2.1,2.4,0.1,,34.8,6.8,,4.7,,0.0,0.0
滨州,ecmwf_ifs025,2025-11-20,1,2025-11-21,13.8,-0.5,0.9,,,,,,,,,
滨州,ecmwf_ifs025,2025-11-19,2,2025-11-21,13.1,-0.3,0.6,,,,,,,,,
滨州,ecmwf_ifs025,2025-11-18,3,2025-11-21,12.1,-0.6,0.4,,,,,,,,,
滨州,ecmwf_ifs025,2025-11-17,4,2025-11-21,12.0,-1.3,-0.1,,,,,,,,,
滨州,ecmwf_ifs025,2025-11-16,5,2025-11-21,11.9,-1.3,0.2,,,,,,,,,
滨州,ecmwf_ifs025,2025-11-15,6,2025-11-21,11.8,-0.3,0.1,,,,,,,,,
滨州,ecmwf_ifs025,2025-11-14,7,2025-11-21,11.0,-0.5,0.2,,,,,,,,,
滨州,jma_seamless,2025-11-20,1,2025-11-21,13.9,2.0,2.0,-0.1,,20.6,7.2,,0.0,,0.9,0.0
滨州,jma_seamless,2025-11-19,2,2025-11-21,13.8,1.3,1.8,-1.1,,21.0,7.6,,0.0,,0.9,0.0
滨州,jma_seamless,2025-11-18,3,2025-11-21,13.5,1.0,2.0,-1.0,,32.9,6.3,,3.7,,0.0,0.0
滨州,jma_seamless,2025-11-17,4,2025-11-21,13.5,0.7,1.7,-1.1,,33.2,5.8,,0.2,,0.0,0.0
滨州,jma_seamless,2025-11-16,5,2025-11-21,13.8,1.3,1.7,-0.2,,30.1,5.1,,0.0,,0.0,0.0
滨州,jma_seamless,2025-11-15,6,2025-11-21,13.3,1.1,1.2,-0.6,,25.5,5.5,,0.0,,0.0,0.0
滨州,jma_seamless,2025-11-14,7,2025-11-21,12.6,0.3,1.7,-1.6,,47.2,5.9,,0.0,,0.0,0.0
滨州,ecmwf_ifs025,2025-11-21,1,2025-11-22,16.0,1.9,3.7,,,,,,,,,
滨州,ecmwf_ifs025,2025-11-20,2,2025-11-22,15.1,1.5,3.2,,,,,,,,,
滨州,ecmwf_ifs025,2025-11-19,3,2025-11-22,14.1,1.1,2.6,,,,,,,,,
滨州,ecmwf_ifs025,2025-11-18,4,2025-11-22,13.9,0.2,1.9,,,,,,,,,
滨州,ecmwf_ifs025,2025-11-17,5,2025-11-22,13.9,0.7,2.2,,,,,,,,,
滨州,ecmwf_ifs025,2025-11-16,6,2025-11-22,13.9,-0.5,1.7,,,,,,,,,
滨州,ecmwf_ifs025,2025-11-15,7,2025-11-22,13.3,1.9,2.1,,,,,,,,,
滨州,jma_seamless,2025-11-21,1,2025-11-22,16.2,3.2,4.1,0.9,,23.8,8.3,,19.7,,1.5,0.0
滨州,jma_seamless,2025-11-20,2,2025-11-22,15.8,3.1,3.8,0.7,,21.7,8.9,,28.5,,0.3,0.0
滨州,jma_seamless,2025-11-19,3,2025-11-22,15.7,3.6,3.9,1.2,,21.5,9.1,,31.5,,0.0,0.0
滨州,jma_seamless,2025-11-18,4,2025-11-22,15.5,2.8,3.4,0.3,,21.4,8.8,,24.0,,0.0,0.0
滨州,jma_seamless,2025-11-17,5,2025-11-22,15.4,1.9,3.1,-0.5,,22.3,7.9,,33.7,,0.0,0.0
滨州,jma_seamless,2025-11-16,6,2025-11-22,15.4,1.6,3.1,-0.6,,23.2,7.2,,21.0,,0.0,0.0
滨州,jma_seamless,2025-11-15,7,2025-11-22,15.2,4.7,3.9,2.3,,18.7,9.9,,42.3,,0.0,0.0
滨州,ecmwf_ifs025,2025-11-22,1,2025-11-23,15.9,4.9,5.0,,,,,,,,,
滨州,ecmwf_ifs025,2025-11-21,2,2025-11-23,15.6,5.1,5.1,,,,,,,,,
滨州,ecmwf_ifs025,2025-11-20,3,2025-11-23,15.4,4.8,5.2,,,,,,,,,
滨州,ecmwf_ifs025,2025-11-19,4,2025-11-23,15.0,4.4,4.6,,,,,,,,,
滨州,ecmwf_ifs025,2025-11-18,5,2025-11-23,14.1,3.9,4.2,,,,,,,,,
滨州,ecmwf_ifs025,2025-11-17,6,2025-11-23,14.0,3.7,4.1,,,,,,,,,
滨州,ecmwf_ifs025,2025-11-16,7,2025-11-23,14.1,4.5,4.3,,,,,,,,,
滨州,jma_seamless,2025-11-22,1,2025-11-23,16.1,5.9,5.4,4.1,,25.5,8.2,,31.8,,0.0,0.0
滨州,jma_seamless,2025-11-21,2,2025-11-23,15.4,5.6,5.1,3.8,,24.0,8.2,,9.6,,0.0,0.0
滨州,jma_seamless,2025-11-20,3,2025-11-23,15.5,5.2,5.0,3.2,,22.8,8.8,,13.2,,0.0,0.0
滨州,jma_seamless,2025-11-19,4,2025-11-23,15.0,5.0,4.6,2.9,,24.2,8.8,,17.5,,0.0,0.0
滨州,jma_seamless,2025-11-18,5,2025-11-23,15.1,5.0,4.7,2.7,,24.0,9.6,,11.5,,0.0,0.0
滨州,jma_seamless,2025-11-17,6,2025-11-23,15.3,5.6,5.0,3.4,,23.0,9.9,,6.1,,0.0,0.0
滨州,jma_seamless,2025-11-16,7,2025-11-23,15.8,6.5,5.3,4.3,,22.0,10.9,,1.2,,0.0,0.0
滨州,ecmwf_ifs025,2025-11-23,1,2025-11-24,13.9,3.3,2.5,,,,,,,,,
滨州,ecmwf_ifs025,2025-11-22,2,2025-11-24,13.8,2.9,2.0,,,,,,,,,
滨州,ecmwf_ifs025,2025-11-21,3,2025-11-24,13.6,3.3,2.6,,,,,,,,,
滨州,ecmwf_ifs025,2025-11-20,4,2025-11-24,13.2,2.2,2.1,,,,,,,,,
滨州,ecmwf_ifs025,2025-11-19,5,2025-11-24,8.7,3.9,0.6,,,,,,,,,
滨州,ecmwf_ifs025,2025-11-18,6,2025-11-24,7.6,0.9,-0.9,,,,,,,,,
滨州,ecmwf_ifs025,2025-11-17,7,2025-11-24,8.0,-0.7,-0.3,,,,,,,,,
滨州,jma_seamless,2025-11-23,1,2025-11-24,13.5,5.5,3.5,2.5,,30.6,14.4,,9.2,,0.0,0.0
滨州,jma_seamless,2025-11-22,2,2025-11-24,13.5,5.2,2.9,2.1,,27.8,14.2,,2.2,,0.0,0.0
滨州,jma_seamless,2025-11-21,3,2025-11-24,13.0,5.2,2.8,2.0,,27.0,15.1,,1.4,,0.0,0.0
滨州,jma_seamless,2025-11-20,4,2025-11-24,13.3,4.7,3.0,1.8,,30.7,12.4,,8.3,,0.0,0.0
滨州,jma_seamless,2025-11-19,5,2025-11-24,11.3,3.6,2.8,-0.0,,23.2,15.4,,5.7,,0.0,0.0
滨州,jma_seamless,2025-11-18,6,2025-11-24,8.3,3.4,0.7,-0.8,,22.0,18.8,,4.1,,0.0,0.0
滨州,jma_seamless,2025-11-17,7,2025-11-24,9.0,3.0,1.4,0.2,,19.3,10.5,,0.0,,0.0,0.0
滨州,ecmwf_ifs025,2025-11-24,1,2025-11-25,6.9,-0.5,-2.1,,,,,,,,,
滨州,ecmwf_ifs025,2025-11-23,2,2025-11-25,7.3,0.5,-1.4,,,,,,,,,
滨州,ecmwf_ifs025,2025-11-22,3,2025-11-25,7.4,-0.4,-2.0,,,,,,,,,
滨州,ecmwf_ifs025,2025-11-21,4,2025-11-25,8.7,-0.8,-1.2,,,,,,,,,
滨州,ecmwf_ifs025,2025-11-20,5,2025-11-25,8.7,-0.9,-0.6,,,,,,,,,
滨州,ecmwf_ifs025,2025-11-19,6,2025-11-25,11.5,-1.8,-1.5,,,,,,,,,
滨州,ecmwf_ifs025,2025-11-18,7,2025-11-25,12.4,-1.8,-0.2,,,,,,,,,
滨州,jma_seamless,2025-11-24,1,2025-11-25,7.8,1.3,-0.6,-1.5,,31.2,9.1,,19.0,,0.0,0.0
滨州,jma_seamless,2025-11-23,2,2025-11-25,7.7,1.2,-0.6,-1.4,,27.4,8.1,,11.4,,0.0,0.0
滨州,jma_seamless,2025-11-22,3,2025-11-25,8.1,1.4,-0.3,-1.1,,26.8,7.9,,7.5,,0.0,0.0
滨州,jma_seamless,2025-11-21,4,2025-11-25,7.5,0.2,-0.9,-2.3,,22.2,7.5,,0.0,,0.0,0.0
滨州,jma_seamless,2025-11-20,5,2025-11-25,8.8,0.2,-0.7,-2.4,,21.8,7.8,,0.0,,0.0,0.0
滨州,jma_seamless,2025-11-19,6,2025-11-25,9.3,-1.1,-0.8,-4.2,,19.5,8.5,,0.0,,0.0,0.0
滨州,jma_seamless,2025-11-18,7,2025-11-25,11.2,-0.6,0.6,-4.1,,18.2,10.4,,0.0,,0.0,0.0
滨州,ecmwf_ifs025,2025-11-25,1,2025-11-26,12.8,0.0,1.6,,,,,,,,,
滨州,ecmwf_ifs025,2025-11-24,2,2025-11-26,12.2,-1.3,0.9,,,,,,,,,
滨州,ecmwf_ifs025,2025-11-23,3,2025-11-26,12.2,-1.2,0.8,,,,,,,,,
滨州,ecmwf_ifs025,2025-11-22,4,2025-11-26,11.5,-0.6,0.8,,,,,,,,,
滨州,ecmwf_ifs025,2025-11-21,5,2025-11-26,12.7,-0.3,1.1,,,,,,,,,
滨州,ecmwf_ifs025,2025-11-20,6,2025-11-26,15.2,-0.6,1.8,,,,,,,,,
滨州,ecmwf_ifs025,2025-11-19,7,2025-11-26,13.0,0.7,1.6,,,,,,,,,
滨州,jma_seamless,2025-11-25,1,2025-11-26,13.8,1.9,2.2,-1.4,,22.1,11.4,,11.0,,0.0,0.0
滨州,jma_seamless,2025-11-24,2,2025-11-26,14.0,1.3,2.1,-2.3,,19.7,12.5,,10.1,,0.0,0.0
滨州,jma_seamless,2025-11-23,3,2025-11-26,13.4,1.5,2.1,-1.3,,20.1,9.2,,20.3,,0.0,0.0
滨州,jma_seamless,2025-11-22,4,2025-11-26,13.4,3.2,2.6,0.7,,20.3,9.2,,26.1,,0.0,0.0
滨州,jma_seamless,2025-11-21,5,2025-11-26,13.7,3.6,2.8,1.0,,20.5,10.1,,22.5,,0.0,0.0
滨州,jma_seamless,2025-11-20,6,2025-11-26,14.5,4.6,3.6,1.3,,18.2,14.6,,19.0,,0.0,0.0
滨州,jma_seamless,2025-11-19,7,2025-11-26,16.1,6.7,5.4,4.1,,22.7,13.4,,27.0,,0.0,0.0
滨州,ecmwf_ifs025,2025-11-26,1,2025-11-27,8.6,0.9,-2.2,,,,,,,,,
滨州,ecmwf_ifs025,2025-11-25,2,2025-11-27,8.7,0.9,-2.1,,,,,,,,,
滨州,ecmwf_ifs025,2025-11-24,3,2025-11-27,8.4,0.9,-2.0,,,,,,,,,
滨州,ecmwf_ifs025,2025-11-23,4,2025-11-27,8.2,0.7,-2.2,,,,,,,,,
滨州,ecmwf_ifs025,2025-11-22,5,2025-11-27,6.7,-0.2,-1.6,,,,,,,,,
滨州,ecmwf_ifs025,2025-11-21,6,2025-11-27,5.3,2.1,-2.1,,,,,,,,,
滨州,ecmwf_ifs025,2025-11-20,7,2025-11-27,4.9,-0.9,-4.2,,,,,,,,,
滨州,jma_seamless,2025-11-26,1,2025-11-27,8.4,1.7,-0.5,-1.8,,20.5,12.4,,0.9,,0.0,0.0
滨州,jma_seamless,2025-11-25,2,2025-11-27,8.9,1.9,-0.6,-1.6,,20.5,12.7,,0.8,,0.0,0.0
滨州,jma_seamless,2025-11-24,3,2025-11-27,8.7,1.2,-1.0,-2.5,,15.7,12.7,,2.3,,0.0,0.0
滨州,jma_seamless,2025-11-23,4,2025-11-27,9.1,0.5,-0.5,-3.5,,20.2,13.2,,8.2,,0.0,0.0
滨州,jma_seamless,2025-11-22,5,2025-11-27,8.6,0.9,-0.8,-2.2,,21.7,9.7,,1.8,,0.0,0.0
滨州,jma_seamless,2025-11-21,6,2025-11-27,7.8,0.0,-1.0,-4.0,,16.8,12.8,,9.3,,0.0,0.0
滨州,jma_seamless,2025-11-20,7,2025-11-27,14.7,-0.4,1.1,-4.0,,16.8,10.8,,17.8,,0.0,0.0
滨州,ecmwf_ifs025,2025-11-27,1,2025-11-28,13.7,-0.6,1.2,,,,,,,,,
滨州,ecmwf_ifs025,2025-11-26,2,2025-11-28,12.6,-0.7,0.4,,,,,,,,,
滨州,ecmwf_ifs025,2025-11-25,3,2025-11-28,12.4,-0.1,0.6,,,,,,,,,
滨州,ecmwf_ifs025,2025-11-24,4,2025-11-28,12.8,-0.1,0.7,,,,,,,,,
滨州,ecmwf_ifs025,2025-11-23,5,2025-11-28,12.9,0.1,1.3,,,,,,,,,
滨州,ecmwf_ifs025,2025-11-22,6,2025-11-28,12.6,-0.1,1.2,,,,,,,,,
滨州,ecmwf_ifs025,2025-11-21,7,2025-11-28,9.6,-1.1,-0.5,,,,,,,,,
滨州,jma_seamless,2025-11-27,1,2025-11-28,14.3,1.3,1.7,-0.9,,22.7,6.9,,0.0,,0.0,0.0
滨州,jma_seamless,2025-11-26,2,2025-11-28,13.4,1.3,1.6,-0.8,,21.0,6.8,,0.0,,0.0,0.0
滨州,jma_seamless,2025-11-25,3,2025-11-28,12.9,0.8,1.3,-1.3,,21.0,6.4,,0.0,,0.0,0.0
滨州,jma_seamless,2025-11-24,4,2025-11-28,12.4,0.2,0.8,-2.0,,20.4,6.4,,0.0,,0.0,0.0
滨州,jma_seamless,2025-11-23,5,2025-11-28,12.5,-0.5,0.1,-3.5,,18.5,8.5,,0.0,,0.0,0.0
滨州,jma_seamless,2025-11-22,6,2025-11-28,13.5,2.3,2.4,0.8,,21.9,5.5,,0.0,,0.0,0.0
滨州,jma_seamless,2025-11-21,7,2025-11-28,12.8,-0.3,1.1,-3.1,,18.3,8.1,,1.5,,0.0,0.0
滨州,ecmwf_ifs025,2025-11-28,1,2025-11-29,14.2,3.2,3.3,,,,,,,,,
滨州,ecmwf_ifs025,2025-11-27,2,2025-11-29,13.8,2.7,2.8,,,,,,,,,
滨州,ecmwf_ifs025,2025-11-26,3,2025-11-29,13.2,1.9,2.7,,,,,,,,,
滨州,ecmwf_ifs025,2025-11-25,4,2025-11-29,14.0,2.1,2.4,,,,,,,,,
滨州,ecmwf_ifs025,2025-11-24,5,2025-11-29,13.7,3.0,2.7,,,,,,,,,
滨州,ecmwf_ifs025,2025-11-23,6,2025-11-29,9.7,2.4,-0.5,,,,,,,,,
滨州,ecmwf_ifs025,2025-11-22,7,2025-11-29,12.5,-0.4,0.7,,,,,,,,,
滨州,jma_seamless,2025-11-28,1,2025-11-29,14.0,3.2,3.0,,,40.6,4.4,,0.0,,0.0,0.0
滨州,jma_seamless,2025-11-27,2,2025-11-29,14.3,3.5,3.2,,,38.3,4.7,,0.0,,0.0,0.0
滨州,jma_seamless,2025-11-26,3,2025-11-29,14.6,3.3,3.2,,,37.5,4.8,,0.0,,0.0,0.0
滨州,jma_seamless,2025-11-25,4,2025-11-29,14.2,2.8,3.0,,,36.1,4.4,,0.0,,0.0,0.0
滨州,jma_seamless,2025-11-24,5,2025-11-29,14.1,2.3,2.9,,,37.4,4.2,,0.0,,0.0,0.0
滨州,jma_seamless,2025-11-23,6,2025-11-29,11.3,1.8,0.9,-0.7,,27.1,8.2,,0.0,,0.0,0.0
滨州,jma_seamless,2025-11-22,7,2025-11-29,15.4,2.7,3.4,0.6,,30.5,7.5,,0.1,,0.0,0.0
滨州,ecmwf_ifs025,2025-11-29,1,2025-11-30,14.0,1.4,1.9,,,,,,,,,
滨州,ecmwf_ifs025,2025-11-28,2,2025-11-30,14.9,1.2,1.8,,,,,,,,,
滨州,ecmwf_ifs025,2025-11-27,3,2025-11-30,13.6,1.5,1.7,,,,,,,,,
滨州,ecmwf_ifs025,2025-11-26,4,2025-11-30,11.6,0.1,0.3,,,,,,,,,
滨州,ecmwf_ifs025,2025-11-25,5,2025-11-30,10.4,1.5,-0.6,,,,,,,,,
滨州,ecmwf_ifs025,2025-11-24,6,2025-11-30,12.0,-0.3,-0.2,,,,,,,,,
滨州,ecmwf_ifs025,2025-11-23,7,2025-11-30,13.0,-2.0,-1.3,,,,,,,,,
滨州,jma_seamless,2025-11-29,1,2025-11-30,13.2,4.0,2.6,1.2,,27.7,11.4,,0.0,,0.0,0.0
滨州,jma_seamless,2025-11-28,2,2025-11-30,15.2,4.2,3.0,1.5,,24.9,10.9,,0.0,,0.0,0.0
滨州,jma_seamless,2025-11-27,3,2025-11-30,12.9,3.9,2.5,1.0,,24.6,11.7,,0.0,,0.0,0.0
滨州,jma_seamless,2025-11-26,4,2025-11-30,16.4,1.3,2.6,-1.6,,30.2,9.4,,0.0,,0.0,0.0
滨州,jma_seamless,2025-11-25,5,2025-11-30,15.2,1.3,1.9,-1.7,,30.4,9.7,,0.0,,0.0,0.0
滨州,jma_seamless,2025-11-24,6,2025-11-30,14.8,1.3,1.0,-2.4,,30.0,13.0,,0.0,,0.0,0.0
滨州,jma_seamless,2025-11-23,7,2025-11-30,12.2,1.4,1.9,-0.9,,26.9,7.3,,0.0,,0.0,0.0
滨州,ecmwf_ifs025,2025-11-30,1,2025-12-01,8.0,-0.6,-1.1,,,,,,,,,
滨州,ecmwf_ifs025,2025-11-29,2,2025-12-01,7.2,-0.1,-1.3,,,,,,,,,
滨州,ecmwf_ifs025,2025-11-28,3,2025-12-01,6.2,-0.5,-2.4,,,,,,,,,
滨州,ecmwf_ifs025,2025-11-27,4,2025-12-01,6.3,0.3,-2.6,,,,,,,,,
滨州,ecmwf_ifs025,2025-11-26,5,2025-12-01,9.8,-1.5,-1.1,,,,,,,,,
滨州,ecmwf_ifs025,2025-11-25,6,2025-12-01,9.4,-1.9,-2.4,,,,,,,,,
滨州,ecmwf_ifs025,2025-11-24,7,2025-12-01,5.2,-2.8,-3.1,,,,,,,,,
滨州,jma_seamless,2025-11-30,1,2025-12-01,7.9,1.6,-0.1,-1.0,,32.3,8.5,,21.1,,0.0,0.0
滨州,jma_seamless,2025-11-29,2,2025-12-01,6.8,1.4,-1.0,-1.3,,28.3,8.6,,15.9,,0.0,0.0
滨州,jma_seamless,2025-11-28,3,2025-12-01,4.4,0.3,-2.3,-3.1,,25.7,10.4,,22.0,,0.0,0.0
滨州,jma_seamless,2025-11-27,4,2025-12-01,8.7,0.6,-0.1,-1.7,,32.2,7.0,,23.1,,0.0,0.0
滨州,jma_seamless,2025-11-26,5,2025-12-01,6.0,0.7,-1.8,-1.5,,23.8,6.8,,13.8,,0.0,0.0
滨州,jma_seamless,2025-11-25,6,2025-12-01,4.2,-1.2,-3.4,-4.2,,21.5,8.3,,0.0,,0.0,0.0
滨州,jma_seamless,2025-11-24,7,2025-12-01,5.7,-0.5,-1.6,-2.3,,29.2,5.3,,16.7,,0.0,0.0
滨州,ecmwf_ifs025,2025-12-01,1,2025-12-02,2.4,-5.8,-7.0,,,,,,,,,
滨州,ecmwf_ifs025,2025-11-30,2,2025-12-02,1.6,-5.8,-6.3,,,,,,,,,
滨州,ecmwf_ifs025,2025-11-29,3,2025-12-02,0.7,-5.2,-7.0,,,,,,,,,
滨州,ecmwf_ifs025,2025-11-28,4,2025-12-02,0.3,-5.6,-7.4,,,,,,,,,
滨州,ecmwf_ifs025,2025-11-27,5,2025-12-02,2.6,-4.7,-6.8,,,,,,,,,
滨州,ecmwf_ifs025,2025-11-26,6,2025-12-02,2.4,-4.0,-5.9,,,,,,,,,
滨州,ecmwf_ifs025,2025-11-25,7,2025-12-02,11.1,0.4,1.0,,,,,,,,,
滨州,jma_seamless,2025-12-01,1,2025-12-02,3.6,-3.2,-5.0,-7.5,,27.9,11.4,,37.0,,0.0,0.0
滨州,jma_seamless,2025-11-30,2,2025-12-02,1.7,-3.2,-5.3,-7.6,,24.2,11.8,,10.7,,0.0,0.0
滨州,jma_seamless,2025-11-29,3,2025-12-02,1.3,-3.4,-5.9,-7.6,,24.8,10.7,,1.1,,0.0,0.0
滨州,jma_seamless,2025-11-28,4,2025-12-02,1.5,-3.4,-6.6,-7.3,,21.4,9.9,,2.3,,0.0,0.0
滨州,jma_seamless,2025-11-27,5,2025-12-02,8.4,-2.4,-2.3,-5.0,,37.9,6.4,,20.1,,0.0,0.0
滨州,jma_seamless,2025-11-26,6,2025-12-02,6.7,-2.2,-3.8,-5.8,,33.6,9.5,,0.0,,0.0,0.0
滨州,jma_seamless,2025-11-25,7,2025-12-02,10.6,0.4,-0.9,-2.6,,16.7,9.2,,0.7,,0.0,0.0
滨州,ecmwf_ifs025,2025-12-02,1,2025-12-03,2.4,-6.0,-7.5,,,,,,,9.76,0.0,
滨州,ecmwf_ifs025,2025-12-01,2,2025-12-03,2.4,-6.5,-7.9,,,,,,,9.78,0.0,
滨州,ecmwf_ifs025,2025-11-30,3,2025-12-03,2.7,-6.1,-7.7,,,,,,,9.79,0.0,
滨州,ecmwf_ifs025,2025-11-29,4,2025-12-03,2.1,-6.5,-8.2,,,,,,,9.84,0.0,
滨州,ecmwf_ifs025,2025-11-28,5,2025-12-03,2.6,-6.0,-7.7,,,,,,,9.81,0.0,
滨州,ecmwf_ifs025,2025-11-27,6,2025-12-03,1.2,-4.7,-7.9,,,,,,,8.8,0.0,
滨州,ecmwf_ifs025,2025-11-26,7,2025-12-03,2.7,-5.8,-5.6,,,,,,,8.58,0.0,
滨州,gfs_seamless,2025-12-02,1,2025-12-03,4.1,-6.5,-6.8,-11.0,,26.8,9.9,,,10.82,0.0,0.0
滨州,gfs_seamless,2025-12-01,2,2025-12-03,4.5,-6.0,-6.5,-10.5,,31.4,10.2,,,10.78,0.0,0.0
滨州,gfs_seamless,2025-11-30,3,2025-12-03,5.2,-6.2,-6.6,-11.4,,28.3,12.2,,,10.75,0.0,0.0
滨州,gfs_seamless,2025-11-29,4,2025-12-03,1.4,-6.7,-8.4,-12.4,,26.2,14.0,,,10.83,0.0,0.0
滨州,gfs_seamless,2025-11-28,5,2025-12-03,1.2,-7.4,-9.2,-12.9,,20.3,12.4,,,10.53,0.0,0.0
滨州,gfs_seamless,2025-11-27,6,2025-12-03,1.3,-6.6,-9.5,-12.1,,18.3,13.0,,,10.67,0.0,0.0
滨州,gfs_seamless,2025-11-26,7,2025-12-03,7.5,-4.6,-5.2,-9.0,,26.5,10.5,,,10.3,0.0,0.0
滨州,ecmwf_ifs025,2025-12-03,1,2025-12-04,4.9,-3.4,-5.4,,,,,,,9.41,0.0,
滨州,ecmwf_ifs025,2025-12-02,2,2025-12-04,5.1,-3.4,-5.6,,,,,,,9.44,0.0,
滨州,ecmwf_ifs025,2025-12-01,3,2025-12-04,5.4,-3.5,-5.4,,,,,,,9.42,0.0,
滨州,ecmwf_ifs025,2025-11-30,4,2025-12-04,5.4,-3.6,-5.3,,,,,,,9.45,0.0,
滨州,ecmwf_ifs025,2025-11-29,5,2025-12-04,5.2,-2.8,-5.5,,,,,,,9.5,0.0,
滨州,ecmwf_ifs025,2025-11-28,6,2025-12-04,7.8,-3.6,-5.2,,,,,,,8.63,0.0,
滨州,ecmwf_ifs025,2025-11-27,7,2025-12-04,7.5,-6.0,-5.3,,,,,,,8.32,0.0,
滨州,gfs_seamless,2025-12-03,1,2025-12-04,6.9,-2.5,-4.3,-6.9,,30.8,12.3,,,10.43,0.0,0.0
滨州,gfs_seamless,2025-12-02,2,2025-12-04,7.4,-2.4,-4.2,-6.8,,31.2,12.5,,,10.39,0.0,0.0
滨州,gfs_seamless,2025-12-01,3,2025-12-04,7.2,-2.1,-4.2,-6.8,,34.1,14.2,,,10.52,0.0,0.0
滨州,gfs_seamless,2025-11-30,4,2025-12-04,7.3,-2.3,-4.0,-6.6,,33.2,12.1,,,10.49,0.0,0.0
滨州,gfs_seamless,2025-11-29,5,2025-12-04,7.5,-5.7,-5.0,-10.3,,29.5,10.6,,,9.31,0.0,0.0
滨州,gfs_seamless,2025-11-28,6,2025-12-04,7.9,-6.8,-5.6,-12.2,,24.8,12.6,,,10.08,0.0,0.0
滨州,gfs_seamless,2025-11-27,7,2025-12-04,5.5,-5.2,-6.4,-10.0,,23.7,11.8,,,10.48,0.0,0.0
滨州,ecmwf_ifs025,2025-12-04,1,2025-12-05,8.3,-4.5,-3.8,,,,,,,9.36,0.0,
滨州,ecmwf_ifs025,2025-12-03,2,2025-12-05,8.1,-4.1,-3.8,,,,,,,9.41,0.0,
滨州,ecmwf_ifs025,2025-12-02,3,2025-12-05,8.1,-4.0,-3.8,,,,,,,9.03,0.0,
滨州,ecmwf_ifs025,2025-12-01,4,2025-12-05,8.1,-4.1,-4.2,,,,,,,9.29,0.0,
滨州,ecmwf_ifs025,2025-11-30,5,2025-12-05,8.2,-3.9,-3.9,,,,,,,9.3,0.0,
滨州,ecmwf_ifs025,2025-11-29,6,2025-12-05,8.3,-3.4,-3.9,,,,,,,8.5,0.0,
滨州,ecmwf_ifs025,2025-11-28,7,2025-12-05,8.2,-1.3,-1.9,,,,,,,8.36,0.0,
滨州,gfs_seamless,2025-12-04,1,2025-12-05,9.0,-2.5,-2.9,-7.2,,32.5,13.4,,,10.43,0.0,0.0
滨州,gfs_seamless,2025-12-03,2,2025-12-05,9.4,-1.8,-2.6,-6.4,,33.5,13.7,,,8.49,0.0,0.0
滨州,gfs_seamless,2025-12-02,3,2025-12-05,9.3,-1.9,-2.3,-6.4,,32.3,13.3,,,9.78,0.0,0.0
滨州,gfs_seamless,2025-12-01,4,2025-12-05,9.7,-2.2,-2.4,-7.0,,28.4,14.2,,,10.39,0.0,0.0
滨州,gfs_seamless,2025-11-30,5,2025-12-05,8.8,-1.8,-1.9,-5.7,,29.8,10.8,,,8.43,0.0,0.0
滨州,gfs_seamless,2025-11-29,6,2025-12-05,8.0,-1.7,-2.0,-4.9,,33.9,8.6,,,10.03,0.0,0.0
滨州,gfs_seamless,2025-11-28,7,2025-12-05,8.7,0.0,-1.1,-3.0,,31.3,8.7,,,9.01,0.0,0.0
滨州,ecmwf_ifs025,2025-12-05,1,2025-12-06,12.8,2.0,1.5,,,,,,,9.37,0.0,
滨州,ecmwf_ifs025,2025-12-04,2,2025-12-06,12.4,0.6,0.8,,,,,,,9.41,0.0,
滨州,ecmwf_ifs025,2025-12-03,3,2025-12-06,12.2,0.2,0.5,,,,,,,9.36,0.0,
滨州,ecmwf_ifs025,2025-12-02,4,2025-12-06,12.4,0.6,0.6,,,,,,,9.4,0.0,
滨州,ecmwf_ifs025,2025-12-01,5,2025-12-06,12.9,1.0,0.7,,,,,,,9.3,0.0,
滨州,ecmwf_ifs025,2025-11-30,6,2025-12-06,12.8,-0.3,0.3,,,,,,,8.29,0.0,
滨州,ecmwf_ifs025,2025-11-29,7,2025-12-06,12.1,0.5,0.8,,,,,,,7.58,0.0,
滨州,gfs_seamless,2025-12-05,1,2025-12-06,13.5,1.6,1.6,-2.1,,42.6,13.4,,,10.2,0.0,0.0
滨州,gfs_seamless,2025-12-04,2,2025-12-06,12.7,2.0,1.3,-2.0,,40.3,15.0,,,10.19,0.0,0.0
滨州,gfs_seamless,2025-12-03,3,2025-12-06,13.6,2.5,1.7,-1.3,,40.6,14.8,,,10.23,0.0,0.0
滨州,gfs_seamless,2025-12-02,4,2025-12-06,13.6,1.9,1.5,-2.1,,40.1,15.4,,,10.13,0.0,0.0
滨州,gfs_seamless,2025-12-01,5,2025-12-06,13.7,1.8,1.5,-2.1,,39.3,14.6,,,9.77,0.0,0.0
滨州,gfs_seamless,2025-11-30,6,2025-12-06,13.0,1.2,1.5,-2.6,,43.5,13.1,,,8.55,0.0,0.0
滨州,gfs_seamless,2025-11-29,7,2025-12-06,11.0,0.9,0.9,-2.3,,41.3,10.4,,,9.59,0.0,0.0
滨州,ecmwf_ifs025,2025-12-06,1,2025-12-07,11.1,1.4,0.1,,,,,,,9.38,0.0,
滨州,ecmwf_ifs025,2025-12-05,2,2025-12-07,11.2,0.4,-0.0,,,,,,,9.29,0.0,
滨州,ecmwf_ifs025,2025-12-04,3,2025-12-07,11.3,0.7,0.1,,,,,,,9.14,0.0,
滨州,ecmwf_ifs025,2025-12-03,4,2025-12-07,11.1,1.3,0.2,,,,,,,9.37,0.0,
滨州,ecmwf_ifs025,2025-12-02,5,2025-12-07,10.9,-0.9,-0.9,,,,,,,9.37,0.0,
滨州,ecmwf_ifs025,2025-12-01,6,2025-12-07,9.0,-0.7,-2.2,,,,,,,8.51,0.0,
滨州,ecmwf_ifs025,2025-11-30,7,2025-12-07,9.3,-0.7,-0.8,,,,,,,8.43,0.0,
滨州,gfs_seamless,2025-12-06,1,2025-12-07,11.0,1.9,0.7,-2.1,,28.1,15.0,,,9.66,0.0,0.0
滨州,gfs_seamless,2025-12-05,2,2025-12-07,11.1,2.9,0.6,-0.8,,28.9,14.6,,,9.24,0.0,0.0
滨州,gfs_seamless,2025-12-04,3,2025-12-07,10.8,2.8,0.3,-1.0,,27.7,15.4,,,9.23,0.0,0.0
滨州,gfs_seamless,2025-12-03,4,2025-12-07,12.0,3.1,1.6,-0.1,,31.9,12.1,,,8.14,0.0,0.0
滨州,gfs_seamless,2025-12-02,5,2025-12-07,13.7,1.2,1.3,-3.1,,34.8,15.8,,,8.55,0.0,0.0
滨州,gfs_seamless,2025-12-01,6,2025-12-07,14.2,3.1,3.0,1.2,,33.8,7.0,,,9.63,0.0,0.0
滨州,gfs_seamless,2025-11-30,7,2025-12-07,13.8,4.1,3.7,1.9,,45.6,8.7,,,9.68,0.0,0.0
滨州,ecmwf_ifs025,2025-12-07,1,2025-12-08,6.1,-2.8,-3.1,,,,,,,9.17,0.0,
滨州,ecmwf_ifs025,2025-12-06,2,2025-12-08,6.0,-1.8,-2.7,,,,,,,9.18,0.0,
滨州,ecmwf_ifs025,2025-12-05,3,2025-12-08,6.4,-2.3,-2.6,,,,,,,9.15,0.0,
滨州,ecmwf_ifs025,2025-12-04,4,2025-12-08,6.4,-2.0,-2.6,,,,,,,9.06,0.0,
滨州,ecmwf_ifs025,2025-12-03,5,2025-12-08,6.5,-2.2,-2.6,,,,,,,9.17,0.0,
滨州,ecmwf_ifs025,2025-12-02,6,2025-12-08,5.7,-2.6,-3.2,,,,,,,7.53,0.0,
滨州,ecmwf_ifs025,2025-12-01,7,2025-12-08,10.1,-0.6,-1.1,,,,,,,8.28,0.0,
滨州,gfs_seamless,2025-12-07,1,2025-12-08,6.9,-1.2,-1.8,-3.6,,30.8,6.5,,,10.14,0.0,0.0
滨州,gfs_seamless,2025-12-06,2,2025-12-08,6.4,-1.7,-2.1,-4.3,,30.9,6.7,,,10.01,0.0,0.0
滨州,gfs_seamless,2025-12-05,3,2025-12-08,7.5,-1.4,-2.0,-4.4,,31.2,8.1,,,10.04,0.0,0.0
滨州,gfs_seamless,2025-12-04,4,2025-12-08,6.4,-0.5,-1.8,-3.4,,33.4,8.1,,,10.22,0.0,0.0
滨州,gfs_seamless,2025-12-03,5,2025-12-08,6.6,-1.7,-2.3,-5.0,,36.1,8.7,,,9.82,0.0,0.0
滨州,gfs_seamless,2025-12-02,6,2025-12-08,5.6,-0.9,-3.4,-5.9,,25.3,17.2,,,10.06,0.0,0.0
滨州,gfs_seamless,2025-12-01,7,2025-12-08,14.0,-0.3,0.9,-3.4,,39.2,9.1,,,9.68,0.0,0.0
滨州,ecmwf_ifs025,2025-12-08,1,2025-12-09,12.1,-1.9,0.1,,,,,,,8.97,0.0,
滨州,ecmwf_ifs025,2025-12-07,2,2025-12-09,11.6,-2.3,-0.4,,,,,,,8.97,0.0,
滨州,ecmwf_ifs025,2025-12-06,3,2025-12-09,11.1,-1.7,-0.5,,,,,,,9.05,0.0,
滨州,ecmwf_ifs025,2025-12-05,4,2025-12-09,10.8,-2.3,-0.6,,,,,,,8.78,0.0,
滨州,ecmwf_ifs025,2025-12-04,5,2025-12-09,10.5,-3.0,-1.5,,,,,,,9.08,0.0,
滨州,ecmwf_ifs025,2025-12-03,6,2025-12-09,11.2,-3.1,-1.5,,,,,,,8.19,0.0,
滨州,ecmwf_ifs025,2025-12-02,7,2025-12-09,9.8,-2.4,-1.4,,,,,,,7.14,0.0,
滨州,gfs_seamless,2025-12-08,1,2025-12-09,11.6,0.8,1.6,-1.5,,38.8,7.0,,,9.61,0.0,0.0
滨州,gfs_seamless,2025-12-07,2,2025-12-09,11.6,1.0,1.4,-1.7,,36.8,8.6,,,9.85,0.0,0.0
滨州,gfs_seamless,2025-12-06,3,2025-12-09,11.4,1.0,1.3,-1.7,,32.0,8.5,,,9.93,0.0,0.0
滨州,gfs_seamless,2025-12-05,4,2025-12-09,11.4,0.5,1.2,-2.0,,33.1,7.4,,,9.86,0.0,0.0
滨州,gfs_seamless,2025-12-04,5,2025-12-09,11.0,0.2,0.6,-1.8,,35.6,6.1,,,9.61,0.0,0.0
滨州,gfs_seamless,2025-12-03,6,2025-12-09,9.0,-1.9,-1.0,-4.5,,34.7,6.6,,,9.63,0.0,0.0
滨州,gfs_seamless,2025-12-02,7,2025-12-09,7.9,-3.1,-3.2,-6.6,,27.7,8.7,,,9.01,0.0,0.0
滨州,ecmwf_ifs025,2025-12-09,1,2025-12-10,12.8,0.1,2.0,,,,,,,8.6,0.0,
滨州,ecmwf_ifs025,2025-12-08,2,2025-12-10,12.8,1.2,2.3,,,,,,,6.67,0.3,
滨州,ecmwf_ifs025,2025-12-07,3,2025-12-10,11.7,1.0,2.7,,,,,,,6.74,0.0,
滨州,ecmwf_ifs025,2025-12-06,4,2025-12-10,13.2,0.6,3.0,,,,,,,8.49,0.3,
滨州,ecmwf_ifs025,2025-12-05,5,2025-12-10,11.3,3.0,3.0,,,,,,,6.95,0.3,
滨州,ecmwf_ifs025,2025-12-04,6,2025-12-10,12.8,1.2,1.9,,,,,,,7.47,0.0,
滨州,ecmwf_ifs025,2025-12-03,7,2025-12-10,11.5,0.9,2.0,,,,,,,5.15,0.0,
滨州,gfs_seamless,2025-12-09,1,2025-12-10,13.9,5.5,5.1,4.0,,46.2,7.1,,,8.27,0.0,0.0
滨州,gfs_seamless,2025-12-08,2,2025-12-10,13.8,5.2,4.8,3.7,,45.9,6.9,,,9.29,0.0,0.0
滨州,gfs_seamless,2025-12-07,3,2025-12-10,13.1,3.9,3.5,1.4,,48.8,9.6,,,8.68,0.0,0.0
滨州,gfs_seamless,2025-12-06,4,2025-12-10,13.0,3.8,3.1,1.2,,45.8,10.1,,,9.63,0.0,0.0
滨州,gfs_seamless,2025-12-05,5,2025-12-10,12.0,4.9,3.4,2.7,,45.1,9.5,,,6.59,0.0,0.0
滨州,gfs_seamless,2025-12-04,6,2025-12-10,12.0,4.7,3.4,3.0,,45.9,7.2,,,6.21,0.0,0.0
滨州,gfs_seamless,2025-12-03,7,2025-12-10,10.7,2.0,2.8,-0.1,,41.4,7.0,,,5.04,0.0,0.0
滨州,ecmwf_ifs025,2025-12-10,1,2025-12-11,5.6,-1.1,-2.8,,,,,,,6.17,0.0,
滨州,ecmwf_ifs025,2025-12-09,2,2025-12-11,5.9,0.5,-2.0,,,,,,,7.26,0.0,
滨州,ecmwf_ifs025,2025-12-08,3,2025-12-11,6.4,0.5,-1.9,,,,,,,7.8,0.0,
滨州,ecmwf_ifs025,2025-12-07,4,2025-12-11,5.9,1.3,-1.6,,,,,,,7.21,0.0,
滨州,ecmwf_ifs025,2025-12-06,5,2025-12-11,6.5,1.1,-1.3,,,,,,,7.14,0.0,
滨州,ecmwf_ifs025,2025-12-05,6,2025-12-11,7.4,0.7,-1.3,,,,,,,7.86,0.0,
滨州,ecmwf_ifs025,2025-12-04,7,2025-12-11,11.4,-0.7,0.8,,,,,,,7.73,0.0,
滨州,gfs_seamless,2025-12-10,1,2025-12-11,5.3,-0.6,-3.5,-6.3,,59.1,22.1,,,9.6,0.0,0.0
滨州,gfs_seamless,2025-12-09,2,2025-12-11,5.0,-0.2,-3.1,-5.7,,59.8,21.4,,,9.54,0.0,0.0
滨州,gfs_seamless,2025-12-08,3,2025-12-11,6.8,-0.1,-2.5,-5.2,,63.3,19.2,,,9.41,0.0,0.0
滨州,gfs_seamless,2025-12-07,4,2025-12-11,5.8,-0.8,-2.9,-6.5,,62.7,21.4,,,5.66,0.0,0.0
滨州,gfs_seamless,2025-12-06,5,2025-12-11,7.5,-0.0,-2.2,-5.2,,61.4,19.5,,,9.32,0.0,0.0
滨州,gfs_seamless,2025-12-05,6,2025-12-11,9.3,0.8,-0.5,-3.5,,67.8,15.5,,,9.27,0.0,0.0
滨州,gfs_seamless,2025-12-04,7,2025-12-11,12.4,3.7,3.0,0.3,,65.5,13.8,,,9.19,0.0,0.0
滨州,ecmwf_ifs025,2025-12-11,1,2025-12-12,1.5,-1.9,-4.3,,,,,,,3.03,1.8,
滨州,ecmwf_ifs025,2025-12-10,2,2025-12-12,1.7,-0.8,-3.8,,,,,,,2.07,2.1,
滨州,ecmwf_ifs025,2025-12-09,3,2025-12-12,2.1,-1.2,-3.6,,,,,,,2.18,2.7,
滨州,ecmwf_ifs025,2025-12-08,4,2025-12-12,2.0,-1.1,-3.6,,,,,,,2.41,4.2,
滨州,ecmwf_ifs025,2025-12-07,5,2025-12-12,1.8,-1.3,-3.4,,,,,,,1.77,3.0,
滨州,ecmwf_ifs025,2025-12-06,6,2025-12-12,3.1,-1.6,-3.0,,,,,,,2.52,3.6,
滨州,ecmwf_ifs025,2025-12-05,7,2025-12-12,3.8,-0.7,-1.3,,,,,,,1.02,9.3,
滨州,gfs_seamless,2025-12-11,1,2025-12-12,2.8,-1.2,-4.2,-5.3,,59.0,12.1,,,4.44,1.2,0.6
滨州,gfs_seamless,2025-12-10,2,2025-12-12,2.7,-1.1,-4.3,-5.3,,59.2,12.7,,,3.94,0.4,0.1
滨州,gfs_seamless,2025-12-09,3,2025-12-12,3.5,-1.9,-4.0,-6.0,,53.5,11.6,,,4.88,0.2,0.1
滨州,gfs_seamless,2025-12-08,4,2025-12-12,3.4,-2.0,-4.2,-6.5,,53.7,13.3,,,5.67,0.5,0.3
滨州,gfs_seamless,2025-12-07,5,2025-12-12,3.5,-1.5,-4.1,-5.8,,52.7,12.7,,,6.67,0.0,0.0
滨州,gfs_seamless,2025-12-06,6,2025-12-12,4.8,0.8,-2.6,-3.4,,51.1,15.1,,,4.83,0.0,0.0
滨州,gfs_seamless,2025-12-05,7,2025-12-12,9.3,1.3,-0.1,-3.2,,58.3,17.0,,,4.24,0.0,0.0
滨州,ecmwf_ifs025,2025-12-12,1,2025-12-13,0.4,-4.0,-6.3,,,,,,,5.11,0.3,
滨州,ecmwf_ifs025,2025-12-11,2,2025-12-13,1.4,-4.0,-6.1,,,,,,,6.66,0.6,
滨州,ecmwf_ifs025,2025-12-10,3,2025-12-13,1.5,-3.9,-5.9,,,,,,,7.93,0.9,
滨州,ecmwf_ifs025,2025-12-09,4,2025-12-13,0.1,-5.8,-6.3,,,,,,,7.79,0.3,
滨州,ecmwf_ifs025,2025-12-08,5,2025-12-13,0.1,-5.0,-6.3,,,,,,,6.51,0.9,
滨州,ecmwf_ifs025,2025-12-07,6,2025-12-13,-1.1,-7.1,-7.3,,,,,,,7.96,2.7,
滨州,ecmwf_ifs025,2025-12-06,7,2025-12-13,2.4,-7.1,-6.0,,,,,,,4.63,0.9,
滨州,gfs_seamless,2025-12-12,1,2025-12-13,1.0,-3.7,-5.7,-8.1,,87.1,11.2,,,5.19,1.4,0.6
滨州,gfs_seamless,2025-12-11,2,2025-12-13,1.1,-3.2,-5.5,-7.5,,85.8,11.4,,,5.5,0.9,0.4
滨州,gfs_seamless,2025-12-10,3,2025-12-13,1.1,-2.3,-4.7,-6.2,,81.8,10.5,,,4.85,1.4,0.6
滨州,gfs_seamless,2025-12-09,4,2025-12-13,2.0,-2.8,-3.7,-6.3,,80.1,8.9,,,4.36,2.2,1.1
滨州,gfs_seamless,2025-12-08,5,2025-12-13,4.2,-0.9,-2.6,-4.0,,62.5,8.5,,,6.55,0.1,0.0
滨州,gfs_seamless,2025-12-07,6,2025-12-13,1.9,-1.1,-3.4,-4.3,,86.0,8.9,,,4.74,0.7,0.3
滨州,gfs_seamless,2025-12-06,7,2025-12-13,4.4,-1.0,-2.4,-4.6,,90.2,10.3,,,3.64,1.6,0.4
滨州,ecmwf_ifs025,2025-12-13,1,2025-12-14,6.0,-5.4,-5.8,,,,,,,9.17,0.0,
滨州,ecmwf_ifs025,2025-12-12,2,2025-12-14,4.6,-5.3,-6.7,,,,,,,9.31,0.0,
滨州,ecmwf_ifs025,2025-12-11,3,2025-12-14,5.4,-5.3,-6.2,,,,,,,9.39,0.0,
滨州,ecmwf_ifs025,2025-12-10,4,2025-12-14,5.4,-9.5,-7.7,,,,,,,9.32,0.0,
滨州,ecmwf_ifs025,2025-12-09,5,2025-12-14,2.2,-8.7,-8.0,,,,,,,9.38,0.0,
滨州,ecmwf_ifs025,2025-12-08,6,2025-12-14,0.3,-9.5,-9.6,,,,,,,8.44,0.0,
滨州,ecmwf_ifs025,2025-12-07,7,2025-12-14,-5.2,-11.1,-12.2,,,,,,,8.73,0.0,
滨州,gfs_seamless,2025-12-13,1,2025-12-14,5.6,-5.0,-5.2,-10.1,,65.1,13.0,,,9.89,0.0,0.0
滨州,gfs_seamless,2025-12-12,2,2025-12-14,5.3,-4.3,-5.2,-9.5,,68.3,13.9,,,9.69,0.0,0.0
滨州,gfs_seamless,2025-12-11,3,2025-12-14,6.4,-4.3,-4.8,-9.2,,58.3,12.9,,,9.71,0.0,0.0
滨州,gfs_seamless,2025-12-10,4,2025-12-14,6.3,-4.2,-4.5,-8.7,,58.8,11.4,,,9.69,0.0,0.0
滨州,gfs_seamless,2025-12-09,5,2025-12-14,5.6,-4.4,-5.0,-9.5,,65.9,13.6,,,9.54,0.0,0.0
滨州,gfs_seamless,2025-12-08,6,2025-12-14,5.7,-3.4,-4.6,-8.1,,64.9,12.9,,,9.41,0.0,0.0
滨州,gfs_seamless,2025-12-07,7,2025-12-14,4.1,-4.8,-5.7,-9.8,,61.8,12.8,,,9.53,0.0,0.0
滨州,ecmwf_ifs025,2025-12-14,1,2025-12-15,8.5,-3.8,-3.0,,,,,,,8.87,0.0,
滨州,ecmwf_ifs025,2025-12-13,2,2025-12-15,8.9,-5.3,-3.2,,,,,,,8.92,0.0,
滨州,ecmwf_ifs025,2025-12-12,3,2025-12-15,7.9,-3.6,-3.6,,,,,,,9.09,0.0,
滨州,ecmwf_ifs025,2025-12-11,4,2025-12-15,8.3,-4.0,-3.2,,,,,,,8.87,0.0,
滨州,ecmwf_ifs025,2025-12-10,5,2025-12-15,9.0,-7.5,-4.3,,,,,,,8.07,0.0,
滨州,ecmwf_ifs025,2025-12-09,6,2025-12-15,8.3,-7.5,-4.8,,,,,,,8.24,0.0,
滨州,ecmwf_ifs025,2025-12-08,7,2025-12-15,4.6,-7.1,-6.2,,,,,,,8.15,0.0,
滨州,gfs_seamless,2025-12-14,1,2025-12-15,8.1,-1.1,-1.3,-4.0,,61.0,7.9,,,8.72,0.0,0.0
滨州,gfs_seamless,2025-12-13,2,2025-12-15,8.6,-1.4,-1.2,-4.2,,58.3,7.4,,,8.32,0.0,0.0
滨州,gfs_seamless,2025-12-12,3,2025-12-15,8.7,-1.4,-1.2,-4.5,,58.4,8.3,,,9.66,0.0,0.0
滨州,gfs_seamless,2025-12-11,4,2025-12-15,10.1,-1.7,-0.9,-4.9,,49.5,8.4,,,9.21,0.0,0.0
滨州,gfs_seamless,2025-12-10,5,2025-12-15,10.0,-2.5,-1.6,-5.9,,46.3,8.6,,,9.29,0.0,0.0
滨州,gfs_seamless,2025-12-09,6,2025-12-15,7.6,-3.4,-3.2,-7.0,,46.8,8.7,,,9.11,0.0,0.0
滨州,gfs_seamless,2025-12-08,7,2025-12-15,7.0,-3.8,-3.9,-7.8,,47.8,9.7,,,8.92,0.0,0.0
滨州,ecmwf_ifs025,2025-12-15,1,2025-12-16,8.1,-2.2,-2.0,,,,,,,8.31,0.0,
滨州,ecmwf_ifs025,2025-12-14,2,2025-12-16,7.0,-2.2,-3.0,,,,,,,8.27,0.0,
滨州,ecmwf_ifs025,2025-12-13,3,2025-12-16,7.6,-3.6,-2.8,,,,,,,8.39,0.0,
滨州,ecmwf_ifs025,2025-12-12,4,2025-12-16,7.4,-2.8,-3.0,,,,,,,8.9,0.0,
滨州,ecmwf_ifs025,2025-12-11,5,2025-12-16,7.4,-3.5,-3.1,,,,,,,8.92,0.0,
滨州,ecmwf_ifs025,2025-12-10,6,2025-12-16,5.5,-3.4,-4.5,,,,,,,8.09,0.0,
滨州,ecmwf_ifs025,2025-12-09,7,2025-12-16,5.5,-4.1,-4.8,,,,,,,8.09,0.0,
滨州,gfs_seamless,2025-12-15,1,2025-12-16,7.3,-0.0,-1.5,-3.8,,76.5,11.8,,,7.18,0.0,0.0
滨州,gfs_seamless,2025-12-14,2,2025-12-16,7.3,-0.1,-1.9,-4.0,,71.0,12.5,,,7.66,0.0,0.0
滨州,gfs_seamless,2025-12-13,3,2025-12-16,7.9,-0.5,-1.5,-4.5,,71.6,12.3,,,8.39,0.0,0.0
滨州,gfs_seamless,2025-12-12,4,2025-12-16,9.0,0.2,-1.3,-4.0,,66.5,14.0,,,9.09,0.0,0.0
滨州,gfs_seamless,2025-12-11,5,2025-12-16,8.7,0.3,-0.6,-3.1,,55.5,10.6,,,9.35,0.0,0.0
滨州,gfs_seamless,2025-12-10,6,2025-12-16,10.1,0.6,-0.3,-2.7,,46.8,10.5,,,9.44,0.0,0.0
滨州,gfs_seamless,2025-12-09,7,2025-12-16,9.1,-1.4,-1.2,-4.4,,44.6,8.0,,,8.0,0.0,0.0
滨州,ecmwf_ifs025,2025-12-16,1,2025-12-17,6.3,-3.3,-3.1,-5.7,,75.5,5.7,,0.0,,,
滨州,ecmwf_ifs025,2025-12-15,2,2025-12-17,5.8,-3.6,-3.5,-5.9,,74.8,5.5,,0.1,,,
滨州,ecmwf_ifs025,2025-12-14,3,2025-12-17,5.5,-2.9,-3.4,-5.1,,72.2,5.5,,1.6,,,
滨州,ecmwf_ifs025,2025-12-13,4,2025-12-17,4.9,-3.2,-3.6,,,69.5,4.6,,0.0,,,
滨州,ecmwf_ifs025,2025-12-12,5,2025-12-17,5.6,-3.2,-3.8,-5.6,,71.6,5.8,,0.0,,,
滨州,ecmwf_ifs025,2025-12-11,6,2025-12-17,5.8,-3.5,-3.8,-5.9,,72.9,5.7,,0.0,,,
滨州,ecmwf_ifs025,2025-12-10,7,2025-12-17,5.6,-3.4,-3.8,-5.4,,71.5,4.9,,0.0,,,
滨州,gfs_seamless,2025-12-16,1,2025-12-17,7.4,-0.9,-1.5,,,,,,,,,0.0
滨州,gfs_seamless,2025-12-15,2,2025-12-17,6.1,-1.0,-1.9,,,,,,,,,0.0
滨州,gfs_seamless,2025-12-14,3,2025-12-17,5.5,-1.3,-2.3,,,,,,,,,0.0
滨州,gfs_seamless,2025-12-13,4,2025-12-17,5.1,-1.4,-2.7,,,,,,,,,0.0
滨州,gfs_seamless,2025-12-12,5,2025-12-17,6.3,-0.3,-1.7,,,,,,,,,0.0
滨州,gfs_seamless,2025-12-11,6,2025-12-17,8.3,0.4,-0.4,,,,,,,,,0.0
滨州,gfs_seamless,2025-12-10,7,2025-12-17,10.3,0.9,0.5,,,,,,,,,0.0
滨州,jma_seamless,2025-12-16,1,2025-12-17,7.7,0.0,-0.8,,,,,,,,0.0,0.0
滨州,jma_seamless,2025-12-15,2,2025-12-17,7.9,-0.1,-0.9,,,,,,,,0.0,0.0
滨州,jma_seamless,2025-12-14,3,2025-12-17,8.1,-0.8,-1.0,,,,,,,,0.0,0.0
滨州,jma_seamless,2025-12-13,4,2025-12-17,7.7,-0.3,-0.6,,,,,,,,0.0,0.0
滨州,jma_seamless,2025-12-12,5,2025-12-17,8.8,-0.4,-0.2,,,,,,,,0.0,0.0
滨州,jma_seamless,2025-12-11,6,2025-12-17,9.0,0.3,0.1,,,,,,,,0.0,0.0
滨州,jma_seamless,2025-12-10,7,2025-12-17,8.3,-0.4,-0.4,,,,,,,,0.0,0.0
滨州,ecmwf_ifs025,2025-12-17,1,2025-12-18,10.9,-2.0,-0.6,-6.0,,54.7,11.2,,8.0,,,
滨州,ecmwf_ifs025,2025-12-16,2,2025-12-18,10.5,-2.6,-1.1,-6.7,,53.3,11.0,,9.0,,,
滨州,ecmwf_ifs025,2025-12-15,3,2025-12-18,9.9,-2.7,-1.6,-6.5,,51.4,9.9,,11.6,,,
滨州,ecmwf_ifs025,2025-12-14,4,2025-12-18,8.9,-3.5,-2.4,-7.0,,55.0,8.5,,31.5,,,
滨州,ecmwf_ifs025,2025-12-13,5,2025-12-18,8.7,-4.0,-2.7,-7.8,,52.6,9.2,,14.2,,,
滨州,ecmwf_ifs025,2025-12-12,6,2025-12-18,8.4,-3.6,-2.9,-7.2,,59.0,8.8,,21.5,,,
滨州,ecmwf_ifs025,2025-12-11,7,2025-12-18,9.7,-3.7,-1.9,-6.9,,57.0,7.4,,27.0,,,
滨州,gfs_seamless,2025-12-17,1,2025-12-18,11.1,0.5,0.3,,,,,,,,,0.0
滨州,gfs_seamless,2025-12-16,2,2025-12-18,11.3,0.5,0.3,,,,,,,,,0.0
滨州,gfs_seamless,2025-12-15,3,2025-12-18,10.4,0.4,0.1,,,,,,,,,0.0
滨州,gfs_seamless,2025-12-14,4,2025-12-18,9.7,-0.2,-0.2,,,,,,,,,0.0
滨州,gfs_seamless,2025-12-13,5,2025-12-18,9.5,-0.8,-1.0,,,,,,,,,0.0
滨州,gfs_seamless,2025-12-12,6,2025-12-18,9.9,0.1,-0.4,,,,,,,,,0.0
滨州,gfs_seamless,2025-12-11,7,2025-12-18,12.1,0.8,1.5,,,,,,,,,0.0
滨州,jma_seamless,2025-12-17,1,2025-12-18,10.5,-0.9,0.4,,,,,,,,0.0,0.0
滨州,jma_seamless,2025-12-16,2,2025-12-18,10.6,-0.8,0.2,,,,,,,,0.0,0.0
滨州,jma_seamless,2025-12-15,3,2025-12-18,11.1,-0.9,0.4,,,,,,,,0.0,0.0
滨州,jma_seamless,2025-12-14,4,2025-12-18,11.6,-0.4,1.2,,,,,,,,0.0,0.0
滨州,jma_seamless,2025-12-13,5,2025-12-18,11.1,-1.2,0.8,,,,,,,,0.0,0.0
滨州,jma_seamless,2025-12-12,6,2025-12-18,11.7,-0.9,1.0,,,,,,,,0.0,0.0
滨州,jma_seamless,2025-12-11,7,2025-12-18,12.0,-1.5,0.8,,,,,,,,0.0,0.0
滨州,ecmwf_ifs025,2025-12-18,1,2025-12-19,11.5,2.9,2.5,0.4,,72.7,9.1,,71.6,,,
滨州,ecmwf_ifs025,2025-12-17,2,2025-12-19,11.6,1.7,2.4,-1.1,,71.0,9.2,,63.6,,,
滨州,ecmwf_ifs025,2025-12-16,3,2025-12-19,12.1,1.4,2.2,-1.4,,73.0,8.9,,71.2,,,
滨州,ecmwf_ifs025,2025-12-15,4,2025-12-19,12.5,1.4,2.1,-1.0,,71.5,7.7,,64.2,,,
滨州,ecmwf_ifs025,2025-12-14,5,2025-12-19,10.6,1.1,1.4,-0.9,,74.8,6.5,,71.0,,,
滨州,ecmwf_ifs025,2025-12-13,6,2025-12-19,12.6,0.0,1.0,-3.0,,70.9,9.0,,47.9,,,
滨州,ecmwf_ifs025,2025-12-12,7,2025-12-19,8.1,-0.3,0.3,-2.2,,78.0,5.5,,56.7,,,
滨州,gfs_seamless,2025-12-18,1,2025-12-19,12.6,3.9,2.9,,,,,,,,,0.0
滨州,gfs_seamless,2025-12-17,2,2025-12-19,13.2,4.3,3.2,,,,,,,,,0.0
滨州,gfs_seamless,2025-12-16,3,2025-12-19,11.7,3.6,2.7,,,,,,,,,0.0
滨州,gfs_seamless,2025-12-15,4,2025-12-19,10.3,3.6,2.0,,,,,,,,,0.0
滨州,gfs_seamless,2025-12-14,5,2025-12-19,11.4,3.0,2.0,,,,,,,,,0.0
滨州,gfs_seamless,2025-12-13,6,2025-12-19,12.3,2.1,2.3,,,,,,,,,0.0
滨州,gfs_seamless,2025-12-12,7,2025-12-19,13.2,2.4,2.9,,,,,,,,,0.0
滨州,jma_seamless,2025-12-18,1,2025-12-19,15.8,3.6,5.5,,,,,,,,0.0,0.0
滨州,jma_seamless,2025-12-17,2,2025-12-19,15.0,3.0,4.6,,,,,,,,0.0,0.0
滨州,jma_seamless,2025-12-16,3,2025-12-19,14.4,2.5,4.1,,,,,,,,0.0,0.0
滨州,jma_seamless,2025-12-15,4,2025-12-19,14.9,3.2,4.4,,,,,,,,0.0,0.0
滨州,jma_seamless,2025-12-14,5,2025-12-19,16.1,3.7,5.7,,,,,,,,0.0,0.0
滨州,jma_seamless,2025-12-13,6,2025-12-19,14.1,2.9,4.8,,,,,,,,0.0,0.0
滨州,jma_seamless,2025-12-12,7,2025-12-19,14.2,1.9,3.8,,,,,,,,0.0,0.0
滨州,ecmwf_ifs025,2025-12-19,1,2025-12-20,5.5,-3.3,-3.1,-7.9,,36.6,12.6,,66.8,,,
滨州,ecmwf_ifs025,2025-12-18,2,2025-12-20,6.1,-2.2,-2.6,-6.8,,34.4,13.4,,86.5,,,
滨州,ecmwf_ifs025,2025-12-17,3,2025-12-20,7.2,-2.1,-1.4,-6.2,,50.2,11.3,,82.9,,,
滨州,ecmwf_ifs025,2025-12-16,4,2025-12-20,7.3,-1.8,-1.7,-5.5,,52.1,10.1,,80.4,,,
滨州,ecmwf_ifs025,2025-12-15,5,2025-12-20,7.3,-1.6,-1.3,-5.4,,59.3,10.6,,73.8,,,
滨州,ecmwf_ifs025,2025-12-14,6,2025-12-20,6.5,-1.7,-1.8,-4.3,,71.5,6.7,,85.5,,,
滨州,ecmwf_ifs025,2025-12-13,7,2025-12-20,4.1,0.9,-1.8,-2.6,,62.0,11.3,,92.1,,,
滨州,gfs_seamless,2025-12-19,1,2025-12-20,6.4,-0.6,-1.6,,,,,,,,,0.0
滨州,gfs_seamless,2025-12-18,2,2025-12-20,5.4,-1.0,-2.4,,,,,,,,,0.0
滨州,gfs_seamless,2025-12-17,3,2025-12-20,6.2,0.3,-1.4,,,,,,,,,0.0
滨州,gfs_seamless,2025-12-16,4,2025-12-20,5.2,0.3,-3.1,,,,,,,,,0.0
滨州,gfs_seamless,2025-12-15,5,2025-12-20,5.7,-0.1,-1.5,,,,,,,,,0.0
滨州,gfs_seamless,2025-12-14,6,2025-12-20,7.4,1.3,0.3,,,,,,,,,0.0
滨州,gfs_seamless,2025-12-13,7,2025-12-20,7.7,1.2,-0.6,,,,,,,,,0.0
滨州,jma_seamless,2025-12-19,1,2025-12-20,9.4,2.3,1.5,,,,,,,,0.0,0.0
滨州,jma_seamless,2025-12-18,2,2025-12-20,9.5,3.4,1.4,,,,,,,,0.0,0.0
滨州,jma_seamless,2025-12-17,3,2025-12-20,11.0,3.8,2.0,,,,,,,,0.0,0.0
滨州,jma_seamless,2025-12-16,4,2025-12-20,8.7,1.9,0.5,,,,,,,,0.0,0.0
滨州,jma_seamless,2025-12-15,5,2025-12-20,10.0,2.2,1.4,,,,,,,,0.0,0.0
滨州,jma_seamless,2025-12-14,6,2025-12-20,8.6,4.2,1.6,,,,,,,,0.0,0.0
滨州,jma_seamless,2025-12-13,7,2025-12-20,11.4,2.9,1.7,,,,,,,,0.0,0.0
滨州,ecmwf_ifs025,2025-12-20,1,2025-12-21,3.5,-4.9,-6.1,-8.0,,38.8,6.8,,0.0,,,
滨州,ecmwf_ifs025,2025-12-19,2,2025-12-21,3.9,-4.4,-6.0,-7.2,,36.3,6.3,,5.0,,,
滨州,ecmwf_ifs025,2025-12-18,3,2025-12-21,4.0,-4.0,-5.6,-6.8,,39.0,6.5,,0.1,,,
滨州,ecmwf_ifs025,2025-12-17,4,2025-12-21,3.6,-3.9,-5.5,-6.7,,41.2,6.4,,0.0,,,
滨州,ecmwf_ifs025,2025-12-16,5,2025-12-21,4.8,-3.0,-4.7,-6.2,,45.9,7.9,,9.5,,,
滨州,ecmwf_ifs025,2025-12-15,6,2025-12-21,1.8,-2.2,-5.4,-5.6,,50.1,9.0,,57.5,,,
滨州,ecmwf_ifs025,2025-12-14,7,2025-12-21,5.1,-3.0,-3.4,-7.0,,67.1,10.2,,62.7,,,
滨州,gfs_seamless,2025-12-20,1,2025-12-21,3.9,-3.3,-5.2,,,,,,,,,0.0
滨州,gfs_seamless,2025-12-19,2,2025-12-21,3.8,-4.0,-5.2,,,,,,,,,0.0
滨州,gfs_seamless,2025-12-18,3,2025-12-21,4.2,-3.7,-4.9,,,,,,,,,0.0
滨州,gfs_seamless,2025-12-17,4,2025-12-21,3.7,-4.0,-5.3,,,,,,,,,0.0
滨州,gfs_seamless,2025-12-16,5,2025-12-21,4.3,-3.4,-5.2,,,,,,,,,0.0
滨州,gfs_seamless,2025-12-15,6,2025-12-21,3.3,-3.7,-6.2,,,,,,,,,0.0
滨州,gfs_seamless,2025-12-14,7,2025-12-21,1.9,-5.2,-6.2,,,,,,,,,0.0
滨州,jma_seamless,2025-12-20,1,2025-12-21,5.2,-1.9,-3.4,,,,,,,,0.0,0.0
滨州,jma_seamless,2025-12-19,2,2025-12-21,4.8,-1.8,-3.6,,,,,,,,0.0,0.0
滨州,jma_seamless,2025-12-18,3,2025-12-21,5.3,-1.5,-3.3,,,,,,,,0.0,0.0
滨州,jma_seamless,2025-12-17,4,2025-12-21,5.7,-1.8,-3.4,,,,,,,,0.0,0.0
滨州,jma_seamless,2025-12-16,5,2025-12-21,6.4,-1.3,-2.7,,,,,,,,0.0,0.0
滨州,jma_seamless,2025-12-15,6,2025-12-21,7.1,0.9,-0.7,,,,,,,,0.0,0.0
滨州,jma_seamless,2025-12-14,7,2025-12-21,5.6,-0.2,-1.9,,,,,,,,0.0,0.0
滨州,ecmwf_ifs025,2025-12-21,1,2025-12-22,7.2,-2.4,-1.9,-6.3,,39.0,10.5,,74.6,,,
滨州,ecmwf_ifs025,2025-12-20,2,2025-12-22,6.0,-2.7,-2.7,-6.1,,42.0,8.7,,89.2,,,
滨州,ecmwf_ifs025,2025-12-19,3,2025-12-22,5.5,-3.0,-2.9,-6.8,,43.2,9.5,,92.8,,,
滨州,ecmwf_ifs025,2025-12-18,4,2025-12-22,6.2,-3.3,-2.6,-6.8,,41.2,8.4,,77.3,,,
滨州,ecmwf_ifs025,2025-12-17,5,2025-12-22,6.8,-3.2,-2.8,-6.8,,41.4,8.8,,58.5,,,
滨州,ecmwf_ifs025,2025-12-16,6,2025-12-22,7.9,-3.2,-2.3,-7.2,,56.2,10.2,,78.3,,,
滨州,ecmwf_ifs025,2025-12-15,7,2025-12-22,4.1,-4.1,-4.5,-6.7,,55.1,5.9,,72.7,,,
滨州,gfs_seamless,2025-12-21,1,2025-12-22,7.7,-2.5,-2.4,,,,,,,,,0.0
滨州,gfs_seamless,2025-12-20,2,2025-12-22,8.0,-2.6,-2.9,,,,,,,,,0.0
滨州,gfs_seamless,2025-12-19,3,2025-12-22,6.7,-1.9,-3.0,,,,,,,,,0.0
滨州,gfs_seamless,2025-12-18,4,2025-12-22,7.6,-2.9,-2.6,,,,,,,,,0.0
滨州,gfs_seamless,2025-12-17,5,2025-12-22,5.4,-3.6,-4.4,,,,,,,,,0.0
滨州,gfs_seamless,2025-12-16,6,2025-12-22,6.2,-3.9,-4.3,,,,,,,,,0.0
滨州,gfs_seamless,2025-12-15,7,2025-12-22,3.2,-5.4,-5.6,,,,,,,,,0.0
滨州,jma_seamless,2025-12-21,1,2025-12-22,8.4,-1.1,-0.0,,,,,,,,0.3,0.0
滨州,jma_seamless,2025-12-20,2,2025-12-22,8.2,-2.3,-0.4,,,,,,,,0.3,0.0
滨州,jma_seamless,2025-12-19,3,2025-12-22,8.2,-1.1,-0.2,,,,,,,,0.0,0.0
滨州,jma_seamless,2025-12-18,4,2025-12-22,8.3,-0.3,0.4,,,,,,,,0.0,0.0
滨州,jma_seamless,2025-12-17,5,2025-12-22,9.5,0.3,1.5,,,,,,,,1.5,0.0
滨州,jma_seamless,2025-12-16,6,2025-12-22,9.8,2.8,2.9,,,,,,,,0.9,0.0
滨州,jma_seamless,2025-12-15,7,2025-12-22,7.6,0.8,1.7,,,,,,,,1.8,0.0
滨州,ecmwf_ifs025,2025-12-22,1,2025-12-23,6.4,-0.8,-1.0,-4.6,,68.9,11.1,,54.2,,,
滨州,ecmwf_ifs025,2025-12-21,2,2025-12-23,3.9,-1.0,-1.3,-4.2,,81.0,8.8,,66.8,,,
滨州,ecmwf_ifs025,2025-12-20,3,2025-12-23,3.5,-0.8,-1.8,-4.1,,76.3,9.4,,66.7,,,
滨州,ecmwf_ifs025,2025-12-19,4,2025-12-23,4.5,-1.1,-1.6,-4.3,,84.4,8.7,,65.0,,,
滨州,ecmwf_ifs025,2025-12-18,5,2025-12-23,8.5,-0.3,-0.3,-4.1,,64.5,11.8,,40.0,,,
滨州,ecmwf_ifs025,2025-12-17,6,2025-12-23,7.8,-0.9,-0.7,-4.6,,62.1,10.8,,29.7,,,
滨州,ecmwf_ifs025,2025-12-16,7,2025-12-23,7.6,0.4,0.2,-2.0,,73.8,7.3,,74.2,,,
滨州,gfs_seamless,2025-12-22,1,2025-12-23,5.1,0.1,-1.1,,,,,,,,,0.2
滨州,gfs_seamless,2025-12-21,2,2025-12-23,3.3,-0.0,-1.6,,,,,,,,,1.5
滨州,gfs_seamless,2025-12-20,3,2025-12-23,3.0,-0.8,-1.8,,,,,,,,,0.0
滨州,gfs_seamless,2025-12-19,4,2025-12-23,3.7,-0.4,-1.5,,,,,,,,,0.1
滨州,gfs_seamless,2025-12-18,5,2025-12-23,3.6,0.6,-1.5,,,,,,,,,0.0
滨州,gfs_seamless,2025-12-17,6,2025-12-23,7.1,-0.4,-3.6,,,,,,,,,0.1
滨州,gfs_seamless,2025-12-16,7,2025-12-23,8.1,-2.4,-1.3,,,,,,,,,0.0
滨州,jma_seamless,2025-12-22,1,2025-12-23,8.3,2.3,2.6,,,,,,,,5.1,0.0
滨州,jma_seamless,2025-12-21,2,2025-12-23,8.4,2.8,3.2,,,,,,,,5.7,0.0
滨州,jma_seamless,2025-12-20,3,2025-12-23,8.6,3.6,3.5,,,,,,,,6.0,0.0
滨州,jma_seamless,2025-12-19,4,2025-12-23,8.8,3.6,3.8,,,,,,,,6.0,0.0
滨州,jma_seamless,2025-12-18,5,2025-12-23,11.4,4.5,5.5,,,,,,,,5.1,0.0
滨州,jma_seamless,2025-12-17,6,2025-12-23,10.2,5.5,5.1,,,,,,,,7.5,0.0
滨州,jma_seamless,2025-12-16,7,2025-12-23,9.5,6.4,5.1,,,,,,,,1.8,0.0
滨州,ecmwf_ifs025,2025-12-23,1,2025-12-24,6.2,-2.7,-3.2,-5.6,,63.8,7.2,,0.0,,,
滨州,ecmwf_ifs025,2025-12-22,2,2025-12-24,5.2,-2.9,-3.3,-5.4,,67.5,6.1,,0.2,,,
滨州,ecmwf_ifs025,2025-12-21,3,2025-12-24,5.0,-3.4,-3.6,-5.8,,67.1,5.8,,0.4,,,
滨州,ecmwf_ifs025,2025-12-20,4,2025-12-24,4.4,-3.3,-4.2,-5.7,,64.6,5.8,,0.0,,,
滨州,ecmwf_ifs025,2025-12-19,5,2025-12-24,4.0,-3.1,-4.1,-5.5,,59.3,5.8,,0.0,,,
滨州,ecmwf_ifs025,2025-12-18,6,2025-12-24,3.9,-4.1,-5.2,-6.2,,54.1,5.0,,2.9,,,
滨州,ecmwf_ifs025,2025-12-17,7,2025-12-24,5.7,-3.1,-3.7,-6.0,,58.0,6.9,,2.1,,,
滨州,gfs_seamless,2025-12-23,1,2025-12-24,5.1,-1.5,-3.0,,,,,,,,,0.0
滨州,gfs_seamless,2025-12-22,2,2025-12-24,5.1,-1.7,-3.1,,,,,,,,,0.0
滨州,gfs_seamless,2025-12-21,3,2025-12-24,5.4,-2.5,-3.6,,,,,,,,,0.0
滨州,gfs_seamless,2025-12-20,4,2025-12-24,5.3,-1.8,-3.0,,,,,,,,,0.0
滨州,gfs_seamless,2025-12-19,5,2025-12-24,4.3,-3.0,-4.1,,,,,,,,,0.0
滨州,gfs_seamless,2025-12-18,6,2025-12-24,3.7,-2.1,-4.9,,,,,,,,,0.0
滨州,gfs_seamless,2025-12-17,7,2025-12-24,3.1,-5.2,-4.8,,,,,,,,,0.0
滨州,jma_seamless,2025-12-23,1,2025-12-24,6.7,-0.7,-1.8,,,,,,,,0.0,0.0
滨州,jma_seamless,2025-12-22,2,2025-12-24,6.4,-1.1,-2.1,,,,,,,,0.0,0.0
滨州,jma_seamless,2025-12-21,3,2025-12-24,7.0,-1.2,-1.6,,,,,,,,0.0,0.0
滨州,jma_seamless,2025-12-20,4,2025-12-24,6.7,-0.8,-1.6,,,,,,,,0.0,0.0
滨州,jma_seamless,2025-12-19,5,2025-12-24,7.2,-0.4,-0.9,,,,,,,,0.0,0.0
滨州,jma_seamless,2025-12-18,6,2025-12-24,7.9,0.2,-0.2,,,,,,,,0.0,0.0
滨州,jma_seamless,2025-12-17,7,2025-12-24,9.8,-0.1,1.2,,,,,,,,0.0,0.0
滨州,ecmwf_ifs025,2025-12-24,1,2025-12-25,-0.0,-4.9,-8.2,-10.0,,33.8,13.1,,0.0,,,
滨州,ecmwf_ifs025,2025-12-23,2,2025-12-25,-0.0,-4.6,-8.2,-9.7,,33.9,13.4,,0.0,,,
滨州,ecmwf_ifs025,2025-12-22,3,2025-12-25,0.0,-4.7,-7.8,-9.8,,36.8,13.3,,0.0,,,
滨州,ecmwf_ifs025,2025-12-21,4,2025-12-25,2.1,-4.8,-6.8,-8.6,,52.4,8.5,,0.0,,,
滨州,ecmwf_ifs025,2025-12-20,5,2025-12-25,2.9,-4.1,-6.5,-7.8,,54.4,8.7,,0.0,,,
滨州,ecmwf_ifs025,2025-12-19,6,2025-12-25,6.0,-4.9,-5.5,-8.1,,52.8,6.9,,0.0,,,
滨州,ecmwf_ifs025,2025-12-18,7,2025-12-25,6.8,-4.0,-4.7,-6.8,,48.2,6.4,,0.0,,,
滨州,gfs_seamless,2025-12-24,1,2025-12-25,1.5,-3.7,-7.1,,,,,,,,,0.0
滨州,gfs_seamless,2025-12-23,2,2025-12-25,1.3,-4.3,-7.3,,,,,,,,,0.0
滨州,gfs_seamless,2025-12-22,3,2025-12-25,1.3,-4.4,-7.1,,,,,,,,,0.0
滨州,gfs_seamless,2025-12-21,4,2025-12-25,2.1,-3.8,-5.9,,,,,,,,,0.0
滨州,gfs_seamless,2025-12-20,5,2025-12-25,4.7,-2.6,-4.5,,,,,,,,,0.0
滨州,gfs_seamless,2025-12-19,6,2025-12-25,6.1,-2.6,-3.3,,,,,,,,,0.0
滨州,gfs_seamless,2025-12-18,7,2025-12-25,4.8,-3.4,-4.3,,,,,,,,,0.0
滨州,jma_seamless,2025-12-24,1,2025-12-25,3.3,-2.6,-4.9,,,,,,,,0.0,0.0
滨州,jma_seamless,2025-12-23,2,2025-12-25,3.2,-2.6,-5.2,,,,,,,,0.0,0.0
滨州,jma_seamless,2025-12-22,3,2025-12-25,3.2,-2.5,-5.1,,,,,,,,0.0,0.0
滨州,jma_seamless,2025-12-21,4,2025-12-25,3.5,-2.5,-4.8,,,,,,,,0.0,0.0
滨州,jma_seamless,2025-12-20,5,2025-12-25,4.0,-2.0,-4.5,,,,,,,,0.0,0.0
滨州,jma_seamless,2025-12-19,6,2025-12-25,8.0,-2.5,-2.4,,,,,,,,0.0,0.0
滨州,jma_seamless,2025-12-18,7,2025-12-25,7.5,-2.0,-1.5,,,,,,,,0.0,0.0
滨州,ecmwf_ifs025,2025-12-25,1,2025-12-26,5.0,-5.2,-5.8,-9.3,,36.3,9.2,,46.4,,,
滨州,ecmwf_ifs025,2025-12-24,2,2025-12-26,4.7,-4.7,-6.0,-8.6,,29.3,8.9,,58.3,,,
滨州,ecmwf_ifs025,2025-12-23,3,2025-12-26,4.5,-5.0,-6.1,-8.8,,28.7,8.5,,58.2,,,
滨州,ecmwf_ifs025,2025-12-22,4,2025-12-26,3.9,-5.1,-6.5,-9.0,,30.2,8.7,,58.2,,,
滨州,ecmwf_ifs025,2025-12-21,5,2025-12-26,5.5,-4.3,-5.2,-8.4,,32.0,9.7,,58.2,,,
滨州,ecmwf_ifs025,2025-12-20,6,2025-12-26,2.6,-5.3,-6.3,-9.1,,47.0,8.3,,52.1,,,
滨州,ecmwf_ifs025,2025-12-19,7,2025-12-26,7.1,-3.1,-4.0,-6.4,,60.0,8.0,,53.0,,,
滨州,gfs_seamless,2025-12-25,1,2025-12-26,4.1,-3.9,-5.2,,,,,,,,,0.0
滨州,gfs_seamless,2025-12-24,2,2025-12-26,3.9,-3.8,-4.9,,,,,,,,,0.0
滨州,gfs_seamless,2025-12-23,3,2025-12-26,3.2,-4.2,-5.6,,,,,,,,,0.0
滨州,gfs_seamless,2025-12-22,4,2025-12-26,4.3,-3.4,-4.8,,,,,,,,,0.0
滨州,gfs_seamless,2025-12-21,5,2025-12-26,6.1,-2.4,-3.6,,,,,,,,,0.0
滨州,gfs_seamless,2025-12-20,6,2025-12-26,7.1,-1.8,-2.7,,,,,,,,,0.0
滨州,gfs_seamless,2025-12-19,7,2025-12-26,7.0,-1.5,-1.6,,,,,,,,,0.0
滨州,jma_seamless,2025-12-25,1,2025-12-26,3.6,-3.3,-4.9,,,,,,,,0.0,0.0
滨州,jma_seamless,2025-12-24,2,2025-12-26,3.7,-3.1,-4.9,,,,,,,,0.0,0.0
滨州,jma_seamless,2025-12-23,3,2025-12-26,2.8,-3.1,-5.2,,,,,,,,0.0,0.0
滨州,jma_seamless,2025-12-22,4,2025-12-26,3.5,-3.5,-5.0,,,,,,,,0.0,0.0
滨州,jma_seamless,2025-12-21,5,2025-12-26,2.4,-3.2,-5.2,,,,,,,,0.0,0.0
滨州,jma_seamless,2025-12-20,6,2025-12-26,2.1,-3.2,-4.9,,,,,,,,0.0,0.0
滨州,jma_seamless,2025-12-19,7,2025-12-26,9.0,-1.5,-1.5,,,,,,,,0.0,0.0
滨州,ecmwf_ifs025,2025-12-26,1,2025-12-27,5.6,-2.4,-3.2,-4.8,,58.2,6.1,,40.0,,,
滨州,ecmwf_ifs025,2025-12-25,2,2025-12-27,5.5,-2.6,-3.4,-4.9,,52.5,5.7,,22.8,,,
滨州,ecmwf_ifs025,2025-12-24,3,2025-12-27,4.9,-3.4,-4.3,-5.7,,50.1,5.5,,19.3,,,
滨州,ecmwf_ifs025,2025-12-23,4,2025-12-27,5.0,-3.0,-4.4,-5.7,,47.8,6.5,,16.8,,,
滨州,ecmwf_ifs025,2025-12-22,5,2025-12-27,4.4,-3.3,-5.0,-6.1,,51.3,6.6,,6.7,,,
滨州,ecmwf_ifs025,2025-12-21,6,2025-12-27,4.8,-3.3,-4.3,-6.0,,53.5,6.4,,29.2,,,
滨州,ecmwf_ifs025,2025-12-20,7,2025-12-27,5.4,-3.7,-4.4,-6.4,,61.9,6.3,,4.6,,,
滨州,gfs_seamless,2025-12-26,1,2025-12-27,6.5,-1.6,-2.8,,,,,,,,,0.0
滨州,gfs_seamless,2025-12-25,2,2025-12-27,6.4,-1.8,-2.6,,,,,,,,,0.0
滨州,gfs_seamless,2025-12-24,3,2025-12-27,6.1,-1.6,-2.8,,,,,,,,,0.0
滨州,gfs_seamless,2025-12-23,4,2025-12-27,5.6,-2.3,-3.3,,,,,,,,,0.0
滨州,gfs_seamless,2025-12-22,5,2025-12-27,6.0,-0.3,-2.3,,,,,,,,,0.0
滨州,gfs_seamless,2025-12-21,6,2025-12-27,8.0,-0.3,-0.9,,,,,,,,,0.0
滨州,gfs_seamless,2025-12-20,7,2025-12-27,7.8,1.0,-0.4,,,,,,,,,0.0
滨州,jma_seamless,2025-12-26,1,2025-12-27,7.2,-1.5,-2.6,,,,,,,,0.0,0.0
滨州,jma_seamless,2025-12-25,2,2025-12-27,7.1,-1.8,-2.8,,,,,,,,0.0,0.0
滨州,jma_seamless,2025-12-24,3,2025-12-27,6.7,-1.7,-3.1,,,,,,,,0.0,0.0
滨州,jma_seamless,2025-12-23,4,2025-12-27,6.3,-1.5,-3.2,,,,,,,,0.0,0.0
滨州,jma_seamless,2025-12-22,5,2025-12-27,6.9,-1.2,-2.7,,,,,,,,0.0,0.0
滨州,jma_seamless,2025-12-21,6,2025-12-27,5.7,-1.6,-3.0,,,,,,,,0.0,0.0
滨州,jma_seamless,2025-12-20,7,2025-12-27,5.4,-2.4,-2.7,,,,,,,,0.0,0.0
滨州,ecmwf_ifs025,2025-12-27,1,2025-12-28,10.2,-2.9,-1.9,-6.3,,76.3,8.4,,8.8,,,
滨州,ecmwf_ifs025,2025-12-26,2,2025-12-28,10.0,-3.3,-2.2,-6.5,,72.8,7.6,,35.2,,,
滨州,ecmwf_ifs025,2025-12-25,3,2025-12-28,9.7,-3.1,-2.1,-6.4,,69.0,8.2,,9.0,,,
滨州,ecmwf_ifs025,2025-12-24,4,2025-12-28,9.2,-3.6,-2.9,-7.1,,66.5,8.3,,10.0,,,
滨州,ecmwf_ifs025,2025-12-23,5,2025-12-28,9.5,-3.4,-2.4,-6.1,,65.2,6.3,,16.9,,,
滨州,ecmwf_ifs025,2025-12-22,6,2025-12-28,8.6,-4.4,-3.5,-8.3,,58.8,9.2,,1.7,,,
滨州,ecmwf_ifs025,2025-12-21,7,2025-12-28,7.8,-3.7,-3.2,-6.7,,61.7,6.9,,2.4,,,
滨州,gfs_seamless,2025-12-27,1,2025-12-28,9.7,-0.1,-0.6,,,,,,,,,0.0
滨州,gfs_seamless,2025-12-26,2,2025-12-28,9.3,-1.0,-1.4,,,,,,,,,0.0
滨州,gfs_seamless,2025-12-25,3,2025-12-28,10.1,-0.9,-1.3,,,,,,,,,0.0
滨州,gfs_seamless,2025-12-24,4,2025-12-28,9.6,-0.8,-1.3,,,,,,,,,0.0
滨州,gfs_seamless,2025-12-23,5,2025-12-28,8.3,-1.7,-1.6,,,,,,,,,0.0
滨州,gfs_seamless,2025-12-22,6,2025-12-28,8.3,-1.0,-1.3,,,,,,,,,0.0
滨州,gfs_seamless,2025-12-21,7,2025-12-28,7.1,-1.2,-0.9,,,,,,,,,0.0
滨州,jma_seamless,2025-12-27,1,2025-12-28,11.5,-1.0,0.3,,,,,,,,0.0,0.0
滨州,jma_seamless,2025-12-26,2,2025-12-28,11.7,-1.3,0.0,,,,,,,,0.0,0.0
滨州,jma_seamless,2025-12-25,3,2025-12-28,11.7,-1.3,-0.3,,,,,,,,0.0,0.0
滨州,jma_seamless,2025-12-24,4,2025-12-28,11.6,-1.2,-0.2,,,,,,,,0.0,0.0
滨州,jma_seamless,2025-12-23,5,2025-12-28,11.4,-1.7,-0.5,,,,,,,,0.0,0.0
滨州,jma_seamless,2025-12-22,6,2025-12-28,10.4,-2.6,-0.8,,,,,,,,0.0,0.0
滨州,jma_seamless,2025-12-21,7,2025-12-28,9.1,-2.5,-1.5,,,,,,,,0.0,0.0
滨州,ecmwf_ifs025,2025-12-28,1,2025-12-29,6.6,-2.3,-2.9,-5.4,,75.4,7.9,,0.0,,,
滨州,ecmwf_ifs025,2025-12-27,2,2025-12-29,6.4,-2.7,-2.7,-5.5,,76.3,6.9,,0.0,,,
滨州,ecmwf_ifs025,2025-12-26,3,2025-12-29,6.1,-2.4,-2.8,-5.7,,71.9,8.3,,0.0,,,
滨州,ecmwf_ifs025,2025-12-25,4,2025-12-29,5.3,-2.8,-3.2,-6.1,,63.9,8.3,,0.0,,,
滨州,ecmwf_ifs025,2025-12-24,5,2025-12-29,5.6,-2.2,-3.3,-5.3,,69.8,7.9,,1.2,,,
滨州,ecmwf_ifs025,2025-12-23,6,2025-12-29,5.6,-3.5,-3.8,-7.6,,59.8,10.3,,0.0,,,
滨州,ecmwf_ifs025,2025-12-22,7,2025-12-29,2.1,-3.6,-6.1,-8.5,,43.1,13.6,,10.9,,,
滨州,gfs_seamless,2025-12-28,1,2025-12-29,6.8,-0.5,-1.4,,,,,,,,,0.0
滨州,gfs_seamless,2025-12-27,2,2025-12-29,6.3,-0.5,-2.0,,,,,,,,,0.0
滨州,gfs_seamless,2025-12-26,3,2025-12-29,5.2,-1.1,-2.3,,,,,,,,,0.0
滨州,gfs_seamless,2025-12-25,4,2025-12-29,5.4,-1.5,-3.5,,,,,,,,,0.0
滨州,gfs_seamless,2025-12-24,5,2025-12-29,5.7,-1.0,-2.4,,,,,,,,,0.0
滨州,gfs_seamless,2025-12-23,6,2025-12-29,6.8,-0.2,-2.3,,,,,,,,,0.0
滨州,gfs_seamless,2025-12-22,7,2025-12-29,7.5,-0.9,-2.3,,,,,,,,,0.0
滨州,jma_seamless,2025-12-28,1,2025-12-29,10.3,0.4,0.8,,,,,,,,0.0,0.0
滨州,jma_seamless,2025-12-27,2,2025-12-29,10.3,0.0,0.5,,,,,,,,0.0,0.0
滨州,jma_seamless,2025-12-26,3,2025-12-29,10.6,-0.4,0.4,,,,,,,,0.0,0.0
滨州,jma_seamless,2025-12-25,4,2025-12-29,9.7,-0.1,-0.2,,,,,,,,0.0,0.0
滨州,jma_seamless,2025-12-24,5,2025-12-29,10.6,0.0,-0.2,,,,,,,,0.0,0.0
滨州,jma_seamless,2025-12-23,6,2025-12-29,7.8,1.7,-0.3,,,,,,,,0.0,0.0
滨州,jma_seamless,2025-12-22,7,2025-12-29,8.3,0.5,-1.5,,,,,,,,0.0,0.0
滨州,ecmwf_ifs025,2025-12-29,1,2025-12-30,5.9,-3.2,-4.4,-7.0,,69.0,9.7,,5.3,,,
滨州,ecmwf_ifs025,2025-12-28,2,2025-12-30,5.6,-3.9,-4.8,-7.4,,63.6,8.2,,1.6,,,
滨州,ecmwf_ifs025,2025-12-27,3,2025-12-30,5.9,-3.6,-3.8,-6.5,,77.8,6.8,,5.0,,,
滨州,ecmwf_ifs025,2025-12-26,4,2025-12-30,5.9,-3.8,-4.4,-6.4,,76.1,6.0,,1.5,,,
滨州,ecmwf_ifs025,2025-12-25,5,2025-12-30,5.9,-3.7,-3.9,,,71.2,4.2,,0.4,,,
滨州,ecmwf_ifs025,2025-12-24,6,2025-12-30,6.3,-3.5,-4.0,-6.6,,74.6,7.3,,15.5,,,
滨州,ecmwf_ifs025,2025-12-23,7,2025-12-30,7.9,-4.2,-3.9,-6.9,,43.8,6.1,,4.7,,,
滨州,gfs_seamless,2025-12-29,1,2025-12-30,6.3,-1.2,-3.4,,,,,,,,,0.0
滨州,gfs_seamless,2025-12-28,2,2025-12-30,5.6,-1.6,-3.6,,,,,,,,,0.0
滨州,gfs_seamless,2025-12-27,3,2025-12-30,2.4,-3.3,-5.9,,,,,,,,,0.0
滨州,gfs_seamless,2025-12-26,4,2025-12-30,2.4,-3.5,-5.9,,,,,,,,,0.0
滨州,gfs_seamless,2025-12-25,5,2025-12-30,6.1,-2.5,-4.2,,,,,,,,,0.0
滨州,gfs_seamless,2025-12-24,6,2025-12-30,6.4,-1.5,-2.9,,,,,,,,,0.0
滨州,gfs_seamless,2025-12-23,7,2025-12-30,5.1,-3.4,-4.4,,,,,,,,,0.0
滨州,jma_seamless,2025-12-29,1,2025-12-30,9.2,-1.3,-0.3,,,,,,,,0.0,0.0
滨州,jma_seamless,2025-12-28,2,2025-12-30,8.6,-1.4,-1.2,,,,,,,,0.0,0.0
滨州,jma_seamless,2025-12-27,3,2025-12-30,9.4,-1.4,-0.8,,,,,,,,0.0,0.0
滨州,jma_seamless,2025-12-26,4,2025-12-30,9.0,-1.6,-1.5,,,,,,,,0.0,0.0
滨州,jma_seamless,2025-12-25,5,2025-12-30,9.8,-5.5,-1.9,,,,,,,,0.0,0.0
滨州,jma_seamless,2025-12-24,6,2025-12-30,9.4,-3.7,-1.5,,,,,,,,0.0,0.0
滨州,jma_seamless,2025-12-23,7,2025-12-30,5.9,-2.4,-2.9,,,,,,,,0.0,0.0
滨州,jma_seamless,2025-12-30,1,2025-12-31,-0.6,-3.2,-6.9,,,,,,40.1,,0.0,0.0
滨州,jma_seamless,2025-12-29,2,2025-12-31,-0.2,-3.3,-6.8,,,,,,31.2,,0.0,0.0
滨州,jma_seamless,2025-12-28,3,2025-12-31,-0.1,-3.1,-6.2,,,,,,51.4,,0.0,0.0
滨州,jma_seamless,2025-12-27,4,2025-12-31,0.4,-2.8,-5.8,,,,,,45.9,,0.0,0.0
滨州,jma_seamless,2025-12-26,5,2025-12-31,2.9,-3.1,-4.4,,,,,,16.5,,0.0,0.0
滨州,jma_seamless,2025-12-25,6,2025-12-31,3.2,-3.2,-4.7,,,,,,0.0,,0.0,0.0
滨州,jma_seamless,2025-12-24,7,2025-12-31,4.8,-1.7,-3.4,,,,,,15.8,,0.0,0.0
滨州,jma_seamless,2025-12-31,1,2026-01-01,0.8,-4.1,-7.0,,,,,,23.8,,0.0,0.0
滨州,jma_seamless,2025-12-30,2,2026-01-01,0.8,-4.7,-6.7,,,,,,7.3,,0.0,0.0
滨州,jma_seamless,2025-12-29,3,2026-01-01,0.4,-4.6,-6.9,,,,,,9.1,,0.0,0.0
滨州,jma_seamless,2025-12-28,4,2026-01-01,1.6,-3.8,-6.1,,,,,,1.0,,0.0,0.0
滨州,jma_seamless,2025-12-27,5,2026-01-01,2.4,-2.8,-4.6,,,,,,4.3,,0.0,0.0
滨州,jma_seamless,2025-12-26,6,2026-01-01,4.3,-3.0,-4.4,,,,,,0.0,,0.0,0.0
滨州,jma_seamless,2025-12-25,7,2026-01-01,4.4,-2.8,-4.4,,,,,,9.7,,0.0,0.0
滨州,jma_seamless,2026-01-01,1,2026-01-02,0.7,-4.7,-6.7,,,,,,0.5,,0.0,0.0
滨州,jma_seamless,2025-12-31,2,2026-01-02,0.8,-4.6,-6.5,,,,,,0.3,,0.0,0.0
滨州,jma_seamless,2025-12-30,3,2026-01-02,1.0,-4.1,-6.4,,,,,,0.0,,0.0,0.0
滨州,jma_seamless,2025-12-29,4,2026-01-02,0.6,-3.7,-6.7,,,,,,0.0,,0.0,0.0
滨州,jma_seamless,2025-12-28,5,2026-01-02,2.7,-3.7,-5.5,,,,,,0.0,,0.0,0.0
滨州,jma_seamless,2025-12-27,6,2026-01-02,6.0,-0.9,-3.4,,,,,,0.0,,0.0,0.0
滨州,jma_seamless,2025-12-26,7,2026-01-02,7.3,-1.7,-2.2,,,,,,0.1,,0.0,0.0
滨州,jma_seamless,2026-01-02,1,2026-01-03,4.5,-2.3,-4.1,,,,,,4.9,,0.0,0.0
滨州,jma_seamless,2026-01-01,2,2026-01-03,4.4,-2.1,-4.5,,,,,,7.1,,0.0,0.0
滨州,jma_seamless,2025-12-31,3,2026-01-03,4.6,-2.0,-4.4,,,,,,5.5,,0.0,0.0
滨州,jma_seamless,2025-12-30,4,2026-01-03,4.8,-2.1,-4.5,,,,,,0.2,,0.0,0.0
滨州,jma_seamless,2025-12-29,5,2026-01-03,4.8,-2.5,-4.9,,,,,,0.0,,0.0,0.0
滨州,jma_seamless,2025-12-28,6,2026-01-03,3.7,-3.8,-4.5,,,,,,0.0,,0.0,0.0
滨州,jma_seamless,2025-12-27,7,2026-01-03,4.2,-1.8,-3.4,,,,,,0.5,,0.0,0.0
滨州,jma_seamless,2026-01-03,1,2026-01-04,3.1,-2.6,-3.4,,,,,,47.5,,0.0,0.0
滨州,jma_seamless,2026-01-02,2,2026-01-04,4.3,-1.9,-3.0,,,,,,47.0,,0.0,0.0
滨州,jma_seamless,2026-01-01,3,2026-01-04,4.7,-1.9,-3.1,,,,,,48.3,,0.0,0.0
滨州,jma_seamless,2025-12-31,4,2026-01-04,4.5,-2.3,-3.6,,,,,,31.9,,0.0,0.0
滨州,jma_seamless,2025-12-30,5,2026-01-04,2.2,-1.8,-4.3,,,,,,4.0,,0.0,0.0
滨州,jma_seamless,2025-12-29,6,2026-01-04,2.4,-1.7,-4.9,,,,,,0.0,,0.0,0.0
滨州,jma_seamless,2025-12-28,7,2026-01-04,4.5,-3.5,-4.4,,,,,,0.0,,0.0,0.0
滨州,jma_seamless,2026-01-04,1,2026-01-05,3.7,-2.1,-3.3,,,,,,5.8,,0.0,0.0
滨州,jma_seamless,2026-01-03,2,2026-01-05,3.5,-2.3,-3.5,,,,,,0.7,,0.0,0.0
滨州,jma_seamless,2026-01-02,3,2026-01-05,3.7,-2.3,-3.5,,,,,,14.6,,0.0,0.0
滨州,jma_seamless,2026-01-01,4,2026-01-05,4.0,-2.3,-3.2,,,,,,8.2,,0.0,0.0
滨州,jma_seamless,2025-12-31,5,2026-01-05,3.3,-2.9,-4.3,,,,,,2.8,,0.0,0.0
滨州,jma_seamless,2025-12-30,6,2026-01-05,3.9,-2.9,-5.0,,,,,,3.4,,0.0,0.0
滨州,jma_seamless,2025-12-29,7,2026-01-05,5.2,-2.1,-4.1,,,,,,8.1,,0.0,0.0
滨州,jma_seamless,2026-01-05,1,2026-01-06,5.0,-1.6,-3.4,,,,,,7.5,,0.0,0.0
滨州,jma_seamless,2026-01-04,2,2026-01-06,5.1,-2.0,-3.6,,,,,,0.0,,0.0,0.0
滨州,jma_seamless,2026-01-03,3,2026-01-06,4.7,-2.0,-3.8,,,,,,13.7,,0.0,0.0
滨州,jma_seamless,2026-01-02,4,2026-01-06,4.3,-2.2,-3.9,,,,,,5.6,,0.0,0.0
滨州,jma_seamless,2026-01-01,5,2026-01-06,3.9,-2.4,-4.0,,,,,,0.0,,0.0,0.0
滨州,jma_seamless,2025-12-31,6,2026-01-06,5.2,-2.3,-3.7,,,,,,2.6,,0.0,0.0
滨州,jma_seamless,2025-12-30,7,2026-01-06,1.9,-0.9,-4.1,,,,,,6.3,,0.0,0.0
滨州,jma_seamless,2026-01-06,1,2026-01-07,3.3,-2.3,-4.3,,,,,,4.5,,0.0,0.0
滨州,jma_seamless,2026-01-05,2,2026-01-07,2.7,-2.6,-4.5,,,,,,6.5,,0.0,0.0
滨州,jma_seamless,2026-01-04,3,2026-01-07,3.9,-1.8,-3.9,,,,,,5.6,,0.0,0.0
滨州,jma_seamless,2026-01-03,4,2026-01-07,2.9,-2.1,-4.5,,,,,,0.0,,0.0,0.0
滨州,jma_seamless,2026-01-02,5,2026-01-07,1.1,-2.3,-6.0,,,,,,3.2,,0.0,0.0
滨州,jma_seamless,2026-01-01,6,2026-01-07,3.9,-2.9,-4.5,,,,,,0.0,,0.0,0.0
滨州,jma_seamless,2025-12-31,7,2026-01-07,3.9,-2.7,-4.8,,,,,,0.4,,0.0,0.0
滨州,jma_seamless,2026-01-07,1,2026-01-08,4.1,-2.7,-4.5,,,,,,0.3,,0.0,0.0
滨州,jma_seamless,2026-01-06,2,2026-01-08,4.3,-3.2,-4.6,,,,,,0.5,,0.0,0.0
滨州,jma_seamless,2026-01-05,3,2026-01-08,4.6,-3.1,-4.3,,,,,,0.4,,0.0,0.0
滨州,jma_seamless,2026-01-04,4,2026-01-08,5.7,-3.0,-3.7,,,,,,0.0,,0.0,0.0
滨州,jma_seamless,2026-01-03,5,2026-01-08,5.8,-2.0,-3.7,,,,,,0.2,,0.0,0.0
滨州,jma_seamless,2026-01-02,6,2026-01-08,6.7,-3.0,-3.5,,,,,,0.0,,0.0,0.0
滨州,jma_seamless,2026-01-01,7,2026-01-08,4.5,-3.1,-4.5,,,,,,16.0,,0.0,0.0
滨州,jma_seamless,2026-01-08,1,2026-01-09,10.0,0.8,-1.1,,,,,,0.0,,0.0,0.0
滨州,jma_seamless,2026-01-07,2,2026-01-09,9.9,0.6,-1.1,,,,,,10.5,,0.0,0.0
滨州,jma_seamless,2026-01-06,3,2026-01-09,9.8,0.7,-1.0,,,,,,0.0,,0.0,0.0
滨州,jma_seamless,2026-01-05,4,2026-01-09,10.3,0.6,-0.6,,,,,,0.0,,0.0,0.0
滨州,jma_seamless,2026-01-04,5,2026-01-09,6.1,0.2,-2.4,,,,,,0.3,,0.0,0.0
滨州,jma_seamless,2026-01-03,6,2026-01-09,4.6,-1.3,-3.5,,,,,,0.0,,0.0,0.0
滨州,jma_seamless,2026-01-02,7,2026-01-09,3.9,-1.6,-4.2,,,,,,1.0,,0.0,0.0
滨州,jma_seamless,2026-01-09,1,2026-01-10,4.6,-2.0,-5.6,,,,,,0.0,,0.0,0.0
滨州,jma_seamless,2026-01-08,2,2026-01-10,4.6,-2.7,-6.0,,,,,,4.6,,0.0,0.0
滨州,jma_seamless,2026-01-07,3,2026-01-10,4.5,-2.3,-5.4,,,,,,0.0,,0.0,0.0
滨州,jma_seamless,2026-01-06,4,2026-01-10,4.1,-2.2,-5.4,,,,,,1.5,,0.0,0.0
滨州,jma_seamless,2026-01-05,5,2026-01-10,3.2,-3.0,-4.4,,,,,,0.0,,0.0,0.0
滨州,jma_seamless,2026-01-04,6,2026-01-10,4.7,-2.1,-4.1,,,,,,10.0,,0.0,0.0
滨州,jma_seamless,2026-01-03,7,2026-01-10,9.8,-1.4,-1.1,,,,,,0.0,,0.0,0.0
滨州,jma_seamless,2026-01-10,1,2026-01-11,-1.8,-4.4,-8.4,,,,,,0.0,,0.0,0.0
滨州,jma_seamless,2026-01-09,2,2026-01-11,-1.9,-5.1,-8.9,,,,,,0.0,,0.0,0.0
滨州,jma_seamless,2026-01-08,3,2026-01-11,-1.6,-4.2,-8.0,,,,,,0.0,,0.0,0.0
滨州,jma_seamless,2026-01-07,4,2026-01-11,-0.6,-4.4,-8.0,,,,,,0.0,,0.0,0.0
滨州,jma_seamless,2026-01-06,5,2026-01-11,-0.8,-3.7,-7.6,,,,,,4.2,,0.0,0.0
滨州,jma_seamless,2026-01-05,6,2026-01-11,1.2,-2.3,-5.7,,,,,,14.7,,0.0,0.0
滨州,jma_seamless,2026-01-04,7,2026-01-11,1.1,-3.1,-5.8,,,,,,0.0,,0.0,0.0
滨州,jma_seamless,2026-01-11,1,2026-01-12,5.7,-1.3,-3.9,,,,,,2.2,,0.0,0.0
滨州,jma_seamless,2026-01-10,2,2026-01-12,6.0,-1.5,-4.0,,,,,,0.0,,0.0,0.0
滨州,jma_seamless,2026-01-09,3,2026-01-12,6.3,-1.7,-3.8,,,,,,0.0,,0.0,0.0
滨州,jma_seamless,2026-01-08,4,2026-01-12,6.7,-1.3,-3.3,,,,,,0.0,,0.0,0.0
滨州,jma_seamless,2026-01-07,5,2026-01-12,6.5,-0.7,-3.4,,,,,,0.0,,0.0,0.0
滨州,jma_seamless,2026-01-06,6,2026-01-12,3.7,-7.1,-7.0,,,,,,6.2,,0.0,0.0
滨州,jma_seamless,2026-01-05,7,2026-01-12,2.9,-5.2,-6.5,,,,,,0.0,,0.0,0.0
滨州,jma_seamless,2026-01-12,1,2026-01-13,4.3,-1.7,-3.7,,,,,,6.8,,0.0,0.0
滨州,jma_seamless,2026-01-11,2,2026-01-13,3.2,-1.3,-4.1,,,,,,4.8,,0.0,0.0
滨州,jma_seamless,2026-01-10,3,2026-01-13,3.9,-1.4,-3.8,,,,,,2.5,,0.0,0.0
滨州,jma_seamless,2026-01-09,4,2026-01-13,5.0,-1.7,-3.3,,,,,,4.7,,0.0,0.0
滨州,jma_seamless,2026-01-08,5,2026-01-13,7.3,-1.3,-2.5,,,,,,0.0,,0.0,0.0
滨州,jma_seamless,2026-01-07,6,2026-01-13,8.4,-0.5,-1.5,,,,,,0.2,,0.0,0.0
滨州,jma_seamless,2026-01-06,7,2026-01-13,1.5,-5.1,-6.5,,,,,,0.0,,0.0,0.0
滨州,ecmwf_ifs025,2026-01-13,1,2026-01-14,8.2,-3.3,-2.2,-6.5,,65.4,7.6,,62.0,,,
滨州,ecmwf_ifs025,2026-01-12,2,2026-01-14,7.8,-3.2,-2.4,-6.4,,61.5,7.7,,61.0,,,
滨州,ecmwf_ifs025,2026-01-11,3,2026-01-14,8.6,-2.7,-1.4,-6.2,,60.5,8.9,,60.8,,,
滨州,ecmwf_ifs025,2026-01-10,4,2026-01-14,9.9,-1.8,-0.9,-5.4,,55.5,9.6,,82.0,,,
滨州,ecmwf_ifs025,2026-01-09,5,2026-01-14,10.6,-2.3,-0.5,-5.8,,60.8,9.2,,54.1,,,
滨州,ecmwf_ifs025,2026-01-08,6,2026-01-14,9.9,-2.1,-1.6,-4.8,,66.0,7.0,,32.8,,,
滨州,ecmwf_ifs025,2026-01-07,7,2026-01-14,7.4,-2.4,-2.5,-5.3,,82.6,7.3,,43.2,,,
滨州,gfs_seamless,2026-01-13,1,2026-01-14,8.6,-1.3,-0.7,-4.2,,50.5,7.8,,,6.53,0.0,0.0
滨州,gfs_seamless,2026-01-12,2,2026-01-14,9.4,-1.6,-1.0,-5.1,,49.8,9.4,,,7.35,0.0,0.0
滨州,gfs_seamless,2026-01-11,3,2026-01-14,9.5,-0.5,-0.4,-4.1,,55.3,10.7,,,7.12,0.0,0.0
滨州,gfs_seamless,2026-01-10,4,2026-01-14,10.7,-2.5,-0.8,-6.5,,50.1,10.9,,,7.65,0.0,0.0
滨州,gfs_seamless,2026-01-09,5,2026-01-14,10.3,-1.1,-0.3,-4.8,,49.5,10.5,,,8.47,0.0,0.0
滨州,gfs_seamless,2026-01-08,6,2026-01-14,9.3,-1.4,-0.8,-4.8,,51.2,9.5,,,8.05,0.0,0.0
滨州,gfs_seamless,2026-01-07,7,2026-01-14,8.8,-2.2,-1.4,-5.9,,48.7,9.8,,,7.94,0.0,0.0
滨州,jma_seamless,2026-01-13,1,2026-01-14,7.7,-1.6,-1.5,-4.4,,39.5,7.5,,35.1,,0.0,
滨州,jma_seamless,2026-01-12,2,2026-01-14,9.2,-1.8,-1.2,-4.9,,35.6,8.1,,40.0,,0.0,
滨州,jma_seamless,2026-01-11,3,2026-01-14,10.9,-0.5,-0.3,-4.1,,30.2,10.6,,26.6,,0.0,
滨州,jma_seamless,2026-01-10,4,2026-01-14,11.1,-0.4,0.1,-3.6,,29.5,9.2,,43.0,,0.0,
滨州,jma_seamless,2026-01-09,5,2026-01-14,10.0,-1.1,-0.7,-3.8,,30.9,7.3,,12.0,,0.0,
滨州,jma_seamless,2026-01-08,6,2026-01-14,12.7,-0.9,-0.3,-4.4,,33.0,10.1,,10.5,,0.0,
滨州,jma_seamless,2026-01-07,7,2026-01-14,8.5,-1.8,-1.4,-5.2,,61.2,9.2,,49.8,,0.0,
滨州,ecmwf_ifs025,2026-01-14,1,2026-01-15,11.9,-3.1,-1.2,-6.7,,60.0,8.9,,0.0,,,
滨州,ecmwf_ifs025,2026-01-13,2,2026-01-15,11.1,-3.2,-1.5,-7.0,,60.1,9.6,,0.0,,,
滨州,ecmwf_ifs025,2026-01-12,3,2026-01-15,10.5,-2.1,-1.1,-5.5,,47.6,9.0,,0.0,,,
滨州,ecmwf_ifs025,2026-01-11,4,2026-01-15,11.4,-1.6,-0.8,-5.1,,47.0,9.7,,0.0,,,
滨州,ecmwf_ifs025,2026-01-10,5,2026-01-15,12.4,-1.1,0.2,-4.5,,40.7,9.7,,0.0,,,
滨州,ecmwf_ifs025,2026-01-09,6,2026-01-15,10.1,-2.5,-1.1,-5.8,,51.6,8.3,,0.0,,,
滨州,ecmwf_ifs025,2026-01-08,7,2026-01-15,7.8,-2.8,-2.6,-5.9,,63.2,7.6,,0.3,,,
滨州,gfs_seamless,2026-01-14,1,2026-01-15,13.3,0.6,0.7,-2.7,,41.2,10.6,,,10.94,0.0,0.0
滨州,gfs_seamless,2026-01-13,2,2026-01-15,10.9,-0.2,-0.8,-4.4,,48.2,13.5,,,10.94,0.0,0.0
滨州,gfs_seamless,2026-01-12,3,2026-01-15,10.4,0.0,-0.8,-3.8,,51.7,12.2,,,10.92,0.0,0.0
滨州,gfs_seamless,2026-01-11,4,2026-01-15,10.8,0.8,-0.7,-3.0,,47.4,12.7,,,10.94,0.0,0.0
滨州,gfs_seamless,2026-01-10,5,2026-01-15,12.7,-0.2,0.7,-3.8,,42.4,10.9,,,10.6,0.0,0.0
滨州,gfs_seamless,2026-01-09,6,2026-01-15,12.7,-0.8,-0.5,-5.6,,38.2,15.9,,,10.72,0.0,0.0
滨州,gfs_seamless,2026-01-08,7,2026-01-15,9.8,-0.9,-1.3,-4.6,,58.5,10.8,,,9.65,0.0,0.0
滨州,jma_seamless,2026-01-14,1,2026-01-15,11.8,-0.7,0.7,-3.2,,36.9,7.0,,0.0,,0.0,
滨州,jma_seamless,2026-01-13,2,2026-01-15,11.6,-0.3,0.5,-3.2,,36.3,8.5,,0.0,,0.0,
滨州,jma_seamless,2026-01-12,3,2026-01-15,12.0,0.5,1.1,-2.3,,29.0,8.6,,0.0,,0.0,
滨州,jma_seamless,2026-01-11,4,2026-01-15,11.2,0.4,1.3,-2.0,,30.3,7.2,,0.8,,0.0,
滨州,jma_seamless,2026-01-10,5,2026-01-15,10.1,1.0,0.9,-1.4,,32.2,7.4,,0.0,,0.0,
滨州,jma_seamless,2026-01-09,6,2026-01-15,10.1,3.1,1.2,0.6,,28.0,9.1,,0.0,,0.0,
滨州,jma_seamless,2026-01-08,7,2026-01-15,12.6,0.1,1.2,-3.1,,30.5,9.7,,0.0,,0.0,
滨州,ecmwf_ifs025,2026-01-15,1,2026-01-16,2.7,-3.4,-5.4,-8.6,,80.0,15.1,,36.6,,,
滨州,ecmwf_ifs025,2026-01-14,2,2026-01-16,4.1,-2.8,-4.6,-7.8,,78.2,14.7,,37.5,,,
滨州,ecmwf_ifs025,2026-01-13,3,2026-01-16,5.2,-2.3,-3.8,-7.0,,70.5,13.7,,25.8,,,
滨州,ecmwf_ifs025,2026-01-12,4,2026-01-16,5.6,-2.5,-4.0,-7.0,,67.4,12.6,,12.4,,,
滨州,ecmwf_ifs025,2026-01-11,5,2026-01-16,5.8,-2.4,-3.5,-7.3,,66.0,14.5,,18.5,,,
滨州,ecmwf_ifs025,2026-01-10,6,2026-01-16,6.2,-2.4,-2.3,-7.4,,64.6,15.1,,14.2,,,
滨州,ecmwf_ifs025,2026-01-09,7,2026-01-16,11.0,-2.1,-0.9,-5.5,,61.2,8.9,,0.0,,,
滨州,gfs_seamless,2026-01-15,1,2026-01-16,4.1,-2.4,-4.8,-8.3,,68.6,20.0,,,10.64,0.0,0.0
滨州,gfs_seamless,2026-01-14,2,2026-01-16,4.2,-2.3,-5.0,-8.3,,69.5,21.0,,,10.71,0.0,0.0
滨州,gfs_seamless,2026-01-13,3,2026-01-16,6.4,-1.8,-4.2,-7.6,,71.1,20.8,,,10.66,0.0,0.0
滨州,gfs_seamless,2026-01-12,4,2026-01-16,8.0,-1.5,-3.1,-6.5,,72.0,16.0,,,10.65,0.0,0.0
滨州,gfs_seamless,2026-01-11,5,2026-01-16,9.0,-0.8,-2.0,-5.5,,69.8,15.4,,,10.37,0.0,0.0
滨州,gfs_seamless,2026-01-10,6,2026-01-16,10.4,-2.4,-2.7,-7.9,,61.7,17.7,,,10.46,0.0,0.0
滨州,gfs_seamless,2026-01-09,7,2026-01-16,6.2,-2.9,-5.7,-8.8,,69.6,19.4,,,10.47,0.0,0.0
滨州,jma_seamless,2026-01-15,1,2026-01-16,3.0,-2.5,-4.0,-6.6,,71.2,11.2,,9.2,,0.0,
滨州,jma_seamless,2026-01-14,2,2026-01-16,4.4,-1.9,-3.2,-6.1,,73.2,12.0,,3.8,,0.0,
滨州,jma_seamless,2026-01-13,3,2026-01-16,4.2,-1.7,-3.0,-5.5,,63.3,10.7,,0.0,,0.0,
滨州,jma_seamless,2026-01-12,4,2026-01-16,4.2,-1.9,-2.9,-5.6,,59.5,10.2,,0.0,,0.0,
滨州,jma_seamless,2026-01-11,5,2026-01-16,3.4,-1.7,-3.5,-5.4,,56.6,10.2,,3.2,,0.0,
滨州,jma_seamless,2026-01-10,6,2026-01-16,7.1,-2.1,-2.0,-5.5,,48.2,8.8,,10.8,,0.0,
滨州,jma_seamless,2026-01-09,7,2026-01-16,9.5,-1.8,-1.4,-4.8,,42.5,7.9,,25.1,,0.0,
滨州,ecmwf_ifs025,2026-01-16,1,2026-01-17,-0.1,-4.6,-8.1,-10.0,,62.6,14.5,,40.5,,,
滨州,ecmwf_ifs025,2026-01-15,2,2026-01-17,0.1,-4.4,-7.8,-9.9,,62.3,15.3,,46.6,,,
滨州,ecmwf_ifs025,2026-01-14,3,2026-01-17,1.0,-2.3,-6.8,-7.7,,64.0,17.5,,81.1,,,
滨州,ecmwf_ifs025,2026-01-13,4,2026-01-17,0.9,-3.6,-7.0,-9.1,,65.1,16.3,,46.2,,,
滨州,ecmwf_ifs025,2026-01-12,5,2026-01-17,0.7,-3.6,-7.1,-8.8,,66.1,14.9,,32.4,,,
滨州,ecmwf_ifs025,2026-01-11,6,2026-01-17,2.5,-3.1,-5.8,-8.1,,67.8,14.5,,31.8,,,
滨州,ecmwf_ifs025,2026-01-10,7,2026-01-17,4.5,-3.6,-4.5,-8.3,,70.0,12.7,,29.0,,,
滨州,gfs_seamless,2026-01-16,1,2026-01-17,0.3,-3.7,-8.5,-10.1,,53.0,21.0,,,11.07,0.0,0.0
滨州,gfs_seamless,2026-01-15,2,2026-01-17,0.6,-4.2,-8.5,-10.6,,54.2,20.6,,,11.07,0.0,0.0
滨州,gfs_seamless,2026-01-14,3,2026-01-17,1.0,-3.8,-8.2,-10.2,,56.5,21.2,,,11.04,0.0,0.0
滨州,gfs_seamless,2026-01-13,4,2026-01-17,0.3,-2.8,-6.7,-8.9,,74.3,21.1,,,2.07,1.6,0.7
滨州,gfs_seamless,2026-01-12,5,2026-01-17,2.1,-2.0,-6.0,-7.7,,77.9,19.7,,,6.7,0.4,0.3
滨州,gfs_seamless,2026-01-11,6,2026-01-17,3.1,-2.5,-5.4,-8.7,,70.0,22.3,,,5.85,0.3,0.0
滨州,gfs_seamless,2026-01-10,7,2026-01-17,3.3,-2.7,-6.2,-8.6,,59.6,19.4,,,6.24,0.0,0.0
滨州,jma_seamless,2026-01-16,1,2026-01-17,0.2,-3.1,-6.7,-7.4,,53.4,11.2,,15.4,,0.3,
滨州,jma_seamless,2026-01-15,2,2026-01-17,0.5,-2.8,-6.3,-6.9,,55.0,10.8,,3.8,,0.0,
滨州,jma_seamless,2026-01-14,3,2026-01-17,1.5,-2.1,-5.7,-6.2,,58.4,11.6,,3.7,,0.0,
滨州,jma_seamless,2026-01-13,4,2026-01-17,1.5,-2.3,-5.8,-6.3,,57.2,11.0,,10.9,,0.3,
滨州,jma_seamless,2026-01-12,5,2026-01-17,2.0,-2.3,-5.5,-6.1,,59.5,10.3,,2.3,,0.0,
滨州,jma_seamless,2026-01-11,6,2026-01-17,2.5,-2.8,-4.9,-6.5,,53.6,9.5,,3.6,,0.0,
滨州,jma_seamless,2026-01-10,7,2026-01-17,3.2,-1.7,-4.2,-5.6,,57.8,11.0,,1.9,,0.0,
滨州,ecmwf_ifs025,2026-01-17,1,2026-01-18,-1.3,-3.6,-6.9,-8.5,,82.0,13.5,,100.0,,,
滨州,ecmwf_ifs025,2026-01-16,2,2026-01-18,-1.2,-3.1,-7.1,-8.3,,84.6,15.3,,100.0,,,
滨州,ecmwf_ifs025,2026-01-15,3,2026-01-18,-0.3,-2.6,-6.3,-7.8,,88.7,16.1,,100.0,,,
滨州,ecmwf_ifs025,2026-01-14,4,2026-01-18,0.5,-2.2,-5.8,-7.4,,91.9,16.5,,100.0,,,
滨州,ecmwf_ifs025,2026-01-13,5,2026-01-18,-1.2,-3.1,-6.8,-8.3,,86.9,15.4,,100.0,,,
滨州,ecmwf_ifs025,2026-01-12,6,2026-01-18,-0.0,-3.3,-6.8,-8.6,,85.2,15.5,,100.0,,,
滨州,ecmwf_ifs025,2026-01-11,7,2026-01-18,1.3,-4.4,-4.6,-9.5,,86.8,13.6,,92.8,,,
滨州,gfs_seamless,2026-01-17,1,2026-01-18,-1.1,-5.4,-8.2,-11.8,,75.4,18.8,,,6.03,2.8,1.3
滨州,gfs_seamless,2026-01-16,2,2026-01-18,-1.0,-4.5,-8.3,-10.8,,69.5,19.1,,,6.57,1.0,0.5
滨州,gfs_seamless,2026-01-15,3,2026-01-18,-0.8,-4.0,-8.1,-10.1,,71.6,18.8,,,6.02,1.6,0.8
滨州,gfs_seamless,2026-01-14,4,2026-01-18,-0.9,-3.9,-8.3,-10.1,,77.5,19.5,,,6.71,3.2,1.5
滨州,gfs_seamless,2026-01-13,5,2026-01-18,0.1,-6.4,-9.7,-13.9,,84.8,23.5,,,6.88,2.1,1.2
滨州,gfs_seamless,2026-01-12,6,2026-01-18,-0.3,-6.6,-8.6,-13.9,,85.9,22.1,,,5.73,2.3,1.1
滨州,gfs_seamless,2026-01-11,7,2026-01-18,-0.1,-5.6,-9.8,-13.0,,86.8,24.5,,,4.7,1.8,0.9
滨州,jma_seamless,2026-01-17,1,2026-01-18,-0.5,-3.1,-6.2,-7.5,,69.1,11.8,,92.1,,3.3,
滨州,jma_seamless,2026-01-16,2,2026-01-18,0.1,-2.0,-5.5,-5.8,,68.1,10.3,,92.2,,3.3,
滨州,jma_seamless,2026-01-15,3,2026-01-18,0.2,-1.5,-4.7,-4.8,,72.1,8.9,,92.5,,3.6,
滨州,jma_seamless,2026-01-14,4,2026-01-18,0.8,-1.4,-4.6,-5.4,,78.2,11.4,,94.8,,5.7,
滨州,jma_seamless,2026-01-13,5,2026-01-18,0.9,-1.7,-5.1,-5.4,,68.3,10.3,,72.0,,2.1,
滨州,jma_seamless,2026-01-12,6,2026-01-18,1.2,-1.2,-4.0,-5.2,,79.8,11.7,,93.0,,3.3,
滨州,jma_seamless,2026-01-11,7,2026-01-18,2.1,-0.3,-3.7,-4.4,,72.5,13.1,,66.7,,1.8,
滨州,ecmwf_ifs025,2026-01-18,1,2026-01-19,-3.7,-8.1,-11.5,-14.3,,50.0,14.7,,67.1,,,
滨州,ecmwf_ifs025,2026-01-17,2,2026-01-19,-3.2,-7.7,-11.3,-13.9,,57.0,14.8,,86.0,,,
滨州,ecmwf_ifs025,2026-01-16,3,2026-01-19,-2.7,-7.6,-10.7,-13.9,,68.2,15.5,,100.0,,,
滨州,ecmwf_ifs025,2026-01-15,4,2026-01-19,-2.3,-7.3,-10.5,-13.9,,74.5,17.2,,98.7,,,
滨州,ecmwf_ifs025,2026-01-14,5,2026-01-19,-3.1,-7.1,-10.8,-13.1,,76.0,14.8,,98.5,,,
滨州,ecmwf_ifs025,2026-01-13,6,2026-01-19,-3.5,-7.3,-11.4,-13.6,,65.0,15.6,,96.0,,,
滨州,ecmwf_ifs025,2026-01-12,7,2026-01-19,-4.6,-6.7,-11.6,-12.8,,63.2,15.6,,91.3,,,
滨州,gfs_seamless,2026-01-18,1,2026-01-19,-4.6,-9.1,-12.1,-15.7,,59.0,15.4,,,10.39,0.0,0.0
滨州,gfs_seamless,2026-01-17,2,2026-01-19,-4.2,-7.3,-11.5,-14.1,,50.5,18.0,,,8.58,0.0,0.0
滨州,gfs_seamless,2026-01-16,3,2026-01-19,-2.7,-5.9,-10.6,-12.3,,48.8,17.9,,,8.35,0.0,0.0
滨州,gfs_seamless,2026-01-15,4,2026-01-19,-1.5,-5.7,-10.2,-12.1,,49.0,18.0,,,7.71,0.2,0.0
滨州,gfs_seamless,2026-01-14,5,2026-01-19,-2.4,-7.0,-11.0,-13.6,,49.8,17.5,,,8.83,0.0,0.0
滨州,gfs_seamless,2026-01-13,6,2026-01-19,-6.5,-11.0,-14.1,-17.7,,63.6,14.0,,,10.72,0.0,0.0
滨州,gfs_seamless,2026-01-12,7,2026-01-19,-3.3,-10.7,-12.6,-18.3,,66.0,17.8,,,9.87,0.0,0.0
滨州,jma_seamless,2026-01-18,1,2026-01-19,-3.1,-6.8,-10.7,-12.3,,31.9,12.9,,31.6,,0.0,
滨州,jma_seamless,2026-01-17,2,2026-01-19,-2.1,-6.5,-9.5,-11.8,,41.3,12.3,,74.3,,0.3,
滨州,jma_seamless,2026-01-16,3,2026-01-19,-0.8,-5.2,-7.8,-10.4,,53.5,13.3,,78.2,,1.2,
滨州,jma_seamless,2026-01-15,4,2026-01-19,0.0,-5.0,-7.6,-10.5,,53.9,14.5,,82.5,,1.2,
滨州,jma_seamless,2026-01-14,5,2026-01-19,-1.2,-6.0,-9.4,-11.5,,44.8,13.7,,62.4,,0.3,
滨州,jma_seamless,2026-01-13,6,2026-01-19,-1.4,-6.0,-9.4,-11.5,,44.0,13.8,,60.5,,0.3,
滨州,jma_seamless,2026-01-12,7,2026-01-19,-0.1,-7.4,-9.3,-13.7,,49.6,15.5,,81.2,,1.2,
滨州,ecmwf_ifs025,2026-01-19,1,2026-01-20,-3.9,-10.9,-13.3,-16.4,,26.8,10.3,,41.4,,,
滨州,ecmwf_ifs025,2026-01-18,2,2026-01-20,-3.8,-11.4,-13.3,-17.0,,30.4,10.1,,46.8,,,
滨州,ecmwf_ifs025,2026-01-17,3,2026-01-20,-3.8,-11.5,-13.0,-16.9,,40.5,9.7,,41.1,,,
滨州,ecmwf_ifs025,2026-01-16,4,2026-01-20,-5.9,-11.1,-13.7,-16.6,,54.7,10.2,,55.9,,,
滨州,ecmwf_ifs025,2026-01-15,5,2026-01-20,-6.4,-12.7,-14.5,-18.1,,61.3,9.0,,50.4,,,
滨州,ecmwf_ifs025,2026-01-14,6,2026-01-20,-6.7,-12.3,-15.0,-18.2,,62.2,10.5,,49.2,,,
滨州,ecmwf_ifs025,2026-01-13,7,2026-01-20,-5.9,-14.3,-14.5,-20.3,,47.4,9.8,,48.2,,,
滨州,gfs_seamless,2026-01-19,1,2026-01-20,-3.0,-13.3,-13.4,-19.9,,36.9,11.9,,,11.53,0.0,0.0
滨州,gfs_seamless,2026-01-18,2,2026-01-20,-3.8,-12.3,-13.7,-17.9,,53.1,9.6,,,11.82,0.0,0.0
滨州,gfs_seamless,2026-01-17,3,2026-01-20,-3.3,-10.1,-12.2,-15.5,,39.0,10.3,,,10.76,0.0,0.0
滨州,gfs_seamless,2026-01-16,4,2026-01-20,-2.7,-9.0,-11.8,-14.6,,33.8,11.7,,,11.54,0.0,0.0
滨州,gfs_seamless,2026-01-15,5,2026-01-20,-2.9,-9.3,-11.9,-15.3,,31.5,12.8,,,11.65,0.0,0.0
滨州,gfs_seamless,2026-01-14,6,2026-01-20,-3.1,-10.7,-13.6,-17.5,,35.6,14.4,,,11.11,0.0,0.0
滨州,gfs_seamless,2026-01-13,7,2026-01-20,-5.3,-12.6,-14.4,-18.7,,60.8,11.0,,,11.6,0.0,0.0
滨州,jma_seamless,2026-01-19,1,2026-01-20,-3.8,-7.8,-11.4,-12.6,,16.2,9.9,,18.1,,0.0,
滨州,jma_seamless,2026-01-18,2,2026-01-20,-3.8,-8.1,-11.6,-13.0,,14.9,10.0,,19.7,,0.0,
滨州,jma_seamless,2026-01-17,3,2026-01-20,-4.4,-8.3,-11.8,-13.3,,17.9,10.3,,26.2,,0.0,
滨州,jma_seamless,2026-01-16,4,2026-01-20,-5.1,-8.2,-12.1,-13.6,,20.8,11.5,,17.3,,0.0,
滨州,jma_seamless,2026-01-15,5,2026-01-20,-5.0,-7.9,-12.2,-13.0,,21.7,10.8,,13.5,,0.0,
滨州,jma_seamless,2026-01-14,6,2026-01-20,-5.0,-8.4,-11.8,-13.3,,21.9,9.9,,23.1,,0.0,
滨州,jma_seamless,2026-01-13,7,2026-01-20,-2.6,-7.3,-10.3,-11.9,,34.8,9.6,,51.6,,0.0,
滨州,ecmwf_ifs025,2026-01-20,1,2026-01-21,-2.7,-11.4,-13.1,-17.0,,25.0,10.2,,8.4,,,
滨州,ecmwf_ifs025,2026-01-19,2,2026-01-21,-2.6,-10.9,-12.8,-16.4,,20.2,10.2,,7.3,,,
滨州,ecmwf_ifs025,2026-01-18,3,2026-01-21,-2.5,-11.4,-12.9,-16.9,,21.8,9.8,,23.0,,,
滨州,ecmwf_ifs025,2026-01-17,4,2026-01-21,-2.8,-11.6,-13.4,-17.6,,28.0,11.1,,3.3,,,
滨州,ecmwf_ifs025,2026-01-16,5,2026-01-21,-4.1,-13.1,-14.4,-19.1,,37.1,10.3,,4.5,,,
滨州,ecmwf_ifs025,2026-01-15,6,2026-01-21,-5.3,-14.1,-15.9,-19.9,,47.0,9.3,,18.3,,,
滨州,ecmwf_ifs025,2026-01-14,7,2026-01-21,-5.7,-14.3,-16.3,-20.0,,49.7,9.0,,0.3,,,
滨州,gfs_seamless,2026-01-20,1,2026-01-21,-3.3,-14.2,-13.9,-20.4,,36.6,10.3,,,12.33,0.0,0.0
滨州,gfs_seamless,2026-01-19,2,2026-01-21,-1.8,-15.1,-13.3,-21.0,,35.2,9.1,,,12.22,0.0,0.0
滨州,gfs_seamless,2026-01-18,3,2026-01-21,-2.6,-13.5,-13.7,-19.0,,46.2,8.9,,,12.3,0.0,0.0
滨州,gfs_seamless,2026-01-17,4,2026-01-21,-1.9,-11.0,-12.1,-16.2,,29.7,9.4,,,12.21,0.0,0.0
滨州,gfs_seamless,2026-01-16,5,2026-01-21,-2.0,-10.3,-11.7,-14.8,,25.2,8.0,,,11.91,0.0,0.0
滨州,gfs_seamless,2026-01-15,6,2026-01-21,-2.4,-11.7,-12.3,-17.3,,28.2,10.0,,,11.94,0.0,0.0
滨州,gfs_seamless,2026-01-14,7,2026-01-21,-2.3,-12.8,-13.2,-19.1,,29.8,11.4,,,12.02,0.0,0.0
滨州,jma_seamless,2026-01-20,1,2026-01-21,-1.7,-7.9,-10.3,-12.0,,11.7,8.0,,0.0,,0.0,
滨州,jma_seamless,2026-01-19,2,2026-01-21,-2.8,-7.8,-10.9,-12.3,,12.8,9.0,,0.0,,0.0,
滨州,jma_seamless,2026-01-18,3,2026-01-21,-1.8,-8.1,-10.5,-12.3,,12.0,8.0,,0.5,,0.0,
滨州,jma_seamless,2026-01-17,4,2026-01-21,-2.7,-8.3,-11.2,-12.5,,15.0,8.1,,0.5,,0.0,
滨州,jma_seamless,2026-01-16,5,2026-01-21,-3.5,-8.8,-11.8,-13.7,,13.6,9.7,,0.0,,0.0,
滨州,jma_seamless,2026-01-15,6,2026-01-21,-3.8,-8.1,-11.7,-12.6,,15.1,8.8,,0.0,,0.0,
滨州,jma_seamless,2026-01-14,7,2026-01-21,-3.7,-8.8,-11.3,-13.0,,16.6,7.9,,6.5,,0.0,
滨州,ecmwf_ifs025,2026-01-21,1,2026-01-22,2.2,-11.4,-10.1,-16.3,,28.8,8.4,,25.4,,,
滨州,ecmwf_ifs025,2026-01-20,2,2026-01-22,1.2,-11.9,-10.5,-16.1,,24.9,6.7,,13.2,,,
滨州,ecmwf_ifs025,2026-01-19,3,2026-01-22,1.7,-10.5,-10.0,-14.2,,14.2,6.2,,21.0,,,
滨州,ecmwf_ifs025,2026-01-18,4,2026-01-22,1.8,-10.8,-10.1,-14.6,,17.7,6.3,,25.8,,,
滨州,ecmwf_ifs025,2026-01-17,5,2026-01-22,1.2,-12.2,-10.7,-16.7,,20.8,7.3,,16.2,,,
滨州,ecmwf_ifs025,2026-01-16,6,2026-01-22,0.3,-14.9,-12.4,-19.8,,29.9,7.2,,13.2,,,
滨州,ecmwf_ifs025,2026-01-15,7,2026-01-22,-2.4,-15.3,-13.9,-19.0,,47.5,5.1,,40.6,,,
滨州,gfs_seamless,2026-01-21,1,2026-01-22,0.8,-13.3,-11.0,-19.0,,47.5,9.4,,,11.71,0.0,0.0
滨州,gfs_seamless,2026-01-20,2,2026-01-22,0.3,-12.6,-10.1,-17.2,,35.6,7.3,,,11.6,0.0,0.0
滨州,gfs_seamless,2026-01-19,3,2026-01-22,1.4,-13.6,-10.7,-18.5,,40.8,7.5,,,11.24,0.0,0.0
滨州,gfs_seamless,2026-01-18,4,2026-01-22,0.1,-12.3,-10.3,-17.2,,50.1,8.0,,,11.36,0.0,0.0
滨州,gfs_seamless,2026-01-17,5,2026-01-22,1.6,-8.6,-9.1,-13.6,,41.9,9.9,,,11.56,0.0,0.0
滨州,gfs_seamless,2026-01-16,6,2026-01-22,0.3,-8.2,-9.5,-12.9,,37.6,9.5,,,11.51,0.0,0.0
滨州,gfs_seamless,2026-01-15,7,2026-01-22,1.2,-9.5,-9.7,-14.4,,38.6,9.3,,,11.61,0.0,0.0
滨州,jma_seamless,2026-01-21,1,2026-01-22,1.5,-7.5,-8.2,-10.5,,14.8,5.7,,0.4,,0.0,
滨州,jma_seamless,2026-01-20,2,2026-01-22,1.2,-7.7,-8.4,-10.4,,13.5,5.2,,0.6,,0.0,
滨州,jma_seamless,2026-01-19,3,2026-01-22,0.8,-8.2,-8.6,,,12.6,4.4,,0.0,,0.0,
滨州,jma_seamless,2026-01-18,4,2026-01-22,1.1,-8.8,-8.8,,,14.6,3.9,,4.1,,0.0,
滨州,jma_seamless,2026-01-17,5,2026-01-22,0.2,-9.0,-9.6,,,18.5,3.8,,1.9,,0.0,
滨州,jma_seamless,2026-01-16,6,2026-01-22,0.2,-9.0,-9.5,-11.8,,16.5,5.0,,0.0,,0.0,
滨州,jma_seamless,2026-01-15,7,2026-01-22,-0.9,-9.5,-9.9,,,17.0,3.9,,5.7,,0.0,
滨州,ecmwf_ifs025,2026-01-22,1,2026-01-23,2.9,-7.2,-7.7,-10.7,,46.5,6.9,,2.1,,,
滨州,ecmwf_ifs025,2026-01-21,2,2026-01-23,2.6,-7.9,-8.5,-11.6,,41.1,7.0,,0.3,,,
滨州,ecmwf_ifs025,2026-01-20,3,2026-01-23,1.8,-7.9,-8.5,-11.6,,38.3,7.0,,2.2,,,
滨州,ecmwf_ifs025,2026-01-19,4,2026-01-23,2.8,-7.0,-8.0,-10.6,,30.3,7.1,,0.0,,,
滨州,ecmwf_ifs025,2026-01-18,5,2026-01-23,2.0,-7.7,-8.6,-11.4,,36.5,7.1,,0.0,,,
滨州,ecmwf_ifs025,2026-01-17,6,2026-01-23,1.6,-8.9,-9.4,-12.6,,42.9,6.7,,1.0,,,
滨州,ecmwf_ifs025,2026-01-16,7,2026-01-23,0.8,-10.4,-10.2,-14.7,,52.8,7.4,,0.0,,,
滨州,gfs_seamless,2026-01-22,1,2026-01-23,3.8,-6.0,-6.8,-10.1,,41.2,8.8,,,11.88,0.0,0.0
滨州,gfs_seamless,2026-01-21,2,2026-01-23,3.4,-6.8,-7.2,-10.6,,39.9,7.8,,,12.01,0.0,0.0
滨州,gfs_seamless,2026-01-20,3,2026-01-23,2.2,-6.2,-7.6,-10.0,,45.7,8.0,,,11.94,0.0,0.0
滨州,gfs_seamless,2026-01-19,4,2026-01-23,2.4,-7.4,-7.8,-11.7,,55.8,8.6,,,11.84,0.0,0.0
滨州,gfs_seamless,2026-01-18,5,2026-01-23,2.3,-6.4,-6.7,-10.5,,61.6,8.6,,,11.53,0.0,0.0
滨州,gfs_seamless,2026-01-17,6,2026-01-23,2.4,-6.4,-6.4,-9.9,,58.2,7.2,,,10.61,0.0,0.0
滨州,gfs_seamless,2026-01-16,7,2026-01-23,2.4,-5.5,-6.5,-8.1,,36.0,5.6,,,10.5,0.0,0.0
滨州,jma_seamless,2026-01-22,1,2026-01-23,2.5,-4.8,-6.2,,,24.3,4.8,,0.9,,0.0,
滨州,jma_seamless,2026-01-21,2,2026-01-23,2.6,-5.2,-6.5,-7.5,,19.6,5.0,,0.0,,0.0,
滨州,jma_seamless,2026-01-20,3,2026-01-23,2.2,-5.2,-6.6,,,17.5,4.7,,0.2,,0.0,
滨州,jma_seamless,2026-01-19,4,2026-01-23,2.3,-6.2,-6.8,,,15.7,3.8,,0.5,,0.0,
滨州,jma_seamless,2026-01-18,5,2026-01-23,1.7,-7.2,-7.7,,,24.4,3.4,,0.0,,0.0,
滨州,jma_seamless,2026-01-17,6,2026-01-23,1.5,-7.5,-7.9,,,26.0,3.9,,0.0,,0.0,
滨州,jma_seamless,2026-01-16,7,2026-01-23,0.7,-8.4,-9.0,,,18.7,4.6,,0.0,,0.0,
滨州,ecmwf_ifs025,2026-01-23,1,2026-01-24,5.3,-8.5,-6.8,-11.4,,54.5,5.3,,0.0,,,
滨州,ecmwf_ifs025,2026-01-22,2,2026-01-24,4.7,-8.7,-7.6,-12.7,,47.2,7.3,,0.0,,,
滨州,ecmwf_ifs025,2026-01-21,3,2026-01-24,4.4,-9.6,-8.0,-13.5,,38.0,6.8,,25.6,,,
滨州,ecmwf_ifs025,2026-01-20,4,2026-01-24,3.7,-10.2,-7.9,-13.1,,42.7,4.9,,0.6,,,
滨州,ecmwf_ifs025,2026-01-19,5,2026-01-24,4.0,-9.3,-8.0,-12.7,,45.2,5.9,,6.9,,,
滨州,ecmwf_ifs025,2026-01-18,6,2026-01-24,4.0,-9.7,-8.7,-13.2,,42.8,6.0,,28.4,,,
滨州,ecmwf_ifs025,2026-01-17,7,2026-01-24,3.1,-10.1,-9.5,-13.1,,51.8,5.1,,0.0,,,
滨州,gfs_seamless,2026-01-23,1,2026-01-24,4.7,-5.2,-5.5,-8.4,,45.1,7.0,,,12.0,0.0,0.0
滨州,gfs_seamless,2026-01-22,2,2026-01-24,5.1,-5.1,-5.4,-8.6,,44.2,7.6,,,12.01,0.0,0.0
滨州,gfs_seamless,2026-01-21,3,2026-01-24,4.6,-6.2,-6.2,-9.3,,32.1,6.3,,,12.21,0.0,0.0
滨州,gfs_seamless,2026-01-20,4,2026-01-24,4.0,-5.6,-6.4,-8.8,,41.2,6.8,,,12.18,0.0,0.0
滨州,gfs_seamless,2026-01-19,5,2026-01-24,4.1,-5.3,-6.0,-8.6,,45.8,7.1,,,11.56,0.0,0.0
滨州,gfs_seamless,2026-01-18,6,2026-01-24,2.8,-4.9,-6.7,-8.8,,50.4,9.0,,,11.34,0.0,0.0
滨州,gfs_seamless,2026-01-17,7,2026-01-24,3.1,-5.5,-6.8,-9.0,,34.3,7.6,,,10.79,0.0,0.0
滨州,jma_seamless,2026-01-23,1,2026-01-24,3.8,-6.1,-5.7,,,33.6,3.2,,0.7,,0.0,
滨州,jma_seamless,2026-01-22,2,2026-01-24,3.8,-6.3,-5.9,,,28.0,3.5,,0.0,,0.0,
滨州,jma_seamless,2026-01-21,3,2026-01-24,3.8,-6.0,-6.2,,,20.1,4.2,,0.0,,0.0,
滨州,jma_seamless,2026-01-20,4,2026-01-24,3.9,-6.1,-6.1,,,19.7,4.8,,0.1,,0.0,
滨州,jma_seamless,2026-01-19,5,2026-01-24,2.9,-7.8,-6.8,,,32.7,3.2,,7.8,,0.0,
滨州,jma_seamless,2026-01-18,6,2026-01-24,3.0,-8.7,-7.6,,,24.0,2.8,,0.3,,0.0,
滨州,jma_seamless,2026-01-17,7,2026-01-24,1.6,-8.6,-8.3,,,27.1,4.8,,13.5,,0.0,
滨州,ecmwf_ifs025,2026-01-24,1,2026-01-25,1.4,-3.8,-6.8,-8.8,,64.0,13.7,,90.7,,,
滨州,ecmwf_ifs025,2026-01-23,2,2026-01-25,1.4,-4.3,-7.0,-9.4,,63.6,13.5,,95.2,,,
滨州,ecmwf_ifs025,2026-01-22,3,2026-01-25,0.4,-3.3,-7.0,-8.4,,60.0,14.7,,98.3,,,
滨州,ecmwf_ifs025,2026-01-21,4,2026-01-25,1.5,-4.6,-6.8,-9.8,,61.0,13.6,,91.5,,,
滨州,ecmwf_ifs025,2026-01-20,5,2026-01-25,0.6,-5.8,-7.3,-10.6,,55.5,11.2,,98.8,,,
滨州,ecmwf_ifs025,2026-01-19,6,2026-01-25,-0.6,-5.8,-7.8,-10.7,,54.0,11.6,,98.2,,,
滨州,ecmwf_ifs025,2026-01-18,7,2026-01-25,0.1,-8.9,-8.3,-13.7,,58.7,9.2,,70.8,,,
滨州,gfs_seamless,2026-01-24,1,2026-01-25,1.9,-3.2,-7.2,-8.8,,55.9,17.1,,,9.89,0.0,0.0
滨州,gfs_seamless,2026-01-23,2,2026-01-25,2.4,-2.8,-6.7,-8.4,,53.2,17.6,,,9.39,0.0,0.0
滨州,gfs_seamless,2026-01-22,3,2026-01-25,3.8,-4.4,-6.5,-10.2,,52.5,16.8,,,8.6,0.0,0.0
滨州,gfs_seamless,2026-01-21,4,2026-01-25,2.4,-3.6,-7.1,-9.3,,44.2,17.1,,,7.55,0.0,0.0
滨州,gfs_seamless,2026-01-20,5,2026-01-25,5.0,-4.2,-5.7,-9.3,,53.2,13.7,,,7.25,0.0,0.0
滨州,gfs_seamless,2026-01-19,6,2026-01-25,3.3,-4.5,-6.3,-9.6,,48.5,13.2,,,7.74,0.3,0.0
滨州,gfs_seamless,2026-01-18,7,2026-01-25,2.0,-5.7,-7.0,-10.9,,44.9,12.7,,,10.93,0.0,0.0
滨州,jma_seamless,2026-01-24,1,2026-01-25,1.5,-1.7,-5.4,-5.5,,57.2,10.6,,51.5,,0.0,
滨州,jma_seamless,2026-01-23,2,2026-01-25,2.1,-2.0,-5.3,-5.8,,58.6,10.4,,49.9,,0.0,
滨州,jma_seamless,2026-01-22,3,2026-01-25,3.5,-2.6,-4.9,-6.2,,44.9,9.1,,47.4,,0.0,
滨州,jma_seamless,2026-01-21,4,2026-01-25,3.6,-1.9,-4.4,-5.5,,43.2,9.8,,65.8,,0.0,
滨州,jma_seamless,2026-01-20,5,2026-01-25,2.1,-2.0,-4.5,-5.4,,56.1,9.0,,59.7,,0.9,
滨州,jma_seamless,2026-01-19,6,2026-01-25,2.6,-5.2,-5.6,-8.4,,42.1,6.9,,42.6,,0.3,
滨州,jma_seamless,2026-01-18,7,2026-01-25,2.7,-6.3,-6.4,-9.5,,38.4,6.4,,41.8,,0.3,
滨州,ecmwf_ifs025,2026-01-25,1,2026-01-26,4.9,-3.5,-4.6,-6.0,,56.4,6.0,,46.4,,,
滨州,ecmwf_ifs025,2026-01-24,2,2026-01-26,4.9,-3.2,-4.6,-5.8,,56.4,6.3,,52.7,,,
滨州,ecmwf_ifs025,2026-01-23,3,2026-01-26,5.1,-3.5,-4.7,-6.7,,60.3,7.6,,47.9,,,
滨州,ecmwf_ifs025,2026-01-22,4,2026-01-26,3.7,-3.6,-5.1,-6.6,,70.4,7.0,,54.4,,,
滨州,ecmwf_ifs025,2026-01-21,5,2026-01-26,1.8,-3.5,-4.8,-6.4,,77.0,6.8,,68.8,,,
滨州,ecmwf_ifs025,2026-01-20,6,2026-01-26,5.8,-3.5,-4.6,-7.1,,58.0,8.6,,26.3,,,
滨州,ecmwf_ifs025,2026-01-19,7,2026-01-26,5.8,-3.2,-4.2,-6.6,,59.4,8.2,,27.5,,,
滨州,gfs_seamless,2026-01-25,1,2026-01-26,5.0,-3.7,-4.5,-6.9,,51.6,7.6,,,11.26,0.0,0.0
滨州,gfs_seamless,2026-01-24,2,2026-01-26,4.8,-4.1,-4.7,-7.4,,51.4,7.7,,,10.39,0.0,0.0
滨州,gfs_seamless,2026-01-23,3,2026-01-26,4.8,-1.9,-3.3,-5.0,,56.8,8.2,,,10.36,0.0,0.0
滨州,gfs_seamless,2026-01-22,4,2026-01-26,6.2,-1.2,-2.9,-4.9,,64.6,10.6,,,9.45,1.0,0.4
滨州,gfs_seamless,2026-01-21,5,2026-01-26,3.8,-1.0,-3.2,-4.6,,77.6,10.2,,,6.38,0.4,0.1
滨州,gfs_seamless,2026-01-20,6,2026-01-26,5.1,-2.4,-3.3,-5.9,,82.2,9.1,,,6.54,0.3,0.0
滨州,gfs_seamless,2026-01-19,7,2026-01-26,4.6,-1.8,-2.9,-5.4,,68.4,9.9,,,7.23,0.0,0.0
滨州,jma_seamless,2026-01-25,1,2026-01-26,3.7,-2.2,-3.9,,,52.9,4.5,,34.0,,0.0,
滨州,jma_seamless,2026-01-24,2,2026-01-26,3.5,-2.2,-4.0,-4.1,,56.3,5.0,,33.5,,0.6,
滨州,jma_seamless,2026-01-23,3,2026-01-26,3.8,-1.9,-3.8,-4.2,,55.2,5.9,,36.4,,0.6,
滨州,jma_seamless,2026-01-22,4,2026-01-26,3.8,-1.5,-3.0,,,73.8,4.7,,49.0,,2.4,
滨州,jma_seamless,2026-01-21,5,2026-01-26,4.1,-1.9,-2.6,,,83.6,3.3,,37.0,,1.5,
滨州,jma_seamless,2026-01-20,6,2026-01-26,3.3,-2.0,-3.6,-4.1,,63.0,5.5,,35.4,,0.3,
滨州,jma_seamless,2026-01-19,7,2026-01-26,2.0,-2.2,-3.9,-4.6,,66.7,6.1,,59.5,,1.5,
滨州,ecmwf_ifs025,2026-01-26,1,2026-01-27,4.7,-4.4,-5.2,-6.8,,52.2,5.5,,44.6,,,
滨州,ecmwf_ifs025,2026-01-25,2,2026-01-27,4.5,-4.6,-5.4,-7.3,,49.6,6.0,,32.8,,,
滨州,ecmwf_ifs025,2026-01-24,3,2026-01-27,4.8,-4.5,-5.4,-7.6,,50.5,7.0,,45.1,,,
滨州,ecmwf_ifs025,2026-01-23,4,2026-01-27,3.8,-4.0,-5.8,-7.6,,52.4,8.5,,45.8,,,
滨州,ecmwf_ifs025,2026-01-22,5,2026-01-27,3.7,-5.8,-6.5,-9.4,,58.2,7.7,,11.7,,,
滨州,ecmwf_ifs025,2026-01-21,6,2026-01-27,0.6,-6.5,-7.9,-9.8,,66.4,6.7,,30.0,,,
滨州,ecmwf_ifs025,2026-01-20,7,2026-01-27,2.2,-5.1,-6.4,-9.4,,53.7,10.0,,51.5,,,
滨州,gfs_seamless,2026-01-26,1,2026-01-27,4.3,-4.6,-4.8,-8.4,,42.5,8.6,,,10.3,0.0,0.0
滨州,gfs_seamless,2026-01-25,2,2026-01-27,3.9,-4.4,-5.4,-8.9,,46.2,11.1,,,10.22,0.0,0.0
滨州,gfs_seamless,2026-01-24,3,2026-01-27,2.8,-3.9,-6.1,-8.3,,44.2,11.1,,,11.57,0.0,0.0
滨州,gfs_seamless,2026-01-23,4,2026-01-27,3.0,-3.5,-6.1,-8.2,,45.4,12.6,,,10.47,0.0,0.0
滨州,gfs_seamless,2026-01-22,5,2026-01-27,2.8,-4.3,-6.4,-8.6,,43.0,10.6,,,10.18,0.0,0.0
滨州,gfs_seamless,2026-01-21,6,2026-01-27,2.2,-3.7,-6.2,-8.0,,49.8,10.9,,,8.99,0.0,0.0
滨州,gfs_seamless,2026-01-20,7,2026-01-27,4.6,-3.1,-5.2,-7.3,,66.4,11.0,,,10.35,0.0,0.0
滨州,jma_seamless,2026-01-26,1,2026-01-27,3.2,-3.1,-4.7,,,41.8,2.2,,25.8,,0.0,
滨州,jma_seamless,2026-01-25,2,2026-01-27,3.4,-2.8,-4.7,,,36.6,3.6,,23.8,,0.0,
滨州,jma_seamless,2026-01-24,3,2026-01-27,3.8,-2.6,-4.3,,,47.8,4.6,,25.1,,0.0,
滨州,jma_seamless,2026-01-23,4,2026-01-27,3.6,-2.6,-4.2,,,46.6,4.4,,10.3,,0.0,
滨州,jma_seamless,2026-01-22,5,2026-01-27,3.4,-3.5,-4.2,,,64.0,4.4,,22.5,,0.0,
滨州,jma_seamless,2026-01-21,6,2026-01-27,4.1,-3.3,-3.9,,,57.8,3.1,,29.5,,0.0,
滨州,jma_seamless,2026-01-20,7,2026-01-27,4.3,-2.3,-3.9,-4.4,,48.8,5.5,,8.9,,0.6,
滨州,ecmwf_ifs025,2026-01-27,1,2026-01-28,7.2,-4.2,-3.9,-7.6,,56.8,7.8,,33.9,10.16,0.0,
滨州,ecmwf_ifs025,2026-01-26,2,2026-01-28,6.0,-4.2,-4.8,-7.5,,58.0,7.5,,21.4,9.62,0.0,
滨州,ecmwf_ifs025,2026-01-25,3,2026-01-28,7.0,-3.8,-4.4,-6.8,,54.8,6.9,,41.8,10.75,0.0,
滨州,ecmwf_ifs025,2026-01-24,4,2026-01-28,6.9,-4.4,-4.1,-7.0,,56.7,5.8,,26.0,11.03,0.0,
滨州,ecmwf_ifs025,2026-01-23,5,2026-01-28,6.2,-5.1,-4.8,-8.8,,53.1,8.1,,48.0,10.32,0.0,
滨州,ecmwf_ifs025,2026-01-22,6,2026-01-28,2.1,-7.0,-7.3,-10.2,,65.8,6.2,,32.0,5.04,0.0,
滨州,ecmwf_ifs025,2026-01-21,7,2026-01-28,2.8,-7.0,-6.9,-9.5,,51.0,5.0,,36.5,9.19,0.0,
滨州,jma_seamless,2026-01-27,1,2026-01-28,5.2,-2.5,-3.4,-4.7,,58.3,5.5,,27.2,,0.0,0.0
滨州,jma_seamless,2026-01-26,2,2026-01-28,5.0,-2.4,-4.0,-4.6,,42.3,5.7,,7.4,,0.0,0.0
滨州,jma_seamless,2026-01-25,3,2026-01-28,5.5,-2.7,-3.7,,,51.5,4.7,,9.9,,0.0,0.0
滨州,jma_seamless,2026-01-24,4,2026-01-28,5.4,-2.7,-3.8,,,52.4,4.7,,9.4,,0.0,0.0
滨州,jma_seamless,2026-01-23,5,2026-01-28,5.9,-2.9,-3.5,,,60.9,4.7,,1.4,,0.0,0.0
滨州,jma_seamless,2026-01-22,6,2026-01-28,5.4,-3.2,-3.7,,,62.0,3.7,,1.1,,0.0,0.0
滨州,jma_seamless,2026-01-21,7,2026-01-28,3.7,-2.5,-3.7,-4.4,,69.5,5.0,,33.3,,0.0,0.0
滨州,ecmwf_ifs025,2026-01-28,1,2026-01-29,2.6,-2.7,-4.7,-6.9,,70.1,11.4,,99.5,5.08,0.0,
滨州,ecmwf_ifs025,2026-01-27,2,2026-01-29,2.8,-3.4,-5.0,-7.7,,70.5,11.2,,95.9,6.49,0.0,
滨州,ecmwf_ifs025,2026-01-26,3,2026-01-29,3.5,-3.9,-4.6,-7.5,,72.2,8.5,,84.8,6.35,0.0,
滨州,ecmwf_ifs025,2026-01-25,4,2026-01-29,4.6,-3.7,-4.0,-6.7,,72.0,7.1,,77.7,8.01,0.0,
滨州,ecmwf_ifs025,2026-01-24,5,2026-01-29,5.9,-3.0,-3.1,-6.2,,66.3,7.8,,92.2,6.84,0.0,
滨州,ecmwf_ifs025,2026-01-23,6,2026-01-29,4.2,-4.3,-5.5,-8.3,,71.5,9.5,,83.0,9.64,0.0,
滨州,ecmwf_ifs025,2026-01-22,7,2026-01-29,2.3,-7.1,-6.8,-9.9,,66.6,5.5,,70.0,10.11,0.0,
滨州,jma_seamless,2026-01-28,1,2026-01-29,3.3,-1.7,-4.0,-4.9,,68.3,8.6,,41.2,,0.0,0.0
滨州,jma_seamless,2026-01-27,2,2026-01-29,4.3,-1.5,-3.5,-4.9,,74.8,9.2,,52.0,,0.0,0.0
滨州,jma_seamless,2026-01-26,3,2026-01-29,3.5,-1.9,-4.2,-5.1,,67.2,8.3,,35.0,,0.0,0.0
滨州,jma_seamless,2026-01-25,4,2026-01-29,4.9,-3.0,-4.1,-5.5,,55.1,6.0,,28.0,,0.0,0.0
滨州,jma_seamless,2026-01-24,5,2026-01-29,4.7,-1.7,-3.4,-4.8,,75.2,8.3,,11.6,,0.0,0.0
滨州,jma_seamless,2026-01-23,6,2026-01-29,3.9,-1.9,-4.0,-4.9,,66.4,7.7,,16.4,,0.0,0.0
滨州,jma_seamless,2026-01-22,7,2026-01-29,4.8,-2.0,-3.8,-5.6,,76.0,9.7,,33.2,,0.0,0.0
滨州,ecmwf_ifs025,2026-01-29,1,2026-01-30,2.9,-2.7,-5.4,-5.9,,52.7,7.9,,83.8,8.45,0.0,
滨州,ecmwf_ifs025,2026-01-28,2,2026-01-30,3.0,-2.7,-5.3,-6.0,,51.9,8.4,,92.6,8.33,0.0,
滨州,ecmwf_ifs025,2026-01-27,3,2026-01-30,2.4,-2.7,-5.7,-6.5,,48.2,9.8,,89.8,9.07,0.0,
滨州,ecmwf_ifs025,2026-01-26,4,2026-01-30,3.1,-2.7,-5.2,-6.1,,55.5,8.5,,87.0,8.73,0.0,
滨州,ecmwf_ifs025,2026-01-25,5,2026-01-30,2.8,-2.9,-5.1,-6.7,,57.8,9.7,,87.9,8.0,0.0,
滨州,ecmwf_ifs025,2026-01-24,6,2026-01-30,0.4,-2.3,-5.8,-6.4,,65.0,11.4,,84.1,5.65,0.0,
滨州,ecmwf_ifs025,2026-01-23,7,2026-01-30,2.6,-3.7,-5.8,-7.5,,53.1,9.1,,100.0,6.23,0.3,
滨州,jma_seamless,2026-01-29,1,2026-01-30,1.8,-2.1,-4.7,-4.7,,48.0,6.7,,45.0,,0.0,0.0
滨州,jma_seamless,2026-01-28,2,2026-01-30,3.0,-1.5,-4.2,-4.4,,50.0,7.6,,46.7,,0.0,0.0
滨州,jma_seamless,2026-01-27,3,2026-01-30,2.2,-1.8,-4.7,-5.1,,56.5,8.7,,62.8,,0.0,0.0
滨州,jma_seamless,2026-01-26,4,2026-01-30,2.7,-1.9,-4.6,-5.0,,51.9,8.0,,48.5,,0.0,0.0
滨州,jma_seamless,2026-01-25,5,2026-01-30,1.4,-1.9,-4.8,-5.5,,65.5,9.8,,59.7,,0.6,0.1
滨州,jma_seamless,2026-01-24,6,2026-01-30,2.4,-1.2,-4.5,-4.6,,59.0,9.4,,72.3,,0.9,0.4
滨州,jma_seamless,2026-01-23,7,2026-01-30,-0.7,-2.1,-5.7,-5.8,,59.5,9.8,,75.0,,1.8,1.3
滨州,ecmwf_ifs025,2026-01-30,1,2026-01-31,4.6,-3.8,-4.1,-6.4,,53.2,6.0,,32.5,11.5,0.0,
滨州,ecmwf_ifs025,2026-01-29,2,2026-01-31,4.4,-4.5,-4.2,-7.0,,55.4,5.6,,35.9,11.43,0.0,
滨州,ecmwf_ifs025,2026-01-28,3,2026-01-31,4.7,-4.0,-4.4,,,52.7,4.8,,45.3,9.79,0.0,
滨州,ecmwf_ifs025,2026-01-27,4,2026-01-31,5.3,-3.6,-4.5,-6.5,,53.1,6.8,,48.9,9.27,0.0,
滨州,ecmwf_ifs025,2026-01-26,5,2026-01-31,6.9,-3.3,-3.8,-6.5,,61.6,7.7,,80.3,10.58,0.0,
滨州,ecmwf_ifs025,2026-01-25,6,2026-01-31,7.0,-4.5,-3.1,-7.9,,73.5,7.8,,73.1,9.5,0.0,
滨州,ecmwf_ifs025,2026-01-24,7,2026-01-31,1.1,-2.5,-4.5,-4.7,,74.1,5.6,,72.5,4.24,1.2,
滨州,jma_seamless,2026-01-30,1,2026-01-31,4.3,-2.5,-3.8,,,42.0,3.2,,31.3,,0.0,0.0
滨州,jma_seamless,2026-01-29,2,2026-01-31,4.5,-2.1,-3.6,,,44.8,3.5,,23.6,,0.0,0.0
滨州,jma_seamless,2026-01-28,3,2026-01-31,3.6,-2.3,-3.5,,,58.3,2.8,,41.2,,0.0,0.0
滨州,jma_seamless,2026-01-27,4,2026-01-31,4.8,-2.6,-3.3,,,53.6,3.2,,40.3,,0.0,0.0
滨州,jma_seamless,2026-01-26,5,2026-01-31,5.8,-2.6,-3.4,,,58.4,3.9,,31.3,,0.0,0.0
滨州,jma_seamless,2026-01-25,6,2026-01-31,3.2,-1.8,-3.9,-4.1,,63.0,5.9,,48.1,,0.3,0.2
滨州,jma_seamless,2026-01-24,7,2026-01-31,4.3,-2.5,-3.6,-4.7,,61.5,5.6,,38.6,,0.6,0.1
滨州,ecmwf_ifs025,2026-01-31,1,2026-02-01,6.2,-4.1,-4.5,-7.3,,61.2,7.2,,0.5,11.48,0.0,
滨州,ecmwf_ifs025,2026-01-30,2,2026-02-01,7.1,-4.3,-4.1,-7.5,,63.7,7.3,,2.7,11.55,0.0,
滨州,ecmwf_ifs025,2026-01-29,3,2026-02-01,7.5,-4.0,-3.1,-7.1,,73.2,7.0,,0.5,11.57,0.0,
滨州,ecmwf_ifs025,2026-01-28,4,2026-02-01,7.4,-4.5,-3.7,-8.2,,63.5,8.4,,0.0,11.74,0.0,
滨州,ecmwf_ifs025,2026-01-27,5,2026-02-01,8.9,-3.4,-3.2,-7.0,,62.5,8.9,,3.6,11.78,0.0,
滨州,ecmwf_ifs025,2026-01-26,6,2026-02-01,9.2,-5.0,-3.4,-9.3,,70.6,10.1,,27.0,10.41,0.0,
滨州,ecmwf_ifs025,2026-01-25,7,2026-02-01,9.4,-1.2,-2.0,-4.7,,73.2,10.0,,4.5,10.41,0.0,
滨州,jma_seamless,2026-01-31,1,2026-02-01,6.2,-1.9,-2.8,-4.4,,62.3,6.5,,0.0,,0.0,0.0
滨州,jma_seamless,2026-01-30,2,2026-02-01,6.7,-2.0,-3.0,-4.1,,51.0,5.5,,0.0,,0.0,0.0
滨州,jma_seamless,2026-01-29,3,2026-02-01,6.1,-2.7,-3.5,,,55.6,4.5,,0.0,,0.0,0.0
滨州,jma_seamless,2026-01-28,4,2026-02-01,7.2,-2.6,-2.7,,,64.4,4.7,,0.0,,0.0,0.0
滨州,jma_seamless,2026-01-27,5,2026-02-01,8.0,-2.7,-2.6,,,61.7,4.5,,0.0,,0.0,0.0
滨州,jma_seamless,2026-01-26,6,2026-02-01,8.8,-2.3,-1.7,-5.3,,65.4,7.5,,12.6,,0.0,0.0
滨州,jma_seamless,2026-01-25,7,2026-02-01,4.8,-3.5,-3.9,-6.0,,51.9,6.0,,3.0,,0.0,0.0
滨州,ecmwf_ifs025,2026-02-01,1,2026-02-02,3.9,-4.5,-5.7,-7.9,,39.3,7.6,,0.3,12.34,0.0,
滨州,ecmwf_ifs025,2026-01-31,2,2026-02-02,3.5,-4.4,-5.7,-7.8,,36.9,7.8,,1.0,12.36,0.0,
滨州,ecmwf_ifs025,2026-01-30,3,2026-02-02,4.3,-4.2,-5.1,-7.2,,43.6,6.8,,1.2,12.25,0.0,
滨州,ecmwf_ifs025,2026-01-29,4,2026-02-02,4.9,-3.2,-4.2,-5.7,,47.3,6.0,,0.0,12.09,0.0,
滨州,ecmwf_ifs025,2026-01-28,5,2026-02-02,9.7,-2.6,-2.3,-5.0,,53.0,6.0,,0.0,12.09,0.0,
滨州,ecmwf_ifs025,2026-01-27,6,2026-02-02,2.0,-2.6,-5.5,-6.4,,53.9,9.8,,0.5,10.91,0.0,
滨州,ecmwf_ifs025,2026-01-26,7,2026-02-02,3.5,-4.6,-5.1,-7.9,,53.0,7.4,,0.3,10.93,0.0,
滨州,jma_seamless,2026-02-01,1,2026-02-02,3.2,-2.0,-4.4,-4.7,,37.8,6.8,,0.0,,0.0,0.0
滨州,jma_seamless,2026-01-31,2,2026-02-02,3.1,-1.9,-4.6,-4.3,,30.7,6.1,,0.0,,0.0,0.0
滨州,jma_seamless,2026-01-30,3,2026-02-02,4.1,-1.9,-3.8,,,41.8,4.0,,0.0,,0.0,0.0
滨州,jma_seamless,2026-01-29,4,2026-02-02,9.9,-2.5,-2.2,,,43.8,4.6,,0.0,,0.0,0.0
滨州,jma_seamless,2026-01-28,5,2026-02-02,8.7,-1.8,-2.1,,,41.9,3.6,,0.0,,0.0,0.0
滨州,jma_seamless,2026-01-27,6,2026-02-02,11.5,-0.3,-0.5,-3.2,,43.7,8.5,,0.0,,0.0,0.0
滨州,jma_seamless,2026-01-26,7,2026-02-02,10.7,-0.8,-0.5,-4.3,,41.6,10.1,,0.0,,0.0,0.0
滨州,ecmwf_ifs025,2026-02-02,1,2026-02-03,11.6,-3.2,-1.8,-7.3,,46.9,10.4,,44.7,12.05,0.0,
滨州,ecmwf_ifs025,2026-02-01,2,2026-02-03,11.1,-3.5,-2.5,-7.5,,40.3,10.1,,48.7,12.17,0.0,
滨州,ecmwf_ifs025,2026-01-31,3,2026-02-03,10.7,-3.1,-2.6,-7.0,,35.4,9.9,,37.8,12.24,0.0,
滨州,ecmwf_ifs025,2026-01-30,4,2026-02-03,11.2,-2.7,-2.0,-6.5,,34.7,9.8,,33.3,12.27,0.0,
滨州,ecmwf_ifs025,2026-01-29,5,2026-02-03,11.9,-1.7,-1.1,-5.5,,38.8,10.4,,16.1,12.23,0.0,
滨州,ecmwf_ifs025,2026-01-28,6,2026-02-03,13.4,-1.5,0.2,-5.4,,44.3,11.3,,52.9,10.88,0.0,
滨州,ecmwf_ifs025,2026-01-27,7,2026-02-03,8.9,-4.6,-3.3,-9.0,,33.1,10.5,,27.1,11.1,0.0,
滨州,jma_seamless,2026-02-02,1,2026-02-03,11.2,-0.7,-0.1,-4.3,,40.8,10.4,,25.8,,0.0,0.0
滨州,jma_seamless,2026-02-01,2,2026-02-03,11.3,-1.3,-0.5,-4.9,,28.5,10.3,,30.5,,0.0,0.0
滨州,jma_seamless,2026-01-31,3,2026-02-03,11.1,-1.0,-0.9,-4.5,,26.5,9.9,,14.0,,0.0,0.0
滨州,jma_seamless,2026-01-30,4,2026-02-03,12.0,-1.2,-0.3,-4.5,,32.1,9.1,,0.0,,0.0,0.0
滨州,jma_seamless,2026-01-29,5,2026-02-03,13.4,-0.1,0.9,-3.4,,32.8,10.0,,10.5,,0.0,0.0
滨州,jma_seamless,2026-01-28,6,2026-02-03,13.5,0.2,0.9,-3.4,,32.3,11.2,,3.5,,0.0,0.0
滨州,jma_seamless,2026-01-27,7,2026-02-03,12.3,0.2,1.3,-2.2,,37.2,7.2,,1.0,,0.0,0.0
滨州,ecmwf_ifs025,2026-02-03,1,2026-02-04,10.7,-0.4,0.8,-2.8,,73.1,6.7,,25.3,12.12,0.0,
滨州,ecmwf_ifs025,2026-02-02,2,2026-02-04,11.2,-0.4,0.9,-2.6,,70.0,6.4,,26.8,12.18,0.0,
滨州,ecmwf_ifs025,2026-02-01,3,2026-02-04,10.9,0.4,0.7,-2.0,,67.5,7.3,,48.8,12.15,0.0,
滨州,ecmwf_ifs025,2026-01-31,4,2026-02-04,11.5,1.3,1.3,-1.4,,62.7,8.6,,31.5,12.04,0.0,
滨州,ecmwf_ifs025,2026-01-30,5,2026-02-04,12.0,1.0,1.4,-1.8,,58.8,8.7,,37.8,12.14,0.0,
滨州,ecmwf_ifs025,2026-01-29,6,2026-02-04,11.5,0.7,1.2,-1.9,,64.0,8.1,,30.7,10.83,0.0,
滨州,ecmwf_ifs025,2026-01-28,7,2026-02-04,13.6,-0.4,2.4,-3.1,,62.6,7.7,,50.7,10.7,0.0,
滨州,jma_seamless,2026-02-03,1,2026-02-04,12.5,1.9,2.2,-0.3,,56.8,7.3,,15.0,,0.0,0.0
滨州,jma_seamless,2026-02-02,2,2026-02-04,12.7,2.2,2.3,-0.1,,53.1,7.9,,19.8,,0.0,0.0
滨州,jma_seamless,2026-02-01,3,2026-02-04,13.1,1.9,1.7,-0.7,,41.2,8.5,,20.2,,0.0,0.0
滨州,jma_seamless,2026-01-31,4,2026-02-04,13.2,1.2,2.0,-1.3,,38.7,8.0,,0.3,,0.0,0.0
滨州,jma_seamless,2026-01-30,5,2026-02-04,13.5,2.7,2.5,0.9,,44.0,6.4,,28.1,,0.0,0.0
滨州,jma_seamless,2026-01-29,6,2026-02-04,13.8,1.8,2.7,-0.6,,39.4,7.8,,31.6,,0.0,0.0
滨州,jma_seamless,2026-01-28,7,2026-02-04,13.0,0.9,1.9,-1.3,,44.9,6.9,,0.1,,0.0,0.0
滨州,ecmwf_ifs025,2026-02-04,1,2026-02-05,5.1,-4.4,-5.1,-9.6,,64.0,13.9,,79.8,12.26,0.0,
滨州,ecmwf_ifs025,2026-02-03,2,2026-02-05,5.1,-3.7,-4.7,-8.8,,64.4,14.1,,80.4,12.05,0.0,
滨州,ecmwf_ifs025,2026-02-02,3,2026-02-05,5.0,-4.1,-4.7,-9.2,,64.1,13.8,,68.4,12.18,0.0,
滨州,ecmwf_ifs025,2026-02-01,4,2026-02-05,4.4,-3.6,-4.3,-8.8,,58.0,14.8,,88.2,12.1,0.0,
滨州,ecmwf_ifs025,2026-01-31,5,2026-02-05,2.1,-3.8,-5.4,-9.0,,57.8,14.6,,100.0,9.78,0.0,
滨州,ecmwf_ifs025,2026-01-30,6,2026-02-05,7.3,-3.4,-3.2,-7.6,,67.8,10.9,,88.5,10.35,0.0,
滨州,ecmwf_ifs025,2026-01-29,7,2026-02-05,9.3,-2.1,-2.8,-6.2,,68.8,11.4,,71.9,11.27,0.0,
滨州,jma_seamless,2026-02-04,1,2026-02-05,4.5,-3.2,-3.7,-7.5,,56.0,11.4,,43.7,,0.0,0.0
滨州,jma_seamless,2026-02-03,2,2026-02-05,5.8,-3.0,-3.1,-7.3,,54.8,11.3,,53.9,,0.0,0.0
滨州,jma_seamless,2026-02-02,3,2026-02-05,4.1,-3.0,-3.7,-7.8,,43.1,13.5,,36.8,,0.0,0.0
滨州,jma_seamless,2026-02-01,4,2026-02-05,3.5,-2.8,-4.8,-7.4,,35.1,13.0,,28.7,,0.0,0.0
滨州,jma_seamless,2026-01-31,5,2026-02-05,6.0,-3.5,-3.0,-7.7,,57.7,10.7,,42.8,,0.0,0.0
滨州,jma_seamless,2026-01-30,6,2026-02-05,15.0,-1.1,0.7,-4.0,,52.3,8.0,,50.8,,0.0,0.0
滨州,jma_seamless,2026-01-29,7,2026-02-05,4.7,-4.5,-4.9,-9.3,,54.3,12.1,,32.2,,0.0,0.0
滨州,ecmwf_ifs025,2026-02-05,1,2026-02-06,-2.9,-7.3,-10.3,-12.8,,49.0,12.4,,51.0,10.36,0.0,
滨州,ecmwf_ifs025,2026-02-04,2,2026-02-06,-2.3,-6.7,-9.6,-12.1,,50.6,12.8,,82.2,10.03,0.0,
滨州,ecmwf_ifs025,2026-02-03,3,2026-02-06,-2.8,-6.5,-10.0,-11.9,,50.8,13.0,,97.9,8.26,0.0,
滨州,ecmwf_ifs025,2026-02-02,4,2026-02-06,-3.2,-6.3,-10.1,-12.0,,50.8,14.1,,74.0,8.08,0.0,
滨州,ecmwf_ifs025,2026-02-01,5,2026-02-06,-1.8,-5.4,-8.7,-9.7,,53.5,9.8,,89.9,6.73,0.0,
滨州,ecmwf_ifs025,2026-01-31,6,2026-02-06,0.4,-4.5,-7.0,-7.2,,50.8,6.0,,44.6,7.95,0.0,
滨州,ecmwf_ifs025,2026-01-30,7,2026-02-06,-1.1,-4.4,-8.1,-9.7,,48.8,14.2,,63.8,9.26,0.0,
滨州,jma_seamless,2026-02-05,1,2026-02-06,-1.8,-4.9,-8.3,-8.9,,41.6,9.1,,47.0,,0.0,0.0
滨州,jma_seamless,2026-02-04,2,2026-02-06,-2.7,-5.3,-8.8,-9.9,,42.7,11.0,,57.1,,0.0,0.0
滨州,jma_seamless,2026-02-03,3,2026-02-06,-2.5,-5.6,-9.0,-10.0,,41.4,9.9,,32.6,,0.0,0.0
滨州,jma_seamless,2026-02-02,4,2026-02-06,-2.8,-5.2,-8.7,-8.9,,40.0,8.1,,36.3,,0.0,0.0
滨州,jma_seamless,2026-02-01,5,2026-02-06,-2.1,-4.7,-8.6,-8.4,,27.9,8.3,,7.4,,0.0,0.0
滨州,jma_seamless,2026-01-31,6,2026-02-06,-1.4,-4.6,-8.2,-8.9,,27.2,10.4,,7.3,,0.0,0.0
滨州,jma_seamless,2026-01-30,7,2026-02-06,-1.8,-4.5,-8.8,-9.3,,23.6,12.1,,9.5,,0.0,0.0
滨州,ecmwf_ifs025,2026-02-06,1,2026-02-07,-0.6,-7.5,-10.0,-12.1,,34.7,9.4,,2.4,12.95,0.0,
滨州,ecmwf_ifs025,2026-02-05,2,2026-02-07,-0.2,-8.8,-9.6,-13.2,,38.9,8.3,,3.5,12.88,0.0,
滨州,ecmwf_ifs025,2026-02-04,3,2026-02-07,0.9,-7.4,-8.8,-11.5,,43.4,8.1,,26.2,12.54,0.0,
滨州,ecmwf_ifs025,2026-02-03,4,2026-02-07,1.0,-7.5,-8.8,-11.7,,40.6,8.5,,20.7,12.65,0.0,
滨州,ecmwf_ifs025,2026-02-02,5,2026-02-07,1.1,-7.2,-8.5,-11.4,,47.0,8.5,,28.4,12.65,0.0,
滨州,ecmwf_ifs025,2026-02-01,6,2026-02-07,-1.5,-5.5,-9.1,-10.3,,49.1,11.5,,30.7,11.0,0.0,
滨州,ecmwf_ifs025,2026-01-31,7,2026-02-07,5.7,-4.4,-6.3,-9.2,,36.6,12.3,,18.2,11.63,0.0,
滨州,jma_seamless,2026-02-06,1,2026-02-07,0.3,-5.3,-8.0,-9.0,,29.5,8.0,,3.8,,0.0,0.0
滨州,jma_seamless,2026-02-05,2,2026-02-07,-0.1,-5.4,-7.8,-8.4,,29.6,6.3,,3.5,,0.0,0.0
滨州,jma_seamless,2026-02-04,3,2026-02-07,-0.7,-5.9,-8.2,-8.6,,27.7,5.6,,2.9,,0.0,0.0
滨州,jma_seamless,2026-02-03,4,2026-02-07,0.2,-5.6,-7.8,-8.3,,26.0,5.6,,0.2,,0.0,0.0
滨州,jma_seamless,2026-02-02,5,2026-02-07,1.7,-5.2,-7.3,-8.5,,24.7,7.2,,5.8,,0.0,0.0
滨州,jma_seamless,2026-02-01,6,2026-02-07,2.3,-4.0,-6.4,-7.3,,16.0,7.7,,0.1,,0.0,0.0
滨州,jma_seamless,2026-01-31,7,2026-02-07,6.4,-3.5,-5.4,-8.2,,12.8,12.6,,0.0,,0.0,0.0
滨州,ecmwf_ifs025,2026-02-07,1,2026-02-08,3.5,-10.2,-8.5,-15.0,,24.2,8.8,,0.0,13.15,0.0,
滨州,ecmwf_ifs025,2026-02-06,2,2026-02-08,3.7,-8.2,-7.7,-12.4,,24.5,8.0,,0.0,13.14,0.0,
滨州,ecmwf_ifs025,2026-02-05,3,2026-02-08,4.5,-8.2,-7.1,-12.2,,30.2,7.7,,0.0,13.05,0.0,
滨州,ecmwf_ifs025,2026-02-04,4,2026-02-08,3.5,-7.7,-7.3,-11.0,,29.6,6.3,,3.2,13.07,0.0,
滨州,ecmwf_ifs025,2026-02-03,5,2026-02-08,2.0,-7.0,-7.5,-9.8,,35.6,5.5,,4.5,13.18,0.0,
滨州,ecmwf_ifs025,2026-02-02,6,2026-02-08,0.5,-7.0,-7.5,,,52.1,4.8,,35.9,8.36,0.0,
滨州,ecmwf_ifs025,2026-02-01,7,2026-02-08,7.8,-5.9,-6.0,-11.2,,35.5,12.8,,15.7,11.93,0.0,
滨州,jma_seamless,2026-02-07,1,2026-02-08,2.4,-5.2,-6.7,-8.7,,16.4,7.5,,0.0,,0.0,0.0
滨州,jma_seamless,2026-02-06,2,2026-02-08,3.2,-5.0,-6.4,-8.6,,17.8,8.0,,0.0,,0.0,0.0
滨州,jma_seamless,2026-02-05,3,2026-02-08,3.0,-4.9,-5.9,-7.4,,21.9,5.4,,0.0,,0.0,0.0
滨州,jma_seamless,2026-02-04,4,2026-02-08,3.9,-4.5,-6.0,-7.6,,17.4,7.0,,0.0,,0.0,0.0
滨州,jma_seamless,2026-02-03,5,2026-02-08,2.6,-4.0,-5.5,-7.1,,24.2,7.2,,4.1,,0.0,0.0
滨州,jma_seamless,2026-02-02,6,2026-02-08,1.2,-2.7,-5.9,-5.5,,28.3,6.8,,0.0,,0.0,0.0
滨州,jma_seamless,2026-02-01,7,2026-02-08,3.4,-3.8,-5.1,-7.7,,24.4,9.5,,0.0,,0.0,0.0
滨州,ecmwf_ifs025,2026-02-08,1,2026-02-09,8.5,-1.6,-2.6,-6.1,,35.4,13.4,,70.8,10.18,0.0,
滨州,ecmwf_ifs025,2026-02-07,2,2026-02-09,8.4,-1.6,-3.1,-6.1,,32.2,13.6,,71.0,10.07,0.0,
滨州,ecmwf_ifs025,2026-02-06,3,2026-02-09,8.9,-1.3,-2.9,-5.8,,33.5,14.0,,72.3,10.25,0.0,
滨州,ecmwf_ifs025,2026-02-05,4,2026-02-09,8.9,-2.2,-2.8,-6.8,,31.8,13.4,,72.3,10.67,0.0,
滨州,ecmwf_ifs025,2026-02-04,5,2026-02-09,9.9,-3.4,-2.8,-8.0,,30.5,12.2,,58.5,11.63,0.0,
滨州,ecmwf_ifs025,2026-02-03,6,2026-02-09,9.0,-4.3,-3.7,-8.9,,27.3,11.4,,54.8,10.94,0.0,
滨州,ecmwf_ifs025,2026-02-02,7,2026-02-09,7.5,-4.8,-4.6,-9.8,,33.0,12.6,,76.5,10.93,0.0,
滨州,jma_seamless,2026-02-08,1,2026-02-09,8.0,-0.2,-2.3,-4.2,,25.1,12.8,,46.0,,0.0,0.0
滨州,jma_seamless,2026-02-07,2,2026-02-09,8.3,-0.5,-2.2,-4.6,,22.9,13.0,,50.5,,0.6,0.0
滨州,jma_seamless,2026-02-06,3,2026-02-09,9.3,-0.2,-1.6,-4.1,,23.2,12.3,,55.4,,0.3,0.0
滨州,jma_seamless,2026-02-05,4,2026-02-09,9.8,-0.4,-1.1,-4.4,,23.2,12.5,,54.8,,0.3,0.0
滨州,jma_seamless,2026-02-04,5,2026-02-09,10.0,0.1,-1.4,-3.8,,21.4,12.5,,38.9,,0.0,0.0
滨州,jma_seamless,2026-02-03,6,2026-02-09,9.5,-2.7,-1.8,-6.7,,20.7,10.7,,30.6,,0.0,0.0
滨州,jma_seamless,2026-02-02,7,2026-02-09,7.3,-1.8,-2.8,-5.4,,20.0,9.6,,55.8,,0.0,0.0
滨州,ecmwf_ifs025,2026-02-09,1,2026-02-10,8.5,-1.7,-0.7,-5.0,,60.4,8.7,,70.2,11.87,0.0,
滨州,ecmwf_ifs025,2026-02-08,2,2026-02-10,8.6,-1.5,-0.8,-4.5,,58.5,8.0,,67.5,11.84,0.6,
滨州,ecmwf_ifs025,2026-02-07,3,2026-02-10,8.2,-1.8,-1.1,-4.6,,63.6,7.4,,63.7,11.83,0.3,
滨州,ecmwf_ifs025,2026-02-06,4,2026-02-10,7.6,-2.4,-1.4,-5.3,,65.9,7.3,,89.8,9.22,0.9,
滨州,ecmwf_ifs025,2026-02-05,5,2026-02-10,7.1,-2.9,-1.9,-5.7,,66.4,6.9,,72.7,10.92,1.5,
滨州,ecmwf_ifs025,2026-02-04,6,2026-02-10,8.6,-2.6,-1.3,-5.7,,63.3,7.6,,73.1,10.72,0.0,
滨州,ecmwf_ifs025,2026-02-03,7,2026-02-10,8.8,0.8,-0.6,-1.3,,52.9,6.6,,89.2,10.93,0.0,
滨州,jma_seamless,2026-02-09,1,2026-02-10,10.1,0.6,-0.1,-2.1,,41.5,8.3,,45.6,,0.0,0.0
滨州,jma_seamless,2026-02-08,2,2026-02-10,10.1,-0.2,-0.3,-3.2,,45.6,8.8,,24.2,,0.6,0.0
滨州,jma_seamless,2026-02-07,3,2026-02-10,9.1,-0.6,-0.6,-3.3,,60.2,7.5,,34.0,,0.3,0.0
滨州,jma_seamless,2026-02-06,4,2026-02-10,9.5,0.3,0.2,-2.3,,54.1,7.6,,29.6,,0.3,0.0
滨州,jma_seamless,2026-02-05,5,2026-02-10,11.4,1.4,0.8,-1.5,,44.1,9.6,,13.3,,0.0,0.0
滨州,jma_seamless,2026-02-04,6,2026-02-10,11.6,2.0,0.7,-0.9,,32.0,10.1,,31.2,,0.0,0.0
滨州,jma_seamless,2026-02-03,7,2026-02-10,11.9,1.1,0.5,-1.8,,25.7,9.1,,66.6,,0.0,0.0
滨州,ecmwf_ifs025,2026-02-10,1,2026-02-11,10.2,-3.1,-2.3,-6.1,,41.1,7.2,,0.0,,,
滨州,ecmwf_ifs025,2026-02-09,2,2026-02-11,9.9,-3.3,-2.4,-6.5,,47.2,7.7,,0.0,,,
滨州,ecmwf_ifs025,2026-02-08,3,2026-02-11,9.8,-3.1,-2.1,-7.0,,51.9,10.1,,0.0,,,
滨州,ecmwf_ifs025,2026-02-07,4,2026-02-11,9.4,-3.3,-2.2,-7.0,,58.3,9.1,,0.0,,,
滨州,ecmwf_ifs025,2026-02-06,5,2026-02-11,8.7,-3.9,-2.4,-8.6,,59.1,12.2,,0.0,,,
滨州,ecmwf_ifs025,2026-02-05,6,2026-02-11,9.6,-3.8,-2.8,-8.4,,62.5,12.0,,0.0,,,
滨州,ecmwf_ifs025,2026-02-04,7,2026-02-11,8.1,-1.9,-1.9,-5.6,,58.0,10.1,,22.7,,,
滨州,jma_seamless,2026-02-10,1,2026-02-11,9.5,-2.0,-1.0,-4.5,,41.0,6.4,,,,,0.0
滨州,jma_seamless,2026-02-09,2,2026-02-11,9.3,-1.9,-1.2,-4.4,,40.5,6.5,,,,,0.0
滨州,jma_seamless,2026-02-08,3,2026-02-11,9.0,-2.0,-1.4,-4.5,,43.8,6.4,,,,,0.0
滨州,jma_seamless,2026-02-07,4,2026-02-11,9.1,-2.0,-0.9,-4.8,,54.3,7.2,,,,,0.0
滨州,jma_seamless,2026-02-06,5,2026-02-11,8.2,-1.8,-1.4,-4.0,,46.2,5.8,,,,,0.0
滨州,jma_seamless,2026-02-05,6,2026-02-11,7.4,-0.9,-1.2,-3.3,,44.0,6.5,,,,,0.0
滨州,jma_seamless,2026-02-04,7,2026-02-11,7.7,-1.0,-1.5,-3.3,,41.6,6.4,,,,,0.0
滨州,ecmwf_ifs025,2026-02-11,1,2026-02-12,14.0,0.1,2.0,-2.4,,55.5,7.3,,2.7,,,
滨州,ecmwf_ifs025,2026-02-10,2,2026-02-12,14.1,0.2,1.7,-2.3,,48.9,7.5,,2.5,,,
滨州,ecmwf_ifs025,2026-02-09,3,2026-02-12,14.8,0.3,1.7,-3.5,,45.5,12.5,,0.0,,,
滨州,ecmwf_ifs025,2026-02-08,4,2026-02-12,14.5,0.5,1.6,-2.8,,44.7,10.5,,0.0,,,
滨州,ecmwf_ifs025,2026-02-07,5,2026-02-12,15.6,-0.2,1.9,-4.1,,47.4,12.4,,13.8,,,
滨州,ecmwf_ifs025,2026-02-06,6,2026-02-12,15.7,0.5,1.9,-3.2,,45.5,11.9,,25.0,,,
滨州,ecmwf_ifs025,2026-02-05,7,2026-02-12,12.3,0.1,1.2,-2.8,,51.0,8.6,,57.0,,,
滨州,jma_seamless,2026-02-11,1,2026-02-12,14.4,1.7,2.5,-0.6,,35.4,7.6,,,,,0.0
滨州,jma_seamless,2026-02-10,2,2026-02-12,14.5,1.0,1.8,-1.3,,31.0,7.2,,,,,0.0
滨州,jma_seamless,2026-02-09,3,2026-02-12,14.6,0.9,1.9,-1.8,,26.2,8.3,,,,,0.0
滨州,jma_seamless,2026-02-08,4,2026-02-12,12.7,-0.2,1.2,,,26.3,4.8,,,,,0.0
滨州,jma_seamless,2026-02-07,5,2026-02-12,15.2,0.2,2.1,-2.9,,28.6,9.3,,,,,0.0
滨州,jma_seamless,2026-02-06,6,2026-02-12,15.3,0.9,2.1,-2.7,,24.5,12.0,,,,,0.0
滨州,jma_seamless,2026-02-05,7,2026-02-12,15.0,-0.2,1.9,-3.2,,29.9,8.7,,,,,0.0
滨州,ecmwf_ifs025,2026-02-12,1,2026-02-13,16.5,0.1,3.8,-1.9,,61.5,6.1,,15.8,,,
滨州,ecmwf_ifs025,2026-02-11,2,2026-02-13,15.3,-0.1,3.3,-2.3,,66.2,6.4,,25.3,,,
滨州,ecmwf_ifs025,2026-02-10,3,2026-02-13,16.0,0.2,3.7,-3.2,,63.2,10.4,,12.5,,,
滨州,ecmwf_ifs025,2026-02-09,4,2026-02-13,15.3,-0.5,3.3,-4.7,,57.4,13.2,,21.4,,,
滨州,ecmwf_ifs025,2026-02-08,5,2026-02-13,14.5,-1.1,2.6,-5.2,,54.0,12.2,,57.4,,,
滨州,ecmwf_ifs025,2026-02-07,6,2026-02-13,13.7,0.7,3.0,-3.0,,60.9,12.0,,67.0,,,
滨州,ecmwf_ifs025,2026-02-06,7,2026-02-13,13.5,-1.3,1.0,-5.7,,60.8,13.4,,8.6,,,
滨州,jma_seamless,2026-02-12,1,2026-02-13,15.4,-0.7,3.2,,,55.2,4.0,,,,,0.0
滨州,jma_seamless,2026-02-11,2,2026-02-13,15.7,-0.5,3.9,,,53.0,3.4,,,,,0.0
滨州,jma_seamless,2026-02-10,3,2026-02-13,15.8,-0.6,3.4,,,44.2,2.9,,,,,0.0
滨州,jma_seamless,2026-02-09,4,2026-02-13,15.5,-0.7,2.8,,,39.1,2.5,,,,,0.0
滨州,jma_seamless,2026-02-08,5,2026-02-13,15.0,-0.2,3.1,,,41.3,4.7,,,,,0.0
滨州,jma_seamless,2026-02-07,6,2026-02-13,15.0,2.3,3.4,0.9,,32.8,5.2,,,,,0.0
滨州,jma_seamless,2026-02-06,7,2026-02-13,12.5,1.3,2.5,,,34.5,4.5,,,,,0.0
滨州,ecmwf_ifs025,2026-02-13,1,2026-02-14,18.0,3.0,4.7,0.0,,61.5,11.1,,0.7,,,
滨州,ecmwf_ifs025,2026-02-12,2,2026-02-14,17.2,2.3,4.5,-0.5,,63.4,9.6,,0.1,,,
滨州,ecmwf_ifs025,2026-02-11,3,2026-02-14,19.6,1.7,5.6,-1.8,,63.3,12.4,,0.8,,,
滨州,ecmwf_ifs025,2026-02-10,4,2026-02-14,19.4,1.8,5.7,-1.7,,62.6,12.6,,3.5,,,
滨州,ecmwf_ifs025,2026-02-09,5,2026-02-14,18.9,0.9,5.7,-2.5,,66.1,10.9,,0.0,,,
滨州,ecmwf_ifs025,2026-02-08,6,2026-02-14,18.6,0.1,4.4,-3.1,,65.1,9.5,,6.9,,,
滨州,ecmwf_ifs025,2026-02-07,7,2026-02-14,15.8,-3.2,1.8,-6.6,,67.1,8.3,,0.2,,,
滨州,jma_seamless,2026-02-13,1,2026-02-14,17.9,3.9,5.6,1.5,,47.7,9.5,,,,,0.0
滨州,jma_seamless,2026-02-12,2,2026-02-14,18.3,3.2,5.3,0.7,,43.5,9.3,,,,,0.0
滨州,jma_seamless,2026-02-11,3,2026-02-14,19.2,2.5,5.9,0.3,,46.5,7.5,,,,,0.0
滨州,jma_seamless,2026-02-10,4,2026-02-14,19.7,1.7,5.8,-0.8,,41.9,8.1,,,,,0.0
滨州,jma_seamless,2026-02-09,5,2026-02-14,19.8,0.2,4.9,-2.0,,39.4,6.6,,,,,0.0
滨州,jma_seamless,2026-02-08,6,2026-02-14,17.7,1.1,4.3,-1.5,,38.6,8.3,,,,,0.0
滨州,jma_seamless,2026-02-07,7,2026-02-14,17.8,0.0,2.5,-3.1,,33.0,9.1,,,,,0.0
滨州,ecmwf_ifs025,2026-02-14,1,2026-02-15,4.2,-2.1,-4.0,-7.3,,36.7,16.4,,72.4,,,
滨州,ecmwf_ifs025,2026-02-13,2,2026-02-15,4.4,-1.8,-3.5,-6.3,,44.1,13.2,,59.0,,,
滨州,ecmwf_ifs025,2026-02-12,3,2026-02-15,5.3,-1.3,-2.8,-5.7,,38.3,13.3,,78.2,,,
滨州,ecmwf_ifs025,2026-02-11,4,2026-02-15,5.4,-1.0,-3.0,-5.4,,42.5,13.7,,48.0,,,
滨州,ecmwf_ifs025,2026-02-10,5,2026-02-15,5.3,-3.3,-2.9,-8.2,,47.8,13.9,,50.0,,,
滨州,ecmwf_ifs025,2026-02-09,6,2026-02-15,5.3,-2.7,-3.7,-7.0,,38.4,11.9,,26.0,,,
滨州,ecmwf_ifs025,2026-02-08,7,2026-02-15,4.3,-4.0,-4.2,-9.3,,39.3,14.7,,7.0,,,
滨州,jma_seamless,2026-02-14,1,2026-02-15,5.5,0.1,-2.9,-4.1,,24.2,14.1,,,,,0.0
滨州,jma_seamless,2026-02-13,2,2026-02-15,5.8,-0.1,-2.7,-4.3,,26.0,13.6,,,,,0.0
滨州,jma_seamless,2026-02-12,3,2026-02-15,6.2,-0.1,-1.9,-3.9,,35.2,11.8,,,,,0.0
滨州,jma_seamless,2026-02-11,4,2026-02-15,7.1,-0.1,-2.0,-4.3,,28.0,14.0,,,,,0.0
滨州,jma_seamless,2026-02-10,5,2026-02-15,7.1,-0.4,-2.9,-5.0,,23.1,15.3,,,,,0.0
滨州,jma_seamless,2026-02-09,6,2026-02-15,7.0,-0.6,-1.5,-4.8,,36.7,13.1,,,,,0.0
滨州,jma_seamless,2026-02-08,7,2026-02-15,7.9,-0.2,-1.5,-3.1,,30.8,8.5,,,,,0.0
滨州,ecmwf_ifs025,2026-02-15,1,2026-02-16,5.7,-3.9,-3.9,-6.3,,35.4,5.5,,63.0,,,
滨州,ecmwf_ifs025,2026-02-14,2,2026-02-16,6.5,-4.0,-3.4,-8.8,,35.4,12.6,,44.1,,,
滨州,ecmwf_ifs025,2026-02-13,3,2026-02-16,6.8,-4.4,-3.1,-8.7,,38.8,10.6,,33.5,,,
滨州,ecmwf_ifs025,2026-02-12,4,2026-02-16,6.4,-3.6,-3.2,-7.6,,37.7,10.0,,39.1,,,
滨州,ecmwf_ifs025,2026-02-11,5,2026-02-16,6.0,-4.0,-3.8,-8.2,,31.5,10.4,,60.9,,,
滨州,ecmwf_ifs025,2026-02-10,6,2026-02-16,6.7,-3.8,-4.2,-7.4,,35.8,8.5,,25.0,,,
滨州,ecmwf_ifs025,2026-02-09,7,2026-02-16,6.3,-4.8,-4.3,-7.4,,34.1,5.7,,15.6,,,
滨州,jma_seamless,2026-02-15,1,2026-02-16,5.5,-2.2,-3.0,,,28.9,3.0,,,,,0.0
滨州,jma_seamless,2026-02-14,2,2026-02-16,5.1,-2.2,-3.2,,,32.0,2.1,,,,,0.0
滨州,jma_seamless,2026-02-13,3,2026-02-16,6.4,-2.7,-3.2,,,28.2,2.6,,,,,0.0
滨州,jma_seamless,2026-02-12,4,2026-02-16,5.9,-2.5,-2.9,,,31.8,2.2,,,,,0.0
滨州,jma_seamless,2026-02-11,5,2026-02-16,7.0,-2.4,-2.9,,,20.1,4.5,,,,,0.0
滨州,jma_seamless,2026-02-10,6,2026-02-16,6.1,-1.9,-2.6,-3.7,,26.2,5.0,,,,,0.0
滨州,jma_seamless,2026-02-09,7,2026-02-16,6.8,-2.1,-2.8,-4.7,,28.6,6.6,,,,,0.0
滨州,ecmwf_ifs025,2026-02-16,1,2026-02-17,10.9,-3.6,-2.3,-7.8,,23.2,10.6,,15.6,,,
滨州,ecmwf_ifs025,2026-02-15,2,2026-02-17,10.5,-3.4,-2.3,-8.0,,23.5,12.5,,24.1,,,
滨州,ecmwf_ifs025,2026-02-14,3,2026-02-17,11.0,-3.5,-2.1,-6.2,,21.9,6.3,,55.1,,,
滨州,ecmwf_ifs025,2026-02-13,4,2026-02-17,10.3,-3.0,-2.0,-5.3,,21.0,5.6,,41.0,,,
滨州,ecmwf_ifs025,2026-02-12,5,2026-02-17,10.6,-3.0,-1.9,,,24.5,4.6,,46.3,,,
滨州,ecmwf_ifs025,2026-02-11,6,2026-02-17,11.7,-2.0,-2.4,-4.0,,25.4,5.2,,20.1,,,
滨州,ecmwf_ifs025,2026-02-10,7,2026-02-17,12.0,-2.5,-1.8,-4.7,,25.4,5.5,,18.3,,,
滨州,jma_seamless,2026-02-16,1,2026-02-17,10.5,-1.7,-1.6,-5.0,,19.7,8.9,,,,,0.0
滨州,jma_seamless,2026-02-15,2,2026-02-17,10.1,-1.8,-1.7,-4.8,,19.6,7.8,,,,,0.0
滨州,jma_seamless,2026-02-14,3,2026-02-17,10.2,-1.8,-1.8,-4.7,,19.3,7.7,,,,,0.0
滨州,jma_seamless,2026-02-13,4,2026-02-17,11.0,-0.9,-1.0,-3.6,,18.6,7.5,,,,,0.0
滨州,jma_seamless,2026-02-12,5,2026-02-17,10.9,-1.1,-1.1,-3.9,,20.0,7.7,,,,,0.0
滨州,jma_seamless,2026-02-11,6,2026-02-17,12.0,0.6,-0.8,-3.3,,14.4,13.1,,,,,0.0
滨州,jma_seamless,2026-02-10,7,2026-02-17,11.5,-0.5,-0.8,-3.2,,13.8,7.5,,,,,0.0
滨州,ecmwf_ifs025,2026-02-17,1,2026-02-18,8.7,-1.1,-1.9,-5.1,,34.5,12.0,,0.0,,,
滨州,ecmwf_ifs025,2026-02-16,2,2026-02-18,9.0,-1.5,-2.0,,,35.7,4.4,,0.0,,,
滨州,ecmwf_ifs025,2026-02-15,3,2026-02-18,7.5,-0.9,-2.3,-4.9,,32.9,12.2,,0.0,,,
滨州,ecmwf_ifs025,2026-02-14,4,2026-02-18,11.4,-2.1,-0.7,-6.4,,30.1,12.1,,0.0,,,
滨州,ecmwf_ifs025,2026-02-13,5,2026-02-18,12.3,-1.6,-0.4,-6.3,,29.7,14.7,,0.1,,,
滨州,ecmwf_ifs025,2026-02-12,6,2026-02-18,14.0,-1.5,0.3,-5.5,,31.0,11.6,,0.0,,,
滨州,ecmwf_ifs025,2026-02-11,7,2026-02-18,14.6,0.9,1.5,-3.0,,39.0,13.2,,0.0,,,
滨州,jma_seamless,2026-02-17,1,2026-02-18,9.4,0.3,-0.9,-2.7,,25.0,9.0,,,,,0.0
滨州,jma_seamless,2026-02-16,2,2026-02-18,8.8,-0.3,-1.7,-3.4,,28.4,8.9,,,,,0.0
滨州,jma_seamless,2026-02-15,3,2026-02-18,8.3,-0.1,-1.9,-3.3,,30.0,9.5,,,,,0.0
滨州,jma_seamless,2026-02-14,4,2026-02-18,12.3,-1.2,-0.5,-3.2,,19.0,5.6,,,,,0.0
滨州,jma_seamless,2026-02-13,5,2026-02-18,8.2,-1.7,-1.4,-3.6,,33.2,5.1,,,,,0.0
滨州,jma_seamless,2026-02-12,6,2026-02-18,13.9,-0.6,-0.1,-4.0,,29.0,10.0,,,,,0.0
滨州,jma_seamless,2026-02-11,7,2026-02-18,8.6,-0.1,-1.5,-2.5,,16.8,6.9,,,,,0.0
滨州,ecmwf_ifs025,2026-02-18,1,2026-02-19,15.2,-1.5,1.6,-5.2,,29.9,10.4,,0.0,,,
滨州,ecmwf_ifs025,2026-02-17,2,2026-02-19,15.0,-2.4,0.9,-6.3,,31.2,10.4,,0.0,,,
滨州,ecmwf_ifs025,2026-02-16,3,2026-02-19,15.3,-2.4,1.2,-6.3,,32.2,10.5,,0.3,,,
滨州,ecmwf_ifs025,2026-02-15,4,2026-02-19,14.6,-2.4,0.8,-6.3,,40.4,10.3,,8.6,,,
滨州,ecmwf_ifs025,2026-02-14,5,2026-02-19,16.6,0.4,2.9,-3.0,,28.8,10.5,,2.1,,,
滨州,ecmwf_ifs025,2026-02-13,6,2026-02-19,15.6,1.3,2.5,-2.3,,42.3,12.2,,4.3,,,
滨州,ecmwf_ifs025,2026-02-12,7,2026-02-19,16.1,3.1,3.1,-0.2,,33.9,12.7,,1.3,,,
滨州,jma_seamless,2026-02-18,1,2026-02-19,14.8,0.3,1.7,-2.6,,24.4,8.8,,,,,0.0
滨州,jma_seamless,2026-02-17,2,2026-02-19,14.4,-1.0,1.0,-4.3,,25.0,9.3,,,,,0.0
滨州,jma_seamless,2026-02-16,3,2026-02-19,15.0,-1.4,1.0,-4.9,,32.1,9.6,,,,,0.0
滨州,jma_seamless,2026-02-15,4,2026-02-19,15.1,-1.1,1.1,-3.6,,35.9,6.7,,,,,0.0
滨州,jma_seamless,2026-02-14,5,2026-02-19,15.2,0.1,1.7,-3.0,,19.2,9.3,,,,,0.0
滨州,jma_seamless,2026-02-13,6,2026-02-19,16.3,0.8,2.5,-2.9,,22.3,12.5,,,,,0.0
滨州,jma_seamless,2026-02-12,7,2026-02-19,16.4,0.7,2.3,-2.7,,19.9,10.9,,,,,0.0
滨州,ecmwf_ifs025,2026-02-19,1,2026-02-20,20.8,2.8,6.2,-0.6,,24.0,13.1,,0.3,,,
滨州,ecmwf_ifs025,2026-02-18,2,2026-02-20,20.7,2.8,6.1,-0.0,,25.2,10.3,,0.8,,,
滨州,ecmwf_ifs025,2026-02-17,3,2026-02-20,20.6,3.0,6.1,0.2,,24.4,10.5,,0.8,,,
滨州,ecmwf_ifs025,2026-02-16,4,2026-02-20,20.7,3.6,6.1,0.9,,24.7,10.2,,0.7,,,
滨州,ecmwf_ifs025,2026-02-15,5,2026-02-20,20.2,4.4,6.4,2.2,,25.1,8.8,,0.1,,,
滨州,ecmwf_ifs025,2026-02-14,6,2026-02-20,19.5,3.0,5.2,0.4,,25.6,9.5,,0.4,,,
滨州,ecmwf_ifs025,2026-02-13,7,2026-02-20,22.6,3.0,6.8,0.5,,26.9,9.0,,0.0,,,
滨州,jma_seamless,2026-02-19,1,2026-02-20,19.6,3.7,6.0,0.8,,22.5,11.6,,,,,0.0
滨州,jma_seamless,2026-02-18,2,2026-02-20,19.2,3.8,5.7,0.8,,22.5,12.0,,,,,0.0
滨州,jma_seamless,2026-02-17,3,2026-02-20,19.1,4.9,6.2,2.0,,21.9,12.5,,,,,0.0
滨州,jma_seamless,2026-02-16,4,2026-02-20,19.4,1.7,5.4,-0.9,,26.1,8.6,,,,,0.0
滨州,jma_seamless,2026-02-15,5,2026-02-20,18.0,2.2,5.2,-0.7,,25.3,10.2,,,,,0.0
滨州,jma_seamless,2026-02-14,6,2026-02-20,18.2,2.8,5.7,-0.3,,25.0,11.4,,,,,0.0
滨州,jma_seamless,2026-02-13,7,2026-02-20,16.4,4.2,5.2,2.0,,29.9,8.7,,,,,0.0
滨州,ecmwf_ifs025,2026-02-20,1,2026-02-21,24.8,10.9,11.6,,,32.5,21.6,,30.0,,,
滨州,ecmwf_ifs025,2026-02-19,2,2026-02-21,25.1,10.3,11.4,,,33.3,12.8,,30.8,,,
滨州,ecmwf_ifs025,2026-02-18,3,2026-02-21,24.5,10.0,10.6,8.8,,32.2,9.3,,38.8,,,
滨州,ecmwf_ifs025,2026-02-17,4,2026-02-21,24.3,10.0,10.7,8.8,,30.7,9.2,,31.6,,,
滨州,ecmwf_ifs025,2026-02-16,5,2026-02-21,24.5,9.3,10.5,8.5,,32.8,6.6,,18.5,,,
滨州,ecmwf_ifs025,2026-02-15,6,2026-02-21,18.5,8.4,6.6,7.0,,25.7,8.8,,7.9,,,
滨州,ecmwf_ifs025,2026-02-14,7,2026-02-21,20.5,8.3,8.6,6.4,,22.8,11.3,,5.0,,,
滨州,jma_seamless,2026-02-20,1,2026-02-21,23.6,10.3,10.7,,,28.6,19.4,,,,,0.0
滨州,jma_seamless,2026-02-19,2,2026-02-21,23.9,9.7,10.3,7.1,,25.4,19.3,,,,,0.0
滨州,jma_seamless,2026-02-18,3,2026-02-21,23.4,9.0,9.2,6.3,,18.6,17.9,,,,,0.0
滨州,jma_seamless,2026-02-17,4,2026-02-21,23.7,9.6,9.9,6.9,,18.1,19.7,,,,,0.0
滨州,jma_seamless,2026-02-16,5,2026-02-21,22.4,8.9,9.8,6.4,,30.6,16.4,,,,,0.0
滨州,jma_seamless,2026-02-15,6,2026-02-21,19.5,10.1,8.4,,,20.0,20.6,,,,,0.0
滨州,jma_seamless,2026-02-14,7,2026-02-21,16.4,9.4,7.5,7.8,,24.0,10.9,,,,,0.0
滨州,ecmwf_ifs025,2026-02-21,1,2026-02-22,12.3,0.7,0.4,-3.6,,19.5,15.3,,3.6,,,
滨州,ecmwf_ifs025,2026-02-20,2,2026-02-22,11.3,2.0,-0.2,-0.6,,20.8,8.8,,3.3,,,
滨州,ecmwf_ifs025,2026-02-19,3,2026-02-22,10.8,1.2,-1.0,-1.6,,18.2,8.8,,27.1,,,
滨州,ecmwf_ifs025,2026-02-18,4,2026-02-22,11.6,-0.1,-0.6,-3.4,,16.1,10.0,,0.2,,,
滨州,ecmwf_ifs025,2026-02-17,5,2026-02-22,14.8,3.0,0.7,0.6,,16.5,8.7,,28.3,,,
滨州,ecmwf_ifs025,2026-02-16,6,2026-02-22,7.0,0.5,-2.8,-2.3,,11.2,8.5,,41.0,,,
滨州,ecmwf_ifs025,2026-02-15,7,2026-02-22,9.1,-0.4,-0.2,-3.5,,20.9,8.9,,38.6,,,
滨州,jma_seamless,2026-02-21,1,2026-02-22,13.8,3.1,2.0,-0.7,,14.2,15.5,,,,,0.0
滨州,jma_seamless,2026-02-20,2,2026-02-22,13.6,1.7,0.7,-2.8,,11.0,17.8,,,,,0.0
滨州,jma_seamless,2026-02-19,3,2026-02-22,10.9,1.6,0.5,-2.5,,14.4,15.5,,,,,0.0
滨州,jma_seamless,2026-02-18,4,2026-02-22,12.8,2.5,0.7,-1.1,,17.4,13.7,,,,,0.0
滨州,jma_seamless,2026-02-17,5,2026-02-22,12.5,2.7,2.0,-0.5,,17.4,11.8,,,,,0.0
滨州,jma_seamless,2026-02-16,6,2026-02-22,12.0,-0.3,-2.9,-5.3,,11.2,18.0,,,,,0.0
滨州,jma_seamless,2026-02-15,7,2026-02-22,22.4,-2.0,4.5,-6.5,,11.5,13.4,,,,,0.0
滨州,ecmwf_ifs025,2026-02-22,1,2026-02-23,8.0,-1.3,-1.8,-5.8,,35.9,13.8,,70.4,,,
滨州,ecmwf_ifs025,2026-02-21,2,2026-02-23,9.8,-1.2,-0.9,-4.9,,35.8,10.5,,75.6,,,
滨州,ecmwf_ifs025,2026-02-20,3,2026-02-23,9.6,1.7,0.2,-1.5,,32.0,11.1,,99.6,,,
滨州,ecmwf_ifs025,2026-02-19,4,2026-02-23,6.5,-0.6,-2.4,-4.3,,47.0,11.1,,74.4,,,
滨州,ecmwf_ifs025,2026-02-18,5,2026-02-23,8.6,0.6,-1.8,-2.4,,44.5,9.4,,75.6,,,
滨州,ecmwf_ifs025,2026-02-17,6,2026-02-23,6.3,0.7,-2.7,-1.7,,39.7,7.3,,98.0,,,
滨州,ecmwf_ifs025,2026-02-16,7,2026-02-23,4.7,-2.5,-4.3,-5.8,,20.1,8.3,,78.0,,,
滨州,jma_seamless,2026-02-22,1,2026-02-23,9.8,0.2,0.1,-3.0,,29.6,9.8,,,,,0.0
滨州,jma_seamless,2026-02-21,2,2026-02-23,11.6,-0.6,0.8,-3.8,,25.0,9.0,,,,,0.0
滨州,jma_seamless,2026-02-20,3,2026-02-23,8.2,-0.6,-1.1,-3.7,,23.5,8.7,,,,,0.0
滨州,jma_seamless,2026-02-19,4,2026-02-23,6.6,0.7,-1.3,-2.8,,30.8,11.5,,,,,0.0
滨州,jma_seamless,2026-02-18,5,2026-02-23,9.2,2.1,0.1,-1.5,,27.2,13.0,,,,,0.0
滨州,jma_seamless,2026-02-17,6,2026-02-23,9.8,-1.3,-0.2,-5.4,,35.1,12.0,,,,,0.0
滨州,jma_seamless,2026-02-16,7,2026-02-23,7.0,-2.2,-4.4,-6.0,,15.2,10.2,,,,,0.0
滨州,ecmwf_ifs025,2026-02-23,1,2026-02-24,13.1,4.5,4.5,2.5,,50.0,8.1,,55.5,,,
滨州,ecmwf_ifs025,2026-02-22,2,2026-02-24,13.9,3.9,4.6,1.3,,48.1,10.0,,29.2,,,
滨州,ecmwf_ifs025,2026-02-21,3,2026-02-24,12.8,3.3,4.1,0.2,,53.6,11.8,,29.4,,,
滨州,ecmwf_ifs025,2026-02-20,4,2026-02-24,12.3,0.7,2.7,-3.1,,61.1,12.5,,17.4,,,
滨州,ecmwf_ifs025,2026-02-19,5,2026-02-24,9.6,-1.7,-0.3,-5.8,,71.2,11.7,,38.6,,,
滨州,ecmwf_ifs025,2026-02-18,6,2026-02-24,7.8,0.4,-0.3,-3.1,,77.9,11.2,,62.6,,,
滨州,ecmwf_ifs025,2026-02-17,7,2026-02-24,5.0,-2.3,-3.0,-6.2,,48.7,10.4,,53.6,,,
滨州,jma_seamless,2026-02-23,1,2026-02-24,11.9,2.7,3.7,0.3,,57.9,8.6,,,,,0.0
滨州,jma_seamless,2026-02-22,2,2026-02-24,13.1,4.5,4.7,2.6,,46.2,7.9,,,,,0.0
滨州,jma_seamless,2026-02-21,3,2026-02-24,13.3,3.2,4.0,0.8,,51.0,9.0,,,,,0.0
滨州,jma_seamless,2026-02-20,4,2026-02-24,12.1,1.5,2.7,-1.2,,54.9,8.9,,,,,0.0
滨州,jma_seamless,2026-02-19,5,2026-02-24,11.8,0.8,2.6,-1.6,,57.5,7.3,,,,,0.0
滨州,jma_seamless,2026-02-18,6,2026-02-24,10.3,2.9,3.7,0.9,,71.5,7.3,,,,,0.0
滨州,jma_seamless,2026-02-17,7,2026-02-24,8.7,-2.4,0.1,-5.7,,52.3,8.5,,,,,0.0
滨州,ecmwf_ifs025,2026-02-24,1,2026-02-25,14.2,1.4,3.8,-1.3,,58.2,8.6,,8.7,15.18,0.0,
滨州,ecmwf_ifs025,2026-02-23,2,2026-02-25,15.6,2.0,4.5,-1.2,,48.7,11.2,,20.7,15.25,0.0,
滨州,ecmwf_ifs025,2026-02-22,3,2026-02-25,16.7,1.4,5.1,-1.7,,52.0,10.1,,20.8,15.15,0.0,
滨州,ecmwf_ifs025,2026-02-21,4,2026-02-25,16.2,1.7,4.6,-1.1,,55.2,9.1,,9.1,15.18,0.0,
滨州,ecmwf_ifs025,2026-02-20,5,2026-02-25,16.4,1.1,3.9,-2.5,,49.2,12.2,,33.1,15.36,0.0,
滨州,ecmwf_ifs025,2026-02-19,6,2026-02-25,13.1,-0.9,2.0,-4.9,,63.8,12.0,,49.3,13.61,0.0,
滨州,ecmwf_ifs025,2026-02-18,7,2026-02-25,13.2,-0.4,1.7,-3.8,,67.2,10.1,,20.8,13.98,0.0,
滨州,jma_seamless,2026-02-24,1,2026-02-25,14.1,3.3,4.7,0.7,,58.2,9.5,,15.0,,0.0,0.0
滨州,jma_seamless,2026-02-23,2,2026-02-25,14.1,2.7,4.6,0.2,,58.4,9.0,,1.5,,0.0,0.0
滨州,jma_seamless,2026-02-22,3,2026-02-25,13.9,3.0,4.9,0.6,,59.2,8.7,,2.4,,0.0,0.0
滨州,jma_seamless,2026-02-21,4,2026-02-25,14.9,2.6,4.6,-0.2,,53.3,10.0,,0.8,,0.0,0.0
滨州,jma_seamless,2026-02-20,5,2026-02-25,13.0,2.4,3.4,-0.9,,60.2,11.9,,1.2,,0.0,0.0
滨州,jma_seamless,2026-02-19,6,2026-02-25,12.5,3.7,4.5,1.1,,57.6,10.1,,67.5,,0.0,0.0
滨州,jma_seamless,2026-02-18,7,2026-02-25,12.9,4.2,5.4,2.0,,60.4,8.9,,46.4,,0.0,0.0
滨州,ecmwf_ifs025,2026-02-25,1,2026-02-26,7.9,0.2,0.9,-3.3,,77.6,10.7,,93.1,5.76,1.2,
滨州,ecmwf_ifs025,2026-02-24,2,2026-02-26,8.9,1.9,1.2,-1.6,,73.1,12.4,,100.0,7.06,0.0,
滨州,ecmwf_ifs025,2026-02-23,3,2026-02-26,8.7,1.5,2.4,-2.1,,71.4,12.5,,100.0,3.03,0.3,
滨州,ecmwf_ifs025,2026-02-22,4,2026-02-26,9.8,3.3,2.5,0.5,,65.7,10.5,,95.1,3.7,0.0,
滨州,ecmwf_ifs025,2026-02-21,5,2026-02-26,11.6,1.8,2.3,-1.7,,62.7,12.4,,87.1,9.43,0.0,
滨州,ecmwf_ifs025,2026-02-20,6,2026-02-26,11.5,5.3,4.0,2.6,,60.9,11.9,,100.0,6.89,0.0,
滨州,ecmwf_ifs025,2026-02-19,7,2026-02-26,14.4,2.9,4.3,0.5,,69.7,8.6,,86.2,13.58,0.3,
滨州,jma_seamless,2026-02-25,1,2026-02-26,10.8,2.6,2.7,0.1,,64.5,8.6,,77.1,,1.2,0.0
滨州,jma_seamless,2026-02-24,2,2026-02-26,10.2,3.0,2.6,0.2,,68.0,10.5,,86.5,,0.6,0.0
滨州,jma_seamless,2026-02-23,3,2026-02-26,11.8,2.7,3.1,-0.1,,67.2,9.9,,72.0,,0.0,0.0
滨州,jma_seamless,2026-02-22,4,2026-02-26,11.3,3.9,3.2,1.2,,69.6,10.5,,68.4,,0.0,0.0
滨州,jma_seamless,2026-02-21,5,2026-02-26,9.6,3.4,3.0,0.8,,70.8,9.8,,82.0,,0.0,0.0
滨州,jma_seamless,2026-02-20,6,2026-02-26,9.4,5.3,3.8,3.0,,77.1,10.3,,97.2,,3.0,0.0
滨州,jma_seamless,2026-02-19,7,2026-02-26,12.9,3.1,4.0,0.4,,73.4,9.9,,53.7,,0.0,0.0
滨州,ecmwf_ifs025,2026-02-26,1,2026-02-27,10.0,-0.7,0.1,-4.0,,65.8,9.3,,12.6,15.21,0.0,
滨州,ecmwf_ifs025,2026-02-25,2,2026-02-27,10.1,0.6,0.1,-2.6,,59.2,10.1,,23.3,15.26,0.0,
滨州,ecmwf_ifs025,2026-02-24,3,2026-02-27,9.9,-1.1,-0.8,-4.7,,60.5,10.4,,16.7,15.28,0.0,
滨州,ecmwf_ifs025,2026-02-23,4,2026-02-27,8.8,-0.1,-0.8,-4.2,,59.9,13.2,,39.9,15.05,0.0,
滨州,ecmwf_ifs025,2026-02-22,5,2026-02-27,9.9,0.2,-0.4,-3.6,,62.9,12.2,,0.5,15.17,0.0,
滨州,ecmwf_ifs025,2026-02-21,6,2026-02-27,10.5,-0.4,1.2,-4.3,,65.0,12.0,,46.7,12.48,0.3,
滨州,ecmwf_ifs025,2026-02-20,7,2026-02-27,8.6,-0.2,0.1,-4.3,,63.7,13.4,,63.8,12.72,0.3,
滨州,jma_seamless,2026-02-26,1,2026-02-27,9.5,0.9,0.7,-1.6,,59.1,7.7,,24.8,,0.0,0.0
滨州,jma_seamless,2026-02-25,2,2026-02-27,10.3,1.0,1.4,-1.3,,60.0,7.2,,23.8,,0.0,0.0
滨州,jma_seamless,2026-02-24,3,2026-02-27,10.3,1.4,1.0,-1.2,,57.5,8.4,,8.2,,0.0,0.0
滨州,jma_seamless,2026-02-23,4,2026-02-27,9.4,1.5,0.3,-1.4,,47.8,9.5,,14.6,,0.0,0.0
滨州,jma_seamless,2026-02-22,5,2026-02-27,10.3,2.3,1.6,-0.6,,53.5,10.1,,24.5,,0.0,0.0
滨州,jma_seamless,2026-02-21,6,2026-02-27,10.3,2.6,2.7,-0.0,,66.0,9.2,,53.6,,0.6,0.0
滨州,jma_seamless,2026-02-20,7,2026-02-27,10.5,4.4,2.9,1.8,,67.7,10.7,,48.2,,0.0,0.0
滨州,ecmwf_ifs025,2026-02-27,1,2026-02-28,8.6,-0.7,-0.9,-4.5,,68.5,11.5,,83.5,8.21,0.9,
滨州,ecmwf_ifs025,2026-02-26,2,2026-02-28,10.0,0.1,-0.4,-4.0,,60.2,13.5,,95.5,9.49,0.0,
滨州,ecmwf_ifs025,2026-02-25,3,2026-02-28,9.8,-1.1,-0.4,-5.2,,63.2,12.4,,69.6,9.22,0.0,
滨州,ecmwf_ifs025,2026-02-24,4,2026-02-28,9.7,-0.6,-0.5,-4.7,,62.3,12.6,,98.7,9.84,0.0,
滨州,ecmwf_ifs025,2026-02-23,5,2026-02-28,11.1,-1.5,-0.1,-5.3,,56.0,10.9,,48.3,15.16,0.0,
滨州,ecmwf_ifs025,2026-02-22,6,2026-02-28,13.8,-2.4,0.7,-6.0,,64.5,9.5,,53.6,13.84,0.0,
滨州,ecmwf_ifs025,2026-02-21,7,2026-02-28,13.2,-1.4,0.7,-4.5,,64.8,8.3,,54.8,13.78,0.0,
滨州,jma_seamless,2026-02-27,1,2026-02-28,9.6,0.6,0.1,-2.8,,58.7,10.7,,63.2,,0.0,0.0
滨州,jma_seamless,2026-02-26,2,2026-02-28,9.8,0.5,0.4,-2.8,,58.4,10.4,,65.5,,0.0,0.0
滨州,jma_seamless,2026-02-25,3,2026-02-28,12.6,0.7,2.2,-2.3,,61.5,9.4,,64.8,,0.0,0.0
滨州,jma_seamless,2026-02-24,4,2026-02-28,12.5,-0.1,2.1,-2.8,,54.9,7.7,,58.9,,0.0,0.0
滨州,jma_seamless,2026-02-23,5,2026-02-28,12.2,-0.2,1.9,-2.7,,53.7,7.2,,69.6,,0.0,0.0
滨州,jma_seamless,2026-02-22,6,2026-02-28,12.5,0.0,2.0,-2.2,,56.3,6.5,,53.8,,0.6,0.0
滨州,jma_seamless,2026-02-21,7,2026-02-28,11.6,0.9,2.7,-1.4,,63.6,7.0,,51.8,,0.0,0.0
滨州,ecmwf_ifs025,2026-02-28,1,2026-03-01,8.2,1.1,-0.1,-2.3,,69.3,11.2,,99.9,9.66,4.5,
滨州,ecmwf_ifs025,2026-02-27,2,2026-03-01,8.8,2.1,-0.0,-1.4,,60.7,12.9,,100.0,8.91,0.3,
滨州,ecmwf_ifs025,2026-02-26,3,2026-03-01,7.7,1.9,-0.2,-1.8,,66.8,13.3,,100.0,6.96,2.4,
滨州,ecmwf_ifs025,2026-02-25,4,2026-03-01,9.0,1.8,-0.0,-2.0,,68.5,13.7,,100.0,9.43,1.5,
滨州,ecmwf_ifs025,2026-02-24,5,2026-03-01,6.8,1.5,-0.7,-2.4,,72.5,13.9,,100.0,7.91,0.3,
滨州,ecmwf_ifs025,2026-02-23,6,2026-03-01,9.3,2.0,0.8,-1.4,,66.5,11.9,,100.0,9.69,1.5,
滨州,ecmwf_ifs025,2026-02-22,7,2026-03-01,4.6,1.2,-1.3,-2.9,,75.9,14.7,,99.8,2.68,2.7,
滨州,jma_seamless,2026-02-28,1,2026-03-01,7.1,1.1,0.1,-1.8,,73.1,9.1,,89.2,,6.6,0.0
滨州,jma_seamless,2026-02-27,2,2026-03-01,10.4,0.5,1.0,-2.7,,72.0,9.8,,92.4,,9.6,0.0
滨州,jma_seamless,2026-02-26,3,2026-03-01,9.7,2.5,2.2,-0.2,,71.6,9.6,,94.5,,4.2,0.0
滨州,jma_seamless,2026-02-25,4,2026-03-01,11.3,5.6,4.4,3.4,,68.0,9.7,,95.1,,3.9,0.0
滨州,jma_seamless,2026-02-24,5,2026-03-01,10.5,3.8,3.4,1.5,,70.2,8.7,,93.8,,7.8,0.0
滨州,jma_seamless,2026-02-23,6,2026-03-01,11.9,4.2,3.8,2.1,,71.3,8.5,,91.8,,3.6,0.0
滨州,jma_seamless,2026-02-22,7,2026-03-01,9.0,3.7,2.5,1.3,,71.3,9.3,,87.9,,6.3,0.0
滨州,ecmwf_ifs025,2026-03-01,1,2026-03-02,1.7,-2.2,-3.4,-6.1,,95.8,10.4,,90.7,8.38,8.7,
滨州,ecmwf_ifs025,2026-02-28,2,2026-03-02,6.0,0.5,-0.9,-2.9,,85.0,10.6,,100.0,6.7,6.9,
滨州,ecmwf_ifs025,2026-02-27,3,2026-03-02,4.9,0.4,-1.4,-3.0,,82.3,10.6,,98.6,7.75,3.3,
滨州,ecmwf_ifs025,2026-02-26,4,2026-03-02,9.0,-0.4,-0.5,-3.8,,72.9,10.0,,57.7,11.94,2.1,
滨州,ecmwf_ifs025,2026-02-25,5,2026-03-02,10.2,1.5,0.4,-1.6,,70.8,10.4,,81.4,11.8,0.0,
滨州,ecmwf_ifs025,2026-02-24,6,2026-03-02,10.0,-1.0,0.1,-4.1,,70.8,8.5,,29.9,13.98,0.0,
滨州,ecmwf_ifs025,2026-02-23,7,2026-03-02,12.3,1.9,3.0,0.3,,73.2,5.7,,97.2,9.31,0.3,
滨州,jma_seamless,2026-03-01,1,2026-03-02,5.3,0.4,-1.0,-2.5,,83.7,8.9,,92.4,,5.4,0.0
滨州,jma_seamless,2026-02-28,2,2026-03-02,5.8,0.5,-0.5,-2.8,,85.2,10.2,,75.8,,9.6,0.0
滨州,jma_seamless,2026-02-27,3,2026-03-02,5.7,0.8,-0.6,-2.5,,82.7,10.6,,90.7,,10.8,0.0
滨州,jma_seamless,2026-02-26,4,2026-03-02,8.1,1.9,2.1,-1.1,,80.0,10.2,,85.9,,8.1,0.0
滨州,jma_seamless,2026-02-25,5,2026-03-02,6.0,3.7,1.9,0.9,,84.9,10.9,,92.2,,10.2,0.0
滨州,jma_seamless,2026-02-24,6,2026-03-02,7.2,2.3,1.4,-0.2,,84.3,8.5,,88.9,,4.8,0.0
滨州,jma_seamless,2026-02-23,7,2026-03-02,9.1,4.5,3.6,2.2,,81.2,9.5,,74.8,,11.1,0.0
滨州,ecmwf_ifs025,2026-03-02,1,2026-03-03,5.6,-1.1,-1.2,,,87.8,2.5,,78.3,11.07,0.0,
滨州,ecmwf_ifs025,2026-03-01,2,2026-03-03,5.3,0.6,-0.1,,,83.2,3.9,,96.3,8.58,0.0,
滨州,ecmwf_ifs025,2026-02-28,3,2026-03-03,11.9,0.3,1.7,-1.8,,79.5,6.3,,72.1,11.53,0.0,
滨州,ecmwf_ifs025,2026-02-27,4,2026-03-03,10.8,-1.2,0.6,-3.2,,79.0,5.6,,30.1,13.48,0.0,
滨州,ecmwf_ifs025,2026-02-26,5,2026-03-03,13.1,-1.7,1.8,,,72.8,4.6,,26.8,14.51,0.0,
滨州,ecmwf_ifs025,2026-02-25,6,2026-03-03,14.8,-2.5,1.7,-4.5,,72.9,5.2,,40.5,13.81,0.0,
滨州,ecmwf_ifs025,2026-02-24,7,2026-03-03,14.2,0.3,3.4,-1.5,,68.7,5.5,,80.1,12.04,0.0,
滨州,jma_seamless,2026-03-02,1,2026-03-03,8.6,1.1,1.9,,,70.8,2.5,,41.4,,0.0,0.0
滨州,jma_seamless,2026-03-01,2,2026-03-03,9.2,1.6,2.4,,,78.5,3.4,,39.1,,0.0,0.0
滨州,jma_seamless,2026-02-28,3,2026-03-03,8.5,1.3,2.1,,,77.2,3.6,,30.0,,0.0,0.0
滨州,jma_seamless,2026-02-27,4,2026-03-03,9.3,-0.3,1.6,,,74.5,3.4,,28.1,,0.0,0.0
滨州,jma_seamless,2026-02-26,5,2026-03-03,9.4,2.2,3.1,,,72.4,3.4,,46.0,,0.0,0.0
滨州,jma_seamless,2026-02-25,6,2026-03-03,9.3,3.3,3.5,2.1,,72.3,5.1,,69.9,,0.0,0.0
滨州,jma_seamless,2026-02-24,7,2026-03-03,12.1,1.4,3.4,-0.4,,78.0,6.0,,44.1,,0.0,0.0
滨州,ecmwf_ifs025,2026-03-03,1,2026-03-04,7.3,-2.2,-1.0,-6.2,,81.2,11.0,,91.5,9.43,0.0,
滨州,ecmwf_ifs025,2026-03-02,2,2026-03-04,6.8,-1.6,-1.7,-5.9,,75.7,12.8,,73.8,10.67,0.0,
滨州,ecmwf_ifs025,2026-03-01,3,2026-03-04,7.0,-0.7,-1.6,-4.7,,74.8,12.2,,82.5,11.78,0.0,
滨州,ecmwf_ifs025,2026-02-28,4,2026-03-04,8.2,-0.1,-0.6,-3.9,,75.5,12.1,,84.3,11.02,0.0,
滨州,ecmwf_ifs025,2026-02-27,5,2026-03-04,8.0,-0.1,-1.8,-4.5,,63.9,14.7,,78.4,13.38,0.0,
滨州,ecmwf_ifs025,2026-02-26,6,2026-03-04,10.0,-0.8,-0.5,-4.7,,67.2,11.6,,37.1,13.26,0.0,
滨州,ecmwf_ifs025,2026-02-25,7,2026-03-04,7.3,1.4,-0.1,-2.4,,53.2,13.2,,97.9,6.62,0.0,
滨州,jma_seamless,2026-03-03,1,2026-03-04,10.4,0.7,1.7,-1.8,,68.0,7.7,,63.8,,0.0,0.0
滨州,jma_seamless,2026-03-02,2,2026-03-04,8.9,1.8,0.5,-1.1,,60.8,9.7,,65.5,,0.0,0.0
滨州,jma_seamless,2026-03-01,3,2026-03-04,7.8,1.6,0.5,-1.1,,73.0,8.7,,40.9,,0.0,0.0
滨州,jma_seamless,2026-02-28,4,2026-03-04,8.5,1.0,0.7,-1.9,,75.9,9.3,,64.5,,0.0,0.0
滨州,jma_seamless,2026-02-27,5,2026-03-04,6.5,1.7,-0.4,-1.3,,60.8,10.0,,76.8,,0.6,0.0
滨州,jma_seamless,2026-02-26,6,2026-03-04,7.8,3.0,1.2,0.1,,65.6,10.7,,71.5,,0.0,0.0
滨州,jma_seamless,2026-02-25,7,2026-03-04,9.5,2.7,1.8,-0.5,,62.8,11.7,,31.9,,-0.3,0.0
滨州,ecmwf_ifs025,2026-03-04,1,2026-03-05,5.8,0.3,0.5,-3.3,,84.0,11.5,,97.9,4.13,1.2,
滨州,ecmwf_ifs025,2026-03-03,2,2026-03-05,7.1,1.3,0.7,-1.9,,83.1,10.5,,100.0,3.98,0.3,
滨州,ecmwf_ifs025,2026-03-02,3,2026-03-05,7.0,1.2,-0.2,-2.0,,82.8,10.5,,100.0,4.78,0.6,
滨州,ecmwf_ifs025,2026-03-01,4,2026-03-05,7.4,0.7,-0.1,-2.6,,78.4,10.3,,93.8,4.6,0.3,
滨州,ecmwf_ifs025,2026-02-28,5,2026-03-05,8.2,-0.6,0.1,-4.2,,82.4,10.5,,77.1,3.78,2.4,
滨州,ecmwf_ifs025,2026-02-27,6,2026-03-05,3.8,-0.1,-1.9,-4.0,,64.4,12.2,,95.1,5.19,0.0,
滨州,ecmwf_ifs025,2026-02-26,7,2026-03-05,1.9,-0.3,-3.6,-4.3,,75.5,12.7,,93.2,7.3,3.9,
滨州,jma_seamless,2026-03-04,1,2026-03-05,8.3,1.3,2.3,-1.8,,74.7,10.1,,66.5,,1.2,0.0
滨州,jma_seamless,2026-03-03,2,2026-03-05,10.0,2.6,2.5,0.1,,73.5,8.7,,46.4,,2.4,0.0
滨州,jma_seamless,2026-03-02,3,2026-03-05,9.3,1.2,1.1,-1.5,,72.3,8.5,,52.5,,3.0,0.0
滨州,jma_seamless,2026-03-01,4,2026-03-05,8.3,3.0,2.3,1.0,,75.0,7.4,,58.4,,1.2,0.0
滨州,jma_seamless,2026-02-28,5,2026-03-05,6.2,1.7,0.5,-0.9,,74.8,8.6,,58.9,,3.6,0.0
滨州,jma_seamless,2026-02-27,6,2026-03-05,8.9,2.3,1.2,-0.6,,61.8,10.3,,76.1,,1.8,0.0
滨州,jma_seamless,2026-02-26,7,2026-03-05,8.6,1.2,0.6,-2.0,,55.2,10.3,,79.5,,-0.3,0.0
滨州,ecmwf_ifs025,2026-03-05,1,2026-03-06,5.7,-3.5,-3.5,-7.2,,62.8,9.1,,52.4,16.35,0.0,
滨州,ecmwf_ifs025,2026-03-04,2,2026-03-06,4.8,-2.9,-3.7,-7.2,,61.5,11.5,,61.9,15.94,0.0,
滨州,ecmwf_ifs025,2026-03-03,3,2026-03-06,4.8,-2.8,-3.3,-6.8,,63.3,10.5,,41.4,16.64,0.0,
滨州,ecmwf_ifs025,2026-03-02,4,2026-03-06,4.7,-3.5,-3.5,-7.6,,66.4,10.2,,49.0,14.17,0.0,
滨州,ecmwf_ifs025,2026-03-01,5,2026-03-06,5.4,-3.3,-3.3,-6.9,,72.5,8.8,,17.9,15.83,0.0,
滨州,ecmwf_ifs025,2026-02-28,6,2026-03-06,6.0,-3.1,-3.5,-6.9,,69.1,9.5,,19.3,15.4,0.0,
滨州,ecmwf_ifs025,2026-02-27,7,2026-03-06,4.3,-2.4,-3.5,-5.9,,71.2,9.0,,70.8,8.09,1.5,
滨州,jma_seamless,2026-03-05,1,2026-03-06,6.2,-0.6,-1.8,-3.0,,52.3,6.8,,36.9,,0.0,0.0
滨州,jma_seamless,2026-03-04,2,2026-03-06,6.3,-0.0,-1.5,-2.7,,53.3,7.8,,16.2,,0.0,0.0
滨州,jma_seamless,2026-03-03,3,2026-03-06,6.3,0.2,-1.4,-2.5,,56.0,8.0,,23.6,,0.0,0.0
滨州,jma_seamless,2026-03-02,4,2026-03-06,6.4,0.0,-1.2,-2.7,,63.7,7.9,,27.6,,0.0,0.0
滨州,jma_seamless,2026-03-01,5,2026-03-06,7.2,-0.1,-0.7,-2.0,,71.0,5.7,,5.4,,0.0,0.0
滨州,jma_seamless,2026-02-28,6,2026-03-06,6.0,0.2,-0.5,-2.2,,70.1,7.0,,32.0,,0.0,0.0
滨州,jma_seamless,2026-02-27,7,2026-03-06,6.6,0.8,-0.1,-1.6,,66.2,7.4,,55.8,,0.0,0.0
滨州,ecmwf_ifs025,2026-03-06,1,2026-03-07,7.9,-4.3,-2.9,-8.1,,52.8,9.0,,11.0,17.38,0.0,
滨州,ecmwf_ifs025,2026-03-05,2,2026-03-07,8.4,-4.7,-3.0,-8.7,,49.2,9.3,,11.8,17.36,0.0,
滨州,ecmwf_ifs025,2026-03-04,3,2026-03-07,7.5,-4.8,-3.5,-8.8,,51.8,9.3,,36.8,17.23,0.0,
滨州,ecmwf_ifs025,2026-03-03,4,2026-03-07,8.2,-4.3,-2.7,-8.2,,54.1,9.2,,38.1,17.12,0.0,
滨州,ecmwf_ifs025,2026-03-02,5,2026-03-07,7.6,-3.2,-2.2,-6.0,,55.7,6.6,,49.9,17.08,0.0,
滨州,ecmwf_ifs025,2026-03-01,6,2026-03-07,7.7,-2.4,-2.8,-5.8,,60.4,8.8,,47.3,15.48,0.0,
滨州,ecmwf_ifs025,2026-02-28,7,2026-03-07,6.3,-2.8,-2.8,-7.0,,54.6,11.3,,84.7,5.83,0.0,
滨州,jma_seamless,2026-03-06,1,2026-03-07,8.5,-1.4,-1.4,-4.1,,32.8,7.2,,1.7,,0.0,0.0
滨州,jma_seamless,2026-03-05,2,2026-03-07,9.7,-1.1,-0.7,-3.8,,35.0,7.4,,4.2,,0.0,0.0
滨州,jma_seamless,2026-03-04,3,2026-03-07,9.9,-1.3,-0.6,-4.1,,32.1,7.4,,3.4,,0.0,0.0
滨州,jma_seamless,2026-03-03,4,2026-03-07,9.7,-1.5,-0.5,-4.2,,36.3,7.1,,13.1,,0.0,0.0
滨州,jma_seamless,2026-03-02,5,2026-03-07,8.4,-1.4,-0.9,-4.2,,43.0,7.6,,21.1,,0.0,0.0
滨州,jma_seamless,2026-03-01,6,2026-03-07,9.6,-0.7,-0.6,-4.2,,43.8,10.2,,39.4,,0.0,0.0
滨州,jma_seamless,2026-02-28,7,2026-03-07,13.6,-0.4,1.7,-3.4,,48.0,8.7,,58.7,,0.0,0.0
滨州,ecmwf_ifs025,2026-03-07,1,2026-03-08,12.8,-0.4,1.5,-3.9,,56.4,10.6,,64.5,15.39,0.0,
滨州,ecmwf_ifs025,2026-03-06,2,2026-03-08,13.1,-0.7,1.5,-4.3,,52.7,10.5,,80.6,15.97,0.0,
滨州,ecmwf_ifs025,2026-03-05,3,2026-03-08,13.2,-0.2,2.1,-3.2,,51.7,8.8,,45.0,15.62,0.0,
滨州,ecmwf_ifs025,2026-03-04,4,2026-03-08,12.2,1.2,1.9,-1.9,,53.2,10.0,,49.7,14.99,0.0,
滨州,ecmwf_ifs025,2026-03-03,5,2026-03-08,13.6,-0.9,2.0,-4.0,,53.2,8.7,,38.5,16.13,0.0,
滨州,ecmwf_ifs025,2026-03-02,6,2026-03-08,12.6,-1.4,1.0,-4.5,,49.3,8.5,,34.5,14.91,0.0,
滨州,ecmwf_ifs025,2026-03-01,7,2026-03-08,14.1,3.4,3.6,1.0,,52.7,8.9,,66.1,14.73,0.3,
滨州,jma_seamless,2026-03-07,1,2026-03-08,13.3,1.9,2.6,-0.8,,33.8,8.9,,37.2,,0.0,0.0
滨州,jma_seamless,2026-03-06,2,2026-03-08,13.9,2.6,3.3,0.5,,34.9,7.5,,24.8,,0.0,0.0
滨州,jma_seamless,2026-03-05,3,2026-03-08,14.8,4.0,4.3,2.2,,34.9,7.1,,16.3,,0.0,0.0
滨州,jma_seamless,2026-03-04,4,2026-03-08,14.6,5.0,4.9,3.0,,29.6,8.4,,37.6,,0.0,0.0
滨州,jma_seamless,2026-03-03,5,2026-03-08,15.6,4.2,4.9,2.1,,31.6,8.2,,34.7,,0.0,0.0
滨州,jma_seamless,2026-03-02,6,2026-03-08,14.1,3.8,4.6,2.3,,33.0,6.1,,59.9,,0.0,0.0
滨州,jma_seamless,2026-03-01,7,2026-03-08,14.0,5.4,6.1,4.3,,49.9,5.6,,52.1,,0.0,0.0
滨州,ecmwf_ifs025,2026-03-08,1,2026-03-09,10.0,-0.7,0.2,-4.0,,45.8,9.4,,5.1,17.73,0.0,
滨州,ecmwf_ifs025,2026-03-07,2,2026-03-09,9.9,-0.0,0.1,-3.3,,47.0,9.9,,8.6,17.7,0.0,
滨州,ecmwf_ifs025,2026-03-06,3,2026-03-09,10.3,0.8,0.5,-2.6,,48.7,11.1,,1.2,17.66,0.0,
滨州,ecmwf_ifs025,2026-03-05,4,2026-03-09,10.9,-0.7,0.6,-4.4,,51.5,11.1,,0.2,17.58,0.0,
滨州,ecmwf_ifs025,2026-03-04,5,2026-03-09,10.6,-0.2,0.5,-3.4,,53.2,9.4,,0.0,17.55,0.0,
滨州,ecmwf_ifs025,2026-03-03,6,2026-03-09,11.6,1.3,1.4,-1.0,,55.5,7.3,,0.0,15.87,0.0,
滨州,ecmwf_ifs025,2026-03-02,7,2026-03-09,11.1,0.8,1.6,-1.9,,64.3,8.3,,16.0,14.73,0.3,
滨州,jma_seamless,2026-03-08,1,2026-03-09,10.5,2.4,1.6,0.4,,34.6,7.0,,0.9,,0.0,0.0
滨州,jma_seamless,2026-03-07,2,2026-03-09,10.4,3.1,1.8,0.7,,33.9,8.9,,10.5,,0.0,0.0
滨州,jma_seamless,2026-03-06,3,2026-03-09,10.2,3.0,1.8,0.6,,36.0,8.8,,0.0,,0.0,0.0
滨州,jma_seamless,2026-03-05,4,2026-03-09,10.6,3.7,2.1,1.1,,39.6,10.0,,0.8,,0.0,0.0
滨州,jma_seamless,2026-03-04,5,2026-03-09,10.5,2.9,1.9,0.3,,39.4,9.5,,1.0,,0.0,0.0
滨州,jma_seamless,2026-03-03,6,2026-03-09,12.1,3.0,3.1,0.2,,38.8,10.3,,8.7,,0.0,0.0
滨州,jma_seamless,2026-03-02,7,2026-03-09,13.1,3.6,4.2,1.5,,51.3,8.1,,22.4,,0.0,0.0
滨州,ecmwf_ifs025,2026-03-09,1,2026-03-10,16.5,-0.0,3.7,-3.9,,57.3,12.4,,68.4,13.54,0.0,
滨州,ecmwf_ifs025,2026-03-08,2,2026-03-10,16.5,-1.1,3.3,-4.9,,56.5,11.1,,49.5,15.44,0.0,
滨州,ecmwf_ifs025,2026-03-07,3,2026-03-10,15.3,-0.7,2.5,-4.6,,49.8,11.8,,67.0,15.95,0.0,
滨州,ecmwf_ifs025,2026-03-06,4,2026-03-10,15.0,-1.6,2.5,-5.9,,52.4,12.5,,59.2,16.33,0.0,
滨州,ecmwf_ifs025,2026-03-05,5,2026-03-10,15.3,-2.3,2.6,-6.5,,57.5,11.7,,78.8,15.36,0.6,
滨州,ecmwf_ifs025,2026-03-04,6,2026-03-10,15.3,1.0,2.5,-2.4,,52.4,11.2,,66.6,14.36,0.0,
滨州,ecmwf_ifs025,2026-03-03,7,2026-03-10,13.9,0.5,3.5,-2.8,,61.2,10.4,,62.7,11.21,0.3,
滨州,jma_seamless,2026-03-09,1,2026-03-10,17.3,2.2,5.3,-0.7,,37.6,10.2,,30.2,,0.0,0.0
滨州,jma_seamless,2026-03-08,2,2026-03-10,16.4,2.5,4.5,-0.5,,30.8,10.6,,48.0,,0.0,0.0
滨州,jma_seamless,2026-03-07,3,2026-03-10,16.2,0.8,3.4,-2.1,,35.5,9.1,,24.0,,0.0,0.0
滨州,jma_seamless,2026-03-06,4,2026-03-10,16.7,1.8,4.2,-1.3,,32.4,10.4,,32.7,,0.0,0.0
滨州,jma_seamless,2026-03-05,5,2026-03-10,16.8,0.5,4.2,-2.3,,37.2,8.6,,25.0,,0.0,0.0
滨州,jma_seamless,2026-03-04,6,2026-03-10,15.2,-0.2,3.2,-2.9,,40.1,7.8,,28.9,,0.3,0.0
滨州,jma_seamless,2026-03-03,7,2026-03-10,15.3,0.9,4.3,-1.7,,45.2,7.9,,33.9,,0.0,0.0
滨州,ecmwf_ifs025,2026-03-10,1,2026-03-11,12.1,2.4,3.1,-1.0,,76.6,12.6,,3.1,17.31,0.0,
滨州,ecmwf_ifs025,2026-03-09,2,2026-03-11,11.6,1.2,2.4,-2.3,,76.0,11.9,,1.8,17.36,0.0,
滨州,ecmwf_ifs025,2026-03-08,3,2026-03-11,12.1,1.8,3.2,-1.2,,71.6,10.3,,12.5,17.27,0.0,
滨州,ecmwf_ifs025,2026-03-07,4,2026-03-11,12.6,0.9,3.3,-2.2,,63.2,10.0,,39.4,15.24,0.6,
滨州,ecmwf_ifs025,2026-03-06,5,2026-03-11,13.8,1.6,4.6,-1.3,,65.9,9.6,,49.0,14.07,0.0,
滨州,ecmwf_ifs025,2026-03-05,6,2026-03-11,14.3,2.9,4.0,0.1,,71.2,10.3,,4.2,15.26,0.0,
滨州,ecmwf_ifs025,2026-03-04,7,2026-03-11,16.3,5.1,7.4,,,65.7,4.8,,63.7,15.44,0.0,
滨州,gfs_seamless,2026-03-10,1,2026-03-11,13.7,4.0,5.1,0.4,,68.0,15.9,32.4,12.5,19.4,0.2,0.0
滨州,gfs_seamless,2026-03-09,2,2026-03-11,13.1,3.8,4.6,0.2,,72.2,15.3,33.5,4.7,19.19,0.0,0.0
滨州,gfs_seamless,2026-03-08,3,2026-03-11,13.5,5.2,5.4,2.2,,69.1,13.7,28.8,30.0,19.24,0.4,0.0
滨州,gfs_seamless,2026-03-07,4,2026-03-11,13.2,4.3,4.8,0.8,,64.0,15.3,36.7,26.8,19.31,0.4,0.0
滨州,gfs_seamless,2026-03-06,5,2026-03-11,13.1,3.7,4.4,0.2,,61.1,14.8,38.2,52.9,11.57,0.1,0.0
滨州,gfs_seamless,2026-03-05,6,2026-03-11,16.0,4.0,5.9,1.2,,53.7,11.3,38.2,48.4,18.77,0.0,0.0
滨州,gfs_seamless,2026-03-04,7,2026-03-11,12.2,6.7,5.1,4.0,,58.9,13.7,40.7,75.0,11.4,1.3,0.0
滨州,jma_seamless,2026-03-10,1,2026-03-11,12.7,5.3,5.4,3.0,,62.2,10.0,,30.2,,0.0,0.0
滨州,jma_seamless,2026-03-09,2,2026-03-11,13.3,5.2,4.9,2.9,,59.2,9.8,,26.0,,0.0,0.0
滨州,jma_seamless,2026-03-08,3,2026-03-11,14.1,4.7,4.3,2.6,,53.2,8.8,,28.0,,0.0,0.0
滨州,jma_seamless,2026-03-07,4,2026-03-11,14.3,3.0,4.4,0.6,,53.4,8.7,,7.9,,0.0,0.0
滨州,jma_seamless,2026-03-06,5,2026-03-11,14.0,5.5,5.5,3.2,,56.9,10.5,,1.9,,0.0,0.0
滨州,jma_seamless,2026-03-05,6,2026-03-11,17.3,3.3,6.3,1.1,,60.8,8.2,,19.7,,0.3,0.0
滨州,jma_seamless,2026-03-04,7,2026-03-11,11.8,5.4,5.4,3.6,,57.3,8.0,,65.2,,1.2,0.0
滨州,ecmwf_ifs025,2026-03-11,1,2026-03-12,13.4,-0.4,1.9,-3.4,,57.4,8.5,,22.7,17.99,0.0,
滨州,ecmwf_ifs025,2026-03-10,2,2026-03-12,12.4,-1.3,0.9,-4.4,,56.3,8.4,,9.0,18.03,0.0,
滨州,ecmwf_ifs025,2026-03-09,3,2026-03-12,12.3,-1.3,0.9,-4.1,,60.7,7.6,,4.9,18.0,0.0,
滨州,ecmwf_ifs025,2026-03-08,4,2026-03-12,12.8,-1.6,1.6,-4.2,,57.6,6.9,,8.4,18.0,0.0,
滨州,ecmwf_ifs025,2026-03-07,5,2026-03-12,12.9,-1.5,1.0,-4.8,,58.8,8.9,,31.9,18.15,0.0,
滨州,ecmwf_ifs025,2026-03-06,6,2026-03-12,14.7,-0.0,3.0,-2.2,,70.3,6.5,,29.1,15.91,0.0,
滨州,ecmwf_ifs025,2026-03-05,7,2026-03-12,15.9,3.0,5.3,0.4,,73.1,9.4,,45.2,15.42,0.0,
滨州,gfs_seamless,2026-03-11,1,2026-03-12,12.6,2.0,2.7,-1.2,,49.1,11.1,23.0,8.6,20.35,0.0,0.0
滨州,gfs_seamless,2026-03-10,2,2026-03-12,13.3,1.7,2.7,-1.5,,49.2,11.1,28.8,3.2,20.31,0.0,0.0
滨州,gfs_seamless,2026-03-09,3,2026-03-12,12.4,2.4,2.9,-0.5,,46.0,10.2,30.2,0.4,20.35,0.0,0.0
滨州,gfs_seamless,2026-03-08,4,2026-03-12,12.9,2.4,3.5,-0.1,,45.7,8.8,24.5,6.1,20.27,0.0,0.0
滨州,gfs_seamless,2026-03-07,5,2026-03-12,12.9,1.8,2.2,-1.6,,37.5,12.0,36.0,6.3,20.31,0.0,0.0
滨州,gfs_seamless,2026-03-06,6,2026-03-12,15.0,1.8,3.1,-1.2,,36.7,10.2,33.8,0.7,20.11,0.0,0.0
滨州,gfs_seamless,2026-03-05,7,2026-03-12,18.3,3.4,7.3,0.5,,53.9,11.1,28.1,21.5,19.3,0.0,0.0
滨州,jma_seamless,2026-03-11,1,2026-03-12,12.2,3.5,3.5,1.6,,50.8,7.2,,7.4,,0.0,0.0
滨州,jma_seamless,2026-03-10,2,2026-03-12,12.4,3.7,3.7,2.1,,53.3,6.3,,2.0,,0.0,0.0
滨州,jma_seamless,2026-03-09,3,2026-03-12,12.8,2.5,3.6,0.8,,54.1,6.2,,23.0,,0.0,0.0
滨州,jma_seamless,2026-03-08,4,2026-03-12,13.8,1.3,3.3,-0.5,,59.8,5.9,,0.5,,0.0,0.0
滨州,jma_seamless,2026-03-07,5,2026-03-12,13.3,2.0,3.7,0.2,,62.5,6.3,,9.5,,0.0,0.0
滨州,jma_seamless,2026-03-06,6,2026-03-12,13.2,2.9,5.3,1.2,,58.3,6.4,,12.2,,0.0,0.0
滨州,jma_seamless,2026-03-05,7,2026-03-12,19.9,4.1,6.1,1.8,,55.2,9.0,,40.2,,0.0,0.0
滨州,ecmwf_ifs025,2026-03-12,1,2026-03-13,17.9,0.2,5.1,-2.9,,45.6,9.4,,67.5,15.37,0.0,
滨州,ecmwf_ifs025,2026-03-11,2,2026-03-13,17.9,-1.5,4.5,-4.8,,49.1,8.9,,36.9,17.01,0.0,
滨州,ecmwf_ifs025,2026-03-10,3,2026-03-13,16.2,-1.8,3.3,-5.0,,49.6,8.4,,88.6,14.97,0.0,
滨州,ecmwf_ifs025,2026-03-09,4,2026-03-13,15.7,-0.0,3.9,-3.0,,49.3,8.9,,87.8,13.58,0.3,
滨州,ecmwf_ifs025,2026-03-08,5,2026-03-13,16.0,-0.3,4.5,-3.7,,49.4,10.0,,85.4,13.0,0.0,
滨州,ecmwf_ifs025,2026-03-07,6,2026-03-13,16.0,1.3,4.2,-1.8,,54.2,10.0,,41.6,15.17,0.0,
滨州,ecmwf_ifs025,2026-03-06,7,2026-03-13,15.8,1.9,5.5,-0.9,,63.3,9.5,,77.1,13.43,0.0,
滨州,gfs_seamless,2026-03-12,1,2026-03-13,16.8,2.2,5.8,-0.4,,36.7,9.0,22.0,83.5,17.19,0.0,0.0
滨州,gfs_seamless,2026-03-11,2,2026-03-13,17.0,2.9,5.9,-0.3,,33.9,12.0,22.3,59.6,20.04,0.0,0.0
滨州,gfs_seamless,2026-03-10,3,2026-03-13,18.0,2.7,5.9,-0.7,,33.1,13.1,30.2,49.5,20.19,0.0,0.0
滨州,gfs_seamless,2026-03-09,4,2026-03-13,16.7,4.0,6.1,0.9,,35.9,13.0,35.3,86.4,18.16,0.0,0.0
滨州,gfs_seamless,2026-03-08,5,2026-03-13,17.0,4.9,6.1,1.7,,42.0,14.3,36.4,94.6,16.29,0.0,0.0
滨州,gfs_seamless,2026-03-07,6,2026-03-13,17.5,4.4,7.0,1.4,,41.2,12.6,34.6,59.0,19.49,0.3,0.0
滨州,gfs_seamless,2026-03-06,7,2026-03-13,20.2,5.3,7.3,2.0,,33.3,15.5,32.8,60.7,20.0,0.0,0.0
滨州,jma_seamless,2026-03-12,1,2026-03-13,17.5,1.7,5.6,-0.4,,46.5,7.0,,39.9,,0.0,0.0
滨州,jma_seamless,2026-03-11,2,2026-03-13,17.3,1.8,5.2,-0.7,,36.2,8.1,,39.3,,0.0,0.0
滨州,jma_seamless,2026-03-10,3,2026-03-13,17.0,2.5,5.6,0.3,,33.7,7.7,,48.9,,0.3,0.0
滨州,jma_seamless,2026-03-09,4,2026-03-13,17.8,4.0,6.9,2.0,,40.9,8.0,,59.2,,0.6,0.0
滨州,jma_seamless,2026-03-08,5,2026-03-13,17.6,4.7,7.0,2.6,,43.8,8.7,,57.1,,0.3,0.0
滨州,jma_seamless,2026-03-07,6,2026-03-13,17.8,6.9,8.0,4.6,,43.0,11.6,,46.8,,1.5,0.0
滨州,jma_seamless,2026-03-06,7,2026-03-13,16.6,3.4,6.7,1.1,,42.1,8.7,,62.3,,0.6,0.0
滨州,ecmwf_ifs025,2026-03-13,1,2026-03-14,9.2,1.2,1.6,-2.2,,72.8,11.4,,100.0,4.33,1.5,
滨州,ecmwf_ifs025,2026-03-12,2,2026-03-14,8.6,1.3,1.1,-2.2,,78.8,12.0,,99.9,2.93,3.3,
滨州,ecmwf_ifs025,2026-03-11,3,2026-03-14,8.5,1.3,1.2,-2.2,,78.9,12.1,,100.0,3.19,4.2,
滨州,ecmwf_ifs025,2026-03-10,4,2026-03-14,6.8,1.1,0.7,-2.5,,88.8,12.2,,100.0,3.27,7.5,
滨州,ecmwf_ifs025,2026-03-09,5,2026-03-14,9.6,0.1,0.1,-3.5,,79.3,11.4,,100.0,3.44,6.0,
滨州,ecmwf_ifs025,2026-03-08,6,2026-03-14,9.4,-1.4,1.4,-5.4,,83.3,11.5,,94.9,2.56,8.4,
滨州,ecmwf_ifs025,2026-03-07,7,2026-03-14,9.0,-0.0,4.2,-2.1,,84.7,6.3,,95.8,2.61,11.1,
滨州,gfs_seamless,2026-03-13,1,2026-03-14,11.6,1.4,1.4,-2.8,,62.5,15.4,36.0,100.0,1.41,1.9,0.2
滨州,gfs_seamless,2026-03-12,2,2026-03-14,11.4,0.4,0.3,-4.1,,71.5,15.9,39.2,100.0,1.16,4.0,1.1
滨州,gfs_seamless,2026-03-11,3,2026-03-14,11.6,1.0,0.6,-3.5,,64.1,16.7,49.3,100.0,3.11,4.5,0.1
滨州,gfs_seamless,2026-03-10,4,2026-03-14,11.6,2.7,3.3,-0.3,,66.8,11.1,35.3,100.0,1.3,6.3,0.0
滨州,gfs_seamless,2026-03-09,5,2026-03-14,11.0,2.0,1.6,-1.9,,69.8,14.7,38.5,100.0,1.89,2.4,0.1
滨州,gfs_seamless,2026-03-08,6,2026-03-14,9.8,3.8,1.6,0.2,,44.6,15.3,46.8,100.0,7.41,0.9,0.0
滨州,gfs_seamless,2026-03-07,7,2026-03-14,11.4,2.2,2.2,-1.5,,54.0,14.0,37.1,99.9,3.5,0.8,0.0
滨州,jma_seamless,2026-03-13,1,2026-03-14,10.3,4.0,3.8,1.2,,61.3,11.2,,75.9,,2.4,0.0
滨州,jma_seamless,2026-03-12,2,2026-03-14,11.5,3.7,3.2,1.1,,54.3,10.1,,78.8,,4.2,0.0
滨州,jma_seamless,2026-03-11,3,2026-03-14,10.5,3.0,2.3,-0.0,,60.4,11.3,,81.0,,5.7,0.0
滨州,jma_seamless,2026-03-10,4,2026-03-14,10.2,2.8,2.6,0.0,,59.1,10.1,,80.4,,3.6,0.0
滨州,jma_seamless,2026-03-09,5,2026-03-14,10.9,2.5,2.2,-0.6,,56.8,11.3,,77.7,,4.5,0.0
滨州,jma_seamless,2026-03-08,6,2026-03-14,10.2,2.5,3.2,0.2,,70.2,8.0,,84.0,,6.9,0.0
滨州,jma_seamless,2026-03-07,7,2026-03-14,10.5,2.3,4.0,-0.3,,57.7,9.0,,86.8,,3.6,0.0
滨州,ecmwf_ifs025,2026-03-14,1,2026-03-15,12.2,-1.1,2.0,,,45.0,3.5,,50.3,18.84,0.0,
滨州,ecmwf_ifs025,2026-03-13,2,2026-03-15,13.1,1.3,2.3,-0.2,,38.1,5.1,,56.0,18.68,0.0,
滨州,ecmwf_ifs025,2026-03-12,3,2026-03-15,11.2,1.3,1.3,-1.2,,40.5,8.0,,59.8,17.21,0.0,
滨州,ecmwf_ifs025,2026-03-11,4,2026-03-15,10.9,-0.0,1.0,-2.4,,51.2,6.9,,57.8,17.55,0.0,
滨州,ecmwf_ifs025,2026-03-10,5,2026-03-15,10.9,-1.6,0.5,-3.6,,46.5,5.4,,70.8,17.36,0.0,
滨州,ecmwf_ifs025,2026-03-09,6,2026-03-15,9.8,-3.0,-0.8,,,53.5,3.8,,66.1,16.03,0.0,
滨州,ecmwf_ifs025,2026-03-08,7,2026-03-15,9.4,-1.4,-1.1,-4.0,,70.1,7.0,,27.5,15.93,0.0,
滨州,gfs_seamless,2026-03-14,1,2026-03-15,11.8,0.5,2.2,-1.4,,28.8,5.9,16.9,66.0,20.93,0.0,0.0
滨州,gfs_seamless,2026-03-13,2,2026-03-15,12.4,1.5,2.5,-0.7,,32.0,7.1,21.6,82.9,20.0,0.0,0.0
滨州,gfs_seamless,2026-03-12,3,2026-03-15,9.0,0.2,-0.2,-2.9,,40.1,9.2,25.9,88.0,14.83,0.0,0.0
滨州,gfs_seamless,2026-03-11,4,2026-03-15,10.0,-0.2,0.5,-3.2,,38.0,8.9,19.4,78.5,18.09,0.0,0.0
滨州,gfs_seamless,2026-03-10,5,2026-03-15,11.0,2.3,1.2,-0.6,,34.4,10.1,25.9,94.7,15.93,0.0,0.0
滨州,gfs_seamless,2026-03-09,6,2026-03-15,11.1,1.9,2.2,-0.6,,34.5,8.2,19.1,75.4,18.6,0.0,0.0
滨州,gfs_seamless,2026-03-08,7,2026-03-15,10.9,1.9,2.4,0.2,,34.8,6.0,18.7,89.3,16.24,0.0,0.0
滨州,jma_seamless,2026-03-14,1,2026-03-15,11.2,1.0,1.9,,,32.2,2.6,,32.2,,0.0,0.0
滨州,jma_seamless,2026-03-13,2,2026-03-15,12.1,2.4,2.6,,,26.8,3.4,,28.0,,0.0,0.0
滨州,jma_seamless,2026-03-12,3,2026-03-15,11.1,2.0,1.6,-0.1,,31.0,7.2,,40.9,,0.0,0.0
滨州,jma_seamless,2026-03-11,4,2026-03-15,10.8,2.0,1.5,-0.0,,32.9,6.8,,52.8,,0.0,0.0
滨州,jma_seamless,2026-03-10,5,2026-03-15,9.9,0.0,0.9,,,31.7,2.8,,63.5,,0.0,0.0
滨州,jma_seamless,2026-03-09,6,2026-03-15,10.1,-0.1,0.8,,,34.1,2.8,,27.3,,0.0,0.0
滨州,jma_seamless,2026-03-08,7,2026-03-15,8.2,0.9,0.3,-1.0,,31.8,6.0,,53.5,,0.0,0.0
滨州,ecmwf_ifs025,2026-03-15,1,2026-03-16,15.3,1.3,3.8,-1.1,,33.5,7.7,,32.8,18.75,0.0,
滨州,ecmwf_ifs025,2026-03-14,2,2026-03-16,15.7,0.8,3.5,-2.0,,31.7,8.7,,50.7,18.7,0.0,
滨州,ecmwf_ifs025,2026-03-13,3,2026-03-16,15.6,-1.0,3.2,-4.2,,34.9,8.8,,41.9,17.68,0.0,
滨州,ecmwf_ifs025,2026-03-12,4,2026-03-16,14.5,-1.5,1.9,-4.4,,34.2,7.6,,32.4,18.18,0.0,
滨州,ecmwf_ifs025,2026-03-11,5,2026-03-16,14.1,-0.3,2.0,-3.1,,41.0,8.0,,41.3,18.33,0.0,
滨州,ecmwf_ifs025,2026-03-10,6,2026-03-16,14.0,-0.8,2.0,-3.3,,35.6,6.8,,66.4,13.16,0.0,
滨州,ecmwf_ifs025,2026-03-09,7,2026-03-16,14.1,-1.6,1.7,-3.9,,46.4,6.2,,49.1,17.5,0.0,
滨州,gfs_seamless,2026-03-15,1,2026-03-16,14.0,3.8,4.3,1.1,,27.3,10.5,27.7,43.2,20.62,0.0,0.0
滨州,gfs_seamless,2026-03-14,2,2026-03-16,14.3,4.3,4.0,1.5,,29.5,11.3,27.4,61.4,18.44,0.0,0.0
滨州,gfs_seamless,2026-03-13,3,2026-03-16,13.6,3.5,3.4,0.7,,29.6,10.6,26.3,69.1,14.95,0.0,0.0
滨州,gfs_seamless,2026-03-12,4,2026-03-16,13.1,2.0,3.1,-0.7,,33.5,9.0,18.0,71.5,17.45,0.0,0.0
滨州,gfs_seamless,2026-03-11,5,2026-03-16,13.5,1.5,3.3,-1.4,,34.6,9.5,16.9,65.3,17.7,0.0,0.0
滨州,gfs_seamless,2026-03-10,6,2026-03-16,13.9,4.3,5.1,2.3,,31.2,8.0,14.0,72.5,20.22,0.0,0.0
滨州,gfs_seamless,2026-03-09,7,2026-03-16,15.1,2.5,4.7,0.0,,38.6,8.6,23.0,44.2,17.62,0.0,0.0
滨州,jma_seamless,2026-03-15,1,2026-03-16,15.2,2.8,3.8,1.1,,20.7,6.3,,14.9,,0.0,0.0
滨州,jma_seamless,2026-03-14,2,2026-03-16,15.2,2.8,4.0,1.1,,18.7,6.2,,21.3,,0.0,0.0
滨州,jma_seamless,2026-03-13,3,2026-03-16,15.8,2.1,4.0,0.3,,20.5,6.2,,35.1,,0.0,0.0
滨州,jma_seamless,2026-03-12,4,2026-03-16,14.6,1.7,3.7,-0.3,,33.6,6.5,,39.4,,0.0,0.0
滨州,jma_seamless,2026-03-11,5,2026-03-16,14.2,1.6,3.2,-0.2,,34.8,6.1,,39.6,,0.0,0.0
滨州,jma_seamless,2026-03-10,6,2026-03-16,14.3,1.9,3.6,,,26.2,3.6,,9.8,,0.0,0.0
滨州,jma_seamless,2026-03-09,7,2026-03-16,13.9,2.2,3.5,0.9,,23.2,5.0,,33.1,,0.0,0.0
滨州,ecmwf_ifs025,2026-03-16,1,2026-03-17,17.0,1.9,6.7,0.1,,50.0,6.2,,48.4,17.7,0.0,
滨州,ecmwf_ifs025,2026-03-15,2,2026-03-17,17.6,2.7,7.0,0.9,,45.3,6.4,,67.0,16.71,0.0,
滨州,ecmwf_ifs025,2026-03-14,3,2026-03-17,16.1,2.2,5.9,-0.1,,38.7,7.8,,65.3,13.42,0.0,
滨州,ecmwf_ifs025,2026-03-13,4,2026-03-17,15.6,2.7,5.8,0.4,,53.5,8.2,,74.9,13.74,0.0,
滨州,ecmwf_ifs025,2026-03-12,5,2026-03-17,16.1,1.6,5.2,-1.2,,57.9,9.3,,64.7,13.53,0.0,
滨州,ecmwf_ifs025,2026-03-11,6,2026-03-17,16.5,3.7,6.6,1.5,,61.8,8.3,,70.8,14.13,0.0,
滨州,ecmwf_ifs025,2026-03-10,7,2026-03-17,17.2,2.0,5.3,-0.4,,54.5,8.0,,61.6,16.49,0.0,
滨州,gfs_seamless,2026-03-16,1,2026-03-17,16.9,6.0,8.2,4.0,,45.0,9.1,27.0,41.3,19.05,0.0,0.0
滨州,gfs_seamless,2026-03-15,2,2026-03-17,16.2,6.3,7.7,4.4,,37.9,9.3,34.2,88.4,15.24,0.0,0.0
滨州,gfs_seamless,2026-03-14,3,2026-03-17,16.7,5.5,7.1,3.2,,41.0,10.1,18.0,90.2,17.25,0.0,0.0
滨州,gfs_seamless,2026-03-13,4,2026-03-17,16.0,6.4,7.6,4.1,,52.8,11.2,46.8,45.1,19.18,0.0,0.0
滨州,gfs_seamless,2026-03-12,5,2026-03-17,15.6,5.9,8.1,3.9,,59.0,9.4,24.5,80.1,15.53,0.0,0.0
滨州,gfs_seamless,2026-03-11,6,2026-03-17,16.8,6.2,7.7,4.2,,49.2,9.7,27.0,77.5,17.81,0.0,0.0
滨州,gfs_seamless,2026-03-10,7,2026-03-17,17.1,6.8,6.8,4.0,,46.0,14.6,36.0,88.8,15.23,0.0,0.0
滨州,jma_seamless,2026-03-16,1,2026-03-17,17.3,5.6,7.4,4.7,,35.5,5.2,,27.5,,0.0,0.0
滨州,jma_seamless,2026-03-15,2,2026-03-17,17.5,6.3,7.9,5.2,,38.3,6.0,,37.8,,0.0,0.0
滨州,jma_seamless,2026-03-14,3,2026-03-17,16.9,6.6,7.9,5.3,,35.4,6.9,,67.7,,0.0,0.0
滨州,jma_seamless,2026-03-13,4,2026-03-17,17.3,6.6,7.6,4.8,,40.8,8.7,,57.0,,0.0,0.0
滨州,jma_seamless,2026-03-12,5,2026-03-17,12.4,5.2,5.3,3.2,,42.7,8.7,,65.1,,0.0,0.0
滨州,jma_seamless,2026-03-11,6,2026-03-17,13.7,3.9,5.1,2.1,,57.0,7.1,,53.5,,3.3,0.0
滨州,jma_seamless,2026-03-10,7,2026-03-17,18.2,5.5,6.9,3.9,,27.3,7.5,,24.8,,0.0,0.0
滨州,ecmwf_ifs025,2026-03-17,1,2026-03-18,9.7,1.7,1.8,-2.2,,51.8,14.1,,83.0,18.01,0.3,
滨州,ecmwf_ifs025,2026-03-16,2,2026-03-18,9.8,1.5,1.8,-2.4,,50.1,14.3,,70.0,18.54,0.3,
滨州,ecmwf_ifs025,2026-03-15,3,2026-03-18,9.8,0.1,1.2,-4.4,,51.5,15.5,,86.8,17.5,0.0,
滨州,ecmwf_ifs025,2026-03-14,4,2026-03-18,8.6,-1.0,1.6,-5.4,,52.5,13.6,,61.0,18.91,0.9,
滨州,ecmwf_ifs025,2026-03-13,5,2026-03-18,9.0,0.7,2.0,-3.1,,51.5,12.5,,100.0,16.43,0.9,
滨州,ecmwf_ifs025,2026-03-12,6,2026-03-18,8.9,0.8,1.7,-2.1,,43.3,9.2,,92.8,15.87,0.0,
滨州,ecmwf_ifs025,2026-03-11,7,2026-03-18,11.6,3.8,3.8,0.6,,56.4,13.1,,72.4,15.42,0.0,
滨州,gfs_seamless,2026-03-17,1,2026-03-18,10.9,2.5,1.8,-1.8,,49.4,18.2,64.4,86.2,18.73,0.4,0.0
滨州,gfs_seamless,2026-03-16,2,2026-03-18,11.1,2.6,2.6,-1.4,,45.0,16.0,61.6,56.9,20.65,0.3,0.0
滨州,gfs_seamless,2026-03-15,3,2026-03-18,10.3,1.0,0.5,-3.9,,58.1,19.4,56.2,90.0,10.2,0.8,0.0
滨州,gfs_seamless,2026-03-14,4,2026-03-18,9.9,1.5,1.6,-3.4,,49.7,20.4,54.0,86.3,18.43,0.1,0.0
滨州,gfs_seamless,2026-03-13,5,2026-03-18,10.7,0.9,-0.6,-4.5,,41.9,23.1,61.6,89.8,16.06,0.0,0.0
滨州,gfs_seamless,2026-03-12,6,2026-03-18,9.9,2.7,0.2,-1.8,,49.9,19.9,51.8,90.8,17.46,0.0,0.0
滨州,gfs_seamless,2026-03-11,7,2026-03-18,13.3,6.0,3.9,2.2,,41.3,21.1,54.0,100.0,12.19,0.1,0.0
滨州,jma_seamless,2026-03-17,1,2026-03-18,11.3,4.5,3.4,1.8,,46.2,11.2,,47.2,,0.0,0.0
滨州,jma_seamless,2026-03-16,2,2026-03-18,11.8,4.4,3.5,1.8,,45.3,10.8,,45.2,,0.0,0.0
滨州,jma_seamless,2026-03-15,3,2026-03-18,12.1,3.8,2.6,0.6,,46.0,13.2,,66.7,,1.2,0.0
滨州,jma_seamless,2026-03-14,4,2026-03-18,10.6,4.3,3.5,2.2,,48.8,8.6,,56.0,,0.6,0.0
滨州,jma_seamless,2026-03-13,5,2026-03-18,9.6,2.7,1.4,-0.4,,22.3,11.2,,34.6,,0.0,0.0
滨州,jma_seamless,2026-03-12,6,2026-03-18,10.2,3.8,2.5,1.3,,43.7,9.8,,61.8,,0.3,0.0
滨州,jma_seamless,2026-03-11,7,2026-03-18,9.6,5.1,1.8,2.3,,38.9,12.5,,53.6,,4.8,0.0
滨州,ecmwf_ifs025,2026-03-18,1,2026-03-19,15.7,-1.3,2.7,-5.0,,42.8,10.4,,49.8,18.45,0.0,
滨州,ecmwf_ifs025,2026-03-17,2,2026-03-19,15.6,-0.8,2.8,-4.2,,43.8,9.9,,57.2,17.81,0.0,
滨州,ecmwf_ifs025,2026-03-16,3,2026-03-19,15.4,-2.0,2.2,-5.5,,42.4,9.3,,53.9,16.51,0.0,
滨州,ecmwf_ifs025,2026-03-15,4,2026-03-19,13.9,-3.0,0.7,-6.0,,35.8,7.3,,46.7,17.66,0.0,
滨州,ecmwf_ifs025,2026-03-14,5,2026-03-19,12.8,-2.9,0.5,-5.9,,35.2,7.2,,66.0,14.55,0.0,
滨州,ecmwf_ifs025,2026-03-13,6,2026-03-19,14.9,0.3,2.7,-2.8,,44.9,9.3,,75.2,12.69,0.0,
滨州,ecmwf_ifs025,2026-03-12,7,2026-03-19,14.9,4.5,5.7,3.5,,39.5,5.1,,53.7,17.33,0.6,
滨州,gfs_seamless,2026-03-18,1,2026-03-19,15.6,1.6,3.8,-2.0,,35.6,12.7,29.2,66.8,20.04,0.0,0.0
滨州,gfs_seamless,2026-03-17,2,2026-03-19,15.3,2.0,4.0,-1.0,,33.1,10.4,25.6,94.2,18.94,0.0,0.0
滨州,gfs_seamless,2026-03-16,3,2026-03-19,15.1,0.5,4.3,-1.8,,33.7,6.8,14.4,73.0,20.13,0.0,0.0
滨州,gfs_seamless,2026-03-15,4,2026-03-19,12.7,0.9,2.6,-1.8,,34.2,8.3,17.3,100.0,17.83,0.0,0.0
滨州,gfs_seamless,2026-03-14,5,2026-03-19,12.6,0.5,2.3,-2.2,,28.2,8.1,23.0,98.1,17.06,0.0,0.0
滨州,gfs_seamless,2026-03-13,6,2026-03-19,12.1,3.1,2.8,0.5,,39.5,9.6,16.2,79.7,17.83,0.0,0.0
滨州,gfs_seamless,2026-03-12,7,2026-03-19,10.1,2.9,3.0,0.2,,42.5,9.9,28.4,79.0,17.19,0.0,0.0
滨州,jma_seamless,2026-03-18,1,2026-03-19,15.6,3.1,4.3,0.8,,29.6,8.2,,22.0,,0.0,0.0
滨州,jma_seamless,2026-03-17,2,2026-03-19,15.1,2.7,4.2,1.3,,28.0,5.5,,54.3,,0.0,0.0
滨州,jma_seamless,2026-03-16,3,2026-03-19,14.4,2.3,3.2,,,23.2,4.6,,46.1,,0.0,0.0
滨州,jma_seamless,2026-03-15,4,2026-03-19,14.7,2.5,3.5,1.2,,24.5,5.0,,48.8,,0.0,0.0
滨州,jma_seamless,2026-03-14,5,2026-03-19,14.8,1.8,3.6,0.1,,24.5,5.8,,32.0,,0.0,0.0
滨州,jma_seamless,2026-03-13,6,2026-03-19,13.8,3.1,3.3,1.5,,22.2,6.1,,48.7,,0.0,0.0
滨州,jma_seamless,2026-03-12,7,2026-03-19,13.6,2.4,4.0,0.8,,42.6,5.8,,63.8,,0.0,0.0
滨州,ecmwf_ifs025,2026-03-19,1,2026-03-20,17.0,2.8,5.8,0.2,,56.9,9.2,,27.4,18.64,0.0,
滨州,ecmwf_ifs025,2026-03-18,2,2026-03-20,17.7,3.1,6.4,1.1,,52.0,7.3,,31.9,18.84,0.0,
滨州,ecmwf_ifs025,2026-03-17,3,2026-03-20,17.8,2.2,6.1,-0.1,,49.2,7.7,,22.8,18.52,0.0,
滨州,ecmwf_ifs025,2026-03-16,4,2026-03-20,18.4,2.4,6.7,0.6,,50.8,6.3,,13.9,18.9,0.0,
滨州,ecmwf_ifs025,2026-03-15,5,2026-03-20,18.6,1.7,6.6,-0.7,,44.1,7.8,,15.7,18.78,0.0,
滨州,ecmwf_ifs025,2026-03-14,6,2026-03-20,17.9,0.8,6.0,-1.3,,51.0,6.4,,22.2,16.85,0.0,
滨州,ecmwf_ifs025,2026-03-13,7,2026-03-20,12.3,2.3,2.6,-0.3,,44.6,8.9,,1.0,18.25,0.0,
滨州,gfs_seamless,2026-03-19,1,2026-03-20,17.1,5.6,7.5,3.4,,43.5,9.7,30.2,35.0,20.82,0.0,0.0
滨州,gfs_seamless,2026-03-18,2,2026-03-20,18.2,6.5,7.9,4.3,,42.0,10.9,32.8,43.8,21.01,0.0,0.0
滨州,gfs_seamless,2026-03-17,3,2026-03-20,18.2,6.7,7.8,4.9,,29.6,9.0,33.1,51.7,20.77,0.0,0.0
滨州,gfs_seamless,2026-03-16,4,2026-03-20,18.2,6.8,8.1,4.8,,39.0,10.2,35.3,34.0,21.47,0.0,0.0
滨州,gfs_seamless,2026-03-15,5,2026-03-20,16.3,3.7,6.4,1.6,,30.0,8.0,27.4,30.0,21.29,0.0,0.0
滨州,gfs_seamless,2026-03-14,6,2026-03-20,13.1,4.6,4.2,2.0,,28.9,11.0,36.4,2.8,21.7,0.0,0.0
滨州,gfs_seamless,2026-03-13,7,2026-03-20,15.4,1.1,1.6,-3.0,,48.0,14.7,32.0,75.3,18.0,0.0,0.0
滨州,jma_seamless,2026-03-19,1,2026-03-20,17.1,6.1,6.9,4.9,,35.4,6.3,,16.8,,0.0,0.0
滨州,jma_seamless,2026-03-18,2,2026-03-20,17.4,6.0,7.5,,,32.9,4.5,,6.5,,0.0,0.0
滨州,jma_seamless,2026-03-17,3,2026-03-20,17.6,3.9,6.4,,,29.2,4.0,,5.5,,0.0,0.0
滨州,jma_seamless,2026-03-16,4,2026-03-20,18.1,4.7,7.0,,,27.1,4.7,,0.6,,0.0,0.0
滨州,jma_seamless,2026-03-15,5,2026-03-20,16.7,4.8,6.3,3.1,,29.6,7.2,,0.4,,0.0,0.0
滨州,jma_seamless,2026-03-14,6,2026-03-20,18.4,4.5,6.8,,,26.9,4.5,,0.0,,0.0,0.0
滨州,jma_seamless,2026-03-13,7,2026-03-20,19.1,6.3,7.3,4.8,,29.7,7.6,,0.5,,0.0,0.0
滨州,ecmwf_ifs025,2026-03-20,1,2026-03-21,21.2,5.7,10.1,2.7,,48.0,14.7,,39.8,18.52,0.0,
滨州,ecmwf_ifs025,2026-03-19,2,2026-03-21,21.1,5.6,10.1,2.5,,49.4,15.2,,37.8,18.57,0.0,
滨州,ecmwf_ifs025,2026-03-18,3,2026-03-21,21.4,6.2,10.3,3.4,,46.9,14.0,,43.8,18.48,0.0,
滨州,ecmwf_ifs025,2026-03-17,4,2026-03-21,21.0,4.6,9.2,1.8,,45.7,12.1,,40.6,18.5,0.0,
滨州,ecmwf_ifs025,2026-03-16,5,2026-03-21,21.6,3.0,9.5,-0.2,,48.0,12.3,,28.1,18.48,0.0,
滨州,ecmwf_ifs025,2026-03-15,6,2026-03-21,24.6,8.2,11.6,6.2,,52.3,11.4,,20.5,17.4,0.0,
滨州,ecmwf_ifs025,2026-03-14,7,2026-03-21,16.7,5.7,8.3,4.0,,58.6,7.9,,49.7,13.39,0.0,
滨州,gfs_seamless,2026-03-20,1,2026-03-21,20.7,7.9,10.2,5.1,,44.5,16.8,46.1,30.4,20.91,0.0,0.0
滨州,gfs_seamless,2026-03-19,2,2026-03-21,20.5,7.6,10.5,4.8,,46.6,16.3,43.6,22.1,21.07,0.0,0.0
滨州,gfs_seamless,2026-03-18,3,2026-03-21,20.7,7.3,10.2,4.5,,47.2,15.7,41.8,16.3,21.12,0.0,0.0
滨州,gfs_seamless,2026-03-17,4,2026-03-21,20.5,8.0,9.9,5.2,,44.8,16.8,42.5,22.3,21.13,0.0,0.0
滨州,gfs_seamless,2026-03-16,5,2026-03-21,20.0,7.9,10.2,5.0,,45.5,17.6,45.4,21.1,21.19,0.0,0.0
滨州,gfs_seamless,2026-03-15,6,2026-03-21,20.6,4.6,9.2,1.4,,40.2,14.0,40.3,57.8,17.09,0.0,0.0
滨州,gfs_seamless,2026-03-14,7,2026-03-21,19.6,4.2,7.6,0.6,,38.8,16.1,46.1,12.9,21.27,0.0,0.0
滨州,jma_seamless,2026-03-20,1,2026-03-21,21.0,8.2,10.6,6.2,,42.0,11.7,,25.5,,0.0,0.0
滨州,jma_seamless,2026-03-19,2,2026-03-21,21.4,8.2,10.6,6.2,,35.5,11.5,,25.8,,0.0,0.0
滨州,jma_seamless,2026-03-18,3,2026-03-21,20.9,7.5,10.0,5.5,,33.8,10.5,,26.3,,0.0,0.0
滨州,jma_seamless,2026-03-17,4,2026-03-21,20.6,7.4,10.0,5.6,,40.0,9.8,,13.0,,0.0,0.0
滨州,jma_seamless,2026-03-16,5,2026-03-21,21.6,7.8,10.6,5.8,,34.4,10.9,,8.2,,0.0,0.0
滨州,jma_seamless,2026-03-15,6,2026-03-21,21.0,8.3,10.0,6.9,,29.5,8.5,,0.0,,0.0,0.0
滨州,jma_seamless,2026-03-14,7,2026-03-21,22.0,8.5,10.2,6.7,,28.9,10.9,,0.0,,0.0,0.0
滨州,ecmwf_ifs025,2026-03-21,1,2026-03-22,21.0,10.8,11.5,,,55.9,14.0,,65.4,18.07,1.8,
滨州,ecmwf_ifs025,2026-03-20,2,2026-03-22,21.2,10.7,12.3,,,55.9,12.6,,65.2,18.52,4.8,
滨州,ecmwf_ifs025,2026-03-19,3,2026-03-22,21.1,10.5,11.4,,,43.5,12.8,,42.1,18.48,0.0,
滨州,ecmwf_ifs025,2026-03-18,4,2026-03-22,21.0,10.2,10.8,,,41.2,10.2,,51.1,18.51,0.3,
滨州,ecmwf_ifs025,2026-03-17,5,2026-03-22,20.5,9.9,9.8,8.4,,36.5,10.4,,75.6,15.3,0.0,
滨州,ecmwf_ifs025,2026-03-16,6,2026-03-22,19.7,9.3,10.0,7.9,,44.8,9.3,,13.2,17.79,0.0,
滨州,ecmwf_ifs025,2026-03-15,7,2026-03-22,17.9,7.5,7.4,5.2,,29.3,12.4,,7.6,18.58,0.0,
滨州,gfs_seamless,2026-03-21,1,2026-03-22,21.3,11.6,12.0,,,48.2,14.9,46.4,82.6,16.25,0.1,0.0
滨州,gfs_seamless,2026-03-20,2,2026-03-22,21.7,10.5,11.9,,,44.0,15.3,41.8,59.2,20.8,0.4,0.0
滨州,gfs_seamless,2026-03-19,3,2026-03-22,22.0,11.6,12.6,,,40.2,15.0,39.2,45.5,20.9,0.0,0.0
滨州,gfs_seamless,2026-03-18,4,2026-03-22,22.2,11.1,12.2,,,41.8,14.7,42.1,74.2,18.99,0.0,0.0
滨州,gfs_seamless,2026-03-17,5,2026-03-22,21.0,11.6,12.0,,,45.8,12.8,42.8,99.9,16.02,0.0,0.0
滨州,gfs_seamless,2026-03-16,6,2026-03-22,19.4,13.0,11.2,,,40.5,20.0,51.5,37.5,21.47,0.5,0.0
滨州,gfs_seamless,2026-03-15,7,2026-03-22,19.5,7.0,8.6,3.5,,46.3,21.3,61.9,65.6,17.94,0.0,0.0
滨州,jma_seamless,2026-03-21,1,2026-03-22,22.0,11.5,13.2,,,53.0,11.5,,28.4,,0.6,0.0
滨州,jma_seamless,2026-03-20,2,2026-03-22,21.6,12.0,13.4,,,47.9,11.3,,25.6,,0.0,0.0
滨州,jma_seamless,2026-03-19,3,2026-03-22,22.3,12.2,13.0,,,35.8,12.6,,30.8,,0.0,0.0
滨州,jma_seamless,2026-03-18,4,2026-03-22,21.7,12.1,11.9,,,32.2,10.2,,32.9,,0.0,0.0
滨州,jma_seamless,2026-03-17,5,2026-03-22,19.2,11.8,11.1,,,25.7,7.7,,38.2,,0.0,0.0
滨州,jma_seamless,2026-03-16,6,2026-03-22,22.3,8.0,12.0,,,47.8,4.4,,38.1,,0.0,0.0
滨州,jma_seamless,2026-03-15,7,2026-03-22,21.6,10.5,12.1,,,36.0,6.1,,6.9,,0.0,0.0
滨州,ecmwf_ifs025,2026-03-22,1,2026-03-23,18.3,6.7,8.4,4.5,,46.8,10.8,,76.8,18.41,0.0,
滨州,ecmwf_ifs025,2026-03-21,2,2026-03-23,18.2,6.5,7.8,4.3,,43.7,11.0,,82.9,18.18,0.0,
滨州,ecmwf_ifs025,2026-03-20,3,2026-03-23,18.6,7.6,8.4,5.6,,41.5,10.8,,81.0,17.78,0.0,
滨州,ecmwf_ifs025,2026-03-19,4,2026-03-23,18.9,7.9,7.9,5.7,,37.7,12.5,,85.4,18.23,0.0,
滨州,ecmwf_ifs025,2026-03-18,5,2026-03-23,17.3,6.2,6.7,3.7,,30.8,12.3,,90.7,16.13,0.0,
滨州,ecmwf_ifs025,2026-03-17,6,2026-03-23,19.1,6.5,7.6,4.5,,36.7,9.6,,63.5,17.32,0.0,
滨州,ecmwf_ifs025,2026-03-16,7,2026-03-23,17.9,5.8,7.2,3.6,,35.6,10.3,,93.6,17.2,0.0,
滨州,gfs_seamless,2026-03-22,1,2026-03-23,17.9,8.7,8.8,6.5,,43.2,13.6,33.5,99.2,18.37,0.0,0.0
滨州,gfs_seamless,2026-03-21,2,2026-03-23,17.6,8.3,8.3,6.1,,41.2,13.1,28.4,88.6,19.27,0.0,0.0
滨州,gfs_seamless,2026-03-20,3,2026-03-23,16.8,8.5,7.7,6.2,,33.1,14.0,41.4,76.7,19.48,0.0,0.0
滨州,gfs_seamless,2026-03-19,4,2026-03-23,18.0,8.5,8.2,6.2,,32.6,14.3,41.0,96.9,17.67,0.0,0.0
滨州,gfs_seamless,2026-03-18,5,2026-03-23,18.8,9.0,8.5,6.6,,33.8,15.9,37.1,83.6,16.05,0.0,0.0
滨州,gfs_seamless,2026-03-17,6,2026-03-23,15.6,8.5,6.5,5.6,,32.6,19.0,52.9,70.0,16.02,0.0,0.0
滨州,gfs_seamless,2026-03-16,7,2026-03-23,14.4,6.1,5.3,3.2,,37.7,14.1,44.6,100.0,14.97,0.0,0.0
滨州,jma_seamless,2026-03-22,1,2026-03-23,16.9,8.3,8.4,6.8,,46.6,9.2,,49.7,,0.0,0.0
滨州,jma_seamless,2026-03-21,2,2026-03-23,17.4,7.7,7.9,5.9,,41.2,9.7,,49.0,,0.0,0.0
滨州,jma_seamless,2026-03-20,3,2026-03-23,17.2,7.8,8.1,6.3,,40.8,8.6,,53.5,,0.0,0.0
滨州,jma_seamless,2026-03-19,4,2026-03-23,18.1,8.4,8.1,7.0,,26.0,8.4,,42.0,,0.0,0.0
滨州,jma_seamless,2026-03-18,5,2026-03-23,16.8,8.9,7.7,7.2,,27.1,10.9,,59.1,,0.0,0.0
滨州,jma_seamless,2026-03-17,6,2026-03-23,15.6,8.1,7.5,6.6,,33.7,8.6,,59.6,,0.0,0.0
滨州,jma_seamless,2026-03-16,7,2026-03-23,19.0,8.3,8.7,7.1,,31.2,7.8,,78.1,,0.0,0.0
滨州,ecmwf_ifs025,2026-03-23,1,2026-03-24,22.1,6.3,10.9,4.3,,46.9,9.6,,59.2,18.08,0.0,
滨州,ecmwf_ifs025,2026-03-22,2,2026-03-24,22.3,4.7,10.4,2.7,,45.7,8.3,,55.5,17.97,0.0,
滨州,ecmwf_ifs025,2026-03-21,3,2026-03-24,21.3,6.1,10.0,4.1,,38.3,9.3,,99.8,15.68,0.0,
滨州,ecmwf_ifs025,2026-03-20,4,2026-03-24,21.7,5.7,10.5,3.6,,44.9,9.6,,61.0,17.24,0.0,
滨州,ecmwf_ifs025,2026-03-19,5,2026-03-24,21.8,5.0,9.5,2.9,,42.7,9.0,,45.8,18.6,0.0,
滨州,ecmwf_ifs025,2026-03-18,6,2026-03-24,19.6,4.9,7.6,3.4,,34.8,6.8,,59.2,17.41,0.0,
滨州,ecmwf_ifs025,2026-03-17,7,2026-03-24,22.2,9.2,11.2,8.1,,36.6,7.9,,40.7,18.15,0.0,
滨州,gfs_seamless,2026-03-23,1,2026-03-24,21.1,8.5,11.3,6.6,,37.9,11.3,33.5,81.3,18.57,0.0,0.0
滨州,gfs_seamless,2026-03-22,2,2026-03-24,21.5,8.7,11.2,6.9,,36.7,11.0,34.6,86.4,17.79,0.0,0.0
滨州,gfs_seamless,2026-03-21,3,2026-03-24,19.8,7.4,9.6,5.4,,33.9,10.7,25.9,76.3,16.2,0.0,0.0
滨州,gfs_seamless,2026-03-20,4,2026-03-24,21.1,8.2,10.2,5.9,,37.5,13.2,36.4,53.0,20.63,0.0,0.0
滨州,gfs_seamless,2026-03-19,5,2026-03-24,21.1,8.0,10.8,5.6,,40.2,13.6,34.6,81.8,16.34,0.0,0.0
滨州,gfs_seamless,2026-03-18,6,2026-03-24,21.9,8.2,11.0,6.2,,39.0,11.3,28.4,41.5,21.59,0.0,0.0
滨州,gfs_seamless,2026-03-17,7,2026-03-24,18.7,6.4,9.1,4.0,,38.6,11.8,32.8,87.5,16.62,0.0,0.0
滨州,jma_seamless,2026-03-23,1,2026-03-24,22.0,8.4,11.3,7.2,,40.4,7.5,,35.7,,0.0,0.0
滨州,jma_seamless,2026-03-22,2,2026-03-24,20.8,6.7,10.2,5.6,,39.5,6.2,,28.2,,0.0,0.0
滨州,jma_seamless,2026-03-21,3,2026-03-24,20.7,7.0,10.3,6.1,,40.3,5.7,,22.9,,0.0,0.0
滨州,jma_seamless,2026-03-20,4,2026-03-24,20.9,8.0,10.3,7.0,,32.8,6.6,,15.1,,0.0,0.0
滨州,jma_seamless,2026-03-19,5,2026-03-24,20.4,8.9,9.8,7.9,,19.1,7.4,,31.6,,0.0,0.0
滨州,jma_seamless,2026-03-18,6,2026-03-24,20.0,8.1,10.1,7.0,,35.6,7.0,,35.0,,0.0,0.0
滨州,jma_seamless,2026-03-17,7,2026-03-24,19.2,5.2,7.8,3.9,,22.0,6.2,,24.5,,0.0,0.0
滨州,ecmwf_ifs025,2026-03-24,1,2026-03-25,25.2,10.0,14.1,8.5,,47.8,10.9,,8.9,19.28,0.0,
滨州,ecmwf_ifs025,2026-03-23,2,2026-03-25,25.8,9.8,14.2,8.4,,48.2,9.8,,10.1,19.18,0.0,
滨州,ecmwf_ifs025,2026-03-22,3,2026-03-25,25.6,8.8,13.9,7.0,,44.7,11.1,,13.9,18.9,0.0,
滨州,ecmwf_ifs025,2026-03-21,4,2026-03-25,25.7,8.0,13.2,6.0,,38.2,11.3,,3.9,19.03,0.0,
滨州,ecmwf_ifs025,2026-03-20,5,2026-03-25,25.6,9.5,14.2,7.9,,43.3,10.7,,8.5,19.36,0.0,
滨州,ecmwf_ifs025,2026-03-19,6,2026-03-25,24.0,10.0,12.7,8.5,,43.7,11.1,,20.6,17.86,0.0,
滨州,ecmwf_ifs025,2026-03-18,7,2026-03-25,24.8,9.7,12.3,8.3,,34.7,9.8,,45.3,18.24,0.0,
滨州,gfs_seamless,2026-03-24,1,2026-03-25,25.5,10.8,14.6,,,38.2,14.3,46.8,15.5,,,0.0
滨州,gfs_seamless,2026-03-23,2,2026-03-25,24.8,11.1,14.6,,,41.7,14.6,46.4,27.4,,,0.0
滨州,gfs_seamless,2026-03-22,3,2026-03-25,25.2,10.6,14.0,,,40.2,14.0,40.3,13.1,,,0.0
滨州,gfs_seamless,2026-03-21,4,2026-03-25,24.0,9.5,13.2,7.4,,39.5,14.2,42.1,11.5,,,0.0
滨州,gfs_seamless,2026-03-20,5,2026-03-25,25.0,10.2,14.6,,,52.3,12.2,40.3,17.6,,,0.0
滨州,gfs_seamless,2026-03-19,6,2026-03-25,24.6,10.4,14.5,,,50.8,13.3,47.9,16.6,,,0.0
滨州,gfs_seamless,2026-03-18,7,2026-03-25,24.7,9.1,13.7,7.5,,35.7,10.6,27.0,41.1,,,0.0
滨州,jma_seamless,2026-03-24,1,2026-03-25,25.1,12.9,15.0,,,48.4,15.9,,,,0.0,0.0
滨州,jma_seamless,2026-03-23,2,2026-03-25,25.2,11.9,14.6,,,53.3,17.3,,,,0.0,0.0
滨州,jma_seamless,2026-03-22,3,2026-03-25,24.4,12.2,15.2,,,50.0,14.6,,,,0.0,0.0
滨州,jma_seamless,2026-03-21,4,2026-03-25,25.1,12.4,15.7,,,55.3,19.1,,,,0.0,0.0
滨州,jma_seamless,2026-03-20,5,2026-03-25,24.1,12.5,14.9,,,60.8,17.7,,,,0.0,0.0
滨州,jma_seamless,2026-03-19,6,2026-03-25,22.9,11.1,13.5,,,58.9,17.7,,,,0.0,0.0
滨州,jma_seamless,2026-03-18,7,2026-03-25,21.6,11.2,12.2,,,50.6,18.3,,,,0.0,0.0
滨州,ecmwf_ifs025,2026-03-25,1,2026-03-26,27.1,12.0,16.7,,27.5,50.2,10.0,,99.7,17.55,0.0,
滨州,ecmwf_ifs025,2026-03-24,2,2026-03-26,26.5,12.5,16.6,,,54.0,9.0,,94.9,16.82,0.0,
滨州,ecmwf_ifs025,2026-03-23,3,2026-03-26,27.3,13.6,16.7,,27.6,48.8,11.3,,81.3,16.48,0.0,
滨州,ecmwf_ifs025,2026-03-22,4,2026-03-26,27.6,11.4,16.6,,27.8,46.8,9.8,,92.5,17.07,0.0,
滨州,ecmwf_ifs025,2026-03-21,5,2026-03-26,23.8,12.4,14.5,,,43.8,12.6,,99.9,18.25,0.0,
滨州,ecmwf_ifs025,2026-03-20,6,2026-03-26,26.4,12.3,16.5,,,46.9,6.5,,99.5,15.84,0.0,
滨州,ecmwf_ifs025,2026-03-19,7,2026-03-26,24.0,7.9,12.5,5.5,,42.9,13.5,,30.2,18.35,0.0,
滨州,gfs_seamless,2026-03-25,1,2026-03-26,26.5,14.1,16.9,,,39.7,14.2,42.8,99.7,,,0.0
滨州,gfs_seamless,2026-03-24,2,2026-03-26,25.9,14.0,16.9,,,43.4,12.8,46.1,94.1,,,0.0
滨州,gfs_seamless,2026-03-23,3,2026-03-26,26.0,14.2,17.2,,,43.5,10.8,34.2,99.3,,,0.0
滨州,gfs_seamless,2026-03-22,4,2026-03-26,26.1,13.8,17.1,,,44.6,11.4,48.2,99.1,,,0.0
滨州,gfs_seamless,2026-03-21,5,2026-03-26,26.9,13.1,16.7,,,42.6,12.7,30.2,48.2,,,0.0
滨州,gfs_seamless,2026-03-20,6,2026-03-26,26.0,13.0,16.5,,,42.5,10.5,45.7,95.3,,,0.0
滨州,gfs_seamless,2026-03-19,7,2026-03-26,25.7,13.6,16.7,,,43.4,11.0,31.0,80.6,,,0.0
滨州,jma_seamless,2026-03-25,1,2026-03-26,26.8,14.3,17.4,,,49.3,15.9,,,,0.0,0.0
滨州,jma_seamless,2026-03-24,2,2026-03-26,26.8,13.4,16.8,,,50.5,15.7,,,,0.0,0.0
滨州,jma_seamless,2026-03-23,3,2026-03-26,26.2,14.9,17.0,,,50.2,15.4,,,,0.0,0.0
滨州,jma_seamless,2026-03-22,4,2026-03-26,26.4,15.8,17.4,,,52.8,15.5,,,,0.0,0.0
滨州,jma_seamless,2026-03-21,5,2026-03-26,25.6,15.3,16.7,,,52.1,17.3,,,,0.0,0.0
滨州,jma_seamless,2026-03-20,6,2026-03-26,25.6,12.4,16.1,,,55.1,14.3,,,,0.0,0.0
滨州,jma_seamless,2026-03-19,7,2026-03-26,23.9,12.3,15.2,,,50.0,13.5,,,,0.0,0.0
滨州,ecmwf_ifs025,2026-03-26,1,2026-03-27,19.3,9.7,10.9,7.8,,36.5,12.8,,90.5,18.15,0.0,
滨州,ecmwf_ifs025,2026-03-25,2,2026-03-27,20.6,10.2,11.4,,,43.1,10.2,,44.4,18.91,0.0,
滨州,ecmwf_ifs025,2026-03-24,3,2026-03-27,21.0,9.4,10.4,7.3,,40.1,13.8,,46.6,18.76,0.3,
滨州,ecmwf_ifs025,2026-03-23,4,2026-03-27,20.0,9.6,9.6,7.6,,27.1,13.9,,67.0,19.02,0.0,
滨州,ecmwf_ifs025,2026-03-22,5,2026-03-27,19.1,8.2,10.5,6.1,,32.6,12.1,,90.1,18.28,0.0,
滨州,ecmwf_ifs025,2026-03-21,6,2026-03-27,18.8,9.6,11.7,8.0,,47.3,11.0,,59.8,13.78,0.0,
滨州,ecmwf_ifs025,2026-03-20,7,2026-03-27,14.9,9.3,8.1,7.6,,41.9,10.9,,92.9,7.92,2.1,
滨州,gfs_seamless,2026-03-26,1,2026-03-27,18.9,10.1,10.6,,,30.4,15.6,40.7,92.0,,,0.0
滨州,gfs_seamless,2026-03-25,2,2026-03-27,20.1,11.1,11.5,,,37.5,14.3,37.1,98.6,,,0.0
滨州,gfs_seamless,2026-03-24,3,2026-03-27,18.8,10.0,10.9,8.0,,32.8,14.0,38.9,74.9,,,0.0
滨州,gfs_seamless,2026-03-23,4,2026-03-27,22.8,10.8,12.7,,,41.9,14.0,40.0,59.3,,,0.0
滨州,gfs_seamless,2026-03-22,5,2026-03-27,21.4,12.8,13.6,,,45.4,11.6,26.6,62.9,,,0.0
滨州,gfs_seamless,2026-03-21,6,2026-03-27,16.9,8.9,8.7,6.2,,38.8,18.4,40.0,98.2,,,0.0
滨州,gfs_seamless,2026-03-20,7,2026-03-27,20.0,10.3,11.2,,,52.3,14.5,38.5,89.2,,,0.0
滨州,jma_seamless,2026-03-26,1,2026-03-27,20.0,12.0,12.6,,,42.4,7.1,,,,0.0,0.0
滨州,jma_seamless,2026-03-25,2,2026-03-27,22.0,12.4,13.8,,,39.9,11.2,,,,0.0,0.0
滨州,jma_seamless,2026-03-24,3,2026-03-27,19.2,10.7,10.3,,,45.0,9.9,,,,0.0,0.0
滨州,jma_seamless,2026-03-23,4,2026-03-27,21.6,12.0,12.5,,,45.2,8.6,,,,0.0,0.0
滨州,jma_seamless,2026-03-22,5,2026-03-27,20.3,11.5,11.7,,,45.1,12.5,,,,0.0,0.0
滨州,jma_seamless,2026-03-21,6,2026-03-27,18.4,8.9,10.3,6.6,,51.8,14.8,,,,0.0,0.0
滨州,jma_seamless,2026-03-20,7,2026-03-27,20.7,12.2,13.8,,,64.5,13.1,,,,0.0,0.0
滨州,ecmwf_ifs025,2026-03-27,1,2026-03-28,24.9,7.3,13.6,5.9,,41.8,7.8,,54.5,17.87,0.0,
滨州,ecmwf_ifs025,2026-03-26,2,2026-03-28,25.5,8.0,13.2,6.0,,35.4,11.3,,49.8,18.05,0.0,
滨州,ecmwf_ifs025,2026-03-25,3,2026-03-28,25.8,8.1,13.6,6.3,,33.9,10.2,,75.6,17.32,0.0,
滨州,ecmwf_ifs025,2026-03-24,4,2026-03-28,25.5,6.1,12.9,4.1,,33.1,9.3,,46.5,18.43,0.0,
滨州,ecmwf_ifs025,2026-03-23,5,2026-03-28,24.8,4.6,11.9,2.6,,37.4,8.3,,52.8,18.75,0.0,
滨州,ecmwf_ifs025,2026-03-22,6,2026-03-28,22.3,7.9,12.0,6.1,,48.4,10.1,,51.2,14.68,3.0,
滨州,ecmwf_ifs025,2026-03-21,7,2026-03-28,17.6,8.8,10.0,7.8,,50.0,7.3,,88.6,10.31,1.5,
滨州,gfs_seamless,2026-03-27,1,2026-03-28,25.2,9.6,13.3,7.6,,27.3,13.5,45.0,46.6,,,0.0
滨州,gfs_seamless,2026-03-26,2,2026-03-28,25.7,10.1,14.0,,,33.3,14.8,46.1,63.8,,,0.0
滨州,gfs_seamless,2026-03-25,3,2026-03-28,24.4,10.0,13.6,7.9,,37.0,15.2,42.8,69.2,,,0.0
滨州,gfs_seamless,2026-03-24,4,2026-03-28,25.1,12.0,14.9,,,40.9,14.9,51.1,74.2,,,0.0
滨州,gfs_seamless,2026-03-23,5,2026-03-28,24.7,11.3,14.5,,,41.0,14.0,41.8,92.8,,,0.0
滨州,gfs_seamless,2026-03-22,6,2026-03-28,24.7,8.7,14.6,6.5,,43.7,13.7,45.0,88.2,,,0.0
滨州,gfs_seamless,2026-03-21,7,2026-03-28,21.4,7.2,11.4,5.0,,39.0,11.4,48.6,63.7,,,0.0
滨州,jma_seamless,2026-03-27,1,2026-03-28,25.3,9.7,13.7,7.4,,43.2,16.5,,,,0.0,0.0
滨州,jma_seamless,2026-03-26,2,2026-03-28,25.9,10.2,14.1,,,46.2,21.2,,,,0.0,0.0
滨州,jma_seamless,2026-03-25,3,2026-03-28,26.2,9.8,14.7,7.5,,50.0,16.2,,,,0.0,0.0
滨州,jma_seamless,2026-03-24,4,2026-03-28,24.3,9.5,12.9,6.7,,46.2,20.5,,,,0.0,0.0
滨州,jma_seamless,2026-03-23,5,2026-03-28,22.0,10.7,13.8,,,48.9,19.4,,,,0.0,0.0
滨州,jma_seamless,2026-03-22,6,2026-03-28,23.9,9.3,13.5,6.9,,52.3,16.3,,,,0.6,0.0
滨州,jma_seamless,2026-03-21,7,2026-03-28,24.0,10.4,11.5,,,44.9,9.2,,,,0.0,0.0
滨州,ecmwf_ifs025,2026-03-28,1,2026-03-29,22.6,12.5,14.6,,,48.5,11.0,,63.4,16.64,0.0,
滨州,ecmwf_ifs025,2026-03-27,2,2026-03-29,22.6,11.7,14.3,,,51.9,12.2,,52.6,18.77,0.0,
滨州,ecmwf_ifs025,2026-03-26,3,2026-03-29,23.1,10.8,14.7,,,49.5,8.0,,42.8,19.25,0.0,
滨州,ecmwf_ifs025,2026-03-25,4,2026-03-29,23.5,12.1,15.4,,,48.6,7.4,,49.5,19.38,0.0,
滨州,ecmwf_ifs025,2026-03-24,5,2026-03-29,23.8,11.8,15.7,,,47.4,8.8,,44.1,19.11,0.0,
滨州,ecmwf_ifs025,2026-03-23,6,2026-03-29,22.8,11.7,14.9,,,54.7,7.1,,49.6,17.7,1.5,
滨州,ecmwf_ifs025,2026-03-22,7,2026-03-29,23.4,8.7,12.9,8.0,,48.9,5.8,,68.0,18.2,0.0,
滨州,gfs_seamless,2026-03-28,1,2026-03-29,23.5,13.3,15.6,,,44.9,14.2,52.2,76.6,,,0.0
滨州,gfs_seamless,2026-03-27,2,2026-03-29,23.1,9.2,14.3,6.5,,44.5,18.5,58.3,56.1,,,0.0
滨州,gfs_seamless,2026-03-26,3,2026-03-29,24.0,9.4,13.5,6.8,,45.6,18.3,47.9,46.9,,,0.0
滨州,gfs_seamless,2026-03-25,4,2026-03-29,23.5,12.6,14.4,,,51.2,14.2,55.1,61.4,,,0.0
滨州,gfs_seamless,2026-03-24,5,2026-03-29,22.8,10.3,11.6,,,45.8,21.7,47.9,47.0,,,0.0
滨州,gfs_seamless,2026-03-23,6,2026-03-29,23.7,11.0,12.8,,,32.5,24.0,61.9,34.5,,,0.0
滨州,gfs_seamless,2026-03-22,7,2026-03-29,22.4,8.4,9.3,5.7,,45.2,17.3,52.9,55.4,,,0.0
滨州,jma_seamless,2026-03-28,1,2026-03-29,24.1,13.4,16.4,,,54.9,10.2,,,,0.0,0.0
滨州,jma_seamless,2026-03-27,2,2026-03-29,24.5,15.2,16.6,,,47.4,13.0,,,,0.0,0.0
滨州,jma_seamless,2026-03-26,3,2026-03-29,24.8,15.2,16.3,,,46.0,9.4,,,,0.0,0.0
滨州,jma_seamless,2026-03-25,4,2026-03-29,25.0,16.0,15.9,,,51.4,11.1,,,,0.0,0.0
滨州,jma_seamless,2026-03-24,5,2026-03-29,25.9,11.5,16.3,,,43.2,16.9,,,,0.0,0.0
滨州,jma_seamless,2026-03-23,6,2026-03-29,25.0,11.3,14.5,,,36.3,19.0,,,,0.6,0.0
滨州,jma_seamless,2026-03-22,7,2026-03-29,16.7,9.6,9.1,7.1,,46.2,17.9,,,,0.0,0.0
滨州,ecmwf_ifs025,2026-03-29,1,2026-03-30,14.6,6.4,6.6,3.4,,56.5,15.3,,91.6,13.86,0.0,
滨州,ecmwf_ifs025,2026-03-28,2,2026-03-30,14.5,6.8,7.0,4.0,,59.1,15.1,,91.2,12.8,0.0,
滨州,ecmwf_ifs025,2026-03-27,3,2026-03-30,16.1,8.3,7.8,5.9,,38.2,14.7,,98.5,12.58,0.0,
滨州,ecmwf_ifs025,2026-03-26,4,2026-03-30,17.5,9.2,7.8,6.9,,28.4,15.2,,99.9,15.08,0.0,
滨州,ecmwf_ifs025,2026-03-25,5,2026-03-30,15.1,6.8,6.8,3.8,,41.3,16.3,,99.7,12.71,0.0,
滨州,ecmwf_ifs025,2026-03-24,6,2026-03-30,16.2,7.3,8.3,5.0,,33.4,12.3,,98.2,12.19,0.0,
滨州,ecmwf_ifs025,2026-03-23,7,2026-03-30,14.8,7.5,8.3,4.8,,48.2,15.4,,99.6,12.13,0.0,
滨州,gfs_seamless,2026-03-29,1,2026-03-30,14.8,7.8,6.3,4.6,,52.4,19.7,50.0,93.0,,,0.0
滨州,gfs_seamless,2026-03-28,2,2026-03-30,15.3,7.8,5.8,4.4,,53.3,21.6,53.3,83.9,,,0.0
滨州,gfs_seamless,2026-03-27,3,2026-03-30,16.7,8.2,6.5,5.2,,36.7,19.2,54.4,73.9,,,0.0
滨州,gfs_seamless,2026-03-26,4,2026-03-30,15.9,9.1,8.0,6.5,,50.5,17.7,46.1,100.0,,,0.0
滨州,gfs_seamless,2026-03-25,5,2026-03-30,18.2,9.5,9.1,7.5,,49.2,13.5,43.6,84.7,,,0.0
滨州,gfs_seamless,2026-03-24,6,2026-03-30,18.5,10.0,8.2,8.0,,31.3,14.6,43.2,92.9,,,0.0
滨州,gfs_seamless,2026-03-23,7,2026-03-30,15.7,7.6,6.1,4.9,,22.0,15.3,46.8,58.5,,,0.0
滨州,jma_seamless,2026-03-29,1,2026-03-30,16.1,8.2,8.1,5.2,,49.4,19.2,,,,0.0,0.0
滨州,jma_seamless,2026-03-28,2,2026-03-30,14.8,8.7,7.7,5.3,,52.1,24.6,,,,0.0,0.0
滨州,jma_seamless,2026-03-27,3,2026-03-30,16.5,8.6,8.1,5.5,,41.8,21.3,,,,0.0,0.0
滨州,jma_seamless,2026-03-26,4,2026-03-30,16.9,9.9,8.3,7.7,,52.2,15.9,,,,0.0,0.0
滨州,jma_seamless,2026-03-25,5,2026-03-30,16.2,9.0,7.9,6.5,,48.5,16.1,,,,0.0,0.0
滨州,jma_seamless,2026-03-24,6,2026-03-30,16.5,9.7,8.7,7.3,,27.0,16.9,,,,0.0,0.0
滨州,jma_seamless,2026-03-23,7,2026-03-30,17.2,9.6,9.3,7.9,,23.3,11.8,,,,0.0,0.0
滨州,ecmwf_ifs025,2026-03-30,1,2026-03-31,18.2,2.7,7.3,,,41.8,4.4,,29.4,10.9,0.0,
滨州,ecmwf_ifs025,2026-03-29,2,2026-03-31,16.5,3.2,6.6,2.0,,40.5,5.0,,39.2,11.15,0.6,
滨州,ecmwf_ifs025,2026-03-28,3,2026-03-31,19.9,3.7,8.5,,,41.2,4.3,,20.2,17.72,0.0,
滨州,ecmwf_ifs025,2026-03-27,4,2026-03-31,20.3,4.1,8.8,2.5,,39.9,6.7,,46.1,16.44,0.0,
滨州,ecmwf_ifs025,2026-03-26,5,2026-03-31,20.7,4.4,9.1,2.4,,37.5,8.2,,40.7,14.94,0.0,
滨州,ecmwf_ifs025,2026-03-25,6,2026-03-31,14.9,5.9,7.4,5.1,,37.5,5.0,,53.4,11.08,1.5,
滨州,ecmwf_ifs025,2026-03-24,7,2026-03-31,19.9,6.6,9.0,5.9,,49.8,5.0,,55.4,11.94,0.9,
滨州,gfs_seamless,2026-03-30,1,2026-03-31,17.2,6.3,6.9,4.7,,24.2,7.8,16.9,55.8,,,0.0
滨州,gfs_seamless,2026-03-29,2,2026-03-31,20.2,6.3,9.9,4.6,,43.7,8.2,18.0,40.2,,,0.0
滨州,gfs_seamless,2026-03-28,3,2026-03-31,21.2,6.9,10.3,5.9,,29.1,6.1,22.7,68.7,,,0.0
滨州,gfs_seamless,2026-03-27,4,2026-03-31,20.3,6.5,8.9,4.6,,32.2,9.5,20.9,47.8,,,0.0
滨州,gfs_seamless,2026-03-26,5,2026-03-31,22.0,6.5,11.3,4.5,,43.2,9.9,25.6,42.5,,,0.0
滨州,gfs_seamless,2026-03-25,6,2026-03-31,22.7,8.9,12.0,6.9,,40.7,12.7,38.2,91.0,,,0.0
滨州,gfs_seamless,2026-03-24,7,2026-03-31,20.2,7.4,10.1,5.4,,27.8,10.4,36.4,62.0,,,0.0
滨州,jma_seamless,2026-03-30,1,2026-03-31,17.4,6.2,8.3,4.5,,44.3,8.0,,,,0.0,0.0
滨州,jma_seamless,2026-03-29,2,2026-03-31,18.4,6.9,8.7,5.4,,50.4,7.9,,,,0.0,0.0
滨州,jma_seamless,2026-03-28,3,2026-03-31,19.8,6.7,9.2,5.7,,46.7,6.0,,,,0.0,0.0
滨州,jma_seamless,2026-03-27,4,2026-03-31,19.4,7.9,10.1,6.5,,39.0,8.1,,,,0.0,0.0
滨州,jma_seamless,2026-03-26,5,2026-03-31,19.5,6.3,8.8,4.3,,54.2,9.8,,,,0.0,0.0
滨州,jma_seamless,2026-03-25,6,2026-03-31,20.2,7.6,10.0,4.5,,52.7,18.6,,,,0.0,0.0
滨州,jma_seamless,2026-03-24,7,2026-03-31,20.0,8.4,10.0,5.7,,33.8,17.0,,,,0.0,0.0
滨州,ecmwf_ifs025,2026-03-31,1,2026-04-01,16.2,6.1,7.0,4.0,,40.1,10.0,,26.8,20.02,0.0,
滨州,ecmwf_ifs025,2026-03-30,2,2026-04-01,16.6,4.2,6.0,1.5,,41.0,11.1,,24.6,20.15,0.0,
滨州,ecmwf_ifs025,2026-03-29,3,2026-04-01,18.7,4.0,7.5,1.5,,43.9,9.7,,28.2,20.15,0.0,
滨州,ecmwf_ifs025,2026-03-28,4,2026-04-01,20.1,7.2,9.5,5.1,,48.0,11.2,,60.4,19.98,0.0,
滨州,ecmwf_ifs025,2026-03-27,5,2026-04-01,16.9,7.0,7.0,4.5,,47.3,13.0,,54.4,16.16,0.9,
滨州,ecmwf_ifs025,2026-03-26,6,2026-04-01,14.4,4.5,5.4,0.1,,50.6,22.6,,69.1,15.89,0.6,
滨州,ecmwf_ifs025,2026-03-25,7,2026-04-01,19.9,8.4,10.2,6.2,,47.0,13.4,,20.3,18.55,0.3,
滨州,gfs_seamless,2026-03-31,1,2026-04-01,15.8,8.8,7.6,6.6,,37.5,13.6,27.4,47.2,,,0.0
滨州,gfs_seamless,2026-03-30,2,2026-04-01,16.3,7.8,7.9,5.3,,38.0,14.4,41.0,50.9,,,0.0
滨州,gfs_seamless,2026-03-29,3,2026-04-01,17.0,7.6,7.5,5.0,,35.7,14.7,39.6,53.8,,,0.0
滨州,gfs_seamless,2026-03-28,4,2026-04-01,19.1,8.4,8.8,5.6,,39.9,17.8,50.0,49.8,,,0.0
滨州,gfs_seamless,2026-03-27,5,2026-04-01,14.9,5.2,6.3,1.5,,40.6,18.6,44.3,56.2,,,0.0
滨州,gfs_seamless,2026-03-26,6,2026-04-01,16.7,6.5,7.3,2.5,,36.0,24.8,69.5,31.2,,,0.0
滨州,gfs_seamless,2026-03-25,7,2026-04-01,23.5,7.5,9.1,4.6,,43.8,16.4,42.8,76.0,,,0.0
滨州,jma_seamless,2026-03-31,1,2026-04-01,18.1,9.1,8.9,7.4,,56.5,10.7,,,,0.0,0.0
滨州,jma_seamless,2026-03-30,2,2026-04-01,17.1,8.9,8.6,7.1,,53.4,11.5,,,,0.0,0.0
滨州,jma_seamless,2026-03-29,3,2026-04-01,18.4,8.9,9.4,7.0,,59.5,11.6,,,,0.0,0.0
滨州,jma_seamless,2026-03-28,4,2026-04-01,23.2,11.1,12.8,,,66.5,14.0,,,,0.3,0.0
滨州,jma_seamless,2026-03-27,5,2026-04-01,16.4,7.6,9.6,4.9,,49.2,15.4,,,,0.0,0.0
滨州,jma_seamless,2026-03-26,6,2026-04-01,23.9,12.5,14.4,,,44.8,24.5,,,,0.0,0.0
滨州,jma_seamless,2026-03-25,7,2026-04-01,23.6,13.8,13.6,,,42.0,17.1,,,,0.0,0.0
滨州,ecmwf_ifs025,2026-04-01,1,2026-04-02,23.4,5.5,13.1,3.5,,56.5,8.7,,56.0,19.08,0.0,
滨州,ecmwf_ifs025,2026-03-31,2,2026-04-02,24.2,4.1,12.3,2.1,,53.8,7.8,,53.8,19.0,0.3,
滨州,ecmwf_ifs025,2026-03-30,3,2026-04-02,24.4,5.7,13.5,3.4,,55.4,10.7,,55.5,18.83,0.6,
滨州,ecmwf_ifs025,2026-03-29,4,2026-04-02,26.6,9.5,14.7,7.7,,42.2,12.0,,59.0,19.15,1.2,
滨州,ecmwf_ifs025,2026-03-28,5,2026-04-02,24.2,4.4,12.7,1.8,,55.8,10.8,,84.5,16.34,5.4,
滨州,ecmwf_ifs025,2026-03-27,6,2026-04-02,19.3,3.4,8.5,0.9,,43.1,9.5,,23.0,19.76,0.0,
滨州,ecmwf_ifs025,2026-03-26,7,2026-04-02,16.6,5.7,7.6,3.6,,32.9,9.3,,0.7,20.59,0.0,
滨州,gfs_seamless,2026-04-01,1,2026-04-02,25.0,6.4,13.2,3.8,,45.5,13.1,44.6,45.5,,,0.0
滨州,gfs_seamless,2026-03-31,2,2026-04-02,23.9,6.7,13.3,4.9,,49.1,9.0,24.8,49.9,,,0.0
滨州,gfs_seamless,2026-03-30,3,2026-04-02,25.0,6.5,13.4,4.1,,46.8,12.1,28.8,44.4,,,0.0
滨州,gfs_seamless,2026-03-29,4,2026-04-02,25.9,11.5,16.0,,,51.1,14.5,49.0,54.0,,,0.0
滨州,gfs_seamless,2026-03-28,5,2026-04-02,24.8,4.9,13.2,2.1,,45.1,12.4,51.8,70.7,,,0.0
滨州,gfs_seamless,2026-03-27,6,2026-04-02,24.5,5.0,11.9,1.2,,39.5,19.1,63.7,16.9,,,0.0
滨州,gfs_seamless,2026-03-26,7,2026-04-02,25.6,5.4,11.0,2.2,,24.1,15.5,49.0,0.0,,,0.0
滨州,jma_seamless,2026-04-01,1,2026-04-02,22.7,8.4,13.9,5.6,,55.2,17.7,,,,0.0,0.0
滨州,jma_seamless,2026-03-31,2,2026-04-02,21.6,7.3,13.0,4.6,,53.1,14.7,,,,2.4,0.0
滨州,jma_seamless,2026-03-30,3,2026-04-02,22.2,8.7,13.7,6.2,,60.1,15.6,,,,0.6,0.0
滨州,jma_seamless,2026-03-29,4,2026-04-02,24.1,6.9,13.7,3.4,,63.6,20.3,,,,0.3,0.0
滨州,jma_seamless,2026-03-28,5,2026-04-02,24.0,6.5,13.8,3.5,,61.4,16.0,,,,0.0,0.0
滨州,jma_seamless,2026-03-27,6,2026-04-02,23.3,8.3,11.6,5.2,,51.9,20.2,,,,0.0,0.0
滨州,jma_seamless,2026-03-26,7,2026-04-02,24.5,11.5,14.5,,,28.8,18.4,,,,0.0,0.0
滨州,ecmwf_ifs025,2026-04-02,1,2026-04-03,25.8,13.5,15.8,,,46.1,22.7,,58.8,17.27,0.0,
滨州,ecmwf_ifs025,2026-04-01,2,2026-04-03,26.2,14.3,16.1,,,51.6,19.1,,67.4,18.1,1.8,
滨州,ecmwf_ifs025,2026-03-31,3,2026-04-03,22.6,13.6,14.9,,,48.5,19.5,,78.6,9.38,1.8,
滨州,ecmwf_ifs025,2026-03-30,4,2026-04-03,20.4,12.4,14.1,,,46.6,16.0,,81.9,8.52,1.8,
滨州,ecmwf_ifs025,2026-03-29,5,2026-04-03,21.4,10.7,13.1,,,69.0,13.9,,96.4,6.25,10.8,
滨州,ecmwf_ifs025,2026-03-28,6,2026-04-03,17.1,10.9,11.9,,,62.5,13.5,,81.9,8.91,5.4,
滨州,ecmwf_ifs025,2026-03-27,7,2026-04-03,25.2,2.9,13.0,-0.2,,51.1,11.5,,45.1,18.86,3.0,
滨州,gfs_seamless,2026-04-02,1,2026-04-03,26.5,13.6,15.1,,,50.4,26.5,63.7,83.7,,,0.0
滨州,gfs_seamless,2026-04-01,2,2026-04-03,26.6,14.4,15.9,,,49.9,23.1,51.1,81.3,,,0.0
滨州,gfs_seamless,2026-03-31,3,2026-04-03,26.8,13.0,16.3,,,45.8,23.8,53.3,87.6,,,0.0
滨州,gfs_seamless,2026-03-30,4,2026-04-03,26.4,14.9,15.7,,,36.4,25.4,50.0,72.0,,,0.0
滨州,gfs_seamless,2026-03-29,5,2026-04-03,27.5,12.4,16.5,,28.0,51.2,20.3,58.3,85.8,,,0.0
滨州,gfs_seamless,2026-03-28,6,2026-04-03,22.4,4.7,8.6,0.8,,46.7,19.0,65.2,61.8,,,0.0
滨州,gfs_seamless,2026-03-27,7,2026-04-03,25.9,7.1,11.9,3.4,,36.8,22.6,53.3,43.1,,,0.0
滨州,jma_seamless,2026-04-02,1,2026-04-03,22.6,14.5,16.6,,,46.6,28.7,,,,1.2,0.0
滨州,jma_seamless,2026-04-01,2,2026-04-03,23.9,14.5,17.3,,,49.4,28.6,,,,2.4,0.0
滨州,jma_seamless,2026-03-31,3,2026-04-03,21.1,14.9,16.2,,,44.3,25.2,,,,1.8,0.0
滨州,jma_seamless,2026-03-30,4,2026-04-03,21.5,12.9,16.3,,,44.2,23.7,,,,1.8,0.0
滨州,jma_seamless,2026-03-29,5,2026-04-03,20.7,8.3,14.3,5.2,,61.1,20.0,,,,4.8,0.0
滨州,jma_seamless,2026-03-28,6,2026-04-03,19.3,6.9,11.1,3.0,,47.7,24.4,,,,0.6,0.0
滨州,jma_seamless,2026-03-27,7,2026-04-03,27.0,15.7,18.4,,27.2,46.7,25.7,,,,0.0,0.0
滨州,ecmwf_ifs025,2026-04-03,1,2026-04-04,17.1,5.2,7.6,2.8,,43.2,10.5,,0.0,21.1,0.0,
滨州,ecmwf_ifs025,2026-04-02,2,2026-04-04,16.7,5.9,7.1,3.1,,38.7,13.2,,0.0,21.18,0.0,
滨州,ecmwf_ifs025,2026-04-01,3,2026-04-04,16.8,7.2,8.3,5.0,,37.3,11.7,,0.0,21.2,0.0,
滨州,ecmwf_ifs025,2026-03-31,4,2026-04-04,17.2,6.7,8.4,4.6,,37.2,10.5,,5.0,21.24,0.0,
滨州,ecmwf_ifs025,2026-03-30,5,2026-04-04,17.0,8.9,7.3,6.2,,24.6,17.6,,2.1,21.4,0.0,
滨州,ecmwf_ifs025,2026-03-29,6,2026-04-04,13.1,5.2,5.4,2.0,,75.5,14.7,,81.7,2.91,10.2,
滨州,ecmwf_ifs025,2026-03-28,7,2026-04-04,23.2,2.6,8.8,0.1,,56.8,8.7,,2.8,20.2,0.0,
滨州,gfs_seamless,2026-04-03,1,2026-04-04,18.1,6.0,8.0,3.1,,40.4,14.2,64.1,5.1,,,0.0
滨州,gfs_seamless,2026-04-02,2,2026-04-04,17.9,6.2,8.2,3.1,,40.7,15.8,58.0,11.8,,,0.0
滨州,gfs_seamless,2026-04-01,3,2026-04-04,17.7,6.9,7.7,3.7,,46.4,17.6,58.3,30.5,,,0.0
滨州,gfs_seamless,2026-03-31,4,2026-04-04,17.7,8.2,8.3,5.6,,34.4,15.9,50.0,2.2,,,0.0
滨州,gfs_seamless,2026-03-30,5,2026-04-04,16.3,8.7,6.8,5.7,,41.1,20.3,65.2,27.2,,,0.0
滨州,gfs_seamless,2026-03-29,6,2026-04-04,17.0,3.8,6.6,0.0,,51.3,16.7,60.1,41.2,,,0.0
滨州,gfs_seamless,2026-03-28,7,2026-04-04,21.9,4.0,9.3,0.6,,37.5,14.7,48.6,42.8,,,0.0
滨州,jma_seamless,2026-04-03,1,2026-04-04,16.4,8.8,8.6,6.0,,29.6,19.1,,,,0.0,0.0
滨州,jma_seamless,2026-04-02,2,2026-04-04,17.2,9.3,9.5,6.5,,28.6,20.1,,,,0.0,0.0
滨州,jma_seamless,2026-04-01,3,2026-04-04,16.1,10.4,9.5,,,31.2,19.0,,,,0.0,0.0
滨州,jma_seamless,2026-03-31,4,2026-04-04,16.1,8.1,8.0,5.7,,28.6,14.1,,,,0.0,0.0
滨州,jma_seamless,2026-03-30,5,2026-04-04,15.0,6.3,6.7,2.7,,41.9,20.4,,,,0.0,0.0
滨州,jma_seamless,2026-03-29,6,2026-04-04,17.0,5.8,7.4,2.9,,52.5,14.0,,,,0.0,0.0
滨州,jma_seamless,2026-03-28,7,2026-04-04,22.8,10.0,11.5,7.6,,48.8,17.9,,,,0.0,0.0
滨州,ecmwf_ifs025,2026-04-04,1,2026-04-05,21.0,11.8,11.4,,,31.5,14.5,,17.1,21.03,0.0,
滨州,ecmwf_ifs025,2026-04-03,2,2026-04-05,20.8,11.6,11.2,,,32.2,15.2,,17.1,21.21,0.0,
滨州,ecmwf_ifs025,2026-04-02,3,2026-04-05,21.3,11.6,11.3,,,32.5,14.9,,19.1,20.73,0.0,
滨州,ecmwf_ifs025,2026-04-01,4,2026-04-05,20.9,9.3,10.3,6.9,,33.3,16.4,,10.4,20.98,0.0,
滨州,ecmwf_ifs025,2026-03-31,5,2026-04-05,21.8,9.2,11.0,6.6,,32.8,17.6,,3.3,20.91,0.0,
滨州,ecmwf_ifs025,2026-03-30,6,2026-04-05,22.1,7.4,10.3,4.9,,34.3,13.6,,32.0,20.29,0.0,
滨州,ecmwf_ifs025,2026-03-29,7,2026-04-05,21.4,4.9,8.3,2.2,,54.8,11.6,,0.9,20.34,0.0,
滨州,gfs_seamless,2026-04-04,1,2026-04-05,21.1,12.0,10.5,,,25.6,23.6,72.7,6.1,,,0.0
滨州,gfs_seamless,2026-04-03,2,2026-04-05,21.4,12.0,11.6,,,26.3,18.4,66.2,14.4,,,0.0
滨州,gfs_seamless,2026-04-02,3,2026-04-05,19.9,10.4,9.4,,,27.2,21.9,58.0,13.6,,,0.0
滨州,gfs_seamless,2026-04-01,4,2026-04-05,16.0,8.8,6.5,5.1,,25.6,28.4,60.5,19.8,,,0.0
滨州,gfs_seamless,2026-03-31,5,2026-04-05,17.1,8.4,6.6,4.8,,21.1,26.0,66.2,31.0,,,0.0
滨州,gfs_seamless,2026-03-30,6,2026-04-05,16.3,6.1,5.0,2.3,,50.5,21.2,52.2,63.5,,,0.0
滨州,gfs_seamless,2026-03-29,7,2026-04-05,21.7,8.3,8.6,5.9,,28.2,14.3,61.6,23.8,,,0.0
滨州,jma_seamless,2026-04-04,1,2026-04-05,21.2,12.4,12.4,,,35.2,15.2,,,,0.0,0.0
滨州,jma_seamless,2026-04-03,2,2026-04-05,21.8,12.4,12.4,,,33.1,15.5,,,,0.0,0.0
滨州,jma_seamless,2026-04-02,3,2026-04-05,22.0,13.4,13.0,,,31.3,20.6,,,,0.0,0.0
滨州,jma_seamless,2026-04-01,4,2026-04-05,19.2,11.6,10.7,,,26.1,25.9,,,,0.0,0.0
滨州,jma_seamless,2026-03-31,5,2026-04-05,13.7,8.1,7.1,4.8,,20.8,21.4,,,,1.8,0.0
滨州,jma_seamless,2026-03-30,6,2026-04-05,16.6,10.1,8.8,,,46.7,20.9,,,,0.0,0.0
滨州,jma_seamless,2026-03-29,7,2026-04-05,22.8,11.6,12.5,,,40.8,18.5,,,,0.0,0.0
滨州,ecmwf_ifs025,2026-04-05,1,2026-04-06,17.6,5.4,7.6,3.5,,30.3,8.3,,13.2,21.46,0.0,
滨州,ecmwf_ifs025,2026-04-04,2,2026-04-06,18.5,5.5,7.9,3.6,,29.8,8.4,,13.2,21.39,0.0,
滨州,ecmwf_ifs025,2026-04-03,3,2026-04-06,18.4,7.0,7.9,5.0,,24.0,10.0,,4.3,21.43,0.0,
滨州,ecmwf_ifs025,2026-04-02,4,2026-04-06,19.3,5.8,6.8,2.8,,35.8,14.5,,17.5,21.07,0.0,
滨州,ecmwf_ifs025,2026-04-01,5,2026-04-06,18.6,8.4,6.7,5.3,,30.1,20.4,,2.5,21.21,0.0,
滨州,ecmwf_ifs025,2026-03-31,6,2026-04-06,25.4,7.5,9.5,4.4,,22.0,18.6,,3.4,20.48,0.0,
滨州,ecmwf_ifs025,2026-03-30,7,2026-04-06,22.1,4.0,10.7,1.4,,37.3,10.1,,0.9,20.61,0.0,
滨州,gfs_seamless,2026-04-05,1,2026-04-06,18.2,6.8,8.6,4.9,,22.4,9.5,30.6,8.5,,,0.0
滨州,gfs_seamless,2026-04-04,2,2026-04-06,19.5,6.7,8.8,4.1,,22.1,13.5,58.7,27.1,,,0.0
滨州,gfs_seamless,2026-04-03,3,2026-04-06,18.8,7.2,8.0,5.0,,20.7,11.8,40.3,10.2,,,0.0
滨州,gfs_seamless,2026-04-02,4,2026-04-06,21.6,7.9,6.6,4.5,,21.8,21.8,64.4,48.6,,,0.0
滨州,gfs_seamless,2026-04-01,5,2026-04-06,20.3,7.9,6.6,4.1,,18.3,26.1,72.0,2.3,,,0.0
滨州,gfs_seamless,2026-03-31,6,2026-04-06,19.4,7.5,8.4,4.6,,23.3,16.6,45.7,15.0,,,0.0
滨州,gfs_seamless,2026-03-30,7,2026-04-06,15.4,6.6,5.0,3.5,,24.2,16.7,45.0,8.3,,,0.0
滨州,jma_seamless,2026-04-05,1,2026-04-06,18.6,9.2,9.3,7.0,,22.5,14.4,,,,0.0,0.0
滨州,jma_seamless,2026-04-04,2,2026-04-06,18.5,10.7,9.1,,,24.3,16.0,,,,0.0,0.0
滨州,jma_seamless,2026-04-03,3,2026-04-06,23.3,11.0,12.0,,,24.8,14.3,,,,0.0,0.0
滨州,jma_seamless,2026-04-02,4,2026-04-06,22.3,10.2,11.1,,,24.2,23.3,,,,0.0,0.0
滨州,jma_seamless,2026-04-01,5,2026-04-06,24.7,9.2,11.6,6.2,,25.0,21.6,,,,0.0,0.0
滨州,jma_seamless,2026-03-31,6,2026-04-06,22.5,8.2,10.6,5.8,,29.5,14.2,,,,0.0,0.0
滨州,jma_seamless,2026-03-30,7,2026-04-06,22.1,9.1,9.8,7.6,,26.4,9.9,,,,0.0,0.0
滨州,ecmwf_ifs025,2026-04-06,1,2026-04-07,15.4,6.0,6.1,3.5,,33.6,11.6,,8.4,20.91,0.0,
滨州,ecmwf_ifs025,2026-04-05,2,2026-04-07,16.5,5.1,5.7,2.6,,22.9,11.0,,8.4,21.04,0.0,
滨州,ecmwf_ifs025,2026-04-04,3,2026-04-07,16.7,6.6,6.1,4.1,,34.2,12.6,,0.8,21.02,0.0,
滨州,ecmwf_ifs025,2026-04-03,4,2026-04-07,16.6,3.9,6.0,2.1,,30.2,7.2,,8.4,21.3,0.0,
滨州,ecmwf_ifs025,2026-04-02,5,2026-04-07,16.3,4.5,6.4,2.3,,25.9,9.1,,8.3,21.63,0.0,
滨州,ecmwf_ifs025,2026-04-01,6,2026-04-07,16.2,5.6,5.7,3.3,,21.7,10.5,,0.8,20.79,0.0,
滨州,ecmwf_ifs025,2026-03-31,7,2026-04-07,16.6,7.1,8.2,5.1,,30.7,10.6,,1.2,20.88,0.0,
滨州,gfs_seamless,2026-04-06,1,2026-04-07,16.2,6.0,5.9,2.8,,25.9,16.3,49.3,1.2,,,0.0
滨州,gfs_seamless,2026-04-05,2,2026-04-07,15.5,5.8,5.2,2.3,,26.4,18.4,51.8,0.6,,,0.0
滨州,gfs_seamless,2026-04-04,3,2026-04-07,16.6,5.9,6.7,3.6,,24.6,10.8,42.1,1.1,,,0.0
滨州,gfs_seamless,2026-04-03,4,2026-04-07,16.5,3.6,5.7,0.7,,21.0,11.2,29.2,4.4,,,0.0
滨州,gfs_seamless,2026-04-02,5,2026-04-07,17.0,3.7,7.2,1.6,,25.1,8.1,25.2,0.4,,,0.0
滨州,gfs_seamless,2026-04-01,6,2026-04-07,18.6,7.7,8.3,5.3,,21.0,13.5,52.2,21.8,,,0.0
滨州,gfs_seamless,2026-03-31,7,2026-04-07,28.7,5.7,11.6,2.2,27.9,34.1,18.2,45.7,14.9,,,0.0
滨州,jma_seamless,2026-04-06,1,2026-04-07,16.0,8.7,7.2,5.9,,28.2,18.1,,,,0.0,0.0
滨州,jma_seamless,2026-04-05,2,2026-04-07,16.5,9.4,7.5,6.6,,27.1,19.7,,,,0.0,0.0
滨州,jma_seamless,2026-04-04,3,2026-04-07,13.7,7.7,5.7,5.2,,27.7,14.0,,,,0.0,0.0
滨州,jma_seamless,2026-04-03,4,2026-04-07,13.7,7.7,5.6,5.8,,25.2,10.5,,,,0.0,0.0
滨州,jma_seamless,2026-04-02,5,2026-04-07,16.0,7.6,7.5,5.3,,26.8,12.8,,,,0.0,0.0
滨州,jma_seamless,2026-04-01,6,2026-04-07,26.1,6.2,12.9,3.6,,27.2,12.6,,,,-0.6,0.0
滨州,jma_seamless,2026-03-31,7,2026-04-07,26.7,10.3,13.0,,,38.4,19.5,,,,0.0,0.0
滨州,ecmwf_ifs025,2026-04-07,1,2026-04-08,23.1,7.5,11.6,5.3,,38.3,11.7,,74.5,,,
滨州,ecmwf_ifs025,2026-04-06,2,2026-04-08,26.4,6.8,12.5,4.2,,34.1,13.2,,74.5,,,
滨州,ecmwf_ifs025,2026-04-05,3,2026-04-08,24.5,5.7,11.3,3.0,,31.4,12.4,,46.6,,,
滨州,ecmwf_ifs025,2026-04-04,4,2026-04-08,25.6,5.8,11.9,3.4,,39.2,11.3,,74.5,,,
滨州,ecmwf_ifs025,2026-04-03,5,2026-04-08,24.4,6.4,12.5,4.4,,29.9,9.8,,73.7,,,
滨州,ecmwf_ifs025,2026-04-02,6,2026-04-08,20.7,6.8,9.8,4.7,,33.5,10.8,,35.9,,,
滨州,ecmwf_ifs025,2026-04-01,7,2026-04-08,22.9,5.0,10.6,2.6,,32.9,10.1,,26.5,,,
滨州,jma_seamless,2026-04-07,1,2026-04-08,22.6,10.3,11.3,,,,,,37.0,,,0.0
滨州,jma_seamless,2026-04-06,2,2026-04-08,21.6,11.0,12.4,,,,,,83.4,,,0.0
滨州,jma_seamless,2026-04-05,3,2026-04-08,19.9,6.1,9.4,,,,,,69.2,,,0.0
滨州,jma_seamless,2026-04-04,4,2026-04-08,19.9,6.1,9.7,,,,,,72.7,,,0.0
滨州,jma_seamless,2026-04-03,5,2026-04-08,19.9,6.1,8.6,,,,,,23.0,,,0.0
滨州,jma_seamless,2026-04-02,6,2026-04-08,22.8,6.0,10.8,,,,,,55.5,,,0.0
滨州,jma_seamless,2026-04-01,7,2026-04-08,26.1,12.8,15.2,,,,,,8.2,,,0.0
滨州,ecmwf_ifs025,2026-04-08,1,2026-04-09,19.9,10.6,12.2,,,72.9,8.1,,46.9,,,
滨州,ecmwf_ifs025,2026-04-07,2,2026-04-09,15.9,9.0,8.4,7.5,,39.3,9.9,,46.9,,,
滨州,ecmwf_ifs025,2026-04-06,3,2026-04-09,14.7,9.6,9.7,8.0,,80.5,11.0,,99.7,,,
滨州,ecmwf_ifs025,2026-04-05,4,2026-04-09,17.7,9.8,11.3,8.3,,69.3,10.4,,46.9,,,
滨州,ecmwf_ifs025,2026-04-04,5,2026-04-09,21.1,10.2,13.8,,,67.5,8.0,,84.0,,,
滨州,ecmwf_ifs025,2026-04-03,6,2026-04-09,19.5,11.7,12.3,,,58.9,10.7,,48.3,,,
滨州,ecmwf_ifs025,2026-04-02,7,2026-04-09,17.5,10.0,10.9,8.3,,36.0,12.2,,83.5,,,
滨州,jma_seamless,2026-04-08,1,2026-04-09,17.0,10.4,12.1,,,,,,69.4,,,0.0
滨州,jma_seamless,2026-04-07,2,2026-04-09,14.8,10.3,11.4,,,,,,82.4,,,0.0
滨州,jma_seamless,2026-04-06,3,2026-04-09,15.8,11.1,12.5,,,,,,97.0,,,0.0
滨州,jma_seamless,2026-04-05,4,2026-04-09,15.8,11.1,12.5,,,,,,66.3,,,0.0
滨州,jma_seamless,2026-04-04,5,2026-04-09,15.8,11.1,11.6,,,,,,65.3,,,0.0
滨州,jma_seamless,2026-04-03,6,2026-04-09,17.2,11.2,12.8,,,,,,78.6,,,0.0
滨州,jma_seamless,2026-04-02,7,2026-04-09,23.8,10.5,14.4,,,,,,35.8,,,0.0
滨州,ecmwf_ifs025,2026-04-09,1,2026-04-10,24.2,7.3,12.7,5.2,,47.2,11.2,,22.5,,,
滨州,ecmwf_ifs025,2026-04-08,2,2026-04-10,24.4,7.8,12.8,6.0,,41.2,10.1,,50.1,,,
滨州,ecmwf_ifs025,2026-04-07,3,2026-04-10,25.5,8.5,12.9,6.7,,57.2,10.6,,50.0,,,
滨州,ecmwf_ifs025,2026-04-06,4,2026-04-10,21.5,9.0,12.7,7.3,,65.8,10.6,,34.9,,,
滨州,ecmwf_ifs025,2026-04-05,5,2026-04-10,25.1,8.2,13.3,6.8,,63.2,8.2,,56.6,,,
滨州,ecmwf_ifs025,2026-04-04,6,2026-04-10,22.1,10.8,13.4,,,63.2,9.4,,13.8,,,
滨州,ecmwf_ifs025,2026-04-03,7,2026-04-10,22.0,8.9,13.1,7.9,,49.4,7.0,,47.4,,,
滨州,jma_seamless,2026-04-09,1,2026-04-10,24.3,11.3,16.1,,,,,,2.7,,,0.0
滨州,jma_seamless,2026-04-08,2,2026-04-10,23.9,9.9,13.9,,,,,,43.3,,,0.0
滨州,jma_seamless,2026-04-07,3,2026-04-10,23.2,9.8,13.7,,,,,,31.7,,,0.0
滨州,jma_seamless,2026-04-06,4,2026-04-10,23.2,9.8,14.3,,,,,,46.2,,,0.0
滨州,jma_seamless,2026-04-05,5,2026-04-10,23.2,9.8,13.6,,,,,,19.9,,,0.0
滨州,jma_seamless,2026-04-04,6,2026-04-10,18.6,10.5,12.5,,,,,,49.1,,,0.0
滨州,jma_seamless,2026-04-03,7,2026-04-10,24.7,9.8,14.8,,,,,,1.3,,,0.0
滨州,ecmwf_ifs025,2026-04-10,1,2026-04-11,24.7,11.7,14.1,,,31.4,10.1,,60.5,,,
滨州,ecmwf_ifs025,2026-04-09,2,2026-04-11,27.5,10.2,16.4,,27.5,43.6,10.6,,6.5,,,
滨州,ecmwf_ifs025,2026-04-08,3,2026-04-11,26.9,9.8,16.3,8.8,,42.5,7.8,,6.5,,,
滨州,ecmwf_ifs025,2026-04-07,4,2026-04-11,28.9,10.7,17.0,,28.8,43.6,11.1,,27.8,,,
滨州,ecmwf_ifs025,2026-04-06,5,2026-04-11,28.2,9.5,16.4,8.1,28.2,44.4,9.5,,20.9,,,
滨州,ecmwf_ifs025,2026-04-05,6,2026-04-11,27.1,11.0,15.7,,27.3,47.1,8.7,,36.2,,,
滨州,ecmwf_ifs025,2026-04-04,7,2026-04-11,28.1,12.3,16.6,,27.9,41.8,8.5,,88.5,,,
滨州,jma_seamless,2026-04-10,1,2026-04-11,24.1,14.8,16.3,,,,,,69.6,,,0.0
滨州,jma_seamless,2026-04-09,2,2026-04-11,25.0,13.4,15.1,,,,,,26.0,,,0.0
滨州,jma_seamless,2026-04-08,3,2026-04-11,25.2,11.7,14.0,,,,,,13.0,,,0.0
滨州,jma_seamless,2026-04-07,4,2026-04-11,25.2,11.7,14.6,,,,,,12.2,,,0.0
滨州,jma_seamless,2026-04-06,5,2026-04-11,25.2,11.7,15.1,,,,,,22.6,,,0.0
滨州,jma_seamless,2026-04-05,6,2026-04-11,26.9,13.6,16.6,,,,,,19.5,,,0.0
滨州,jma_seamless,2026-04-04,7,2026-04-11,25.4,11.7,16.3,,,,,,0.0,,,0.0
滨州,ecmwf_ifs025,2026-04-11,1,2026-04-12,26.6,12.2,17.4,,,40.2,8.2,,21.8,,,
滨州,ecmwf_ifs025,2026-04-10,2,2026-04-12,26.5,11.0,16.8,,,44.5,7.0,,85.7,,,
滨州,ecmwf_ifs025,2026-04-09,3,2026-04-12,27.3,11.6,16.0,,27.0,38.6,9.0,,85.7,,,
滨州,ecmwf_ifs025,2026-04-08,4,2026-04-12,25.2,12.8,14.8,,,40.9,14.5,,96.6,,,
滨州,ecmwf_ifs025,2026-04-07,5,2026-04-12,26.2,12.6,15.5,,,50.5,12.5,,86.5,,,
滨州,ecmwf_ifs025,2026-04-06,6,2026-04-12,26.8,13.5,17.5,,,43.3,8.6,,43.4,,,
滨州,ecmwf_ifs025,2026-04-05,7,2026-04-12,25.8,12.9,16.5,,,40.2,7.5,,96.1,,,
滨州,jma_seamless,2026-04-11,1,2026-04-12,26.2,16.7,20.0,,,,,,80.2,,,0.0
滨州,jma_seamless,2026-04-10,2,2026-04-12,27.4,14.9,17.1,,,,,,20.2,,,0.0
滨州,jma_seamless,2026-04-09,3,2026-04-12,15.5,12.2,10.0,,,,,,41.2,,,0.0
滨州,jma_seamless,2026-04-08,4,2026-04-12,15.5,12.2,10.1,,,,,,84.7,,,0.0
滨州,jma_seamless,2026-04-07,5,2026-04-12,15.5,12.2,11.4,,,,,,52.5,,,0.0
滨州,jma_seamless,2026-04-06,6,2026-04-12,20.8,13.4,14.6,,,,,,44.7,,,0.0
滨州,jma_seamless,2026-04-05,7,2026-04-12,19.2,11.6,13.6,,,,,,64.4,,,0.0
滨州,ecmwf_ifs025,2026-04-12,1,2026-04-13,23.6,11.7,16.0,,,62.6,8.5,,80.7,,,
滨州,ecmwf_ifs025,2026-04-11,2,2026-04-13,21.6,10.7,13.2,,,55.7,11.4,,65.3,,,
滨州,ecmwf_ifs025,2026-04-10,3,2026-04-13,21.8,9.9,13.1,8.2,,58.0,11.9,,65.3,,,
滨州,ecmwf_ifs025,2026-04-09,4,2026-04-13,23.3,9.4,12.3,7.7,,49.4,11.4,,75.2,,,
滨州,ecmwf_ifs025,2026-04-08,5,2026-04-13,21.3,9.9,11.8,8.1,,51.1,12.8,,39.2,,,
滨州,ecmwf_ifs025,2026-04-07,6,2026-04-13,20.3,14.1,14.4,,,49.2,11.4,,73.0,,,
滨州,ecmwf_ifs025,2026-04-06,7,2026-04-13,19.4,8.3,11.2,6.0,,49.6,13.5,,61.6,,,
滨州,jma_seamless,2026-04-12,1,2026-04-13,23.7,15.9,19.3,,,,,,34.5,,,0.0
滨州,jma_seamless,2026-04-11,2,2026-04-13,24.8,15.5,17.6,,,,,,52.4,,,0.0
滨州,jma_seamless,2026-04-10,3,2026-04-13,20.0,11.8,13.1,,,,,,50.3,,,0.0
滨州,jma_seamless,2026-04-09,4,2026-04-13,20.0,11.8,12.9,,,,,,75.3,,,0.0
滨州,jma_seamless,2026-04-08,5,2026-04-13,20.0,11.8,14.0,,,,,,74.8,,,0.0
滨州,jma_seamless,2026-04-07,6,2026-04-13,18.1,11.7,14.2,,,,,,86.5,,,0.0
滨州,jma_seamless,2026-04-06,7,2026-04-13,20.8,13.0,16.3,,,,,,67.8,,,0.0
滨州,ecmwf_ifs025,2026-04-13,1,2026-04-14,26.5,10.0,16.2,9.6,,39.2,5.4,,50.5,,,
滨州,ecmwf_ifs025,2026-04-12,2,2026-04-14,26.0,8.2,14.8,,,46.5,4.7,,63.0,,,
滨州,ecmwf_ifs025,2026-04-11,3,2026-04-14,24.5,7.2,13.9,,,47.2,4.1,,63.0,,,
滨州,ecmwf_ifs025,2026-04-10,4,2026-04-14,23.9,7.2,12.5,,,44.0,4.3,,67.0,,,
滨州,ecmwf_ifs025,2026-04-09,5,2026-04-14,25.3,6.2,12.9,5.3,,46.8,5.4,,53.1,,,
滨州,ecmwf_ifs025,2026-04-08,6,2026-04-14,23.1,11.4,14.5,,,43.2,6.6,,75.5,,,
滨州,ecmwf_ifs025,2026-04-07,7,2026-04-14,24.1,7.5,12.1,6.0,,34.2,8.1,,57.2,,,
滨州,jma_seamless,2026-04-13,1,2026-04-14,25.4,12.9,13.7,,,,,,0.0,,,0.0
滨州,jma_seamless,2026-04-12,2,2026-04-14,25.6,12.8,17.2,,,,,,43.2,,,
滨州,jma_seamless,2026-04-11,3,2026-04-14,16.9,16.8,15.6,,,,,,39.1,,,
滨州,jma_seamless,2026-04-10,4,2026-04-14,16.9,16.8,15.2,,,,,,44.0,,,0.0
滨州,jma_seamless,2026-04-09,5,2026-04-14,16.9,16.8,16.1,,,,,,22.9,,,
滨州,jma_seamless,2026-04-08,6,2026-04-14,22.7,9.9,9.1,,,,,,33.3,,,0.0
滨州,jma_seamless,2026-04-07,7,2026-04-14,20.6,13.6,14.8,,,,,,54.6,,,
滨州,ecmwf_ifs025,2026-04-14,1,2026-04-15,27.6,11.4,16.7,,26.7,27.8,6.6,,16.0,,,
滨州,ecmwf_ifs025,2026-04-13,2,2026-04-15,28.7,12.4,18.7,,28.3,39.8,6.8,,84.2,,,
滨州,ecmwf_ifs025,2026-04-12,3,2026-04-15,26.9,11.6,17.3,,,43.2,7.7,,84.2,,,
滨州,ecmwf_ifs025,2026-04-11,4,2026-04-15,27.9,8.8,16.6,7.8,27.8,43.0,7.1,,48.0,,,
滨州,ecmwf_ifs025,2026-04-10,5,2026-04-15,27.3,11.6,17.4,,27.6,48.0,6.7,,60.1,,,
滨州,ecmwf_ifs025,2026-04-09,6,2026-04-15,28.2,12.8,17.3,,27.9,40.8,7.2,,52.8,,,
滨州,ecmwf_ifs025,2026-04-08,7,2026-04-15,25.8,12.8,17.3,,,43.0,8.7,,74.8,,,
滨州,jma_seamless,2026-04-14,1,2026-04-15,26.6,14.0,,,,,,,,,,0.0
滨州,jma_seamless,2026-04-13,2,2026-04-15,27.3,13.7,18.9,,,,,,40.7,,,
滨州,jma_seamless,2026-04-09,6,2026-04-15,26.5,12.9,,,,,,,38.5,,,0.0
滨州,jma_seamless,2026-04-08,7,2026-04-15,24.8,12.4,15.5,,,,,,52.7,,,
滨州,ecmwf_ifs025,2026-04-15,1,2026-04-16,22.9,15.3,16.2,,,28.7,9.3,,88.1,,,
滨州,ecmwf_ifs025,2026-04-14,2,2026-04-16,24.1,16.2,17.5,,,34.8,10.0,,20.0,,,
滨州,ecmwf_ifs025,2026-04-13,3,2026-04-16,25.2,15.9,17.7,,,29.4,9.5,,20.0,,,
滨州,ecmwf_ifs025,2026-04-12,4,2026-04-16,26.5,15.0,18.0,,,35.5,9.7,,95.6,,,
滨州,ecmwf_ifs025,2026-04-11,5,2026-04-16,26.4,14.6,16.9,,,39.2,11.1,,100.0,,,
滨州,ecmwf_ifs025,2026-04-10,6,2026-04-16,26.7,13.1,17.3,,,44.3,8.0,,90.8,,,
滨州,ecmwf_ifs025,2026-04-09,7,2026-04-16,25.6,16.5,18.3,,,43.3,10.4,,93.3,,,
滨州,jma_seamless,2026-04-15,1,2026-04-16,24.3,17.5,,,,,,,,,,0.0
滨州,jma_seamless,2026-04-14,2,2026-04-16,25.9,18.2,18.5,,,,,,75.7,,,
滨州,jma_seamless,2026-04-10,6,2026-04-16,26.0,15.6,,,,,,,9.7,,,0.0
滨州,jma_seamless,2026-04-09,7,2026-04-16,23.4,15.7,17.8,,,,,,24.9,,,
滨州,ecmwf_ifs025,2026-04-16,1,2026-04-17,26.4,13.8,16.5,,,21.2,6.0,,23.8,,,
滨州,ecmwf_ifs025,2026-04-15,2,2026-04-17,28.0,12.2,19.0,,28.8,53.9,7.2,,0.0,,,
滨州,ecmwf_ifs025,2026-04-14,3,2026-04-17,28.2,13.0,19.5,,28.9,52.3,8.0,,0.0,,,
滨州,ecmwf_ifs025,2026-04-13,4,2026-04-17,27.5,13.4,19.4,,27.9,50.1,5.6,,15.0,,,
滨州,ecmwf_ifs025,2026-04-12,5,2026-04-17,28.1,13.9,19.1,,29.7,60.7,7.0,,30.2,,,
滨州,ecmwf_ifs025,2026-04-11,6,2026-04-17,28.8,11.9,17.0,,30.2,56.2,7.6,,2.0,,,
滨州,ecmwf_ifs025,2026-04-10,7,2026-04-17,27.2,14.3,18.7,,27.6,49.4,7.5,,20.6,,,
滨州,jma_seamless,2026-04-16,1,2026-04-17,25.5,14.8,,,,,,,,,,0.0
滨州,jma_seamless,2026-04-15,2,2026-04-17,27.0,15.7,19.8,,,,,,4.2,,,
滨州,jma_seamless,2026-04-11,6,2026-04-17,26.6,16.1,,,,,,,22.5,,,0.0
滨州,jma_seamless,2026-04-10,7,2026-04-17,24.7,16.6,19.6,,,,,,63.1,,,
滨州,ecmwf_ifs025,2026-04-17,1,2026-04-18,30.6,13.2,,,,,8.2,,0.0,,,
滨州,ecmwf_ifs025,2026-04-16,2,2026-04-18,30.9,14.2,20.9,,31.3,43.5,10.8,,,,,
滨州,ecmwf_ifs025,2026-04-15,3,2026-04-18,31.3,14.7,21.3,,31.9,43.8,11.6,,,,,
滨州,ecmwf_ifs025,2026-04-14,4,2026-04-18,31.7,14.2,21.1,,31.7,38.8,13.1,,0.0,,,
滨州,ecmwf_ifs025,2026-04-13,5,2026-04-18,31.2,12.9,20.6,,31.3,40.5,12.7,,0.0,,,
滨州,ecmwf_ifs025,2026-04-12,6,2026-04-18,30.3,10.9,18.9,,31.6,50.7,8.7,,7.4,,,
滨州,ecmwf_ifs025,2026-04-11,7,2026-04-18,32.4,17.7,21.3,,34.1,45.9,14.9,,0.5,,,
滨州,jma_seamless,2026-04-17,1,2026-04-18,30.0,16.6,,,,,,,,,,0.0
滨州,jma_seamless,2026-04-16,2,2026-04-18,30.7,16.9,21.5,,,,,,0.0,,,
滨州,jma_seamless,2026-04-12,6,2026-04-18,29.9,15.2,,,,,,,1.9,,,0.0
滨州,jma_seamless,2026-04-11,7,2026-04-18,30.1,15.8,20.7,,,,,,27.5,,,
滨州,ecmwf_ifs025,2026-04-18,1,2026-04-19,29.7,13.3,,,,,14.5,,69.0,,,
滨州,ecmwf_ifs025,2026-04-17,2,2026-04-19,30.4,13.7,19.2,,30.4,41.8,16.4,,,,,
滨州,ecmwf_ifs025,2026-04-16,3,2026-04-19,30.4,12.4,19.0,,30.2,40.5,17.7,,,,,
滨州,ecmwf_ifs025,2026-04-15,4,2026-04-19,30.2,15.8,19.9,,29.7,38.5,14.3,,42.7,,,
滨州,ecmwf_ifs025,2026-04-14,5,2026-04-19,31.5,18.5,21.5,,30.9,35.7,15.6,,57.9,,,
滨州,ecmwf_ifs025,2026-04-13,6,2026-04-19,31.1,19.2,21.2,,30.9,38.7,15.8,,51.8,,,
滨州,ecmwf_ifs025,2026-04-12,7,2026-04-19,30.1,18.1,20.5,,29.8,40.2,14.2,,38.8,,,
滨州,jma_seamless,2026-04-18,1,2026-04-19,29.7,17.2,,,,,,,,,,0.0
滨州,jma_seamless,2026-04-17,2,2026-04-19,30.4,18.5,20.3,,,,,,49.4,,,
滨州,jma_seamless,2026-04-13,6,2026-04-19,30.6,18.6,,,,,,,25.7,,,0.0
滨州,jma_seamless,2026-04-12,7,2026-04-19,27.8,18.3,21.1,,,,,,52.7,,,
滨州,ecmwf_ifs025,2026-04-19,1,2026-04-20,18.4,9.4,,6.9,,,16.9,,29.2,,,
滨州,ecmwf_ifs025,2026-04-18,2,2026-04-20,18.9,9.3,9.5,7.3,,27.1,13.4,,,,,
滨州,ecmwf_ifs025,2026-04-17,3,2026-04-20,18.9,10.0,9.0,7.8,,25.9,16.1,,,,,
滨州,ecmwf_ifs025,2026-04-16,4,2026-04-20,18.7,11.3,9.2,,,29.4,18.8,,41.2,,,
滨州,ecmwf_ifs025,2026-04-15,5,2026-04-20,19.7,8.7,8.8,6.0,,28.5,17.2,,51.7,,,
滨州,ecmwf_ifs025,2026-04-14,6,2026-04-20,21.1,8.1,11.7,5.5,,47.2,15.8,,58.0,,,
滨州,ecmwf_ifs025,2026-04-13,7,2026-04-20,18.9,10.4,13.4,,,62.1,9.6,,75.8,,,
滨州,jma_seamless,2026-04-19,1,2026-04-20,19.4,11.3,,,,,,,,,,0.0
滨州,jma_seamless,2026-04-18,2,2026-04-20,19.2,12.6,10.5,,,,,,12.9,,,
滨州,jma_seamless,2026-04-14,6,2026-04-20,20.8,12.0,,,,,,,76.3,,,0.0
滨州,jma_seamless,2026-04-13,7,2026-04-20,22.0,13.8,13.8,,,,,,43.9,,,
滨州,ecmwf_ifs025,2026-04-20,1,2026-04-21,21.4,9.3,,7.3,,,13.2,,100.0,,,
滨州,ecmwf_ifs025,2026-04-19,2,2026-04-21,23.8,9.0,11.4,6.9,,37.0,13.3,,,,,
滨州,ecmwf_ifs025,2026-04-18,3,2026-04-21,22.3,8.9,12.3,7.2,,36.4,10.5,,,,,
滨州,ecmwf_ifs025,2026-04-17,4,2026-04-21,23.7,9.1,12.7,7.6,,35.2,9.8,,98.6,,,
滨州,ecmwf_ifs025,2026-04-16,5,2026-04-21,22.8,7.5,12.1,5.8,,33.6,9.4,,78.4,,,
滨州,ecmwf_ifs025,2026-04-15,6,2026-04-21,22.1,6.4,11.4,5.2,,37.8,6.3,,90.8,,,
滨州,ecmwf_ifs025,2026-04-14,7,2026-04-21,24.1,9.3,12.8,8.6,,25.1,6.3,,90.3,,,
滨州,jma_seamless,2026-04-20,1,2026-04-21,22.4,12.6,,,,,,,,,,0.0
滨州,jma_seamless,2026-04-19,2,2026-04-21,23.7,12.8,14.2,,,,,,84.3,,,
滨州,jma_seamless,2026-04-15,6,2026-04-21,23.3,10.2,,,,,,,62.3,,,0.0
滨州,jma_seamless,2026-04-14,7,2026-04-21,23.7,12.3,13.3,,,,,,80.9,,,
滨州,gfs_seamless,2026-04-21,1,2026-04-22,21.5,9.3,13.3,7.4,,53.8,12.3,,,,,
滨州,gfs_seamless,2026-04-20,2,2026-04-22,23.0,10.0,13.9,8.6,,43.7,10.3,,,,,
滨州,gfs_seamless,2026-04-19,3,2026-04-22,21.6,10.9,14.0,,,47.3,12.8,,,,,
滨州,gfs_seamless,2026-04-18,4,2026-04-22,21.3,9.8,11.9,7.8,,61.3,14.2,,,,,
滨州,gfs_seamless,2026-04-17,5,2026-04-22,19.9,8.8,10.7,7.0,,59.8,11.0,,,,,
滨州,gfs_seamless,2026-04-16,6,2026-04-22,19.4,10.1,10.8,,,55.5,12.9,,,,,
滨州,gfs_seamless,2026-04-15,7,2026-04-22,23.2,8.4,10.7,6.4,,48.2,12.0,,,,,
滨州,gfs_seamless,2026-04-22,1,2026-04-23,25.8,13.2,16.8,,,48.3,12.9,,,,,
滨州,gfs_seamless,2026-04-21,2,2026-04-23,25.4,13.2,16.1,,,46.3,13.7,,,,,
滨州,gfs_seamless,2026-04-20,3,2026-04-23,25.0,11.2,15.1,,,44.9,16.1,,,,,
滨州,gfs_seamless,2026-04-19,4,2026-04-23,24.8,12.4,15.4,,,45.9,13.2,,,,,
滨州,gfs_seamless,2026-04-18,5,2026-04-23,26.4,9.7,14.6,7.7,,46.4,13.5,,,,,
滨州,gfs_seamless,2026-04-17,6,2026-04-23,25.0,7.8,13.5,5.5,,48.3,12.8,,,,,
滨州,gfs_seamless,2026-04-16,7,2026-04-23,21.9,8.2,12.9,6.3,,55.7,11.0,,,,,
滨州,gfs_seamless,2026-04-23,1,2026-04-24,28.8,12.7,16.8,,28.2,37.9,19.1,,,,,
滨州,gfs_seamless,2026-04-22,2,2026-04-24,28.6,12.4,16.3,,28.2,40.1,18.6,,,,,
滨州,gfs_seamless,2026-04-21,3,2026-04-24,28.4,13.2,16.6,,28.1,40.7,19.7,,,,,
滨州,gfs_seamless,2026-04-20,4,2026-04-24,28.8,12.6,16.9,,28.4,39.9,17.7,,,,,
滨州,gfs_seamless,2026-04-19,5,2026-04-24,28.7,11.8,16.4,,28.3,39.4,16.3,,,,,
滨州,gfs_seamless,2026-04-18,6,2026-04-24,27.1,12.3,16.5,,27.1,43.2,16.9,,,,,
滨州,gfs_seamless,2026-04-17,7,2026-04-24,26.9,11.3,16.2,,,47.8,13.3,,,,,
滨州,gfs_seamless,2026-04-24,1,2026-04-25,28.4,14.2,17.7,,27.7,35.8,19.1,,,,,
滨州,gfs_seamless,2026-04-23,2,2026-04-25,28.1,13.6,17.2,,27.4,35.2,19.3,,,,,
滨州,gfs_seamless,2026-04-22,3,2026-04-25,28.6,14.0,17.4,,27.8,33.9,18.3,,,,,
滨州,gfs_seamless,2026-04-21,4,2026-04-25,28.1,15.1,16.9,,27.4,35.2,20.9,,,,,
滨州,gfs_seamless,2026-04-20,5,2026-04-25,29.0,14.7,18.5,,28.6,39.5,19.9,,,,,
滨州,gfs_seamless,2026-04-19,6,2026-04-25,31.2,16.8,20.3,,31.7,43.0,24.3,,,,,
滨州,gfs_seamless,2026-04-18,7,2026-04-25,29.2,15.1,20.3,,29.8,49.0,16.4,,,,,
滨州,gfs_seamless,2026-04-25,1,2026-04-26,27.7,14.7,17.2,,28.1,49.8,17.1,,,,,
滨州,gfs_seamless,2026-04-24,2,2026-04-26,27.8,13.9,18.3,,28.2,50.1,15.7,,,,,
滨州,gfs_seamless,2026-04-23,3,2026-04-26,25.7,15.1,17.3,,,55.4,13.4,,,,,
滨州,gfs_seamless,2026-04-22,4,2026-04-26,24.9,14.9,16.5,,,47.8,12.4,,,,,
滨州,gfs_seamless,2026-04-21,5,2026-04-26,22.4,16.4,17.8,,,51.0,13.2,,,,,
滨州,gfs_seamless,2026-04-20,6,2026-04-26,21.2,10.7,12.7,,,60.4,21.5,,,,,
滨州,gfs_seamless,2026-04-19,7,2026-04-26,28.4,13.5,18.0,,28.9,49.9,27.3,,,,,
滨州,gfs_seamless,2026-04-26,1,2026-04-27,24.1,12.9,14.2,,,50.5,18.6,,,,,
滨州,gfs_seamless,2026-04-25,2,2026-04-27,24.3,13.2,15.1,,,53.4,17.7,,,,,
滨州,gfs_seamless,2026-04-24,3,2026-04-27,23.4,13.0,14.7,,,46.2,18.6,,,,,
滨州,gfs_seamless,2026-04-23,4,2026-04-27,24.7,13.4,15.2,,,45.2,16.2,,,,,
滨州,gfs_seamless,2026-04-22,5,2026-04-27,28.5,11.3,16.2,,31.9,71.2,13.8,,,,,
滨州,gfs_seamless,2026-04-21,6,2026-04-27,24.7,11.9,13.7,,,42.2,16.8,,,,,
滨州,gfs_seamless,2026-04-20,7,2026-04-27,24.1,7.4,12.8,5.1,,44.7,12.1,,,,,
滨州,gfs_seamless,2026-04-27,1,2026-04-28,20.2,10.7,11.7,,,39.0,10.9,,,,,
滨州,gfs_seamless,2026-04-26,2,2026-04-28,19.7,11.6,12.0,,,39.0,10.6,,,,,
滨州,gfs_seamless,2026-04-25,3,2026-04-28,19.8,10.2,11.9,,,42.5,12.6,,,,,
滨州,gfs_seamless,2026-04-24,4,2026-04-28,21.0,9.8,11.8,7.8,,41.6,13.6,,,,,
滨州,gfs_seamless,2026-04-23,5,2026-04-28,21.6,12.5,13.3,,,37.5,12.1,,,,,
滨州,gfs_seamless,2026-04-22,6,2026-04-28,25.6,12.5,16.4,,,43.5,9.1,,,,,
滨州,gfs_seamless,2026-04-21,7,2026-04-28,27.8,12.7,17.9,,27.5,39.8,23.1,,,,,
滨州,gfs_seamless,2026-04-28,1,2026-04-29,23.5,10.0,13.5,8.4,,34.1,11.6,,,,,
滨州,gfs_seamless,2026-04-27,2,2026-04-29,24.6,11.1,14.0,,,27.2,12.5,,,,,
滨州,gfs_seamless,2026-04-26,3,2026-04-29,25.4,10.6,14.1,,,28.8,13.0,,,,,
滨州,gfs_seamless,2026-04-25,4,2026-04-29,24.9,11.2,14.2,,,29.6,12.0,,,,,
滨州,gfs_seamless,2026-04-24,5,2026-04-29,25.0,10.6,14.5,,,29.8,11.8,,,,,
滨州,gfs_seamless,2026-04-23,6,2026-04-29,27.6,10.9,16.6,,27.3,39.2,11.1,,,,,
滨州,gfs_seamless,2026-04-22,7,2026-04-29,27.9,12.7,14.6,,27.2,34.5,18.0,,,,,
滨州,gfs_seamless,2026-04-29,1,2026-04-30,25.5,11.4,15.4,,,30.5,13.1,,,,,
滨州,gfs_seamless,2026-04-28,2,2026-04-30,26.3,12.3,16.2,,,31.9,14.9,,,,,
滨州,gfs_seamless,2026-04-27,3,2026-04-30,27.2,12.3,16.4,,26.6,32.4,16.5,,,,,
滨州,gfs_seamless,2026-04-26,4,2026-04-30,28.2,12.5,16.8,,27.3,31.4,17.8,,,,,
滨州,gfs_seamless,2026-04-25,5,2026-04-30,28.4,13.3,17.6,,27.7,36.1,15.3,,,,,
滨州,gfs_seamless,2026-04-24,6,2026-04-30,28.3,14.6,18.5,,28.0,40.9,18.1,,,,,
滨州,gfs_seamless,2026-04-23,7,2026-04-30,29.3,14.1,17.7,,28.6,36.1,19.1,,,,,
滨州,gfs_seamless,2026-04-30,1,2026-05-01,30.8,15.1,19.4,,29.7,32.2,14.8,,,,,
滨州,gfs_seamless,2026-04-29,2,2026-05-01,30.8,14.9,19.4,,30.0,35.0,16.1,,,,,
滨州,gfs_seamless,2026-04-28,3,2026-05-01,29.7,16.9,19.1,,28.9,35.6,18.1,,,,,
滨州,gfs_seamless,2026-04-27,4,2026-05-01,27.0,15.1,18.0,,26.7,37.4,16.6,,,,,
滨州,gfs_seamless,2026-04-26,5,2026-05-01,29.1,17.1,19.0,,28.2,34.2,15.7,,,,,
滨州,gfs_seamless,2026-04-25,6,2026-05-01,26.0,15.4,18.1,,,36.2,14.8,,,,,
滨州,gfs_seamless,2026-04-24,7,2026-05-01,26.6,17.5,17.2,,,37.6,15.5,,,,,
滨州,gfs_seamless,2026-05-01,1,2026-05-02,20.4,14.0,14.9,,,58.5,12.0,,,,,
滨州,gfs_seamless,2026-04-30,2,2026-05-02,20.0,15.0,15.0,,,59.8,12.7,,,,,
滨州,gfs_seamless,2026-04-29,3,2026-05-02,19.4,13.9,15.4,,,51.1,12.2,,,,,
滨州,gfs_seamless,2026-04-28,4,2026-05-02,26.4,11.6,18.1,,,45.1,9.5,,,,,
滨州,gfs_seamless,2026-04-27,5,2026-05-02,25.5,13.8,16.2,,,55.1,13.3,,,,,
滨州,gfs_seamless,2026-04-26,6,2026-05-02,29.0,14.9,19.8,,28.0,32.5,8.7,,,,,
滨州,gfs_seamless,2026-04-25,7,2026-05-02,25.1,16.5,18.1,,,44.0,8.1,,,,,
滨州,gfs_seamless,2026-05-02,1,2026-05-03,21.4,9.8,11.7,7.3,,59.2,17.9,,,,,
滨州,gfs_seamless,2026-05-01,2,2026-05-03,20.7,10.4,12.9,,,61.7,12.7,,,,,
滨州,gfs_seamless,2026-04-30,3,2026-05-03,19.1,10.3,10.1,,,71.8,22.0,,,,,
滨州,gfs_seamless,2026-04-29,4,2026-05-03,18.1,10.4,10.2,,,66.6,19.4,,,,,
滨州,gfs_seamless,2026-04-28,5,2026-05-03,22.2,11.4,15.7,,,52.0,10.1,,,,,
滨州,gfs_seamless,2026-04-27,6,2026-05-03,24.9,15.4,17.4,,,35.2,8.8,,,,,
滨州,gfs_seamless,2026-04-26,7,2026-05-03,29.3,16.7,20.3,,28.7,37.5,10.2,,,,,
滨州,gfs_seamless,2026-05-03,1,2026-05-04,25.9,9.3,14.3,7.5,,31.8,11.6,,,,,
滨州,gfs_seamless,2026-05-02,2,2026-05-04,26.5,10.6,15.7,,,36.1,11.2,,,,,
滨州,gfs_seamless,2026-05-01,3,2026-05-04,26.0,9.3,15.4,7.5,,42.2,12.0,,,,,
滨州,gfs_seamless,2026-04-30,4,2026-05-04,24.6,9.1,14.7,7.1,,47.7,12.5,,,,,
滨州,gfs_seamless,2026-04-29,5,2026-05-04,24.3,8.0,13.2,5.5,,40.1,14.6,,,,,
滨州,gfs_seamless,2026-04-28,6,2026-05-04,26.8,11.9,16.4,,,32.7,10.3,,,,,
滨州,gfs_seamless,2026-04-27,7,2026-05-04,31.4,15.1,20.0,,30.9,36.6,17.5,,,,,
滨州,gfs_seamless,2026-05-04,1,2026-05-05,32.4,15.2,19.7,,31.3,30.1,23.8,,,,,
滨州,gfs_seamless,2026-05-03,2,2026-05-05,32.0,15.6,19.9,,31.0,31.4,23.6,,,,,
滨州,gfs_seamless,2026-05-02,3,2026-05-05,32.1,16.0,20.0,,31.0,30.5,22.8,,,,,
滨州,gfs_seamless,2026-05-01,4,2026-05-05,32.0,14.2,20.3,,31.3,34.1,19.7,,,,,
滨州,gfs_seamless,2026-04-30,5,2026-05-05,30.1,12.9,18.2,,28.9,30.2,15.4,,,,,
滨州,gfs_seamless,2026-04-29,6,2026-05-05,31.0,14.3,18.8,,29.7,30.1,18.6,,,,,
滨州,gfs_seamless,2026-04-28,7,2026-05-05,30.9,13.9,19.6,,30.1,34.6,19.5,,,,,
滨州,gfs_seamless,2026-05-05,1,2026-05-06,32.0,16.4,21.6,,33.2,44.8,24.4,59.4,80.9,21.32,7.9,0.0
滨州,gfs_seamless,2026-05-04,2,2026-05-06,32.9,18.4,22.5,,34.4,43.6,23.6,61.2,76.8,24.08,5.0,0.0
滨州,gfs_seamless,2026-05-03,3,2026-05-06,32.5,16.8,21.6,,33.1,40.3,26.3,63.7,66.9,23.07,2.9,0.0
滨州,gfs_seamless,2026-05-02,4,2026-05-06,32.0,18.0,22.1,,32.1,38.7,24.9,63.0,28.2,27.31,1.9,0.0
滨州,gfs_seamless,2026-05-01,5,2026-05-06,31.8,17.6,21.5,,31.6,37.4,25.3,56.9,18.6,28.26,0.3,0.0
滨州,gfs_seamless,2026-04-30,6,2026-05-06,32.4,18.0,20.9,,32.1,35.9,24.3,55.4,17.3,27.78,0.0,0.0
滨州,gfs_seamless,2026-04-29,7,2026-05-06,32.5,18.8,22.0,,32.7,38.1,22.0,61.6,47.5,27.17,0.0,0.0
滨州,jma_seamless,2026-05-05,1,2026-05-06,32.4,20.3,24.3,,32.1,36.0,14.6,,,,,
滨州,jma_seamless,2026-05-04,2,2026-05-06,33.2,21.0,24.9,,32.3,30.5,13.7,,,,,
滨州,jma_seamless,2026-05-03,3,2026-05-06,33.9,21.8,25.0,,32.6,26.7,15.5,,,,,
滨州,jma_seamless,2026-05-02,4,2026-05-06,33.0,23.0,24.6,,32.0,30.3,15.2,,,,,
滨州,jma_seamless,2026-05-01,5,2026-05-06,32.2,22.6,23.6,,30.7,26.6,15.2,,,,,
滨州,jma_seamless,2026-04-30,6,2026-05-06,32.7,23.2,23.4,,30.9,23.3,14.6,,,,,
滨州,jma_seamless,2026-04-29,7,2026-05-06,31.2,23.0,23.3,,29.7,27.7,11.9,,,,,
滨州,gfs_seamless,2026-05-06,1,2026-05-07,21.9,13.9,13.7,,,43.5,19.8,47.2,61.4,27.98,0.7,0.0
滨州,gfs_seamless,2026-05-05,2,2026-05-07,22.2,14.7,14.4,,,41.6,20.1,43.6,55.9,28.58,0.6,0.0
滨州,gfs_seamless,2026-05-04,3,2026-05-07,23.1,13.4,13.7,,,33.2,19.9,52.9,44.5,28.83,0.0,0.0
滨州,gfs_seamless,2026-05-03,4,2026-05-07,25.0,12.5,15.4,,,39.8,14.9,35.3,52.6,26.81,1.1,0.0
滨州,gfs_seamless,2026-05-02,5,2026-05-07,23.4,13.8,14.4,,,46.5,19.7,50.8,97.5,21.05,1.9,0.0
滨州,gfs_seamless,2026-05-01,6,2026-05-07,22.7,14.1,13.4,,,54.2,17.4,59.4,96.2,13.65,0.8,0.0
滨州,gfs_seamless,2026-04-30,7,2026-05-07,26.7,14.7,17.6,,,46.3,11.7,58.0,75.1,26.79,0.5,0.0
滨州,jma_seamless,2026-05-06,1,2026-05-07,22.6,15.7,16.2,,,38.3,9.5,,,,,
滨州,jma_seamless,2026-05-05,2,2026-05-07,22.6,15.5,15.5,,,33.2,10.0,,,,,
滨州,jma_seamless,2026-05-04,3,2026-05-07,24.3,15.7,16.9,,,45.7,12.7,,,,,
滨州,jma_seamless,2026-05-03,4,2026-05-07,26.0,16.9,18.1,,,37.4,10.3,,,,,
滨州,jma_seamless,2026-05-02,5,2026-05-07,26.4,16.5,19.8,,,43.1,10.4,,,,,
滨州,jma_seamless,2026-05-01,6,2026-05-07,25.3,15.4,19.4,,,37.7,10.0,,,,,
滨州,jma_seamless,2026-04-30,7,2026-05-07,30.6,21.2,23.2,,30.1,37.4,9.5,,,,,
滨州,gfs_seamless,2026-05-07,1,2026-05-08,26.4,11.8,15.2,,,22.2,14.5,34.9,0.5,29.13,0.0,0.0
滨州,gfs_seamless,2026-05-06,2,2026-05-08,26.8,12.0,15.6,,,23.0,13.8,32.0,34.7,29.13,0.0,0.0
滨州,gfs_seamless,2026-05-05,3,2026-05-08,27.3,12.3,15.8,,26.3,20.8,13.3,36.4,0.0,29.35,0.0,0.0
滨州,gfs_seamless,2026-05-04,4,2026-05-08,27.7,12.6,16.3,,26.6,21.5,14.3,48.2,1.8,29.19,0.0,0.0
滨州,gfs_seamless,2026-05-03,5,2026-05-08,28.5,13.6,16.0,,27.4,28.6,13.7,50.4,65.2,21.45,0.2,0.0
滨州,gfs_seamless,2026-05-02,6,2026-05-08,25.9,12.6,15.9,,,31.6,10.6,26.6,94.5,18.95,0.0,0.0
滨州,gfs_seamless,2026-05-01,7,2026-05-08,26.8,14.2,16.0,,,27.7,14.1,33.5,96.8,26.59,0.0,0.0
滨州,jma_seamless,2026-05-07,1,2026-05-08,27.1,14.9,16.5,,26.1,18.0,9.3,,,,,
滨州,jma_seamless,2026-05-06,2,2026-05-08,26.8,14.4,16.6,,,19.8,6.4,,,,,
滨州,jma_seamless,2026-05-05,3,2026-05-08,27.2,13.2,16.9,,26.4,27.3,7.2,,,,,
滨州,jma_seamless,2026-05-04,4,2026-05-08,26.7,13.8,17.0,,,24.1,5.2,,,,,
滨州,jma_seamless,2026-05-03,5,2026-05-08,26.7,15.1,17.9,,,33.8,6.5,,,,,
滨州,jma_seamless,2026-05-02,6,2026-05-08,27.3,14.6,18.0,,27.1,41.0,8.5,,,,,
滨州,jma_seamless,2026-05-01,7,2026-05-08,25.2,16.4,18.0,,,29.2,8.9,,,,,
滨州,gfs_seamless,2026-05-08,1,2026-05-09,29.9,15.2,17.2,,28.4,25.9,27.6,61.9,48.0,28.1,0.0,0.0
滨州,gfs_seamless,2026-05-07,2,2026-05-09,30.4,14.6,17.2,,28.8,25.4,27.5,69.1,24.9,28.59,0.0,0.0
滨州,gfs_seamless,2026-05-06,3,2026-05-09,29.7,15.3,17.2,,28.2,26.1,27.7,66.2,40.8,27.76,0.0,0.0
滨州,gfs_seamless,2026-05-05,4,2026-05-09,29.2,16.6,17.8,,27.8,25.7,24.4,59.8,68.2,26.35,0.0,0.0
滨州,gfs_seamless,2026-05-04,5,2026-05-09,29.3,15.5,17.1,,27.8,23.9,24.2,55.4,71.1,22.66,0.0,0.0
滨州,gfs_seamless,2026-05-03,6,2026-05-09,30.4,13.9,18.2,,28.9,26.4,18.2,51.1,50.2,25.93,0.0,0.0
滨州,gfs_seamless,2026-05-02,7,2026-05-09,27.5,15.7,18.4,,26.6,25.4,11.1,44.3,85.2,23.93,0.0,0.0
滨州,jma_seamless,2026-05-08,1,2026-05-09,30.2,19.7,19.6,,28.5,23.2,18.3,,,,,
滨州,jma_seamless,2026-05-07,2,2026-05-09,30.5,19.6,19.5,,28.6,19.4,18.3,,,,,
滨州,jma_seamless,2026-05-06,3,2026-05-09,30.0,19.0,19.3,,28.2,17.7,16.4,,,,,
滨州,jma_seamless,2026-05-05,4,2026-05-09,30.6,18.0,19.2,,28.7,18.4,15.1,,,,,
滨州,jma_seamless,2026-05-04,5,2026-05-09,31.4,19.0,19.7,,29.4,17.9,14.2,,,,,
滨州,jma_seamless,2026-05-03,6,2026-05-09,30.9,16.0,20.5,,29.3,26.1,8.3,,,,,
滨州,jma_seamless,2026-05-02,7,2026-05-09,30.5,14.1,18.9,,28.9,25.5,4.0,,,,,
滨州,gfs_seamless,2026-05-09,1,2026-05-10,33.1,19.3,22.1,,31.9,28.7,20.3,60.5,26.6,28.33,0.1,0.0
滨州,gfs_seamless,2026-05-08,2,2026-05-10,31.9,20.2,21.9,,30.6,29.2,23.6,66.2,27.6,28.04,0.0,0.0
滨州,gfs_seamless,2026-05-07,3,2026-05-10,32.1,19.3,21.3,,30.9,29.9,22.9,65.5,53.7,27.15,0.0,0.0
滨州,gfs_seamless,2026-05-06,4,2026-05-10,30.4,18.5,20.3,,29.3,31.9,20.5,57.6,69.8,26.32,1.0,0.0
滨州,gfs_seamless,2026-05-05,5,2026-05-10,29.8,19.0,19.2,,28.3,25.0,24.0,57.2,69.8,28.08,0.0,0.0
滨州,gfs_seamless,2026-05-04,6,2026-05-10,29.4,18.2,18.5,,27.9,24.2,19.0,49.7,40.8,26.99,0.0,0.0
滨州,gfs_seamless,2026-05-03,7,2026-05-10,30.3,15.9,19.5,,29.1,31.4,16.0,49.3,14.1,28.04,0.0,0.0
滨州,jma_seamless,2026-05-09,1,2026-05-10,31.9,22.3,23.3,,30.6,28.8,11.3,,,,,
滨州,jma_seamless,2026-05-08,2,2026-05-10,32.2,22.5,23.4,,30.5,24.8,11.8,,,,,
滨州,jma_seamless,2026-05-07,3,2026-05-10,32.3,22.5,22.9,,30.4,21.6,13.8,,,,,
滨州,jma_seamless,2026-05-06,4,2026-05-10,30.4,20.7,21.5,,28.8,25.5,10.1,,,,,
滨州,jma_seamless,2026-05-05,5,2026-05-10,31.2,21.9,21.9,,29.3,20.3,11.9,,,,,
滨州,jma_seamless,2026-05-04,6,2026-05-10,30.0,22.1,21.7,,28.2,19.9,13.6,,,,,
滨州,jma_seamless,2026-05-03,7,2026-05-10,35.4,17.9,23.3,,33.4,19.2,14.3,,,,,
滨州,gfs_seamless,2026-05-10,1,2026-05-11,28.4,16.4,21.3,,29.2,52.7,13.7,50.4,39.8,24.47,7.5,0.0
滨州,gfs_seamless,2026-05-09,2,2026-05-11,28.0,16.9,21.3,,29.2,57.7,13.7,39.2,54.6,18.59,2.7,0.0
滨州,gfs_seamless,2026-05-08,3,2026-05-11,27.8,17.7,21.6,,29.4,62.1,11.9,43.2,48.0,14.58,19.4,0.0
滨州,gfs_seamless,2026-05-07,4,2026-05-11,32.3,18.0,21.3,,36.4,55.6,14.5,34.9,66.7,21.03,13.6,0.0
滨州,gfs_seamless,2026-05-06,5,2026-05-11,32.1,17.5,22.8,,33.6,45.9,14.3,39.6,41.8,26.02,0.1,0.0
滨州,gfs_seamless,2026-05-05,6,2026-05-11,27.7,17.0,20.1,,27.4,40.4,15.3,39.6,55.8,17.69,0.1,0.0
滨州,gfs_seamless,2026-05-04,7,2026-05-11,31.7,17.1,21.5,,31.7,39.3,14.3,46.8,38.3,26.52,0.0,0.0
滨州,jma_seamless,2026-05-10,1,2026-05-11,28.1,20.9,23.4,,27.8,40.8,6.1,,,,,
滨州,jma_seamless,2026-05-09,2,2026-05-11,32.9,21.5,25.3,,33.1,37.5,5.8,,,,,
滨州,jma_seamless,2026-05-08,3,2026-05-11,33.2,22.0,25.3,,33.3,36.3,8.0,,,,,
滨州,jma_seamless,2026-05-07,4,2026-05-11,32.5,19.9,24.5,,32.9,39.4,5.6,,,,,
滨州,jma_seamless,2026-05-06,5,2026-05-11,34.0,21.4,24.5,,33.5,31.2,5.3,,,,,
滨州,jma_seamless,2026-05-05,6,2026-05-11,33.9,22.3,24.8,,33.0,28.9,8.0,,,,,
滨州,jma_seamless,2026-05-04,7,2026-05-11,29.1,20.3,23.3,,28.1,32.7,6.5,,,,,
滨州,gfs_seamless,2026-05-11,1,2026-05-12,33.7,17.0,23.2,,34.5,38.1,13.2,42.8,25.7,28.66,0.0,0.0
滨州,gfs_seamless,2026-05-10,2,2026-05-12,32.0,15.6,22.4,,33.7,47.0,12.8,37.4,10.7,28.45,0.0,0.0
滨州,gfs_seamless,2026-05-09,3,2026-05-12,31.6,17.2,22.9,,33.3,48.6,11.9,47.5,7.5,28.39,0.0,0.0
滨州,gfs_seamless,2026-05-08,4,2026-05-12,32.0,15.2,22.3,,35.4,54.2,10.4,40.7,4.5,28.32,0.0,0.0
滨州,gfs_seamless,2026-05-07,5,2026-05-12,31.6,18.0,23.7,,32.2,43.0,12.0,42.8,31.5,27.37,0.0,0.0
滨州,gfs_seamless,2026-05-06,6,2026-05-12,33.7,18.1,24.3,,36.3,45.4,16.6,41.4,45.0,26.88,0.0,0.0
滨州,gfs_seamless,2026-05-05,7,2026-05-12,33.7,17.9,24.1,,35.0,40.2,17.0,46.1,53.5,25.8,0.0,0.0
滨州,jma_seamless,2026-05-11,1,2026-05-12,32.0,19.8,24.2,,32.0,38.4,6.2,,,,,
滨州,jma_seamless,2026-05-10,2,2026-05-12,32.1,18.1,23.7,,32.8,42.0,6.6,,,,,
滨州,jma_seamless,2026-05-09,3,2026-05-12,34.3,20.6,26.2,,36.8,42.9,8.4,,,,,
滨州,jma_seamless,2026-05-08,4,2026-05-12,34.6,17.7,25.1,,37.0,41.8,7.5,,,,,
滨州,jma_seamless,2026-05-07,5,2026-05-12,37.0,21.1,26.4,,39.0,34.0,8.5,,,,,
滨州,jma_seamless,2026-05-06,6,2026-05-12,38.6,21.1,27.7,,41.4,32.3,12.6,,,,,
滨州,jma_seamless,2026-05-05,7,2026-05-12,37.9,23.8,27.9,,39.5,30.8,12.4,,,,,
滨州,gfs_seamless,2026-05-12,1,2026-05-13,37.1,21.5,27.1,,38.8,32.8,18.4,50.4,75.5,26.81,0.0,0.0
滨州,gfs_seamless,2026-05-11,2,2026-05-13,37.1,21.1,27.3,,39.4,34.6,18.3,47.9,26.8,27.59,0.0,0.0
滨州,gfs_seamless,2026-05-10,3,2026-05-13,35.5,19.6,26.3,,37.5,38.0,16.6,49.3,9.8,27.85,0.0,0.0
滨州,gfs_seamless,2026-05-09,4,2026-05-13,36.6,19.0,26.2,,39.9,38.7,17.0,50.0,0.4,27.92,0.0,0.0
滨州,gfs_seamless,2026-05-08,5,2026-05-13,36.3,14.0,24.4,,41.4,44.3,13.7,37.1,4.1,28.34,0.0,0.0
滨州,gfs_seamless,2026-05-07,6,2026-05-13,38.1,21.7,27.9,,40.4,32.2,19.8,59.4,1.0,27.85,0.0,0.0
滨州,gfs_seamless,2026-05-06,7,2026-05-13,36.5,19.9,27.5,,41.9,44.3,19.5,45.0,23.2,27.69,0.3,0.0
滨州,jma_seamless,2026-05-12,1,2026-05-13,35.7,23.5,28.1,,37.8,37.8,10.4,,,,,
滨州,jma_seamless,2026-05-11,2,2026-05-13,35.4,23.7,28.2,,38.1,40.5,10.4,,,,,
滨州,jma_seamless,2026-05-10,3,2026-05-13,36.4,24.8,28.8,,37.9,33.9,10.7,,,,,
滨州,jma_seamless,2026-05-09,4,2026-05-13,37.5,27.2,31.2,,40.5,35.5,10.8,,,,,
滨州,jma_seamless,2026-05-08,5,2026-05-13,37.8,24.1,29.9,,43.8,41.8,11.9,,,,,
滨州,jma_seamless,2026-05-07,6,2026-05-13,39.8,25.5,31.1,,43.3,31.3,13.5,,,,,
滨州,jma_seamless,2026-05-06,7,2026-05-13,38.2,27.7,30.5,,38.1,24.8,14.1,,,,,
滨州,gfs_seamless,2026-05-13,1,2026-05-14,35.9,22.6,27.3,,38.3,38.2,17.2,51.5,93.0,26.26,0.0,0.0
滨州,gfs_seamless,2026-05-12,2,2026-05-14,37.3,23.4,28.4,,39.3,33.2,15.6,50.0,72.7,27.01,0.0,0.0
滨州,gfs_seamless,2026-05-11,3,2026-05-14,38.1,22.5,29.2,,42.2,36.8,15.3,41.4,30.0,27.75,0.0,0.0
滨州,gfs_seamless,2026-05-10,4,2026-05-14,36.0,22.6,27.1,,37.3,34.1,16.6,43.6,5.8,27.78,0.0,0.0
滨州,gfs_seamless,2026-05-09,5,2026-05-14,38.0,22.9,28.2,,40.4,32.6,17.6,54.7,17.3,28.29,0.0,0.0
滨州,gfs_seamless,2026-05-08,6,2026-05-14,36.8,17.3,26.6,,40.3,38.7,13.2,46.1,30.1,27.86,0.0,0.0
滨州,gfs_seamless,2026-05-07,7,2026-05-14,39.7,23.6,29.9,,43.1,31.2,15.2,47.5,20.3,27.86,0.0,0.0
滨州,jma_seamless,2026-05-13,1,2026-05-14,34.5,23.0,29.1,,39.9,51.0,7.8,,,,,
滨州,jma_seamless,2026-05-12,2,2026-05-14,35.9,24.3,30.1,,43.3,50.9,7.8,,,,,
滨州,jma_seamless,2026-05-11,3,2026-05-14,35.4,24.3,30.4,,43.1,53.4,8.3,,,,,
滨州,jma_seamless,2026-05-10,4,2026-05-14,37.1,26.3,31.0,,40.4,37.4,5.0,,,,,
滨州,jma_seamless,2026-05-09,5,2026-05-14,35.7,21.7,29.3,,42.0,49.2,6.1,,,,,
滨州,jma_seamless,2026-05-08,6,2026-05-14,40.6,23.2,30.9,,53.0,44.9,9.3,,,,,
滨州,jma_seamless,2026-05-07,7,2026-05-14,39.4,24.5,31.2,,45.5,37.6,8.1,,,,,
滨州,gfs_seamless,2026-05-14,1,2026-05-15,33.7,19.3,23.5,,36.6,46.4,21.6,53.3,47.7,27.78,0.0,0.0
滨州,gfs_seamless,2026-05-13,2,2026-05-15,34.2,18.8,23.2,,35.5,39.1,20.7,51.5,34.5,28.13,0.0,0.0
滨州,gfs_seamless,2026-05-12,3,2026-05-15,35.2,19.2,24.5,,36.1,34.7,20.1,50.0,21.3,28.51,0.0,0.0
滨州,gfs_seamless,2026-05-11,4,2026-05-15,36.4,18.4,24.4,,38.7,36.3,20.3,52.2,11.4,28.04,0.0,0.0
滨州,gfs_seamless,2026-05-10,5,2026-05-15,32.7,19.7,23.2,,34.0,43.2,18.6,53.3,13.5,23.66,0.0,0.0
滨州,gfs_seamless,2026-05-09,6,2026-05-15,36.1,20.0,25.7,,37.9,35.8,20.5,51.5,30.8,27.8,0.0,0.0
滨州,gfs_seamless,2026-05-08,7,2026-05-15,32.8,17.3,23.4,,35.1,47.1,21.0,52.2,40.2,28.05,0.0,0.0
滨州,jma_seamless,2026-05-14,1,2026-05-15,30.4,20.6,24.7,,32.9,56.6,12.7,,,,,
滨州,jma_seamless,2026-05-13,2,2026-05-15,30.0,21.5,24.7,,32.2,56.6,13.2,,,,,
滨州,jma_seamless,2026-05-12,3,2026-05-15,32.8,21.3,25.5,,37.2,54.4,13.3,,,,,
滨州,jma_seamless,2026-05-11,4,2026-05-15,31.1,21.8,26.1,,34.3,56.9,12.2,,,,,
滨州,jma_seamless,2026-05-10,5,2026-05-15,32.9,24.1,27.8,,35.9,49.5,10.2,,,,,
滨州,jma_seamless,2026-05-09,6,2026-05-15,33.5,23.9,28.7,,39.2,55.7,11.3,,,,,
滨州,jma_seamless,2026-05-08,7,2026-05-15,32.6,21.3,27.3,,35.4,49.8,10.4,,,,,
滨州,gfs_seamless,2026-05-15,1,2026-05-16,31.9,15.9,20.8,,33.9,48.9,24.9,53.6,88.8,24.48,0.0,0.0
滨州,gfs_seamless,2026-05-14,2,2026-05-16,31.5,16.0,20.9,,33.5,50.3,24.2,52.6,77.8,23.64,0.0,0.0
滨州,gfs_seamless,2026-05-13,3,2026-05-16,32.4,16.0,20.6,,33.1,41.0,23.0,55.1,91.2,26.08,0.0,0.0
滨州,gfs_seamless,2026-05-12,4,2026-05-16,31.7,17.8,20.3,,32.3,42.3,25.3,53.3,89.2,24.22,0.0,0.0
滨州,gfs_seamless,2026-05-11,5,2026-05-16,31.8,17.9,20.7,,34.1,50.3,26.4,53.6,95.8,23.32,0.0,0.0
滨州,gfs_seamless,2026-05-10,6,2026-05-16,31.1,17.8,20.9,,32.5,48.6,24.2,49.7,99.6,25.05,0.0,0.0
滨州,gfs_seamless,2026-05-09,7,2026-05-16,32.2,19.8,21.6,,33.4,44.4,24.6,50.4,95.5,24.83,0.0,0.0
滨州,jma_seamless,2026-05-15,1,2026-05-16,30.1,18.5,22.9,,31.6,52.7,13.3,,,,,
滨州,jma_seamless,2026-05-14,2,2026-05-16,30.0,19.8,23.2,,31.8,54.7,13.6,,,,,
滨州,jma_seamless,2026-05-13,3,2026-05-16,29.6,19.5,23.1,,31.3,55.6,12.3,,,,,
滨州,jma_seamless,2026-05-12,4,2026-05-16,26.8,20.0,22.6,,,60.2,13.6,,,,,
滨州,jma_seamless,2026-05-11,5,2026-05-16,25.3,21.5,23.3,,,61.6,13.9,,,,,
滨州,jma_seamless,2026-05-10,6,2026-05-16,28.2,20.6,23.9,,30.2,63.6,13.3,,,,,
滨州,jma_seamless,2026-05-09,7,2026-05-16,27.5,19.4,23.2,,29.5,67.5,11.3,,,,,
滨州,gfs_seamless,2026-05-16,1,2026-05-17,31.9,20.1,23.2,,34.5,51.4,14.6,45.0,99.8,14.32,0.0,0.0
滨州,gfs_seamless,2026-05-15,2,2026-05-17,32.6,19.0,21.8,,35.1,48.5,16.6,44.3,100.0,15.86,0.0,0.0
滨州,gfs_seamless,2026-05-14,3,2026-05-17,25.9,19.2,21.1,,,62.2,12.4,52.9,100.0,3.92,4.6,0.0
滨州,gfs_seamless,2026-05-13,4,2026-05-17,24.2,18.5,19.8,,,68.7,13.7,51.8,100.0,4.61,5.5,0.0
滨州,gfs_seamless,2026-05-12,5,2026-05-17,30.4,17.3,20.7,,31.9,51.3,15.1,52.2,98.5,15.06,0.0,0.0
滨州,gfs_seamless,2026-05-11,6,2026-05-17,27.3,15.8,19.4,,28.8,63.8,19.5,46.8,100.0,7.41,0.9,0.0
滨州,gfs_seamless,2026-05-10,7,2026-05-17,25.8,18.6,19.9,,,56.8,18.9,45.0,100.0,9.72,0.2,0.0
滨州,jma_seamless,2026-05-16,1,2026-05-17,30.5,21.6,26.4,,32.6,54.0,10.2,,,,,
滨州,jma_seamless,2026-05-15,2,2026-05-17,30.5,20.4,25.0,,32.2,52.2,13.2,,,,,
滨州,jma_seamless,2026-05-14,3,2026-05-17,28.6,19.6,23.8,,29.5,53.2,11.3,,,,,
滨州,jma_seamless,2026-05-13,4,2026-05-17,30.5,19.9,24.0,,32.4,53.1,12.7,,,,,
滨州,jma_seamless,2026-05-12,5,2026-05-17,30.4,21.3,24.2,,32.6,55.1,14.8,,,,,
滨州,jma_seamless,2026-05-11,6,2026-05-17,28.2,21.3,25.1,,30.0,62.3,14.3,,,,,
滨州,jma_seamless,2026-05-10,7,2026-05-17,27.2,20.6,24.8,,29.6,74.6,13.5,,,,,
滨州,gfs_seamless,2026-05-17,1,2026-05-18,22.2,18.7,20.6,,,86.0,12.1,40.3,100.0,1.2,21.4,0.0
滨州,gfs_seamless,2026-05-16,2,2026-05-18,20.9,16.5,18.4,,,89.8,14.5,41.0,100.0,1.47,25.5,0.0
滨州,gfs_seamless,2026-05-15,3,2026-05-18,18.9,16.8,19.1,,,91.3,12.2,36.4,100.0,0.96,24.8,0.0
滨州,gfs_seamless,2026-05-14,4,2026-05-18,21.2,18.8,21.0,,,80.0,8.2,27.0,100.0,1.94,3.9,0.0
滨州,gfs_seamless,2026-05-13,5,2026-05-18,27.2,19.2,23.3,,29.3,70.8,6.8,18.0,100.0,5.92,3.0,0.0
滨州,gfs_seamless,2026-05-12,6,2026-05-18,26.0,16.9,21.1,,,62.1,8.6,22.3,97.8,6.94,0.4,0.0
滨州,gfs_seamless,2026-05-11,7,2026-05-18,22.4,17.0,19.1,,,78.5,10.6,35.6,100.0,1.81,6.2,0.0
滨州,jma_seamless,2026-05-17,1,2026-05-18,25.8,20.0,24.7,,,77.5,7.0,,,,,
滨州,jma_seamless,2026-05-16,2,2026-05-18,25.6,19.4,23.6,,,83.4,10.1,,,,,
滨州,jma_seamless,2026-05-15,3,2026-05-18,26.5,20.2,25.2,,,72.4,9.0,,,,,
滨州,jma_seamless,2026-05-14,4,2026-05-18,23.1,19.8,23.1,,,81.4,6.9,,,,,
滨州,jma_seamless,2026-05-13,5,2026-05-18,24.8,19.9,23.3,,,71.0,7.7,,,,,
滨州,jma_seamless,2026-05-12,6,2026-05-18,25.7,21.4,24.9,,,72.2,9.0,,,,,
滨州,jma_seamless,2026-05-11,7,2026-05-18,26.6,19.6,27.2,,,90.9,8.4,,,,,
滨州,gfs_seamless,2026-05-18,1,2026-05-19,21.8,17.2,19.0,,,84.6,16.2,31.0,100.0,10.35,0.0,0.0
滨州,gfs_seamless,2026-05-17,2,2026-05-19,22.5,17.7,19.2,,,82.5,16.5,32.8,100.0,10.65,0.6,0.0
滨州,gfs_seamless,2026-05-16,3,2026-05-19,23.1,16.5,17.7,,,77.7,17.7,40.3,100.0,11.21,0.0,0.0
滨州,gfs_seamless,2026-05-15,4,2026-05-19,23.9,17.5,19.7,,,76.9,15.9,37.8,97.7,20.1,0.1,0.0
滨州,gfs_seamless,2026-05-14,5,2026-05-19,27.7,16.6,19.6,,30.8,75.9,16.9,50.0,99.2,13.18,0.2,0.0
滨州,gfs_seamless,2026-05-13,6,2026-05-19,26.4,16.4,19.9,,,81.2,13.4,33.1,87.9,8.3,0.0,0.0
滨州,gfs_seamless,2026-05-12,7,2026-05-19,30.6,18.5,23.3,,33.4,57.2,11.8,30.6,97.0,24.3,0.3,0.0
滨州,jma_seamless,2026-05-18,1,2026-05-19,23.9,19.2,22.0,,,81.2,9.6,,,,,
滨州,jma_seamless,2026-05-17,2,2026-05-19,26.4,19.7,23.7,,,80.9,9.7,,,,,
滨州,jma_seamless,2026-05-16,3,2026-05-19,24.7,19.9,23.7,,,81.0,9.2,,,,,
滨州,jma_seamless,2026-05-15,4,2026-05-19,30.4,17.9,23.9,,36.7,72.3,8.7,,,,,
滨州,jma_seamless,2026-05-14,5,2026-05-19,27.8,19.6,24.6,,30.6,72.5,8.4,,,,,
滨州,jma_seamless,2026-05-13,6,2026-05-19,25.9,19.9,21.7,,,57.0,8.7,,,,,
滨州,jma_seamless,2026-05-12,7,2026-05-19,24.1,18.7,22.7,,,80.4,11.6,,,,,
滨州,ecmwf_ifs025,2026-05-19,1,2026-05-20,18.2,14.5,16.9,,,88.0,14.8,,80.1,8.88,1.8,
滨州,ecmwf_ifs025,2026-05-18,2,2026-05-20,21.7,14.8,19.3,,,80.7,13.3,,62.1,13.15,0.6,
滨州,ecmwf_ifs025,2026-05-17,3,2026-05-20,23.5,17.0,19.1,,,82.0,15.9,,70.8,13.49,5.1,
滨州,ecmwf_ifs025,2026-05-16,4,2026-05-20,20.0,14.5,16.6,,,83.0,15.8,,85.5,8.89,9.9,
滨州,ecmwf_ifs025,2026-05-15,5,2026-05-20,22.6,14.9,18.7,,,83.2,13.4,,63.5,10.73,2.1,
滨州,ecmwf_ifs025,2026-05-14,6,2026-05-20,22.7,17.0,19.8,,,79.8,12.1,,78.9,11.31,0.6,
滨州,ecmwf_ifs025,2026-05-13,7,2026-05-20,21.4,17.6,19.3,,,79.5,13.0,,66.9,14.39,0.0,
滨州,gfs_seamless,2026-05-19,1,2026-05-20,18.8,14.0,15.0,,,87.5,21.1,54.0,92.5,3.38,9.0,0.0
滨州,gfs_seamless,2026-05-18,2,2026-05-20,19.5,14.4,16.1,,,79.2,17.4,39.6,75.2,6.12,0.0,0.0
滨州,gfs_seamless,2026-05-17,3,2026-05-20,24.6,16.5,18.5,,,62.1,14.5,36.7,76.8,17.31,0.0,0.0
滨州,gfs_seamless,2026-05-16,4,2026-05-20,21.0,15.4,16.9,,,73.6,12.9,34.2,74.4,4.77,0.0,0.0
滨州,gfs_seamless,2026-05-15,5,2026-05-20,25.0,16.5,19.7,,,68.5,14.5,38.5,97.9,8.47,0.0,0.0
滨州,gfs_seamless,2026-05-14,6,2026-05-20,25.0,16.5,19.1,,,75.0,16.7,37.4,93.5,13.69,0.0,0.0
滨州,gfs_seamless,2026-05-13,7,2026-05-20,24.5,16.7,19.8,,,73.0,17.0,40.7,67.0,18.95,0.8,0.0
滨州,jma_seamless,2026-05-19,1,2026-05-20,20.0,17.1,19.4,,,81.5,11.0,,80.3,,1.2,0.0
滨州,jma_seamless,2026-05-18,2,2026-05-20,23.7,17.4,20.8,,,74.6,10.6,,74.3,,0.0,0.0
滨州,jma_seamless,2026-05-17,3,2026-05-20,23.2,17.9,20.0,,,74.0,10.3,,85.6,,0.0,0.0
滨州,jma_seamless,2026-05-16,4,2026-05-20,20.6,17.1,18.3,,,83.8,12.1,,89.7,,20.7,0.0
滨州,jma_seamless,2026-05-15,5,2026-05-20,21.5,17.7,19.1,,,77.7,12.1,,79.4,,5.4,0.0
滨州,jma_seamless,2026-05-14,6,2026-05-20,20.8,16.8,19.7,,,71.0,9.0,,83.0,,0.6,0.0
滨州,jma_seamless,2026-05-13,7,2026-05-20,21.0,14.7,17.7,,,85.2,10.0,,96.4,,25.5,0.0
滨州,ecmwf_ifs025,2026-05-20,1,2026-05-21,24.9,12.9,20.6,,,78.8,6.1,,36.9,25.86,0.0,
滨州,ecmwf_ifs025,2026-05-19,2,2026-05-21,25.9,12.9,21.1,,,76.2,5.1,,44.3,24.96,0.0,
滨州,ecmwf_ifs025,2026-05-18,3,2026-05-21,25.7,14.0,19.9,,,75.8,9.5,,52.5,21.22,0.0,
滨州,ecmwf_ifs025,2026-05-17,4,2026-05-21,25.2,13.0,20.1,,,74.6,9.1,,14.7,26.22,0.0,
滨州,ecmwf_ifs025,2026-05-16,5,2026-05-21,25.1,13.7,19.3,,,70.5,7.4,,49.4,23.71,0.0,
滨州,ecmwf_ifs025,2026-05-15,6,2026-05-21,26.5,16.1,20.9,,,70.6,10.9,,41.0,25.07,0.0,
滨州,ecmwf_ifs025,2026-05-14,7,2026-05-21,27.1,17.9,22.8,,28.6,64.7,10.2,,15.6,23.29,0.0,
滨州,gfs_seamless,2026-05-20,1,2026-05-21,27.4,12.7,19.8,,29.0,64.7,10.3,42.8,73.4,25.8,0.0,0.0
滨州,gfs_seamless,2026-05-19,2,2026-05-21,27.1,13.0,20.2,,28.6,64.9,7.7,33.8,49.9,26.97,0.0,0.0
滨州,gfs_seamless,2026-05-18,3,2026-05-21,26.7,14.8,19.5,,,62.0,15.7,49.0,49.9,27.39,0.0,0.0
滨州,gfs_seamless,2026-05-17,4,2026-05-21,27.1,15.3,19.8,,28.4,62.5,16.1,38.9,74.4,21.57,0.0,0.0
滨州,gfs_seamless,2026-05-16,5,2026-05-21,25.7,15.7,20.5,,,70.4,13.4,44.3,55.3,21.18,0.0,0.0
滨州,gfs_seamless,2026-05-15,6,2026-05-21,29.9,16.1,22.9,,34.0,66.5,12.9,28.4,84.8,20.57,0.0,0.0
滨州,gfs_seamless,2026-05-14,7,2026-05-21,26.6,14.4,18.8,,,70.5,10.6,26.3,54.1,18.54,0.3,0.0
滨州,jma_seamless,2026-05-20,1,2026-05-21,26.8,16.6,21.7,,,61.4,4.5,,40.3,,0.0,0.0
滨州,jma_seamless,2026-05-19,2,2026-05-21,27.6,17.1,22.1,,29.0,60.8,6.1,,33.3,,0.0,0.0
滨州,jma_seamless,2026-05-18,3,2026-05-21,24.1,17.8,21.3,,,72.2,6.5,,54.0,,0.0,0.0
滨州,jma_seamless,2026-05-17,4,2026-05-21,22.9,16.7,20.1,,,75.1,7.2,,65.4,,0.0,0.0
滨州,jma_seamless,2026-05-16,5,2026-05-21,23.0,16.2,19.4,,,68.8,6.5,,39.2,,0.0,0.0
滨州,jma_seamless,2026-05-15,6,2026-05-21,21.8,15.8,18.8,,,71.8,8.0,,61.0,,0.0,0.0
滨州,jma_seamless,2026-05-14,7,2026-05-21,27.7,15.8,20.3,,29.8,67.6,6.0,,36.0,,3.6,0.0
滨州,ecmwf_ifs025,2026-05-21,1,2026-05-22,25.0,17.5,21.7,,,81.1,11.6,,79.1,11.67,12.3,
滨州,ecmwf_ifs025,2026-05-20,2,2026-05-22,26.2,17.3,21.7,,,75.0,10.1,,98.0,12.97,3.6,
滨州,ecmwf_ifs025,2026-05-19,3,2026-05-22,25.0,16.7,20.9,,,76.3,10.7,,81.2,12.35,0.6,
滨州,ecmwf_ifs025,2026-05-18,4,2026-05-22,25.3,18.0,23.1,,,82.8,9.0,,80.4,9.94,1.8,
滨州,ecmwf_ifs025,2026-05-17,5,2026-05-22,24.6,17.0,22.0,,,73.3,8.3,,86.9,16.44,0.0,
滨州,ecmwf_ifs025,2026-05-16,6,2026-05-22,25.0,14.8,20.8,,,73.8,7.1,,76.4,18.72,0.0,
滨州,ecmwf_ifs025,2026-05-15,7,2026-05-22,25.9,18.2,23.1,,,76.0,7.2,,76.8,17.21,0.0,
滨州,gfs_seamless,2026-05-21,1,2026-05-22,29.8,18.3,21.5,,34.1,68.0,15.4,44.3,92.2,12.3,19.7,0.0
滨州,gfs_seamless,2026-05-20,2,2026-05-22,30.2,18.3,21.5,,34.7,66.8,14.4,35.6,99.0,16.6,12.8,0.0
滨州,gfs_seamless,2026-05-19,3,2026-05-22,27.5,18.4,20.3,,30.3,74.8,12.1,44.3,96.7,9.48,7.8,0.0
滨州,gfs_seamless,2026-05-18,4,2026-05-22,25.6,15.0,19.9,,,71.2,12.5,33.1,79.1,6.94,8.0,0.0
滨州,gfs_seamless,2026-05-17,5,2026-05-22,27.6,17.4,22.3,,28.9,60.6,12.1,37.8,70.5,24.22,0.6,0.0
滨州,gfs_seamless,2026-05-16,6,2026-05-22,23.4,19.1,21.2,,,79.4,11.3,32.8,83.8,3.09,3.3,0.0
滨州,gfs_seamless,2026-05-15,7,2026-05-22,30.3,18.9,26.5,,36.1,71.2,5.7,27.7,63.4,22.61,0.0,0.0
滨州,jma_seamless,2026-05-21,1,2026-05-22,30.2,19.1,24.2,,34.0,63.5,9.1,,76.4,,2.4,0.0
滨州,jma_seamless,2026-05-20,2,2026-05-22,30.5,20.1,24.6,,34.4,62.4,8.0,,58.3,,2.7,0.0
滨州,jma_seamless,2026-05-19,3,2026-05-22,26.3,19.9,23.7,,,71.7,6.5,,96.5,,41.4,0.0
滨州,jma_seamless,2026-05-18,4,2026-05-22,26.9,19.4,25.6,,,78.0,6.8,,81.5,,3.9,0.0
滨州,jma_seamless,2026-05-17,5,2026-05-22,28.2,18.7,24.4,,30.8,68.3,6.9,,73.5,,0.0,0.0
滨州,jma_seamless,2026-05-16,6,2026-05-22,27.8,18.7,23.7,,29.7,64.7,7.7,,68.2,,0.0,0.0
滨州,jma_seamless,2026-05-15,7,2026-05-22,25.8,17.3,23.0,,,69.7,5.1,,97.6,,0.0,0.0
滨州,ecmwf_ifs025,2026-05-22,1,2026-05-23,27.8,17.6,24.4,,31.3,77.9,6.9,,63.5,23.98,0.0,
滨州,ecmwf_ifs025,2026-05-21,2,2026-05-23,29.1,18.4,26.1,,34.5,77.5,6.9,,87.0,22.58,0.0,
滨州,ecmwf_ifs025,2026-05-20,3,2026-05-23,28.8,17.5,25.8,,33.6,76.9,6.9,,64.2,23.76,0.0,
滨州,ecmwf_ifs025,2026-05-19,4,2026-05-23,28.9,16.9,25.0,,33.7,76.1,6.1,,65.1,22.22,0.0,
滨州,ecmwf_ifs025,2026-05-18,5,2026-05-23,29.6,17.3,26.4,,35.5,76.1,6.2,,40.4,26.58,0.0,
滨州,ecmwf_ifs025,2026-05-17,6,2026-05-23,28.5,16.4,24.1,,32.3,74.1,6.2,,36.3,24.7,0.0,
滨州,ecmwf_ifs025,2026-05-16,7,2026-05-23,26.9,17.5,24.1,,,77.0,5.5,,26.3,26.15,0.3,
滨州,gfs_seamless,2026-05-22,1,2026-05-23,31.1,18.9,25.7,,37.5,68.8,8.7,40.0,73.5,21.48,0.0,0.0
滨州,gfs_seamless,2026-05-21,2,2026-05-23,30.1,18.7,25.2,,33.9,63.9,8.7,35.3,77.0,25.82,0.0,0.0
滨州,gfs_seamless,2026-05-20,3,2026-05-23,29.4,17.7,24.9,,32.9,66.6,10.3,27.7,75.8,22.27,0.0,0.0
滨州,gfs_seamless,2026-05-19,4,2026-05-23,31.7,17.4,26.1,,37.1,62.6,9.9,27.4,35.2,27.96,0.0,0.0
滨州,gfs_seamless,2026-05-18,5,2026-05-23,31.0,19.3,26.4,,34.9,60.2,10.4,45.0,7.9,28.76,0.0,0.0
滨州,gfs_seamless,2026-05-17,6,2026-05-23,32.8,18.3,26.1,,37.7,56.1,10.4,33.8,8.4,28.45,0.0,0.0
滨州,gfs_seamless,2026-05-16,7,2026-05-23,32.2,17.6,25.6,,37.1,58.5,10.7,33.1,11.1,28.76,0.0,0.0
滨州,jma_seamless,2026-05-22,1,2026-05-23,29.4,18.4,25.1,,32.9,66.4,3.9,,62.7,,0.6,0.0
滨州,jma_seamless,2026-05-21,2,2026-05-23,29.2,19.2,25.2,,31.7,62.1,4.3,,37.7,,2.1,0.0
滨州,jma_seamless,2026-05-20,3,2026-05-23,29.9,20.5,27.6,,35.3,72.2,4.5,,52.0,,8.4,0.0
滨州,jma_seamless,2026-05-19,4,2026-05-23,25.2,20.3,25.7,,,79.4,2.9,,57.2,,0.3,0.0
滨州,jma_seamless,2026-05-18,5,2026-05-23,30.9,19.3,26.8,,38.0,72.1,2.8,,44.3,,0.0,0.0
滨州,jma_seamless,2026-05-17,6,2026-05-23,31.5,22.0,27.8,,35.1,56.7,5.8,,30.5,,0.0,0.0
滨州,jma_seamless,2026-05-16,7,2026-05-23,27.5,20.4,26.4,,29.8,71.0,4.5,,50.7,,0.6,0.0
滨州,ecmwf_ifs025,2026-05-23,1,2026-05-24,27.6,18.7,24.3,,30.5,75.0,13.0,,63.1,25.94,0.0,
滨州,ecmwf_ifs025,2026-05-22,2,2026-05-24,28.3,18.5,25.0,,32.0,75.1,13.3,,32.4,27.06,0.0,
滨州,ecmwf_ifs025,2026-05-21,3,2026-05-24,26.7,19.3,24.0,,,78.5,12.3,,84.1,19.4,0.0,
滨州,ecmwf_ifs025,2026-05-20,4,2026-05-24,28.9,18.8,24.6,,33.3,74.0,11.0,,89.4,23.19,0.0,
滨州,ecmwf_ifs025,2026-05-19,5,2026-05-24,27.2,19.1,24.3,,29.7,75.4,10.9,,97.2,19.34,0.0,
滨州,ecmwf_ifs025,2026-05-18,6,2026-05-24,25.2,18.6,23.3,,,80.9,10.3,,97.1,14.62,1.5,
滨州,ecmwf_ifs025,2026-05-17,7,2026-05-24,24.2,19.4,22.7,,,79.2,8.4,,93.7,12.09,0.3,
滨州,gfs_seamless,2026-05-23,1,2026-05-24,31.3,19.8,24.3,,34.8,57.3,20.0,42.5,52.4,28.75,0.0,0.0
滨州,gfs_seamless,2026-05-22,2,2026-05-24,31.7,20.9,24.9,,35.8,57.9,18.9,43.6,82.2,23.65,0.0,0.0
滨州,gfs_seamless,2026-05-21,3,2026-05-24,31.3,21.6,25.1,,35.7,60.8,18.1,41.0,83.2,22.24,0.0,0.0
滨州,gfs_seamless,2026-05-20,4,2026-05-24,33.7,20.7,26.3,,38.8,53.3,17.1,43.6,63.1,28.23,0.0,0.0
滨州,gfs_seamless,2026-05-19,5,2026-05-24,33.9,21.0,26.5,,41.8,59.7,18.8,42.1,78.9,22.9,0.0,0.0
滨州,gfs_seamless,2026-05-18,6,2026-05-24,35.3,22.2,26.8,,41.5,50.2,17.4,46.1,77.5,27.56,0.0,0.0
滨州,gfs_seamless,2026-05-17,7,2026-05-24,35.8,21.3,26.5,,38.1,38.0,17.2,43.9,44.0,27.74,0.0,0.0
滨州,jma_seamless,2026-05-23,1,2026-05-24,30.6,21.7,25.6,,34.1,60.3,10.8,,35.4,,0.0,0.0
滨州,jma_seamless,2026-05-22,2,2026-05-24,30.1,21.3,25.8,,34.2,65.4,11.5,,34.3,,0.0,0.0
滨州,jma_seamless,2026-05-21,3,2026-05-24,29.0,22.4,26.8,,32.6,69.4,10.3,,80.8,,0.0,0.0
滨州,jma_seamless,2026-05-20,4,2026-05-24,32.6,22.9,28.8,,40.7,66.1,9.8,,67.4,,0.0,0.0
滨州,jma_seamless,2026-05-19,5,2026-05-24,33.1,21.5,27.7,,39.8,60.2,7.0,,53.5,,0.0,0.0
滨州,jma_seamless,2026-05-18,6,2026-05-24,34.9,23.2,28.8,,40.2,49.3,8.6,,72.1,,0.0,0.0
滨州,jma_seamless,2026-05-17,7,2026-05-24,33.4,21.9,28.0,,40.0,58.4,8.2,,48.1,,0.0,0.0
滨州,ecmwf_ifs025,2026-05-24,1,2026-05-25,21.9,17.8,20.5,,,88.7,17.2,,99.3,7.35,17.1,
滨州,ecmwf_ifs025,2026-05-23,2,2026-05-25,22.9,18.3,20.9,,,89.2,18.7,,96.6,6.83,13.5,
滨州,ecmwf_ifs025,2026-05-22,3,2026-05-25,22.3,17.6,20.9,,,90.0,16.4,,77.6,8.5,15.9,
滨州,ecmwf_ifs025,2026-05-21,4,2026-05-25,23.5,17.1,20.8,,,80.5,14.6,,93.1,9.87,0.3,
滨州,ecmwf_ifs025,2026-05-20,5,2026-05-25,22.9,17.5,19.6,,,82.7,16.4,,85.5,11.01,9.0,
滨州,ecmwf_ifs025,2026-05-19,6,2026-05-25,22.7,18.8,20.8,,,80.8,12.0,,90.0,12.22,3.6,
滨州,ecmwf_ifs025,2026-05-18,7,2026-05-25,24.5,18.5,22.5,,,82.0,9.0,,65.7,14.26,0.0,
滨州,gfs_seamless,2026-05-24,1,2026-05-25,23.9,17.5,19.9,,,84.4,20.3,43.6,100.0,6.35,20.0,0.0
滨州,gfs_seamless,2026-05-23,2,2026-05-25,25.6,18.3,20.3,,,83.0,18.7,45.4,89.4,6.17,11.5,0.0
滨州,gfs_seamless,2026-05-22,3,2026-05-25,27.3,17.4,20.0,,30.3,79.2,19.0,49.7,77.5,12.56,7.8,0.0
滨州,gfs_seamless,2026-05-21,4,2026-05-25,30.0,19.0,23.3,,33.2,61.7,17.8,36.0,72.9,24.77,0.0,0.0
滨州,gfs_seamless,2026-05-20,5,2026-05-25,26.4,17.6,22.3,,,75.2,16.5,32.4,72.8,15.64,0.3,0.0
滨州,gfs_seamless,2026-05-19,6,2026-05-25,27.6,17.6,20.7,,30.4,73.9,18.5,46.1,93.4,5.59,0.9,0.0
滨州,gfs_seamless,2026-05-18,7,2026-05-25,27.3,17.9,21.9,,29.0,65.9,13.2,56.2,96.2,7.39,0.2,0.0
滨州,jma_seamless,2026-05-24,1,2026-05-25,26.5,18.1,23.1,,,79.6,12.0,,94.1,,6.3,0.0
滨州,jma_seamless,2026-05-23,2,2026-05-25,26.9,20.4,24.4,,,81.6,13.7,,95.6,,11.7,0.0
滨州,jma_seamless,2026-05-22,3,2026-05-25,26.9,20.7,25.2,,,82.5,11.0,,92.5,,9.3,0.0
滨州,jma_seamless,2026-05-21,4,2026-05-25,24.5,18.5,23.1,,,81.1,12.1,,96.3,,5.1,0.0
滨州,jma_seamless,2026-05-20,5,2026-05-25,27.7,18.4,24.3,,31.0,77.6,13.4,,70.8,,17.1,0.0
滨州,jma_seamless,2026-05-19,6,2026-05-25,27.7,22.0,26.6,,29.6,65.3,9.1,,88.8,,0.3,0.0
滨州,jma_seamless,2026-05-18,7,2026-05-25,29.2,17.9,24.5,,32.4,65.9,11.3,,82.9,,30.0,0.0
滨州,ecmwf_ifs025,2026-05-25,1,2026-05-26,19.9,17.0,17.8,,,89.8,16.8,,99.7,5.67,1.8,
滨州,ecmwf_ifs025,2026-05-24,2,2026-05-26,21.3,16.6,18.1,,,86.6,18.1,,97.3,10.74,2.7,
滨州,ecmwf_ifs025,2026-05-23,3,2026-05-26,21.0,16.7,17.7,,,80.1,19.8,,99.4,9.42,2.7,
滨州,ecmwf_ifs025,2026-05-22,4,2026-05-26,21.2,17.6,18.6,,,77.6,14.7,,88.6,9.28,6.6,
滨州,ecmwf_ifs025,2026-05-21,5,2026-05-26,23.5,16.4,20.1,,,80.0,13.2,,92.8,14.71,8.1,
滨州,ecmwf_ifs025,2026-05-20,6,2026-05-26,26.1,16.1,20.8,,,76.0,14.1,,42.8,24.17,3.9,
滨州,ecmwf_ifs025,2026-05-19,7,2026-05-26,27.4,15.9,21.4,,29.8,72.4,9.4,,32.2,26.35,0.0,
滨州,gfs_seamless,2026-05-25,1,2026-05-26,19.9,16.3,17.0,,,89.1,19.2,48.6,100.0,6.51,0.3,0.0
滨州,gfs_seamless,2026-05-24,2,2026-05-26,22.6,17.2,18.2,,,84.0,17.7,49.0,98.9,7.03,0.9,0.0
滨州,gfs_seamless,2026-05-23,3,2026-05-26,20.7,16.9,18.3,,,81.4,13.7,49.3,96.4,4.34,1.5,0.0
滨州,gfs_seamless,2026-05-22,4,2026-05-26,26.1,16.7,19.4,,,73.2,12.4,38.9,75.1,9.23,0.0,0.0
滨州,gfs_seamless,2026-05-21,5,2026-05-26,28.9,17.7,21.9,,31.1,61.7,11.5,23.0,78.9,16.42,0.0,0.0
滨州,gfs_seamless,2026-05-20,6,2026-05-26,30.0,16.9,23.8,,33.2,62.0,8.7,20.2,68.4,26.44,0.0,0.0
滨州,gfs_seamless,2026-05-19,7,2026-05-26,26.1,17.0,21.8,,,67.3,13.5,52.2,95.9,16.5,0.0,0.0
滨州,jma_seamless,2026-05-25,1,2026-05-26,18.8,17.1,18.3,,,90.9,13.3,,96.9,,34.5,0.0
滨州,jma_seamless,2026-05-24,2,2026-05-26,23.1,17.3,20.9,,,90.3,12.1,,94.4,,30.0,0.0
滨州,jma_seamless,2026-05-23,3,2026-05-26,21.1,18.1,19.9,,,88.2,13.8,,83.8,,21.6,0.0
滨州,jma_seamless,2026-05-22,4,2026-05-26,20.4,18.1,19.6,,,85.2,12.4,,89.4,,6.9,0.0
滨州,jma_seamless,2026-05-21,5,2026-05-26,21.9,17.5,20.0,,,77.2,12.2,,64.2,,15.9,0.0
滨州,jma_seamless,2026-05-20,6,2026-05-26,23.7,17.5,20.5,,,80.5,11.4,,75.1,,9.3,0.0
滨州,jma_seamless,2026-05-19,7,2026-05-26,25.0,17.1,23.3,,,87.9,9.6,,99.7,,29.4,0.0
滨州,ecmwf_ifs025,2026-05-26,1,2026-05-27,26.9,17.2,22.4,,,77.0,8.9,,71.6,18.8,0.3,
滨州,ecmwf_ifs025,2026-05-25,2,2026-05-27,25.0,16.8,21.2,,,81.5,9.2,,68.8,17.29,3.9,
滨州,ecmwf_ifs025,2026-05-24,3,2026-05-27,27.0,17.8,23.4,,28.7,68.4,7.7,,22.9,25.49,0.0,
滨州,ecmwf_ifs025,2026-05-23,4,2026-05-27,28.3,16.2,23.5,,31.0,68.1,8.4,,24.2,24.12,0.0,
滨州,ecmwf_ifs025,2026-05-22,5,2026-05-27,26.1,17.9,23.5,,,68.2,5.1,,72.2,19.6,0.0,
滨州,ecmwf_ifs025,2026-05-21,6,2026-05-27,26.7,15.1,21.9,,,78.2,8.9,,72.5,13.73,0.0,
滨州,ecmwf_ifs025,2026-05-20,7,2026-05-27,28.4,14.9,23.1,,30.8,65.5,4.0,,83.0,23.3,0.0,
滨州,gfs_seamless,2026-05-26,1,2026-05-27,27.0,16.8,22.2,,29.3,75.5,11.1,30.6,85.2,19.56,1.7,0.0
滨州,gfs_seamless,2026-05-25,2,2026-05-27,22.6,17.0,20.3,,,88.5,9.7,38.9,87.6,6.31,0.1,0.0
滨州,gfs_seamless,2026-05-24,3,2026-05-27,25.2,17.4,21.7,,,70.2,8.3,32.0,67.3,6.99,0.0,0.0
滨州,gfs_seamless,2026-05-23,4,2026-05-27,24.5,16.2,21.9,,,72.6,8.4,20.9,75.4,7.41,0.0,0.0
滨州,gfs_seamless,2026-05-22,5,2026-05-27,28.1,19.3,24.3,,29.6,60.0,8.3,22.3,73.7,24.71,0.0,0.0
滨州,gfs_seamless,2026-05-21,6,2026-05-27,31.8,20.0,24.6,,33.2,46.5,9.9,54.4,66.0,20.94,0.0,0.0
滨州,gfs_seamless,2026-05-20,7,2026-05-27,28.3,18.2,17.2,,27.3,30.4,28.2,63.4,27.3,29.98,0.0,0.0
滨州,jma_seamless,2026-05-26,1,2026-05-27,27.1,17.7,23.4,,29.2,72.2,7.0,,63.9,,1.2,0.0
滨州,jma_seamless,2026-05-25,2,2026-05-27,22.7,17.7,22.2,,,87.2,6.8,,81.7,,5.7,0.0
滨州,jma_seamless,2026-05-24,3,2026-05-27,28.5,17.9,24.3,,32.3,73.8,6.4,,31.4,,0.3,0.0
滨州,jma_seamless,2026-05-23,4,2026-05-27,31.1,18.8,25.4,,35.2,60.5,7.6,,24.6,,0.0,0.0
滨州,jma_seamless,2026-05-22,5,2026-05-27,26.8,18.3,24.3,,,69.9,5.2,,49.7,,0.6,0.0
滨州,jma_seamless,2026-05-21,6,2026-05-27,30.0,16.5,24.6,,33.1,61.3,3.7,,38.8,,0.0,0.0
滨州,jma_seamless,2026-05-20,7,2026-05-27,27.6,18.6,23.1,,28.2,51.8,10.4,,48.3,,0.0,0.0
滨州,ecmwf_ifs025,2026-05-27,1,2026-05-28,26.7,17.8,22.3,,,65.7,11.8,,12.5,27.14,0.0,
滨州,ecmwf_ifs025,2026-05-26,2,2026-05-28,27.3,17.9,22.6,,29.0,65.7,11.9,,21.0,27.28,0.0,
滨州,ecmwf_ifs025,2026-05-25,3,2026-05-28,27.0,18.1,22.6,,28.5,65.7,13.1,,6.3,27.43,0.0,
滨州,ecmwf_ifs025,2026-05-24,4,2026-05-28,28.2,18.5,22.4,,29.3,55.7,15.2,,23.3,27.62,0.0,
滨州,ecmwf_ifs025,2026-05-23,5,2026-05-28,27.1,19.4,22.0,,27.7,52.3,13.9,,26.2,27.99,0.0,
滨州,ecmwf_ifs025,2026-05-22,6,2026-05-28,25.7,19.0,21.7,,,62.8,13.6,,27.2,27.12,0.0,
滨州,ecmwf_ifs025,2026-05-21,7,2026-05-28,27.4,19.4,21.5,,28.0,52.5,12.3,,10.2,27.98,0.0,
滨州,gfs_seamless,2026-05-27,1,2026-05-28,29.1,18.7,22.3,,29.1,43.6,16.9,51.1,30.6,29.3,0.0,0.0
滨州,gfs_seamless,2026-05-26,2,2026-05-28,28.5,17.8,22.2,,29.3,52.5,16.5,51.1,27.2,28.67,0.0,0.0
滨州,gfs_seamless,2026-05-25,3,2026-05-28,29.2,19.8,22.8,,29.2,44.0,17.6,53.6,25.6,29.31,0.0,0.0
滨州,gfs_seamless,2026-05-24,4,2026-05-28,30.7,19.6,23.5,,31.1,43.8,18.0,53.3,27.5,29.45,0.0,0.0
滨州,gfs_seamless,2026-05-23,5,2026-05-28,29.2,18.6,22.4,,29.7,47.9,18.2,43.6,23.0,29.52,0.0,0.0
滨州,gfs_seamless,2026-05-22,6,2026-05-28,30.6,19.4,23.2,,31.0,44.2,19.1,55.4,26.0,28.67,0.0,0.0
滨州,gfs_seamless,2026-05-21,7,2026-05-28,31.2,13.9,19.4,,31.7,43.5,16.7,54.0,51.1,23.37,0.0,0.0
滨州,jma_seamless,2026-05-27,1,2026-05-28,30.9,21.6,24.5,,31.2,42.8,7.6,,16.7,,0.0,0.0
滨州,jma_seamless,2026-05-26,2,2026-05-28,31.2,20.4,25.0,,32.6,48.0,6.8,,12.9,,0.0,0.0
滨州,jma_seamless,2026-05-25,3,2026-05-28,30.7,19.6,24.8,,32.5,52.0,7.9,,12.0,,0.0,0.0
滨州,jma_seamless,2026-05-24,4,2026-05-28,32.5,22.4,25.6,,34.1,45.2,8.0,,12.8,,0.0,0.0
滨州,jma_seamless,2026-05-23,5,2026-05-28,33.1,23.6,26.6,,35.1,45.0,8.2,,23.5,,0.0,0.0
滨州,jma_seamless,2026-05-22,6,2026-05-28,30.0,23.8,24.3,,28.9,32.4,11.2,,20.5,,0.0,0.0
滨州,jma_seamless,2026-05-21,7,2026-05-28,29.8,23.1,23.3,,28.5,29.3,12.8,,1.1,,0.0,0.0
滨州,ecmwf_ifs025,2026-05-28,1,2026-05-29,28.8,15.0,22.9,,30.7,59.8,9.7,,22.2,27.2,0.0,
滨州,ecmwf_ifs025,2026-05-27,2,2026-05-29,29.2,14.9,23.4,,31.9,63.1,8.4,,24.6,26.54,0.0,
滨州,ecmwf_ifs025,2026-05-26,3,2026-05-29,29.2,15.2,23.2,,31.8,62.8,8.4,,8.0,27.16,0.0,
滨州,ecmwf_ifs025,2026-05-25,4,2026-05-29,30.3,15.7,24.4,,34.3,64.1,8.0,,20.3,27.23,0.0,
滨州,ecmwf_ifs025,2026-05-24,5,2026-05-29,31.1,18.2,24.8,,34.4,57.4,9.8,,18.6,27.48,0.0,
滨州,ecmwf_ifs025,2026-05-23,6,2026-05-29,30.6,17.9,23.9,,34.0,59.8,7.4,,0.8,27.61,0.0,
滨州,ecmwf_ifs025,2026-05-22,7,2026-05-29,30.2,18.7,22.8,,32.2,54.9,13.8,,3.4,27.89,0.0,
滨州,gfs_seamless,2026-05-28,1,2026-05-29,32.7,19.6,24.8,,31.8,31.4,11.0,24.8,59.9,28.06,0.0,0.0
滨州,gfs_seamless,2026-05-27,2,2026-05-29,32.5,19.0,24.5,,31.9,33.8,11.3,22.7,12.5,29.65,0.0,0.0
滨州,gfs_seamless,2026-05-26,3,2026-05-29,32.4,19.7,24.7,,31.8,33.7,11.3,23.8,15.9,29.57,0.0,0.0
滨州,gfs_seamless,2026-05-25,4,2026-05-29,33.3,20.9,24.9,,32.3,29.2,11.6,25.2,32.5,29.57,0.0,0.0
滨州,gfs_seamless,2026-05-24,5,2026-05-29,33.9,19.3,24.7,,33.0,29.2,11.9,34.9,8.5,30.32,0.0,0.0
滨州,gfs_seamless,2026-05-23,6,2026-05-29,34.5,18.7,23.4,,33.8,29.0,15.7,45.7,6.7,29.96,0.0,0.0
滨州,gfs_seamless,2026-05-22,7,2026-05-29,31.4,19.9,23.1,,30.0,28.0,13.7,42.1,24.3,29.88,0.0,0.0
滨州,jma_seamless,2026-05-28,1,2026-05-29,33.4,20.9,25.4,,33.7,36.5,7.0,,18.3,,0.0,0.0
滨州,jma_seamless,2026-05-27,2,2026-05-29,33.3,19.7,25.6,,34.1,39.3,4.9,,18.4,,0.0,0.0
滨州,jma_seamless,2026-05-26,3,2026-05-29,33.1,21.1,25.5,,33.4,37.2,4.4,,5.8,,0.0,0.0
滨州,jma_seamless,2026-05-25,4,2026-05-29,33.9,21.3,25.3,,33.9,34.2,5.4,,16.4,,0.0,0.0
滨州,jma_seamless,2026-05-24,5,2026-05-29,32.3,22.5,24.8,,31.8,34.6,6.2,,15.0,,0.0,0.0
滨州,jma_seamless,2026-05-23,6,2026-05-29,34.0,22.5,25.1,,33.7,32.1,4.8,,3.5,,0.0,0.0
滨州,jma_seamless,2026-05-22,7,2026-05-29,32.7,21.6,23.6,,30.6,19.9,7.7,,1.4,,0.0,0.0
滨州,ecmwf_ifs025,2026-05-29,1,2026-05-30,31.3,18.5,24.7,,33.9,53.5,17.0,,0.0,27.87,0.0,
滨州,ecmwf_ifs025,2026-05-28,2,2026-05-30,31.0,18.3,24.8,,34.5,58.7,17.3,,0.0,27.94,0.0,
滨州,ecmwf_ifs025,2026-05-27,3,2026-05-30,30.7,17.7,24.5,,34.1,59.6,16.1,,0.0,27.84,0.0,
滨州,ecmwf_ifs025,2026-05-26,4,2026-05-30,30.6,18.5,24.9,,34.5,61.9,15.0,,0.0,27.84,0.0,
滨州,ecmwf_ifs025,2026-05-25,5,2026-05-30,31.5,18.7,25.6,,36.0,60.2,13.5,,1.0,27.93,0.0,
滨州,ecmwf_ifs025,2026-05-24,6,2026-05-30,33.1,17.5,25.4,,39.2,58.5,12.0,,0.1,27.22,0.0,
滨州,ecmwf_ifs025,2026-05-23,7,2026-05-30,32.2,18.9,25.6,,36.7,57.1,15.7,,14.6,27.38,0.0,
滨州,gfs_seamless,2026-05-29,1,2026-05-30,36.8,21.9,25.8,,36.2,25.1,20.1,55.4,20.0,29.75,0.0,0.0
滨州,gfs_seamless,2026-05-28,2,2026-05-30,38.4,21.6,25.9,,38.4,24.7,20.9,61.9,0.0,29.94,0.0,0.0
滨州,gfs_seamless,2026-05-27,3,2026-05-30,37.4,21.3,25.5,,37.4,26.5,21.3,56.2,0.2,29.82,0.0,0.0
滨州,gfs_seamless,2026-05-26,4,2026-05-30,37.7,20.7,25.9,,38.1,27.2,18.0,58.7,0.2,29.8,0.0,0.0
滨州,gfs_seamless,2026-05-25,5,2026-05-30,37.8,20.8,26.7,,37.8,25.8,18.2,54.0,0.0,29.82,0.0,0.0
滨州,gfs_seamless,2026-05-24,6,2026-05-30,35.2,20.3,26.4,,34.3,26.8,13.3,55.8,0.5,29.73,0.0,0.0
滨州,gfs_seamless,2026-05-23,7,2026-05-30,35.7,19.7,23.9,,34.6,25.0,16.8,55.4,10.0,29.99,0.0,0.0
滨州,jma_seamless,2026-05-29,1,2026-05-30,35.3,23.7,26.1,,34.6,27.4,12.5,,2.7,,0.0,0.0
滨州,jma_seamless,2026-05-28,2,2026-05-30,36.3,24.4,26.7,,35.1,23.4,11.2,,1.3,,0.0,0.0
滨州,jma_seamless,2026-05-27,3,2026-05-30,36.1,23.2,26.4,,35.2,24.9,9.6,,1.2,,0.0,0.0
滨州,jma_seamless,2026-05-26,4,2026-05-30,36.1,23.6,26.3,,35.4,26.1,8.7,,3.5,,0.0,0.0
滨州,jma_seamless,2026-05-25,5,2026-05-30,36.6,21.8,26.8,,37.6,31.6,8.9,,2.9,,0.0,0.0
滨州,jma_seamless,2026-05-24,6,2026-05-30,34.6,22.2,26.1,,33.8,28.3,6.1,,5.5,,0.0,0.0
滨州,jma_seamless,2026-05-23,7,2026-05-30,37.2,23.6,26.4,,36.9,25.8,7.7,,9.9,,0.0,0.0
滨州,ecmwf_ifs025,2026-05-30,1,2026-05-31,33.4,21.1,26.6,,35.9,45.7,18.3,,71.0,26.3,0.0,
滨州,ecmwf_ifs025,2026-05-29,2,2026-05-31,31.3,20.9,26.1,,34.6,56.3,18.5,,64.8,25.93,0.0,
滨州,ecmwf_ifs025,2026-05-28,3,2026-05-31,30.1,20.1,24.6,,32.5,57.3,17.4,,72.1,22.39,0.0,
滨州,ecmwf_ifs025,2026-05-27,4,2026-05-31,30.3,20.6,25.2,,33.2,59.0,17.0,,64.8,26.5,0.0,
滨州,ecmwf_ifs025,2026-05-26,5,2026-05-31,30.4,19.9,25.2,,33.1,57.5,15.2,,57.0,27.23,0.0,
滨州,ecmwf_ifs025,2026-05-25,6,2026-05-31,30.1,21.6,24.8,,32.0,54.7,14.5,,68.2,26.09,0.0,
滨州,ecmwf_ifs025,2026-05-24,7,2026-05-31,31.6,22.4,25.6,,33.8,50.5,15.4,,97.3,24.17,0.0,
滨州,gfs_seamless,2026-05-30,1,2026-05-31,34.9,22.2,26.1,,34.8,31.2,20.2,58.7,85.5,24.96,0.0,0.0
滨州,gfs_seamless,2026-05-29,2,2026-05-31,35.2,22.9,26.4,,34.5,28.0,22.4,64.1,67.7,24.56,0.0,0.0
滨州,gfs_seamless,2026-05-28,3,2026-05-31,37.0,23.1,26.4,,36.4,24.9,25.8,64.1,61.9,26.99,0.0,0.0
滨州,gfs_seamless,2026-05-27,4,2026-05-31,36.9,25.0,26.5,,36.6,26.1,26.0,64.4,27.3,29.32,0.0,0.0
滨州,gfs_seamless,2026-05-26,5,2026-05-31,35.7,22.7,25.8,,35.3,28.1,23.5,55.8,52.6,27.61,0.0,0.0
滨州,gfs_seamless,2026-05-25,6,2026-05-31,36.4,23.7,26.9,,36.2,27.6,19.6,54.7,86.9,24.77,0.0,0.0
滨州,gfs_seamless,2026-05-24,7,2026-05-31,39.5,21.3,27.0,,40.0,24.3,19.3,47.9,14.0,29.42,0.0,0.0
滨州,jma_seamless,2026-05-30,1,2026-05-31,36.1,25.5,27.7,,35.6,26.8,12.8,,38.1,,0.0,0.0
滨州,jma_seamless,2026-05-29,2,2026-05-31,36.4,26.0,27.5,,35.3,23.4,14.1,,46.3,,0.0,0.0
滨州,jma_seamless,2026-05-28,3,2026-05-31,35.8,26.0,27.5,,34.8,25.0,13.4,,46.7,,0.0,0.0
滨州,jma_seamless,2026-05-27,4,2026-05-31,36.3,25.0,27.4,,35.8,26.8,11.9,,47.2,,0.0,0.0
滨州,jma_seamless,2026-05-26,5,2026-05-31,36.2,25.6,27.9,,35.8,27.2,10.5,,57.1,,0.0,0.0
滨州,jma_seamless,2026-05-25,6,2026-05-31,36.0,25.8,27.8,,36.1,29.8,10.3,,61.8,,0.0,0.0
滨州,jma_seamless,2026-05-24,7,2026-05-31,38.6,22.1,27.8,,39.6,27.3,9.3,,23.8,,0.0,0.0
滨州,ecmwf_ifs025,2026-05-31,1,2026-06-01,35.4,23.9,29.5,,37.8,39.5,12.0,,42.3,25.85,0.0,
滨州,ecmwf_ifs025,2026-05-30,2,2026-06-01,34.9,21.0,29.0,,39.3,47.0,10.1,,33.0,26.82,0.0,
滨州,ecmwf_ifs025,2026-05-29,3,2026-06-01,33.0,20.2,28.3,,37.6,54.2,9.2,,44.8,25.7,0.0,
滨州,ecmwf_ifs025,2026-05-28,4,2026-06-01,31.7,18.7,26.4,,36.0,58.8,9.6,,53.0,25.41,0.0,
滨州,ecmwf_ifs025,2026-05-27,5,2026-06-01,31.3,19.0,26.3,,34.7,56.9,8.5,,43.9,27.18,0.0,
滨州,ecmwf_ifs025,2026-05-26,6,2026-06-01,30.4,19.9,25.0,,33.0,57.0,10.3,,56.2,26.87,0.0,
滨州,ecmwf_ifs025,2026-05-25,7,2026-06-01,30.6,21.6,26.0,,34.8,63.2,10.7,,73.7,22.47,0.3,
滨州,gfs_seamless,2026-05-31,1,2026-06-01,37.1,24.2,29.1,,39.3,34.4,15.2,45.7,57.2,26.53,0.0,0.0
滨州,gfs_seamless,2026-05-30,2,2026-06-01,36.8,24.1,29.0,,37.9,31.6,16.9,49.7,49.6,28.9,0.0,0.0
滨州,gfs_seamless,2026-05-29,3,2026-06-01,37.1,23.8,29.0,,37.4,28.1,15.1,54.4,60.4,28.1,0.0,0.0
滨州,gfs_seamless,2026-05-28,4,2026-06-01,36.0,24.7,27.2,,35.1,25.4,16.3,54.7,69.8,27.58,0.0,0.0
滨州,gfs_seamless,2026-05-27,5,2026-06-01,36.6,25.0,26.4,,35.8,24.7,17.1,60.1,76.5,29.25,0.0,0.0
滨州,gfs_seamless,2026-05-26,6,2026-06-01,35.9,20.8,25.0,,35.8,29.3,16.8,42.5,61.8,28.77,0.0,0.0
滨州,gfs_seamless,2026-05-25,7,2026-06-01,34.9,22.5,25.6,,34.1,28.0,17.3,48.2,95.0,27.04,0.0,0.0
滨州,jma_seamless,2026-05-31,1,2026-06-01,37.2,26.8,30.5,,38.4,31.1,8.2,,20.2,,0.0,0.0
滨州,jma_seamless,2026-05-30,2,2026-06-01,37.0,26.6,30.2,,37.3,28.5,6.6,,24.7,,0.0,0.0
滨州,jma_seamless,2026-05-29,3,2026-06-01,37.4,26.9,29.7,,37.1,25.2,8.1,,42.5,,0.0,0.0
滨州,jma_seamless,2026-05-28,4,2026-06-01,37.0,25.6,28.2,,35.8,22.0,9.1,,33.2,,0.0,0.0
滨州,jma_seamless,2026-05-27,5,2026-06-01,37.8,26.2,28.1,,37.6,25.1,12.3,,33.3,,0.0,0.0
滨州,jma_seamless,2026-05-26,6,2026-06-01,33.5,24.8,26.3,,31.8,24.0,8.2,,57.1,,0.0,0.0
滨州,jma_seamless,2026-05-25,7,2026-06-01,34.5,20.5,27.1,,35.8,38.2,11.7,,44.8,,0.9,0.0
滨州,ecmwf_ifs025,2026-06-01,1,2026-06-02,37.1,23.0,30.4,,41.2,39.4,11.5,,34.0,27.45,0.0,
滨州,ecmwf_ifs025,2026-05-31,2,2026-06-02,37.3,22.3,30.3,,42.5,41.6,10.8,,35.6,27.42,0.0,
滨州,ecmwf_ifs025,2026-05-30,3,2026-06-02,36.5,22.1,30.5,,43.4,47.7,11.5,,33.5,27.49,0.0,
滨州,ecmwf_ifs025,2026-05-29,4,2026-06-02,35.0,21.5,30.7,,43.6,57.0,9.0,,29.6,27.33,0.0,
滨州,ecmwf_ifs025,2026-05-28,5,2026-06-02,32.5,19.2,28.5,,40.6,66.7,9.2,,25.1,26.6,0.0,
滨州,ecmwf_ifs025,2026-05-27,6,2026-06-02,31.0,18.0,25.7,,35.2,61.5,7.8,,37.9,26.7,0.0,
滨州,ecmwf_ifs025,2026-05-26,7,2026-06-02,30.0,20.8,27.4,,34.6,68.0,5.9,,51.0,26.97,0.0,
滨州,gfs_seamless,2026-06-01,1,2026-06-02,38.4,23.1,29.2,,40.3,30.5,15.1,45.7,46.6,28.72,0.0,0.0
滨州,gfs_seamless,2026-05-31,2,2026-06-02,37.9,23.2,29.2,,39.5,30.8,13.8,41.4,39.0,29.08,0.0,0.0
滨州,gfs_seamless,2026-05-30,3,2026-06-02,37.5,23.4,29.3,,40.0,34.3,16.3,51.8,21.5,29.19,0.0,0.0
滨州,gfs_seamless,2026-05-29,4,2026-06-02,38.9,24.8,30.2,,41.7,31.6,13.9,47.9,30.8,29.53,0.0,0.0
滨州,gfs_seamless,2026-05-28,5,2026-06-02,38.7,19.5,28.2,,40.7,30.1,11.4,36.0,62.8,26.96,0.0,0.0
滨州,gfs_seamless,2026-05-27,6,2026-06-02,36.2,20.7,25.8,,36.9,31.8,14.5,42.5,76.9,19.47,0.0,0.0
滨州,gfs_seamless,2026-05-26,7,2026-06-02,36.6,21.0,25.2,,39.0,36.3,18.1,39.6,74.6,25.67,0.0,0.0
滨州,jma_seamless,2026-06-01,1,2026-06-02,38.1,27.0,30.4,,38.9,27.8,9.6,,31.9,,0.0,0.0
滨州,jma_seamless,2026-05-31,2,2026-06-02,39.1,27.0,30.6,,39.8,25.5,10.4,,32.0,,0.0,0.0
滨州,jma_seamless,2026-05-30,3,2026-06-02,40.0,27.3,31.1,,40.5,23.3,9.5,,39.4,,0.0,0.0
滨州,jma_seamless,2026-05-29,4,2026-06-02,39.2,25.5,30.1,,40.2,26.3,8.8,,29.6,,0.0,0.0
滨州,jma_seamless,2026-05-28,5,2026-06-02,37.2,23.0,27.6,,37.0,26.0,9.1,,58.8,,0.0,0.0
滨州,jma_seamless,2026-05-27,6,2026-06-02,38.1,25.1,29.7,,39.2,28.6,7.1,,48.7,,0.0,0.0
滨州,jma_seamless,2026-05-26,7,2026-06-02,36.4,19.6,26.1,,41.8,44.8,7.3,,52.0,,0.9,0.0
滨州,ecmwf_ifs025,2026-06-02,1,2026-06-03,35.9,20.0,28.6,,,,,,79.1,20.13,0.3,
滨州,ecmwf_ifs025,2026-06-01,2,2026-06-03,37.7,19.5,30.1,,,,,,87.0,20.28,1.8,
滨州,ecmwf_ifs025,2026-05-31,3,2026-06-03,38.3,20.8,29.3,,,,,,78.5,23.04,6.9,
滨州,ecmwf_ifs025,2026-05-30,4,2026-06-03,36.8,19.7,29.3,,,,,,82.1,21.87,1.5,
滨州,ecmwf_ifs025,2026-05-29,5,2026-06-03,34.8,19.9,30.0,,,,,,60.1,21.34,0.0,
滨州,ecmwf_ifs025,2026-05-28,6,2026-06-03,26.5,19.4,23.4,,,,,,69.4,19.42,4.2,
滨州,ecmwf_ifs025,2026-05-27,7,2026-06-03,28.1,21.0,26.4,,,,,,92.7,13.35,1.5,
滨州,jma_seamless,2026-06-02,1,2026-06-03,37.4,25.0,31.1,,,,,,45.0,,26.1,0.0
滨州,jma_seamless,2026-06-01,2,2026-06-03,39.0,25.1,31.9,,,,,,67.7,,12.9,0.0
滨州,jma_seamless,2026-05-31,3,2026-06-03,39.4,20.3,30.3,,,,,,72.2,,6.3,0.0
滨州,jma_seamless,2026-05-30,4,2026-06-03,40.1,28.0,31.4,,,,,,48.7,,0.0,0.0
滨州,jma_seamless,2026-05-29,5,2026-06-03,38.2,25.4,30.5,,,,,,44.8,,0.0,0.0
滨州,jma_seamless,2026-05-28,6,2026-06-03,38.3,25.9,31.4,,,,,,65.0,,0.6,0.0
滨州,jma_seamless,2026-05-27,7,2026-06-03,37.9,20.8,27.7,,,,,,40.5,,0.3,0.0
滨州,ecmwf_ifs025,2026-06-03,1,2026-06-04,24.9,17.0,21.4,,,,,,35.1,24.59,7.2,
滨州,ecmwf_ifs025,2026-06-02,2,2026-06-04,25.4,18.4,21.6,,,,,,17.6,26.87,6.9,
滨州,ecmwf_ifs025,2026-06-01,3,2026-06-04,26.7,18.9,22.5,,,,,,13.9,27.39,0.3,
滨州,ecmwf_ifs025,2026-05-31,4,2026-06-04,29.2,17.5,22.3,,,,,,9.1,27.48,0.0,
滨州,ecmwf_ifs025,2026-05-30,5,2026-06-04,27.1,19.3,22.0,,,,,,19.6,28.26,0.3,
滨州,ecmwf_ifs025,2026-05-29,6,2026-06-04,33.4,18.4,28.1,,,,,,27.5,24.06,0.6,
滨州,ecmwf_ifs025,2026-05-28,7,2026-06-04,32.0,19.1,25.1,,,,,,43.2,27.13,5.4,
滨州,jma_seamless,2026-06-03,1,2026-06-04,24.7,16.8,21.0,,,,,,44.7,,26.7,0.0
滨州,jma_seamless,2026-06-02,2,2026-06-04,26.3,19.2,22.7,,,,,,27.1,,12.9,0.0
滨州,jma_seamless,2026-06-01,3,2026-06-04,25.8,19.9,23.5,,,,,,69.5,,8.1,0.0
滨州,jma_seamless,2026-05-31,4,2026-06-04,29.1,20.7,25.3,,,,,,68.7,,1.5,0.0
滨州,jma_seamless,2026-05-30,5,2026-06-04,29.3,21.9,25.7,,,,,,26.0,,0.6,0.0
滨州,jma_seamless,2026-05-29,6,2026-06-04,36.4,19.5,26.1,,,,,,46.2,,1.2,0.0
滨州,jma_seamless,2026-05-28,7,2026-06-04,28.5,21.0,23.0,,,,,,19.7,,1.5,0.0
滨州,ecmwf_ifs025,2026-06-04,1,2026-06-05,27.2,14.4,21.3,,,,,,17.5,27.16,0.0,
滨州,ecmwf_ifs025,2026-06-03,2,2026-06-05,26.6,15.2,21.3,,,,,,15.1,27.58,0.0,
滨州,ecmwf_ifs025,2026-06-02,3,2026-06-05,28.6,15.7,21.8,,,,,,15.0,27.73,0.0,
滨州,ecmwf_ifs025,2026-06-01,4,2026-06-05,28.7,15.3,21.2,,,,,,35.8,23.62,0.9,
滨州,ecmwf_ifs025,2026-05-31,5,2026-06-05,27.8,17.4,21.2,,,,,,77.2,18.26,1.5,
滨州,ecmwf_ifs025,2026-05-30,6,2026-06-05,29.6,18.2,24.0,,,,,,80.3,22.52,4.8,
滨州,ecmwf_ifs025,2026-05-29,7,2026-06-05,26.9,18.5,24.6,,,,,,62.6,21.54,4.2,
滨州,jma_seamless,2026-06-04,1,2026-06-05,29.1,19.5,22.9,,,,,,22.8,,0.0,0.0
滨州,jma_seamless,2026-06-03,2,2026-06-05,29.8,18.4,22.3,,,,,,23.4,,0.6,0.0
滨州,jma_seamless,2026-06-02,3,2026-06-05,30.0,19.0,23.5,,,,,,21.2,,0.0,0.0
滨州,jma_seamless,2026-06-01,4,2026-06-05,29.4,19.5,24.0,,,,,,29.4,,0.9,0.0
滨州,jma_seamless,2026-05-31,5,2026-06-05,30.2,20.0,23.4,,,,,,44.5,,0.0,0.0
滨州,jma_seamless,2026-05-30,6,2026-06-05,34.6,21.8,26.4,,,,,,33.6,,0.0,0.0
滨州,jma_seamless,2026-05-29,7,2026-06-05,31.2,21.1,23.6,,,,,,30.6,,0.0,0.0
滨州,ecmwf_ifs025,2026-06-05,1,2026-06-06,20.6,16.3,18.9,,,,,,96.2,8.1,29.7,
滨州,ecmwf_ifs025,2026-06-04,2,2026-06-06,20.8,17.0,19.1,,,,,,98.1,6.45,38.4,
滨州,ecmwf_ifs025,2026-06-03,3,2026-06-06,21.2,15.6,17.1,,,,,,99.3,9.0,29.1,
滨州,ecmwf_ifs025,2026-06-02,4,2026-06-06,25.3,17.7,20.4,,,,,,84.2,9.44,9.6,
滨州,ecmwf_ifs025,2026-06-01,5,2026-06-06,27.3,17.7,21.1,,,,,,90.5,16.0,3.9,
滨州,ecmwf_ifs025,2026-05-31,6,2026-06-06,28.6,18.5,21.7,,,,,,73.5,19.03,0.0,
滨州,ecmwf_ifs025,2026-05-30,7,2026-06-06,21.8,16.6,20.0,,,,,,68.4,9.2,10.2,
滨州,jma_seamless,2026-06-05,1,2026-06-06,23.1,16.9,18.6,,,,,,84.2,,14.4,0.0
滨州,jma_seamless,2026-06-04,2,2026-06-06,22.0,18.2,19.4,,,,,,97.5,,16.5,0.0
滨州,jma_seamless,2026-06-03,3,2026-06-06,27.0,18.6,22.6,,,,,,91.2,,0.9,0.0
滨州,jma_seamless,2026-06-02,4,2026-06-06,26.8,21.1,22.5,,,,,,80.8,,1.8,0.0
滨州,jma_seamless,2026-06-01,5,2026-06-06,27.7,21.2,23.1,,,,,,68.2,,0.0,0.0
滨州,jma_seamless,2026-05-31,6,2026-06-06,31.7,21.5,24.7,,,,,,59.5,,0.0,0.0
滨州,jma_seamless,2026-05-30,7,2026-06-06,24.4,17.8,20.7,,,,,,66.8,,7.2,0.0
滨州,ecmwf_ifs025,2026-06-06,1,2026-06-07,24.4,14.1,18.9,,,,,,16.8,27.77,0.0,
滨州,ecmwf_ifs025,2026-06-05,2,2026-06-07,23.6,15.5,19.9,,,,,,28.2,26.73,0.0,
滨州,ecmwf_ifs025,2026-06-04,3,2026-06-07,23.4,16.2,19.4,,,,,,51.2,25.64,0.3,
滨州,ecmwf_ifs025,2026-06-03,4,2026-06-07,25.1,14.8,20.3,,,,,,13.1,26.93,0.0,
滨州,ecmwf_ifs025,2026-06-02,5,2026-06-07,26.0,16.0,20.9,,,,,,36.0,26.75,0.0,
滨州,ecmwf_ifs025,2026-06-01,6,2026-06-07,26.2,17.3,21.4,,,,,,40.5,25.81,1.5,
滨州,ecmwf_ifs025,2026-05-31,7,2026-06-07,26.3,14.6,20.6,,,,,,72.2,11.11,0.3,
滨州,jma_seamless,2026-06-06,1,2026-06-07,25.7,16.8,20.7,,,,,,31.2,,0.0,0.0
滨州,jma_seamless,2026-06-05,2,2026-06-07,24.6,17.2,20.3,,,,,,37.0,,0.3,0.0
滨州,jma_seamless,2026-06-04,3,2026-06-07,26.2,17.7,21.7,,,,,,40.9,,0.3,0.0
滨州,jma_seamless,2026-06-03,4,2026-06-07,25.3,19.4,22.9,,,,,,37.0,,0.6,0.0
滨州,jma_seamless,2026-06-02,5,2026-06-07,25.3,19.7,23.1,,,,,,59.7,,0.0,0.0
滨州,jma_seamless,2026-06-01,6,2026-06-07,30.4,20.5,24.6,,,,,,38.8,,0.0,0.0
滨州,jma_seamless,2026-05-31,7,2026-06-07,27.7,19.2,23.2,,,,,,59.7,,0.6,0.0
滨州,ecmwf_ifs025,2026-06-07,1,2026-06-08,28.5,15.1,21.9,,,,,,13.7,27.26,0.0,
滨州,ecmwf_ifs025,2026-06-06,2,2026-06-08,28.5,14.8,21.5,,,,,,20.1,27.29,0.0,
滨州,ecmwf_ifs025,2026-06-05,3,2026-06-08,28.6,14.4,22.2,,,,,,12.6,27.2,0.0,
滨州,ecmwf_ifs025,2026-06-04,4,2026-06-08,28.0,15.1,22.0,,,,,,6.2,27.94,0.0,
滨州,ecmwf_ifs025,2026-06-03,5,2026-06-08,29.7,15.2,22.8,,,,,,2.5,27.62,0.0,
滨州,ecmwf_ifs025,2026-06-02,6,2026-06-08,29.1,16.0,23.3,,,,,,5.9,26.65,0.0,
滨州,ecmwf_ifs025,2026-06-01,7,2026-06-08,27.9,18.8,22.6,,,,,,32.7,26.33,0.3,
滨州,jma_seamless,2026-06-07,1,2026-06-08,32.2,20.1,23.6,,,,,,5.2,,0.0,0.0
滨州,jma_seamless,2026-06-06,2,2026-06-08,33.0,18.9,24.0,,,,,,1.0,,0.0,0.0
滨州,jma_seamless,2026-06-05,3,2026-06-08,33.3,20.3,24.0,,,,,,3.6,,0.0,0.0
滨州,jma_seamless,2026-06-04,4,2026-06-08,32.6,18.0,23.9,,,,,,13.0,,0.0,0.0
滨州,jma_seamless,2026-06-03,5,2026-06-08,33.5,18.5,25.3,,,,,,47.8,,0.0,0.0
滨州,jma_seamless,2026-06-02,6,2026-06-08,26.4,19.3,23.2,,,,,,44.1,,13.8,0.0
滨州,jma_seamless,2026-06-01,7,2026-06-08,31.3,21.6,24.9,,,,,,38.6,,0.0,0.0
滨州,ecmwf_ifs025,2026-06-08,1,2026-06-09,27.0,17.7,21.4,,,,,,9.0,27.17,0.0,
滨州,ecmwf_ifs025,2026-06-07,2,2026-06-09,27.8,17.1,21.6,,,,,,6.6,27.35,0.0,
滨州,ecmwf_ifs025,2026-06-06,3,2026-06-09,27.6,17.3,22.0,,,,,,11.8,26.22,2.1,
滨州,ecmwf_ifs025,2026-06-05,4,2026-06-09,27.4,16.8,22.8,,,,,,33.3,26.14,0.3,
滨州,ecmwf_ifs025,2026-06-04,5,2026-06-09,25.7,17.1,21.7,,,,,,14.7,26.38,0.6,
滨州,ecmwf_ifs025,2026-06-03,6,2026-06-09,29.8,17.4,23.5,,,,,,27.6,24.27,0.6,
滨州,ecmwf_ifs025,2026-06-02,7,2026-06-09,32.1,18.2,24.3,,,,,,12.2,26.71,0.3,
滨州,jma_seamless,2026-06-08,1,2026-06-09,30.5,23.0,24.5,,,,,,11.7,,0.0,0.0
滨州,jma_seamless,2026-06-07,2,2026-06-09,31.3,22.5,24.5,,,,,,22.7,,0.0,0.0
滨州,jma_seamless,2026-06-06,3,2026-06-09,31.8,22.6,24.8,,,,,,18.2,,0.0,0.0
滨州,jma_seamless,2026-06-05,4,2026-06-09,28.6,22.2,23.9,,,,,,5.1,,0.0,0.0
滨州,jma_seamless,2026-06-04,5,2026-06-09,32.3,23.1,25.1,,,,,,19.8,,0.0,0.0
滨州,jma_seamless,2026-06-03,6,2026-06-09,30.1,20.3,25.0,,,,,,11.9,,0.0,0.0
滨州,jma_seamless,2026-06-02,7,2026-06-09,26.1,19.0,22.5,,,,,,29.2,,0.0,0.0
滨州,ecmwf_ifs025,2026-06-09,1,2026-06-10,26.9,15.3,21.8,,,,,,10.0,26.5,0.3,
滨州,ecmwf_ifs025,2026-06-08,2,2026-06-10,26.1,15.6,21.6,,,,,,5.3,26.7,0.0,
滨州,ecmwf_ifs025,2026-06-07,3,2026-06-10,25.7,15.5,21.2,,,,,,8.2,26.87,0.0,
滨州,ecmwf_ifs025,2026-06-06,4,2026-06-10,25.5,16.7,21.4,,,,,,17.4,25.8,0.3,
滨州,ecmwf_ifs025,2026-06-05,5,2026-06-10,26.6,14.7,21.4,,,,,,42.1,24.69,0.0,
滨州,ecmwf_ifs025,2026-06-04,6,2026-06-10,25.6,16.2,21.9,,,,,,5.9,26.65,0.0,
滨州,ecmwf_ifs025,2026-06-03,7,2026-06-10,27.9,16.8,23.7,,,,,,3.9,26.09,0.0,
滨州,jma_seamless,2026-06-09,1,2026-06-10,28.2,19.6,23.3,,,,,,7.8,,0.0,0.0
滨州,jma_seamless,2026-06-08,2,2026-06-10,27.6,19.5,23.5,,,,,,35.0,,0.0,0.0
滨州,jma_seamless,2026-06-07,3,2026-06-10,27.0,20.0,23.2,,,,,,35.6,,0.0,0.0
滨州,jma_seamless,2026-06-06,4,2026-06-10,29.2,20.7,23.5,,,,,,3.2,,0.0,0.0
滨州,jma_seamless,2026-06-05,5,2026-06-10,31.5,20.7,24.1,,,,,,4.2,,0.0,0.0
滨州,jma_seamless,2026-06-04,6,2026-06-10,32.0,22.0,26.0,,,,,,2.9,,0.0,0.0
滨州,jma_seamless,2026-06-03,7,2026-06-10,33.7,21.8,25.5,,,,,,13.2,,0.0,0.0
滨州,ecmwf_ifs025,2026-06-10,1,2026-06-11,28.8,16.1,23.7,,,,,,0.3,27.7,0.0,
滨州,ecmwf_ifs025,2026-06-09,2,2026-06-11,30.1,16.2,23.8,,,,,,0.5,27.72,0.0,
滨州,ecmwf_ifs025,2026-06-08,3,2026-06-11,29.3,15.7,23.7,,,,,,0.7,27.38,0.0,
滨州,ecmwf_ifs025,2026-06-07,4,2026-06-11,29.7,15.2,23.5,,,,,,1.8,27.35,0.0,
滨州,ecmwf_ifs025,2026-06-06,5,2026-06-11,29.2,16.6,24.0,,,,,,2.5,26.9,0.0,
滨州,ecmwf_ifs025,2026-06-05,6,2026-06-11,29.3,17.4,24.1,,,,,,10.4,26.76,0.0,
滨州,ecmwf_ifs025,2026-06-04,7,2026-06-11,29.5,19.2,24.8,,,,,,19.1,26.76,0.0,
滨州,jma_seamless,2026-06-10,1,2026-06-11,31.4,19.9,25.5,,,,,,0.0,,0.0,0.0
滨州,jma_seamless,2026-06-09,2,2026-06-11,31.6,20.2,25.4,,,,,,3.0,,0.0,0.0
滨州,jma_seamless,2026-06-08,3,2026-06-11,31.3,20.3,25.6,,,,,,1.5,,0.0,0.0
滨州,jma_seamless,2026-06-07,4,2026-06-11,31.3,18.7,25.1,,,,,,2.0,,0.0,0.0
滨州,jma_seamless,2026-06-06,5,2026-06-11,33.7,20.9,25.8,,,,,,7.7,,0.0,0.0
滨州,jma_seamless,2026-06-05,6,2026-06-11,33.8,23.6,26.1,,,,,,16.4,,0.0,0.0
滨州,jma_seamless,2026-06-04,7,2026-06-11,35.3,21.3,27.2,,,,,,47.3,,0.0,0.0
滨州,ecmwf_ifs025,2026-06-11,1,2026-06-12,35.8,17.6,26.8,,,,,,46.4,25.33,5.4,
滨州,ecmwf_ifs025,2026-06-10,2,2026-06-12,35.6,18.0,27.1,,,,,,45.9,26.66,0.0,
滨州,ecmwf_ifs025,2026-06-09,3,2026-06-12,36.5,18.6,27.3,,,,,,76.9,24.31,0.0,
滨州,ecmwf_ifs025,2026-06-08,4,2026-06-12,34.9,17.9,27.2,,,,,,58.8,25.34,0.0,
滨州,ecmwf_ifs025,2026-06-07,5,2026-06-12,36.1,19.2,27.2,,,,,,23.5,27.05,0.0,
滨州,ecmwf_ifs025,2026-06-06,6,2026-06-12,35.0,19.4,27.7,,,,,,22.4,25.25,0.3,
滨州,ecmwf_ifs025,2026-06-05,7,2026-06-12,33.8,21.9,26.9,,,,,,21.6,27.44,0.0,
滨州,jma_seamless,2026-06-11,1,2026-06-12,36.1,22.2,28.1,,,,,,26.0,,0.0,0.0
滨州,jma_seamless,2026-06-10,2,2026-06-12,36.9,22.4,28.4,,,,,,63.8,,0.0,0.0
滨州,jma_seamless,2026-06-09,3,2026-06-12,35.9,21.7,27.9,,,,,,64.2,,0.0,0.0
滨州,jma_seamless,2026-06-08,4,2026-06-12,36.0,21.8,27.6,,,,,,71.3,,0.0,0.0
滨州,jma_seamless,2026-06-07,5,2026-06-12,35.2,23.0,27.7,,,,,,4.6,,0.0,0.0
滨州,jma_seamless,2026-06-06,6,2026-06-12,37.6,25.2,28.7,,,,,,24.5,,0.0,0.0
滨州,jma_seamless,2026-06-05,7,2026-06-12,33.2,22.6,28.4,,,,,,44.7,,3.6,0.0
滨州,ecmwf_ifs025,2026-06-12,1,2026-06-13,34.1,20.9,26.7,,,,,,84.7,21.11,6.6,
滨州,ecmwf_ifs025,2026-06-11,2,2026-06-13,33.8,24.1,27.8,,,,,,61.9,22.08,1.2,
滨州,ecmwf_ifs025,2026-06-10,3,2026-06-13,36.3,21.5,28.6,,,,,,65.4,23.97,5.1,
滨州,ecmwf_ifs025,2026-06-09,4,2026-06-13,35.9,24.9,28.6,,,,,,72.1,22.65,0.9,
滨州,ecmwf_ifs025,2026-06-08,5,2026-06-13,33.7,23.1,26.8,,,,,,51.5,20.9,3.3,
滨州,ecmwf_ifs025,2026-06-07,6,2026-06-13,32.6,21.1,27.0,,,,,,42.3,20.25,2.1,
滨州,ecmwf_ifs025,2026-06-06,7,2026-06-13,36.3,25.8,29.4,,,,,,47.7,25.74,0.6,
滨州,jma_seamless,2026-06-12,1,2026-06-13,35.3,28.3,30.2,,,,,,72.2,,0.0,0.0
滨州,jma_seamless,2026-06-11,2,2026-06-13,36.2,27.7,30.2,,,,,,34.4,,0.0,0.0
滨州,jma_seamless,2026-06-10,3,2026-06-13,35.8,29.1,30.0,,,,,,54.2,,0.0,0.0
滨州,jma_seamless,2026-06-09,4,2026-06-13,31.5,26.4,27.3,,,,,,76.8,,0.0,0.0
滨州,jma_seamless,2026-06-08,5,2026-06-13,33.6,27.6,28.5,,,,,,41.0,,0.0,0.0
滨州,jma_seamless,2026-06-07,6,2026-06-13,37.0,26.4,29.4,,,,,,76.5,,0.0,0.0
滨州,jma_seamless,2026-06-06,7,2026-06-13,38.0,21.2,28.6,,,,,,18.5,,0.0,0.0
滨州,ecmwf_ifs025,2026-06-13,1,2026-06-14,30.5,19.8,27.2,,,,,,44.7,23.63,2.4,
滨州,ecmwf_ifs025,2026-06-12,2,2026-06-14,32.4,19.8,26.8,,,,,,36.4,23.36,6.3,
滨州,ecmwf_ifs025,2026-06-11,3,2026-06-14,33.1,20.3,27.6,,,,,,43.3,24.42,7.5,
滨州,ecmwf_ifs025,2026-06-10,4,2026-06-14,32.8,20.6,27.5,,,,,,53.7,22.7,8.1,
滨州,ecmwf_ifs025,2026-06-09,5,2026-06-14,31.5,19.6,27.6,,,,,,46.2,22.72,5.7,
滨州,ecmwf_ifs025,2026-06-08,6,2026-06-14,23.8,19.3,23.3,,,,,,34.8,15.53,5.1,
滨州,ecmwf_ifs025,2026-06-07,7,2026-06-14,30.2,20.5,26.0,,,,,,33.8,26.37,0.9,
滨州,jma_seamless,2026-06-13,1,2026-06-14,32.4,24.7,29.1,,,,,,43.5,,0.6,0.0
滨州,jma_seamless,2026-06-12,2,2026-06-14,35.1,25.3,29.7,,,,,,49.3,,0.0,0.0
滨州,jma_seamless,2026-06-11,3,2026-06-14,35.9,26.6,29.4,,,,,,28.5,,6.0,0.0
滨州,jma_seamless,2026-06-10,4,2026-06-14,34.4,25.9,27.8,,,,,,25.2,,0.0,0.0
滨州,jma_seamless,2026-06-09,5,2026-06-14,34.0,22.6,27.6,,,,,,2.0,,0.0,0.0
滨州,jma_seamless,2026-06-08,6,2026-06-14,31.5,22.1,26.6,,,,,,30.5,,0.0,0.0
滨州,jma_seamless,2026-06-07,7,2026-06-14,35.4,20.7,28.6,,,,,,1.6,,0.0,0.0
滨州,ecmwf_ifs025,2026-06-14,1,2026-06-15,31.1,20.3,26.8,,,,,,79.1,25.08,0.0,
滨州,ecmwf_ifs025,2026-06-13,2,2026-06-15,31.7,20.5,27.8,,,,,,75.8,24.24,0.0,
滨州,ecmwf_ifs025,2026-06-12,3,2026-06-15,33.8,21.2,29.1,,,,,,73.8,25.49,0.0,
滨州,ecmwf_ifs025,2026-06-11,4,2026-06-15,33.5,20.8,30.0,,,,,,20.6,25.83,0.0,
滨州,ecmwf_ifs025,2026-06-10,5,2026-06-15,32.7,20.3,29.2,,,,,,30.2,24.94,0.3,
滨州,ecmwf_ifs025,2026-06-09,6,2026-06-15,27.0,19.6,22.8,,,,,,25.8,25.79,0.0,
滨州,ecmwf_ifs025,2026-06-08,7,2026-06-15,25.0,19.7,23.4,,,,,,62.6,22.25,1.5,
滨州,jma_seamless,2026-06-14,1,2026-06-15,32.8,22.9,27.8,,,,,,37.3,,0.0,0.0
滨州,jma_seamless,2026-06-13,2,2026-06-15,32.4,22.6,27.7,,,,,,53.2,,0.0,0.0
滨州,jma_seamless,2026-06-12,3,2026-06-15,35.1,25.5,30.6,,,,,,50.9,,0.0,0.0
滨州,jma_seamless,2026-06-11,4,2026-06-15,35.8,25.1,30.7,,,,,,15.5,,0.0,0.0
滨州,jma_seamless,2026-06-10,5,2026-06-15,34.1,22.4,30.3,,,,,,43.5,,0.3,0.0
滨州,jma_seamless,2026-06-09,6,2026-06-15,32.4,22.6,28.2,,,,,,37.3,,1.5,0.0
滨州,jma_seamless,2026-06-08,7,2026-06-15,31.8,21.7,26.7,,,,,,49.9,,2.4,0.0
滨州,ecmwf_ifs025,2026-06-15,1,2026-06-16,32.0,20.8,27.6,,,,,,60.9,26.43,0.0,
滨州,ecmwf_ifs025,2026-06-14,2,2026-06-16,32.3,21.3,27.8,,,,,,49.6,26.99,0.0,
滨州,ecmwf_ifs025,2026-06-13,3,2026-06-16,34.3,21.3,28.7,,,,,,58.9,26.71,0.0,
滨州,ecmwf_ifs025,2026-06-12,4,2026-06-16,33.6,21.1,28.8,,,,,,51.8,26.03,0.6,
滨州,ecmwf_ifs025,2026-06-11,5,2026-06-16,30.6,22.2,29.0,,,,,,85.7,16.14,0.9,
滨州,ecmwf_ifs025,2026-06-10,6,2026-06-16,30.3,19.2,26.9,,,,,,86.5,21.22,5.1,
滨州,ecmwf_ifs025,2026-06-09,7,2026-06-16,30.9,17.9,24.5,,,,,,67.8,26.0,2.4,
滨州,jma_seamless,2026-06-15,1,2026-06-16,33.4,23.2,28.7,,,,,,50.5,,0.0,0.0
滨州,jma_seamless,2026-06-14,2,2026-06-16,32.4,23.2,28.6,,,,,,46.1,,0.0,0.0
滨州,jma_seamless,2026-06-13,3,2026-06-16,34.1,23.5,29.5,,,,,,55.2,,0.0,0.0
滨州,jma_seamless,2026-06-12,4,2026-06-16,34.4,25.3,30.5,,,,,,61.4,,0.6,0.0
滨州,jma_seamless,2026-06-11,5,2026-06-16,36.0,26.2,31.7,,,,,,38.5,,0.3,0.0
滨州,jma_seamless,2026-06-10,6,2026-06-16,34.1,24.3,31.4,,,,,,76.5,,1.5,0.0
滨州,jma_seamless,2026-06-09,7,2026-06-16,35.6,23.9,30.2,,,,,,40.0,,1.5,0.0
滨州,ecmwf_ifs025,2026-06-16,1,2026-06-17,33.7,21.9,30.5,,,,,,52.8,,,
滨州,ecmwf_ifs025,2026-06-15,2,2026-06-17,33.6,22.3,30.7,,,,,,49.0,,,
滨州,ecmwf_ifs025,2026-06-14,3,2026-06-17,34.7,23.2,30.9,,,,,,36.9,,,
滨州,ecmwf_ifs025,2026-06-13,4,2026-06-17,35.9,22.0,31.1,,,,,,53.1,,,
滨州,ecmwf_ifs025,2026-06-12,5,2026-06-17,32.7,21.5,29.6,,,,,,24.9,,,
滨州,ecmwf_ifs025,2026-06-11,6,2026-06-17,33.7,20.7,29.6,,,,,,49.5,,,
滨州,ecmwf_ifs025,2026-06-10,7,2026-06-17,27.2,15.9,24.0,,,,,,68.1,,,
滨州,jma_seamless,2026-06-16,1,2026-06-17,32.9,24.7,30.3,,37.9,56.0,7.6,,56.7,,,0.0
滨州,jma_seamless,2026-06-15,2,2026-06-17,35.2,25.0,32.4,,42.4,53.0,6.2,,48.3,,,0.0
滨州,jma_seamless,2026-06-14,3,2026-06-17,35.6,24.9,32.2,,43.3,52.6,7.2,,29.2,,,0.0
滨州,jma_seamless,2026-06-13,4,2026-06-17,34.9,25.1,31.1,,42.6,55.2,7.8,,50.1,,,0.0
滨州,jma_seamless,2026-06-12,5,2026-06-17,35.1,23.7,30.6,,41.3,51.0,9.3,,24.2,,,0.0
滨州,jma_seamless,2026-06-11,6,2026-06-17,36.1,27.0,32.7,,41.4,45.5,9.6,,20.9,,,0.0
滨州,jma_seamless,2026-06-10,7,2026-06-17,38.8,24.1,32.8,,46.9,43.0,8.3,,81.5,,,0.0
滨州,ecmwf_ifs025,2026-06-17,1,2026-06-18,33.8,22.4,31.4,,,,,,91.9,,,
滨州,ecmwf_ifs025,2026-06-16,2,2026-06-18,35.6,23.4,32.5,,,,,,97.2,,,
滨州,ecmwf_ifs025,2026-06-15,3,2026-06-18,35.5,22.5,32.7,,,,,,88.2,,,
滨州,ecmwf_ifs025,2026-06-14,4,2026-06-18,37.2,25.3,33.3,,,,,,72.7,,,
滨州,ecmwf_ifs025,2026-06-13,5,2026-06-18,37.4,23.9,32.6,,,,,,74.4,,,
滨州,ecmwf_ifs025,2026-06-12,6,2026-06-18,36.8,24.6,32.1,,,,,,83.6,,,
滨州,ecmwf_ifs025,2026-06-11,7,2026-06-18,35.3,21.9,31.3,,,,,,48.0,,,
滨州,jma_seamless,2026-06-17,1,2026-06-18,35.2,26.0,32.5,,44.1,56.7,6.2,,84.4,,,0.0
滨州,jma_seamless,2026-06-16,2,2026-06-18,36.4,27.4,34.4,,43.8,49.3,4.3,,93.1,,,0.0
滨州,jma_seamless,2026-06-15,3,2026-06-18,35.4,29.1,34.1,,41.7,50.1,6.8,,75.1,,,0.0
滨州,jma_seamless,2026-06-14,4,2026-06-18,37.3,26.6,34.8,,47.0,50.7,5.9,,88.4,,,0.0
滨州,jma_seamless,2026-06-13,5,2026-06-18,37.6,27.1,34.2,,47.6,50.3,7.9,,80.2,,,0.0
滨州,jma_seamless,2026-06-12,6,2026-06-18,35.6,26.0,32.7,,42.1,49.9,7.7,,69.0,,,0.0
滨州,jma_seamless,2026-06-11,7,2026-06-18,38.2,27.2,33.8,,45.9,44.1,7.8,,54.2,,,0.0
滨州,ecmwf_ifs025,2026-06-18,1,2026-06-19,27.7,22.9,28.4,,,,,,76.9,,,
滨州,ecmwf_ifs025,2026-06-17,2,2026-06-19,32.1,24.1,31.3,,,,,,91.3,,,
滨州,ecmwf_ifs025,2026-06-16,3,2026-06-19,33.6,22.4,31.5,,,,,,69.5,,,
滨州,ecmwf_ifs025,2026-06-15,4,2026-06-19,31.5,23.8,31.5,,,,,,89.9,,,
滨州,ecmwf_ifs025,2026-06-14,5,2026-06-19,36.3,23.6,31.3,,,,,,93.7,,,
滨州,ecmwf_ifs025,2026-06-13,6,2026-06-19,37.1,26.8,33.4,,,,,,79.0,,,
滨州,ecmwf_ifs025,2026-06-12,7,2026-06-19,36.0,27.3,32.0,,,,,,66.2,,,
滨州,jma_seamless,2026-06-18,1,2026-06-19,27.0,22.0,28.9,,29.6,78.5,4.4,,90.7,,,0.0
滨州,jma_seamless,2026-06-17,2,2026-06-19,31.4,24.1,31.2,,35.7,60.1,6.3,,87.5,,,0.0
滨州,jma_seamless,2026-06-16,3,2026-06-19,33.9,23.1,31.2,,39.6,54.0,8.3,,89.8,,,0.0
滨州,jma_seamless,2026-06-15,4,2026-06-19,35.2,26.1,33.2,,38.8,43.8,8.0,,80.4,,,0.0
滨州,jma_seamless,2026-06-14,5,2026-06-19,39.1,28.8,34.8,,47.3,42.3,7.0,,75.0,,,0.0
滨州,jma_seamless,2026-06-13,6,2026-06-19,36.4,25.3,33.4,,46.7,55.1,7.7,,67.7,,,0.0
滨州,jma_seamless,2026-06-12,7,2026-06-19,35.6,28.1,32.7,,38.1,39.2,7.5,,56.7,,,0.0
滨州,ecmwf_ifs025,2026-06-19,1,2026-06-20,30.5,21.3,27.8,,,,,,34.0,,,
滨州,ecmwf_ifs025,2026-06-18,2,2026-06-20,31.4,21.6,28.3,,,,,,32.7,,,
滨州,ecmwf_ifs025,2026-06-17,3,2026-06-20,31.6,21.5,29.2,,,,,,31.3,,,
滨州,ecmwf_ifs025,2026-06-16,4,2026-06-20,31.5,22.9,29.7,,,,,,59.6,,,
滨州,ecmwf_ifs025,2026-06-15,5,2026-06-20,27.3,20.8,25.9,,,,,,66.8,,,
滨州,ecmwf_ifs025,2026-06-14,6,2026-06-20,28.7,19.9,26.7,,,,,,74.5,,,
滨州,ecmwf_ifs025,2026-06-13,7,2026-06-20,35.7,25.1,32.3,,,,,,75.0,,,
滨州,jma_seamless,2026-06-19,1,2026-06-20,29.2,21.6,28.5,,33.2,70.4,4.7,,43.7,,,0.0
滨州,jma_seamless,2026-06-18,2,2026-06-20,30.5,23.4,29.6,,35.8,68.2,3.3,,56.4,,,0.0
滨州,jma_seamless,2026-06-17,3,2026-06-20,32.6,21.9,29.4,,39.8,63.8,5.7,,72.0,,,0.0
滨州,jma_seamless,2026-06-16,4,2026-06-20,29.7,21.7,27.9,,32.6,61.6,5.5,,50.2,,,0.0
滨州,jma_seamless,2026-06-15,5,2026-06-20,31.6,24.2,29.8,,34.6,54.2,8.0,,47.2,,,0.0
滨州,jma_seamless,2026-06-14,6,2026-06-20,36.7,25.2,32.2,,44.9,49.9,7.4,,65.0,,,0.0
滨州,jma_seamless,2026-06-13,7,2026-06-20,31.3,22.3,28.2,,35.3,59.1,9.3,,60.5,,,0.0
滨州,ecmwf_ifs025,2026-06-20,1,2026-06-21,27.6,18.9,24.1,,,,,,99.5,,,
滨州,ecmwf_ifs025,2026-06-19,2,2026-06-21,27.0,18.9,24.0,,,,,,86.2,,,
滨州,ecmwf_ifs025,2026-06-18,3,2026-06-21,29.9,19.9,24.8,,,,,,72.3,,,
滨州,ecmwf_ifs025,2026-06-17,4,2026-06-21,30.3,22.0,26.9,,,,,,97.7,,,
滨州,ecmwf_ifs025,2026-06-16,5,2026-06-21,27.4,17.8,22.6,,,,,,96.7,,,
滨州,ecmwf_ifs025,2026-06-15,6,2026-06-21,27.1,19.7,22.2,,,,,,96.4,,,
滨州,ecmwf_ifs025,2026-06-14,7,2026-06-21,27.8,16.3,24.1,,,,,,77.8,,,
滨州,jma_seamless,2026-06-20,1,2026-06-21,31.5,21.5,25.3,,31.2,37.7,5.8,,82.4,,,0.0
滨州,jma_seamless,2026-06-19,2,2026-06-21,31.2,22.8,24.4,,30.1,31.1,5.3,,59.6,,,0.0
滨州,jma_seamless,2026-06-18,3,2026-06-21,30.4,24.0,26.8,,31.1,46.8,7.9,,70.9,,,0.0
滨州,jma_seamless,2026-06-17,4,2026-06-21,31.0,24.1,27.2,,30.8,39.1,10.0,,57.7,,,0.0
滨州,jma_seamless,2026-06-16,5,2026-06-21,30.9,24.2,25.9,,29.7,31.2,5.4,,77.8,,,0.0
滨州,jma_seamless,2026-06-15,6,2026-06-21,30.2,24.4,25.8,,29.6,36.8,8.7,,76.6,,,0.0
滨州,jma_seamless,2026-06-14,7,2026-06-21,36.0,22.3,32.6,,46.5,57.0,4.8,,27.3,,,0.0
滨州,ecmwf_ifs025,2026-06-21,1,2026-06-22,31.5,17.8,24.7,,,,,,60.6,,,
滨州,ecmwf_ifs025,2026-06-20,2,2026-06-22,31.1,17.8,24.9,,,,,,72.4,,,
滨州,ecmwf_ifs025,2026-06-19,3,2026-06-22,31.3,20.4,25.1,,,,,,64.2,,,
滨州,ecmwf_ifs025,2026-06-18,4,2026-06-22,32.0,20.4,25.6,,,,,,78.0,,,
滨州,ecmwf_ifs025,2026-06-17,5,2026-06-22,29.0,20.1,25.5,,,,,,57.0,,,
滨州,ecmwf_ifs025,2026-06-16,6,2026-06-22,27.2,18.3,23.7,,,,,,75.5,,,
滨州,ecmwf_ifs025,2026-06-15,7,2026-06-22,29.4,15.3,23.8,,,,,,58.0,,,
滨州,jma_seamless,2026-06-21,1,2026-06-22,33.6,22.8,26.0,,33.1,31.8,5.4,,37.0,,,0.0
滨州,jma_seamless,2026-06-20,2,2026-06-22,32.5,23.3,25.6,,31.2,28.7,4.9,,46.0,,,0.0
滨州,jma_seamless,2026-06-19,3,2026-06-22,31.9,22.1,26.1,,33.7,48.1,6.6,,88.6,,,0.0
滨州,jma_seamless,2026-06-18,4,2026-06-22,28.0,22.6,25.8,,28.6,51.9,6.5,,74.7,,,0.0
滨州,jma_seamless,2026-06-17,5,2026-06-22,33.3,22.9,27.6,,34.4,40.7,8.6,,68.6,,,0.0
滨州,jma_seamless,2026-06-16,6,2026-06-22,36.1,22.2,27.2,,36.3,29.9,8.2,,46.2,,,0.0
滨州,jma_seamless,2026-06-15,7,2026-06-22,34.1,24.0,27.8,,35.1,37.8,6.1,,30.6,,,0.0
滨州,ecmwf_ifs025,2026-06-22,1,2026-06-23,32.4,17.6,26.8,,,,,,61.5,,,
滨州,ecmwf_ifs025,2026-06-21,2,2026-06-23,33.8,20.0,27.8,,,,,,80.5,,,
滨州,ecmwf_ifs025,2026-06-20,3,2026-06-23,33.8,20.1,27.8,,,,,,43.7,,,
滨州,ecmwf_ifs025,2026-06-19,4,2026-06-23,34.6,20.6,27.8,,,,,,50.5,,,
滨州,ecmwf_ifs025,2026-06-18,5,2026-06-23,34.5,20.7,28.8,,,,,,43.0,,,
滨州,ecmwf_ifs025,2026-06-17,6,2026-06-23,31.4,19.6,27.3,,,,,,52.6,,,
滨州,ecmwf_ifs025,2026-06-16,7,2026-06-23,25.8,20.4,26.0,,,,,,67.8,,,
滨州,jma_seamless,2026-06-22,1,2026-06-23,33.0,23.4,28.1,,34.9,44.9,7.7,,49.2,,,0.0
滨州,jma_seamless,2026-06-21,2,2026-06-23,32.3,23.9,27.8,,33.8,45.4,8.9,,70.3,,,0.0
滨州,jma_seamless,2026-06-20,3,2026-06-23,32.3,22.1,26.7,,33.9,45.6,6.9,,67.0,,,0.0
滨州,jma_seamless,2026-06-19,4,2026-06-23,32.2,23.1,27.8,,35.8,54.0,8.0,,45.1,,,0.0
滨州,jma_seamless,2026-06-18,5,2026-06-23,31.9,21.3,26.3,,32.6,42.4,5.6,,41.4,,,0.0
滨州,jma_seamless,2026-06-17,6,2026-06-23,33.4,23.2,27.2,,34.2,39.1,8.9,,17.5,,,0.0
滨州,jma_seamless,2026-06-16,7,2026-06-23,32.1,21.6,27.0,,33.7,46.4,7.3,,1.6,,,0.0
滨州,ecmwf_ifs025,2026-06-23,1,2026-06-24,31.8,22.0,28.4,,,,,,64.1,,,
滨州,ecmwf_ifs025,2026-06-22,2,2026-06-24,32.8,21.7,28.7,,,,,,44.0,,,
滨州,ecmwf_ifs025,2026-06-21,3,2026-06-24,31.2,21.4,28.2,,,,,,44.0,,,
滨州,ecmwf_ifs025,2026-06-20,4,2026-06-24,30.7,23.1,27.1,,,,,,33.7,,,
滨州,ecmwf_ifs025,2026-06-19,5,2026-06-24,31.5,22.6,27.6,,,,,,41.5,,,
滨州,ecmwf_ifs025,2026-06-18,6,2026-06-24,30.5,22.4,26.5,,,,,,73.1,,,
滨州,ecmwf_ifs025,2026-06-17,7,2026-06-24,31.9,19.2,27.4,,,,,,54.4,,,
滨州,jma_seamless,2026-06-23,1,2026-06-24,34.0,25.0,30.4,,37.4,46.9,5.9,,31.7,,,0.0
滨州,jma_seamless,2026-06-22,2,2026-06-24,33.5,24.4,29.6,,36.9,48.6,7.6,,48.5,,,0.0
滨州,jma_seamless,2026-06-21,3,2026-06-24,32.2,23.2,28.6,,35.1,51.6,7.5,,66.5,,,0.0
滨州,jma_seamless,2026-06-20,4,2026-06-24,32.6,23.6,28.4,,37.4,56.7,8.0,,41.0,,,0.0
滨州,jma_seamless,2026-06-19,5,2026-06-24,32.2,23.6,27.9,,35.5,53.0,7.2,,60.5,,,0.0
滨州,jma_seamless,2026-06-18,6,2026-06-24,32.8,24.7,28.2,,34.4,44.3,7.5,,47.9,,,0.0
滨州,jma_seamless,2026-06-17,7,2026-06-24,31.9,22.3,27.0,,33.4,46.4,8.8,,45.3,,,0.0
滨州,ecmwf_ifs025,2026-06-24,1,2026-06-25,28.7,19.7,24.7,,,,,,34.8,,,
滨州,ecmwf_ifs025,2026-06-23,2,2026-06-25,29.3,20.2,25.3,,,,,,24.9,,,
滨州,ecmwf_ifs025,2026-06-22,3,2026-06-25,31.6,20.2,26.7,,,,,,35.3,,,
滨州,ecmwf_ifs025,2026-06-21,4,2026-06-25,31.0,20.2,26.0,,,,,,25.4,,,
滨州,ecmwf_ifs025,2026-06-20,5,2026-06-25,28.1,19.5,24.1,,,,,,16.1,,,
滨州,ecmwf_ifs025,2026-06-19,6,2026-06-25,31.1,20.2,26.8,,,,,,40.8,,,
滨州,ecmwf_ifs025,2026-06-18,7,2026-06-25,33.0,21.5,28.2,,,,,,26.5,,,
滨州,jma_seamless,2026-06-24,1,2026-06-25,30.0,23.2,27.1,,31.0,49.9,8.6,,22.5,,,0.0
滨州,jma_seamless,2026-06-23,2,2026-06-25,31.4,24.1,27.1,,32.8,47.7,8.2,,30.3,,,0.0
滨州,jma_seamless,2026-06-22,3,2026-06-25,32.5,25.4,28.1,,32.9,39.5,7.5,,34.2,,,0.0
滨州,jma_seamless,2026-06-21,4,2026-06-25,33.5,24.2,28.8,,37.0,48.9,7.7,,33.0,,,0.0
滨州,jma_seamless,2026-06-20,5,2026-06-25,33.7,22.7,29.0,,40.4,57.5,3.8,,46.9,,,0.0
滨州,jma_seamless,2026-06-19,6,2026-06-25,36.2,23.5,29.6,,41.7,45.5,6.2,,33.2,,,0.0
滨州,jma_seamless,2026-06-18,7,2026-06-25,35.0,23.2,28.4,,38.6,44.4,7.7,,29.3,,,0.0
滨州,ecmwf_ifs025,2026-06-25,1,2026-06-26,33.7,18.0,26.8,,,,,,76.2,,,
滨州,ecmwf_ifs025,2026-06-24,2,2026-06-26,33.0,18.1,26.6,,,,,,68.5,,,
滨州,ecmwf_ifs025,2026-06-23,3,2026-06-26,32.4,17.9,26.8,,,,,,57.2,,,
滨州,ecmwf_ifs025,2026-06-22,4,2026-06-26,33.3,17.9,27.2,,,,,,52.3,,,
滨州,ecmwf_ifs025,2026-06-21,5,2026-06-26,34.5,19.9,27.7,,,,,,81.0,,,
滨州,ecmwf_ifs025,2026-06-20,6,2026-06-26,32.8,19.2,27.2,,,,,,63.8,,,
滨州,ecmwf_ifs025,2026-06-19,7,2026-06-26,29.6,19.6,26.3,,,,,,50.0,,,
滨州,jma_seamless,2026-06-25,1,2026-06-26,34.3,21.5,27.5,,34.9,35.9,4.5,,51.8,,,0.0
滨州,jma_seamless,2026-06-24,2,2026-06-26,34.1,22.8,28.1,,35.0,37.7,5.3,,61.0,,,0.0
滨州,jma_seamless,2026-06-23,3,2026-06-26,33.8,22.9,28.0,,35.3,40.8,6.0,,52.6,,,0.0
滨州,jma_seamless,2026-06-22,4,2026-06-26,33.7,22.8,28.2,,34.9,39.9,6.2,,56.8,,,0.0
滨州,jma_seamless,2026-06-21,5,2026-06-26,34.4,22.5,28.6,,37.3,44.0,4.0,,44.0,,,0.0
滨州,jma_seamless,2026-06-20,6,2026-06-26,36.6,24.6,29.0,,39.9,38.8,6.6,,34.1,,,0.0
滨州,jma_seamless,2026-06-19,7,2026-06-26,35.7,25.7,30.9,,38.8,40.8,8.0,,50.1,,,0.0
滨州,ecmwf_ifs025,2026-06-26,1,2026-06-27,36.0,21.9,29.1,,,,,,30.8,,,
滨州,ecmwf_ifs025,2026-06-25,2,2026-06-27,36.8,22.0,29.2,,,,,,21.5,,,
滨州,ecmwf_ifs025,2026-06-24,3,2026-06-27,37.6,20.4,29.7,,,,,,29.0,,,
滨州,ecmwf_ifs025,2026-06-23,4,2026-06-27,36.6,21.3,29.9,,,,,,31.5,,,
滨州,ecmwf_ifs025,2026-06-22,5,2026-06-27,37.4,22.4,30.2,,,,,,54.3,,,
滨州,ecmwf_ifs025,2026-06-21,6,2026-06-27,38.3,25.5,30.3,,,,,,21.0,,,
滨州,ecmwf_ifs025,2026-06-20,7,2026-06-27,37.2,23.8,30.2,,,,,,14.0,,,
滨州,jma_seamless,2026-06-26,1,2026-06-27,35.9,25.4,29.4,,36.1,30.3,5.2,,13.0,,,0.0
滨州,jma_seamless,2026-06-25,2,2026-06-27,36.7,25.9,29.5,,36.7,28.0,7.2,,3.6,,,0.0
滨州,jma_seamless,2026-06-24,3,2026-06-27,37.0,24.6,29.6,,39.3,34.9,8.1,,13.4,,,0.0
滨州,jma_seamless,2026-06-23,4,2026-06-27,36.6,25.1,29.3,,38.3,34.2,8.6,,18.8,,,0.0
滨州,jma_seamless,2026-06-22,5,2026-06-27,36.3,24.6,30.3,,38.2,35.5,6.8,,20.9,,,0.0
滨州,jma_seamless,2026-06-21,6,2026-06-27,35.9,23.3,30.4,,38.0,37.1,7.9,,34.5,,,0.0
滨州,jma_seamless,2026-06-20,7,2026-06-27,31.0,27.6,30.3,,31.6,44.7,6.6,,45.1,,,0.0
滨州,ecmwf_ifs025,2026-06-27,1,2026-06-28,36.8,24.8,30.7,,,,,,65.5,,,
滨州,ecmwf_ifs025,2026-06-26,2,2026-06-28,36.8,25.1,30.9,,,,,,79.9,,,
滨州,ecmwf_ifs025,2026-06-25,3,2026-06-28,38.3,27.0,31.4,,,,,,66.8,,,
滨州,ecmwf_ifs025,2026-06-24,4,2026-06-28,38.6,26.6,31.7,,,,,,64.6,,,
滨州,ecmwf_ifs025,2026-06-23,5,2026-06-28,37.9,25.1,31.1,,,,,,81.7,,,
滨州,ecmwf_ifs025,2026-06-22,6,2026-06-28,37.3,25.3,31.0,,,,,,59.8,,,
滨州,ecmwf_ifs025,2026-06-21,7,2026-06-28,30.9,25.8,30.3,,,,,,61.4,,,
滨州,jma_seamless,2026-06-27,1,2026-06-28,38.0,27.0,31.5,,39.4,29.9,7.6,,51.2,,,0.0
滨州,jma_seamless,2026-06-26,2,2026-06-28,38.8,27.1,31.8,,40.8,29.8,7.8,,38.9,,,0.0
滨州,jma_seamless,2026-06-25,3,2026-06-28,39.4,27.0,31.9,,43.5,33.4,10.6,,23.9,,,0.0
滨州,jma_seamless,2026-06-24,4,2026-06-28,38.8,26.5,31.8,,42.6,34.2,11.1,,33.2,,,0.0
滨州,jma_seamless,2026-06-23,5,2026-06-28,37.5,26.8,32.1,,40.9,36.7,9.3,,56.9,,,0.0
滨州,jma_seamless,2026-06-22,6,2026-06-28,38.5,28.6,33.3,,43.6,38.0,12.1,,12.7,,,0.0
滨州,jma_seamless,2026-06-21,7,2026-06-28,35.3,25.8,31.9,,38.7,42.8,6.2,,20.1,,,0.0
滨州,ecmwf_ifs025,2026-06-28,1,2026-06-29,30.0,21.9,28.4,,,,,,78.6,,,
滨州,ecmwf_ifs025,2026-06-27,2,2026-06-29,35.1,24.0,31.0,,,,,,81.0,,,
滨州,ecmwf_ifs025,2026-06-26,3,2026-06-29,33.5,23.3,31.5,,,,,,64.9,,,
滨州,ecmwf_ifs025,2026-06-25,4,2026-06-29,31.7,24.7,30.9,,,,,,75.2,,,
滨州,ecmwf_ifs025,2026-06-24,5,2026-06-29,30.4,22.7,29.2,,,,,,79.6,,,
滨州,ecmwf_ifs025,2026-06-23,6,2026-06-29,26.6,22.2,27.8,,,,,,56.1,,,
滨州,ecmwf_ifs025,2026-06-22,7,2026-06-29,35.2,22.7,31.5,,,,,,56.2,,,
滨州,jma_seamless,2026-06-28,1,2026-06-29,30.9,25.2,29.6,,35.6,63.8,9.7,,89.0,,,0.0
滨州,jma_seamless,2026-06-27,2,2026-06-29,34.0,24.8,30.6,,39.9,54.3,8.3,,77.8,,,0.0
滨州,jma_seamless,2026-06-26,3,2026-06-29,36.7,28.1,32.2,,41.3,41.9,9.6,,73.1,,,0.0
滨州,jma_seamless,2026-06-25,4,2026-06-29,38.8,27.6,33.0,,44.3,38.0,11.3,,79.5,,,0.0
滨州,jma_seamless,2026-06-24,5,2026-06-29,37.2,25.9,32.5,,43.2,43.6,9.8,,74.0,,,0.0
滨州,jma_seamless,2026-06-23,6,2026-06-29,36.5,24.5,32.8,,43.4,47.9,8.9,,75.0,,,0.0
滨州,jma_seamless,2026-06-22,7,2026-06-29,39.0,30.6,34.3,,42.0,31.8,10.9,,54.8,,,0.0
滨州,ecmwf_ifs025,2026-06-29,1,2026-06-30,30.2,22.2,30.0,,,,,,81.9,,,
滨州,ecmwf_ifs025,2026-06-28,2,2026-06-30,29.5,23.2,29.9,,,,,,83.7,,,
滨州,ecmwf_ifs025,2026-06-27,3,2026-06-30,32.3,24.3,31.6,,,,,,94.1,,,
滨州,ecmwf_ifs025,2026-06-26,4,2026-06-30,31.8,22.9,30.5,,,,,,87.5,,,
滨州,ecmwf_ifs025,2026-06-25,5,2026-06-30,34.4,22.2,32.0,,,,,,65.6,,,
滨州,ecmwf_ifs025,2026-06-24,6,2026-06-30,34.6,23.0,32.6,,,,,,43.3,,,
滨州,ecmwf_ifs025,2026-06-23,7,2026-06-30,31.8,22.5,30.9,,,,,,46.1,,,
滨州,jma_seamless,2026-06-29,1,2026-06-30,26.5,24.1,29.3,,,84.6,6.3,,90.6,,,0.0
滨州,jma_seamless,2026-06-28,2,2026-06-30,30.0,23.8,30.1,,36.8,76.7,5.2,,84.0,,,0.0
滨州,jma_seamless,2026-06-27,3,2026-06-30,28.1,24.7,30.9,,30.9,70.1,7.4,,68.0,,,0.0
滨州,jma_seamless,2026-06-26,4,2026-06-30,34.7,23.7,30.5,,43.5,58.5,7.6,,55.8,,,0.0
滨州,jma_seamless,2026-06-25,5,2026-06-30,32.8,26.6,31.3,,38.5,58.6,11.2,,42.0,,,0.0
滨州,jma_seamless,2026-06-24,6,2026-06-30,38.3,23.4,33.3,,51.4,53.1,10.4,,85.2,,,0.0
滨州,jma_seamless,2026-06-23,7,2026-06-30,32.6,25.4,32.4,,40.5,65.7,7.3,,72.5,,,0.0
滨州,gfs_seamless,2026-07-14,1,2026-07-15,29.5,21.1,28.4,,34.5,73.1,12.9,,,,,0.0
滨州,gfs_seamless,2026-07-13,2,2026-07-15,26.2,22.5,26.5,,,73.6,11.1,,,,,0.0
滨州,gfs_seamless,2026-07-12,3,2026-07-15,29.7,21.7,27.7,,35.8,76.4,12.4,,,,,0.0
滨州,gfs_seamless,2026-07-11,4,2026-07-15,32.7,23.3,31.3,,42.6,70.2,9.5,,,,,0.0
滨州,gfs_seamless,2026-07-10,5,2026-07-15,35.2,20.8,31.8,,49.4,67.0,10.2,,,,,0.0
滨州,gfs_seamless,2026-07-09,6,2026-07-15,30.3,23.5,29.3,,38.2,78.7,14.8,,,,,0.0
滨州,gfs_seamless,2026-07-08,7,2026-07-15,27.9,23.2,28.3,,32.0,81.0,12.7,,,,,0.0
滨州,gfs_seamless,2026-07-15,1,2026-07-16,35.4,24.4,32.8,,49.2,65.4,11.4,,,,,0.0
滨州,gfs_seamless,2026-07-14,2,2026-07-16,35.1,22.9,32.2,,48.8,66.7,10.5,,,,,0.0
滨州,gfs_seamless,2026-07-13,3,2026-07-16,32.9,23.7,30.7,,41.3,65.4,9.3,,,,,0.0
滨州,gfs_seamless,2026-07-12,4,2026-07-16,33.4,20.9,29.5,,42.1,64.0,10.4,,,,,0.0
滨州,gfs_seamless,2026-07-11,5,2026-07-16,36.8,22.6,33.2,,49.9,58.5,8.3,,,,,0.0
滨州,gfs_seamless,2026-07-10,6,2026-07-16,36.6,23.9,31.5,,45.0,50.6,11.2,,,,,0.0
滨州,gfs_seamless,2026-07-09,7,2026-07-16,34.2,22.8,31.3,,43.8,62.5,11.4,,,,,0.0
滨州,gfs_seamless,2026-07-16,1,2026-07-17,27.4,19.9,25.2,,31.2,84.6,14.6,,,,,0.0
滨州,gfs_seamless,2026-07-15,2,2026-07-17,26.9,19.6,24.2,,,87.5,13.3,,,,,0.0
滨州,gfs_seamless,2026-07-14,3,2026-07-17,31.4,21.8,29.5,,39.8,73.4,9.9,,,,,0.0
滨州,gfs_seamless,2026-07-13,4,2026-07-17,35.1,23.1,32.0,,49.0,67.0,9.0,,,,,0.0
滨州,gfs_seamless,2026-07-12,5,2026-07-17,26.6,23.2,27.5,,,84.5,11.9,,,,,0.0
滨州,gfs_seamless,2026-07-11,6,2026-07-17,36.6,22.1,32.0,,51.3,62.0,11.7,,,,,0.0
滨州,gfs_seamless,2026-07-10,7,2026-07-17,35.4,25.0,30.9,,43.9,55.1,11.7,,,,,0.0
滨州,gfs_seamless,2026-07-17,1,2026-07-18,31.4,19.5,27.7,,37.2,65.3,7.7,,,,,0.0
滨州,gfs_seamless,2026-07-16,2,2026-07-18,30.9,19.7,28.4,,37.2,69.4,5.8,,,,,0.0
滨州,gfs_seamless,2026-07-15,3,2026-07-18,30.2,19.4,26.5,,36.0,72.0,9.3,,,,,0.0
滨州,gfs_seamless,2026-07-14,4,2026-07-18,33.6,20.7,29.2,,40.1,57.5,9.3,,,,,0.0
滨州,gfs_seamless,2026-07-13,5,2026-07-18,35.0,22.9,31.0,,48.4,66.5,12.2,,,,,0.0
滨州,gfs_seamless,2026-07-12,6,2026-07-18,30.5,19.6,28.6,,39.0,79.2,10.1,,,,,0.0
滨州,gfs_seamless,2026-07-11,7,2026-07-18,28.2,19.6,25.8,,32.1,76.7,12.6,,,,,0.0
滨州,gfs_seamless,2026-07-18,1,2026-07-19,34.8,24.2,31.3,,43.2,57.3,10.3,,,,,0.0
滨州,gfs_seamless,2026-07-17,2,2026-07-19,33.0,23.1,30.2,,39.8,60.8,9.1,,,,,0.0
滨州,gfs_seamless,2026-07-16,3,2026-07-19,33.4,23.8,31.4,,41.9,63.5,10.3,,,,,0.0
滨州,gfs_seamless,2026-07-15,4,2026-07-19,32.5,22.0,29.2,,39.8,64.5,13.0,,,,,0.0
滨州,gfs_seamless,2026-07-14,5,2026-07-19,35.0,23.4,31.0,,44.4,58.6,14.1,,,,,0.0
滨州,gfs_seamless,2026-07-13,6,2026-07-19,35.7,22.4,30.7,,51.0,66.8,13.7,,,,,0.0
滨州,gfs_seamless,2026-07-12,7,2026-07-19,33.9,20.3,30.7,,45.9,69.0,8.2,,,,,0.0
滨州,gfs_seamless,2026-07-19,1,2026-07-20,34.2,24.7,31.9,,43.2,61.0,12.2,,,,,0.0
滨州,gfs_seamless,2026-07-18,2,2026-07-20,36.1,24.8,32.0,,49.4,61.6,14.0,,,,,0.0
滨州,gfs_seamless,2026-07-17,3,2026-07-20,36.7,24.1,32.9,,50.1,59.5,12.2,,,,,0.0
滨州,gfs_seamless,2026-07-16,4,2026-07-20,35.6,24.6,32.6,,47.4,60.9,12.0,,,,,0.0
滨州,gfs_seamless,2026-07-15,5,2026-07-20,35.0,24.9,32.2,,45.9,61.8,14.2,,,,,0.0
滨州,gfs_seamless,2026-07-14,6,2026-07-20,37.9,24.3,33.3,,51.7,55.6,10.2,,,,,0.0
滨州,gfs_seamless,2026-07-13,7,2026-07-20,32.9,21.2,29.1,,44.0,72.0,15.2,,,,,0.0
滨州,gfs_seamless,2026-07-20,1,2026-07-21,35.3,24.5,33.5,,47.6,63.2,8.9,,,,,0.0
滨州,gfs_seamless,2026-07-19,2,2026-07-21,35.4,24.3,32.9,,47.1,61.6,10.5,,,,,0.0
滨州,gfs_seamless,2026-07-18,3,2026-07-21,35.6,25.3,33.6,,47.5,61.2,12.1,,,,,0.0
滨州,gfs_seamless,2026-07-17,4,2026-07-21,37.5,24.8,34.4,,53.1,59.9,11.2,,,,,0.0
滨州,gfs_seamless,2026-07-16,5,2026-07-21,35.8,24.4,33.1,,48.4,61.6,10.5,,,,,0.0
滨州,gfs_seamless,2026-07-15,6,2026-07-21,35.6,25.4,34.1,,47.8,61.8,9.4,,,,,0.0
滨州,gfs_seamless,2026-07-14,7,2026-07-21,37.2,25.1,34.7,,54.6,63.8,7.5,,,,,0.0
滨州,gfs_seamless,2026-07-21,1,2026-07-22,35.2,24.0,31.4,,51.3,70.4,12.0,,,,,0.0
滨州,gfs_seamless,2026-07-20,2,2026-07-22,34.6,23.6,31.8,,51.0,73.8,8.8,,,,,0.0
滨州,gfs_seamless,2026-07-19,3,2026-07-22,36.9,26.3,34.1,,50.6,59.2,11.9,,,,,0.0
滨州,gfs_seamless,2026-07-18,4,2026-07-22,35.8,23.4,32.7,,51.1,66.4,9.6,,,,,0.0
滨州,gfs_seamless,2026-07-17,5,2026-07-22,36.5,24.8,33.8,,51.6,63.0,11.2,,,,,0.0
滨州,gfs_seamless,2026-07-16,6,2026-07-22,36.0,24.5,32.6,,53.4,68.8,11.5,,,,,0.0
滨州,gfs_seamless,2026-07-15,7,2026-07-22,35.8,24.9,34.2,,53.7,70.5,8.0,,,,,0.0
滨州,gfs_seamless,2026-07-22,1,2026-07-23,35.5,24.3,31.6,,50.3,66.8,7.6,,,,,0.0
滨州,gfs_seamless,2026-07-21,2,2026-07-23,35.2,24.3,32.4,,51.3,70.4,9.7,,,,,0.0
滨州,gfs_seamless,2026-07-20,3,2026-07-23,35.0,25.4,32.9,,47.7,65.2,12.5,,,,,0.0
滨州,gfs_seamless,2026-07-19,4,2026-07-23,35.8,24.4,32.4,,51.9,67.6,8.8,,,,,0.0
滨州,gfs_seamless,2026-07-18,5,2026-07-23,34.7,25.3,32.3,,46.5,64.8,14.7,,,,,0.0
滨州,gfs_seamless,2026-07-17,6,2026-07-23,35.7,24.4,33.4,,51.6,67.8,9.5,,,,,0.0
滨州,gfs_seamless,2026-07-16,7,2026-07-23,36.1,24.9,34.4,,51.1,64.5,8.6,,,,,0.0
滨州,gfs_seamless,2026-07-23,1,2026-07-24,33.0,25.2,32.8,,43.9,71.1,6.7,,,,,0.0
滨州,gfs_seamless,2026-07-22,2,2026-07-24,34.9,24.1,33.0,,49.0,68.2,9.1,,,,,0.0
滨州,gfs_seamless,2026-07-21,3,2026-07-24,34.0,23.7,31.8,,48.5,73.4,10.0,,,,,0.0
滨州,gfs_seamless,2026-07-20,4,2026-07-24,33.6,23.7,32.6,,47.7,74.7,9.8,,,,,0.0
滨州,gfs_seamless,2026-07-19,5,2026-07-24,35.2,24.4,33.9,,48.2,65.0,7.6,,,,,0.0
滨州,gfs_seamless,2026-07-18,6,2026-07-24,35.4,23.4,33.2,,50.9,68.5,8.2,,,,,0.0
滨州,gfs_seamless,2026-07-17,7,2026-07-24,36.8,25.5,33.9,,55.6,67.5,9.1,,,,,0.0
滨州,gfs_seamless,2026-07-24,1,2026-07-25,32.5,25.0,32.7,,42.8,72.1,6.5,,,,,0.0
滨州,gfs_seamless,2026-07-23,2,2026-07-25,34.7,24.9,33.6,,49.9,71.1,7.4,,,,,0.0
滨州,gfs_seamless,2026-07-22,3,2026-07-25,35.7,23.5,32.9,,54.8,72.9,7.0,,,,,0.0
滨州,gfs_seamless,2026-07-21,4,2026-07-25,32.1,21.3,30.3,,45.3,81.4,9.0,,,,,0.0
滨州,gfs_seamless,2026-07-20,5,2026-07-25,33.7,25.9,33.8,,45.0,68.5,6.5,,,,,0.0
滨州,gfs_seamless,2026-07-19,6,2026-07-25,36.0,26.8,34.8,,50.2,63.6,9.1,,,,,0.0
滨州,gfs_seamless,2026-07-18,7,2026-07-25,36.5,25.8,34.4,,56.8,70.9,6.4,,,,,0.0
滨州,gfs_seamless,2026-07-25,1,2026-07-26,35.1,24.3,33.4,,48.0,65.2,6.9,,,,,0.0
滨州,gfs_seamless,2026-07-24,2,2026-07-26,35.4,23.6,33.5,,51.2,69.0,5.7,,,,,0.0
滨州,gfs_seamless,2026-07-23,3,2026-07-26,33.9,22.6,30.4,,51.2,79.0,9.5,,,,,0.0
滨州,gfs_seamless,2026-07-22,4,2026-07-26,36.2,24.0,34.7,,54.9,69.9,6.8,,,,,0.0
滨州,gfs_seamless,2026-07-21,5,2026-07-26,33.8,23.4,31.6,,50.0,77.5,10.5,,,,,0.0
滨州,gfs_seamless,2026-07-20,6,2026-07-26,36.0,25.8,34.6,,51.9,66.5,7.2,,,,,0.0
滨州,gfs_seamless,2026-07-19,7,2026-07-26,33.4,25.1,33.3,,46.1,72.8,10.8,,,,,0.0
滨州,gfs_seamless,2026-07-26,1,2026-07-27,36.4,25.4,34.1,,52.5,65.0,7.8,,,,,0.0
滨州,gfs_seamless,2026-07-25,2,2026-07-27,35.2,25.7,34.5,,50.6,69.1,8.9,,,,,0.0
滨州,gfs_seamless,2026-07-24,3,2026-07-27,33.7,24.4,32.6,,48.1,74.7,7.8,,,,,0.0
滨州,gfs_seamless,2026-07-23,4,2026-07-27,33.3,24.5,33.2,,46.8,75.0,8.9,,,,,0.0
滨州,gfs_seamless,2026-07-22,5,2026-07-27,33.5,24.3,33.3,,49.0,77.8,8.5,,,,,0.0
滨州,gfs_seamless,2026-07-21,6,2026-07-27,34.9,24.8,33.6,,53.4,75.8,6.5,,,,,0.0
滨州,gfs_seamless,2026-07-20,7,2026-07-27,36.3,27.9,36.8,,50.6,62.5,8.3,,,,,0.0
滨州,gfs_seamless,2026-07-27,1,2026-07-28,35.7,25.4,33.3,,52.5,69.2,9.1,,,,,0.0
滨州,gfs_seamless,2026-07-26,2,2026-07-28,38.4,24.8,34.8,,60.5,65.4,8.1,,,,,0.0
滨州,gfs_seamless,2026-07-25,3,2026-07-28,38.1,26.9,36.2,,56.8,62.0,8.3,,,,,0.0
滨州,gfs_seamless,2026-07-24,4,2026-07-28,34.6,26.1,32.7,,47.4,67.3,11.9,,,,,0.0
滨州,gfs_seamless,2026-07-23,5,2026-07-28,33.9,25.5,32.2,,49.9,76.6,9.9,,,,,0.0
滨州,gfs_seamless,2026-07-22,6,2026-07-28,35.4,27.1,35.4,,51.7,69.8,10.2,,,,,0.0
滨州,gfs_seamless,2026-07-21,7,2026-07-28,35.3,25.8,34.0,,55.1,75.9,10.3,,,,,0.0
滨州,ecmwf_ifs025,2026-07-28,1,2026-07-29,37.0,27.0,36.8,,53.4,63.0,8.8,,,23.65,0.3,
滨州,ecmwf_ifs025,2026-07-27,2,2026-07-29,37.9,26.2,37.1,,59.2,66.4,7.6,,,22.83,1.8,
滨州,ecmwf_ifs025,2026-07-26,3,2026-07-29,36.2,27.2,37.2,,53.9,68.4,8.6,,,24.03,0.9,
滨州,ecmwf_ifs025,2026-07-25,4,2026-07-29,37.3,26.4,36.8,,57.2,66.9,9.1,,,24.0,0.3,
滨州,ecmwf_ifs025,2026-07-24,5,2026-07-29,33.1,25.2,34.6,,48.1,79.2,10.2,,,20.28,5.7,
滨州,ecmwf_ifs025,2026-07-23,6,2026-07-29,29.7,25.1,32.2,,39.0,88.1,12.5,,,15.64,40.2,
滨州,ecmwf_ifs025,2026-07-22,7,2026-07-29,34.4,26.6,34.9,,50.8,74.8,11.2,,,22.5,3.6,
滨州,gfs_seamless,2026-07-28,1,2026-07-29,35.5,25.2,34.5,,50.4,67.0,10.5,31.0,65.9,22.54,0.9,0.0
滨州,gfs_seamless,2026-07-27,2,2026-07-29,34.4,24.5,33.0,,47.5,68.8,12.6,33.8,38.6,20.7,3.4,0.0
滨州,gfs_seamless,2026-07-26,3,2026-07-29,35.7,26.0,34.0,,51.9,68.2,9.2,33.8,33.8,19.15,0.3,0.0
滨州,gfs_seamless,2026-07-25,4,2026-07-29,35.9,26.6,34.8,,49.3,62.6,10.6,31.0,16.2,24.99,0.0,0.0
滨州,gfs_seamless,2026-07-24,5,2026-07-29,36.5,25.1,33.4,,55.4,68.9,12.1,31.3,80.7,21.23,0.0,0.0
滨州,gfs_seamless,2026-07-23,6,2026-07-29,37.6,25.2,35.1,,59.5,68.3,11.1,35.6,92.2,23.94,0.0,0.0
滨州,gfs_seamless,2026-07-22,7,2026-07-29,37.9,26.0,36.4,,58.0,64.8,13.1,40.0,53.5,23.96,0.0,0.0
滨州,ecmwf_ifs025,2026-07-29,1,2026-07-30,35.4,27.2,35.8,,49.3,65.7,12.6,,,22.83,1.5,
滨州,ecmwf_ifs025,2026-07-28,2,2026-07-30,35.2,27.1,35.7,,48.8,66.0,12.2,,,22.09,3.3,
滨州,ecmwf_ifs025,2026-07-27,3,2026-07-30,36.9,25.9,36.2,,55.3,66.5,11.4,,,21.63,0.9,
滨州,ecmwf_ifs025,2026-07-26,4,2026-07-30,35.4,26.7,36.1,,50.9,68.4,8.5,,,22.34,2.7,
滨州,ecmwf_ifs025,2026-07-25,5,2026-07-30,36.9,26.8,36.0,,53.8,64.3,12.3,,,24.06,0.9,
滨州,ecmwf_ifs025,2026-07-24,6,2026-07-30,34.8,24.5,34.0,,50.7,72.0,17.2,,,22.92,37.8,
滨州,ecmwf_ifs025,2026-07-23,7,2026-07-30,32.7,25.1,33.7,,49.0,84.0,15.9,,,18.9,6.6,
滨州,gfs_seamless,2026-07-29,1,2026-07-30,35.1,25.7,34.4,,51.1,70.7,12.9,34.9,93.0,17.61,0.0,0.0
滨州,gfs_seamless,2026-07-28,2,2026-07-30,36.0,25.8,34.2,,52.4,67.3,14.0,37.1,90.8,21.14,1.3,0.0
滨州,gfs_seamless,2026-07-27,3,2026-07-30,33.6,25.1,33.3,,43.8,66.4,12.3,38.9,47.4,16.4,0.4,0.0
滨州,gfs_seamless,2026-07-26,4,2026-07-30,34.9,26.3,34.4,,47.9,66.2,11.1,34.6,39.3,16.87,0.0,0.0
滨州,gfs_seamless,2026-07-25,5,2026-07-30,37.5,25.5,34.1,,51.2,56.9,13.1,36.0,19.5,26.67,0.0,0.0
滨州,gfs_seamless,2026-07-24,6,2026-07-30,35.8,25.2,33.2,,53.5,70.2,14.2,40.7,73.0,19.41,0.0,0.0
滨州,gfs_seamless,2026-07-23,7,2026-07-30,37.9,25.7,35.7,,59.2,66.3,12.4,40.0,42.5,25.54,0.1,0.0
滨州,ecmwf_ifs025,2026-07-30,1,2026-07-31,35.6,27.8,35.9,,49.7,65.2,15.2,,,20.63,1.8,
滨州,ecmwf_ifs025,2026-07-29,2,2026-07-31,37.5,27.7,36.4,,54.7,62.3,15.3,,,23.82,0.0,
滨州,ecmwf_ifs025,2026-07-28,3,2026-07-31,37.5,27.2,36.4,,54.9,62.5,16.0,,,23.88,0.6,
滨州,ecmwf_ifs025,2026-07-27,4,2026-07-31,38.4,27.0,37.0,,57.5,61.4,14.1,,,24.51,0.3,
滨州,ecmwf_ifs025,2026-07-26,5,2026-07-31,34.0,26.6,35.0,,47.2,70.9,15.0,,,19.44,2.4,
滨州,ecmwf_ifs025,2026-07-25,6,2026-07-31,38.5,28.0,36.3,,58.5,62.3,17.8,,,24.35,2.1,
滨州,ecmwf_ifs025,2026-07-24,7,2026-07-31,35.7,28.3,36.5,,51.7,67.9,17.4,,,23.85,0.3,
滨州,gfs_seamless,2026-07-30,1,2026-07-31,36.6,27.0,34.6,,52.9,64.5,16.1,38.5,92.4,19.98,0.0,0.0
滨州,gfs_seamless,2026-07-29,2,2026-07-31,36.3,26.8,35.0,,51.0,63.2,16.0,38.5,83.0,24.33,0.0,0.0
滨州,gfs_seamless,2026-07-28,3,2026-07-31,36.8,27.0,34.8,,52.8,63.2,15.7,35.6,53.7,22.82,0.0,0.0
滨州,gfs_seamless,2026-07-27,4,2026-07-31,37.1,26.4,34.4,,53.4,62.5,16.2,41.0,7.1,25.47,0.1,0.0
滨州,gfs_seamless,2026-07-26,5,2026-07-31,37.7,26.9,34.9,,55.3,62.0,13.3,33.8,20.5,23.8,0.0,0.0
滨州,gfs_seamless,2026-07-25,6,2026-07-31,34.0,25.5,33.9,,43.8,63.8,11.0,36.7,53.9,16.9,0.0,0.0
滨州,gfs_seamless,2026-07-24,7,2026-07-31,36.6,25.3,34.4,,51.8,62.8,17.1,41.4,19.6,26.12,0.0,0.0
滨州,ecmwf_ifs025,2026-07-31,1,2026-08-01,37.6,29.2,37.3,,52.1,57.8,15.1,,,23.04,0.9,
滨州,ecmwf_ifs025,2026-07-30,2,2026-08-01,37.0,28.6,36.9,,51.4,60.0,15.3,,,21.04,1.2,
滨州,ecmwf_ifs025,2026-07-29,3,2026-08-01,38.1,29.0,37.3,,54.3,58.5,15.3,,,23.6,0.3,
滨州,ecmwf_ifs025,2026-07-28,4,2026-08-01,39.2,25.5,37.1,,59.9,60.5,14.7,,,24.53,3.0,
滨州,ecmwf_ifs025,2026-07-27,5,2026-08-01,39.0,28.7,37.6,,56.3,56.8,14.0,,,23.87,0.3,
滨州,ecmwf_ifs025,2026-07-26,6,2026-08-01,38.6,26.4,37.5,,63.3,67.8,13.8,,,23.51,3.6,
滨州,ecmwf_ifs025,2026-07-25,7,2026-08-01,39.6,30.4,36.9,,58.2,56.4,17.7,,,25.16,0.0,
滨州,gfs_seamless,2026-07-31,1,2026-08-01,37.7,27.9,35.8,,53.9,60.0,17.2,40.3,56.7,24.7,0.0,0.0
滨州,gfs_seamless,2026-07-30,2,2026-08-01,37.2,27.8,34.9,,52.9,61.2,19.5,40.3,83.3,22.37,0.0,0.0
滨州,gfs_seamless,2026-07-29,3,2026-08-01,36.0,27.7,34.9,,50.5,64.2,15.8,36.4,88.9,19.03,0.0,0.0
滨州,gfs_seamless,2026-07-28,4,2026-08-01,37.2,27.8,35.3,,52.1,60.0,16.3,41.8,5.0,26.02,0.0,0.0
滨州,gfs_seamless,2026-07-27,5,2026-08-01,37.4,26.8,34.8,,52.7,59.8,17.4,36.7,10.7,26.37,0.0,0.0
滨州,gfs_seamless,2026-07-26,6,2026-08-01,38.0,26.8,35.2,,55.5,60.8,14.8,36.4,29.7,23.6,0.0,0.0
滨州,gfs_seamless,2026-07-25,7,2026-08-01,37.4,26.6,34.3,,52.7,59.8,17.4,38.2,43.4,22.62,0.0,0.0
滨州,ecmwf_ifs025,2026-08-01,1,2026-08-02,39.8,29.4,38.1,,55.4,51.8,13.8,,,24.23,0.0,
滨州,ecmwf_ifs025,2026-07-31,2,2026-08-02,39.4,29.2,38.2,,55.9,54.4,13.1,,,24.04,0.0,
滨州,ecmwf_ifs025,2026-07-30,3,2026-08-02,39.3,29.1,38.3,,56.2,55.2,12.4,,,24.16,0.0,
滨州,ecmwf_ifs025,2026-07-29,4,2026-08-02,39.8,29.2,38.4,,56.7,53.5,11.7,,,24.12,0.0,
滨州,ecmwf_ifs025,2026-07-28,5,2026-08-02,40.3,28.5,38.3,,59.1,54.3,12.3,,,23.89,0.0,
滨州,ecmwf_ifs025,2026-07-27,6,2026-08-02,39.8,29.7,38.5,,57.5,54.6,12.1,,,23.38,0.0,
滨州,ecmwf_ifs025,2026-07-26,7,2026-08-02,40.3,29.9,39.0,,64.0,60.2,14.4,,,24.02,0.6,
滨州,gfs_seamless,2026-08-01,1,2026-08-02,38.0,28.1,36.1,,53.7,58.2,16.0,36.7,1.3,26.06,0.0,0.0
滨州,gfs_seamless,2026-07-31,2,2026-08-02,38.2,28.0,36.4,,54.2,57.8,15.5,42.1,8.2,25.89,0.0,0.0
滨州,gfs_seamless,2026-07-30,3,2026-08-02,39.1,27.0,35.6,,58.7,59.5,15.0,37.4,20.1,21.55,0.2,0.0
滨州,gfs_seamless,2026-07-29,4,2026-08-02,37.4,27.6,35.1,,53.7,61.3,12.6,37.8,35.6,18.71,0.2,0.0
滨州,gfs_seamless,2026-07-28,5,2026-08-02,35.9,27.4,35.5,,48.5,61.3,10.7,36.0,49.1,16.93,0.0,0.0
滨州,gfs_seamless,2026-07-27,6,2026-08-02,38.0,27.1,35.7,,53.7,58.1,14.7,35.6,14.5,25.97,0.0,0.0
滨州,gfs_seamless,2026-07-26,7,2026-08-02,36.8,27.2,35.9,,52.4,62.7,8.7,36.7,42.2,16.56,0.6,0.0
滨州,ecmwf_ifs025,2026-08-02,1,2026-08-03,39.7,29.8,38.4,,53.7,49.9,11.3,,,23.55,0.0,
滨州,ecmwf_ifs025,2026-08-01,2,2026-08-03,39.6,29.7,38.6,,53.1,49.5,10.9,,,23.62,0.0,
滨州,ecmwf_ifs025,2026-07-31,3,2026-08-03,39.8,29.6,38.7,,54.3,50.2,10.8,,,23.26,0.0,
滨州,ecmwf_ifs025,2026-07-30,4,2026-08-03,39.2,29.1,37.9,,52.3,50.2,12.1,,,23.98,0.0,
滨州,ecmwf_ifs025,2026-07-29,5,2026-08-03,39.6,28.8,38.2,,54.5,51.5,10.5,,,23.7,0.0,
滨州,ecmwf_ifs025,2026-07-28,6,2026-08-03,39.9,30.6,39.0,,55.4,51.3,9.8,,,23.23,0.3,
滨州,ecmwf_ifs025,2026-07-27,7,2026-08-03,39.0,30.1,38.6,,54.3,54.1,8.0,,,22.8,1.2,
滨州,gfs_seamless,2026-08-02,1,2026-08-03,39.0,27.9,36.3,,56.5,57.1,13.6,34.6,12.2,23.49,0.3,0.0
滨州,gfs_seamless,2026-08-01,2,2026-08-03,38.9,28.2,36.7,,55.3,56.0,12.6,34.9,7.2,23.97,0.0,0.0
滨州,gfs_seamless,2026-07-31,3,2026-08-03,38.4,27.5,36.0,,56.4,60.0,10.4,30.6,13.4,21.84,0.0,0.0
滨州,gfs_seamless,2026-07-30,4,2026-08-03,38.9,26.6,35.5,,56.3,57.3,11.8,31.0,24.6,22.91,0.9,0.0
滨州,gfs_seamless,2026-07-29,5,2026-08-03,36.6,27.3,34.6,,52.1,63.3,11.3,31.3,47.5,15.12,5.5,0.0
滨州,gfs_seamless,2026-07-28,6,2026-08-03,38.0,26.7,35.6,,53.6,58.0,12.1,31.3,30.7,22.09,0.3,0.0
滨州,gfs_seamless,2026-07-27,7,2026-08-03,39.0,25.8,35.4,,57.2,58.1,12.2,38.5,29.1,22.27,0.6,0.0
滨州,ecmwf_ifs025,2026-08-03,1,2026-08-04,40.9,29.5,38.7,,58.7,51.2,7.2,,,23.5,2.7,
滨州,ecmwf_ifs025,2026-08-02,2,2026-08-04,40.7,29.3,38.3,,58.8,52.2,8.9,,,23.66,2.7,
滨州,ecmwf_ifs025,2026-08-01,3,2026-08-04,40.7,29.3,39.0,,55.7,48.2,7.4,,,24.02,0.6,
滨州,ecmwf_ifs025,2026-07-31,4,2026-08-04,40.3,29.2,38.8,,54.6,48.4,7.9,,,23.94,0.6,
滨州,ecmwf_ifs025,2026-07-30,5,2026-08-04,39.9,28.9,38.1,,56.3,52.5,8.1,,,22.4,1.2,
滨州,ecmwf_ifs025,2026-07-29,6,2026-08-04,40.3,28.6,38.4,,62.0,57.9,6.9,,,23.08,2.4,
滨州,ecmwf_ifs025,2026-07-28,7,2026-08-04,40.8,30.6,38.7,,56.3,48.5,7.7,,,23.73,0.6,
滨州,gfs_seamless,2026-08-03,1,2026-08-04,39.3,27.1,36.3,,62.8,63.6,9.5,36.7,24.3,23.32,5.7,0.0
滨州,gfs_seamless,2026-08-02,2,2026-08-04,38.6,26.0,35.2,,62.6,66.9,9.7,36.4,34.7,21.92,10.0,0.0
滨州,gfs_seamless,2026-08-01,3,2026-08-04,38.5,27.7,36.4,,56.5,59.6,9.0,37.1,59.3,20.83,0.0,0.0
滨州,gfs_seamless,2026-07-31,4,2026-08-04,38.0,26.9,36.2,,53.9,58.5,10.5,33.5,35.7,25.34,1.1,0.0
滨州,gfs_seamless,2026-07-30,5,2026-08-04,39.0,26.8,35.4,,57.2,58.0,10.5,34.6,37.8,22.94,0.6,0.0
滨州,gfs_seamless,2026-07-29,6,2026-08-04,36.9,26.5,34.3,,54.2,64.8,9.4,28.8,36.0,18.02,1.4,0.0
滨州,gfs_seamless,2026-07-28,7,2026-08-04,39.1,26.4,35.5,,57.2,57.5,11.0,19.8,14.2,25.98,0.3,0.0
滨州,ecmwf_ifs025,2026-08-04,1,2026-08-05,39.0,26.5,36.9,,53.7,53.2,6.6,,,25.05,0.0,
滨州,ecmwf_ifs025,2026-08-03,2,2026-08-05,40.4,29.4,37.1,,52.5,44.9,8.4,,,25.11,0.0,
滨州,ecmwf_ifs025,2026-08-02,3,2026-08-05,40.2,27.8,38.6,,60.1,56.0,7.6,,,23.14,0.6,
滨州,ecmwf_ifs025,2026-08-01,4,2026-08-05,40.3,30.1,39.1,,55.7,49.9,8.4,,,21.75,0.3,
滨州,ecmwf_ifs025,2026-07-31,5,2026-08-05,39.8,30.0,38.4,,53.4,49.0,6.0,,,24.02,0.0,
滨州,ecmwf_ifs025,2026-07-30,6,2026-08-05,39.1,28.5,37.7,,58.6,59.4,5.6,,,22.48,0.3,
滨州,ecmwf_ifs025,2026-07-29,7,2026-08-05,39.3,28.7,38.1,,55.9,54.8,6.4,,,23.31,0.9,
滨州,gfs_seamless,2026-08-04,1,2026-08-05,37.0,25.4,35.3,,52.7,62.0,6.9,22.0,61.0,24.69,0.0,0.0
滨州,gfs_seamless,2026-08-03,2,2026-08-05,36.3,25.5,35.4,,51.8,64.5,7.3,26.6,61.9,24.27,0.0,0.0
滨州,gfs_seamless,2026-08-02,3,2026-08-05,36.9,26.0,34.8,,52.2,61.8,8.5,25.6,76.0,24.4,0.0,0.0
滨州,gfs_seamless,2026-08-01,4,2026-08-05,37.1,26.5,34.9,,50.2,57.5,9.0,26.6,85.7,21.94,0.0,0.0
滨州,gfs_seamless,2026-07-31,5,2026-08-05,36.5,26.4,34.4,,49.4,59.4,9.0,23.4,68.6,25.44,0.0,0.0
滨州,gfs_seamless,2026-07-30,6,2026-08-05,37.5,25.7,34.0,,54.0,61.2,9.4,36.4,46.2,24.81,0.5,0.0
滨州,gfs_seamless,2026-07-29,7,2026-08-05,31.3,24.3,32.1,,41.2,78.1,8.3,24.1,81.0,14.78,6.6,0.0
滨州,ecmwf_ifs025,2026-08-05,1,2026-08-06,38.2,27.0,37.0,,55.7,60.0,8.1,,,24.67,0.0,
滨州,ecmwf_ifs025,2026-08-04,2,2026-08-06,38.9,26.6,36.5,,52.6,52.0,8.1,,,24.81,0.0,
滨州,ecmwf_ifs025,2026-08-03,3,2026-08-06,40.1,27.1,36.3,,53.0,47.0,8.7,,,24.04,0.0,
滨州,ecmwf_ifs025,2026-08-02,4,2026-08-06,39.3,27.4,36.4,,51.6,48.6,9.3,,,22.1,0.3,
滨州,ecmwf_ifs025,2026-08-01,5,2026-08-06,40.2,27.8,36.9,,53.0,46.6,8.5,,,23.97,0.0,
滨州,ecmwf_ifs025,2026-07-31,6,2026-08-06,40.1,28.3,37.2,,54.5,49.2,7.1,,,23.95,0.0,
滨州,ecmwf_ifs025,2026-07-30,7,2026-08-06,40.2,28.7,36.6,,53.9,47.9,7.3,,,24.52,0.0,
滨州,gfs_seamless,2026-08-05,1,2026-08-06,37.8,26.5,34.7,,50.4,54.1,7.8,25.2,58.6,24.94,0.0,0.0
滨州,gfs_seamless,2026-08-04,2,2026-08-06,37.7,26.4,34.8,,49.1,52.4,8.1,26.6,32.6,26.0,0.0,0.0
滨州,gfs_seamless,2026-08-03,3,2026-08-06,37.3,26.6,33.7,,48.1,52.7,9.3,31.3,85.9,24.44,0.0,0.0
滨州,gfs_seamless,2026-08-02,4,2026-08-06,36.8,26.3,33.6,,47.6,54.6,10.1,29.2,61.4,24.6,0.0,0.0
滨州,gfs_seamless,2026-08-01,5,2026-08-06,37.5,25.4,32.8,,47.5,50.6,8.4,28.8,79.0,25.35,0.0,0.0
滨州,gfs_seamless,2026-07-31,6,2026-08-06,36.2,25.7,32.9,,45.7,54.2,10.3,25.9,72.2,24.94,0.0,0.0
滨州,gfs_seamless,2026-07-30,7,2026-08-06,37.1,23.8,33.3,,55.6,65.8,10.1,36.4,52.9,24.67,0.0,0.0
滨州,ecmwf_ifs025,2026-08-06,1,2026-08-07,37.8,25.1,35.5,,57.4,64.5,12.1,,,24.04,0.0,
滨州,ecmwf_ifs025,2026-08-05,2,2026-08-07,38.2,25.5,35.5,,55.3,59.4,12.4,,,24.71,0.3,
滨州,ecmwf_ifs025,2026-08-04,3,2026-08-07,39.0,25.3,35.3,,56.3,56.8,12.0,,,25.02,0.3,
滨州,ecmwf_ifs025,2026-08-03,4,2026-08-07,39.2,27.9,36.3,,57.8,57.8,13.3,,,24.26,0.0,
滨州,ecmwf_ifs025,2026-08-02,5,2026-08-07,38.4,25.1,35.4,,54.2,56.8,14.8,,,24.52,0.0,
滨州,ecmwf_ifs025,2026-08-01,6,2026-08-07,38.8,28.9,36.8,,54.2,54.9,11.5,,,23.07,0.0,
滨州,ecmwf_ifs025,2026-07-31,7,2026-08-07,40.1,29.3,36.9,,54.6,49.3,8.6,,,24.41,0.0,
滨州,gfs_seamless,2026-08-06,1,2026-08-07,37.4,25.1,31.5,,53.3,60.8,16.9,51.1,1.9,25.7,0.0,0.0
滨州,gfs_seamless,2026-08-05,2,2026-08-07,36.5,25.4,30.9,,49.0,58.6,17.2,49.3,1.2,25.89,0.0,0.0
滨州,gfs_seamless,2026-08-04,3,2026-08-07,36.3,25.6,31.8,,48.8,59.5,16.8,46.8,45.8,25.48,0.0,0.0
滨州,gfs_seamless,2026-08-03,4,2026-08-07,35.9,25.3,32.6,,51.9,67.1,17.7,51.8,70.4,24.14,0.0,0.0
滨州,gfs_seamless,2026-08-02,5,2026-08-07,36.0,25.5,32.8,,50.7,64.5,16.2,41.4,54.9,24.58,0.0,0.0
滨州,gfs_seamless,2026-08-01,6,2026-08-07,34.6,24.8,30.0,,45.5,63.4,18.3,48.6,59.2,22.9,0.0,0.0
滨州,gfs_seamless,2026-07-31,7,2026-08-07,36.0,25.2,32.6,,53.1,68.3,14.9,37.8,37.7,24.66,0.0,0.0
滨州,ecmwf_ifs025,2026-08-07,1,2026-08-08,30.7,24.2,28.4,,34.6,61.8,20.5,,,24.27,0.0,
滨州,ecmwf_ifs025,2026-08-06,2,2026-08-08,31.4,24.6,28.9,,35.5,59.2,20.8,,,24.18,0.0,
滨州,ecmwf_ifs025,2026-08-05,3,2026-08-08,31.7,24.5,28.9,,36.1,58.9,21.5,,,24.36,0.0,
滨州,ecmwf_ifs025,2026-08-04,4,2026-08-08,31.3,25.2,28.8,,34.9,57.8,21.4,,,23.88,0.0,
滨州,ecmwf_ifs025,2026-08-03,5,2026-08-08,31.8,25.3,29.9,,37.5,62.8,20.2,,,19.59,0.0,
滨州,ecmwf_ifs025,2026-08-02,6,2026-08-08,33.4,26.7,33.9,,43.8,67.9,17.5,,,21.68,1.5,
滨州,ecmwf_ifs025,2026-08-01,7,2026-08-08,36.4,27.1,36.7,,52.7,65.4,12.3,,,22.62,1.2,
滨州,gfs_seamless,2026-08-07,1,2026-08-08,29.1,20.6,24.1,,30.6,56.1,23.3,48.6,7.9,26.06,0.0,0.0
滨州,gfs_seamless,2026-08-06,2,2026-08-08,29.5,20.3,23.9,,30.9,53.9,23.3,47.2,1.8,26.18,0.0,0.0
滨州,gfs_seamless,2026-08-05,3,2026-08-08,28.4,20.4,23.4,,29.4,54.7,23.7,46.4,19.4,26.15,0.0,0.0
滨州,gfs_seamless,2026-08-04,4,2026-08-08,28.9,21.1,24.3,,31.0,60.7,23.8,44.6,87.0,23.91,0.0,0.0
滨州,gfs_seamless,2026-08-03,5,2026-08-08,27.6,23.6,26.6,,30.3,73.0,21.9,40.7,94.3,11.3,0.6,0.0
滨州,gfs_seamless,2026-08-02,6,2026-08-08,32.6,23.9,29.7,,42.8,71.5,19.3,41.8,44.7,20.49,0.0,0.0
滨州,gfs_seamless,2026-08-01,7,2026-08-08,29.7,23.4,28.3,,34.7,71.8,18.2,34.6,29.8,25.15,0.0,0.0
滨州,ecmwf_ifs025,2026-08-08,1,2026-08-09,32.0,23.6,28.8,,37.1,60.0,15.3,,,24.12,0.0,
滨州,ecmwf_ifs025,2026-08-07,2,2026-08-09,32.3,23.0,29.3,,38.4,61.8,15.4,,,22.42,0.0,
滨州,ecmwf_ifs025,2026-08-06,3,2026-08-09,31.9,23.9,28.8,,36.8,60.0,16.0,,,21.12,0.0,
滨州,ecmwf_ifs025,2026-08-05,4,2026-08-09,33.6,23.9,29.8,,40.8,59.3,15.8,,,21.54,0.0,
滨州,ecmwf_ifs025,2026-08-04,5,2026-08-09,32.5,24.1,29.4,,40.3,65.8,16.3,,,18.55,0.3,
滨州,ecmwf_ifs025,2026-08-03,6,2026-08-09,32.6,24.9,31.7,,43.1,72.2,13.9,,,17.56,5.7,
滨州,ecmwf_ifs025,2026-08-02,7,2026-08-09,35.1,27.1,35.8,,50.0,68.7,11.1,,,21.87,2.1,
滨州,gfs_seamless,2026-08-08,1,2026-08-09,31.4,20.1,25.8,,37.1,65.0,15.8,36.7,0.2,26.09,0.0,0.0
滨州,gfs_seamless,2026-08-07,2,2026-08-09,31.2,20.0,26.2,,36.7,65.2,16.1,31.7,16.0,26.17,0.0,0.0
滨州,gfs_seamless,2026-08-06,3,2026-08-09,31.5,20.1,25.7,,36.5,62.1,16.0,32.0,11.3,26.11,0.0,0.0
滨州,gfs_seamless,2026-08-05,4,2026-08-09,29.6,20.6,26.8,,35.5,76.0,17.0,32.8,68.6,11.74,0.6,0.0
滨州,gfs_seamless,2026-08-04,5,2026-08-09,32.6,23.1,29.7,,43.0,72.0,16.6,36.0,70.9,18.07,5.6,0.0
滨州,gfs_seamless,2026-08-03,6,2026-08-09,32.1,23.7,28.4,,43.9,78.0,17.3,38.2,66.2,12.17,3.1,0.0
滨州,gfs_seamless,2026-08-02,7,2026-08-09,34.5,23.0,30.7,,48.5,70.0,16.2,32.4,52.4,24.98,0.0,0.0
滨州,ecmwf_ifs025,2026-08-09,1,2026-08-10,34.0,23.7,33.0,,46.9,70.2,8.7,,,20.56,1.5,
滨州,ecmwf_ifs025,2026-08-08,2,2026-08-10,35.4,25.0,33.8,,51.4,69.2,11.0,,,19.04,2.1,
滨州,ecmwf_ifs025,2026-08-07,3,2026-08-10,35.1,24.8,33.6,,49.6,68.0,11.7,,,19.67,3.3,
滨州,ecmwf_ifs025,2026-08-06,4,2026-08-10,35.1,23.7,33.1,,51.4,71.2,11.3,,,20.77,6.3,
滨州,ecmwf_ifs025,2026-08-05,5,2026-08-10,36.3,24.9,33.6,,55.3,70.0,10.4,,,20.87,1.5,
滨州,ecmwf_ifs025,2026-08-04,6,2026-08-10,34.2,23.7,33.6,,51.1,76.6,8.3,,,21.83,7.2,
滨州,ecmwf_ifs025,2026-08-03,7,2026-08-10,35.3,26.1,34.5,,55.3,76.2,9.1,,,20.84,3.0,
滨州,gfs_seamless,2026-08-09,1,2026-08-10,34.7,22.4,31.9,,50.2,71.7,10.8,38.5,72.5,19.17,0.0,0.0
滨州,gfs_seamless,2026-08-08,2,2026-08-10,33.6,23.8,31.4,,48.0,75.3,13.5,36.0,93.7,17.14,0.4,0.0
滨州,gfs_seamless,2026-08-07,3,2026-08-10,33.5,23.4,31.2,,45.9,71.7,13.9,28.4,64.5,19.66,0.0,0.0
滨州,gfs_seamless,2026-08-06,4,2026-08-10,34.1,22.8,31.6,,49.0,73.5,13.1,33.8,78.9,17.5,2.5,0.0
滨州,gfs_seamless,2026-08-05,5,2026-08-10,32.6,22.9,30.4,,43.5,73.0,17.0,34.9,45.5,23.92,0.0,0.0
滨州,gfs_seamless,2026-08-04,6,2026-08-10,32.6,21.9,28.5,,43.2,72.5,17.8,37.1,44.8,23.66,0.0,0.0
滨州,gfs_seamless,2026-08-03,7,2026-08-10,32.6,22.9,28.6,,44.2,74.8,17.3,41.0,50.5,22.87,2.0,0.0
滨州,ecmwf_ifs025,2026-08-10,1,2026-08-11,33.9,25.9,33.3,,47.1,71.3,11.0,,,12.01,0.0,
滨州,ecmwf_ifs025,2026-08-09,2,2026-08-11,32.9,26.6,33.1,,42.6,68.7,13.2,,,10.16,0.0,
滨州,ecmwf_ifs025,2026-08-08,3,2026-08-11,30.7,26.9,31.8,,38.1,74.5,15.3,,,9.44,6.3,
滨州,ecmwf_ifs025,2026-08-07,4,2026-08-11,30.8,25.8,31.8,,37.8,72.6,13.9,,,8.51,4.2,
滨州,ecmwf_ifs025,2026-08-06,5,2026-08-11,32.6,25.2,32.5,,43.1,72.2,13.2,,,14.1,0.6,
滨州,ecmwf_ifs025,2026-08-05,6,2026-08-11,34.9,26.7,33.2,,47.7,65.9,14.5,,,21.05,0.3,
滨州,ecmwf_ifs025,2026-08-04,7,2026-08-11,36.1,26.3,34.1,,52.7,67.2,13.4,,,23.93,1.2,
滨州,gfs_seamless,2026-08-10,1,2026-08-11,28.8,24.2,30.4,,34.3,80.5,10.0,32.4,100.0,3.02,2.1,0.0
滨州,gfs_seamless,2026-08-09,2,2026-08-11,26.3,24.4,29.1,,,84.8,11.0,35.3,100.0,1.77,3.4,0.0
滨州,gfs_seamless,2026-08-08,3,2026-08-11,26.3,22.5,27.0,,,90.5,15.0,43.9,100.0,1.42,9.5,0.0
滨州,gfs_seamless,2026-08-07,4,2026-08-11,30.0,21.9,28.5,,36.4,75.3,16.3,59.8,100.0,6.68,9.2,0.0
滨州,gfs_seamless,2026-08-06,5,2026-08-11,25.8,21.8,24.6,,,93.1,25.9,60.5,100.0,0.83,79.3,0.0
滨州,gfs_seamless,2026-08-05,6,2026-08-11,29.7,22.3,26.3,,37.2,81.6,22.4,56.2,92.0,12.64,15.8,0.0
滨州,gfs_seamless,2026-08-04,7,2026-08-11,27.8,21.6,24.8,,32.1,83.1,25.1,68.4,100.0,8.0,33.1,0.0
滨州,ecmwf_ifs025,2026-08-11,1,2026-08-12,30.7,25.0,31.5,,38.5,75.8,8.9,,98.6,8.85,2.4,
滨州,ecmwf_ifs025,2026-08-10,2,2026-08-12,29.6,23.6,30.1,,35.5,76.2,11.4,,96.0,6.6,7.2,
滨州,ecmwf_ifs025,2026-08-09,3,2026-08-12,32.9,25.1,31.4,,41.9,67.0,15.8,,98.5,12.62,1.2,
滨州,ecmwf_ifs025,2026-08-08,4,2026-08-12,30.6,25.4,29.9,,37.8,74.5,20.2,,100.0,8.26,10.5,
滨州,ecmwf_ifs025,2026-08-07,5,2026-08-12,29.3,24.3,29.8,,34.5,75.1,15.2,,96.0,6.0,5.4,
滨州,ecmwf_ifs025,2026-08-06,6,2026-08-12,27.2,24.5,28.8,,30.8,85.8,17.3,,98.2,2.83,56.4,
滨州,ecmwf_ifs025,2026-08-05,7,2026-08-12,31.0,24.9,30.6,,38.4,72.5,15.2,,77.3,11.26,0.6,
滨州,jma_seamless,2026-08-11,1,2026-08-12,26.8,24.8,30.9,,,85.5,5.7,,90.7,,,
滨州,jma_seamless,2026-08-10,2,2026-08-12,27.3,24.9,30.6,,30.0,76.0,7.7,,94.2,,,
滨州,jma_seamless,2026-08-09,3,2026-08-12,25.9,22.1,26.3,,,90.8,18.8,,97.5,,,
滨州,jma_seamless,2026-08-08,4,2026-08-12,28.1,23.9,30.0,,34.5,92.5,16.6,,95.1,,,
滨州,jma_seamless,2026-08-07,5,2026-08-12,28.4,22.2,27.2,,32.6,76.8,17.1,,92.4,,,
滨州,jma_seamless,2026-08-06,6,2026-08-12,25.6,22.4,26.4,,,80.1,13.5,,94.8,,,
滨州,jma_seamless,2026-08-05,7,2026-08-12,24.4,22.0,25.0,,,84.2,15.5,,75.4,,,
滨州,ecmwf_ifs025,2026-08-12,1,2026-08-13,28.0,23.1,28.8,,32.2,80.7,10.9,,92.8,12.08,1.2,
滨州,ecmwf_ifs025,2026-08-11,2,2026-08-13,30.2,23.1,29.7,,36.7,74.3,10.3,,99.2,14.48,7.2,
滨州,ecmwf_ifs025,2026-08-10,3,2026-08-13,29.0,22.7,28.1,,35.7,84.3,13.9,,92.4,6.25,10.8,
滨州,ecmwf_ifs025,2026-08-09,4,2026-08-13,30.3,24.8,29.1,,35.3,68.0,17.6,,92.5,8.82,1.5,
滨州,ecmwf_ifs025,2026-08-08,5,2026-08-13,28.5,21.3,26.4,,34.2,84.3,19.2,,99.8,10.38,36.3,
滨州,ecmwf_ifs025,2026-08-07,6,2026-08-13,23.7,21.0,24.0,,,90.5,18.4,,100.0,1.59,90.3,
滨州,ecmwf_ifs025,2026-08-06,7,2026-08-13,27.8,22.0,28.1,,32.8,87.8,20.9,,99.6,12.91,27.9,
滨州,jma_seamless,2026-08-12,1,2026-08-13,25.9,24.2,29.1,,,82.9,8.4,,83.5,,,
滨州,jma_seamless,2026-08-11,2,2026-08-13,26.9,24.0,29.6,,,83.0,7.2,,86.6,,,
滨州,jma_seamless,2026-08-10,3,2026-08-13,30.1,24.6,30.3,,35.0,68.8,7.7,,90.1,,,
滨州,jma_seamless,2026-08-09,4,2026-08-13,25.4,22.4,27.1,,,90.9,13.0,,97.7,,,
滨州,jma_seamless,2026-08-08,5,2026-08-13,26.4,21.5,26.2,,,93.1,11.0,,96.3,,,
滨州,jma_seamless,2026-08-07,6,2026-08-13,23.7,21.3,26.4,,,93.3,10.6,,99.3,,,
滨州,jma_seamless,2026-08-06,7,2026-08-13,25.6,21.8,26.5,,,86.8,17.5,,82.2,,,
滨州,ecmwf_ifs025,2026-08-13,1,2026-08-14,29.2,22.5,29.6,,35.4,80.5,9.5,,84.0,20.51,0.9,
滨州,ecmwf_ifs025,2026-08-12,2,2026-08-14,30.2,23.1,29.7,,38.0,79.0,8.9,,76.4,19.22,5.4,
滨州,ecmwf_ifs025,2026-08-11,3,2026-08-14,30.9,22.0,29.9,,39.5,76.9,9.7,,44.2,19.38,0.9,
滨州,ecmwf_ifs025,2026-08-10,4,2026-08-14,29.2,21.9,28.3,,35.1,79.0,12.2,,56.8,19.36,3.0,
滨州,ecmwf_ifs025,2026-08-09,5,2026-08-14,24.6,22.7,27.4,,,92.2,13.0,,99.9,5.1,41.7,
滨州,ecmwf_ifs025,2026-08-08,6,2026-08-14,27.3,22.6,26.8,,31.7,90.8,25.0,,94.1,8.27,100.2,
滨州,ecmwf_ifs025,2026-08-07,7,2026-08-14,24.1,22.3,24.0,,,91.6,28.5,,99.7,3.78,123.6,
滨州,jma_seamless,2026-08-13,1,2026-08-14,28.0,24.2,30.4,,32.4,81.7,4.3,,63.5,,,
滨州,jma_seamless,2026-08-12,2,2026-08-14,28.6,23.7,30.3,,33.2,77.7,4.9,,60.4,,,
滨州,jma_seamless,2026-08-11,3,2026-08-14,27.9,24.0,30.5,,32.5,84.1,5.5,,67.2,,,
滨州,jma_seamless,2026-08-10,4,2026-08-14,28.4,23.7,30.1,,33.4,81.6,6.4,,75.1,,,
滨州,jma_seamless,2026-08-09,5,2026-08-14,27.5,24.4,31.2,,32.5,92.3,7.4,,84.7,,,
滨州,jma_seamless,2026-08-08,6,2026-08-14,26.9,22.7,29.5,,,92.4,4.7,,83.1,,,
滨州,jma_seamless,2026-08-07,7,2026-08-14,24.9,22.9,27.3,,,93.1,11.7,,86.6,,,
滨州,ecmwf_ifs025,2026-08-14,1,2026-08-15,30.5,22.2,30.6,,39.1,79.5,6.2,,23.0,22.86,0.3,
滨州,ecmwf_ifs025,2026-08-13,2,2026-08-15,31.1,22.4,30.7,,41.0,79.4,7.2,,21.4,21.88,1.8,
滨州,ecmwf_ifs025,2026-08-12,3,2026-08-15,30.8,23.2,30.3,,39.7,78.5,9.6,,31.9,20.33,3.0,
滨州,ecmwf_ifs025,2026-08-11,4,2026-08-15,32.3,21.9,29.8,,41.1,69.4,11.5,,13.2,22.96,0.3,
滨州,ecmwf_ifs025,2026-08-10,5,2026-08-15,29.1,22.2,29.0,,35.5,82.0,12.7,,37.5,19.34,6.6,
滨州,ecmwf_ifs025,2026-08-09,6,2026-08-15,28.4,23.4,28.1,,34.0,84.9,17.3,,65.5,14.63,18.6,
滨州,ecmwf_ifs025,2026-08-08,7,2026-08-15,31.3,22.9,29.7,,42.7,82.1,15.8,,49.9,22.35,33.9,
滨州,jma_seamless,2026-08-14,1,2026-08-15,29.1,23.7,31.3,,35.0,80.0,2.9,,41.0,,,
滨州,jma_seamless,2026-08-13,2,2026-08-15,30.7,21.7,30.2,,37.9,73.7,2.8,,29.9,,,
滨州,jma_seamless,2026-08-12,3,2026-08-15,29.9,24.5,31.0,,37.1,78.9,4.5,,49.0,,,
滨州,jma_seamless,2026-08-11,4,2026-08-15,27.4,24.0,30.8,,31.7,88.5,3.0,,66.2,,,
滨州,jma_seamless,2026-08-10,5,2026-08-15,26.3,23.5,29.9,,,90.1,3.8,,87.8,,,
滨州,jma_seamless,2026-08-09,6,2026-08-15,27.0,22.7,28.0,,30.0,83.0,6.2,,81.3,,,
滨州,jma_seamless,2026-08-08,7,2026-08-15,27.1,23.0,29.9,,31.0,90.1,5.1,,87.5,,,
滨州,ecmwf_ifs025,2026-08-15,1,2026-08-16,32.0,22.4,31.2,,42.2,74.7,5.3,,21.7,20.67,0.0,
滨州,ecmwf_ifs025,2026-08-14,2,2026-08-16,31.7,22.2,31.1,,41.7,76.0,5.7,,19.1,22.4,0.3,
滨州,ecmwf_ifs025,2026-08-13,3,2026-08-16,31.8,22.7,30.9,,43.6,80.0,5.2,,45.2,19.26,4.2,
滨州,ecmwf_ifs025,2026-08-12,4,2026-08-16,31.1,23.0,30.5,,40.3,77.3,8.3,,18.6,21.86,3.0,
滨州,ecmwf_ifs025,2026-08-11,5,2026-08-16,31.8,21.1,29.4,,41.9,75.5,9.4,,21.7,20.27,3.3,
滨州,ecmwf_ifs025,2026-08-10,6,2026-08-16,31.6,22.9,29.6,,40.2,72.6,9.4,,6.9,23.93,0.0,
滨州,ecmwf_ifs025,2026-08-09,7,2026-08-16,25.3,23.0,28.2,,,89.2,10.0,,72.3,14.43,14.4,
滨州,jma_seamless,2026-08-15,1,2026-08-16,27.9,24.4,31.4,,32.6,84.8,2.5,,30.7,,,
滨州,jma_seamless,2026-08-14,2,2026-08-16,29.1,24.3,31.8,,34.6,78.2,2.1,,11.2,,,
滨州,jma_seamless,2026-08-13,3,2026-08-16,29.5,23.1,31.0,,36.1,79.8,2.0,,21.0,,,
滨州,jma_seamless,2026-08-12,4,2026-08-16,30.2,23.2,30.9,,38.4,80.4,2.8,,45.9,,,
滨州,jma_seamless,2026-08-11,5,2026-08-16,27.9,23.7,31.0,,32.2,82.1,3.0,,49.7,,,
滨州,jma_seamless,2026-08-10,6,2026-08-16,28.0,22.2,29.2,,32.5,82.3,5.7,,61.5,,,
滨州,jma_seamless,2026-08-09,7,2026-08-16,30.6,24.4,32.3,,39.0,78.4,1.7,,35.2,,,
滨州,ecmwf_ifs025,2026-08-16,1,2026-08-17,31.6,22.2,29.7,,39.3,70.1,7.8,,14.6,24.12,0.0,
滨州,ecmwf_ifs025,2026-08-15,2,2026-08-17,32.5,22.3,30.5,,42.5,71.5,7.9,,16.1,22.62,0.0,
滨州,ecmwf_ifs025,2026-08-14,3,2026-08-17,32.2,21.3,31.0,,42.9,74.8,6.3,,16.4,22.6,0.0,
滨州,ecmwf_ifs025,2026-08-13,4,2026-08-17,32.8,21.3,31.3,,43.4,71.3,4.9,,26.9,23.6,0.0,
滨州,ecmwf_ifs025,2026-08-12,5,2026-08-17,32.3,21.8,31.5,,41.6,70.8,6.0,,26.7,22.9,0.9,
滨州,ecmwf_ifs025,2026-08-11,6,2026-08-17,33.4,22.3,30.5,,44.7,69.8,8.4,,20.4,23.54,0.0,
滨州,ecmwf_ifs025,2026-08-10,7,2026-08-17,34.3,21.7,30.3,,46.3,67.0,5.4,,13.5,22.93,0.6,
滨州,jma_seamless,2026-08-16,1,2026-08-17,30.1,23.7,30.1,,36.4,74.2,4.5,,9.1,,,
滨州,jma_seamless,2026-08-15,2,2026-08-17,30.8,23.4,31.3,,39.8,78.9,3.2,,18.9,,,
滨州,jma_seamless,2026-08-14,3,2026-08-17,31.0,23.7,32.0,,39.1,74.8,3.2,,33.2,,,
滨州,jma_seamless,2026-08-13,4,2026-08-17,32.5,23.8,32.2,,43.3,73.4,2.3,,37.1,,,
滨州,jma_seamless,2026-08-12,5,2026-08-17,32.6,24.7,32.1,,41.5,68.1,6.5,,22.7,,,
滨州,jma_seamless,2026-08-11,6,2026-08-17,31.5,22.9,30.4,,40.1,73.2,2.1,,25.4,,,
滨州,jma_seamless,2026-08-10,7,2026-08-17,31.0,23.7,31.6,,39.2,75.2,4.6,,29.8,,,
滨州,ecmwf_ifs025,2026-08-17,1,2026-08-18,32.9,22.0,30.6,,41.0,64.6,5.6,,80.8,20.67,0.0,
滨州,ecmwf_ifs025,2026-08-16,2,2026-08-18,34.1,21.8,31.0,,45.3,66.2,6.4,,67.3,21.2,0.0,
滨州,ecmwf_ifs025,2026-08-15,3,2026-08-18,34.0,21.7,31.0,,46.9,70.2,6.5,,76.3,17.24,0.3,
滨州,ecmwf_ifs025,2026-08-14,4,2026-08-18,34.2,21.9,32.1,,46.8,68.7,6.9,,35.1,22.06,0.6,
滨州,ecmwf_ifs025,2026-08-13,5,2026-08-18,33.0,22.6,32.1,,43.4,69.8,6.4,,65.3,16.62,0.0,
滨州,ecmwf_ifs025,2026-08-12,6,2026-08-18,33.1,23.0,32.2,,42.1,65.9,4.3,,68.8,14.53,0.0,
滨州,ecmwf_ifs025,2026-08-11,7,2026-08-18,36.4,21.2,31.5,,50.4,61.7,4.8,,10.2,23.17,0.0,
滨州,jma_seamless,2026-08-17,1,2026-08-18,29.1,22.2,29.9,,33.9,75.0,1.7,,69.0,,,
滨州,jma_seamless,2026-08-16,2,2026-08-18,29.9,23.8,30.5,,35.6,73.2,1.4,,69.5,,,
滨州,jma_seamless,2026-08-15,3,2026-08-18,30.7,24.7,32.0,,38.6,75.9,3.6,,74.3,,,
滨州,jma_seamless,2026-08-14,4,2026-08-18,30.8,23.5,32.7,,38.4,74.4,3.0,,61.5,,,
滨州,jma_seamless,2026-08-13,5,2026-08-18,30.9,26.4,33.5,,37.4,70.3,3.7,,72.9,,,
滨州,jma_seamless,2026-08-12,6,2026-08-18,34.1,21.7,31.2,,46.6,68.9,2.7,,42.8,,,
滨州,jma_seamless,2026-08-11,7,2026-08-18,34.5,24.3,32.8,,48.4,69.7,1.4,,44.2,,,
滨州,ecmwf_ifs025,2026-08-18,1,2026-08-19,30.1,25.4,31.2,,36.7,75.5,7.6,,95.4,11.66,0.3,
滨州,ecmwf_ifs025,2026-08-17,2,2026-08-19,31.0,24.9,32.2,,37.1,68.3,5.4,,73.9,10.61,0.0,
滨州,ecmwf_ifs025,2026-08-16,3,2026-08-19,34.9,24.5,33.0,,45.3,61.2,5.2,,59.8,18.18,0.0,
滨州,ecmwf_ifs025,2026-08-15,4,2026-08-19,34.1,24.2,32.8,,47.0,69.8,6.4,,58.0,18.53,2.1,
滨州,ecmwf_ifs025,2026-08-14,5,2026-08-19,30.1,24.5,32.1,,37.9,79.9,6.0,,47.0,11.45,1.5,
滨州,ecmwf_ifs025,2026-08-13,6,2026-08-19,34.5,26.1,33.2,,44.6,62.3,7.4,,35.8,17.23,0.3,
滨州,ecmwf_ifs025,2026-08-12,7,2026-08-19,34.5,24.1,32.8,,44.5,62.0,6.7,,38.0,19.49,1.5,
滨州,jma_seamless,2026-08-18,1,2026-08-19,27.2,24.7,31.0,,30.3,81.4,2.6,,79.2,,,
滨州,jma_seamless,2026-08-17,2,2026-08-19,26.9,24.7,30.2,,,75.5,3.5,,65.3,,,
滨州,jma_seamless,2026-08-16,3,2026-08-19,28.9,25.1,30.9,,32.3,68.9,4.2,,62.8,,,
滨州,jma_seamless,2026-08-15,4,2026-08-19,30.3,24.0,32.2,,37.7,77.1,4.0,,62.0,,,
滨州,jma_seamless,2026-08-14,5,2026-08-19,30.4,23.6,32.5,,40.1,83.8,2.8,,75.9,,,
滨州,jma_seamless,2026-08-13,6,2026-08-19,29.3,25.1,32.7,,36.6,84.2,1.6,,24.8,,,
滨州,jma_seamless,2026-08-12,7,2026-08-19,34.9,24.0,32.1,,50.0,70.0,3.2,,35.9,,,
滨州,ecmwf_ifs025,2026-08-19,1,2026-08-20,33.1,24.1,32.6,,45.0,72.6,8.6,,30.3,22.2,1.2,
滨州,ecmwf_ifs025,2026-08-18,2,2026-08-20,33.2,24.2,32.6,,43.7,69.0,7.6,,11.7,21.43,1.5,
滨州,ecmwf_ifs025,2026-08-17,3,2026-08-20,33.4,24.3,32.6,,42.5,64.8,8.0,,26.5,20.66,0.0,
滨州,ecmwf_ifs025,2026-08-16,4,2026-08-20,36.0,25.2,33.5,,47.5,58.8,8.4,,42.9,21.75,0.0,
滨州,ecmwf_ifs025,2026-08-15,5,2026-08-20,34.4,25.2,33.9,,46.1,65.9,8.6,,6.6,22.0,1.2,
滨州,ecmwf_ifs025,2026-08-14,6,2026-08-20,29.9,27.1,32.9,,36.0,74.7,9.4,,68.2,14.77,3.0,
滨州,ecmwf_ifs025,2026-08-13,7,2026-08-20,36.3,27.9,34.8,,48.0,58.0,8.0,,28.5,22.27,0.0,
滨州,jma_seamless,2026-08-19,1,2026-08-20,30.8,24.2,31.9,,40.0,79.5,3.3,,22.2,,,
滨州,jma_seamless,2026-08-18,2,2026-08-20,29.6,24.2,31.3,,35.8,77.2,4.8,,20.9,,,
滨州,jma_seamless,2026-08-17,3,2026-08-20,30.1,23.2,30.9,,36.6,75.2,5.8,,22.6,,,
滨州,jma_seamless,2026-08-16,4,2026-08-20,32.8,22.5,31.5,,41.6,67.0,3.6,,13.1,,,
滨州,jma_seamless,2026-08-15,5,2026-08-20,32.7,25.3,34.4,,45.7,77.2,3.3,,39.8,,,
滨州,jma_seamless,2026-08-14,6,2026-08-20,31.6,24.8,33.5,,42.0,77.5,3.7,,59.9,,,
滨州,jma_seamless,2026-08-13,7,2026-08-20,31.8,24.8,33.8,,43.9,80.5,2.2,,30.5,,,
滨州,ecmwf_ifs025,2026-08-20,1,2026-08-21,33.5,24.2,32.7,,46.7,73.4,8.8,,12.8,21.68,1.8,
滨州,ecmwf_ifs025,2026-08-19,2,2026-08-21,34.3,23.4,32.8,,51.1,76.0,7.8,,14.0,21.6,0.3,
滨州,ecmwf_ifs025,2026-08-18,3,2026-08-21,33.3,24.6,32.6,,47.5,76.4,8.4,,22.1,19.67,1.2,
滨州,ecmwf_ifs025,2026-08-17,4,2026-08-21,31.6,25.0,31.9,,41.8,77.2,9.9,,65.5,11.96,3.0,
滨州,ecmwf_ifs025,2026-08-16,5,2026-08-21,31.4,26.4,32.7,,40.4,75.1,10.7,,68.3,11.77,3.9,
滨州,ecmwf_ifs025,2026-08-15,6,2026-08-21,33.6,24.9,33.4,,49.1,77.4,7.6,,76.0,17.74,14.1,
滨州,ecmwf_ifs025,2026-08-14,7,2026-08-21,33.4,25.9,34.0,,48.1,76.8,8.2,,71.3,19.18,6.3,
滨州,jma_seamless,2026-08-20,1,2026-08-21,30.7,25.5,32.6,,39.3,78.1,5.6,,12.6,,,
滨州,jma_seamless,2026-08-19,2,2026-08-21,31.1,25.0,32.7,,41.0,79.4,4.4,,21.2,,,
滨州,jma_seamless,2026-08-18,3,2026-08-21,30.5,25.3,32.5,,38.3,76.9,4.4,,24.2,,,
滨州,jma_seamless,2026-08-17,4,2026-08-21,31.0,25.1,32.6,,39.4,75.8,5.0,,24.7,,,
滨州,jma_seamless,2026-08-16,5,2026-08-21,31.0,25.9,33.1,,38.3,72.4,5.2,,39.8,,,
滨州,jma_seamless,2026-08-15,6,2026-08-21,30.2,25.4,32.6,,38.0,79.2,4.1,,43.9,,,
滨州,jma_seamless,2026-08-14,7,2026-08-21,33.7,24.5,33.8,,49.8,77.9,4.3,,42.8,,,
滨州,ecmwf_ifs025,2026-08-21,1,2026-08-22,33.0,24.0,33.4,,46.3,76.3,9.0,,15.9,20.81,0.9,
滨州,ecmwf_ifs025,2026-08-20,2,2026-08-22,33.0,23.7,32.8,,46.4,76.5,8.7,,31.1,16.97,0.3,
滨州,ecmwf_ifs025,2026-08-19,3,2026-08-22,34.8,23.9,32.4,,58.5,84.2,9.0,,24.0,19.0,7.5,
滨州,ecmwf_ifs025,2026-08-18,4,2026-08-22,30.2,24.0,30.9,,40.4,86.8,11.8,,61.9,17.72,20.4,
滨州,ecmwf_ifs025,2026-08-17,5,2026-08-22,32.9,25.5,33.1,,48.3,81.0,7.6,,22.9,19.32,0.6,
滨州,ecmwf_ifs025,2026-08-16,6,2026-08-22,29.9,24.9,32.8,,40.2,89.6,6.0,,54.5,15.17,13.5,
滨州,ecmwf_ifs025,2026-08-15,7,2026-08-22,31.7,25.6,33.5,,45.2,84.6,8.4,,25.8,20.06,5.4,
滨州,jma_seamless,2026-08-21,1,2026-08-22,30.7,25.6,33.6,,39.9,79.9,4.6,,25.1,,,
滨州,jma_seamless,2026-08-20,2,2026-08-22,30.1,25.1,33.2,,39.2,84.2,4.9,,32.5,,,
滨州,jma_seamless,2026-08-19,3,2026-08-22,30.8,25.1,33.3,,40.6,81.0,4.8,,27.5,,,
滨州,jma_seamless,2026-08-18,4,2026-08-22,31.1,25.6,33.4,,40.3,77.5,4.8,,25.2,,,
滨州,jma_seamless,2026-08-17,5,2026-08-22,31.9,27.0,34.4,,41.3,73.2,3.8,,25.5,,,
滨州,jma_seamless,2026-08-16,6,2026-08-22,33.5,24.1,32.9,,47.3,74.5,3.5,,32.7,,,
滨州,jma_seamless,2026-08-15,7,2026-08-22,31.1,24.4,32.6,,40.9,79.2,4.9,,16.3,,,
滨州,ecmwf_ifs025,2026-08-22,1,2026-08-23,34.3,25.2,34.0,,51.7,77.1,11.5,,13.3,21.17,0.3,
滨州,ecmwf_ifs025,2026-08-21,2,2026-08-23,33.7,24.4,33.7,,49.7,77.7,11.3,,34.7,19.75,7.2,
滨州,ecmwf_ifs025,2026-08-20,3,2026-08-23,32.6,24.5,33.2,,47.2,81.2,12.0,,19.1,19.08,2.4,
滨州,ecmwf_ifs025,2026-08-19,4,2026-08-23,32.4,24.5,32.7,,47.2,83.0,11.0,,44.5,18.57,3.0,
滨州,ecmwf_ifs025,2026-08-18,5,2026-08-23,30.2,24.5,32.0,,40.2,86.2,10.8,,29.2,16.74,4.5,
滨州,ecmwf_ifs025,2026-08-17,6,2026-08-23,37.1,25.2,35.4,,62.9,75.5,6.8,,9.4,22.06,0.6,
滨州,ecmwf_ifs025,2026-08-16,7,2026-08-23,31.6,25.2,33.8,,45.0,84.9,7.4,,32.7,19.73,0.9,
滨州,jma_seamless,2026-08-22,1,2026-08-23,31.6,27.3,34.9,,42.0,77.5,6.1,,32.8,,,
滨州,jma_seamless,2026-08-21,2,2026-08-23,31.9,26.6,34.8,,43.1,77.7,5.1,,29.0,,,
滨州,jma_seamless,2026-08-20,3,2026-08-23,31.1,25.4,34.3,,42.2,82.8,4.7,,39.3,,,
滨州,jma_seamless,2026-08-19,4,2026-08-23,31.3,24.7,33.6,,42.7,82.2,4.3,,30.0,,,
滨州,jma_seamless,2026-08-18,5,2026-08-23,33.1,26.5,34.8,,45.4,73.5,4.7,,23.2,,,
滨州,jma_seamless,2026-08-17,6,2026-08-23,34.3,26.0,35.7,,49.4,73.0,2.6,,30.9,,,
滨州,jma_seamless,2026-08-16,7,2026-08-23,34.1,24.0,34.3,,49.9,75.3,3.3,,41.9,,,
滨州,ecmwf_ifs025,2026-08-23,1,2026-08-24,32.5,26.2,34.7,,47.0,81.6,6.1,,49.7,16.32,3.6,
滨州,ecmwf_ifs025,2026-08-22,2,2026-08-24,31.7,25.4,33.5,,47.1,88.8,8.2,,58.8,16.92,27.9,
滨州,ecmwf_ifs025,2026-08-21,3,2026-08-24,31.2,26.0,33.7,,43.7,85.5,8.4,,35.9,15.05,14.4,
滨州,ecmwf_ifs025,2026-08-20,4,2026-08-24,33.9,24.9,34.0,,53.0,82.1,9.5,,33.5,16.98,1.8,
滨州,ecmwf_ifs025,2026-08-19,5,2026-08-24,33.9,23.4,34.1,,53.9,83.6,6.3,,34.3,19.16,2.1,
滨州,ecmwf_ifs025,2026-08-18,6,2026-08-24,31.0,25.9,33.0,,42.8,85.2,11.5,,41.6,17.51,4.2,
滨州,ecmwf_ifs025,2026-08-17,7,2026-08-24,37.6,25.7,35.9,,64.9,75.1,9.1,,41.3,19.15,2.4,
滨州,jma_seamless,2026-08-23,1,2026-08-24,29.4,26.6,34.3,,37.8,87.4,4.6,,50.7,,,
滨州,jma_seamless,2026-08-22,2,2026-08-24,30.1,26.8,34.5,,39.9,86.2,3.9,,45.0,,,
滨州,jma_seamless,2026-08-21,3,2026-08-24,29.7,26.7,34.6,,38.7,87.0,4.0,,39.3,,,
滨州,jma_seamless,2026-08-20,4,2026-08-24,30.0,25.6,34.7,,39.8,87.1,2.8,,31.2,,,
滨州,jma_seamless,2026-08-19,5,2026-08-24,31.6,27.4,35.3,,42.5,78.8,5.2,,21.5,,,
滨州,jma_seamless,2026-08-18,6,2026-08-24,31.6,27.6,35.6,,41.4,75.9,4.7,,25.1,,,
滨州,jma_seamless,2026-08-17,7,2026-08-24,35.5,26.5,37.1,,52.8,71.0,1.8,,50.9,,,
滨州,ecmwf_ifs025,2026-08-24,1,2026-08-25,33.2,25.9,35.3,,51.1,84.0,3.9,,51.7,17.69,1.2,
滨州,ecmwf_ifs025,2026-08-23,2,2026-08-25,33.5,24.9,35.7,,51.3,82.1,7.0,,51.0,19.98,5.4,
滨州,ecmwf_ifs025,2026-08-22,3,2026-08-25,32.0,25.1,34.6,,48.8,89.6,4.0,,53.4,18.59,11.7,
滨州,ecmwf_ifs025,2026-08-21,4,2026-08-25,33.5,26.1,35.6,,51.5,82.5,6.9,,45.7,17.3,5.4,
滨州,ecmwf_ifs025,2026-08-20,5,2026-08-25,32.1,26.0,34.9,,47.7,86.6,5.7,,24.7,16.95,3.9,
滨州,ecmwf_ifs025,2026-08-19,6,2026-08-25,33.1,25.7,34.0,,49.5,81.9,13.1,,27.3,21.28,0.6,
滨州,ecmwf_ifs025,2026-08-18,7,2026-08-25,33.4,22.9,32.6,,48.3,77.2,11.0,,10.7,21.2,4.5,
滨州,jma_seamless,2026-08-24,1,2026-08-25,31.0,26.0,35.2,,43.4,86.8,2.9,,32.3,,,
滨州,jma_seamless,2026-08-23,2,2026-08-25,30.4,26.6,35.0,,41.6,88.0,3.7,,26.0,,,
滨州,jma_seamless,2026-08-22,3,2026-08-25,32.6,26.3,35.2,,46.4,79.6,5.0,,49.3,,,
滨州,jma_seamless,2026-08-21,4,2026-08-25,32.5,27.0,35.4,,48.1,83.9,4.3,,41.3,,,
滨州,jma_seamless,2026-08-20,5,2026-08-25,32.0,27.3,35.4,,44.6,80.6,5.4,,43.0,,,
滨州,jma_seamless,2026-08-19,6,2026-08-25,34.1,27.3,35.9,,50.9,77.1,4.6,,18.8,,,
滨州,jma_seamless,2026-08-18,7,2026-08-25,32.4,27.4,35.8,,42.7,72.8,5.8,,52.1,,,
滨州,gfs_seamless,2026-08-25,1,2026-08-26,32.6,23.8,31.8,,,,,28.8,77.9,,,
滨州,gfs_seamless,2026-08-24,2,2026-08-26,30.9,23.3,29.6,,,,,42.8,78.1,,,
滨州,gfs_seamless,2026-08-23,3,2026-08-26,31.7,24.1,31.1,,,,,35.6,75.7,,,
滨州,gfs_seamless,2026-08-22,4,2026-08-26,31.9,24.0,29.4,,,,,35.3,79.7,,,
滨州,gfs_seamless,2026-08-21,5,2026-08-26,28.3,22.0,26.3,,,,,37.4,63.4,,,
滨州,gfs_seamless,2026-08-20,6,2026-08-26,36.8,23.7,31.8,,,,,44.6,47.2,,,
滨州,gfs_seamless,2026-08-19,7,2026-08-26,36.4,23.1,30.8,,,,,40.0,84.2,,,
滨州,jma_seamless,2026-08-25,1,2026-08-26,27.8,23.7,31.8,,32.6,86.6,7.3,,74.9,,19.2,
滨州,jma_seamless,2026-08-24,2,2026-08-26,31.8,25.9,34.6,,44.8,82.8,3.6,,63.4,,5.4,
滨州,jma_seamless,2026-08-23,3,2026-08-26,32.1,26.8,34.3,,43.1,76.2,5.4,,32.4,,0.0,
滨州,jma_seamless,2026-08-22,4,2026-08-26,30.1,27.0,34.4,,37.6,78.8,4.7,,55.6,,4.2,
滨州,jma_seamless,2026-08-21,5,2026-08-26,29.1,26.4,33.6,,35.4,81.8,6.3,,56.4,,11.4,
滨州,jma_seamless,2026-08-20,6,2026-08-26,30.2,27.1,34.6,,38.8,81.7,8.2,,41.5,,7.2,
滨州,jma_seamless,2026-08-19,7,2026-08-26,30.8,27.8,34.9,,38.8,75.8,8.4,,34.0,,2.1,
滨州,gfs_seamless,2026-08-26,1,2026-08-27,24.9,22.3,27.1,,,,,32.4,100.0,,,
滨州,gfs_seamless,2026-08-25,2,2026-08-27,29.7,23.6,29.3,,,,,37.4,94.6,,,
滨州,gfs_seamless,2026-08-24,3,2026-08-27,30.3,21.8,25.7,,,,,32.0,86.9,,,
滨州,gfs_seamless,2026-08-23,4,2026-08-27,29.8,22.2,28.9,,,,,29.5,98.2,,,
滨州,gfs_seamless,2026-08-22,5,2026-08-27,30.8,22.2,26.3,,,,,37.4,96.0,,,
滨州,gfs_seamless,2026-08-21,6,2026-08-27,30.1,19.2,24.6,,,,,30.6,83.7,,,
滨州,gfs_seamless,2026-08-20,7,2026-08-27,37.6,21.4,28.1,,,,,44.6,95.6,,,
滨州,jma_seamless,2026-08-26,1,2026-08-27,26.6,23.7,28.8,,,81.8,8.4,,89.5,,3.6,
滨州,jma_seamless,2026-08-25,2,2026-08-27,27.0,24.2,29.3,,29.9,81.2,7.0,,89.2,,4.8,
滨州,jma_seamless,2026-08-24,3,2026-08-27,29.8,23.5,32.6,,37.3,81.0,4.8,,86.5,,3.0,
滨州,jma_seamless,2026-08-23,4,2026-08-27,30.9,27.6,34.0,,38.0,72.2,4.6,,67.0,,-0.3,
滨州,jma_seamless,2026-08-22,5,2026-08-27,31.6,26.0,33.5,,40.6,73.8,6.5,,57.6,,1.2,
滨州,jma_seamless,2026-08-21,6,2026-08-27,29.2,24.8,30.3,,33.5,71.6,8.5,,86.8,,8.1,
滨州,jma_seamless,2026-08-20,7,2026-08-27,27.3,23.6,27.8,,29.7,72.8,10.6,,54.0,,1.5,
滨州,gfs_seamless,2026-08-27,1,2026-08-28,24.5,20.2,23.8,,,,,38.9,100.0,,,
滨州,gfs_seamless,2026-08-26,2,2026-08-28,25.6,21.2,24.5,,,,,40.0,98.9,,,
滨州,gfs_seamless,2026-08-25,3,2026-08-28,27.0,20.5,25.7,,,,,39.6,94.6,,,
滨州,gfs_seamless,2026-08-24,4,2026-08-28,24.9,19.1,23.7,,,,,40.3,96.8,,,
滨州,gfs_seamless,2026-08-23,5,2026-08-28,27.5,20.2,26.1,,,,,33.5,84.3,,,
滨州,gfs_seamless,2026-08-22,6,2026-08-28,24.2,21.9,24.5,,,,,29.2,98.4,,,
滨州,gfs_seamless,2026-08-21,7,2026-08-28,30.3,21.2,26.0,,,,,34.2,77.3,,,
滨州,jma_seamless,2026-08-27,1,2026-08-28,25.0,20.8,25.0,,,88.0,10.2,,90.7,,8.1,
滨州,jma_seamless,2026-08-26,2,2026-08-28,24.8,20.8,25.9,,,76.7,6.6,,73.7,,5.4,
滨州,jma_seamless,2026-08-25,3,2026-08-28,26.7,21.3,25.8,,,74.9,8.9,,91.4,,2.4,
滨州,jma_seamless,2026-08-24,4,2026-08-28,32.0,22.1,31.5,,42.1,74.4,6.9,,52.6,,0.9,
滨州,jma_seamless,2026-08-23,5,2026-08-28,31.6,26.8,33.3,,40.3,73.0,8.2,,45.5,,0.6,
滨州,jma_seamless,2026-08-22,6,2026-08-28,29.8,26.3,32.5,,35.4,73.7,8.2,,68.4,,1.2,
滨州,jma_seamless,2026-08-21,7,2026-08-28,27.7,23.0,30.4,,32.4,87.6,6.4,,82.6,,3.3,
滨州,gfs_seamless,2026-08-28,1,2026-08-29,26.9,19.3,25.6,,,,,19.1,99.0,,,
滨州,gfs_seamless,2026-08-27,2,2026-08-29,28.1,20.7,26.1,,,,,28.8,91.7,,,
滨州,gfs_seamless,2026-08-26,3,2026-08-29,29.0,19.4,25.9,,,,,20.5,96.4,,,
滨州,gfs_seamless,2026-08-25,4,2026-08-29,27.4,20.3,26.7,,,,,23.4,99.8,,,
滨州,gfs_seamless,2026-08-24,5,2026-08-29,29.5,20.0,25.8,,,,,14.4,96.5,,,
滨州,gfs_seamless,2026-08-23,6,2026-08-29,31.1,19.9,27.9,,,,,17.3,79.7,,,
滨州,gfs_seamless,2026-08-22,7,2026-08-29,33.4,21.3,29.4,,,,,23.0,62.9,,,
滨州,jma_seamless,2026-08-28,1,2026-08-29,26.5,20.1,27.1,,,87.5,2.9,,78.4,,0.9,
滨州,jma_seamless,2026-08-27,2,2026-08-29,24.7,20.6,26.1,,,87.1,3.2,,72.8,,2.4,
滨州,jma_seamless,2026-08-26,3,2026-08-29,26.3,22.3,27.6,,,78.9,2.6,,68.6,,0.0,
滨州,jma_seamless,2026-08-25,4,2026-08-29,27.6,20.6,27.0,,30.6,75.5,2.5,,72.7,,0.6,
滨州,jma_seamless,2026-08-24,5,2026-08-29,28.2,24.3,32.3,,32.8,81.2,3.3,,70.2,,5.4,
滨州,jma_seamless,2026-08-23,6,2026-08-29,28.9,24.1,32.1,,34.2,78.5,4.2,,69.8,,8.4,
滨州,jma_seamless,2026-08-22,7,2026-08-29,30.9,25.4,32.3,,39.7,77.4,5.2,,88.4,,0.3,
滨州,gfs_seamless,2026-08-29,1,2026-08-30,31.5,21.1,26.0,,,,,22.3,63.3,,,
滨州,gfs_seamless,2026-08-28,2,2026-08-30,31.6,21.4,26.8,,,,,20.2,67.0,,,
滨州,gfs_seamless,2026-08-27,3,2026-08-30,32.1,20.9,26.0,,,,,22.3,58.3,,,
滨州,gfs_seamless,2026-08-26,4,2026-08-30,30.4,21.6,26.4,,,,,22.0,80.2,,,
滨州,gfs_seamless,2026-08-25,5,2026-08-30,32.4,21.1,26.2,,,,,30.2,33.5,,,
滨州,gfs_seamless,2026-08-24,6,2026-08-30,31.7,20.8,25.0,,,,,32.8,29.5,,,
滨州,gfs_seamless,2026-08-23,7,2026-08-30,31.4,21.1,26.7,,,,,20.5,57.0,,,
滨州,jma_seamless,2026-08-29,1,2026-08-30,29.6,20.5,27.8,,37.0,82.0,2.8,,35.6,,0.0,
滨州,jma_seamless,2026-08-28,2,2026-08-30,30.0,19.7,26.5,,36.1,74.2,3.7,,28.3,,0.0,
滨州,jma_seamless,2026-08-27,3,2026-08-30,29.4,19.7,26.8,,34.7,75.0,4.3,,47.0,,0.0,
滨州,jma_seamless,2026-08-26,4,2026-08-30,29.7,20.6,27.7,,34.8,71.9,4.0,,31.8,,0.0,
滨州,jma_seamless,2026-08-25,5,2026-08-30,30.3,20.8,27.8,,35.9,70.4,4.6,,15.2,,0.0,
滨州,jma_seamless,2026-08-24,6,2026-08-30,31.1,22.6,28.7,,35.9,63.3,5.1,,42.8,,0.0,
滨州,jma_seamless,2026-08-23,7,2026-08-30,29.6,22.2,30.7,,35.7,77.0,3.9,,55.8,,0.6,
滨州,gfs_seamless,2026-08-30,1,2026-08-31,31.0,19.3,23.8,,,,,31.7,0.2,,,
滨州,gfs_seamless,2026-08-29,2,2026-08-31,29.7,18.8,23.4,,,,,34.6,0.0,,,
滨州,gfs_seamless,2026-08-28,3,2026-08-31,31.5,18.9,23.8,,,,,33.5,0.0,,,
滨州,gfs_seamless,2026-08-27,4,2026-08-31,29.2,19.0,23.1,,,,,34.6,10.5,,,
滨州,gfs_seamless,2026-08-26,5,2026-08-31,30.6,19.1,24.0,,,,,33.5,7.7,,,
滨州,gfs_seamless,2026-08-25,6,2026-08-31,32.4,18.8,24.3,,,,,35.6,0.5,,,
滨州,gfs_seamless,2026-08-24,7,2026-08-31,30.8,18.6,22.7,,,,,24.1,0.0,,,
滨州,jma_seamless,2026-08-30,1,2026-08-31,30.8,19.3,26.9,,36.6,68.5,4.8,,0.0,,0.0,
滨州,jma_seamless,2026-08-29,2,2026-08-31,31.2,18.7,26.3,,36.4,64.2,4.5,,0.0,,0.0,
滨州,jma_seamless,2026-08-28,3,2026-08-31,30.1,18.3,26.0,,35.1,69.4,4.7,,0.0,,0.0,
滨州,jma_seamless,2026-08-27,4,2026-08-31,30.5,19.0,26.7,,35.6,67.5,2.6,,0.4,,0.0,
滨州,jma_seamless,2026-08-26,5,2026-08-31,30.5,19.6,27.3,,36.0,68.8,4.4,,0.3,,0.0,
滨州,jma_seamless,2026-08-25,6,2026-08-31,30.6,20.7,26.3,,34.0,60.1,5.9,,0.0,,0.0,
滨州,jma_seamless,2026-08-24,7,2026-08-31,30.5,20.1,26.4,,34.7,64.0,6.3,,0.7,,0.0,
滨州,gfs_seamless,2026-08-31,1,2026-09-01,29.3,19.0,23.2,,,,,32.8,0.0,,,
滨州,gfs_seamless,2026-08-30,2,2026-09-01,28.2,18.6,21.6,,,,,36.7,0.0,,,
滨州,gfs_seamless,2026-08-29,3,2026-09-01,28.2,18.2,21.5,,,,,38.5,0.0,,,
滨州,gfs_seamless,2026-08-28,4,2026-09-01,28.5,18.2,21.8,,,,,32.8,0.0,,,
滨州,gfs_seamless,2026-08-27,5,2026-09-01,28.0,17.9,21.5,,,,,36.4,0.0,,,
滨州,gfs_seamless,2026-08-26,6,2026-09-01,28.2,18.6,22.5,,,,,33.5,1.3,,,
滨州,gfs_seamless,2026-08-25,7,2026-09-01,27.9,18.9,21.9,,,,,24.8,19.0,,,
滨州,jma_seamless,2026-08-31,1,2026-09-01,29.9,20.9,26.5,,33.1,62.1,8.3,,0.0,,0.0,
滨州,jma_seamless,2026-08-30,2,2026-09-01,29.8,22.2,26.5,,32.8,61.8,9.3,,0.2,,0.0,
滨州,jma_seamless,2026-08-29,3,2026-09-01,29.6,22.1,26.6,,32.9,64.4,10.3,,1.7,,0.0,
滨州,jma_seamless,2026-08-28,4,2026-09-01,28.9,22.0,26.2,,31.7,65.6,9.9,,1.9,,0.0,
滨州,jma_seamless,2026-08-27,5,2026-09-01,28.8,22.5,26.7,,32.0,68.2,7.8,,10.8,,0.0,
滨州,jma_seamless,2026-08-26,6,2026-09-01,30.5,21.8,27.3,,35.8,68.2,7.2,,4.6,,0.0,
滨州,jma_seamless,2026-08-25,7,2026-09-01,28.2,21.3,25.4,,30.3,64.5,8.0,,0.0,,0.0,
滨州,gfs_seamless,2026-09-01,1,2026-09-02,30.2,17.3,22.1,,,,,23.8,0.0,,,
滨州,gfs_seamless,2026-08-31,2,2026-09-02,30.0,17.8,21.7,,,,,25.6,0.0,,,
滨州,gfs_seamless,2026-08-30,3,2026-09-02,28.8,17.5,20.7,,,,,34.6,0.0,,,
滨州,gfs_seamless,2026-08-29,4,2026-09-02,28.8,18.0,21.0,,,,,42.1,0.0,,,
滨州,gfs_seamless,2026-08-28,5,2026-09-02,28.0,17.6,20.5,,,,,38.2,0.0,,,
滨州,gfs_seamless,2026-08-27,6,2026-09-02,27.1,18.0,20.4,,,,,46.1,12.6,,,
滨州,gfs_seamless,2026-08-26,7,2026-09-02,26.9,17.8,19.9,,,,,45.4,0.0,,,
滨州,jma_seamless,2026-09-01,1,2026-09-02,30.9,18.7,24.5,,33.5,55.2,5.1,,0.0,,0.0,
滨州,jma_seamless,2026-08-31,2,2026-09-02,31.2,20.9,25.2,,33.3,51.5,7.2,,0.0,,0.0,
滨州,jma_seamless,2026-08-30,3,2026-09-02,30.7,21.0,24.9,,32.3,50.9,9.0,,0.0,,0.0,
滨州,jma_seamless,2026-08-29,4,2026-09-02,30.2,21.3,24.6,,31.4,50.5,9.1,,4.0,,0.0,
滨州,jma_seamless,2026-08-28,5,2026-09-02,31.1,21.1,25.0,,33.9,55.1,8.2,,0.0,,0.0,
滨州,jma_seamless,2026-08-27,6,2026-09-02,30.3,20.5,25.0,,32.1,53.4,10.2,,26.3,,0.0,
滨州,jma_seamless,2026-08-26,7,2026-09-02,31.8,20.2,25.9,,36.0,57.8,5.9,,0.0,,0.0,
滨州,gfs_seamless,2026-09-02,1,2026-09-03,31.1,16.6,22.2,,,,,25.2,0.2,,,
滨州,gfs_seamless,2026-09-01,2,2026-09-03,30.9,16.9,22.8,,,,,22.3,0.0,,,
滨州,gfs_seamless,2026-08-31,3,2026-09-03,31.0,16.9,22.3,,,,,29.2,0.0,,,
滨州,gfs_seamless,2026-08-30,4,2026-09-03,28.3,17.5,20.5,,,,,50.8,28.2,,,
滨州,gfs_seamless,2026-08-29,5,2026-09-03,27.5,17.7,21.1,,,,,44.3,79.5,,,
滨州,gfs_seamless,2026-08-28,6,2026-09-03,29.2,17.6,21.4,,,,,46.4,1.5,,,
滨州,gfs_seamless,2026-08-27,7,2026-09-03,28.2,17.7,21.6,,,,,41.4,0.8,,,
滨州,jma_seamless,2026-09-02,1,2026-09-03,32.0,18.4,24.7,,34.6,51.0,5.2,,0.0,,0.0,
滨州,jma_seamless,2026-09-01,2,2026-09-03,32.4,18.6,24.9,,35.0,49.5,5.2,,0.0,,0.0,
滨州,jma_seamless,2026-08-31,3,2026-09-03,32.1,19.6,25.4,,34.3,49.0,6.2,,0.0,,0.0,
滨州,jma_seamless,2026-08-30,4,2026-09-03,31.4,19.8,24.8,,32.6,46.5,8.2,,43.2,,0.0,
滨州,jma_seamless,2026-08-29,5,2026-09-03,32.0,20.1,25.2,,33.9,48.2,6.6,,3.0,,0.0,
滨州,jma_seamless,2026-08-28,6,2026-09-03,32.1,22.3,25.6,,33.4,45.1,8.5,,55.1,,0.0,
滨州,jma_seamless,2026-08-27,7,2026-09-03,28.4,19.1,26.4,,31.2,68.1,9.6,,37.5,,0.0,
滨州,gfs_seamless,2026-09-03,1,2026-09-04,31.6,17.8,23.9,,,,,28.4,76.7,,,
滨州,gfs_seamless,2026-09-02,2,2026-09-04,31.3,17.8,23.8,,,,,24.5,81.7,,,
滨州,gfs_seamless,2026-09-01,3,2026-09-04,30.8,18.0,24.0,,,,,24.1,78.3,,,
滨州,gfs_seamless,2026-08-31,4,2026-09-04,30.5,18.4,23.2,,,,,33.8,50.8,,,
滨州,gfs_seamless,2026-08-30,5,2026-09-04,28.6,18.7,21.9,,,,,52.6,29.3,,,
滨州,gfs_seamless,2026-08-29,6,2026-09-04,26.8,19.7,23.9,,,,,43.2,38.7,,,
滨州,gfs_seamless,2026-08-28,7,2026-09-04,29.5,17.6,22.8,,,,,42.1,5.0,,,
滨州,jma_seamless,2026-09-03,1,2026-09-04,32.4,18.9,25.7,,36.5,55.1,5.6,,30.4,,0.0,
滨州,jma_seamless,2026-09-02,2,2026-09-04,32.5,19.3,25.9,,36.0,52.6,5.3,,12.1,,0.0,
滨州,jma_seamless,2026-09-01,3,2026-09-04,32.3,20.1,25.8,,34.8,49.5,5.7,,36.8,,0.0,
滨州,jma_seamless,2026-08-31,4,2026-09-04,33.4,20.5,26.5,,36.4,47.5,6.3,,26.6,,0.0,
滨州,jma_seamless,2026-08-30,5,2026-09-04,33.0,21.5,27.0,,36.0,48.8,7.0,,12.4,,0.0,
滨州,jma_seamless,2026-08-29,6,2026-09-04,32.3,21.7,27.6,,36.6,56.3,5.7,,0.0,,0.0,
滨州,jma_seamless,2026-08-28,7,2026-09-04,32.4,23.3,28.1,,36.5,54.9,5.8,,22.0,,0.0,
滨州,gfs_seamless,2026-09-04,1,2026-09-05,32.3,19.0,25.1,,,,,24.1,50.8,,,
滨州,gfs_seamless,2026-09-03,2,2026-09-05,32.3,18.1,24.9,,,,,25.2,31.2,,,
滨州,gfs_seamless,2026-09-02,3,2026-09-05,31.9,18.3,24.4,,,,,23.8,57.0,,,
滨州,gfs_seamless,2026-09-01,4,2026-09-05,31.2,18.9,25.1,,,,,24.5,49.8,,,
滨州,gfs_seamless,2026-08-31,5,2026-09-05,31.8,16.9,24.7,,,,,29.9,49.0,,,
滨州,gfs_seamless,2026-08-30,6,2026-09-05,29.3,18.7,22.1,,,,,50.8,53.4,,,
滨州,gfs_seamless,2026-08-29,7,2026-09-05,25.7,18.4,21.3,,,,,56.5,71.3,,,
滨州,jma_seamless,2026-09-04,1,2026-09-05,31.3,20.8,27.0,,36.0,61.8,5.3,,14.4,,0.0,
滨州,jma_seamless,2026-09-03,2,2026-09-05,31.9,20.8,27.4,,37.4,61.9,5.6,,3.4,,0.0,
滨州,jma_seamless,2026-09-02,3,2026-09-05,31.9,20.2,26.3,,34.6,51.7,3.8,,8.4,,0.0,
滨州,jma_seamless,2026-09-01,4,2026-09-05,31.5,20.3,27.1,,34.9,56.0,4.7,,11.8,,0.0,
滨州,jma_seamless,2026-08-31,5,2026-09-05,32.2,21.5,27.7,,36.2,55.6,4.9,,14.0,,0.0,
滨州,jma_seamless,2026-08-30,6,2026-09-05,31.5,23.3,28.6,,35.1,56.9,5.7,,23.7,,0.0,
滨州,jma_seamless,2026-08-29,7,2026-09-05,32.4,22.1,28.4,,35.8,52.7,4.8,,23.0,,0.0,
滨州,gfs_seamless,2026-09-05,1,2026-09-06,31.4,19.0,24.8,,,,,25.9,24.7,,,
滨州,gfs_seamless,2026-09-04,2,2026-09-06,32.3,19.1,25.8,,,,,30.6,30.8,,,
滨州,gfs_seamless,2026-09-03,3,2026-09-06,32.9,19.1,26.8,,,,,31.7,27.8,,,
滨州,gfs_seamless,2026-09-02,4,2026-09-06,31.6,18.3,25.7,,,,,31.3,21.3,,,
滨州,gfs_seamless,2026-09-01,5,2026-09-06,31.9,18.6,25.5,,,,,26.6,7.1,,,
滨州,gfs_seamless,2026-08-31,6,2026-09-06,32.3,18.6,25.8,,,,,29.9,31.6,,,
滨州,gfs_seamless,2026-08-30,7,2026-09-06,30.4,18.5,23.4,,,,,49.0,36.7,,,
滨州,jma_seamless,2026-09-05,1,2026-09-06,31.4,22.2,27.8,,36.5,62.7,6.2,,9.8,,0.0,
滨州,jma_seamless,2026-09-04,2,2026-09-06,31.6,22.7,27.8,,36.2,60.0,6.5,,2.9,,0.0,
滨州,jma_seamless,2026-09-03,3,2026-09-06,31.8,22.4,27.9,,36.9,60.9,6.3,,0.0,,0.0,
滨州,jma_seamless,2026-09-02,4,2026-09-06,32.4,22.8,27.8,,37.0,56.8,5.9,,15.3,,0.0,
滨州,jma_seamless,2026-09-01,5,2026-09-06,32.1,22.9,28.2,,36.6,57.7,7.0,,2.8,,0.0,
滨州,jma_seamless,2026-08-31,6,2026-09-06,32.6,22.1,28.1,,38.0,58.3,5.2,,0.0,,0.0,
滨州,jma_seamless,2026-08-30,7,2026-09-06,32.4,22.8,28.8,,36.6,55.3,4.9,,13.0,,0.0,
滨州,gfs_seamless,2026-09-06,1,2026-09-07,31.9,19.0,24.8,,,,,43.6,66.1,,,
滨州,gfs_seamless,2026-09-05,2,2026-09-07,32.4,19.6,25.8,,,,,46.1,53.2,,,
滨州,gfs_seamless,2026-09-04,3,2026-09-07,32.1,19.8,26.2,,,,,42.8,84.8,,,
滨州,gfs_seamless,2026-09-03,4,2026-09-07,32.7,20.7,26.0,,,,,45.4,67.3,,,
滨州,gfs_seamless,2026-09-02,5,2026-09-07,31.3,18.6,25.3,,,,,35.3,64.6,,,
滨州,gfs_seamless,2026-09-01,6,2026-09-07,31.7,19.0,24.7,,,,,36.7,88.6,,,
滨州,gfs_seamless,2026-08-31,7,2026-09-07,31.8,18.9,24.5,,,,,38.5,72.7,,,
滨州,jma_seamless,2026-09-06,1,2026-09-07,31.8,21.7,27.6,,37.4,62.6,5.1,,33.6,,0.0,
滨州,jma_seamless,2026-09-05,2,2026-09-07,32.1,21.1,27.7,,38.8,64.7,5.4,,32.0,,0.0,
滨州,jma_seamless,2026-09-04,3,2026-09-07,31.3,20.9,27.8,,37.3,66.5,4.8,,29.2,,0.0,
滨州,jma_seamless,2026-09-03,4,2026-09-07,31.2,21.3,27.8,,36.5,64.5,5.4,,39.7,,0.0,
滨州,jma_seamless,2026-09-02,5,2026-09-07,33.0,22.1,28.2,,39.7,60.6,4.6,,27.8,,0.0,
滨州,jma_seamless,2026-09-01,6,2026-09-07,31.9,22.4,27.9,,36.0,57.2,6.2,,26.6,,0.0,
滨州,jma_seamless,2026-08-31,7,2026-09-07,34.3,22.3,29.0,,42.7,59.2,4.6,,36.5,,0.0,
滨州,gfs_seamless,2026-09-07,1,2026-09-08,22.1,15.9,17.9,,,,,42.8,97.3,,,
滨州,gfs_seamless,2026-09-06,2,2026-09-08,22.5,16.1,18.2,,,,,38.5,96.1,,,
滨州,gfs_seamless,2026-09-05,3,2026-09-08,23.1,16.2,17.6,,,,,46.8,100.0,,,
滨州,gfs_seamless,2026-09-04,4,2026-09-08,21.9,15.1,16.9,,,,,46.8,86.0,,,
滨州,gfs_seamless,2026-09-03,5,2026-09-08,21.5,15.6,17.2,,,,,47.2,96.9,,,
滨州,gfs_seamless,2026-09-02,6,2026-09-08,23.2,14.8,18.3,,,,,42.8,77.6,,,
滨州,gfs_seamless,2026-09-01,7,2026-09-08,26.5,19.6,21.3,,,,,36.4,98.9,,,
滨州,jma_seamless,2026-09-07,1,2026-09-08,25.5,19.6,22.4,,,50.6,11.9,,42.9,,0.0,
滨州,jma_seamless,2026-09-06,2,2026-09-08,25.3,21.5,22.8,,,52.1,12.6,,66.2,,0.0,
滨州,jma_seamless,2026-09-05,3,2026-09-08,25.2,22.0,23.0,,,54.7,11.6,,53.9,,0.0,
滨州,jma_seamless,2026-09-04,4,2026-09-08,25.4,22.0,24.0,,,63.0,10.9,,56.2,,0.0,
滨州,jma_seamless,2026-09-03,5,2026-09-08,27.6,21.8,25.5,,29.4,65.2,9.4,,57.1,,0.0,
滨州,jma_seamless,2026-09-02,6,2026-09-08,30.5,23.9,28.0,,32.5,53.6,5.5,,67.0,,0.0,
滨州,jma_seamless,2026-09-01,7,2026-09-08,29.3,22.5,27.1,,31.1,57.5,8.8,,50.0,,0.0,
滨州,ecmwf_ifs025,2026-09-08,1,2026-09-09,23.2,15.8,18.0,,,57.8,11.9,,80.2,13.73,0.0,
滨州,ecmwf_ifs025,2026-09-07,2,2026-09-09,23.7,16.3,18.5,,,53.7,12.9,,96.0,12.32,0.0,
滨州,ecmwf_ifs025,2026-09-06,3,2026-09-09,24.5,17.0,19.4,,,56.2,10.7,,85.8,12.14,0.0,
滨州,ecmwf_ifs025,2026-09-05,4,2026-09-09,24.8,18.1,19.8,,,52.5,11.8,,88.2,12.3,0.0,
滨州,ecmwf_ifs025,2026-09-04,5,2026-09-09,24.9,19.8,20.1,,,50.8,14.0,,98.0,9.67,0.0,
滨州,ecmwf_ifs025,2026-09-03,6,2026-09-09,24.4,18.6,19.8,,,53.0,13.0,,80.8,12.86,0.0,
滨州,ecmwf_ifs025,2026-09-02,7,2026-09-09,24.9,18.2,20.0,,,51.6,13.3,,33.6,14.72,0.0,
滨州,jma_seamless,2026-09-08,1,2026-09-09,25.6,18.0,19.7,,,40.2,8.3,,,,0.0,0.0
滨州,jma_seamless,2026-09-07,2,2026-09-09,25.9,18.2,21.0,,,41.0,7.7,,,,0.0,0.0
滨州,jma_seamless,2026-09-06,3,2026-09-09,26.9,20.7,21.5,,,38.5,9.9,,,,0.0,0.0
滨州,jma_seamless,2026-09-05,4,2026-09-09,26.6,21.5,21.8,,,37.2,10.3,,,,0.0,0.0
滨州,jma_seamless,2026-09-04,5,2026-09-09,25.8,21.1,21.5,,,43.3,11.4,,,,0.0,0.0
滨州,jma_seamless,2026-09-03,6,2026-09-09,25.5,19.6,22.7,,,50.8,10.3,,,,0.0,0.0
滨州,jma_seamless,2026-09-02,7,2026-09-09,25.5,19.0,22.2,,,70.7,12.4,,,,7.2,0.0
滨州,ecmwf_ifs025,2026-09-09,1,2026-09-10,26.0,13.7,18.8,,,53.8,7.4,,8.0,21.75,0.0,
滨州,ecmwf_ifs025,2026-09-08,2,2026-09-10,26.0,13.1,18.5,,,54.4,7.5,,6.2,21.71,0.0,
滨州,ecmwf_ifs025,2026-09-07,3,2026-09-10,26.4,14.4,19.2,,,52.7,7.6,,41.2,21.57,0.0,
滨州,ecmwf_ifs025,2026-09-06,4,2026-09-10,26.4,17.2,20.1,,,51.5,8.9,,63.0,21.18,0.0,
滨州,ecmwf_ifs025,2026-09-05,5,2026-09-10,27.3,16.8,20.6,,27.7,50.0,9.3,,70.9,18.58,0.0,
滨州,ecmwf_ifs025,2026-09-04,6,2026-09-10,27.4,18.2,20.9,,28.0,52.3,9.4,,43.9,21.37,0.0,
滨州,ecmwf_ifs025,2026-09-03,7,2026-09-10,27.0,17.6,21.0,,27.7,55.2,10.1,,30.0,21.21,0.0,
滨州,jma_seamless,2026-09-09,1,2026-09-10,28.2,16.3,19.1,,27.7,38.6,3.7,,,,0.0,0.0
滨州,jma_seamless,2026-09-08,2,2026-09-10,28.7,16.0,19.6,,28.3,40.1,3.3,,,,0.0,0.0
滨州,jma_seamless,2026-09-07,3,2026-09-10,29.2,18.6,20.7,,28.4,35.8,4.3,,,,0.0,0.0
滨州,jma_seamless,2026-09-06,4,2026-09-10,28.6,19.7,21.6,,28.0,37.0,4.3,,,,0.0,0.0
滨州,jma_seamless,2026-09-05,5,2026-09-10,26.6,19.8,21.8,,,39.1,7.0,,,,0.0,0.0
滨州,jma_seamless,2026-09-04,6,2026-09-10,29.4,18.2,21.3,,29.2,41.7,7.0,,,,0.0,0.0
滨州,jma_seamless,2026-09-03,7,2026-09-10,27.3,20.0,22.2,,27.6,48.8,11.5,,,,0.0,0.0
滨州,ecmwf_ifs025,2026-09-10,1,2026-09-11,27.0,13.9,20.4,,28.1,60.2,6.4,,59.9,16.65,0.0,
滨州,ecmwf_ifs025,2026-09-09,2,2026-09-11,28.3,13.0,20.3,,29.3,54.5,5.4,,12.8,21.62,0.0,
滨州,ecmwf_ifs025,2026-09-08,3,2026-09-11,27.6,13.2,20.0,,28.3,53.5,5.8,,41.4,21.54,0.0,
滨州,ecmwf_ifs025,2026-09-07,4,2026-09-11,27.8,16.9,21.1,,28.3,50.8,5.4,,45.2,20.8,0.0,
滨州,ecmwf_ifs025,2026-09-06,5,2026-09-11,28.8,15.0,21.3,,29.1,47.0,5.2,,19.9,21.54,0.0,
滨州,ecmwf_ifs025,2026-09-05,6,2026-09-11,29.1,17.3,21.8,,29.7,49.5,5.4,,47.9,20.52,0.0,
滨州,ecmwf_ifs025,2026-09-04,7,2026-09-11,29.3,16.9,22.4,,30.3,52.1,4.2,,29.5,21.44,0.0,
滨州,jma_seamless,2026-09-10,1,2026-09-11,29.8,16.4,19.7,,28.7,32.3,4.1,,,,0.0,0.0
滨州,jma_seamless,2026-09-09,2,2026-09-11,28.8,17.5,20.2,,28.0,34.8,3.1,,,,0.0,0.0
滨州,jma_seamless,2026-09-08,3,2026-09-11,29.7,17.3,20.6,,28.9,35.5,3.3,,,,0.0,0.0
滨州,jma_seamless,2026-09-07,4,2026-09-11,31.4,18.1,21.1,,30.9,36.4,3.2,,,,0.0,0.0
滨州,jma_seamless,2026-09-06,5,2026-09-11,29.7,16.4,21.0,,29.2,38.2,3.2,,,,0.0,0.0
滨州,jma_seamless,2026-09-05,6,2026-09-11,30.3,15.9,21.3,,31.6,50.3,3.2,,,,0.0,0.0
滨州,jma_seamless,2026-09-04,7,2026-09-11,30.3,18.5,22.4,,30.2,41.3,4.6,,,,0.0,0.0
滨州,ecmwf_ifs025,2026-09-11,1,2026-09-12,27.4,14.6,20.5,,28.0,52.9,7.1,,50.0,18.24,0.0,
滨州,ecmwf_ifs025,2026-09-10,2,2026-09-12,27.4,15.3,20.6,,27.8,49.3,6.5,,60.2,18.9,0.0,
滨州,ecmwf_ifs025,2026-09-09,3,2026-09-12,28.7,16.7,21.6,,29.2,49.5,6.9,,54.2,20.49,0.0,
滨州,ecmwf_ifs025,2026-09-08,4,2026-09-12,28.7,15.6,21.0,,28.9,46.4,7.5,,6.6,21.29,0.0,
滨州,ecmwf_ifs025,2026-09-07,5,2026-09-12,29.9,16.9,21.7,,29.9,43.0,7.5,,0.3,21.23,0.0,
滨州,ecmwf_ifs025,2026-09-06,6,2026-09-12,29.5,15.9,21.5,,29.5,43.3,5.6,,10.6,21.12,0.0,
滨州,ecmwf_ifs025,2026-09-05,7,2026-09-12,30.4,17.4,22.4,,30.7,43.9,6.9,,51.8,20.46,0.0,
滨州,jma_seamless,2026-09-11,1,2026-09-12,29.5,17.5,21.3,,29.3,41.4,3.3,,,,0.0,0.0
滨州,jma_seamless,2026-09-10,2,2026-09-12,30.2,18.8,21.7,,29.4,34.8,3.9,,,,0.0,0.0
滨州,jma_seamless,2026-09-09,3,2026-09-12,30.6,18.4,21.6,,29.5,32.3,4.0,,,,0.0,0.0
滨州,jma_seamless,2026-09-08,4,2026-09-12,30.7,16.9,21.3,,30.5,39.7,2.9,,,,0.0,0.0
滨州,jma_seamless,2026-09-07,5,2026-09-12,32.2,19.7,22.6,,30.8,28.3,5.2,,,,0.0,0.0
滨州,jma_seamless,2026-09-06,6,2026-09-12,31.3,16.8,22.2,,32.1,44.8,2.2,,,,0.0,0.0
滨州,jma_seamless,2026-09-05,7,2026-09-12,27.5,17.5,22.5,,27.8,48.8,2.7,,,,0.0,0.0
滨州,ecmwf_ifs025,2026-09-12,1,2026-09-13,29.1,18.3,23.0,,31.6,62.4,9.7,,51.2,19.01,0.0,
滨州,ecmwf_ifs025,2026-09-11,2,2026-09-13,29.2,18.9,23.8,,32.3,65.5,9.9,,67.1,19.73,0.0,
滨州,ecmwf_ifs025,2026-09-10,3,2026-09-13,29.6,18.0,22.7,,32.3,61.1,8.5,,50.1,17.76,0.0,
滨州,ecmwf_ifs025,2026-09-09,4,2026-09-13,28.8,18.2,23.0,,31.1,62.8,9.6,,60.8,17.11,0.0,
滨州,ecmwf_ifs025,2026-09-08,5,2026-09-13,28.2,17.7,22.5,,29.8,60.4,9.7,,42.7,20.11,0.0,
滨州,ecmwf_ifs025,2026-09-07,6,2026-09-13,31.3,19.3,23.5,,32.3,46.1,7.5,,56.3,18.36,0.0,
滨州,ecmwf_ifs025,2026-09-06,7,2026-09-13,29.8,20.5,23.6,,30.2,46.4,5.1,,74.8,13.12,0.0,
滨州,jma_seamless,2026-09-12,1,2026-09-13,30.2,19.8,24.1,,31.3,49.6,6.3,,,,0.0,0.0
滨州,jma_seamless,2026-09-11,2,2026-09-13,30.6,20.2,23.9,,31.2,45.3,5.8,,,,0.0,0.0
滨州,jma_seamless,2026-09-10,3,2026-09-13,29.7,20.8,24.0,,30.3,48.0,6.1,,,,0.0,0.0
滨州,jma_seamless,2026-09-09,4,2026-09-13,30.4,20.5,24.2,,31.7,50.4,5.8,,,,0.0,0.0
滨州,jma_seamless,2026-09-08,5,2026-09-13,31.6,20.5,24.8,,33.6,49.6,6.1,,,,0.0,0.0
滨州,jma_seamless,2026-09-07,6,2026-09-13,30.6,17.6,23.2,,30.7,42.3,2.3,,,,0.0,0.0
滨州,jma_seamless,2026-09-06,7,2026-09-13,29.5,20.5,24.5,,30.1,48.2,2.5,,,,0.0,0.0
滨州,ecmwf_ifs025,2026-09-13,1,2026-09-14,28.2,14.8,21.8,,29.6,59.0,5.4,,0.2,20.5,0.0,
滨州,ecmwf_ifs025,2026-09-12,2,2026-09-14,28.2,15.8,22.2,,29.4,56.7,5.2,,6.8,19.86,0.0,
滨州,ecmwf_ifs025,2026-09-11,3,2026-09-14,28.0,15.5,22.3,,29.8,62.7,6.1,,3.2,20.46,0.0,
滨州,ecmwf_ifs025,2026-09-10,4,2026-09-14,28.6,16.8,22.2,,29.8,55.2,8.3,,0.1,20.58,0.0,
滨州,ecmwf_ifs025,2026-09-09,5,2026-09-14,28.4,15.3,21.8,,29.2,53.0,8.6,,1.1,20.29,0.0,
滨州,ecmwf_ifs025,2026-09-08,6,2026-09-14,29.2,17.4,22.3,,29.7,48.2,5.9,,0.0,20.97,0.0,
滨州,ecmwf_ifs025,2026-09-07,7,2026-09-14,31.3,19.2,24.2,,33.6,52.2,4.9,,3.5,20.29,0.0,
滨州,jma_seamless,2026-09-13,1,2026-09-14,29.2,16.9,21.0,,29.0,42.3,2.8,,,,0.0,0.0
滨州,jma_seamless,2026-09-12,2,2026-09-14,29.7,17.5,21.9,,29.7,43.5,3.6,,,,0.0,0.0
滨州,jma_seamless,2026-09-11,3,2026-09-14,29.5,19.5,23.7,,30.4,50.5,5.7,,,,0.0,0.0
滨州,jma_seamless,2026-09-10,4,2026-09-14,29.3,18.2,22.6,,29.9,48.8,3.1,,,,0.0,0.0
滨州,jma_seamless,2026-09-09,5,2026-09-14,31.1,20.3,23.3,,31.5,42.8,5.6,,,,0.0,0.0
滨州,jma_seamless,2026-09-08,6,2026-09-14,31.0,20.9,24.6,,32.3,48.6,4.3,,,,0.0,0.0
滨州,jma_seamless,2026-09-07,7,2026-09-14,28.3,20.3,23.2,,28.1,41.9,9.3,,,,0.0,0.0
滨州,ecmwf_ifs025,2026-09-14,1,2026-09-15,31.2,16.4,24.0,,35.2,59.7,8.3,,0.0,20.41,0.0,
滨州,ecmwf_ifs025,2026-09-13,2,2026-09-15,31.5,17.0,24.0,,35.2,57.3,8.4,,0.0,20.52,0.0,
滨州,ecmwf_ifs025,2026-09-12,3,2026-09-15,32.4,17.2,24.0,,35.0,49.5,10.1,,0.1,20.61,0.0,
滨州,ecmwf_ifs025,2026-09-11,4,2026-09-15,32.1,17.0,23.7,,34.0,47.5,8.4,,0.0,20.6,0.0,
滨州,ecmwf_ifs025,2026-09-10,5,2026-09-15,32.7,16.9,23.7,,35.0,47.4,10.3,,8.5,20.62,0.0,
滨州,ecmwf_ifs025,2026-09-09,6,2026-09-15,32.4,18.2,23.1,,33.3,42.2,10.0,,0.0,20.67,0.0,
滨州,ecmwf_ifs025,2026-09-08,7,2026-09-15,31.2,18.1,23.4,,32.0,45.0,6.8,,3.5,21.32,0.0,
滨州,jma_seamless,2026-09-14,1,2026-09-15,32.3,18.5,23.4,,34.2,47.0,4.8,,,,0.0,0.0
滨州,jma_seamless,2026-09-13,2,2026-09-15,32.4,18.9,23.7,,34.9,49.0,4.8,,,,0.0,0.0
滨州,jma_seamless,2026-09-12,3,2026-09-15,32.7,17.8,23.2,,34.3,44.5,4.9,,,,0.0,0.0
滨州,jma_seamless,2026-09-11,4,2026-09-15,31.9,18.3,23.1,,32.8,43.4,4.4,,,,0.0,0.0
滨州,jma_seamless,2026-09-10,5,2026-09-15,31.4,18.2,21.9,,30.5,32.8,4.5,,,,0.0,0.0
滨州,jma_seamless,2026-09-09,6,2026-09-15,32.1,19.3,23.3,,31.8,36.5,4.9,,,,0.0,0.0
滨州,jma_seamless,2026-09-08,7,2026-09-15,32.0,17.9,23.4,,33.2,44.6,3.9,,,,0.0,0.0
