region_name,model,issue_date,lead_day,forecast_date,temp_max,temp_min,apparent_temp,wind_chill,heat_index,relative_humidity,wind_speed,wind_gust,cloud_cover,shortwave_radiation,precipitation,snowfall
鲁中参考点,gfs_seamless,2024-12-31,1,2025-01-01,7.4,0.1,-1.3,,,,,,,10.66,0.0,0.0
鲁中参考点,gfs_seamless,2024-12-30,2,2025-01-01,7.1,0.1,-1.3,,,,,,,10.7,0.0,0.0
鲁中参考点,gfs_seamless,2024-12-29,3,2025-01-01,6.8,0.0,-1.6,,,,,,,10.72,0.0,0.0
鲁中参考点,gfs_seamless,2024-12-28,4,2025-01-01,7.0,-0.5,-1.8,,,,,,,10.74,0.0,0.0
鲁中参考点,gfs_seamless,2024-12-27,5,2025-01-01,7.0,-0.9,-2.3,,,,,,,10.38,0.0,0.0
鲁中参考点,gfs_seamless,2024-12-26,6,2025-01-01,2.3,-4.3,-7.2,,,,,,,10.59,0.0,0.0
鲁中参考点,gfs_seamless,2024-12-25,7,2025-01-01,2.6,-4.1,-6.2,,,,,,,10.67,0.0,0.0
鲁中参考点,jma_seamless,2024-12-31,1,2025-01-01,24.9,22.7,28.6,,,38.8,6.0,,7.6,,,0.0
鲁中参考点,jma_seamless,2024-12-30,2,2025-01-01,25.7,22.8,27.1,,,30.0,7.5,,8.2,,,0.0
鲁中参考点,jma_seamless,2024-12-29,3,2025-01-01,24.9,22.9,26.8,,,27.5,7.7,,1.3,,,0.0
鲁中参考点,jma_seamless,2024-12-28,4,2025-01-01,27.9,24.5,30.5,,27.0,28.4,5.6,,0.5,,,0.0
鲁中参考点,jma_seamless,2024-12-27,5,2025-01-01,24.4,21.3,24.8,,,30.8,5.0,,0.5,,,0.0
鲁中参考点,jma_seamless,2024-12-26,6,2025-01-01,24.1,18.0,24.8,,,31.0,5.0,,6.7,,,0.0
鲁中参考点,jma_seamless,2024-12-25,7,2025-01-01,23.2,19.7,22.8,,,25.2,10.6,,0.0,,,0.0
鲁中参考点,gfs_seamless,2025-01-01,1,2025-01-02,2.5,-2.0,-4.6,,,,,,,8.27,0.0,0.0
鲁中参考点,gfs_seamless,2024-12-31,2,2025-01-02,2.7,-2.5,-5.1,,,,,,,8.4,0.0,0.0
鲁中参考点,gfs_seamless,2024-12-30,3,2025-01-02,3.4,-2.6,-4.2,,,,,,,9.65,0.0,0.0
鲁中参考点,gfs_seamless,2024-12-29,4,2025-01-02,2.7,-2.4,-4.4,,,,,,,7.97,0.0,0.0
鲁中参考点,gfs_seamless,2024-12-28,5,2025-01-02,4.8,-2.3,-3.5,,,,,,,8.89,0.0,0.0
鲁中参考点,gfs_seamless,2024-12-27,6,2025-01-02,4.3,-3.0,-4.3,,,,,,,8.92,0.0,0.0
鲁中参考点,gfs_seamless,2024-12-26,7,2025-01-02,3.4,-2.6,-5.3,,,,,,,9.68,0.0,0.0
鲁中参考点,jma_seamless,2025-01-01,1,2025-01-02,26.2,22.0,26.6,,,60.2,5.7,,18.2,,,0.0
鲁中参考点,jma_seamless,2024-12-31,2,2025-01-02,25.5,21.7,27.1,,,49.9,6.3,,17.1,,,0.0
鲁中参考点,jma_seamless,2024-12-30,3,2025-01-02,25.1,20.6,25.2,,,52.5,5.8,,8.6,,,0.0
鲁中参考点,jma_seamless,2024-12-29,4,2025-01-02,25.2,22.6,28.2,,,43.2,5.0,,5.4,,,0.0
鲁中参考点,jma_seamless,2024-12-28,5,2025-01-02,24.9,22.0,28.1,,,53.4,5.7,,15.2,,,0.0
鲁中参考点,jma_seamless,2024-12-27,6,2025-01-02,24.1,18.0,23.0,,,51.2,5.0,,6.4,,,0.0
鲁中参考点,jma_seamless,2024-12-26,7,2025-01-02,23.7,18.7,23.5,,,26.0,3.0,,8.3,,,0.0
鲁中参考点,gfs_seamless,2025-01-02,1,2025-01-03,3.9,-1.9,-3.9,,,,,,,11.08,0.0,0.0
鲁中参考点,gfs_seamless,2025-01-01,2,2025-01-03,3.7,-2.8,-4.4,,,,,,,11.09,0.0,0.0
鲁中参考点,gfs_seamless,2024-12-31,3,2025-01-03,3.4,-3.8,-5.2,,,,,,,11.12,0.0,0.0
鲁中参考点,gfs_seamless,2024-12-30,4,2025-01-03,3.5,-3.2,-5.0,,,,,,,11.06,0.0,0.0
鲁中参考点,gfs_seamless,2024-12-29,5,2025-01-03,2.2,-2.9,-5.6,,,,,,,10.72,0.0,0.0
鲁中参考点,gfs_seamless,2024-12-28,6,2025-01-03,-0.1,-5.2,-8.4,,,,,,,10.71,0.0,0.0
鲁中参考点,gfs_seamless,2024-12-27,7,2025-01-03,2.9,-2.9,-5.2,,,,,,,9.16,0.0,0.0
鲁中参考点,jma_seamless,2025-01-02,1,2025-01-03,26.4,21.8,27.5,,,40.5,4.4,,0.0,,,0.0
鲁中参考点,jma_seamless,2025-01-01,2,2025-01-03,26.8,22.0,27.5,,,25.0,4.2,,0.0,,,0.0
鲁中参考点,jma_seamless,2024-12-31,3,2025-01-03,26.9,22.2,27.8,,,31.5,4.6,,0.0,,,0.0
鲁中参考点,jma_seamless,2024-12-30,4,2025-01-03,27.2,21.6,27.7,,26.3,24.1,4.2,,0.0,,,0.0
鲁中参考点,jma_seamless,2024-12-29,5,2025-01-03,24.8,22.8,28.9,,,27.7,5.7,,0.3,,,0.0
鲁中参考点,jma_seamless,2024-12-28,6,2025-01-03,23.5,22.3,27.0,,,38.5,6.6,,0.5,,,0.0
鲁中参考点,jma_seamless,2024-12-27,7,2025-01-03,23.9,20.9,24.8,,,35.3,5.6,,2.8,,,0.0
鲁中参考点,gfs_seamless,2025-01-03,1,2025-01-04,5.4,-0.8,-2.7,,,,,,,10.35,0.0,0.0
鲁中参考点,gfs_seamless,2025-01-02,2,2025-01-04,5.3,-0.7,-2.5,,,,,,,10.24,0.0,0.0
鲁中参考点,gfs_seamless,2025-01-01,3,2025-01-04,5.0,-1.3,-2.8,,,,,,,9.72,0.0,0.0
鲁中参考点,gfs_seamless,2024-12-31,4,2025-01-04,5.2,-1.9,-3.2,,,,,,,10.65,0.0,0.0
鲁中参考点,gfs_seamless,2024-12-30,5,2025-01-04,4.7,-2.0,-3.8,,,,,,,10.58,0.0,0.0
鲁中参考点,gfs_seamless,2024-12-29,6,2025-01-04,3.2,-3.8,-5.4,,,,,,,10.11,0.0,0.0
鲁中参考点,gfs_seamless,2024-12-28,7,2025-01-04,2.2,-5.0,-6.6,,,,,,,10.66,0.0,0.0
鲁中参考点,jma_seamless,2025-01-03,1,2025-01-04,27.0,21.9,28.4,,28.5,65.5,9.7,,27.9,,,0.0
鲁中参考点,jma_seamless,2025-01-02,2,2025-01-04,27.4,22.6,28.3,,28.2,55.5,9.3,,22.8,,,0.0
鲁中参考点,jma_seamless,2025-01-01,3,2025-01-04,25.7,22.4,28.1,,,35.1,11.3,,25.1,,,0.0
鲁中参考点,jma_seamless,2024-12-31,4,2025-01-04,25.6,21.2,27.4,,,35.6,10.4,,16.6,,,0.0
鲁中参考点,jma_seamless,2024-12-30,5,2025-01-04,24.8,21.8,27.6,,,31.2,11.0,,16.1,,,0.0
鲁中参考点,jma_seamless,2024-12-29,6,2025-01-04,26.7,21.4,26.9,,,27.4,9.1,,0.0,,,0.0
鲁中参考点,jma_seamless,2024-12-28,7,2025-01-04,26.5,22.1,28.6,,,28.9,6.9,,0.0,,,0.0
鲁中参考点,gfs_seamless,2025-01-04,1,2025-01-05,6.7,0.1,-2.1,,,,,,,10.69,0.0,0.0
鲁中参考点,gfs_seamless,2025-01-03,2,2025-01-05,6.4,0.2,-1.7,,,,,,,10.71,0.0,0.0
鲁中参考点,gfs_seamless,2025-01-02,3,2025-01-05,6.3,-0.3,-1.4,,,,,,,10.65,0.0,0.0
鲁中参考点,gfs_seamless,2025-01-01,4,2025-01-05,6.4,-0.5,-2.0,,,,,,,10.69,0.0,0.0
鲁中参考点,gfs_seamless,2024-12-31,5,2025-01-05,7.5,-0.4,-2.1,,,,,,,10.3,0.0,0.0
鲁中参考点,gfs_seamless,2024-12-30,6,2025-01-05,5.7,-0.1,-2.7,,,,,,,7.75,0.0,0.0
鲁中参考点,gfs_seamless,2024-12-29,7,2025-01-05,5.6,-2.3,-3.7,,,,,,,10.36,0.0,0.0
鲁中参考点,jma_seamless,2025-01-04,1,2025-01-05,27.4,21.8,28.9,,28.2,55.0,7.6,,1.8,,,0.0
鲁中参考点,jma_seamless,2025-01-03,2,2025-01-05,28.3,22.4,29.2,,29.5,56.5,4.7,,1.8,,,0.0
鲁中参考点,jma_seamless,2025-01-02,3,2025-01-05,28.6,21.5,28.7,,29.6,54.0,5.0,,1.9,,,0.0
鲁中参考点,jma_seamless,2025-01-01,4,2025-01-05,27.7,21.2,28.0,,27.5,40.8,5.9,,20.1,,,0.0
鲁中参考点,jma_seamless,2024-12-31,5,2025-01-05,26.9,21.4,27.6,,,50.3,6.3,,26.8,,,0.0
鲁中参考点,jma_seamless,2024-12-30,6,2025-01-05,25.2,20.9,26.7,,,50.4,5.5,,28.9,,,0.0
鲁中参考点,jma_seamless,2024-12-29,7,2025-01-05,28.8,20.8,29.4,,28.2,37.6,2.7,,0.0,,,0.0
鲁中参考点,gfs_seamless,2025-01-05,1,2025-01-06,0.9,-3.3,-6.3,,,,,,,11.1,0.0,0.0
鲁中参考点,gfs_seamless,2025-01-04,2,2025-01-06,1.0,-2.8,-6.4,,,,,,,11.08,0.0,0.0
鲁中参考点,gfs_seamless,2025-01-03,3,2025-01-06,0.7,-2.9,-6.2,,,,,,,11.04,0.0,0.0
鲁中参考点,gfs_seamless,2025-01-02,4,2025-01-06,2.0,-2.5,-5.4,,,,,,,11.06,0.0,0.0
鲁中参考点,gfs_seamless,2025-01-01,5,2025-01-06,1.8,-2.8,-5.6,,,,,,,10.63,0.0,0.0
鲁中参考点,gfs_seamless,2024-12-31,6,2025-01-06,2.3,-3.1,-5.5,,,,,,,10.65,0.0,0.0
鲁中参考点,gfs_seamless,2024-12-30,7,2025-01-06,2.3,-3.2,-6.2,,,,,,,10.5,0.0,0.0
鲁中参考点,jma_seamless,2025-01-05,1,2025-01-06,27.5,21.6,27.3,,26.8,30.7,7.6,,0.0,,,0.0
鲁中参考点,jma_seamless,2025-01-04,2,2025-01-06,28.3,21.9,29.0,,27.5,33.5,5.5,,0.0,,,0.0
鲁中参考点,jma_seamless,2025-01-03,3,2025-01-06,28.3,22.3,29.4,,27.5,33.2,5.0,,0.0,,,0.0
鲁中参考点,jma_seamless,2025-01-02,4,2025-01-06,29.5,21.5,28.9,,29.2,40.9,5.0,,0.0,,,0.0
鲁中参考点,jma_seamless,2025-01-01,5,2025-01-06,29.7,22.5,29.8,,30.8,51.3,5.1,,0.0,,,0.0
鲁中参考点,jma_seamless,2024-12-31,6,2025-01-06,29.2,20.2,27.0,,30.5,54.6,4.4,,11.7,,,0.0
鲁中参考点,jma_seamless,2024-12-30,7,2025-01-06,30.1,20.1,28.5,,31.2,50.0,5.3,,1.8,,,0.0
鲁中参考点,gfs_seamless,2025-01-06,1,2025-01-07,3.3,-3.1,-5.7,,,,,,,11.19,0.0,0.0
鲁中参考点,gfs_seamless,2025-01-05,2,2025-01-07,3.3,-3.7,-5.9,,,,,,,11.17,0.0,0.0
鲁中参考点,gfs_seamless,2025-01-04,3,2025-01-07,3.5,-3.7,-6.3,,,,,,,11.17,0.0,0.0
鲁中参考点,gfs_seamless,2025-01-03,4,2025-01-07,3.5,-3.5,-6.0,,,,,,,11.19,0.0,0.0
鲁中参考点,gfs_seamless,2025-01-02,5,2025-01-07,2.0,-3.3,-6.3,,,,,,,10.77,0.0,0.0
鲁中参考点,gfs_seamless,2025-01-01,6,2025-01-07,1.6,-3.9,-6.7,,,,,,,10.77,0.0,0.0
鲁中参考点,gfs_seamless,2024-12-31,7,2025-01-07,-0.4,-3.7,-7.9,,,,,,,10.78,0.0,0.0
鲁中参考点,jma_seamless,2025-01-06,1,2025-01-07,28.1,20.5,28.0,,27.0,25.0,7.7,,0.0,,,0.0
鲁中参考点,jma_seamless,2025-01-05,2,2025-01-07,28.2,21.4,28.1,,27.1,26.3,6.8,,0.1,,,0.0
鲁中参考点,jma_seamless,2025-01-04,3,2025-01-07,28.8,21.5,29.6,,27.5,26.6,6.7,,0.2,,,0.0
鲁中参考点,jma_seamless,2025-01-03,4,2025-01-07,27.5,21.7,29.5,,26.6,27.2,6.0,,1.9,,,0.0
鲁中参考点,jma_seamless,2025-01-02,5,2025-01-07,29.6,23.6,30.8,,28.8,35.5,5.9,,0.5,,,0.0
鲁中参考点,jma_seamless,2025-01-01,6,2025-01-07,30.5,19.2,28.5,,29.1,28.9,5.5,,7.0,,,0.0
鲁中参考点,jma_seamless,2024-12-31,7,2025-01-07,31.5,22.3,29.4,,33.2,48.8,7.4,,0.1,,,0.0
鲁中参考点,gfs_seamless,2025-01-07,1,2025-01-08,-1.3,-5.8,-9.7,,,,,,,11.29,0.0,0.0
鲁中参考点,gfs_seamless,2025-01-06,2,2025-01-08,-0.8,-5.4,-10.2,,,,,,,11.31,0.0,0.0
鲁中参考点,gfs_seamless,2025-01-05,3,2025-01-08,-1.7,-5.5,-10.4,,,,,,,11.34,0.0,0.0
鲁中参考点,gfs_seamless,2025-01-04,4,2025-01-08,-1.5,-4.9,-9.1,,,,,,,11.33,0.0,0.0
鲁中参考点,gfs_seamless,2025-01-03,5,2025-01-08,-0.5,-4.7,-8.2,,,,,,,11.03,0.0,0.0
鲁中参考点,gfs_seamless,2025-01-02,6,2025-01-08,-0.4,-5.5,-8.9,,,,,,,10.95,0.0,0.0
鲁中参考点,gfs_seamless,2025-01-01,7,2025-01-08,-0.8,-9.7,-11.5,,,,,,,11.01,0.0,0.0
鲁中参考点,jma_seamless,2025-01-07,1,2025-01-08,24.3,23.7,27.2,,,31.8,10.0,,0.2,,,0.0
鲁中参考点,jma_seamless,2025-01-06,2,2025-01-08,24.3,23.3,26.6,,,27.8,9.8,,0.5,,,0.0
鲁中参考点,jma_seamless,2025-01-05,3,2025-01-08,25.1,24.7,27.9,,,30.0,9.2,,1.2,,,0.0
鲁中参考点,jma_seamless,2025-01-04,4,2025-01-08,25.0,24.7,28.5,,,29.5,8.8,,8.5,,,0.0
鲁中参考点,jma_seamless,2025-01-03,5,2025-01-08,23.6,23.2,28.2,,,26.5,7.8,,2.9,,,0.0
鲁中参考点,jma_seamless,2025-01-02,6,2025-01-08,23.9,23.7,28.3,,,29.4,8.9,,0.0,,,0.0
鲁中参考点,jma_seamless,2025-01-01,7,2025-01-08,23.7,23.6,25.8,,,26.3,6.6,,0.0,,,0.0
鲁中参考点,gfs_seamless,2025-01-08,1,2025-01-09,-2.5,-6.5,-10.7,,,,,,,11.52,0.0,0.0
鲁中参考点,gfs_seamless,2025-01-07,2,2025-01-09,-2.6,-6.9,-10.9,,,,,,,11.52,0.0,0.0
鲁中参考点,gfs_seamless,2025-01-06,3,2025-01-09,-1.7,-6.7,-9.9,,,,,,,11.51,0.0,0.0
鲁中参考点,gfs_seamless,2025-01-05,4,2025-01-09,-0.7,-6.3,-9.4,,,,,,,11.53,0.0,0.0
鲁中参考点,gfs_seamless,2025-01-04,5,2025-01-09,0.2,-6.5,-8.9,,,,,,,11.15,0.0,0.0
鲁中参考点,gfs_seamless,2025-01-03,6,2025-01-09,0.6,-6.6,-8.9,,,,,,,11.28,0.0,0.0
鲁中参考点,gfs_seamless,2025-01-02,7,2025-01-09,-2.4,-10.8,-11.9,,,,,,,11.02,0.0,0.0
鲁中参考点,gfs_seamless,2025-01-09,1,2025-01-10,-0.6,-7.3,-8.8,,,,,,,10.75,0.0,0.0
鲁中参考点,gfs_seamless,2025-01-08,2,2025-01-10,0.5,-6.7,-8.2,,,,,,,11.44,0.0,0.0
鲁中参考点,gfs_seamless,2025-01-07,3,2025-01-10,1.5,-6.1,-7.7,,,,,,,11.57,0.0,0.0
鲁中参考点,gfs_seamless,2025-01-06,4,2025-01-10,1.0,-5.9,-7.7,,,,,,,11.55,0.0,0.0
鲁中参考点,gfs_seamless,2025-01-05,5,2025-01-10,0.9,-5.4,-7.6,,,,,,,11.1,0.0,0.0
鲁中参考点,gfs_seamless,2025-01-04,6,2025-01-10,2.1,-5.2,-6.8,,,,,,,11.24,0.0,0.0
鲁中参考点,gfs_seamless,2025-01-03,7,2025-01-10,2.7,-6.4,-7.3,,,,,,,10.08,0.0,0.0
鲁中参考点,gfs_seamless,2025-01-10,1,2025-01-11,1.6,-4.7,-6.4,,,,,,,11.41,0.0,0.0
鲁中参考点,gfs_seamless,2025-01-09,2,2025-01-11,1.3,-4.4,-6.3,,,,,,,8.86,0.0,0.0
鲁中参考点,gfs_seamless,2025-01-08,3,2025-01-11,1.9,-3.6,-5.8,,,,,,,8.64,0.0,0.0
鲁中参考点,gfs_seamless,2025-01-07,4,2025-01-11,2.3,-3.3,-5.7,,,,,,,6.75,0.0,0.0
鲁中参考点,gfs_seamless,2025-01-06,5,2025-01-11,1.8,-3.5,-5.9,,,,,,,5.44,0.0,0.0
鲁中参考点,gfs_seamless,2025-01-05,6,2025-01-11,1.4,-2.9,-5.8,,,,,,,6.01,0.0,0.0
鲁中参考点,gfs_seamless,2025-01-04,7,2025-01-11,2.7,-4.4,-5.8,,,,,,,7.14,0.0,0.0
鲁中参考点,gfs_seamless,2025-01-11,1,2025-01-12,2.3,-4.2,-5.8,,,,,,,11.49,0.0,0.0
鲁中参考点,gfs_seamless,2025-01-10,2,2025-01-12,2.0,-3.7,-5.5,,,,,,,11.47,0.0,0.0
鲁中参考点,gfs_seamless,2025-01-09,3,2025-01-12,2.9,-3.2,-5.1,,,,,,,11.44,0.0,0.0
鲁中参考点,gfs_seamless,2025-01-08,4,2025-01-12,3.3,-3.3,-4.9,,,,,,,11.46,0.0,0.0
鲁中参考点,gfs_seamless,2025-01-07,5,2025-01-12,3.7,-3.2,-4.6,,,,,,,10.99,0.0,0.0
鲁中参考点,gfs_seamless,2025-01-06,6,2025-01-12,2.8,-2.9,-4.5,,,,,,,10.97,0.1,0.0
鲁中参考点,gfs_seamless,2025-01-05,7,2025-01-12,3.9,-2.7,-4.7,,,,,,,10.36,0.0,0.0
鲁中参考点,gfs_seamless,2025-01-12,1,2025-01-13,5.6,-2.7,-4.2,,,,,,,11.43,0.0,0.0
鲁中参考点,gfs_seamless,2025-01-11,2,2025-01-13,4.7,-2.5,-4.2,,,,,,,11.42,0.0,0.0
鲁中参考点,gfs_seamless,2025-01-10,3,2025-01-13,4.7,-2.2,-3.8,,,,,,,11.48,0.0,0.0
鲁中参考点,gfs_seamless,2025-01-09,4,2025-01-13,5.2,-1.8,-3.6,,,,,,,11.44,0.0,0.0
鲁中参考点,gfs_seamless,2025-01-08,5,2025-01-13,5.6,-1.8,-4.0,,,,,,,11.12,0.0,0.0
鲁中参考点,gfs_seamless,2025-01-07,6,2025-01-13,5.1,-1.6,-3.6,,,,,,,7.91,0.0,0.0
鲁中参考点,gfs_seamless,2025-01-06,7,2025-01-13,2.9,-2.2,-3.9,,,,,,,6.17,0.0,0.0
鲁中参考点,gfs_seamless,2025-01-13,1,2025-01-14,1.6,-4.9,-7.1,,,,,,,11.57,0.0,0.0
鲁中参考点,gfs_seamless,2025-01-12,2,2025-01-14,4.3,-4.9,-5.6,,,,,,,11.43,0.0,0.0
鲁中参考点,gfs_seamless,2025-01-11,3,2025-01-14,4.6,-4.9,-5.3,,,,,,,11.39,0.0,0.0
鲁中参考点,gfs_seamless,2025-01-10,4,2025-01-14,3.5,-3.6,-5.5,,,,,,,10.76,0.0,0.0
鲁中参考点,gfs_seamless,2025-01-09,5,2025-01-14,4.0,-3.4,-4.7,,,,,,,10.79,0.0,0.0
鲁中参考点,gfs_seamless,2025-01-08,6,2025-01-14,6.5,-3.2,-5.3,,,,,,,11.16,0.0,0.0
鲁中参考点,gfs_seamless,2025-01-07,7,2025-01-14,3.1,-5.3,-6.9,,,,,,,11.4,0.0,0.0
鲁中参考点,gfs_seamless,2025-01-14,1,2025-01-15,0.3,-7.3,-9.4,,,,,45.4,0.0,,,0.0
鲁中参考点,gfs_seamless,2025-01-13,2,2025-01-15,0.8,-7.3,-9.2,,,,,42.1,0.0,,,0.0
鲁中参考点,gfs_seamless,2025-01-12,3,2025-01-15,0.9,-7.3,-9.4,,,,,43.2,0.0,,,0.0
鲁中参考点,gfs_seamless,2025-01-11,4,2025-01-15,0.7,-6.3,-8.7,,,,,34.6,0.0,,,0.0
鲁中参考点,gfs_seamless,2025-01-10,5,2025-01-15,1.0,-7.0,-8.8,,,,,39.6,0.3,,,0.0
鲁中参考点,gfs_seamless,2025-01-09,6,2025-01-15,-0.3,-7.3,-9.5,,,,,31.7,3.3,,,0.0
鲁中参考点,gfs_seamless,2025-01-08,7,2025-01-15,-2.7,-8.4,-11.0,,,,,51.5,9.3,,,0.0
鲁中参考点,jma_seamless,2025-01-14,1,2025-01-15,-0.3,-6.4,-8.8,-10.4,,15.5,8.4,,,,0.0,0.0
鲁中参考点,jma_seamless,2025-01-13,2,2025-01-15,-0.1,-6.8,-9.0,-11.0,,14.7,8.6,,,,0.0,0.0
鲁中参考点,jma_seamless,2025-01-12,3,2025-01-15,-0.2,-6.7,-8.9,-10.8,,15.5,8.5,,,,0.0,0.0
鲁中参考点,jma_seamless,2025-01-11,4,2025-01-15,0.7,-6.0,-8.4,-9.8,,15.1,8.1,,,,0.0,0.0
鲁中参考点,jma_seamless,2025-01-10,5,2025-01-15,-1.9,-8.9,-10.4,-13.5,,15.7,8.8,,,,0.0,0.0
鲁中参考点,jma_seamless,2025-01-09,6,2025-01-15,-0.3,-6.9,-8.8,-10.6,,17.5,7.5,,,,0.0,0.0
鲁中参考点,jma_seamless,2025-01-08,7,2025-01-15,-2.3,-6.1,-8.9,-10.0,,21.5,8.3,,,,0.0,0.0
鲁中参考点,gfs_seamless,2025-01-15,1,2025-01-16,3.6,-4.6,-6.2,,,,,19.4,0.0,,,0.0
鲁中参考点,gfs_seamless,2025-01-14,2,2025-01-16,3.7,-4.6,-5.9,,,,,19.1,0.5,,,0.0
鲁中参考点,gfs_seamless,2025-01-13,3,2025-01-16,3.9,-4.4,-5.9,,,,,18.4,0.0,,,0.0
鲁中参考点,gfs_seamless,2025-01-12,4,2025-01-16,4.0,-4.5,-6.0,,,,,26.3,0.0,,,0.0
鲁中参考点,gfs_seamless,2025-01-11,5,2025-01-16,3.5,-3.8,-5.6,,,,,20.5,0.0,,,0.0
鲁中参考点,gfs_seamless,2025-01-10,6,2025-01-16,3.7,-6.7,-6.1,,,,,14.4,0.2,,,0.0
鲁中参考点,gfs_seamless,2025-01-09,7,2025-01-16,3.2,-6.2,-7.1,,,,,25.6,0.0,,,0.0
鲁中参考点,jma_seamless,2025-01-15,1,2025-01-16,3.8,-4.3,-6.1,-7.1,,18.1,6.2,,,,0.0,0.0
鲁中参考点,jma_seamless,2025-01-14,2,2025-01-16,3.9,-4.1,-6.1,-6.9,,17.5,6.4,,,,0.0,0.0
鲁中参考点,jma_seamless,2025-01-13,3,2025-01-16,3.5,-3.8,-6.1,-6.6,,16.7,6.5,,,,0.0,0.0
鲁中参考点,jma_seamless,2025-01-12,4,2025-01-16,4.3,-4.0,-6.0,-7.2,,16.8,7.3,,,,0.0,0.0
鲁中参考点,jma_seamless,2025-01-11,5,2025-01-16,4.0,-4.0,-6.1,-7.1,,17.6,7.0,,,,0.0,0.0
鲁中参考点,jma_seamless,2025-01-10,6,2025-01-16,4.1,-4.6,-6.3,-8.4,,16.9,8.7,,,,0.0,0.0
鲁中参考点,jma_seamless,2025-01-09,7,2025-01-16,3.7,-4.5,-6.5,-8.7,,19.4,9.9,,,,0.0,0.0
鲁中参考点,gfs_seamless,2025-01-16,1,2025-01-17,5.3,-2.4,-4.0,,,,,15.1,8.6,,,0.0
鲁中参考点,gfs_seamless,2025-01-15,2,2025-01-17,5.1,-1.6,-3.7,,,,,13.3,12.5,,,0.0
鲁中参考点,gfs_seamless,2025-01-14,3,2025-01-17,5.3,-2.7,-3.9,,,,,16.6,0.5,,,0.0
鲁中参考点,gfs_seamless,2025-01-13,4,2025-01-17,4.8,-2.3,-4.0,,,,,18.0,0.5,,,0.0
鲁中参考点,gfs_seamless,2025-01-12,5,2025-01-17,5.2,-2.9,-4.0,,,,,13.7,2.7,,,0.0
鲁中参考点,gfs_seamless,2025-01-11,6,2025-01-17,5.9,-1.1,-3.3,,,,,18.7,5.8,,,0.0
鲁中参考点,gfs_seamless,2025-01-10,7,2025-01-17,6.0,-3.0,-3.6,,,,,13.0,0.2,,,0.0
鲁中参考点,jma_seamless,2025-01-16,1,2025-01-17,4.7,-4.7,-5.1,-7.5,,26.5,6.2,,,,0.0,0.0
鲁中参考点,jma_seamless,2025-01-15,2,2025-01-17,5.2,-5.0,-5.2,-7.7,,21.2,5.9,,,,0.0,0.0
鲁中参考点,jma_seamless,2025-01-14,3,2025-01-17,5.5,-4.7,-5.1,-7.4,,20.5,6.0,,,,0.0,0.0
鲁中参考点,jma_seamless,2025-01-13,4,2025-01-17,4.5,-5.6,-5.4,-8.5,,35.9,6.0,,,,0.0,0.0
鲁中参考点,jma_seamless,2025-01-12,5,2025-01-17,4.1,-5.1,-5.2,-7.8,,37.2,5.8,,,,0.0,0.0
鲁中参考点,jma_seamless,2025-01-11,6,2025-01-17,7.1,-4.3,-4.3,-7.1,,19.0,6.3,,,,0.0,0.0
鲁中参考点,jma_seamless,2025-01-10,7,2025-01-17,6.3,-1.8,-4.1,-5.8,,26.7,11.2,,,,0.0,0.0
鲁中参考点,gfs_seamless,2025-01-17,1,2025-01-18,5.9,-0.1,-2.6,,,,,34.6,80.0,,,0.0
鲁中参考点,gfs_seamless,2025-01-16,2,2025-01-18,6.0,-0.4,-2.6,,,,,27.7,82.1,,,0.0
鲁中参考点,gfs_seamless,2025-01-15,3,2025-01-18,6.0,-0.2,-2.4,,,,,19.4,95.8,,,0.0
鲁中参考点,gfs_seamless,2025-01-14,4,2025-01-18,6.4,-0.7,-2.2,,,,,24.8,97.6,,,0.0
鲁中参考点,gfs_seamless,2025-01-13,5,2025-01-18,6.2,-0.3,-2.4,,,,,24.8,94.7,,,0.0
鲁中参考点,gfs_seamless,2025-01-12,6,2025-01-18,6.7,-0.5,-2.0,,,,,25.2,66.8,,,0.0
鲁中参考点,gfs_seamless,2025-01-11,7,2025-01-18,7.4,0.7,-0.9,,,,,13.0,66.6,,,0.0
鲁中参考点,jma_seamless,2025-01-17,1,2025-01-18,6.3,0.1,-3.2,-3.6,,23.1,11.7,,,,0.0,0.0
鲁中参考点,jma_seamless,2025-01-16,2,2025-01-18,5.8,-0.2,-3.6,-4.0,,20.5,11.9,,,,0.0,0.0
鲁中参考点,jma_seamless,2025-01-15,3,2025-01-18,5.9,-0.7,-3.7,-4.5,,18.5,11.2,,,,0.0,0.0
鲁中参考点,jma_seamless,2025-01-14,4,2025-01-18,5.8,-0.4,-3.6,-4.2,,24.0,11.6,,,,0.0,0.0
鲁中参考点,jma_seamless,2025-01-13,5,2025-01-18,5.4,-0.7,-3.9,-4.6,,31.9,11.7,,,,0.0,0.0
鲁中参考点,jma_seamless,2025-01-12,6,2025-01-18,4.8,-1.2,-4.0,-5.5,,35.8,12.9,,,,0.0,0.0
鲁中参考点,jma_seamless,2025-01-11,7,2025-01-18,7.7,-0.2,-2.3,-4.0,,33.6,11.6,,,,0.0,0.0
鲁中参考点,gfs_seamless,2025-01-18,1,2025-01-19,6.3,0.0,-1.9,,,,,15.1,9.0,,,0.0
鲁中参考点,gfs_seamless,2025-01-17,2,2025-01-19,5.7,0.2,-2.2,,,,,15.1,11.4,,,0.0
鲁中参考点,gfs_seamless,2025-01-16,3,2025-01-19,6.4,-0.2,-1.9,,,,,20.2,30.3,,,0.0
鲁中参考点,gfs_seamless,2025-01-15,4,2025-01-19,7.1,0.4,-1.2,,,,,9.4,56.1,,,0.0
鲁中参考点,gfs_seamless,2025-01-14,5,2025-01-19,7.1,0.8,-1.1,,,,,14.8,57.1,,,0.0
鲁中参考点,gfs_seamless,2025-01-13,6,2025-01-19,7.9,-0.5,-1.4,,,,,16.9,28.5,,,0.0
鲁中参考点,gfs_seamless,2025-01-12,7,2025-01-19,6.8,-0.2,-1.5,,,,,23.4,57.4,,,0.0
鲁中参考点,jma_seamless,2025-01-18,1,2025-01-19,5.1,-1.9,-3.5,,,28.1,4.2,,,,0.0,0.0
鲁中参考点,jma_seamless,2025-01-17,2,2025-01-19,5.3,-2.3,-3.8,,,27.3,3.8,,,,0.0,0.0
鲁中参考点,jma_seamless,2025-01-16,3,2025-01-19,5.2,-2.1,-3.9,,,26.2,4.3,,,,0.0,0.0
鲁中参考点,jma_seamless,2025-01-15,4,2025-01-19,6.1,-2.0,-3.4,,,29.2,4.3,,,,0.0,0.0
鲁中参考点,jma_seamless,2025-01-14,5,2025-01-19,5.8,-2.2,-3.6,,,31.9,3.7,,,,0.0,0.0
鲁中参考点,jma_seamless,2025-01-13,6,2025-01-19,7.1,-2.3,-3.2,,,32.8,4.4,,,,0.0,0.0
鲁中参考点,jma_seamless,2025-01-12,7,2025-01-19,7.9,-2.0,-2.6,-4.1,,32.6,5.6,,,,0.0,0.0
鲁中参考点,gfs_seamless,2025-01-19,1,2025-01-20,7.4,-0.4,-1.4,,,,,12.6,0.0,,,0.0
鲁中参考点,gfs_seamless,2025-01-18,2,2025-01-20,7.3,-0.3,-1.5,,,,,13.0,11.3,,,0.0
鲁中参考点,gfs_seamless,2025-01-17,3,2025-01-20,7.4,-1.3,-1.8,,,,,11.5,0.2,,,0.0
鲁中参考点,gfs_seamless,2025-01-16,4,2025-01-20,6.7,-1.3,-2.2,,,,,9.0,4.3,,,0.0
鲁中参考点,gfs_seamless,2025-01-15,5,2025-01-20,7.1,0.5,-1.6,,,,,9.7,5.0,,,0.0
鲁中参考点,gfs_seamless,2025-01-14,6,2025-01-20,7.8,-0.6,-2.0,,,,,13.3,3.8,,,0.0
鲁中参考点,gfs_seamless,2025-01-13,7,2025-01-20,8.0,-2.5,-3.0,,,,,12.6,0.0,,,0.0
鲁中参考点,jma_seamless,2025-01-19,1,2025-01-20,6.5,-2.9,-3.5,-5.2,,27.2,5.7,,,,0.0,0.0
鲁中参考点,jma_seamless,2025-01-18,2,2025-01-20,6.7,-3.0,-3.6,,,25.2,4.7,,,,0.0,0.0
鲁中参考点,jma_seamless,2025-01-17,3,2025-01-20,6.3,-3.2,-4.2,,,25.4,4.3,,,,0.0,0.0
鲁中参考点,jma_seamless,2025-01-16,4,2025-01-20,6.4,-2.7,-3.7,,,21.1,3.5,,,,0.0,0.0
鲁中参考点,jma_seamless,2025-01-15,5,2025-01-20,7.3,-2.5,-3.6,,,25.0,4.5,,,,0.0,0.0
鲁中参考点,jma_seamless,2025-01-14,6,2025-01-20,7.3,-3.0,-3.5,,,24.9,4.4,,,,0.0,0.0
鲁中参考点,jma_seamless,2025-01-13,7,2025-01-20,5.3,-1.8,-3.2,-3.9,,27.0,5.6,,,,0.0,0.0
鲁中参考点,gfs_seamless,2025-01-20,1,2025-01-21,10.7,1.6,1.4,,,,,9.7,38.5,,,0.0
鲁中参考点,gfs_seamless,2025-01-19,2,2025-01-21,10.0,1.6,1.1,,,,,10.1,39.5,,,0.0
鲁中参考点,gfs_seamless,2025-01-18,3,2025-01-21,9.6,1.5,0.6,,,,,10.4,19.8,,,0.0
鲁中参考点,gfs_seamless,2025-01-17,4,2025-01-21,9.0,0.9,0.3,,,,,9.0,49.8,,,0.0
鲁中参考点,gfs_seamless,2025-01-16,5,2025-01-21,9.1,0.5,0.1,,,,,7.6,24.0,,,0.0
鲁中参考点,gfs_seamless,2025-01-15,6,2025-01-21,7.5,-0.1,-0.8,,,,,10.4,3.8,,,0.0
鲁中参考点,gfs_seamless,2025-01-14,7,2025-01-21,7.1,-0.3,-1.6,,,,,11.5,29.2,,,0.0
鲁中参考点,jma_seamless,2025-01-20,1,2025-01-21,9.1,-0.6,-1.4,-2.7,,35.1,6.0,,,,0.0,0.0
鲁中参考点,jma_seamless,2025-01-19,2,2025-01-21,8.5,-1.1,-1.9,-3.1,,31.5,5.5,,,,0.0,0.0
鲁中参考点,jma_seamless,2025-01-18,3,2025-01-21,8.5,-1.4,-2.3,-3.2,,31.9,5.1,,,,0.0,0.0
鲁中参考点,jma_seamless,2025-01-17,4,2025-01-21,8.5,-1.6,-2.4,,,35.1,4.5,,,,0.0,0.0
鲁中参考点,jma_seamless,2025-01-16,5,2025-01-21,6.7,-1.3,-2.8,-3.3,,31.7,5.5,,,,0.0,0.0
鲁中参考点,jma_seamless,2025-01-15,6,2025-01-21,3.2,-1.5,-3.7,,,34.4,3.9,,,,0.0,0.0
鲁中参考点,jma_seamless,2025-01-14,7,2025-01-21,6.1,-1.7,-2.7,,,32.4,3.9,,,,0.0,0.0
鲁中参考点,gfs_seamless,2025-01-21,1,2025-01-22,9.1,2.0,1.3,,,,,6.8,58.9,,,0.0
鲁中参考点,gfs_seamless,2025-01-20,2,2025-01-22,9.5,2.4,1.7,,,,,5.4,45.9,,,0.0
鲁中参考点,gfs_seamless,2025-01-19,3,2025-01-22,7.8,1.7,0.5,,,,,9.0,66.2,,,0.0
鲁中参考点,gfs_seamless,2025-01-18,4,2025-01-22,8.2,1.5,1.0,,,,,7.6,75.3,,,0.0
鲁中参考点,gfs_seamless,2025-01-17,5,2025-01-22,7.6,1.3,0.1,,,,,7.9,69.8,,,0.0
鲁中参考点,gfs_seamless,2025-01-16,6,2025-01-22,8.1,1.1,-0.2,,,,,7.9,58.8,,,0.0
鲁中参考点,gfs_seamless,2025-01-15,7,2025-01-22,7.7,-2.6,-2.9,,,,,20.9,21.0,,,0.0
鲁中参考点,jma_seamless,2025-01-21,1,2025-01-22,6.5,-0.7,-1.5,,,67.2,4.2,,,,0.0,0.0
鲁中参考点,jma_seamless,2025-01-20,2,2025-01-22,5.4,-0.6,-2.1,,,61.6,4.2,,,,0.6,0.4
鲁中参考点,jma_seamless,2025-01-19,3,2025-01-22,6.5,-2.2,-2.7,,,62.9,3.7,,,,0.0,0.0
鲁中参考点,jma_seamless,2025-01-18,4,2025-01-22,7.4,-1.8,-2.2,,,51.3,3.7,,,,0.0,0.0
鲁中参考点,jma_seamless,2025-01-17,5,2025-01-22,8.9,-1.9,-2.3,,,45.9,3.6,,,,0.0,0.0
鲁中参考点,jma_seamless,2025-01-16,6,2025-01-22,6.6,-2.6,-3.4,,,45.2,3.6,,,,0.0,0.0
鲁中参考点,jma_seamless,2025-01-15,7,2025-01-22,4.2,-2.9,-4.1,,,44.5,2.9,,,,0.0,0.0
鲁中参考点,gfs_seamless,2025-01-22,1,2025-01-23,8.2,0.8,1.0,,,,,8.3,38.7,,,0.0
鲁中参考点,gfs_seamless,2025-01-21,2,2025-01-23,8.0,0.9,1.4,,,,,9.0,46.4,,,0.0
鲁中参考点,gfs_seamless,2025-01-20,3,2025-01-23,8.2,0.2,1.0,,,,,9.0,37.8,,,0.0
鲁中参考点,gfs_seamless,2025-01-19,4,2025-01-23,7.3,-0.0,0.3,,,,,6.8,20.7,,,0.0
鲁中参考点,gfs_seamless,2025-01-18,5,2025-01-23,6.9,-0.6,-0.5,,,,,7.2,30.0,,,0.0
鲁中参考点,gfs_seamless,2025-01-17,6,2025-01-23,7.3,-0.3,-0.5,,,,,7.2,52.0,,,0.0
鲁中参考点,gfs_seamless,2025-01-16,7,2025-01-23,6.7,-0.6,-1.1,,,,,10.8,8.7,,,0.0
鲁中参考点,jma_seamless,2025-01-22,1,2025-01-23,6.8,-1.4,-1.1,,,82.2,4.1,,,,0.0,0.0
鲁中参考点,jma_seamless,2025-01-21,2,2025-01-23,7.3,-1.5,-0.9,,,85.1,3.1,,,,0.0,0.0
鲁中参考点,jma_seamless,2025-01-20,3,2025-01-23,6.3,-1.8,-1.3,,,84.7,2.6,,,,0.0,0.0
鲁中参考点,jma_seamless,2025-01-19,4,2025-01-23,7.3,-2.0,-2.3,,,72.1,4.0,,,,0.0,0.0
鲁中参考点,jma_seamless,2025-01-18,5,2025-01-23,7.5,-1.8,-2.1,,,65.1,4.0,,,,0.0,0.0
鲁中参考点,jma_seamless,2025-01-17,6,2025-01-23,8.8,-1.7,-1.8,,,67.4,4.7,,,,0.0,0.0
鲁中参考点,jma_seamless,2025-01-16,7,2025-01-23,8.4,-1.5,-2.1,-3.4,,59.7,5.3,,,,0.0,0.0
鲁中参考点,gfs_seamless,2025-01-23,1,2025-01-24,8.3,1.1,0.7,,,,,24.5,79.8,,,0.0
鲁中参考点,gfs_seamless,2025-01-22,2,2025-01-24,8.1,0.9,0.7,,,,,23.8,99.5,,,0.0
鲁中参考点,gfs_seamless,2025-01-21,3,2025-01-24,7.1,-0.2,-0.9,,,,,19.4,87.3,,,0.0
鲁中参考点,gfs_seamless,2025-01-20,4,2025-01-24,7.8,1.2,0.4,,,,,15.1,76.0,,,0.0
鲁中参考点,gfs_seamless,2025-01-19,5,2025-01-24,7.1,-0.2,0.1,,,,,11.5,55.8,,,0.0
鲁中参考点,gfs_seamless,2025-01-18,6,2025-01-24,6.6,-0.1,-1.2,,,,,18.4,27.7,,,0.0
鲁中参考点,gfs_seamless,2025-01-17,7,2025-01-24,8.2,-1.1,-0.2,,,,,31.3,45.9,,,0.0
鲁中参考点,jma_seamless,2025-01-23,1,2025-01-24,7.8,-0.7,-0.4,-2.6,,84.7,5.4,,,,0.0,0.0
鲁中参考点,jma_seamless,2025-01-22,2,2025-01-24,8.2,0.1,0.6,-1.5,,83.7,5.0,,,,0.0,0.0
鲁中参考点,jma_seamless,2025-01-21,3,2025-01-24,8.1,-0.3,1.1,,,82.4,3.0,,,,0.0,0.0
鲁中参考点,jma_seamless,2025-01-20,4,2025-01-24,6.0,-1.3,-0.7,,,85.3,3.2,,,,0.0,0.0
鲁中参考点,jma_seamless,2025-01-19,5,2025-01-24,7.0,-1.1,-1.2,,,77.0,3.3,,,,0.0,0.0
鲁中参考点,jma_seamless,2025-01-18,6,2025-01-24,8.2,-1.2,-0.9,,,71.0,4.5,,,,0.0,0.0
鲁中参考点,jma_seamless,2025-01-17,7,2025-01-24,7.8,-1.2,-1.5,-3.5,,70.8,6.2,,,,0.0,0.0
鲁中参考点,gfs_seamless,2025-01-24,1,2025-01-25,4.2,-1.9,-2.9,,,,,16.2,99.7,,,0.1
鲁中参考点,gfs_seamless,2025-01-23,2,2025-01-25,3.5,-1.8,-3.2,,,,,17.3,99.1,,,0.1
鲁中参考点,gfs_seamless,2025-01-22,3,2025-01-25,4.0,-1.8,-3.3,,,,,19.1,74.2,,,0.1
鲁中参考点,gfs_seamless,2025-01-21,4,2025-01-25,5.9,-0.5,-1.9,,,,,9.0,98.2,,,0.0
鲁中参考点,gfs_seamless,2025-01-20,5,2025-01-25,7.0,1.2,0.5,,,,,10.8,100.0,,,0.0
鲁中参考点,gfs_seamless,2025-01-19,6,2025-01-25,5.1,-0.4,-1.5,,,,,14.0,100.0,,,0.4
鲁中参考点,gfs_seamless,2025-01-18,7,2025-01-25,4.2,-1.1,-1.7,,,,,39.6,99.0,,,0.2
鲁中参考点,jma_seamless,2025-01-24,1,2025-01-25,3.4,-1.8,-3.3,-4.4,,72.2,6.8,,,,0.0,0.0
鲁中参考点,jma_seamless,2025-01-23,2,2025-01-25,4.2,-1.0,-2.7,-3.1,,68.8,5.9,,,,0.0,0.0
鲁中参考点,jma_seamless,2025-01-22,3,2025-01-25,6.3,-0.4,-1.2,,,55.7,3.9,,,,0.0,0.0
鲁中参考点,jma_seamless,2025-01-21,4,2025-01-25,7.1,-0.8,-0.5,,,65.4,2.7,,,,1.8,0.0
鲁中参考点,jma_seamless,2025-01-20,5,2025-01-25,6.4,-1.4,-1.4,,,78.1,2.9,,,,3.9,0.0
鲁中参考点,jma_seamless,2025-01-19,6,2025-01-25,6.6,-0.7,-0.7,,,77.7,2.6,,,,1.2,0.0
鲁中参考点,jma_seamless,2025-01-18,7,2025-01-25,3.8,0.2,-1.2,,,91.7,4.0,,,,3.3,0.0
鲁中参考点,gfs_seamless,2025-01-25,1,2025-01-26,0.9,-4.9,-7.0,,,,,64.8,71.0,,,0.4
鲁中参考点,gfs_seamless,2025-01-24,2,2025-01-26,1.5,-3.8,-6.3,,,,,56.2,66.7,,,0.7
鲁中参考点,gfs_seamless,2025-01-23,3,2025-01-26,2.4,-3.6,-6.0,,,,,52.2,70.8,,,0.1
鲁中参考点,gfs_seamless,2025-01-22,4,2025-01-26,1.6,-3.0,-6.3,,,,,58.7,66.7,,,0.1
鲁中参考点,gfs_seamless,2025-01-21,5,2025-01-26,2.5,-2.8,-6.1,,,,,45.4,62.9,,,0.6
鲁中参考点,gfs_seamless,2025-01-20,6,2025-01-26,1.0,-4.6,-8.5,,,,,44.3,36.6,,,0.1
鲁中参考点,gfs_seamless,2025-01-19,7,2025-01-26,-0.5,-7.9,-10.2,,,,,54.4,54.2,,,0.5
鲁中参考点,jma_seamless,2025-01-25,1,2025-01-26,0.3,-4.0,-5.9,-7.8,,62.8,9.1,,,,1.8,0.8
鲁中参考点,jma_seamless,2025-01-24,2,2025-01-26,0.9,-4.0,-5.7,-7.7,,57.8,8.9,,,,1.2,0.6
鲁中参考点,jma_seamless,2025-01-23,3,2025-01-26,0.4,-4.0,-5.5,-7.8,,61.7,9.0,,,,3.0,1.5
鲁中参考点,jma_seamless,2025-01-22,4,2025-01-26,0.6,-3.9,-5.1,-7.8,,70.3,9.3,,,,6.0,2.8
鲁中参考点,jma_seamless,2025-01-21,5,2025-01-26,0.8,-3.9,-5.4,-8.6,,56.1,12.2,,,,3.9,0.8
鲁中参考点,jma_seamless,2025-01-20,6,2025-01-26,1.6,-4.4,-5.2,-8.5,,53.8,9.7,,,,1.8,1.0
鲁中参考点,jma_seamless,2025-01-19,7,2025-01-26,0.3,-4.5,-7.7,-9.2,,33.3,11.9,,,,0.9,0.0
鲁中参考点,gfs_seamless,2025-01-26,1,2025-01-27,-3.4,-7.6,-13.0,,,,,50.8,0.2,,,0.0
鲁中参考点,gfs_seamless,2025-01-25,2,2025-01-27,-2.7,-6.8,-12.0,,,,,50.4,0.0,,,0.0
鲁中参考点,gfs_seamless,2025-01-24,3,2025-01-27,-2.3,-6.4,-11.1,,,,,48.6,0.0,,,0.0
鲁中参考点,gfs_seamless,2025-01-23,4,2025-01-27,-1.9,-6.2,-11.2,,,,,51.8,0.2,,,0.0
鲁中参考点,gfs_seamless,2025-01-22,5,2025-01-27,-1.8,-6.5,-10.4,,,,,42.5,0.0,,,0.0
鲁中参考点,gfs_seamless,2025-01-21,6,2025-01-27,0.8,-6.4,-8.7,,,,,44.6,0.8,,,0.0
鲁中参考点,gfs_seamless,2025-01-20,7,2025-01-27,0.3,-8.3,-9.2,,,,,28.4,12.7,,,0.0
鲁中参考点,jma_seamless,2025-01-26,1,2025-01-27,-3.2,-6.3,-10.8,-11.9,,18.5,14.0,,,,0.0,0.0
鲁中参考点,jma_seamless,2025-01-25,2,2025-01-27,-3.5,-6.4,-11.0,-12.2,,19.5,14.5,,,,0.0,0.0
鲁中参考点,jma_seamless,2025-01-24,3,2025-01-27,-3.3,-6.4,-10.9,-12.2,,20.8,14.4,,,,0.0,0.0
鲁中参考点,jma_seamless,2025-01-23,4,2025-01-27,-3.9,-6.7,-11.1,-12.5,,21.2,14.2,,,,0.0,0.0
鲁中参考点,jma_seamless,2025-01-22,5,2025-01-27,-3.9,-6.9,-11.4,-12.8,,22.5,14.3,,,,0.0,0.0
鲁中参考点,jma_seamless,2025-01-21,6,2025-01-27,-3.7,-6.2,-10.6,-11.0,,17.7,11.0,,,,0.0,0.0
鲁中参考点,jma_seamless,2025-01-20,7,2025-01-27,-3.4,-6.5,-10.1,-10.4,,16.5,8.0,,,,0.0,0.0
鲁中参考点,gfs_seamless,2025-01-27,1,2025-01-28,-2.4,-8.5,-10.8,,,,,37.4,0.0,,,0.0
鲁中参考点,gfs_seamless,2025-01-26,2,2025-01-28,-2.9,-8.8,-11.1,,,,,35.3,0.0,,,0.0
鲁中参考点,gfs_seamless,2025-01-25,3,2025-01-28,-2.8,-8.7,-11.4,,,,,46.1,0.2,,,0.0
鲁中参考点,gfs_seamless,2025-01-24,4,2025-01-28,-2.6,-8.0,-11.5,,,,,40.7,0.0,,,0.0
鲁中参考点,gfs_seamless,2025-01-23,5,2025-01-28,-0.9,-7.6,-9.8,,,,,40.7,0.4,,,0.0
鲁中参考点,gfs_seamless,2025-01-22,6,2025-01-28,0.7,-6.5,-7.6,,,,,23.4,8.5,,,0.0
鲁中参考点,gfs_seamless,2025-01-21,7,2025-01-28,-0.1,-5.8,-9.1,,,,,23.8,5.1,,,0.0
鲁中参考点,jma_seamless,2025-01-27,1,2025-01-28,-2.5,-6.8,-10.0,-11.0,,16.5,8.6,,,,0.0,0.0
鲁中参考点,jma_seamless,2025-01-26,2,2025-01-28,-2.4,-7.0,-10.0,-11.2,,15.6,8.7,,,,0.0,0.0
鲁中参考点,jma_seamless,2025-01-25,3,2025-01-28,-2.2,-7.0,-10.0,-11.5,,15.5,9.5,,,,0.0,0.0
鲁中参考点,jma_seamless,2025-01-24,4,2025-01-28,-2.4,-7.2,-10.3,-12.0,,15.8,10.4,,,,0.0,0.0
鲁中参考点,jma_seamless,2025-01-23,5,2025-01-28,-2.6,-7.1,-10.5,-11.8,,16.2,9.9,,,,0.0,0.0
鲁中参考点,jma_seamless,2025-01-22,6,2025-01-28,-2.4,-6.9,-10.0,-11.0,,17.7,8.4,,,,0.0,0.0
鲁中参考点,jma_seamless,2025-01-21,7,2025-01-28,1.1,-5.0,-7.6,-8.3,,17.3,7.3,,,,0.0,0.0
鲁中参考点,ecmwf_ifs025,2025-01-28,1,2025-01-29,4.9,-7.9,-7.6,-12.5,,26.8,9.3,,,12.84,0.0,
鲁中参考点,ecmwf_ifs025,2025-01-27,2,2025-01-29,4.3,-8.0,-7.9,-12.9,,24.7,10.1,,,12.9,0.0,
鲁中参考点,ecmwf_ifs025,2025-01-26,3,2025-01-29,4.6,-7.0,-7.4,-11.9,,24.2,10.7,,,12.9,0.0,
鲁中参考点,ecmwf_ifs025,2025-01-25,4,2025-01-29,4.6,-6.7,-7.4,-10.8,,26.6,8.5,,,12.96,0.0,
鲁中参考点,ecmwf_ifs025,2025-01-24,5,2025-01-29,5.0,-8.6,-7.6,-11.5,,28.2,5.2,,,12.99,0.0,
鲁中参考点,ecmwf_ifs025,2025-01-23,6,2025-01-29,5.4,-6.4,-7.1,-10.3,,26.9,8.2,,,13.77,0.0,
鲁中参考点,ecmwf_ifs025,2025-01-22,7,2025-01-29,3.8,-8.5,-8.0,,,34.3,4.1,,,14.13,0.0,
鲁中参考点,gfs_seamless,2025-01-28,1,2025-01-29,3.0,-5.3,-6.4,-9.0,,32.0,8.0,,,,,0.0
鲁中参考点,gfs_seamless,2025-01-27,2,2025-01-29,3.2,-5.5,-6.5,-9.2,,29.8,8.1,,,,,0.0
鲁中参考点,gfs_seamless,2025-01-26,3,2025-01-29,2.9,-5.9,-7.0,-10.0,,29.8,8.8,,,,,0.0
鲁中参考点,gfs_seamless,2025-01-25,4,2025-01-29,2.4,-6.7,-7.3,-10.4,,25.2,7.4,,,,,0.0
鲁中参考点,gfs_seamless,2025-01-24,5,2025-01-29,2.3,-5.5,-7.2,-9.5,,25.1,8.9,,,,,0.0
鲁中参考点,gfs_seamless,2025-01-23,6,2025-01-29,4.8,-4.8,-5.4,-8.6,,36.5,8.7,,,,,0.0
鲁中参考点,gfs_seamless,2025-01-22,7,2025-01-29,-1.0,-7.1,-8.8,-11.5,,51.5,9.0,,,,,0.4
鲁中参考点,jma_seamless,2025-01-28,1,2025-01-29,2.8,-5.5,-7.0,-8.8,,20.2,7.0,,2.0,,0.0,
鲁中参考点,jma_seamless,2025-01-27,2,2025-01-29,3.1,-5.7,-6.7,-8.4,,19.0,5.6,,1.6,,0.0,
鲁中参考点,jma_seamless,2025-01-26,3,2025-01-29,3.4,-6.1,-6.8,-9.7,,18.7,7.6,,4.0,,0.0,
鲁中参考点,jma_seamless,2025-01-25,4,2025-01-29,4.0,-6.1,-6.4,-9.1,,20.4,6.2,,1.2,,0.0,
鲁中参考点,jma_seamless,2025-01-24,5,2025-01-29,3.1,-6.2,-7.1,-10.5,,16.1,9.2,,2.8,,0.0,
鲁中参考点,jma_seamless,2025-01-23,6,2025-01-29,3.9,-5.8,-6.8,-9.8,,17.2,8.8,,0.7,,0.0,
鲁中参考点,jma_seamless,2025-01-22,7,2025-01-29,3.6,-5.9,-6.6,-8.8,,22.5,6.0,,0.0,,0.0,
鲁中参考点,ecmwf_ifs025,2025-01-29,1,2025-01-30,5.5,-3.0,-3.4,,,44.0,4.4,,,5.57,0.0,
鲁中参考点,ecmwf_ifs025,2025-01-28,2,2025-01-30,4.6,-3.2,-3.6,-5.9,,45.2,6.5,,,6.07,0.0,
鲁中参考点,ecmwf_ifs025,2025-01-27,3,2025-01-30,6.7,-1.3,-3.1,-4.7,,38.0,9.3,,,8.05,0.0,
鲁中参考点,ecmwf_ifs025,2025-01-26,4,2025-01-30,8.3,-3.6,-2.9,-7.8,,37.4,10.5,,,12.14,0.0,
鲁中参考点,ecmwf_ifs025,2025-01-25,5,2025-01-30,8.3,-3.2,-3.5,-7.8,,41.9,12.6,,,9.33,0.0,
鲁中参考点,ecmwf_ifs025,2025-01-24,6,2025-01-30,7.9,-5.9,-4.4,-10.2,,41.6,9.5,,,13.73,0.0,
鲁中参考点,ecmwf_ifs025,2025-01-23,7,2025-01-30,9.4,-6.5,-4.0,-10.8,,55.5,9.2,,,14.25,0.0,
鲁中参考点,gfs_seamless,2025-01-29,1,2025-01-30,6.3,-1.0,-2.3,-3.5,,44.3,6.9,,,,,0.0
鲁中参考点,gfs_seamless,2025-01-28,2,2025-01-30,6.6,-0.8,-2.0,-3.1,,45.7,6.4,,,,,0.0
鲁中参考点,gfs_seamless,2025-01-27,3,2025-01-30,6.5,-1.8,-2.5,-5.0,,45.2,8.3,,,,,0.0
鲁中参考点,gfs_seamless,2025-01-26,4,2025-01-30,6.7,-2.0,-2.9,-5.8,,44.4,10.5,,,,,0.0
鲁中参考点,gfs_seamless,2025-01-25,5,2025-01-30,5.9,-3.4,-4.3,-8.1,,42.3,12.6,,,,,0.0
鲁中参考点,gfs_seamless,2025-01-24,6,2025-01-30,5.4,-2.4,-3.7,-6.3,,52.5,10.6,,,,,0.0
鲁中参考点,gfs_seamless,2025-01-23,7,2025-01-30,7.8,-7.5,-4.6,-12.9,,42.6,12.1,,,,,0.0
鲁中参考点,jma_seamless,2025-01-29,1,2025-01-30,4.0,-2.2,-3.8,,,38.5,3.0,,42.8,,0.0,
鲁中参考点,jma_seamless,2025-01-28,2,2025-01-30,5.2,-3.3,-4.2,,,34.2,3.2,,53.8,,0.0,
鲁中参考点,jma_seamless,2025-01-27,3,2025-01-30,6.2,-1.8,-3.2,-4.7,,26.5,7.6,,45.9,,0.0,
鲁中参考点,jma_seamless,2025-01-26,4,2025-01-30,6.7,-1.6,-3.2,-4.8,,29.1,8.7,,34.1,,0.0,
鲁中参考点,jma_seamless,2025-01-25,5,2025-01-30,6.0,-0.1,-3.5,-4.2,,22.7,13.4,,36.5,,0.0,
鲁中参考点,jma_seamless,2025-01-24,6,2025-01-30,8.0,-0.4,-2.6,-4.1,,27.9,11.2,,28.7,,0.0,
鲁中参考点,jma_seamless,2025-01-23,7,2025-01-30,1.0,-2.7,-5.3,-5.3,,32.4,6.3,,2.1,,0.0,
鲁中参考点,ecmwf_ifs025,2025-01-30,1,2025-01-31,0.1,-3.5,-5.6,-7.3,,91.8,9.4,,,2.79,0.0,
鲁中参考点,ecmwf_ifs025,2025-01-29,2,2025-01-31,0.8,-3.6,-5.5,-7.6,,91.6,9.9,,,3.15,0.0,
鲁中参考点,ecmwf_ifs025,2025-01-28,3,2025-01-31,1.2,-3.0,-4.4,-5.5,,78.3,6.1,,,3.16,0.6,
鲁中参考点,ecmwf_ifs025,2025-01-27,4,2025-01-31,0.5,-3.3,-5.0,-6.5,,78.0,7.8,,,4.59,1.2,
鲁中参考点,ecmwf_ifs025,2025-01-26,5,2025-01-31,0.2,-3.4,-5.8,-7.4,,85.9,10.2,,,3.63,0.9,
鲁中参考点,ecmwf_ifs025,2025-01-25,6,2025-01-31,-0.5,-3.4,-7.0,-8.2,,90.9,13.2,,,7.33,2.1,
鲁中参考点,ecmwf_ifs025,2025-01-24,7,2025-01-31,2.7,-5.1,-4.9,-10.0,,69.8,12.0,,,12.9,0.0,
鲁中参考点,gfs_seamless,2025-01-30,1,2025-01-31,1.5,-1.1,-3.9,-4.5,,85.3,9.5,,,,,0.0
鲁中参考点,gfs_seamless,2025-01-29,2,2025-01-31,1.8,-1.0,-3.8,-4.5,,81.5,10.0,,,,,0.0
鲁中参考点,gfs_seamless,2025-01-28,3,2025-01-31,3.1,-1.0,-3.1,-4.3,,78.1,9.1,,,,,0.0
鲁中参考点,gfs_seamless,2025-01-27,4,2025-01-31,1.4,-1.2,-4.1,-5.3,,82.9,12.4,,,,,0.0
鲁中参考点,gfs_seamless,2025-01-26,5,2025-01-31,2.1,-3.3,-6.1,-7.9,,60.1,12.4,,,,,0.0
鲁中参考点,gfs_seamless,2025-01-25,6,2025-01-31,3.9,-3.1,-3.7,-6.6,,50.2,8.8,,,,,0.0
鲁中参考点,gfs_seamless,2025-01-24,7,2025-01-31,1.6,-6.9,-6.8,-13.4,,64.1,17.3,,,,,0.3
鲁中参考点,jma_seamless,2025-01-30,1,2025-01-31,0.4,-2.1,-4.8,-4.7,,81.7,6.6,,90.1,,0.6,
鲁中参考点,jma_seamless,2025-01-29,2,2025-01-31,0.5,-1.6,-4.1,-3.6,,70.4,5.4,,85.3,,0.3,
鲁中参考点,jma_seamless,2025-01-28,3,2025-01-31,3.4,-1.8,-3.4,,,59.5,2.6,,77.8,,0.0,
鲁中参考点,jma_seamless,2025-01-27,4,2025-01-31,1.2,-1.8,-4.2,-3.6,,64.9,5.0,,82.2,,0.0,
鲁中参考点,jma_seamless,2025-01-26,5,2025-01-31,2.6,-2.7,-4.0,-5.3,,50.0,6.4,,89.5,,0.6,
鲁中参考点,jma_seamless,2025-01-25,6,2025-01-31,0.5,-2.5,-4.9,-5.0,,52.9,6.2,,46.9,,0.0,
鲁中参考点,jma_seamless,2025-01-24,7,2025-01-31,0.4,-3.7,-5.6,-7.2,,58.9,8.4,,76.2,,0.0,
鲁中参考点,ecmwf_ifs025,2025-01-31,1,2025-02-01,2.8,-3.0,-4.6,-6.2,,77.0,7.7,,,8.51,0.0,
鲁中参考点,ecmwf_ifs025,2025-01-30,2,2025-02-01,2.3,-3.6,-5.0,-7.1,,74.7,8.3,,,8.74,0.0,
鲁中参考点,ecmwf_ifs025,2025-01-29,3,2025-02-01,2.1,-3.6,-5.1,-7.5,,77.0,9.5,,,8.4,0.0,
鲁中参考点,ecmwf_ifs025,2025-01-28,4,2025-02-01,-0.4,-3.3,-5.4,-7.7,,96.4,11.7,,,3.81,2.7,
鲁中参考点,ecmwf_ifs025,2025-01-27,5,2025-02-01,1.6,-3.2,-5.6,-7.9,,85.6,12.9,,,5.49,1.8,
鲁中参考点,ecmwf_ifs025,2025-01-26,6,2025-02-01,-0.4,-3.5,-5.3,-7.8,,98.0,11.1,,,6.91,6.3,
鲁中参考点,ecmwf_ifs025,2025-01-25,7,2025-02-01,-0.2,-7.0,-8.0,-11.4,,69.8,9.3,,,14.56,0.0,
鲁中参考点,gfs_seamless,2025-01-31,1,2025-02-01,4.3,-1.5,-2.6,-3.9,,75.0,6.4,,,,,0.0
鲁中参考点,gfs_seamless,2025-01-30,2,2025-02-01,3.4,-1.7,-3.1,-4.6,,73.7,7.5,,,,,0.0
鲁中参考点,gfs_seamless,2025-01-29,3,2025-02-01,5.0,-1.5,-2.2,-4.0,,73.3,6.7,,,,,0.0
鲁中参考点,gfs_seamless,2025-01-28,4,2025-02-01,1.8,-0.3,-2.5,-2.6,,93.5,6.5,,,,,0.1
鲁中参考点,gfs_seamless,2025-01-27,5,2025-02-01,4.9,-4.3,-3.2,,,71.9,4.8,,,,,0.0
鲁中参考点,gfs_seamless,2025-01-26,6,2025-02-01,3.1,-3.9,-4.7,,,42.3,4.3,,,,,0.0
鲁中参考点,gfs_seamless,2025-01-25,7,2025-02-01,5.2,-6.0,-5.7,-9.4,,40.1,7.1,,,,,0.0
鲁中参考点,jma_seamless,2025-01-31,1,2025-02-01,1.4,-2.6,-4.5,,,76.4,4.7,,75.6,,0.0,
鲁中参考点,jma_seamless,2025-01-30,2,2025-02-01,2.5,-1.7,-3.8,-4.1,,79.1,6.2,,88.4,,0.3,
鲁中参考点,jma_seamless,2025-01-29,3,2025-02-01,2.7,-1.5,-2.9,,,83.1,4.8,,87.6,,0.6,
鲁中参考点,jma_seamless,2025-01-28,4,2025-02-01,3.6,-0.5,-1.8,,,93.5,3.7,,99.8,,1.2,
鲁中参考点,jma_seamless,2025-01-27,5,2025-02-01,2.2,-2.7,-3.6,-5.4,,88.1,6.7,,90.4,,0.6,
鲁中参考点,jma_seamless,2025-01-26,6,2025-02-01,0.6,-2.4,-4.8,-4.7,,71.0,5.8,,82.5,,0.0,
鲁中参考点,jma_seamless,2025-01-25,7,2025-02-01,2.1,-4.6,-6.0,,,51.5,4.7,,39.4,,0.0,
鲁中参考点,ecmwf_ifs025,2025-02-01,1,2025-02-02,3.1,-4.6,-4.7,-8.1,,73.5,7.9,,,7.23,0.0,
鲁中参考点,ecmwf_ifs025,2025-01-31,2,2025-02-02,4.0,-4.1,-4.5,-7.0,,68.7,6.5,,,9.84,0.0,
鲁中参考点,ecmwf_ifs025,2025-01-30,3,2025-02-02,3.4,-4.3,-4.8,-6.8,,62.0,5.6,,,7.88,0.0,
鲁中参考点,ecmwf_ifs025,2025-01-29,4,2025-02-02,1.9,-4.1,-5.4,-6.5,,66.0,5.6,,,7.23,0.0,
鲁中参考点,ecmwf_ifs025,2025-01-28,5,2025-02-02,3.3,-6.2,-5.6,-8.6,,73.4,4.9,,,11.95,0.0,
鲁中参考点,ecmwf_ifs025,2025-01-27,6,2025-02-02,3.2,-5.9,-5.6,-8.5,,69.8,5.4,,,14.26,0.0,
鲁中参考点,ecmwf_ifs025,2025-01-26,7,2025-02-02,1.4,-5.3,-4.7,-8.2,,91.4,6.1,,,11.88,0.0,
鲁中参考点,gfs_seamless,2025-02-01,1,2025-02-02,4.3,-1.2,-2.7,-4.8,,66.1,10.3,,,,,0.0
鲁中参考点,gfs_seamless,2025-01-31,2,2025-02-02,3.7,-1.3,-2.4,-4.2,,68.6,7.9,,,,,0.0
鲁中参考点,gfs_seamless,2025-01-30,3,2025-02-02,3.3,-2.1,-3.2,-5.5,,59.9,8.9,,,,,0.0
鲁中参考点,gfs_seamless,2025-01-29,4,2025-02-02,4.1,-0.9,-2.4,-3.9,,70.1,8.2,,,,,0.0
鲁中参考点,gfs_seamless,2025-01-28,5,2025-02-02,3.9,-1.3,-2.1,-4.7,,77.0,9.4,,,,,0.0
鲁中参考点,gfs_seamless,2025-01-27,6,2025-02-02,4.2,-1.2,-3.9,-5.3,,48.1,12.0,,,,,0.0
鲁中参考点,gfs_seamless,2025-01-26,7,2025-02-02,4.5,-2.8,-3.6,-5.9,,47.7,7.7,,,,,0.0
鲁中参考点,jma_seamless,2025-02-01,1,2025-02-02,3.2,-2.2,-3.7,-4.8,,67.7,6.7,,40.8,,0.0,
鲁中参考点,jma_seamless,2025-01-31,2,2025-02-02,4.2,-1.7,-3.2,-4.1,,64.7,6.3,,47.6,,0.0,
鲁中参考点,jma_seamless,2025-01-30,3,2025-02-02,5.1,-1.6,-2.8,-3.4,,64.2,4.9,,62.4,,0.0,
鲁中参考点,jma_seamless,2025-01-29,4,2025-02-02,4.7,-0.6,-1.9,-2.5,,77.7,5.4,,61.1,,0.0,
鲁中参考点,jma_seamless,2025-01-28,5,2025-02-02,5.0,-1.0,-1.8,-2.8,,83.3,5.2,,57.9,,0.0,
鲁中参考点,jma_seamless,2025-01-27,6,2025-02-02,4.8,-1.8,-2.8,,,59.1,4.5,,46.2,,0.0,
鲁中参考点,jma_seamless,2025-01-26,7,2025-02-02,2.0,-3.1,-4.7,-5.7,,60.5,6.3,,21.6,,0.0,
鲁中参考点,ecmwf_ifs025,2025-02-02,1,2025-02-03,-1.1,-6.1,-9.1,-10.4,,36.8,9.4,,,13.76,0.0,
鲁中参考点,ecmwf_ifs025,2025-02-01,2,2025-02-03,-1.0,-6.0,-9.1,-10.5,,36.0,10.1,,,13.69,0.0,
鲁中参考点,ecmwf_ifs025,2025-01-31,3,2025-02-03,-1.0,-6.0,-8.5,-9.9,,49.2,8.2,,,13.53,0.0,
鲁中参考点,ecmwf_ifs025,2025-01-30,4,2025-02-03,-1.0,-6.0,-8.7,-10.2,,43.5,9.1,,,13.68,0.0,
鲁中参考点,ecmwf_ifs025,2025-01-29,5,2025-02-03,-0.5,-6.3,-8.6,-10.3,,44.6,8.3,,,13.68,0.0,
鲁中参考点,ecmwf_ifs025,2025-01-28,6,2025-02-03,-2.6,-5.7,-8.9,-9.0,,56.9,7.0,,,14.37,0.0,
鲁中参考点,ecmwf_ifs025,2025-01-27,7,2025-02-03,-1.7,-6.9,-9.7,-11.3,,45.4,9.3,,,14.89,0.0,
鲁中参考点,gfs_seamless,2025-02-02,1,2025-02-03,-0.8,-5.0,-8.7,-10.5,,32.5,14.8,,,,,0.0
鲁中参考点,gfs_seamless,2025-02-01,2,2025-02-03,-0.5,-4.7,-8.1,-9.8,,40.8,13.2,,,,,0.0
鲁中参考点,gfs_seamless,2025-01-31,3,2025-02-03,-0.1,-4.2,-7.6,-8.9,,39.0,12.0,,,,,0.0
鲁中参考点,gfs_seamless,2025-01-30,4,2025-02-03,0.4,-3.7,-6.9,-7.6,,44.5,9.7,,,,,0.0
鲁中参考点,gfs_seamless,2025-01-29,5,2025-02-03,3.0,-2.0,-4.5,-4.7,,48.2,7.0,,,,,0.0
鲁中参考点,gfs_seamless,2025-01-28,6,2025-02-03,0.4,-3.6,-6.9,-7.8,,40.2,10.5,,,,,0.0
鲁中参考点,gfs_seamless,2025-01-27,7,2025-02-03,2.5,-3.9,-6.8,-8.2,,35.1,10.7,,,,,0.0
鲁中参考点,jma_seamless,2025-02-02,1,2025-02-03,-0.8,-4.7,-7.9,-8.5,,21.0,8.7,,0.5,,0.0,
鲁中参考点,jma_seamless,2025-02-01,2,2025-02-03,-1.6,-4.5,-8.2,-8.7,,22.7,9.9,,1.0,,0.0,
鲁中参考点,jma_seamless,2025-01-31,3,2025-02-03,-1.1,-3.7,-6.9,-6.5,,32.4,6.4,,1.5,,0.0,
鲁中参考点,jma_seamless,2025-01-30,4,2025-02-03,-0.5,-3.3,-6.9,-6.6,,29.1,8.1,,1.7,,0.0,
鲁中参考点,jma_seamless,2025-01-29,5,2025-02-03,0.2,-2.8,-5.8,-4.9,,40.8,5.3,,4.0,,0.0,
鲁中参考点,jma_seamless,2025-01-28,6,2025-02-03,-0.7,-4.6,-7.8,-9.0,,31.0,10.6,,3.6,,0.0,
鲁中参考点,jma_seamless,2025-01-27,7,2025-02-03,-1.4,-6.1,-8.2,-10.8,,48.5,10.6,,39.8,,0.6,
鲁中参考点,ecmwf_ifs025,2025-02-03,1,2025-02-04,-0.9,-7.3,-9.2,-10.3,,30.2,5.8,,,13.85,0.0,
鲁中参考点,ecmwf_ifs025,2025-02-02,2,2025-02-04,-0.7,-7.4,-9.3,-10.8,,24.0,6.6,,,13.89,0.0,
鲁中参考点,ecmwf_ifs025,2025-02-01,3,2025-02-04,-0.8,-7.2,-9.4,-10.5,,23.2,6.5,,,13.85,0.0,
鲁中参考点,ecmwf_ifs025,2025-01-31,4,2025-02-04,-0.4,-7.5,-9.2,-10.5,,24.4,5.7,,,13.87,0.0,
鲁中参考点,ecmwf_ifs025,2025-01-30,5,2025-02-04,-1.3,-6.6,-9.4,-10.0,,24.8,6.8,,,13.91,0.0,
鲁中参考点,ecmwf_ifs025,2025-01-29,6,2025-02-04,-2.0,-7.3,-9.8,-10.4,,24.3,6.0,,,14.58,0.0,
鲁中参考点,ecmwf_ifs025,2025-01-28,7,2025-02-04,-2.6,-9.7,-10.9,-13.8,,30.7,7.3,,,15.07,0.0,
鲁中参考点,gfs_seamless,2025-02-03,1,2025-02-04,-0.4,-6.5,-8.6,-10.7,,26.8,8.8,,,,,0.0
鲁中参考点,gfs_seamless,2025-02-02,2,2025-02-04,-0.2,-6.3,-8.6,-10.6,,28.0,9.3,,,,,0.0
鲁中参考点,gfs_seamless,2025-02-01,3,2025-02-04,-1.6,-5.9,-8.8,-10.1,,27.5,9.3,,,,,0.0
鲁中参考点,gfs_seamless,2025-01-31,4,2025-02-04,0.0,-5.0,-7.7,-8.4,,30.2,7.5,,,,,0.0
鲁中参考点,gfs_seamless,2025-01-30,5,2025-02-04,-0.5,-4.1,-7.0,-7.5,,32.7,7.9,,,,,0.0
鲁中参考点,gfs_seamless,2025-01-29,6,2025-02-04,0.0,-3.8,-7.2,-7.3,,33.0,8.2,,,,,0.0
鲁中参考点,gfs_seamless,2025-01-28,7,2025-02-04,2.0,-4.6,-7.7,-9.0,,34.5,10.6,,,,,0.0
鲁中参考点,jma_seamless,2025-02-03,1,2025-02-04,-1.4,-6.1,-8.4,-9.3,,20.5,6.5,,1.0,,0.0,
鲁中参考点,jma_seamless,2025-02-02,2,2025-02-04,-2.3,-6.2,-9.0,-9.6,,19.8,6.9,,1.4,,0.0,
鲁中参考点,jma_seamless,2025-02-01,3,2025-02-04,-2.1,-5.8,-8.7,-8.8,,19.1,6.2,,1.1,,0.0,
鲁中参考点,jma_seamless,2025-01-31,4,2025-02-04,-2.0,-5.6,-8.8,-8.8,,20.8,6.7,,3.4,,0.0,
鲁中参考点,jma_seamless,2025-01-30,5,2025-02-04,-2.9,-5.5,-9.4,-8.9,,21.5,7.3,,2.7,,0.0,
鲁中参考点,jma_seamless,2025-01-29,6,2025-02-04,-0.6,-4.8,-8.3,-8.3,,19.7,7.8,,7.9,,0.0,
鲁中参考点,jma_seamless,2025-01-28,7,2025-02-04,-4.6,-7.8,-11.9,-13.6,,19.9,13.1,,0.0,,0.0,
鲁中参考点,ecmwf_ifs025,2025-02-04,1,2025-02-05,-2.8,-8.7,-11.1,-14.1,,19.9,11.2,,,14.35,0.0,
鲁中参考点,ecmwf_ifs025,2025-02-03,2,2025-02-05,-3.1,-7.5,-11.0,-12.7,,19.0,11.2,,,14.32,0.0,
鲁中参考点,ecmwf_ifs025,2025-02-02,3,2025-02-05,-3.4,-8.3,-11.6,-13.8,,19.3,11.8,,,14.32,0.0,
鲁中参考点,ecmwf_ifs025,2025-02-01,4,2025-02-05,-2.6,-7.2,-10.3,-11.7,,20.4,9.3,,,14.1,0.0,
鲁中参考点,ecmwf_ifs025,2025-01-31,5,2025-02-05,-2.1,-7.6,-10.6,-12.2,,20.7,9.4,,,14.08,0.0,
鲁中参考点,ecmwf_ifs025,2025-01-30,6,2025-02-05,-0.5,-8.7,-9.5,-12.6,,21.5,7.1,,,14.57,0.0,
鲁中参考点,ecmwf_ifs025,2025-01-29,7,2025-02-05,-4.1,-10.3,-11.5,-14.4,,23.5,7.1,,,15.26,0.0,
鲁中参考点,gfs_seamless,2025-02-04,1,2025-02-05,-2.7,-8.9,-11.8,-16.0,,24.6,17.7,,,,,0.0
鲁中参考点,gfs_seamless,2025-02-03,2,2025-02-05,-2.8,-8.7,-12.0,-15.8,,24.4,18.1,,,,,0.0
鲁中参考点,gfs_seamless,2025-02-02,3,2025-02-05,-3.3,-9.0,-11.5,-16.2,,26.2,17.8,,,,,0.0
鲁中参考点,gfs_seamless,2025-02-01,4,2025-02-05,-1.5,-6.7,-9.8,-12.5,,26.6,14.3,,,,,0.0
鲁中参考点,gfs_seamless,2025-01-31,5,2025-02-05,-0.4,-5.1,-7.6,-9.9,,30.1,11.7,,,,,0.0
鲁中参考点,gfs_seamless,2025-01-30,6,2025-02-05,3.6,-3.8,-6.0,-7.6,,31.5,9.2,,,,,0.0
鲁中参考点,gfs_seamless,2025-01-29,7,2025-02-05,-1.0,-9.2,-10.7,-15.9,,31.9,15.7,,,,,0.0
鲁中参考点,jma_seamless,2025-02-04,1,2025-02-05,-2.0,-7.1,-9.6,-11.8,,17.9,10.0,,5.3,,0.0,
鲁中参考点,jma_seamless,2025-02-03,2,2025-02-05,-2.8,-7.4,-9.9,-12.0,,17.1,9.5,,7.5,,0.0,
鲁中参考点,jma_seamless,2025-02-02,3,2025-02-05,-2.8,-8.1,-10.2,-13.1,,16.6,10.3,,5.9,,0.0,
鲁中参考点,jma_seamless,2025-02-01,4,2025-02-05,-3.6,-8.4,-11.1,-13.3,,17.0,9.8,,0.0,,0.0,
鲁中参考点,jma_seamless,2025-01-31,5,2025-02-05,-4.6,-7.9,-11.9,-12.8,,16.5,10.1,,0.0,,0.0,
鲁中参考点,jma_seamless,2025-01-30,6,2025-02-05,-3.8,-6.8,-10.8,-11.7,,19.1,10.7,,7.5,,0.0,
鲁中参考点,jma_seamless,2025-01-29,7,2025-02-05,-2.7,-8.5,-11.5,-12.7,,14.9,8.0,,0.0,,0.0,
鲁中参考点,ecmwf_ifs025,2025-02-05,1,2025-02-06,2.9,-6.8,-8.6,-13.2,,24.5,16.8,,,14.03,0.3,
鲁中参考点,ecmwf_ifs025,2025-02-04,2,2025-02-06,2.6,-8.0,-8.9,-14.0,,18.2,13.8,,,14.02,0.0,
鲁中参考点,ecmwf_ifs025,2025-02-03,3,2025-02-06,3.9,-7.6,-8.4,-13.7,,19.2,14.5,,,14.09,0.0,
鲁中参考点,ecmwf_ifs025,2025-02-02,4,2025-02-06,4.0,-7.5,-8.2,-13.4,,18.7,14.0,,,14.12,0.0,
鲁中参考点,ecmwf_ifs025,2025-02-01,5,2025-02-06,3.1,-9.2,-9.2,-15.4,,19.2,13.5,,,14.04,0.0,
鲁中参考点,ecmwf_ifs025,2025-01-31,6,2025-02-06,4.3,-9.3,-8.4,-15.0,,22.6,11.7,,,14.85,0.0,
鲁中参考点,ecmwf_ifs025,2025-01-30,7,2025-02-06,4.0,-7.3,-7.8,-12.6,,20.7,12.0,,,15.39,0.0,
鲁中参考点,gfs_seamless,2025-02-05,1,2025-02-06,-0.1,-9.0,-9.6,-15.4,,27.7,14.6,,,,,0.0
鲁中参考点,gfs_seamless,2025-02-04,2,2025-02-06,0.4,-10.0,-10.3,-17.0,,24.6,15.9,,,,,0.0
鲁中参考点,gfs_seamless,2025-02-03,3,2025-02-06,2.2,-6.8,-8.4,-11.9,,24.6,11.5,,,,,0.0
鲁中参考点,gfs_seamless,2025-02-02,4,2025-02-06,2.2,-6.5,-7.5,-10.8,,25.0,9.2,,,,,0.0
鲁中参考点,gfs_seamless,2025-02-01,5,2025-02-06,2.3,-5.1,-6.5,-9.4,,26.2,10.0,,,,,0.0
鲁中参考点,gfs_seamless,2025-01-31,6,2025-02-06,3.6,-4.1,-6.0,-9.0,,32.4,13.0,,,,,0.0
鲁中参考点,gfs_seamless,2025-01-30,7,2025-02-06,6.1,-3.2,-5.0,-8.0,,39.5,13.4,,,,,0.0
鲁中参考点,jma_seamless,2025-02-05,1,2025-02-06,0.8,-4.9,-7.3,-8.7,,18.2,8.7,,8.7,,0.0,
鲁中参考点,jma_seamless,2025-02-04,2,2025-02-06,-0.4,-6.1,-7.9,-9.4,,18.5,6.8,,0.5,,0.0,
鲁中参考点,jma_seamless,2025-02-03,3,2025-02-06,1.9,-4.4,-6.9,-7.0,,18.6,5.9,,6.8,,0.0,
鲁中参考点,jma_seamless,2025-02-02,4,2025-02-06,-0.9,-5.4,-8.4,-9.0,,16.9,7.8,,1.6,,0.0,
鲁中参考点,jma_seamless,2025-02-01,5,2025-02-06,1.5,-7.1,-7.9,-10.9,,16.4,7.6,,0.9,,0.0,
鲁中参考点,jma_seamless,2025-01-31,6,2025-02-06,0.4,-6.5,-8.6,-10.6,,14.4,8.5,,0.0,,0.0,
鲁中参考点,jma_seamless,2025-01-30,7,2025-02-06,1.7,-7.9,-8.4,-11.9,,14.1,7.8,,0.0,,0.0,
鲁中参考点,ecmwf_ifs025,2025-02-06,1,2025-02-07,-6.9,-13.4,-17.3,-22.6,,14.6,22.2,,,14.66,0.0,
鲁中参考点,ecmwf_ifs025,2025-02-05,2,2025-02-07,-6.9,-13.1,-17.1,-22.2,,12.8,21.9,,,14.64,0.0,
鲁中参考点,ecmwf_ifs025,2025-02-04,3,2025-02-07,-6.0,-13.7,-17.3,-23.0,,13.7,22.1,,,14.66,0.0,
鲁中参考点,ecmwf_ifs025,2025-02-03,4,2025-02-07,-3.1,-13.4,-16.5,-22.2,,15.1,20.4,,,14.62,0.0,
鲁中参考点,ecmwf_ifs025,2025-02-02,5,2025-02-07,-1.9,-11.4,-14.8,-19.6,,21.3,20.0,,,14.61,0.0,
鲁中参考点,ecmwf_ifs025,2025-02-01,6,2025-02-07,-1.9,-11.1,-14.3,-18.9,,18.9,18.4,,,14.99,0.0,
鲁中参考点,ecmwf_ifs025,2025-01-31,7,2025-02-07,6.6,-3.1,-4.6,-6.8,,36.8,9.4,,,15.51,0.0,
鲁中参考点,gfs_seamless,2025-02-06,1,2025-02-07,-7.5,-13.4,-18.1,-23.5,,21.5,27.0,,,,,0.0
鲁中参考点,gfs_seamless,2025-02-05,2,2025-02-07,-7.2,-13.5,-17.9,-23.3,,21.5,25.5,,,,,0.0
鲁中参考点,gfs_seamless,2025-02-04,3,2025-02-07,-6.7,-14.2,-17.8,-24.5,,20.8,27.0,,,,,0.0
鲁中参考点,gfs_seamless,2025-02-03,4,2025-02-07,-1.6,-14.0,-17.1,-23.9,,19.4,25.0,,,,,0.0
鲁中参考点,gfs_seamless,2025-02-02,5,2025-02-07,1.6,-8.9,-10.9,-16.3,,29.5,19.0,,,,,0.0
鲁中参考点,gfs_seamless,2025-02-01,6,2025-02-07,7.1,-2.9,-3.5,-7.8,,47.4,14.2,,,,,0.0
鲁中参考点,gfs_seamless,2025-01-31,7,2025-02-07,5.2,-4.4,-4.5,-9.3,,52.8,12.8,,,,,0.0
鲁中参考点,jma_seamless,2025-02-06,1,2025-02-07,-6.4,-12.5,-15.7,-19.7,,12.8,14.7,,0.6,,0.0,
鲁中参考点,jma_seamless,2025-02-05,2,2025-02-07,-7.3,-12.7,-16.0,-20.2,,13.4,15.5,,0.0,,0.0,
鲁中参考点,jma_seamless,2025-02-04,3,2025-02-07,-5.2,-13.1,-15.6,-20.5,,14.8,14.8,,3.4,,0.0,
鲁中参考点,jma_seamless,2025-02-03,4,2025-02-07,-6.2,-13.5,-16.1,-21.1,,15.2,15.3,,6.2,,0.0,
鲁中参考点,jma_seamless,2025-02-02,5,2025-02-07,-2.7,-13.9,-15.0,-21.3,,17.0,14.0,,4.6,,0.0,
鲁中参考点,jma_seamless,2025-02-01,6,2025-02-07,1.3,-10.1,-8.5,-14.2,,20.2,7.2,,0.0,,0.0,
鲁中参考点,jma_seamless,2025-01-31,7,2025-02-07,3.7,-6.4,-6.8,,,19.7,4.2,,7.5,,0.0,
鲁中参考点,ecmwf_ifs025,2025-02-07,1,2025-02-08,-3.8,-11.3,-13.3,-17.2,,15.3,11.0,,0.0,14.52,0.0,
鲁中参考点,ecmwf_ifs025,2025-02-06,2,2025-02-08,-3.4,-11.3,-13.1,-16.8,,17.3,10.0,,0.0,14.53,0.0,
鲁中参考点,ecmwf_ifs025,2025-02-05,3,2025-02-08,-3.6,-11.5,-13.4,-17.1,,15.2,10.0,,0.6,14.55,0.0,
鲁中参考点,ecmwf_ifs025,2025-02-04,4,2025-02-08,-3.9,-11.7,-13.7,-17.5,,13.7,10.7,,0.0,14.66,0.0,
鲁中参考点,ecmwf_ifs025,2025-02-03,5,2025-02-08,-4.0,-11.7,-13.7,-17.4,,12.6,10.4,,0.0,14.64,0.0,
鲁中参考点,ecmwf_ifs025,2025-02-02,6,2025-02-08,-3.8,-11.9,-14.3,-18.7,,16.4,13.5,,0.0,15.14,0.0,
鲁中参考点,ecmwf_ifs025,2025-02-01,7,2025-02-08,-0.9,-11.9,-11.5,-18.0,,25.8,11.2,,0.0,15.71,0.0,
鲁中参考点,gfs_seamless,2025-02-07,1,2025-02-08,-4.6,-11.3,-13.5,-17.4,,20.3,11.7,,,,,0.0
鲁中参考点,gfs_seamless,2025-02-06,2,2025-02-08,-4.6,-11.4,-13.7,-18.0,,22.6,13.4,,,,,0.0
鲁中参考点,gfs_seamless,2025-02-05,3,2025-02-08,-4.3,-10.7,-13.4,-17.2,,20.5,13.4,,,,,0.0
鲁中参考点,gfs_seamless,2025-02-04,4,2025-02-08,-3.9,-11.0,-12.8,-16.4,,18.9,9.9,,,,,0.0
鲁中参考点,gfs_seamless,2025-02-03,5,2025-02-08,-4.0,-10.5,-13.0,-16.1,,18.3,10.6,,,,,0.0
鲁中参考点,gfs_seamless,2025-02-02,6,2025-02-08,-3.2,-9.9,-11.5,-16.4,,33.3,14.3,,,,,0.0
鲁中参考点,gfs_seamless,2025-02-01,7,2025-02-08,2.2,-5.9,-7.8,-12.2,,67.0,17.2,,,,,0.0
鲁中参考点,jma_seamless,2025-02-07,1,2025-02-08,-4.3,-10.5,-13.0,-15.1,,13.4,8.1,,0.0,,0.0,
鲁中参考点,jma_seamless,2025-02-06,2,2025-02-08,-4.2,-10.3,-12.8,-14.9,,15.4,8.2,,0.0,,0.0,
鲁中参考点,jma_seamless,2025-02-05,3,2025-02-08,-4.2,-10.2,-12.7,-14.8,,17.0,8.3,,0.4,,0.0,
鲁中参考点,jma_seamless,2025-02-04,4,2025-02-08,-4.1,-10.4,-12.9,-15.2,,17.1,8.5,,0.0,,0.0,
鲁中参考点,jma_seamless,2025-02-03,5,2025-02-08,-4.7,-10.4,-13.3,-15.5,,16.8,9.4,,0.0,,0.0,
鲁中参考点,jma_seamless,2025-02-02,6,2025-02-08,-4.3,-10.7,-13.3,-16.2,,19.6,10.3,,0.0,,0.0,
鲁中参考点,jma_seamless,2025-02-01,7,2025-02-08,2.7,-8.4,-7.2,,,30.1,3.0,,34.0,,0.0,
鲁中参考点,ecmwf_ifs025,2025-02-08,1,2025-02-09,1.4,-11.0,-9.8,,,12.3,4.5,,0.0,14.6,0.0,
鲁中参考点,ecmwf_ifs025,2025-02-07,2,2025-02-09,1.8,-10.9,-9.6,-14.3,,11.4,5.6,,0.0,14.61,0.0,
鲁中参考点,ecmwf_ifs025,2025-02-06,3,2025-02-09,1.6,-10.5,-9.6,-14.3,,10.7,6.3,,0.0,14.58,0.0,
鲁中参考点,ecmwf_ifs025,2025-02-05,4,2025-02-09,2.0,-11.2,-9.8,-15.3,,11.1,6.7,,4.3,14.23,0.0,
鲁中参考点,ecmwf_ifs025,2025-02-04,5,2025-02-09,2.0,-10.2,-9.6,-14.3,,10.1,7.1,,9.1,13.96,0.0,
鲁中参考点,ecmwf_ifs025,2025-02-03,6,2025-02-09,-2.0,-10.4,-11.5,-15.0,,11.7,8.2,,0.0,15.3,0.0,
鲁中参考点,ecmwf_ifs025,2025-02-02,7,2025-02-09,0.9,-10.1,-11.0,-13.9,,14.8,6.5,,2.8,15.9,0.0,
鲁中参考点,gfs_seamless,2025-02-08,1,2025-02-09,-0.6,-8.8,-9.6,-12.4,,18.4,6.6,,,,,0.0
鲁中参考点,gfs_seamless,2025-02-07,2,2025-02-09,-0.2,-8.4,-9.1,-11.8,,18.9,6.2,,,,,0.0
鲁中参考点,gfs_seamless,2025-02-06,3,2025-02-09,-0.1,-8.5,-9.2,-11.8,,19.5,6.1,,,,,0.0
鲁中参考点,gfs_seamless,2025-02-05,4,2025-02-09,0.2,-7.6,-8.8,-11.5,,18.8,7.5,,,,,0.0
鲁中参考点,gfs_seamless,2025-02-04,5,2025-02-09,0.6,-8.0,-8.6,-11.4,,19.2,6.4,,,,,0.0
鲁中参考点,gfs_seamless,2025-02-03,6,2025-02-09,0.3,-7.8,-9.1,-10.6,,17.7,5.3,,,,,0.0
鲁中参考点,gfs_seamless,2025-02-02,7,2025-02-09,-0.7,-8.6,-9.6,-12.9,,20.9,8.2,,,,,0.0
鲁中参考点,jma_seamless,2025-02-08,1,2025-02-09,-0.9,-11.2,-10.6,,,15.1,3.6,,0.0,,0.0,
鲁中参考点,jma_seamless,2025-02-07,2,2025-02-09,-0.7,-10.9,-10.3,,,14.9,3.8,,0.0,,0.0,
鲁中参考点,jma_seamless,2025-02-06,3,2025-02-09,-0.6,-10.5,-10.1,,,15.1,3.5,,1.9,,0.0,
鲁中参考点,jma_seamless,2025-02-05,4,2025-02-09,-0.9,-10.3,-10.2,,,18.2,3.1,,0.0,,0.0,
鲁中参考点,jma_seamless,2025-02-04,5,2025-02-09,-0.4,-10.4,-10.1,,,16.7,4.4,,1.1,,0.0,
鲁中参考点,jma_seamless,2025-02-03,6,2025-02-09,-1.6,-9.3,-10.3,,,18.7,3.6,,0.0,,0.0,
鲁中参考点,jma_seamless,2025-02-02,7,2025-02-09,-0.5,-9.5,-9.8,,,20.0,3.3,,7.9,,0.0,
鲁中参考点,ecmwf_ifs025,2025-02-09,1,2025-02-10,7.3,-3.5,-5.3,-9.0,,18.4,16.1,,3.0,14.45,0.0,
鲁中参考点,ecmwf_ifs025,2025-02-08,2,2025-02-10,7.4,-3.4,-5.3,-8.8,,15.4,16.0,,2.2,14.45,0.0,
鲁中参考点,ecmwf_ifs025,2025-02-07,3,2025-02-10,6.9,-3.5,-5.4,-9.0,,19.7,16.2,,2.3,14.35,0.0,
鲁中参考点,ecmwf_ifs025,2025-02-06,4,2025-02-10,7.2,-3.7,-5.6,-9.6,,16.7,18.1,,4.2,14.34,0.0,
鲁中参考点,ecmwf_ifs025,2025-02-05,5,2025-02-10,7.3,-3.4,-5.3,-9.2,,17.7,18.2,,9.2,14.14,0.0,
鲁中参考点,ecmwf_ifs025,2025-02-04,6,2025-02-10,7.5,-4.5,-5.4,-10.1,,15.5,15.7,,7.1,15.43,0.0,
鲁中参考点,ecmwf_ifs025,2025-02-03,7,2025-02-10,4.2,-11.2,-8.7,-17.6,,16.0,12.9,,16.9,16.11,0.0,
鲁中参考点,gfs_seamless,2025-02-09,1,2025-02-10,4.7,-4.6,-5.5,-8.7,,28.5,9.7,,,,,0.0
鲁中参考点,gfs_seamless,2025-02-08,2,2025-02-10,4.8,-4.6,-5.3,-8.7,,28.9,9.7,,,,,0.0
鲁中参考点,gfs_seamless,2025-02-07,3,2025-02-10,5.3,-4.3,-5.2,-8.7,,28.9,10.7,,,,,0.0
鲁中参考点,gfs_seamless,2025-02-06,4,2025-02-10,4.1,-4.6,-5.6,-8.9,,27.6,10.3,,,,,0.0
鲁中参考点,gfs_seamless,2025-02-05,5,2025-02-10,5.3,-3.2,-4.5,-6.4,,29.5,7.7,,,,,0.0
鲁中参考点,gfs_seamless,2025-02-04,6,2025-02-10,5.0,-5.9,-4.8,-9.4,,28.9,7.3,,,,,0.0
鲁中参考点,gfs_seamless,2025-02-03,7,2025-02-10,4.1,-4.0,-6.0,-8.2,,25.2,10.5,,,,,0.0
鲁中参考点,jma_seamless,2025-02-09,1,2025-02-10,4.8,-4.1,-5.6,-8.2,,16.0,9.8,,0.0,,0.0,
鲁中参考点,jma_seamless,2025-02-08,2,2025-02-10,4.0,-4.4,-6.1,-8.4,,14.2,9.6,,0.0,,0.0,
鲁中参考点,jma_seamless,2025-02-07,3,2025-02-10,4.3,-4.4,-6.2,-9.0,,13.0,11.5,,0.0,,0.0,
鲁中参考点,jma_seamless,2025-02-06,4,2025-02-10,3.7,-4.9,-6.4,-8.7,,13.0,8.6,,6.6,,0.0,
鲁中参考点,jma_seamless,2025-02-05,5,2025-02-10,4.4,-4.4,-6.3,-8.9,,13.8,11.1,,2.0,,0.0,
鲁中参考点,jma_seamless,2025-02-04,6,2025-02-10,4.9,-7.5,-7.0,-13.0,,17.8,12.3,,0.0,,0.0,
鲁中参考点,jma_seamless,2025-02-03,7,2025-02-10,3.2,-6.6,-7.3,-10.7,,16.1,8.5,,13.3,,0.0,
鲁中参考点,ecmwf_ifs025,2025-02-10,1,2025-02-11,9.6,0.5,-1.4,-3.7,,47.5,14.5,,38.8,10.97,4.5,
鲁中参考点,ecmwf_ifs025,2025-02-09,2,2025-02-11,8.1,-0.1,-2.2,-4.3,,47.1,13.8,,54.2,9.84,3.3,
鲁中参考点,ecmwf_ifs025,2025-02-08,3,2025-02-11,8.1,-0.2,-2.1,-4.3,,54.7,13.1,,48.0,8.27,3.3,
鲁中参考点,ecmwf_ifs025,2025-02-07,4,2025-02-11,6.3,-0.1,-3.0,-4.3,,65.6,13.6,,57.0,5.72,4.5,
鲁中参考点,ecmwf_ifs025,2025-02-06,5,2025-02-11,8.8,-0.0,-1.8,-4.3,,49.8,14.4,,44.6,8.65,0.3,
鲁中参考点,ecmwf_ifs025,2025-02-05,6,2025-02-11,9.7,-1.2,-1.4,-5.1,,52.6,11.4,,34.2,15.47,0.0,
鲁中参考点,ecmwf_ifs025,2025-02-04,7,2025-02-11,5.3,-1.0,-4.4,-6.1,,47.6,17.6,,3.9,16.17,0.0,
鲁中参考点,gfs_seamless,2025-02-10,1,2025-02-11,7.7,-1.0,-2.1,-4.9,,54.4,11.5,,,,,0.1
鲁中参考点,gfs_seamless,2025-02-09,2,2025-02-11,7.2,-0.7,-2.1,-4.5,,56.0,11.2,,,,,0.8
鲁中参考点,gfs_seamless,2025-02-08,3,2025-02-11,7.4,-0.6,-1.6,-4.4,,54.7,11.6,,,,,0.0
鲁中参考点,gfs_seamless,2025-02-07,4,2025-02-11,7.9,-1.1,-1.9,-4.5,,57.0,9.6,,,,,0.5
鲁中参考点,gfs_seamless,2025-02-06,5,2025-02-11,6.5,-1.0,-2.2,-4.5,,51.5,10.1,,,,,0.0
鲁中参考点,gfs_seamless,2025-02-05,6,2025-02-11,6.2,-0.3,-1.6,-2.8,,53.8,7.2,,,,,0.3
鲁中参考点,gfs_seamless,2025-02-04,7,2025-02-11,4.5,-2.5,-2.6,,,75.1,4.8,,,,,0.5
鲁中参考点,jma_seamless,2025-02-10,1,2025-02-11,8.6,0.2,-1.8,-3.1,,39.9,10.2,,23.6,,0.9,
鲁中参考点,jma_seamless,2025-02-09,2,2025-02-11,7.7,-1.0,-2.4,-4.1,,42.6,8.5,,55.9,,4.5,
鲁中参考点,jma_seamless,2025-02-08,3,2025-02-11,8.0,-0.6,-2.2,-3.7,,39.6,8.9,,29.8,,3.3,
鲁中参考点,jma_seamless,2025-02-07,4,2025-02-11,8.3,-0.2,-2.1,-3.5,,41.8,9.9,,36.9,,1.8,
鲁中参考点,jma_seamless,2025-02-06,5,2025-02-11,6.6,-0.9,-3.0,-4.0,,40.8,8.7,,48.0,,1.2,
鲁中参考点,jma_seamless,2025-02-05,6,2025-02-11,8.3,0.1,-1.8,-3.4,,33.7,11.0,,54.9,,0.0,
鲁中参考点,jma_seamless,2025-02-04,7,2025-02-11,7.3,-1.6,-2.8,-4.9,,24.8,8.9,,19.0,,0.0,
鲁中参考点,gfs_seamless,2025-02-11,1,2025-02-12,2.1,-1.0,-4.7,-5.9,,54.0,16.6,41.0,78.2,,,0.1
鲁中参考点,gfs_seamless,2025-02-10,2,2025-02-12,1.6,-1.7,-5.4,-6.8,,52.2,16.6,46.8,80.6,,,0.1
鲁中参考点,gfs_seamless,2025-02-09,3,2025-02-12,2.4,-1.5,-4.6,-6.6,,52.8,16.8,47.9,55.5,,,0.0
鲁中参考点,gfs_seamless,2025-02-08,4,2025-02-12,2.9,-2.7,-5.2,-7.8,,48.9,15.2,45.0,61.3,,,0.0
鲁中参考点,gfs_seamless,2025-02-07,5,2025-02-12,4.1,-1.3,-4.2,-5.9,,46.8,14.5,37.8,92.8,,,0.0
鲁中参考点,gfs_seamless,2025-02-06,6,2025-02-12,3.8,-1.5,-5.0,-6.6,,59.0,16.8,38.9,84.2,,,0.0
鲁中参考点,gfs_seamless,2025-02-05,7,2025-02-12,2.8,-1.7,-3.1,-4.9,,82.5,8.4,27.7,86.2,,,0.0
鲁中参考点,jma_seamless,2025-02-11,1,2025-02-12,2.1,-1.9,-5.0,-3.7,,45.3,4.9,,28.0,,0.3,0.1
鲁中参考点,jma_seamless,2025-02-10,2,2025-02-12,2.7,-1.9,-5.0,,,42.2,3.4,,25.4,,0.3,0.2
鲁中参考点,jma_seamless,2025-02-09,3,2025-02-12,1.7,-2.2,-5.3,,,46.0,4.8,,29.5,,-0.3,-0.2
鲁中参考点,jma_seamless,2025-02-08,4,2025-02-12,2.1,-2.2,-5.1,-4.7,,60.5,6.4,,26.8,,0.0,0.0
鲁中参考点,jma_seamless,2025-02-07,5,2025-02-12,3.6,-1.8,-4.1,,,76.2,4.4,,56.5,,0.0,0.0
鲁中参考点,jma_seamless,2025-02-06,6,2025-02-12,4.3,-2.0,-2.8,-4.7,,74.7,7.0,,60.2,,0.0,0.0
鲁中参考点,jma_seamless,2025-02-05,7,2025-02-12,4.5,-2.2,-4.2,,,93.1,4.7,,2.3,,0.0,0.0
鲁中参考点,gfs_seamless,2025-02-12,1,2025-02-13,5.8,-2.1,-3.9,-6.0,,27.9,10.7,38.2,87.0,,,0.0
鲁中参考点,gfs_seamless,2025-02-11,2,2025-02-13,5.5,-2.6,-4.0,-6.6,,26.5,10.8,32.4,70.5,,,0.0
鲁中参考点,gfs_seamless,2025-02-10,3,2025-02-13,5.9,-2.8,-4.2,-7.1,,29.8,11.7,38.9,63.3,,,0.0
鲁中参考点,gfs_seamless,2025-02-09,4,2025-02-13,6.1,-2.2,-3.9,-6.1,,28.8,10.4,31.3,43.2,,,0.0
鲁中参考点,gfs_seamless,2025-02-08,5,2025-02-13,6.0,-2.2,-3.8,-6.1,,28.7,10.7,44.3,47.5,,,0.0
鲁中参考点,gfs_seamless,2025-02-07,6,2025-02-13,7.3,-2.1,-2.6,-6.5,,34.4,12.5,41.0,62.3,,,0.0
鲁中参考点,gfs_seamless,2025-02-06,7,2025-02-13,4.5,-4.5,-4.5,-7.6,,31.1,6.9,36.7,89.6,,,0.0
鲁中参考点,jma_seamless,2025-02-12,1,2025-02-13,5.8,-1.2,-3.8,,,19.6,4.4,,14.3,,0.0,0.0
鲁中参考点,jma_seamless,2025-02-11,2,2025-02-13,5.2,-1.6,-4.3,-3.4,,20.3,5.0,,11.0,,-0.6,0.0
鲁中参考点,jma_seamless,2025-02-10,3,2025-02-13,5.8,-1.8,-4.0,-3.7,,20.3,5.1,,18.3,,0.0,0.0
鲁中参考点,jma_seamless,2025-02-09,4,2025-02-13,5.1,-2.2,-4.5,-4.1,,77.5,5.0,,25.2,,0.0,0.0
鲁中参考点,jma_seamless,2025-02-08,5,2025-02-13,6.0,-1.8,-4.1,-4.9,,64.8,8.2,,32.1,,0.0,0.0
鲁中参考点,jma_seamless,2025-02-07,6,2025-02-13,6.0,-3.0,-4.3,,,60.1,4.2,,21.4,,0.0,0.0
鲁中参考点,jma_seamless,2025-02-06,7,2025-02-13,6.8,-1.9,-3.5,,,71.7,2.5,,27.1,,0.0,0.0
鲁中参考点,gfs_seamless,2025-02-13,1,2025-02-14,7.8,-0.1,-0.8,-2.9,,35.9,8.3,18.4,78.0,,,0.0
鲁中参考点,gfs_seamless,2025-02-12,2,2025-02-14,8.1,0.2,-0.6,-2.8,,35.8,9.0,20.5,80.3,,,0.0
鲁中参考点,gfs_seamless,2025-02-11,3,2025-02-14,7.9,-0.4,-1.1,-3.9,,36.5,10.3,28.1,75.5,,,0.0
鲁中参考点,gfs_seamless,2025-02-10,4,2025-02-14,8.7,0.1,-0.8,-3.5,,36.7,11.1,29.5,72.6,,,0.0
鲁中参考点,gfs_seamless,2025-02-09,5,2025-02-14,9.1,0.8,0.4,-1.0,,28.8,5.8,14.0,97.5,,,0.0
鲁中参考点,gfs_seamless,2025-02-08,6,2025-02-14,8.1,1.0,-0.1,-0.8,,29.1,5.8,11.2,90.0,,,0.0
鲁中参考点,gfs_seamless,2025-02-07,7,2025-02-14,11.1,-0.3,1.3,,,37.8,4.6,12.6,100.0,,,0.0
鲁中参考点,jma_seamless,2025-02-13,1,2025-02-14,8.5,0.1,-1.8,-2.4,,26.1,7.2,,32.5,,0.0,0.0
鲁中参考点,jma_seamless,2025-02-12,2,2025-02-14,7.9,0.2,-1.9,-2.1,,25.0,6.8,,39.2,,0.0,0.0
鲁中参考点,jma_seamless,2025-02-11,3,2025-02-14,7.4,-0.2,-2.4,,,24.8,2.4,,29.5,,0.0,0.0
鲁中参考点,jma_seamless,2025-02-10,4,2025-02-14,8.6,-1.3,-2.0,-3.3,,91.7,5.5,,28.8,,0.0,0.0
鲁中参考点,jma_seamless,2025-02-09,5,2025-02-14,7.6,-2.4,-2.7,-5.6,,88.8,8.2,,35.0,,0.0,0.0
鲁中参考点,jma_seamless,2025-02-08,6,2025-02-14,7.7,-2.1,-2.8,-5.7,,84.2,9.5,,58.8,,0.0,0.0
鲁中参考点,jma_seamless,2025-02-07,7,2025-02-14,7.3,-0.6,-2.3,,,78.8,4.8,,61.8,,0.0,0.0
鲁中参考点,gfs_seamless,2025-02-14,1,2025-02-15,10.3,1.3,1.0,-1.7,,35.8,9.9,26.3,42.6,,,0.0
鲁中参考点,gfs_seamless,2025-02-13,2,2025-02-15,11.1,1.3,0.8,-2.1,,35.5,11.3,37.8,60.5,,,0.0
鲁中参考点,gfs_seamless,2025-02-12,3,2025-02-15,10.4,0.7,0.6,-2.8,,36.4,11.3,36.0,61.9,,,0.0
鲁中参考点,gfs_seamless,2025-02-11,4,2025-02-15,10.4,1.8,1.0,-0.9,,31.0,9.1,22.7,54.7,,,0.0
鲁中参考点,gfs_seamless,2025-02-10,5,2025-02-15,10.0,1.3,1.0,-0.9,,28.9,7.1,17.6,38.9,,,0.0
鲁中参考点,gfs_seamless,2025-02-09,6,2025-02-15,10.2,0.2,-0.3,-3.3,,40.8,10.8,31.3,47.2,,,0.0
鲁中参考点,gfs_seamless,2025-02-08,7,2025-02-15,7.4,-0.5,-0.8,-3.2,,47.1,7.7,20.9,91.5,,,0.0
鲁中参考点,jma_seamless,2025-02-14,1,2025-02-15,11.1,1.1,-0.0,,,35.1,4.6,,14.9,,0.0,0.0
鲁中参考点,jma_seamless,2025-02-13,2,2025-02-15,10.3,1.2,-0.6,,,31.1,3.1,,48.3,,0.0,0.0
鲁中参考点,jma_seamless,2025-02-12,3,2025-02-15,10.4,1.2,-0.4,,,30.2,4.6,,20.2,,0.0,0.0
鲁中参考点,jma_seamless,2025-02-11,4,2025-02-15,9.9,1.2,-0.8,,,72.7,3.4,,0.8,,0.0,0.0
鲁中参考点,jma_seamless,2025-02-10,5,2025-02-15,10.6,0.6,-0.7,-1.8,,93.6,7.3,,24.2,,0.0,0.0
鲁中参考点,jma_seamless,2025-02-09,6,2025-02-15,8.1,-0.5,-1.4,-2.9,,89.6,6.9,,17.0,,0.0,0.0
鲁中参考点,jma_seamless,2025-02-08,7,2025-02-15,6.3,-0.3,-1.6,-2.4,,77.1,6.0,,37.5,,0.0,0.0
鲁中参考点,gfs_seamless,2025-02-15,1,2025-02-16,4.6,-0.2,-2.5,-4.3,,40.9,13.0,29.9,13.7,,,0.0
鲁中参考点,gfs_seamless,2025-02-14,2,2025-02-16,5.2,0.5,-1.6,-2.8,,34.5,10.4,24.5,33.6,,,0.0
鲁中参考点,gfs_seamless,2025-02-13,3,2025-02-16,4.7,-0.9,-3.0,-5.2,,37.7,13.3,34.9,17.7,,,0.0
鲁中参考点,gfs_seamless,2025-02-12,4,2025-02-16,5.3,-1.0,-3.0,-4.9,,33.3,11.6,26.3,17.1,,,0.0
鲁中参考点,gfs_seamless,2025-02-11,5,2025-02-16,8.2,-0.6,-1.1,-3.8,,37.1,9.0,30.2,42.8,,,0.0
鲁中参考点,gfs_seamless,2025-02-10,6,2025-02-16,8.3,-0.3,-1.1,-2.6,,36.1,6.6,13.3,10.6,,,0.0
鲁中参考点,gfs_seamless,2025-02-09,7,2025-02-16,7.3,0.9,-1.1,-2.7,,36.6,11.9,52.6,4.5,,,0.0
鲁中参考点,jma_seamless,2025-02-15,1,2025-02-16,5.3,-0.8,-2.2,,,33.5,4.5,,1.1,,0.0,0.0
鲁中参考点,jma_seamless,2025-02-14,2,2025-02-16,5.6,-0.6,-2.7,,,33.6,3.9,,1.7,,0.0,0.0
鲁中参考点,jma_seamless,2025-02-13,3,2025-02-16,5.2,-1.8,-2.8,,,34.2,3.6,,0.0,,0.0,0.0
鲁中参考点,jma_seamless,2025-02-12,4,2025-02-16,5.8,-0.7,-2.6,,,75.5,3.5,,0.0,,0.0,0.0
鲁中参考点,jma_seamless,2025-02-11,5,2025-02-16,5.8,-2.2,-2.8,,,83.4,3.5,,0.8,,0.0,0.0
鲁中参考点,jma_seamless,2025-02-10,6,2025-02-16,5.9,-2.3,-2.9,,,79.4,3.5,,8.2,,0.0,0.0
鲁中参考点,jma_seamless,2025-02-09,7,2025-02-16,6.3,-2.2,-2.4,,,62.6,3.2,,5.9,,0.0,0.0
鲁中参考点,gfs_seamless,2025-02-16,1,2025-02-17,3.4,-1.9,-3.9,-5.1,,34.6,8.4,20.2,74.3,,,0.0
鲁中参考点,gfs_seamless,2025-02-15,2,2025-02-17,2.6,-2.8,-5.0,-6.7,,29.7,10.1,24.5,44.3,,,0.0
鲁中参考点,gfs_seamless,2025-02-14,3,2025-02-17,2.2,-3.5,-5.9,-8.1,,27.0,12.1,35.3,60.8,,,0.0
鲁中参考点,gfs_seamless,2025-02-13,4,2025-02-17,3.9,-2.2,-4.3,-4.8,,26.4,6.5,12.6,1.0,,,0.0
鲁中参考点,gfs_seamless,2025-02-12,5,2025-02-17,5.3,-2.4,-4.1,-5.7,,34.4,8.3,26.3,38.9,,,0.0
鲁中参考点,gfs_seamless,2025-02-11,6,2025-02-17,8.5,-1.9,-1.2,-4.6,,36.5,7.0,11.2,43.2,,,0.0
鲁中参考点,gfs_seamless,2025-02-10,7,2025-02-17,9.2,0.6,-0.1,-2.9,,45.7,11.2,58.0,54.9,,,0.0
鲁中参考点,jma_seamless,2025-02-16,1,2025-02-17,2.8,-2.4,-5.0,-5.2,,25.8,6.9,,23.2,,0.0,0.0
鲁中参考点,jma_seamless,2025-02-15,2,2025-02-17,2.8,-2.4,-5.0,-4.9,,23.1,6.2,,24.8,,0.0,0.0
鲁中参考点,jma_seamless,2025-02-14,3,2025-02-17,4.7,-2.8,-4.2,-6.0,,25.3,8.0,,21.9,,0.0,0.0
鲁中参考点,jma_seamless,2025-02-13,4,2025-02-17,5.0,-2.3,-4.0,-6.0,,68.3,9.9,,14.2,,0.0,0.0
鲁中参考点,jma_seamless,2025-02-12,5,2025-02-17,4.2,-2.7,-4.6,-6.8,,67.8,10.8,,0.0,,0.0,0.0
鲁中参考点,jma_seamless,2025-02-11,6,2025-02-17,6.8,-2.3,-3.3,-5.2,,62.8,7.3,,0.0,,0.0,0.0
鲁中参考点,jma_seamless,2025-02-10,7,2025-02-17,9.3,-2.8,-1.7,-7.0,,59.3,11.2,,0.0,,0.0,0.0
鲁中参考点,gfs_seamless,2025-02-17,1,2025-02-18,7.1,-2.1,-2.9,-5.6,,44.5,9.4,20.2,24.9,,,0.0
鲁中参考点,gfs_seamless,2025-02-16,2,2025-02-18,6.7,-2.5,-2.9,-5.5,,39.6,7.6,16.9,18.5,,,0.0
鲁中参考点,gfs_seamless,2025-02-15,3,2025-02-18,5.9,-2.8,-3.6,-6.0,,36.2,7.9,16.6,17.8,,,0.0
鲁中参考点,gfs_seamless,2025-02-14,4,2025-02-18,5.5,-2.8,-3.2,-5.7,,36.2,7.2,14.0,33.5,,,0.0
鲁中参考点,gfs_seamless,2025-02-13,5,2025-02-18,5.4,-3.1,-3.6,-6.0,,42.8,6.9,13.7,45.2,,,0.0
鲁中参考点,gfs_seamless,2025-02-12,6,2025-02-18,6.3,-2.0,-3.4,-5.6,,40.5,9.8,20.5,61.4,,,0.0
鲁中参考点,gfs_seamless,2025-02-11,7,2025-02-18,8.7,0.6,0.5,-1.2,,47.0,5.6,19.4,97.4,,,0.0
鲁中参考点,jma_seamless,2025-02-17,1,2025-02-18,5.7,-1.8,-2.9,-3.6,,40.7,5.0,,24.5,,0.0,0.0
鲁中参考点,jma_seamless,2025-02-16,2,2025-02-18,7.0,-2.4,-3.0,-4.6,,27.8,5.5,,14.1,,0.0,0.0
鲁中参考点,jma_seamless,2025-02-15,3,2025-02-18,6.5,-2.8,-3.1,-5.4,,27.9,6.4,,26.2,,0.0,0.0
鲁中参考点,jma_seamless,2025-02-14,4,2025-02-18,8.2,-1.9,-2.7,-5.0,,73.0,8.1,,20.2,,0.0,0.0
鲁中参考点,jma_seamless,2025-02-13,5,2025-02-18,7.7,-2.0,-2.8,-5.8,,71.4,10.3,,22.3,,0.0,0.0
鲁中参考点,jma_seamless,2025-02-12,6,2025-02-18,7.3,-0.8,-2.1,-3.7,,73.4,8.2,,18.0,,0.0,0.0
鲁中参考点,jma_seamless,2025-02-11,7,2025-02-18,3.9,-1.9,-3.6,-5.1,,65.8,8.5,,27.1,,0.0,0.0
鲁中参考点,gfs_seamless,2025-02-18,1,2025-02-19,4.1,-2.0,-4.0,-5.1,,32.5,8.1,22.0,90.2,,,0.0
鲁中参考点,gfs_seamless,2025-02-17,2,2025-02-19,4.1,-1.6,-3.8,-4.4,,35.8,7.5,19.1,91.5,,,0.0
鲁中参考点,gfs_seamless,2025-02-16,3,2025-02-19,4.7,-1.7,-3.2,-4.0,,36.4,6.0,19.4,92.1,,,0.0
鲁中参考点,gfs_seamless,2025-02-15,4,2025-02-19,5.0,-1.3,-2.6,-3.8,,41.6,6.7,25.2,96.8,,,0.0
鲁中参考点,gfs_seamless,2025-02-14,5,2025-02-19,4.1,-2.2,-3.8,-5.2,,46.5,7.7,20.2,89.0,,,0.0
鲁中参考点,gfs_seamless,2025-02-13,6,2025-02-19,3.3,-2.4,-4.5,-5.5,,37.9,7.9,14.4,79.5,,,0.0
鲁中参考点,gfs_seamless,2025-02-12,7,2025-02-19,6.6,-2.0,-2.8,-5.0,,46.1,7.7,18.4,79.2,,,0.0
鲁中参考点,jma_seamless,2025-02-18,1,2025-02-19,2.8,-2.6,-4.7,-5.8,,33.2,8.1,,27.1,,0.0,0.0
鲁中参考点,jma_seamless,2025-02-17,2,2025-02-19,3.6,-2.3,-4.3,-4.6,,29.5,5.8,,38.9,,0.0,0.0
鲁中参考点,jma_seamless,2025-02-16,3,2025-02-19,5.1,-2.2,-3.7,-4.3,,29.2,5.5,,54.1,,0.0,0.0
鲁中参考点,jma_seamless,2025-02-15,4,2025-02-19,4.5,-2.3,-3.9,-4.1,,75.5,4.9,,42.4,,0.0,0.0
鲁中参考点,jma_seamless,2025-02-14,5,2025-02-19,2.0,-3.0,-5.0,-5.6,,78.0,6.2,,23.2,,0.0,0.0
鲁中参考点,jma_seamless,2025-02-13,6,2025-02-19,2.2,-3.3,-5.2,-5.4,,81.1,5.1,,32.8,,0.0,0.0
鲁中参考点,jma_seamless,2025-02-12,7,2025-02-19,3.7,-2.8,-4.8,-5.1,,82.5,5.7,,28.0,,0.0,0.0
鲁中参考点,gfs_seamless,2025-02-19,1,2025-02-20,4.9,-1.7,-2.9,-4.2,,35.9,6.6,14.0,87.5,,,0.0
鲁中参考点,gfs_seamless,2025-02-18,2,2025-02-20,4.7,-1.3,-3.1,-3.7,,39.0,6.5,16.2,95.0,,,0.0
鲁中参考点,gfs_seamless,2025-02-17,3,2025-02-20,4.4,-1.4,-2.5,-3.1,,44.0,4.9,18.4,99.2,,,0.0
鲁中参考点,gfs_seamless,2025-02-16,4,2025-02-20,2.8,-2.4,-3.1,,,65.2,4.3,10.8,99.8,,,1.1
鲁中参考点,gfs_seamless,2025-02-15,5,2025-02-20,1.9,-3.2,-4.4,-5.7,,74.7,6.1,14.8,99.5,,,0.0
鲁中参考点,gfs_seamless,2025-02-14,6,2025-02-20,0.7,-3.3,-4.7,-5.3,,74.5,4.9,10.8,97.7,,,0.3
鲁中参考点,gfs_seamless,2025-02-13,7,2025-02-20,3.2,-3.4,-4.8,-5.9,,42.3,5.9,13.7,90.3,,,0.0
鲁中参考点,jma_seamless,2025-02-19,1,2025-02-20,4.5,-1.8,-3.4,,,33.2,3.6,,35.9,,0.0,0.0
鲁中参考点,jma_seamless,2025-02-18,2,2025-02-20,3.8,-1.7,-3.8,-4.3,,31.9,6.8,,36.4,,0.0,0.0
鲁中参考点,jma_seamless,2025-02-17,3,2025-02-20,4.4,-1.1,-3.2,,,32.9,4.7,,53.5,,0.0,0.0
鲁中参考点,jma_seamless,2025-02-16,4,2025-02-20,4.7,-1.1,-2.5,,,73.8,3.1,,58.6,,2.1,0.1
鲁中参考点,jma_seamless,2025-02-15,5,2025-02-20,3.9,-2.5,-4.5,,,78.1,4.5,,8.3,,0.0,0.0
鲁中参考点,jma_seamless,2025-02-14,6,2025-02-20,3.1,-2.5,-4.4,-4.7,,84.2,5.6,,21.2,,0.0,0.0
鲁中参考点,jma_seamless,2025-02-13,7,2025-02-20,2.1,-3.2,-5.1,-6.0,,84.9,6.7,,32.2,,0.0,0.0
鲁中参考点,gfs_seamless,2025-02-20,1,2025-02-21,3.5,-1.9,-3.8,-5.3,,60.9,9.0,20.5,72.1,,,0.9
鲁中参考点,gfs_seamless,2025-02-19,2,2025-02-21,4.0,-3.2,-4.4,-7.2,,67.2,10.3,21.6,97.9,,,0.8
鲁中参考点,gfs_seamless,2025-02-18,3,2025-02-21,3.5,-2.0,-3.3,-4.6,,65.8,6.7,13.3,100.0,,,0.6
鲁中参考点,gfs_seamless,2025-02-17,4,2025-02-21,2.4,-2.2,-3.9,-5.3,,71.4,7.8,18.4,80.7,,,0.7
鲁中参考点,gfs_seamless,2025-02-16,5,2025-02-21,2.8,-2.0,-4.1,-4.5,,61.2,6.5,11.9,92.3,,,0.3
鲁中参考点,gfs_seamless,2025-02-15,6,2025-02-21,-0.0,-3.6,-6.2,-7.2,,70.6,8.7,18.4,92.4,,,0.0
鲁中参考点,gfs_seamless,2025-02-14,7,2025-02-21,1.2,-3.9,-5.7,-6.7,,58.2,6.5,27.0,61.2,,,0.0
鲁中参考点,jma_seamless,2025-02-20,1,2025-02-21,3.6,-2.3,-3.9,,,39.4,3.0,,35.6,,0.0,0.0
鲁中参考点,jma_seamless,2025-02-19,2,2025-02-21,4.2,-2.5,-3.3,,,45.5,4.5,,44.3,,1.5,0.1
鲁中参考点,jma_seamless,2025-02-18,3,2025-02-21,1.6,-2.2,-5.1,,,33.5,3.7,,26.5,,0.0,0.0
鲁中参考点,jma_seamless,2025-02-17,4,2025-02-21,1.4,-2.4,-5.4,,,79.7,4.1,,38.3,,0.9,0.4
鲁中参考点,jma_seamless,2025-02-16,5,2025-02-21,1.0,-3.4,-4.9,,,78.3,2.7,,47.0,,2.4,1.3
鲁中参考点,jma_seamless,2025-02-15,6,2025-02-21,1.0,-2.9,-5.7,-5.2,,78.3,5.6,,27.2,,0.0,0.0
鲁中参考点,jma_seamless,2025-02-14,7,2025-02-21,4.6,-1.6,-3.3,-5.0,,77.8,9.2,,47.6,,0.6,0.0
鲁中参考点,gfs_seamless,2025-02-21,1,2025-02-22,2.5,-3.1,-4.7,-6.0,,46.0,7.0,20.5,92.1,,,0.1
鲁中参考点,gfs_seamless,2025-02-20,2,2025-02-22,2.9,-3.0,-4.3,-5.6,,58.9,6.2,15.5,93.9,,,0.9
鲁中参考点,gfs_seamless,2025-02-19,3,2025-02-22,1.5,-3.7,-5.6,-6.9,,54.7,7.4,19.1,68.7,,,0.0
鲁中参考点,gfs_seamless,2025-02-18,4,2025-02-22,2.8,-3.1,-5.3,-6.4,,39.2,8.1,21.6,77.9,,,0.0
鲁中参考点,gfs_seamless,2025-02-17,5,2025-02-22,0.9,-3.3,-6.5,-7.5,,41.1,10.7,28.4,74.1,,,0.0
鲁中参考点,gfs_seamless,2025-02-16,6,2025-02-22,1.4,-3.4,-6.9,-7.7,,30.9,11.3,31.7,37.7,,,0.0
鲁中参考点,gfs_seamless,2025-02-15,7,2025-02-22,-0.5,-4.8,-8.1,-9.7,,31.2,12.2,31.7,43.8,,,0.0
鲁中参考点,jma_seamless,2025-02-21,1,2025-02-22,1.7,-3.2,-5.3,,,45.7,3.2,,44.9,,0.0,0.0
鲁中参考点,jma_seamless,2025-02-20,2,2025-02-22,2.2,-2.6,-5.2,,,42.8,3.3,,43.3,,0.3,0.2
鲁中参考点,jma_seamless,2025-02-19,3,2025-02-22,2.1,-2.9,-5.4,,,42.3,2.8,,43.0,,0.0,0.0
鲁中参考点,jma_seamless,2025-02-18,4,2025-02-22,1.3,-3.0,-5.9,,,79.7,3.9,,20.8,,0.0,0.0
鲁中参考点,jma_seamless,2025-02-17,5,2025-02-22,0.3,-3.7,-6.6,,,85.9,2.4,,12.2,,0.0,0.0
鲁中参考点,jma_seamless,2025-02-16,6,2025-02-22,1.3,-3.5,-6.2,,,84.0,2.2,,13.9,,0.0,0.0
鲁中参考点,jma_seamless,2025-02-15,7,2025-02-22,-0.1,-3.6,-7.0,-6.5,,79.3,6.7,,13.4,,0.0,0.0
鲁中参考点,gfs_seamless,2025-02-22,1,2025-02-23,0.2,-4.3,-7.4,-9.0,,30.3,12.0,28.8,5.4,,,0.0
鲁中参考点,gfs_seamless,2025-02-21,2,2025-02-23,0.5,-4.0,-7.0,-8.4,,33.7,10.9,27.4,2.0,,,0.0
鲁中参考点,gfs_seamless,2025-02-20,3,2025-02-23,0.9,-4.9,-7.3,-9.7,,32.7,11.8,30.6,37.0,,,0.0
鲁中参考点,gfs_seamless,2025-02-19,4,2025-02-23,0.9,-4.8,-7.5,-9.8,,32.8,12.6,38.5,0.0,,,0.0
鲁中参考点,gfs_seamless,2025-02-18,5,2025-02-23,1.4,-4.3,-7.0,-9.1,,26.5,12.2,33.8,12.3,,,0.0
鲁中参考点,gfs_seamless,2025-02-17,6,2025-02-23,3.4,-4.3,-5.7,-7.7,,26.5,7.7,25.9,28.2,,,0.0
鲁中参考点,gfs_seamless,2025-02-16,7,2025-02-23,3.6,-2.9,-5.2,-5.9,,23.5,7.4,21.6,24.9,,,0.0
鲁中参考点,jma_seamless,2025-02-22,1,2025-02-23,-0.6,-3.5,-7.4,,,24.2,3.3,,0.5,,0.0,0.0
鲁中参考点,jma_seamless,2025-02-21,2,2025-02-23,0.1,-4.1,-7.5,,,20.3,2.9,,2.6,,0.0,0.0
鲁中参考点,jma_seamless,2025-02-20,3,2025-02-23,0.2,-3.8,-7.1,,,23.1,2.9,,1.1,,0.0,0.0
鲁中参考点,jma_seamless,2025-02-19,4,2025-02-23,0.5,-3.5,-7.0,,,83.6,1.4,,0.2,,0.0,0.0
鲁中参考点,jma_seamless,2025-02-18,5,2025-02-23,0.1,-3.1,-6.9,,,76.0,2.5,,0.2,,0.0,0.0
鲁中参考点,jma_seamless,2025-02-17,6,2025-02-23,1.0,-3.6,-6.8,,,83.6,2.7,,5.7,,0.0,0.0
鲁中参考点,jma_seamless,2025-02-16,7,2025-02-23,1.9,-3.5,-6.3,,,81.4,4.0,,0.0,,0.0,0.0
鲁中参考点,gfs_seamless,2025-02-23,1,2025-02-24,4.9,-4.7,-5.1,-8.8,,21.0,9.5,46.4,33.5,,,0.0
鲁中参考点,gfs_seamless,2025-02-22,2,2025-02-24,4.9,-4.1,-4.7,-8.2,,21.5,10.1,47.9,45.0,,,0.0
鲁中参考点,gfs_seamless,2025-02-21,3,2025-02-24,4.9,-4.2,-4.9,-8.5,,22.6,10.6,51.1,51.8,,,0.0
鲁中参考点,gfs_seamless,2025-02-20,4,2025-02-24,5.4,-3.5,-4.4,-7.5,,24.1,10.1,49.0,48.5,,,0.0
鲁中参考点,gfs_seamless,2025-02-19,5,2025-02-24,6.2,-2.8,-4.1,-7.6,,25.2,13.6,52.9,38.7,,,0.0
鲁中参考点,gfs_seamless,2025-02-18,6,2025-02-24,6.0,-2.9,-4.0,-7.6,,26.2,13.2,57.6,31.6,,,0.0
鲁中参考点,gfs_seamless,2025-02-17,7,2025-02-24,6.9,-2.6,-3.0,-6.6,,28.4,10.5,35.6,28.8,,,0.0
鲁中参考点,jma_seamless,2025-02-23,1,2025-02-24,4.1,-3.5,-5.4,,,16.5,2.8,,10.8,,0.0,0.0
鲁中参考点,jma_seamless,2025-02-22,2,2025-02-24,4.0,-3.7,-5.4,,,17.2,2.8,,16.0,,0.0,0.0
鲁中参考点,jma_seamless,2025-02-21,3,2025-02-24,4.2,-3.6,-5.4,,,17.3,3.4,,15.8,,0.0,0.0
鲁中参考点,jma_seamless,2025-02-20,4,2025-02-24,4.4,-3.4,-5.0,,,81.9,3.9,,0.0,,0.0,0.0
鲁中参考点,jma_seamless,2025-02-19,5,2025-02-24,4.8,-3.2,-4.8,,,73.4,3.7,,1.5,,0.0,0.0
鲁中参考点,jma_seamless,2025-02-18,6,2025-02-24,4.9,-3.1,-4.4,,,72.1,3.7,,0.8,,0.0,0.0
鲁中参考点,jma_seamless,2025-02-17,7,2025-02-24,4.6,-2.9,-4.5,,,78.4,4.3,,0.0,,0.0,0.0
鲁中参考点,gfs_seamless,2025-02-24,1,2025-02-25,9.9,-0.4,-1.4,-4.3,,26.5,12.2,53.3,58.6,,,0.0
鲁中参考点,gfs_seamless,2025-02-23,2,2025-02-25,9.3,-0.9,-1.5,-4.8,,27.1,11.8,54.0,53.5,,,0.0
鲁中参考点,gfs_seamless,2025-02-22,3,2025-02-25,10.1,-0.7,-1.2,-4.7,,28.0,12.4,56.2,42.3,,,0.0
鲁中参考点,gfs_seamless,2025-02-21,4,2025-02-25,9.5,-1.1,-1.3,-5.6,,32.3,13.9,52.9,32.7,,,0.0
鲁中参考点,gfs_seamless,2025-02-20,5,2025-02-25,9.3,0.1,-0.5,-4.0,,39.5,13.7,51.8,47.1,,,0.0
鲁中参考点,gfs_seamless,2025-02-19,6,2025-02-25,10.1,0.3,-0.0,-3.2,,38.1,10.8,54.4,41.8,,,0.0
鲁中参考点,gfs_seamless,2025-02-18,7,2025-02-25,10.1,0.2,0.5,-3.4,,35.2,11.4,62.3,43.3,,,0.0
鲁中参考点,jma_seamless,2025-02-24,1,2025-02-25,9.5,-0.2,-1.8,-2.2,,21.5,5.8,,9.2,,0.0,0.0
鲁中参考点,jma_seamless,2025-02-23,2,2025-02-25,9.3,-0.2,-1.9,-2.0,,19.8,5.5,,27.4,,0.0,0.0
鲁中参考点,jma_seamless,2025-02-22,3,2025-02-25,9.1,-0.3,-2.0,-2.1,,20.9,5.3,,8.6,,0.0,0.0
鲁中参考点,jma_seamless,2025-02-21,4,2025-02-25,8.8,-0.8,-2.5,-2.9,,81.2,5.8,,5.5,,0.0,0.0
鲁中参考点,jma_seamless,2025-02-20,5,2025-02-25,9.0,-0.5,-1.9,-3.1,,78.5,7.3,,9.1,,0.0,0.0
鲁中参考点,jma_seamless,2025-02-19,6,2025-02-25,10.6,0.3,-0.7,-1.8,,71.2,6.4,,3.8,,0.0,0.0
鲁中参考点,jma_seamless,2025-02-18,7,2025-02-25,9.9,-0.1,-0.7,-2.5,,67.0,7.0,,22.1,,0.0,0.0
鲁中参考点,ecmwf_ifs025,2025-02-25,1,2025-02-26,13.8,-2.6,0.8,-7.3,,33.0,13.5,,,16.96,0.0,
鲁中参考点,ecmwf_ifs025,2025-02-24,2,2025-02-26,12.2,-2.7,0.1,-7.4,,30.9,13.4,,,16.98,0.0,
鲁中参考点,ecmwf_ifs025,2025-02-23,3,2025-02-26,13.0,-2.8,0.5,-7.8,,37.5,14.7,,,16.77,0.0,
鲁中参考点,ecmwf_ifs025,2025-02-22,4,2025-02-26,12.7,-3.2,0.0,-7.8,,32.3,12.6,,,16.98,0.0,
鲁中参考点,ecmwf_ifs025,2025-02-21,5,2025-02-26,11.7,-3.2,-0.0,-7.1,,33.4,9.9,,,17.01,0.0,
鲁中参考点,ecmwf_ifs025,2025-02-20,6,2025-02-26,12.7,-3.7,0.4,-8.5,,42.5,13.0,,,20.74,0.0,
鲁中参考点,ecmwf_ifs025,2025-02-19,7,2025-02-26,11.2,-2.2,-0.6,-6.2,,31.6,10.8,,,22.02,0.0,
鲁中参考点,ecmwf_ifs025,2025-02-26,1,2025-02-27,14.7,5.1,4.9,1.6,,56.3,16.6,,,16.3,0.0,
鲁中参考点,ecmwf_ifs025,2025-02-25,2,2025-02-27,15.4,4.9,4.9,1.3,,54.7,17.5,,,16.42,0.0,
鲁中参考点,ecmwf_ifs025,2025-02-24,3,2025-02-27,15.4,4.1,4.7,0.6,,55.5,15.3,,,16.65,0.0,
鲁中参考点,ecmwf_ifs025,2025-02-23,4,2025-02-27,15.2,4.6,4.6,1.1,,54.3,16.3,,,15.07,0.0,
鲁中参考点,ecmwf_ifs025,2025-02-22,5,2025-02-27,14.1,3.9,3.9,0.6,,58.0,13.9,,,16.25,0.6,
鲁中参考点,ecmwf_ifs025,2025-02-21,6,2025-02-27,15.6,4.6,4.0,0.5,,54.5,20.2,,,20.9,0.0,
鲁中参考点,ecmwf_ifs025,2025-02-20,7,2025-02-27,15.7,3.9,3.7,-0.8,,52.0,23.7,,,22.12,0.0,
鲁中参考点,ecmwf_ifs025,2025-02-27,1,2025-02-28,19.3,5.8,8.8,3.2,,60.7,12.4,,,16.61,0.0,
鲁中参考点,ecmwf_ifs025,2025-02-26,2,2025-02-28,19.2,5.7,8.9,3.0,,62.3,12.5,,,16.03,0.0,
鲁中参考点,ecmwf_ifs025,2025-02-25,3,2025-02-28,20.3,5.3,9.3,2.9,,60.5,10.7,,,16.69,0.0,
鲁中参考点,ecmwf_ifs025,2025-02-24,4,2025-02-28,19.5,5.9,9.3,3.5,,60.5,11.3,,,16.48,0.0,
鲁中参考点,ecmwf_ifs025,2025-02-23,5,2025-02-28,19.5,4.5,8.6,2.0,,61.5,10.3,,,16.97,0.0,
鲁中参考点,ecmwf_ifs025,2025-02-22,6,2025-02-28,18.9,5.3,7.2,2.9,,53.4,10.5,,,21.07,0.0,
鲁中参考点,ecmwf_ifs025,2025-02-21,7,2025-02-28,19.8,7.7,8.3,4.6,,54.4,19.1,,,22.32,0.0,
鲁中参考点,ecmwf_ifs025,2025-02-28,1,2025-03-01,19.2,8.1,10.4,6.8,,76.5,8.0,,,13.89,2.4,
鲁中参考点,ecmwf_ifs025,2025-02-27,2,2025-03-01,20.6,8.0,11.1,6.4,,72.9,9.3,,,13.5,0.3,
鲁中参考点,ecmwf_ifs025,2025-02-26,3,2025-03-01,19.3,9.5,12.0,7.8,,78.2,11.5,,,9.77,0.3,
鲁中参考点,ecmwf_ifs025,2025-02-25,4,2025-03-01,16.5,9.7,11.8,8.6,,85.7,8.5,,,8.57,17.4,
鲁中参考点,ecmwf_ifs025,2025-02-24,5,2025-03-01,18.3,10.4,11.7,,,80.6,10.8,,,7.82,4.8,
鲁中参考点,ecmwf_ifs025,2025-02-23,6,2025-03-01,16.9,7.8,9.7,6.6,,72.2,7.3,,,13.83,9.3,
鲁中参考点,ecmwf_ifs025,2025-02-22,7,2025-03-01,15.7,8.0,8.3,5.4,,79.2,15.3,,,14.89,6.6,
鲁中参考点,ecmwf_ifs025,2025-03-01,1,2025-03-02,8.5,-3.0,-3.5,-8.8,,96.6,18.5,,,1.1,49.8,
鲁中参考点,ecmwf_ifs025,2025-02-28,2,2025-03-02,7.4,-2.1,-2.8,-7.5,,95.4,17.7,,,1.48,36.0,
鲁中参考点,ecmwf_ifs025,2025-02-27,3,2025-03-02,10.6,-2.3,-1.6,-8.0,,97.3,19.2,,,1.49,74.1,
鲁中参考点,ecmwf_ifs025,2025-02-26,4,2025-03-02,12.0,-2.7,-3.3,-8.9,,96.6,21.6,,,1.62,50.4,
鲁中参考点,ecmwf_ifs025,2025-02-25,5,2025-03-02,10.0,-1.9,-2.9,-7.6,,90.0,19.7,,,1.58,20.7,
鲁中参考点,ecmwf_ifs025,2025-02-24,6,2025-03-02,9.8,-0.4,-2.8,-6.0,,84.2,21.9,,,4.18,6.6,
鲁中参考点,ecmwf_ifs025,2025-02-23,7,2025-03-02,8.5,-2.1,0.3,-7.2,,88.0,16.0,,,4.32,10.2,
鲁中参考点,ecmwf_ifs025,2025-03-02,1,2025-03-03,-1.3,-5.0,-8.1,-10.9,,86.6,16.7,,,15.97,1.2,
鲁中参考点,ecmwf_ifs025,2025-03-01,2,2025-03-03,-1.3,-4.8,-7.8,-10.6,,85.0,16.3,,,15.85,0.3,
鲁中参考点,ecmwf_ifs025,2025-02-28,3,2025-03-03,-0.6,-3.9,-7.4,-9.8,,90.4,18.1,,,9.01,3.6,
鲁中参考点,ecmwf_ifs025,2025-02-27,4,2025-03-03,-1.0,-3.6,-8.1,-9.8,,87.1,20.2,,,10.87,6.0,
鲁中参考点,ecmwf_ifs025,2025-02-26,5,2025-03-03,-1.7,-3.6,-8.5,-9.9,,85.2,20.4,,,5.09,4.8,
鲁中参考点,ecmwf_ifs025,2025-02-25,6,2025-03-03,2.9,-2.5,-6.1,-8.4,,55.2,20.2,,,21.01,0.0,
鲁中参考点,ecmwf_ifs025,2025-02-24,7,2025-03-03,3.7,-3.5,-6.4,-9.6,,49.8,19.9,,,21.86,0.0,
鲁中参考点,ecmwf_ifs025,2025-03-03,1,2025-03-04,0.4,-3.2,-5.3,-6.4,,94.5,7.7,,,11.82,3.0,
鲁中参考点,ecmwf_ifs025,2025-03-02,2,2025-03-04,-0.1,-2.9,-5.2,-6.2,,95.6,8.3,,,12.54,2.4,
鲁中参考点,ecmwf_ifs025,2025-03-01,3,2025-03-04,-0.1,-5.7,-5.7,-10.1,,95.9,10.0,,,11.05,3.9,
鲁中参考点,ecmwf_ifs025,2025-02-28,4,2025-03-04,0.1,-4.9,-6.3,-9.4,,94.2,10.8,,,12.36,3.6,
鲁中参考点,ecmwf_ifs025,2025-02-27,5,2025-03-04,-0.4,-8.8,-8.1,-11.9,,87.6,5.5,,,18.34,0.0,
鲁中参考点,ecmwf_ifs025,2025-02-26,6,2025-03-04,1.3,-8.8,-6.9,-12.1,,72.0,6.0,,,21.96,0.0,
鲁中参考点,ecmwf_ifs025,2025-02-25,7,2025-03-04,5.1,-3.0,-3.0,,,68.3,4.7,,,22.26,0.0,
鲁中参考点,ecmwf_ifs025,2025-03-04,1,2025-03-05,2.6,-5.5,-4.7,,,79.3,2.7,,,18.77,0.0,
鲁中参考点,ecmwf_ifs025,2025-03-03,2,2025-03-05,2.5,-6.9,-4.9,,,78.4,2.7,,,18.72,0.0,
鲁中参考点,ecmwf_ifs025,2025-03-02,3,2025-03-05,1.5,-8.0,-6.4,,,81.6,3.2,,,19.0,0.0,
鲁中参考点,ecmwf_ifs025,2025-03-01,4,2025-03-05,1.7,-8.6,-6.1,,,79.9,2.5,,,19.03,0.0,
鲁中参考点,ecmwf_ifs025,2025-02-28,5,2025-03-05,2.8,-11.4,-6.8,,,73.6,3.5,,,18.13,0.0,
鲁中参考点,ecmwf_ifs025,2025-02-27,6,2025-03-05,3.0,-9.0,-6.9,,,61.0,3.3,,,22.18,0.0,
鲁中参考点,ecmwf_ifs025,2025-02-26,7,2025-03-05,4.9,-4.3,-4.3,,,57.9,4.2,,,23.68,0.0,
鲁中参考点,ecmwf_ifs025,2025-03-05,1,2025-03-06,5.5,-4.5,-3.1,,,66.5,3.2,,,18.69,0.0,
鲁中参考点,ecmwf_ifs025,2025-03-04,2,2025-03-06,5.2,-5.2,-3.1,,,63.7,3.6,,,18.71,0.0,
鲁中参考点,ecmwf_ifs025,2025-03-03,3,2025-03-06,6.4,-4.2,-2.7,,,59.0,3.9,,,18.4,0.0,
鲁中参考点,ecmwf_ifs025,2025-03-02,4,2025-03-06,2.7,-5.5,-4.1,,,67.5,2.8,,,19.16,0.0,
鲁中参考点,ecmwf_ifs025,2025-03-01,5,2025-03-06,3.4,-5.5,-3.6,,,63.1,2.3,,,19.25,0.0,
鲁中参考点,ecmwf_ifs025,2025-02-28,6,2025-03-06,4.1,-4.0,-3.7,,,60.7,2.5,,,22.2,0.0,
鲁中参考点,ecmwf_ifs025,2025-02-27,7,2025-03-06,1.6,-4.7,-5.3,,,57.7,2.7,,,23.95,0.0,
鲁中参考点,ecmwf_ifs025,2025-03-06,1,2025-03-07,8.3,-4.7,-2.2,-8.8,,53.8,9.7,,,12.29,0.0,
鲁中参考点,ecmwf_ifs025,2025-03-05,2,2025-03-07,7.4,-5.5,-2.9,-9.9,,55.3,10.0,,,11.88,0.0,
鲁中参考点,ecmwf_ifs025,2025-03-04,3,2025-03-07,6.8,-4.9,-3.0,-9.5,,53.8,11.0,,,11.49,0.0,
鲁中参考点,ecmwf_ifs025,2025-03-03,4,2025-03-07,7.1,-5.9,-3.1,-10.7,,58.0,11.0,,,11.57,0.0,
鲁中参考点,ecmwf_ifs025,2025-03-02,5,2025-03-07,4.1,-5.0,-3.8,-8.4,,60.0,7.4,,,14.37,0.0,
鲁中参考点,ecmwf_ifs025,2025-03-01,6,2025-03-07,5.0,-4.1,-2.9,-7.0,,65.5,6.6,,,22.19,0.0,
鲁中参考点,ecmwf_ifs025,2025-02-28,7,2025-03-07,4.8,-3.4,-2.5,-6.0,,59.7,6.2,,,23.12,0.0,
鲁中参考点,ecmwf_ifs025,2025-03-07,1,2025-03-08,12.9,2.6,2.7,-0.3,,56.6,10.3,,21.8,18.01,0.0,
鲁中参考点,ecmwf_ifs025,2025-03-06,2,2025-03-08,12.9,1.7,2.5,-1.4,,60.8,10.3,,2.4,18.15,2.4,
鲁中参考点,ecmwf_ifs025,2025-03-05,3,2025-03-08,12.4,1.6,2.1,-1.9,,59.1,12.1,,0.0,17.32,0.0,
鲁中参考点,ecmwf_ifs025,2025-03-04,4,2025-03-08,12.6,1.6,2.3,-1.4,,58.2,10.1,,11.9,18.17,1.5,
鲁中参考点,ecmwf_ifs025,2025-03-03,5,2025-03-08,13.3,1.1,2.3,-2.3,,60.1,11.3,,4.2,18.14,0.0,
鲁中参考点,ecmwf_ifs025,2025-03-02,6,2025-03-08,12.1,1.5,1.5,-2.4,,65.0,14.2,,0.0,22.53,0.3,
鲁中参考点,ecmwf_ifs025,2025-03-01,7,2025-03-08,11.7,1.0,1.7,-1.9,,65.0,9.1,,0.0,24.24,1.5,
鲁中参考点,ecmwf_ifs025,2025-03-08,1,2025-03-09,14.3,2.5,3.6,-1.1,,53.8,13.9,,18.8,18.06,0.0,
鲁中参考点,ecmwf_ifs025,2025-03-07,2,2025-03-09,14.4,1.8,3.6,-2.0,,59.3,14.0,,8.8,18.22,0.0,
鲁中参考点,ecmwf_ifs025,2025-03-06,3,2025-03-09,14.0,3.0,3.7,-0.4,,56.0,13.2,,19.2,18.07,0.0,
鲁中参考点,ecmwf_ifs025,2025-03-05,4,2025-03-09,13.6,1.7,3.2,-2.0,,55.9,13.3,,19.7,17.69,0.0,
鲁中参考点,ecmwf_ifs025,2025-03-04,5,2025-03-09,14.4,3.7,4.4,0.5,,57.0,12.8,,10.8,17.73,0.0,
鲁中参考点,ecmwf_ifs025,2025-03-03,6,2025-03-09,15.1,4.8,4.7,1.4,,55.7,15.4,,0.0,22.83,0.0,
鲁中参考点,ecmwf_ifs025,2025-03-02,7,2025-03-09,16.6,2.2,5.0,-1.7,,57.3,14.8,,34.1,24.49,0.0,
鲁中参考点,ecmwf_ifs025,2025-03-09,1,2025-03-10,15.3,4.0,4.7,0.1,,58.6,18.0,,0.9,18.32,0.0,
鲁中参考点,ecmwf_ifs025,2025-03-08,2,2025-03-10,15.3,3.5,4.5,-0.6,,58.4,18.2,,1.6,18.47,0.0,
鲁中参考点,ecmwf_ifs025,2025-03-07,3,2025-03-10,15.3,3.3,4.7,-0.7,,61.3,17.0,,4.1,18.61,0.0,
鲁中参考点,ecmwf_ifs025,2025-03-06,4,2025-03-10,15.3,3.1,4.3,-1.1,,65.0,18.1,,2.2,18.43,0.0,
鲁中参考点,ecmwf_ifs025,2025-03-05,5,2025-03-10,15.4,3.6,5.0,-0.1,,61.6,16.0,,0.1,18.42,0.0,
鲁中参考点,ecmwf_ifs025,2025-03-04,6,2025-03-10,14.8,3.6,4.6,0.1,,58.5,14.5,,4.1,22.97,0.0,
鲁中参考点,ecmwf_ifs025,2025-03-03,7,2025-03-10,15.8,5.2,6.2,2.4,,67.2,12.8,,52.3,24.18,3.3,
鲁中参考点,ecmwf_ifs025,2025-03-10,1,2025-03-11,17.6,7.1,8.5,4.3,,65.9,15.6,,28.5,17.68,0.0,
鲁中参考点,ecmwf_ifs025,2025-03-09,2,2025-03-11,18.5,7.5,9.2,4.9,,67.0,14.2,,27.8,16.94,0.0,
鲁中参考点,ecmwf_ifs025,2025-03-08,3,2025-03-11,18.5,6.7,9.5,4.0,,68.0,13.9,,36.8,16.39,0.0,
鲁中参考点,ecmwf_ifs025,2025-03-07,4,2025-03-11,18.2,6.5,9.0,3.7,,68.0,14.4,,44.7,17.69,0.0,
鲁中参考点,ecmwf_ifs025,2025-03-06,5,2025-03-11,17.5,6.5,8.6,3.4,,69.0,16.7,,30.9,17.54,0.3,
鲁中参考点,ecmwf_ifs025,2025-03-05,6,2025-03-11,16.9,7.1,8.3,4.3,,71.9,15.5,,20.9,23.09,0.0,
鲁中参考点,ecmwf_ifs025,2025-03-04,7,2025-03-11,18.2,5.2,8.9,3.2,,74.8,8.5,,50.8,24.66,5.1,
鲁中参考点,jma_seamless,2025-03-10,1,2025-03-11,15.9,7.5,10.0,5.4,,73.0,11.2,,41.0,,0.0,
鲁中参考点,jma_seamless,2025-03-09,2,2025-03-11,15.9,7.8,10.6,6.0,,76.8,10.2,,65.3,,0.0,
鲁中参考点,jma_seamless,2025-03-08,3,2025-03-11,15.6,6.9,10.4,5.0,,81.0,9.5,,45.0,,0.0,
鲁中参考点,jma_seamless,2025-03-07,4,2025-03-11,13.5,5.3,8.2,3.2,,81.8,9.1,,56.6,,0.0,
鲁中参考点,jma_seamless,2025-03-06,5,2025-03-11,14.9,6.6,9.2,4.3,,81.4,11.2,,70.9,,0.0,
鲁中参考点,jma_seamless,2025-03-05,6,2025-03-11,16.0,7.1,10.5,6.5,,82.1,4.9,,36.0,,0.0,
鲁中参考点,jma_seamless,2025-03-04,7,2025-03-11,14.7,6.8,9.3,5.2,,80.0,8.0,,61.5,,1.2,
鲁中参考点,ecmwf_ifs025,2025-03-11,1,2025-03-12,15.8,5.0,7.1,3.1,,50.5,8.3,,0.0,19.57,0.0,
鲁中参考点,ecmwf_ifs025,2025-03-10,2,2025-03-12,15.0,4.8,6.8,2.9,,43.9,8.1,,10.8,14.73,0.3,
鲁中参考点,ecmwf_ifs025,2025-03-09,3,2025-03-12,15.1,5.1,6.8,3.0,,39.8,9.0,,8.7,19.81,1.2,
鲁中参考点,ecmwf_ifs025,2025-03-08,4,2025-03-12,15.5,6.7,7.8,5.2,,42.2,7.7,,0.0,20.29,2.1,
鲁中参考点,ecmwf_ifs025,2025-03-07,5,2025-03-12,16.4,3.5,6.5,1.0,,37.0,9.6,,0.3,22.79,0.3,
鲁中参考点,ecmwf_ifs025,2025-03-06,6,2025-03-12,14.5,4.7,6.7,2.5,,44.2,9.0,,0.0,20.89,0.6,
鲁中参考点,ecmwf_ifs025,2025-03-05,7,2025-03-12,15.2,6.9,7.0,4.8,,42.5,10.8,,0.0,22.87,0.0,
鲁中参考点,jma_seamless,2025-03-11,1,2025-03-12,12.0,-2.1,0.1,-4.6,,53.9,6.3,,,,,0.0
鲁中参考点,jma_seamless,2025-03-10,2,2025-03-12,10.9,-2.1,-0.8,,,51.9,4.7,,,,,0.0
鲁中参考点,jma_seamless,2025-03-09,3,2025-03-12,11.1,-2.0,-0.7,-4.0,,39.6,5.3,,,,,0.0
鲁中参考点,jma_seamless,2025-03-08,4,2025-03-12,11.3,-1.7,-0.5,,,42.7,3.9,,,,,0.0
鲁中参考点,jma_seamless,2025-03-07,5,2025-03-12,11.6,-1.4,0.1,-3.8,,27.4,6.4,,,,,0.0
鲁中参考点,jma_seamless,2025-03-06,6,2025-03-12,11.0,-0.7,0.3,-3.2,,32.9,6.9,,,,,0.0
鲁中参考点,jma_seamless,2025-03-05,7,2025-03-12,11.5,0.6,1.2,-1.7,,74.5,7.1,,,,,0.0
鲁中参考点,ecmwf_ifs025,2025-03-12,1,2025-03-13,17.4,4.3,5.1,1.2,,23.9,13.3,,0.0,0.0,0.0,
鲁中参考点,ecmwf_ifs025,2025-03-11,2,2025-03-13,17.0,4.7,4.7,1.5,,21.3,14.0,,2.5,0.0,3.0,
鲁中参考点,ecmwf_ifs025,2025-03-10,3,2025-03-13,14.7,3.8,4.0,0.9,,22.8,11.4,,0.4,0.0,4.2,
鲁中参考点,ecmwf_ifs025,2025-03-09,4,2025-03-13,14.6,3.2,4.1,1.1,,29.2,7.6,,1.7,0.0,1.5,
鲁中参考点,ecmwf_ifs025,2025-03-08,5,2025-03-13,13.9,2.8,4.3,1.4,,33.0,5.5,,0.3,0.0,10.5,
鲁中参考点,ecmwf_ifs025,2025-03-07,6,2025-03-13,16.5,2.9,4.9,0.3,,29.4,9.3,,0.0,0.0,0.0,
鲁中参考点,ecmwf_ifs025,2025-03-06,7,2025-03-13,16.9,4.3,5.7,2.1,,28.4,8.8,,0.8,0.0,0.0,
鲁中参考点,jma_seamless,2025-03-12,1,2025-03-13,13.6,5.6,5.2,3.6,,21.5,9.0,,,,,0.0
鲁中参考点,jma_seamless,2025-03-11,2,2025-03-13,14.0,5.0,4.7,3.2,,22.2,7.9,,,,,0.0
鲁中参考点,jma_seamless,2025-03-10,3,2025-03-13,13.5,4.1,3.8,2.2,,24.1,7.5,,,,,0.0
鲁中参考点,jma_seamless,2025-03-09,4,2025-03-13,13.9,4.2,3.5,2.5,,28.0,7.1,,,,,0.0
鲁中参考点,jma_seamless,2025-03-08,5,2025-03-13,14.2,4.7,4.1,3.0,,33.8,7.3,,,,,0.0
鲁中参考点,jma_seamless,2025-03-07,6,2025-03-13,13.9,4.4,4.0,3.2,,25.9,5.5,,,,,0.0
鲁中参考点,jma_seamless,2025-03-06,7,2025-03-13,14.0,1.3,3.9,-0.5,,48.5,5.9,,,,,0.0
鲁中参考点,ecmwf_ifs025,2025-03-13,1,2025-03-14,14.3,4.1,3.9,1.3,,31.2,11.3,,14.9,,,
鲁中参考点,ecmwf_ifs025,2025-03-12,2,2025-03-14,13.9,4.3,3.9,1.7,,31.8,10.6,,34.2,,,
鲁中参考点,ecmwf_ifs025,2025-03-11,3,2025-03-14,13.6,4.5,3.7,1.7,,28.9,11.8,,21.7,,,
鲁中参考点,ecmwf_ifs025,2025-03-10,4,2025-03-14,11.6,0.8,2.8,-1.9,,37.1,8.5,,21.0,,,
鲁中参考点,ecmwf_ifs025,2025-03-09,5,2025-03-14,11.8,2.6,3.0,1.2,,45.8,5.4,,24.5,,,
鲁中参考点,ecmwf_ifs025,2025-03-08,6,2025-03-14,12.5,0.9,3.4,-1.3,,44.5,6.8,,17.7,,,
鲁中参考点,ecmwf_ifs025,2025-03-07,7,2025-03-14,11.9,5.8,4.1,4.4,,31.3,6.7,,24.8,,,
鲁中参考点,jma_seamless,2025-03-13,1,2025-03-14,17.2,5.6,8.6,3.4,,25.4,9.9,,,,,0.0
鲁中参考点,jma_seamless,2025-03-12,2,2025-03-14,17.2,5.0,7.9,2.8,,27.1,9.3,,,,,0.0
鲁中参考点,jma_seamless,2025-03-11,3,2025-03-14,17.4,4.1,7.4,1.8,,26.1,9.0,,,,,0.0
鲁中参考点,jma_seamless,2025-03-10,4,2025-03-14,17.2,5.0,7.4,3.2,,23.8,7.7,,,,,0.0
鲁中参考点,jma_seamless,2025-03-09,5,2025-03-14,17.4,5.2,7.9,3.9,,38.1,6.3,,,,,0.0
鲁中参考点,jma_seamless,2025-03-08,6,2025-03-14,16.6,3.2,6.7,1.3,,29.1,7.1,,,,,0.0
鲁中参考点,jma_seamless,2025-03-07,7,2025-03-14,11.2,3.7,3.4,2.5,,33.3,5.3,,,,,0.0
鲁中参考点,ecmwf_ifs025,2025-03-14,1,2025-03-15,7.4,-0.2,0.6,-3.1,,67.3,8.3,,48.1,,,
鲁中参考点,ecmwf_ifs025,2025-03-13,2,2025-03-15,8.5,-0.5,0.5,-3.9,,57.4,9.8,,23.5,,,
鲁中参考点,ecmwf_ifs025,2025-03-12,3,2025-03-15,9.7,1.6,1.2,-1.3,,43.7,9.5,,70.2,,,
鲁中参考点,ecmwf_ifs025,2025-03-11,4,2025-03-15,7.8,1.6,1.0,-1.3,,40.7,9.4,,90.8,,,
鲁中参考点,ecmwf_ifs025,2025-03-10,5,2025-03-15,8.0,1.3,1.0,-1.4,,58.1,8.6,,78.3,,,
鲁中参考点,ecmwf_ifs025,2025-03-09,6,2025-03-15,5.9,-0.3,-1.4,-4.0,,74.0,11.5,,82.7,,,
鲁中参考点,ecmwf_ifs025,2025-03-08,7,2025-03-15,13.3,3.2,3.7,1.0,,53.4,8.0,,70.8,,,
鲁中参考点,jma_seamless,2025-03-14,1,2025-03-15,15.1,8.2,9.6,6.8,,45.0,8.2,,,,,0.0
鲁中参考点,jma_seamless,2025-03-13,2,2025-03-15,15.7,8.8,10.3,7.8,,35.5,7.1,,,,,0.0
鲁中参考点,jma_seamless,2025-03-12,3,2025-03-15,15.2,9.2,11.1,8.0,,39.2,8.2,,,,,0.0
鲁中参考点,jma_seamless,2025-03-11,4,2025-03-15,11.5,7.7,8.2,6.2,,46.9,8.3,,,,,0.0
鲁中参考点,jma_seamless,2025-03-10,5,2025-03-15,12.4,6.9,8.3,6.1,,66.7,5.5,,,,,0.0
鲁中参考点,jma_seamless,2025-03-09,6,2025-03-15,14.9,8.8,10.2,8.1,,61.0,5.9,,,,,0.0
鲁中参考点,jma_seamless,2025-03-08,7,2025-03-15,10.7,7.7,7.5,6.3,,57.0,7.9,,,,,0.0
鲁中参考点,ecmwf_ifs025,2025-03-15,1,2025-03-16,5.3,-2.5,-4.4,-7.1,,45.4,13.0,,91.3,,,
鲁中参考点,ecmwf_ifs025,2025-03-14,2,2025-03-16,5.4,-2.0,-4.4,-6.6,,48.3,13.7,,76.5,,,
鲁中参考点,ecmwf_ifs025,2025-03-13,3,2025-03-16,5.0,-1.2,-3.8,-5.8,,47.1,14.3,,98.7,,,
鲁中参考点,ecmwf_ifs025,2025-03-12,4,2025-03-16,5.4,-2.2,-3.4,-6.4,,45.7,11.9,,100.0,,,
鲁中参考点,ecmwf_ifs025,2025-03-11,5,2025-03-16,6.7,-1.8,-3.1,-6.1,,52.0,12.7,,94.5,,,
鲁中参考点,ecmwf_ifs025,2025-03-10,6,2025-03-16,2.3,-2.3,-3.7,-5.8,,77.6,9.0,,88.7,,,
鲁中参考点,ecmwf_ifs025,2025-03-09,7,2025-03-16,5.8,-2.6,-2.8,-7.3,,62.1,13.4,,84.2,,,
鲁中参考点,jma_seamless,2025-03-15,1,2025-03-16,9.0,-2.4,-2.7,-6.2,,41.7,10.0,,,,,0.0
鲁中参考点,jma_seamless,2025-03-14,2,2025-03-16,9.4,-2.0,-2.0,-5.7,,44.5,10.0,,,,,0.0
鲁中参考点,jma_seamless,2025-03-13,3,2025-03-16,11.2,-2.1,-1.5,-6.4,,45.9,12.1,,,,,0.3
鲁中参考点,jma_seamless,2025-03-12,4,2025-03-16,10.6,-1.2,2.1,-5.0,,37.3,10.9,,,,,0.2
鲁中参考点,jma_seamless,2025-03-11,5,2025-03-16,6.6,-1.5,-1.8,-5.3,,63.0,10.7,,,,,1.8
鲁中参考点,jma_seamless,2025-03-10,6,2025-03-16,9.0,-3.1,-2.4,-7.7,,60.9,12.7,,,,,3.3
鲁中参考点,jma_seamless,2025-03-09,7,2025-03-16,8.3,0.5,2.7,-3.3,,33.7,12.4,,,,,0.4
鲁中参考点,ecmwf_ifs025,2025-03-16,1,2025-03-17,9.2,-2.4,-2.8,-7.7,,28.8,16.6,,65.7,,,
鲁中参考点,ecmwf_ifs025,2025-03-15,2,2025-03-17,9.5,-2.3,-2.5,-7.3,,29.8,15.4,,79.9,,,
鲁中参考点,ecmwf_ifs025,2025-03-14,3,2025-03-17,9.9,-2.4,-2.7,-7.6,,29.6,16.3,,95.8,,,
鲁中参考点,ecmwf_ifs025,2025-03-13,4,2025-03-17,10.4,-2.4,-3.2,-8.2,,35.4,19.6,,85.9,,,
鲁中参考点,ecmwf_ifs025,2025-03-12,5,2025-03-17,9.2,-1.9,-3.9,-8.0,,39.6,22.1,,79.8,,,
鲁中参考点,ecmwf_ifs025,2025-03-11,6,2025-03-17,10.9,-1.5,-1.9,-6.8,,43.6,17.7,,58.2,,,
鲁中参考点,ecmwf_ifs025,2025-03-10,7,2025-03-17,4.5,-3.3,-3.1,-5.7,,52.5,5.7,,63.0,,,
鲁中参考点,jma_seamless,2025-03-16,1,2025-03-17,1.6,-3.7,-6.7,-8.2,,18.4,11.8,,,,,0.0
鲁中参考点,jma_seamless,2025-03-15,2,2025-03-17,1.1,-2.9,-6.7,-6.9,,20.0,10.5,,,,,0.0
鲁中参考点,jma_seamless,2025-03-14,3,2025-03-17,0.5,-3.7,-7.5,-8.1,,18.8,11.2,,,,,0.0
鲁中参考点,jma_seamless,2025-03-13,4,2025-03-17,-0.0,-3.4,-7.1,-8.0,,20.1,12.3,,,,,0.0
鲁中参考点,jma_seamless,2025-03-12,5,2025-03-17,0.7,-2.9,-6.7,-7.1,,32.6,11.3,,,,,0.0
鲁中参考点,jma_seamless,2025-03-11,6,2025-03-17,2.8,-3.2,-6.3,-6.8,,22.9,8.8,,,,,0.0
鲁中参考点,jma_seamless,2025-03-10,7,2025-03-17,2.6,-4.1,-5.8,-8.1,,18.4,9.7,,,,,0.0
鲁中参考点,ecmwf_ifs025,2025-03-17,1,2025-03-18,6.6,-2.8,-3.4,-7.1,,35.5,11.7,,73.5,,,
鲁中参考点,ecmwf_ifs025,2025-03-16,2,2025-03-18,6.3,-2.5,-3.3,-6.7,,36.5,11.5,,76.0,,,
鲁中参考点,ecmwf_ifs025,2025-03-15,3,2025-03-18,6.9,-2.7,-3.0,-7.1,,33.2,12.1,,77.0,,,
鲁中参考点,ecmwf_ifs025,2025-03-14,4,2025-03-18,6.6,-2.8,-4.1,-7.8,,31.5,14.9,,76.5,,,
鲁中参考点,ecmwf_ifs025,2025-03-13,5,2025-03-18,7.7,-3.2,-4.1,-8.3,,33.5,14.5,,12.7,,,
鲁中参考点,ecmwf_ifs025,2025-03-12,6,2025-03-18,5.3,-3.0,-4.8,-8.7,,34.8,18.0,,25.4,,,
鲁中参考点,ecmwf_ifs025,2025-03-11,7,2025-03-18,5.9,-1.8,-4.1,-6.8,,48.6,16.0,,46.4,,,
鲁中参考点,jma_seamless,2025-03-17,1,2025-03-18,1.5,-2.8,-4.4,-6.1,,25.0,8.1,,,,,0.0
鲁中参考点,jma_seamless,2025-03-16,2,2025-03-18,3.6,-2.3,-3.6,-5.2,,26.2,7.3,,,,,0.0
鲁中参考点,jma_seamless,2025-03-15,3,2025-03-18,2.2,-3.1,-4.2,-5.8,,27.5,6.4,,,,,0.0
鲁中参考点,jma_seamless,2025-03-14,4,2025-03-18,1.6,-4.6,-6.2,-7.3,,25.7,5.9,,,,,0.0
鲁中参考点,jma_seamless,2025-03-13,5,2025-03-18,2.2,-3.3,-4.5,-6.1,,24.5,6.7,,,,,0.0
鲁中参考点,jma_seamless,2025-03-12,6,2025-03-18,3.5,-3.3,-4.8,-6.9,,22.0,8.7,,,,,0.0
鲁中参考点,jma_seamless,2025-03-11,7,2025-03-18,4.8,-5.3,-4.7,-9.8,,28.8,10.5,,,,,0.0
鲁中参考点,ecmwf_ifs025,2025-03-18,1,2025-03-19,14.5,0.3,2.7,-3.7,,37.0,13.1,,14.3,,,
鲁中参考点,ecmwf_ifs025,2025-03-17,2,2025-03-19,14.7,0.7,2.5,-3.1,,38.9,12.5,,27.2,,,
鲁中参考点,ecmwf_ifs025,2025-03-16,3,2025-03-19,14.5,0.9,2.4,-2.9,,39.8,13.1,,28.7,,,
鲁中参考点,ecmwf_ifs025,2025-03-15,4,2025-03-19,14.9,0.6,2.7,-3.7,,40.8,14.9,,46.3,,,
鲁中参考点,ecmwf_ifs025,2025-03-14,5,2025-03-19,14.6,-0.3,2.0,-4.8,,39.3,15.2,,32.3,,,
鲁中参考点,ecmwf_ifs025,2025-03-13,6,2025-03-19,15.9,-4.3,2.2,-8.1,,44.7,8.9,,28.7,,,
鲁中参考点,ecmwf_ifs025,2025-03-12,7,2025-03-19,11.8,-2.2,0.4,-6.3,,35.3,11.2,,7.1,,,
鲁中参考点,jma_seamless,2025-03-18,1,2025-03-19,5.9,-4.5,-2.9,-8.8,,23.3,10.3,,,,,0.0
鲁中参考点,jma_seamless,2025-03-17,2,2025-03-19,5.5,-4.8,-4.3,-8.6,,25.5,8.5,,,,,0.0
鲁中参考点,jma_seamless,2025-03-16,3,2025-03-19,5.4,-3.4,-3.6,-7.0,,26.0,8.9,,,,,0.0
鲁中参考点,jma_seamless,2025-03-15,4,2025-03-19,5.6,-5.7,-4.0,-10.0,,25.8,9.6,,,,,0.0
鲁中参考点,jma_seamless,2025-03-14,5,2025-03-19,4.9,-6.5,-6.0,-10.6,,29.2,8.6,,,,,0.0
鲁中参考点,jma_seamless,2025-03-13,6,2025-03-19,5.0,-5.4,-4.6,-9.3,,24.1,8.6,,,,,0.0
鲁中参考点,jma_seamless,2025-03-12,7,2025-03-19,6.4,-5.9,-4.6,-10.2,,25.4,9.5,,,,,0.0
鲁中参考点,ecmwf_ifs025,2025-03-19,1,2025-03-20,18.6,5.6,7.1,3.0,,33.4,11.7,,8.2,,,
鲁中参考点,ecmwf_ifs025,2025-03-18,2,2025-03-20,18.4,5.1,6.8,2.4,,34.9,11.7,,6.8,,,
鲁中参考点,ecmwf_ifs025,2025-03-17,3,2025-03-20,18.8,5.1,6.9,2.3,,35.7,12.4,,17.3,,,
鲁中参考点,ecmwf_ifs025,2025-03-16,4,2025-03-20,19.2,5.3,7.2,2.3,,35.6,13.6,,43.9,,,
鲁中参考点,ecmwf_ifs025,2025-03-15,5,2025-03-20,19.2,4.5,7.3,1.2,,40.7,14.7,,34.6,,,
鲁中参考点,ecmwf_ifs025,2025-03-14,6,2025-03-20,19.1,5.6,7.0,2.8,,38.8,12.8,,33.1,,,
鲁中参考点,ecmwf_ifs025,2025-03-13,7,2025-03-20,18.2,4.3,6.2,0.8,,48.4,15.6,,33.5,,,
鲁中参考点,jma_seamless,2025-03-19,1,2025-03-20,8.1,-0.8,-1.1,-4.5,,20.1,11.0,,,,,0.0
鲁中参考点,jma_seamless,2025-03-18,2,2025-03-20,7.8,-1.9,-1.4,-5.5,,20.4,9.8,,,,,0.0
鲁中参考点,jma_seamless,2025-03-17,3,2025-03-20,7.4,-2.2,-2.1,-5.9,,24.0,9.7,,,,,0.0
鲁中参考点,jma_seamless,2025-03-16,4,2025-03-20,7.4,-1.8,-2.0,-5.7,,22.9,11.0,,,,,0.0
鲁中参考点,jma_seamless,2025-03-15,5,2025-03-20,4.8,-3.5,-3.6,-6.9,,24.9,8.2,,,,,0.0
鲁中参考点,jma_seamless,2025-03-14,6,2025-03-20,6.0,-4.3,-4.0,-7.3,,27.9,6.8,,,,,0.0
鲁中参考点,jma_seamless,2025-03-13,7,2025-03-20,5.5,-5.3,-4.5,,,33.2,4.7,,,,,0.0
鲁中参考点,ecmwf_ifs025,2025-03-20,1,2025-03-21,22.1,6.9,9.7,5.2,,24.8,8.8,,49.8,,,
鲁中参考点,ecmwf_ifs025,2025-03-19,2,2025-03-21,21.9,6.4,9.3,4.6,,27.3,8.9,,57.2,,,
鲁中参考点,ecmwf_ifs025,2025-03-18,3,2025-03-21,21.4,4.4,8.7,1.9,,28.1,10.3,,54.4,,,
鲁中参考点,ecmwf_ifs025,2025-03-17,4,2025-03-21,20.9,4.6,8.6,2.0,,31.5,10.9,,55.4,,,
鲁中参考点,ecmwf_ifs025,2025-03-16,5,2025-03-21,20.5,6.1,8.9,3.6,,30.8,11.8,,62.5,,,
鲁中参考点,ecmwf_ifs025,2025-03-15,6,2025-03-21,19.2,8.1,8.7,6.1,,35.5,11.4,,63.6,,,
鲁中参考点,ecmwf_ifs025,2025-03-14,7,2025-03-21,19.4,6.5,8.1,4.8,,41.7,8.3,,63.0,,,
鲁中参考点,jma_seamless,2025-03-20,1,2025-03-21,8.8,-1.5,-0.4,-4.9,,13.6,9.2,,,,,0.0
鲁中参考点,jma_seamless,2025-03-19,2,2025-03-21,8.7,-1.7,-0.8,-5.1,,14.9,9.0,,,,,0.0
鲁中参考点,jma_seamless,2025-03-18,3,2025-03-21,9.4,-2.5,-0.7,-6.4,,13.7,10.3,,,,,0.0
鲁中参考点,jma_seamless,2025-03-17,4,2025-03-21,8.2,-2.3,-1.4,-5.7,,19.0,8.8,,,,,0.0
鲁中参考点,jma_seamless,2025-03-16,5,2025-03-21,7.1,-3.5,-2.6,-7.1,,27.5,8.7,,,,,0.0
鲁中参考点,jma_seamless,2025-03-15,6,2025-03-21,5.4,-5.9,-5.1,-9.0,,27.6,6.4,,,,,0.0
鲁中参考点,jma_seamless,2025-03-14,7,2025-03-21,7.7,-7.3,-5.1,-10.2,,33.9,5.5,,,,,0.0
鲁中参考点,ecmwf_ifs025,2025-03-21,1,2025-03-22,22.9,8.8,11.5,6.9,,30.0,12.0,,42.3,,,
鲁中参考点,ecmwf_ifs025,2025-03-20,2,2025-03-22,23.2,8.8,11.4,6.8,,30.9,12.3,,32.2,,,
鲁中参考点,ecmwf_ifs025,2025-03-19,3,2025-03-22,22.9,8.1,10.9,6.0,,30.5,12.0,,24.4,,,
鲁中参考点,ecmwf_ifs025,2025-03-18,4,2025-03-22,22.3,6.9,10.5,4.5,,32.8,12.2,,21.0,,,
鲁中参考点,ecmwf_ifs025,2025-03-17,5,2025-03-22,23.0,7.6,10.8,5.5,,30.2,11.2,,14.2,,,
鲁中参考点,ecmwf_ifs025,2025-03-16,6,2025-03-22,24.1,10.1,12.0,,,35.9,10.8,,18.1,,,
鲁中参考点,ecmwf_ifs025,2025-03-15,7,2025-03-22,23.1,8.4,10.7,6.4,,35.1,11.9,,39.2,,,
鲁中参考点,jma_seamless,2025-03-21,1,2025-03-22,12.1,3.7,3.3,0.9,,13.0,11.0,,,,,0.0
鲁中参考点,jma_seamless,2025-03-20,2,2025-03-22,12.5,3.8,3.1,1.1,,14.2,10.6,,,,,0.0
鲁中参考点,jma_seamless,2025-03-19,3,2025-03-22,12.2,3.5,2.7,0.6,,13.9,11.3,,,,,0.0
鲁中参考点,jma_seamless,2025-03-18,4,2025-03-22,11.9,3.2,2.4,0.5,,15.0,9.9,,,,,0.0
鲁中参考点,jma_seamless,2025-03-17,5,2025-03-22,10.9,2.6,1.6,-0.5,,24.0,11.1,,,,,0.0
鲁中参考点,jma_seamless,2025-03-16,6,2025-03-22,10.9,0.2,1.2,-3.0,,28.0,9.8,,,,,0.0
鲁中参考点,jma_seamless,2025-03-15,7,2025-03-22,9.0,-1.8,-0.5,-4.9,,31.6,8.1,,,,,0.0
鲁中参考点,ecmwf_ifs025,2025-03-22,1,2025-03-23,21.3,8.7,10.5,6.5,,32.0,13.9,,,,,
鲁中参考点,ecmwf_ifs025,2025-03-21,2,2025-03-23,20.2,9.6,10.2,7.5,,32.1,14.3,,,,,
鲁中参考点,ecmwf_ifs025,2025-03-20,3,2025-03-23,20.4,9.9,10.4,8.0,,34.5,13.3,,,,,
鲁中参考点,ecmwf_ifs025,2025-03-19,4,2025-03-23,21.8,7.0,10.0,4.6,,33.7,12.5,,,,,
鲁中参考点,ecmwf_ifs025,2025-03-18,5,2025-03-23,21.0,7.8,10.1,5.4,,31.9,13.4,,,,,
鲁中参考点,ecmwf_ifs025,2025-03-17,6,2025-03-23,21.5,11.4,11.7,,,34.2,15.3,,,,,
鲁中参考点,ecmwf_ifs025,2025-03-16,7,2025-03-23,24.0,10.8,13.0,,,39.2,14.1,,,,,
鲁中参考点,jma_seamless,2025-03-22,1,2025-03-23,13.8,4.3,4.5,1.5,,12.4,11.6,,,,,0.0
鲁中参考点,jma_seamless,2025-03-21,2,2025-03-23,14.0,3.9,4.8,0.8,,13.7,12.6,,,,,0.0
鲁中参考点,jma_seamless,2025-03-20,3,2025-03-23,13.7,4.7,4.0,2.1,,15.4,10.8,,,,,0.0
鲁中参考点,jma_seamless,2025-03-19,4,2025-03-23,13.3,4.1,3.8,1.8,,15.8,9.2,,,,,0.0
鲁中参考点,jma_seamless,2025-03-18,5,2025-03-23,12.9,4.1,3.7,1.8,,19.2,8.9,,,,,0.0
鲁中参考点,jma_seamless,2025-03-17,6,2025-03-23,12.0,4.7,3.3,2.8,,27.5,7.8,,,,,0.0
鲁中参考点,jma_seamless,2025-03-16,7,2025-03-23,13.9,0.0,3.4,-3.0,,24.3,9.0,,,,,0.0
鲁中参考点,ecmwf_ifs025,2025-03-23,1,2025-03-24,17.2,7.7,8.5,5.3,,34.2,13.6,,,,,
鲁中参考点,ecmwf_ifs025,2025-03-22,2,2025-03-24,18.0,7.3,8.4,4.6,,36.6,15.1,,,,,
鲁中参考点,ecmwf_ifs025,2025-03-21,3,2025-03-24,18.8,6.5,8.1,3.7,,38.8,14.3,,,,,
鲁中参考点,ecmwf_ifs025,2025-03-20,4,2025-03-24,21.8,6.1,9.6,3.6,,35.4,12.0,,,,,
鲁中参考点,ecmwf_ifs025,2025-03-19,5,2025-03-24,23.6,9.4,12.2,7.3,,33.1,13.8,,,,,
鲁中参考点,ecmwf_ifs025,2025-03-18,6,2025-03-24,23.9,4.2,9.6,0.2,,38.7,18.7,,,,,
鲁中参考点,ecmwf_ifs025,2025-03-17,7,2025-03-24,23.6,12.5,12.8,,,36.3,20.2,,,,,
鲁中参考点,jma_seamless,2025-03-23,1,2025-03-24,14.6,4.9,5.3,1.8,,21.8,14.0,,,,,0.0
鲁中参考点,jma_seamless,2025-03-22,2,2025-03-24,14.3,5.1,5.3,2.2,,24.1,13.2,,,,,0.0
鲁中参考点,jma_seamless,2025-03-21,3,2025-03-24,11.8,5.3,4.6,2.6,,20.8,12.3,,,,,0.0
鲁中参考点,jma_seamless,2025-03-20,4,2025-03-24,13.2,4.4,5.0,1.4,,21.4,12.5,,,,,0.0
鲁中参考点,jma_seamless,2025-03-19,5,2025-03-24,13.7,4.7,5.5,2.2,,17.5,10.6,,,,,0.0
鲁中参考点,jma_seamless,2025-03-18,6,2025-03-24,10.8,3.8,4.8,1.1,,15.8,10.4,,,,,0.0
鲁中参考点,jma_seamless,2025-03-17,7,2025-03-24,11.2,5.3,5.5,2.6,,22.8,11.9,,,,,0.0
鲁中参考点,ecmwf_ifs025,2025-03-24,1,2025-03-25,20.3,10.2,10.8,,,27.4,18.0,,,,,
鲁中参考点,ecmwf_ifs025,2025-03-23,2,2025-03-25,23.1,10.0,11.0,7.5,,27.8,18.4,,,,,
鲁中参考点,ecmwf_ifs025,2025-03-22,3,2025-03-25,23.3,9.3,11.5,6.8,,30.2,17.0,,,,,
鲁中参考点,ecmwf_ifs025,2025-03-21,4,2025-03-25,21.7,8.4,11.2,5.8,,33.2,16.3,,,,,
鲁中参考点,ecmwf_ifs025,2025-03-20,5,2025-03-25,22.9,10.7,12.7,,,36.0,16.8,,,,,
鲁中参考点,ecmwf_ifs025,2025-03-19,6,2025-03-25,25.4,6.3,11.5,2.7,,39.8,20.3,,,,,
鲁中参考点,ecmwf_ifs025,2025-03-18,7,2025-03-25,20.3,7.6,11.5,4.5,,51.1,19.0,,,,,
鲁中参考点,jma_seamless,2025-03-24,1,2025-03-25,8.3,7.2,4.5,4.3,,21.8,16.0,,,,,0.0
鲁中参考点,jma_seamless,2025-03-23,2,2025-03-25,8.2,7.5,4.9,4.7,,23.3,16.2,,,,,0.0
鲁中参考点,jma_seamless,2025-03-22,3,2025-03-25,6.5,6.1,3.5,3.5,,26.5,12.4,,,,,0.0
鲁中参考点,jma_seamless,2025-03-21,4,2025-03-25,6.4,5.2,3.2,2.3,,18.7,12.9,,,,,0.0
鲁中参考点,jma_seamless,2025-03-20,5,2025-03-25,6.8,6.2,3.9,3.5,,22.6,13.3,,,,,0.0
鲁中参考点,jma_seamless,2025-03-19,6,2025-03-25,6.8,6.1,4.4,4.1,,27.7,9.6,,,,,0.0
鲁中参考点,jma_seamless,2025-03-18,7,2025-03-25,7.2,6.4,4.8,4.2,,25.2,10.7,,,,,0.0
鲁中参考点,gfs_seamless,2025-03-25,1,2025-03-26,27.9,10.7,12.3,,27.2,33.3,21.6,67.3,81.0,,,
鲁中参考点,gfs_seamless,2025-03-24,2,2025-03-26,27.1,9.4,12.1,6.6,26.6,34.0,20.4,60.1,71.5,,,
鲁中参考点,gfs_seamless,2025-03-23,3,2025-03-26,23.0,9.3,11.9,7.1,,39.8,15.0,51.8,84.2,,,
鲁中参考点,gfs_seamless,2025-03-22,4,2025-03-26,26.8,10.4,14.9,,,44.0,17.6,57.6,50.7,,,
鲁中参考点,gfs_seamless,2025-03-21,5,2025-03-26,28.4,14.0,17.3,,28.7,47.8,24.0,67.0,40.0,,,
鲁中参考点,gfs_seamless,2025-03-20,6,2025-03-26,29.1,13.1,16.6,,28.6,38.3,24.8,56.5,30.9,,,
鲁中参考点,gfs_seamless,2025-03-19,7,2025-03-26,20.4,7.0,11.3,4.2,,44.9,15.1,63.0,78.2,,,
鲁中参考点,gfs_seamless,2025-03-26,1,2025-03-27,11.7,4.5,2.0,-0.5,,26.5,28.6,59.8,85.0,,,
鲁中参考点,gfs_seamless,2025-03-25,2,2025-03-27,12.5,4.7,1.8,-0.3,,23.7,29.4,56.2,89.8,,,
鲁中参考点,gfs_seamless,2025-03-24,3,2025-03-27,12.1,5.9,2.3,1.4,,22.3,28.1,59.0,90.0,,,
鲁中参考点,gfs_seamless,2025-03-23,4,2025-03-27,13.9,6.4,2.2,2.1,,22.5,27.9,59.0,97.7,,,
鲁中参考点,gfs_seamless,2025-03-22,5,2025-03-27,13.5,8.5,3.5,4.7,,26.0,28.8,54.0,86.4,,,
鲁中参考点,gfs_seamless,2025-03-21,6,2025-03-27,14.0,3.4,1.4,-2.7,,20.4,38.6,59.0,68.9,,,
鲁中参考点,gfs_seamless,2025-03-20,7,2025-03-27,14.6,4.0,1.8,-1.6,,22.8,33.5,59.8,75.0,,,
鲁中参考点,gfs_seamless,2025-03-27,1,2025-03-28,9.8,1.5,-0.3,-2.3,,38.4,13.6,37.4,49.7,,,
鲁中参考点,gfs_seamless,2025-03-26,2,2025-03-28,8.0,2.4,0.4,-1.1,,38.2,13.2,42.1,72.0,,,
鲁中参考点,gfs_seamless,2025-03-25,3,2025-03-28,8.4,1.9,0.6,-1.9,,37.4,13.9,43.2,75.3,,,
鲁中参考点,gfs_seamless,2025-03-24,4,2025-03-28,7.5,0.4,-1.6,-4.7,,29.0,19.5,42.5,61.5,,,
鲁中参考点,gfs_seamless,2025-03-23,5,2025-03-28,7.8,0.7,-2.6,-4.9,,22.8,23.7,61.9,50.8,,,
鲁中参考点,gfs_seamless,2025-03-22,6,2025-03-28,5.6,0.4,-4.6,-5.6,,14.8,26.8,62.3,48.7,,,
鲁中参考点,gfs_seamless,2025-03-21,7,2025-03-28,7.5,0.5,-3.1,-5.5,,15.1,26.9,63.7,50.1,,,
鲁中参考点,gfs_seamless,2025-03-28,1,2025-03-29,7.4,-0.9,-1.4,-4.7,,25.1,11.4,37.8,17.0,,,
鲁中参考点,gfs_seamless,2025-03-27,2,2025-03-29,8.9,-0.7,-0.4,-4.7,,22.6,12.4,29.9,27.5,,,
鲁中参考点,gfs_seamless,2025-03-26,3,2025-03-29,8.4,-1.0,-1.0,-5.1,,18.6,12.6,33.1,20.8,,,
鲁中参考点,gfs_seamless,2025-03-25,4,2025-03-29,7.8,-1.7,-1.5,-6.1,,19.0,13.2,35.3,24.7,,,
鲁中参考点,gfs_seamless,2025-03-24,5,2025-03-29,9.3,-0.2,-1.1,-3.9,,16.0,11.3,38.5,8.0,,,
鲁中参考点,gfs_seamless,2025-03-23,6,2025-03-29,12.0,-1.0,0.7,-4.7,,17.5,10.7,38.9,2.6,,,
鲁中参考点,gfs_seamless,2025-03-22,7,2025-03-29,8.8,0.8,-0.5,-2.8,,19.5,12.0,38.9,6.6,,,
鲁中参考点,gfs_seamless,2025-03-29,1,2025-03-30,12.2,0.9,2.5,-2.2,,23.2,9.7,19.8,42.8,,,
鲁中参考点,gfs_seamless,2025-03-28,2,2025-03-30,12.7,1.6,2.7,-1.6,,22.7,10.9,40.0,40.0,,,
鲁中参考点,gfs_seamless,2025-03-27,3,2025-03-30,13.2,2.0,3.5,-0.9,,21.4,9.8,35.6,55.4,,,
鲁中参考点,gfs_seamless,2025-03-26,4,2025-03-30,13.9,2.1,3.3,-1.5,,23.5,13.0,35.3,51.9,,,
鲁中参考点,gfs_seamless,2025-03-25,5,2025-03-30,12.9,0.9,2.1,-3.4,,26.4,15.3,41.0,59.7,,,
鲁中参考点,gfs_seamless,2025-03-24,6,2025-03-30,13.0,4.2,3.0,0.4,,27.8,17.2,53.3,65.7,,,
鲁中参考点,gfs_seamless,2025-03-23,7,2025-03-30,15.6,3.4,3.9,-0.8,,28.7,19.1,55.1,58.7,,,
鲁中参考点,gfs_seamless,2025-03-30,1,2025-03-31,15.1,3.4,4.4,-0.8,,35.0,18.5,53.3,59.8,,,
鲁中参考点,gfs_seamless,2025-03-29,2,2025-03-31,15.3,4.4,4.6,0.3,,39.1,19.9,53.6,42.8,,,
鲁中参考点,gfs_seamless,2025-03-28,3,2025-03-31,15.6,4.1,4.1,-0.2,,35.4,21.0,55.1,40.2,,,
鲁中参考点,gfs_seamless,2025-03-27,4,2025-03-31,15.9,5.5,5.0,1.5,,36.5,21.4,53.6,51.5,,,
鲁中参考点,gfs_seamless,2025-03-26,5,2025-03-31,16.0,5.1,5.2,1.2,,43.7,20.2,52.2,43.3,,,
鲁中参考点,gfs_seamless,2025-03-25,6,2025-03-31,16.1,5.5,5.4,1.7,,43.5,20.4,58.0,32.0,,,
鲁中参考点,gfs_seamless,2025-03-24,7,2025-03-31,16.0,5.9,5.8,2.3,,41.8,18.8,56.9,30.9,,,
鲁中参考点,gfs_seamless,2025-03-31,1,2025-04-01,19.0,6.6,7.2,3.1,,29.0,19.7,64.4,8.8,,,
鲁中参考点,gfs_seamless,2025-03-30,2,2025-04-01,19.0,5.8,7.0,2.1,,30.9,19.8,59.8,23.3,,,
鲁中参考点,gfs_seamless,2025-03-29,3,2025-04-01,19.1,6.2,7.3,2.7,,30.3,19.3,64.1,10.0,,,
鲁中参考点,gfs_seamless,2025-03-28,4,2025-04-01,18.4,6.2,7.7,3.1,,29.8,15.7,60.5,0.0,,,
鲁中参考点,gfs_seamless,2025-03-27,5,2025-04-01,18.6,6.8,7.5,3.7,,34.2,16.9,61.6,2.3,,,
鲁中参考点,gfs_seamless,2025-03-26,6,2025-04-01,18.3,5.9,7.9,3.1,,37.8,13.2,51.5,2.3,,,
鲁中参考点,gfs_seamless,2025-03-25,7,2025-04-01,16.7,7.2,7.1,4.2,,42.9,17.0,54.4,34.2,,,
鲁中参考点,gfs_seamless,2025-04-01,1,2025-04-02,14.8,6.9,5.4,3.8,,30.5,17.0,44.3,21.4,,,
鲁中参考点,gfs_seamless,2025-03-31,2,2025-04-02,15.4,6.4,6.1,3.6,,28.4,13.9,31.7,12.8,,,
鲁中参考点,gfs_seamless,2025-03-30,3,2025-04-02,15.8,6.3,6.9,4.0,,25.2,11.1,19.1,15.0,,,
鲁中参考点,gfs_seamless,2025-03-29,4,2025-04-02,16.2,6.0,6.8,3.4,,26.2,12.5,35.6,13.2,,,
鲁中参考点,gfs_seamless,2025-03-28,5,2025-04-02,18.2,8.4,8.5,7.1,,20.8,8.2,19.1,22.1,,,
鲁中参考点,gfs_seamless,2025-03-27,6,2025-04-02,21.2,8.1,9.4,6.0,,22.1,11.9,35.6,20.8,,,
鲁中参考点,gfs_seamless,2025-03-26,7,2025-04-02,20.5,8.0,10.3,6.0,,32.0,11.1,37.1,47.0,,,
鲁中参考点,gfs_seamless,2025-04-02,1,2025-04-03,18.0,5.6,7.4,2.6,,29.9,14.5,56.2,48.2,,,
鲁中参考点,gfs_seamless,2025-04-01,2,2025-04-03,18.3,5.7,7.8,2.8,,30.0,14.0,54.4,53.6,,,
鲁中参考点,gfs_seamless,2025-03-31,3,2025-04-03,18.4,5.9,7.8,2.9,,31.0,14.9,54.0,46.3,,,
鲁中参考点,gfs_seamless,2025-03-30,4,2025-04-03,19.0,6.8,8.4,4.1,,28.0,14.1,46.1,66.0,,,
鲁中参考点,gfs_seamless,2025-03-29,5,2025-04-03,19.1,6.9,8.5,4.6,,27.9,11.5,38.2,66.2,,,
鲁中参考点,gfs_seamless,2025-03-28,6,2025-04-03,20.2,10.5,10.4,,,31.0,13.0,37.8,87.0,,,
鲁中参考点,gfs_seamless,2025-03-27,7,2025-04-03,19.2,9.4,9.3,7.4,,34.0,13.5,43.6,91.6,,,
鲁中参考点,gfs_seamless,2025-04-03,1,2025-04-04,19.2,8.0,9.2,5.0,,50.5,18.8,63.4,67.4,,,
鲁中参考点,gfs_seamless,2025-04-02,2,2025-04-04,21.1,8.0,9.5,4.6,,33.2,22.4,63.7,52.8,,,
鲁中参考点,gfs_seamless,2025-04-01,3,2025-04-04,20.5,7.3,9.6,4.1,,37.5,18.9,65.5,59.1,,,
鲁中参考点,gfs_seamless,2025-03-31,4,2025-04-04,18.9,8.7,8.2,5.8,,31.9,19.3,65.5,79.2,,,
鲁中参考点,gfs_seamless,2025-03-30,5,2025-04-04,19.9,8.6,9.8,6.0,,55.7,16.1,58.3,80.0,,,
鲁中参考点,gfs_seamless,2025-03-29,6,2025-04-04,17.8,7.5,8.6,4.7,,48.8,15.9,49.3,95.5,,,
鲁中参考点,gfs_seamless,2025-03-28,7,2025-04-04,20.2,8.7,10.0,6.0,,50.0,17.3,60.1,91.2,,,
鲁中参考点,gfs_seamless,2025-04-04,1,2025-04-05,16.5,6.6,6.2,3.2,,24.2,18.6,50.4,4.8,,,
鲁中参考点,gfs_seamless,2025-04-03,2,2025-04-05,17.0,6.7,6.2,3.3,,14.3,19.0,49.3,1.0,,,
鲁中参考点,gfs_seamless,2025-04-02,3,2025-04-05,18.2,7.6,8.1,5.3,,12.3,12.5,39.6,14.6,,,
鲁中参考点,gfs_seamless,2025-04-01,4,2025-04-05,19.3,7.2,8.5,4.9,,13.1,12.4,40.7,6.0,,,
鲁中参考点,gfs_seamless,2025-03-31,5,2025-04-05,18.8,9.1,8.9,6.8,,25.2,14.7,40.7,10.8,,,
鲁中参考点,gfs_seamless,2025-03-30,6,2025-04-05,17.7,9.7,8.6,7.4,,29.9,16.0,36.7,12.3,,,
鲁中参考点,gfs_seamless,2025-03-29,7,2025-04-05,18.2,8.5,9.7,6.2,,54.6,13.9,33.8,36.2,,,
鲁中参考点,gfs_seamless,2025-04-05,1,2025-04-06,22.5,7.6,10.8,5.0,,25.5,14.6,53.6,0.0,,,
鲁中参考点,gfs_seamless,2025-04-04,2,2025-04-06,22.4,7.4,10.9,5.1,,21.6,12.2,47.9,0.3,,,
鲁中参考点,gfs_seamless,2025-04-03,3,2025-04-06,22.9,8.8,11.9,7.0,,21.2,11.4,32.0,0.0,,,
鲁中参考点,gfs_seamless,2025-04-02,4,2025-04-06,24.5,9.5,12.3,7.5,,22.5,13.5,68.4,0.4,,,
鲁中参考点,gfs_seamless,2025-04-01,5,2025-04-06,25.1,10.3,13.0,,,22.0,10.9,30.2,13.7,,,
鲁中参考点,gfs_seamless,2025-03-31,6,2025-04-06,25.7,9.6,12.1,6.9,,23.8,19.3,65.9,19.0,,,
鲁中参考点,gfs_seamless,2025-03-30,7,2025-04-06,24.6,9.4,11.4,6.5,,30.7,21.3,56.2,8.2,,,
鲁中参考点,gfs_seamless,2025-04-06,1,2025-04-07,27.3,13.0,15.3,,26.9,35.5,16.4,57.6,25.9,,,
鲁中参考点,gfs_seamless,2025-04-05,2,2025-04-07,27.0,12.9,15.4,,26.5,31.7,16.4,54.7,5.5,,,
鲁中参考点,gfs_seamless,2025-04-04,3,2025-04-07,27.0,13.1,15.1,,26.5,32.9,17.8,63.0,33.8,,,
鲁中参考点,gfs_seamless,2025-04-03,4,2025-04-07,26.5,13.4,15.7,,,34.2,18.3,55.1,45.1,,,
鲁中参考点,gfs_seamless,2025-04-02,5,2025-04-07,27.0,13.2,15.9,,26.3,28.1,11.1,29.9,12.2,,,
鲁中参考点,gfs_seamless,2025-04-01,6,2025-04-07,27.6,13.9,17.1,,27.1,35.7,16.1,57.2,26.0,,,
鲁中参考点,gfs_seamless,2025-03-31,7,2025-04-07,27.3,14.2,17.3,,26.9,35.6,12.7,56.2,53.4,,,
鲁中参考点,gfs_seamless,2025-04-07,1,2025-04-08,22.4,11.6,12.5,,,23.4,11.3,28.4,68.9,,,
鲁中参考点,gfs_seamless,2025-04-06,2,2025-04-08,22.8,10.6,11.8,,,25.0,12.7,36.4,70.4,,,
鲁中参考点,gfs_seamless,2025-04-05,3,2025-04-08,23.7,11.7,13.1,,,26.2,13.6,32.8,75.7,,,
鲁中参考点,gfs_seamless,2025-04-04,4,2025-04-08,22.1,13.3,13.7,,,32.8,10.6,32.0,69.2,,,
鲁中参考点,gfs_seamless,2025-04-03,5,2025-04-08,26.8,12.4,17.2,,,40.8,13.6,48.6,64.7,,,
鲁中参考点,gfs_seamless,2025-04-02,6,2025-04-08,27.1,14.7,17.8,,26.9,39.5,13.2,51.8,52.2,,,
鲁中参考点,gfs_seamless,2025-04-01,7,2025-04-08,24.4,13.5,16.1,,,38.7,7.6,46.4,87.0,,,
鲁中参考点,ecmwf_ifs025,2025-04-08,1,2025-04-09,20.6,8.4,12.0,6.8,,57.3,9.7,,47.2,,,
鲁中参考点,ecmwf_ifs025,2025-04-07,2,2025-04-09,21.9,9.5,12.5,7.9,,54.0,10.8,,35.4,,,
鲁中参考点,ecmwf_ifs025,2025-04-06,3,2025-04-09,22.3,9.8,13.6,8.1,,53.4,12.1,,20.2,,,
鲁中参考点,ecmwf_ifs025,2025-04-05,4,2025-04-09,25.1,12.5,15.1,,,45.5,13.6,,24.6,,,
鲁中参考点,ecmwf_ifs025,2025-04-04,5,2025-04-09,17.1,9.9,11.1,8.5,,47.8,10.2,,30.2,,,
鲁中参考点,ecmwf_ifs025,2025-04-03,6,2025-04-09,19.0,8.6,12.3,6.8,,47.2,10.9,,33.7,,,
鲁中参考点,ecmwf_ifs025,2025-04-02,7,2025-04-09,22.5,11.5,14.1,,,65.5,17.7,,26.7,,,
鲁中参考点,gfs_seamless,2025-04-08,1,2025-04-09,22.9,10.1,13.0,,,,,47.2,46.0,,,0.0
鲁中参考点,gfs_seamless,2025-04-07,2,2025-04-09,23.0,10.0,12.6,,,,,37.1,38.9,,,0.0
鲁中参考点,gfs_seamless,2025-04-06,3,2025-04-09,25.1,10.8,13.2,,,,,43.9,57.0,,,0.0
鲁中参考点,gfs_seamless,2025-04-05,4,2025-04-09,23.8,11.7,13.4,,,,,58.7,77.9,,,0.0
鲁中参考点,gfs_seamless,2025-04-04,5,2025-04-09,23.8,12.9,14.9,,,,,52.2,72.9,,,0.0
鲁中参考点,gfs_seamless,2025-04-03,6,2025-04-09,25.6,13.8,16.3,,,,,43.6,58.0,,,0.0
鲁中参考点,gfs_seamless,2025-04-02,7,2025-04-09,23.0,14.2,15.5,,,,,47.2,91.4,,,0.0
鲁中参考点,jma_seamless,2025-04-08,1,2025-04-09,20.8,11.7,13.7,,,55.7,6.7,,,,,0.0
鲁中参考点,jma_seamless,2025-04-07,2,2025-04-09,20.4,12.6,14.5,,,65.3,8.9,,,,,0.0
鲁中参考点,jma_seamless,2025-04-06,3,2025-04-09,20.2,13.1,15.6,,,68.5,7.9,,,,,0.0
鲁中参考点,jma_seamless,2025-04-05,4,2025-04-09,22.3,12.7,16.1,,,58.8,9.2,,,,,0.0
鲁中参考点,jma_seamless,2025-04-04,5,2025-04-09,17.0,9.6,12.3,8.7,,58.6,7.4,,,,,0.0
鲁中参考点,jma_seamless,2025-04-03,6,2025-04-09,19.2,12.7,14.0,,,60.5,13.9,,,,,0.0
鲁中参考点,jma_seamless,2025-04-02,7,2025-04-09,16.2,8.2,10.7,6.4,,55.8,10.4,,,,,0.0
鲁中参考点,ecmwf_ifs025,2025-04-09,1,2025-04-10,22.4,6.6,12.7,4.9,,46.0,8.5,,20.5,,,
鲁中参考点,ecmwf_ifs025,2025-04-08,2,2025-04-10,22.4,5.8,12.7,,,51.8,4.6,,31.4,,,
鲁中参考点,ecmwf_ifs025,2025-04-07,3,2025-04-10,20.7,7.1,11.2,6.4,,49.4,5.2,,6.8,,,
鲁中参考点,ecmwf_ifs025,2025-04-06,4,2025-04-10,21.7,10.1,13.4,,,40.1,3.8,,20.9,,,
鲁中参考点,ecmwf_ifs025,2025-04-05,5,2025-04-10,24.4,9.6,14.6,8.8,,33.4,7.0,,15.7,,,
鲁中参考点,ecmwf_ifs025,2025-04-04,6,2025-04-10,26.0,7.7,14.3,6.2,,47.0,8.6,,28.7,,,
鲁中参考点,ecmwf_ifs025,2025-04-03,7,2025-04-10,26.5,11.1,16.2,,,51.5,7.8,,30.2,,,
鲁中参考点,gfs_seamless,2025-04-09,1,2025-04-10,22.7,10.4,13.3,,,,,41.0,30.0,,,0.0
鲁中参考点,gfs_seamless,2025-04-08,2,2025-04-10,23.2,8.6,13.4,,,,,31.0,3.2,,,0.0
鲁中参考点,gfs_seamless,2025-04-07,3,2025-04-10,22.1,7.5,12.0,,,,,34.6,10.6,,,0.0
鲁中参考点,gfs_seamless,2025-04-06,4,2025-04-10,21.6,11.4,13.3,,,,,16.6,22.1,,,0.0
鲁中参考点,gfs_seamless,2025-04-05,5,2025-04-10,24.4,12.8,15.6,,,,,27.7,3.0,,,0.0
鲁中参考点,gfs_seamless,2025-04-04,6,2025-04-10,22.7,12.0,14.4,,,,,27.0,25.8,,,0.0
鲁中参考点,gfs_seamless,2025-04-03,7,2025-04-10,19.9,9.7,13.1,,,,,22.0,37.7,,,0.0
鲁中参考点,jma_seamless,2025-04-09,1,2025-04-10,23.8,10.9,14.4,,,41.0,7.2,,,,,0.0
鲁中参考点,jma_seamless,2025-04-08,2,2025-04-10,23.6,10.7,14.5,,,46.2,4.5,,,,,0.0
鲁中参考点,jma_seamless,2025-04-07,3,2025-04-10,22.0,11.5,15.0,,,58.9,4.4,,,,,0.0
鲁中参考点,jma_seamless,2025-04-06,4,2025-04-10,23.1,10.4,13.5,,,41.0,3.9,,,,,0.0
鲁中参考点,jma_seamless,2025-04-05,5,2025-04-10,23.5,11.9,14.0,,,37.2,4.6,,,,,0.0
鲁中参考点,jma_seamless,2025-04-04,6,2025-04-10,25.5,11.2,15.0,,,38.9,7.6,,,,,0.0
鲁中参考点,jma_seamless,2025-04-03,7,2025-04-10,22.6,8.3,13.0,7.5,,36.1,5.9,,,,,0.0
鲁中参考点,ecmwf_ifs025,2025-04-10,1,2025-04-11,24.8,12.6,15.4,,,55.6,21.4,,11.0,,,
鲁中参考点,ecmwf_ifs025,2025-04-09,2,2025-04-11,24.6,11.9,15.5,,,50.8,20.6,,1.8,,,
鲁中参考点,ecmwf_ifs025,2025-04-08,3,2025-04-11,24.2,12.2,14.9,,,46.8,21.1,,8.5,,,
鲁中参考点,ecmwf_ifs025,2025-04-07,4,2025-04-11,24.0,11.3,14.0,,,41.7,21.9,,11.5,,,
鲁中参考点,ecmwf_ifs025,2025-04-06,5,2025-04-11,26.4,13.6,15.7,,,40.0,17.7,,7.0,,,
鲁中参考点,ecmwf_ifs025,2025-04-05,6,2025-04-11,22.2,10.4,12.3,,,29.9,7.7,,2.5,,,
鲁中参考点,ecmwf_ifs025,2025-04-04,7,2025-04-11,23.9,13.4,14.6,,,33.7,11.0,,8.2,,,
鲁中参考点,gfs_seamless,2025-04-10,1,2025-04-11,23.8,11.6,14.6,,,,,57.6,79.9,,,0.0
鲁中参考点,gfs_seamless,2025-04-09,2,2025-04-11,24.2,11.2,14.9,,,,,52.6,75.9,,,0.0
鲁中参考点,gfs_seamless,2025-04-08,3,2025-04-11,25.1,12.6,15.2,,,,,59.0,75.9,,,0.0
鲁中参考点,gfs_seamless,2025-04-07,4,2025-04-11,26.7,11.9,15.1,,,,,58.0,72.7,,,0.0
鲁中参考点,gfs_seamless,2025-04-06,5,2025-04-11,25.7,11.4,14.9,,,,,60.5,55.4,,,0.0
鲁中参考点,gfs_seamless,2025-04-05,6,2025-04-11,25.7,8.2,12.0,,,,,65.5,57.1,,,0.0
鲁中参考点,gfs_seamless,2025-04-04,7,2025-04-11,26.4,6.4,12.3,,,,,65.5,22.0,,,0.0
鲁中参考点,jma_seamless,2025-04-10,1,2025-04-11,24.9,14.4,17.5,,,63.3,17.3,,,,,0.0
鲁中参考点,jma_seamless,2025-04-09,2,2025-04-11,25.1,14.8,17.2,,,59.6,16.9,,,,,0.0
鲁中参考点,jma_seamless,2025-04-08,3,2025-04-11,25.1,16.5,17.6,,,48.0,16.9,,,,,0.0
鲁中参考点,jma_seamless,2025-04-07,4,2025-04-11,26.3,12.2,16.6,,,43.1,15.3,,,,,0.0
鲁中参考点,jma_seamless,2025-04-06,5,2025-04-11,26.3,11.7,15.7,,,31.8,15.7,,,,,0.0
鲁中参考点,jma_seamless,2025-04-05,6,2025-04-11,25.6,15.4,17.2,,,39.5,7.6,,,,,0.0
鲁中参考点,jma_seamless,2025-04-04,7,2025-04-11,19.4,10.5,10.6,,,32.5,7.8,,,,,0.0
鲁中参考点,ecmwf_ifs025,2025-04-11,1,2025-04-12,16.3,5.7,2.8,1.2,,24.5,27.8,,1.4,,,
鲁中参考点,ecmwf_ifs025,2025-04-10,2,2025-04-12,17.6,6.5,2.8,2.1,,20.2,28.3,,2.2,,,
鲁中参考点,ecmwf_ifs025,2025-04-09,3,2025-04-12,17.0,5.8,1.7,1.2,,17.0,28.8,,8.0,,,
鲁中参考点,ecmwf_ifs025,2025-04-08,4,2025-04-12,15.2,4.6,1.2,-0.6,,18.0,31.8,,7.8,,,
鲁中参考点,ecmwf_ifs025,2025-04-07,5,2025-04-12,15.9,6.0,4.0,1.7,,24.7,26.5,,13.2,,,
鲁中参考点,ecmwf_ifs025,2025-04-06,6,2025-04-12,12.6,5.6,2.5,1.6,,16.0,21.9,,7.2,,,
鲁中参考点,ecmwf_ifs025,2025-04-05,7,2025-04-12,26.3,9.7,13.6,8.9,,27.9,7.0,,10.6,,,
鲁中参考点,gfs_seamless,2025-04-11,1,2025-04-12,19.0,4.6,0.2,,,,,74.2,66.1,,,0.0
鲁中参考点,gfs_seamless,2025-04-10,2,2025-04-12,17.9,4.6,0.1,,,,,78.8,61.5,,,0.0
鲁中参考点,gfs_seamless,2025-04-09,3,2025-04-12,15.6,2.7,-1.0,,,,,76.3,76.4,,,0.0
鲁中参考点,gfs_seamless,2025-04-08,4,2025-04-12,18.5,6.2,4.2,,,,,77.8,68.9,,,0.0
鲁中参考点,gfs_seamless,2025-04-07,5,2025-04-12,15.9,5.0,0.4,,,,,74.9,66.5,,,0.0
鲁中参考点,gfs_seamless,2025-04-06,6,2025-04-12,11.7,2.3,-2.6,,,,,68.0,36.0,,,0.0
鲁中参考点,gfs_seamless,2025-04-05,7,2025-04-12,17.3,3.1,1.1,,,,,76.0,16.7,,,0.0
鲁中参考点,jma_seamless,2025-04-11,1,2025-04-12,19.0,7.0,5.9,3.6,,28.9,20.2,,,,,0.0
鲁中参考点,jma_seamless,2025-04-10,2,2025-04-12,19.4,7.7,5.6,4.4,,19.1,21.0,,,,,0.0
鲁中参考点,jma_seamless,2025-04-09,3,2025-04-12,20.1,7.7,5.5,4.3,,20.3,21.6,,,,,0.0
鲁中参考点,jma_seamless,2025-04-08,4,2025-04-12,20.2,6.1,4.7,2.5,,15.6,19.7,,,,,0.0
鲁中参考点,jma_seamless,2025-04-07,5,2025-04-12,15.5,5.6,3.2,2.0,,9.4,18.3,,,,,0.0
鲁中参考点,jma_seamless,2025-04-06,6,2025-04-12,18.2,6.8,6.5,3.8,,37.0,16.5,,,,,0.0
鲁中参考点,jma_seamless,2025-04-05,7,2025-04-12,17.3,9.0,9.9,7.2,,42.5,11.7,,,,,0.0
鲁中参考点,ecmwf_ifs025,2025-04-12,1,2025-04-13,13.3,2.8,1.7,-2.0,,23.4,22.0,,4.2,,,
鲁中参考点,ecmwf_ifs025,2025-04-11,2,2025-04-13,12.5,3.3,1.2,-1.6,,20.9,24.4,,6.1,,,
鲁中参考点,ecmwf_ifs025,2025-04-10,3,2025-04-13,13.0,4.7,1.2,-0.2,,19.0,28.3,,6.0,,,
鲁中参考点,ecmwf_ifs025,2025-04-09,4,2025-04-13,13.7,5.2,1.4,0.4,,21.4,29.1,,29.7,,,
鲁中参考点,ecmwf_ifs025,2025-04-08,5,2025-04-13,15.3,5.1,2.9,0.5,,16.2,26.1,,9.0,,,
鲁中参考点,ecmwf_ifs025,2025-04-07,6,2025-04-13,15.4,3.8,3.7,-0.4,,20.8,19.6,,8.0,,,
鲁中参考点,ecmwf_ifs025,2025-04-06,7,2025-04-13,17.0,8.8,7.2,6.4,,20.2,15.2,,18.1,,,
鲁中参考点,gfs_seamless,2025-04-12,1,2025-04-13,14.2,2.5,0.9,,,,,70.2,19.0,,,0.0
鲁中参考点,gfs_seamless,2025-04-11,2,2025-04-13,11.4,4.2,-0.3,,,,,68.0,30.8,,,0.0
鲁中参考点,gfs_seamless,2025-04-10,3,2025-04-13,13.4,3.4,0.4,,,,,68.8,47.7,,,0.0
鲁中参考点,gfs_seamless,2025-04-09,4,2025-04-13,14.9,5.4,2.6,,,,,61.6,36.9,,,0.0
鲁中参考点,gfs_seamless,2025-04-08,5,2025-04-13,15.8,4.2,2.0,,,,,58.3,32.2,,,0.0
鲁中参考点,gfs_seamless,2025-04-07,6,2025-04-13,12.3,4.7,0.5,,,,,68.8,44.5,,,0.0
鲁中参考点,gfs_seamless,2025-04-06,7,2025-04-13,13.1,6.5,2.4,,,,,81.0,24.5,,,0.0
鲁中参考点,jma_seamless,2025-04-12,1,2025-04-13,13.5,5.6,2.8,2.0,,12.7,18.5,,,,,0.0
鲁中参考点,jma_seamless,2025-04-11,2,2025-04-13,13.5,6.5,3.1,3.0,,14.0,19.7,,,,,0.0
鲁中参考点,jma_seamless,2025-04-10,3,2025-04-13,14.2,6.5,3.6,3.0,,12.5,19.5,,,,,0.0
鲁中参考点,jma_seamless,2025-04-09,4,2025-04-13,16.7,6.6,4.8,3.3,,10.6,17.9,,,,,0.0
鲁中参考点,jma_seamless,2025-04-08,5,2025-04-13,15.2,8.1,5.8,5.4,,13.1,16.0,,,,,0.0
鲁中参考点,jma_seamless,2025-04-07,6,2025-04-13,15.4,8.9,7.0,6.8,,17.2,13.4,,,,,0.0
鲁中参考点,jma_seamless,2025-04-06,7,2025-04-13,15.4,6.4,6.2,3.6,,19.2,14.2,,,,,0.0
鲁中参考点,ecmwf_ifs025,2025-04-13,1,2025-04-14,17.3,5.9,6.0,2.5,,33.0,17.7,,26.6,,,
鲁中参考点,ecmwf_ifs025,2025-04-12,2,2025-04-14,17.2,5.7,5.7,2.1,,36.4,18.8,,30.5,,,
鲁中参考点,ecmwf_ifs025,2025-04-11,3,2025-04-14,15.7,5.5,5.4,2.1,,36.0,16.6,,20.0,,,
鲁中参考点,ecmwf_ifs025,2025-04-10,4,2025-04-14,16.9,6.7,6.3,3.5,,34.8,17.2,,27.0,,,
鲁中参考点,ecmwf_ifs025,2025-04-09,5,2025-04-14,17.3,10.1,8.0,,,33.8,17.3,,4.2,,,
鲁中参考点,ecmwf_ifs025,2025-04-08,6,2025-04-14,17.8,6.8,8.8,4.5,,31.5,11.4,,18.0,,,
鲁中参考点,ecmwf_ifs025,2025-04-07,7,2025-04-14,14.7,8.2,6.4,5.9,,23.8,13.2,,46.1,,,
鲁中参考点,gfs_seamless,2025-04-13,1,2025-04-14,17.2,7.3,6.4,,,,,50.8,27.1,,,0.0
鲁中参考点,gfs_seamless,2025-04-12,2,2025-04-14,18.8,7.1,7.1,,,,,54.7,51.0,,,0.0
鲁中参考点,gfs_seamless,2025-04-11,3,2025-04-14,16.1,5.8,6.5,,,,,51.5,42.3,,,0.0
鲁中参考点,gfs_seamless,2025-04-10,4,2025-04-14,18.0,6.9,6.8,,,,,50.8,42.2,,,0.0
鲁中参考点,gfs_seamless,2025-04-09,5,2025-04-14,19.0,7.9,7.8,,,,,47.2,25.4,,,0.0
鲁中参考点,gfs_seamless,2025-04-08,6,2025-04-14,17.1,4.8,6.4,,,,,42.5,35.7,,,0.0
鲁中参考点,gfs_seamless,2025-04-07,7,2025-04-14,16.0,6.3,5.4,,,,,56.5,13.9,,,0.0
鲁中参考点,jma_seamless,2025-04-13,1,2025-04-14,17.7,8.4,7.5,6.0,,22.2,14.8,,,,,0.0
鲁中参考点,jma_seamless,2025-04-12,2,2025-04-14,17.6,8.4,7.7,6.1,,27.0,13.5,,,,,0.0
鲁中参考点,jma_seamless,2025-04-11,3,2025-04-14,17.5,9.1,7.9,7.0,,20.0,13.6,,,,,0.0
鲁中参考点,jma_seamless,2025-04-10,4,2025-04-14,18.1,10.5,8.6,,,21.0,13.6,,,,,0.0
鲁中参考点,jma_seamless,2025-04-09,5,2025-04-14,17.4,10.0,8.1,8.2,,20.3,13.1,,,,,0.0
鲁中参考点,jma_seamless,2025-04-08,6,2025-04-14,17.8,9.6,8.6,7.8,,27.0,12.5,,,,,0.0
鲁中参考点,jma_seamless,2025-04-07,7,2025-04-14,17.9,9.4,8.9,8.1,,27.8,9.1,,,,,0.0
鲁中参考点,ecmwf_ifs025,2025-04-14,1,2025-04-15,25.9,10.2,14.5,,,31.7,12.8,,4.9,,,
鲁中参考点,ecmwf_ifs025,2025-04-13,2,2025-04-15,25.7,7.3,13.8,5.2,,35.9,11.2,,6.6,,,
鲁中参考点,ecmwf_ifs025,2025-04-12,3,2025-04-15,26.3,8.2,14.2,6.2,,35.1,11.8,,1.7,,,
鲁中参考点,ecmwf_ifs025,2025-04-11,4,2025-04-15,25.8,6.9,13.7,4.3,,37.4,13.8,,17.2,,,
鲁中参考点,ecmwf_ifs025,2025-04-10,5,2025-04-15,26.8,11.1,15.2,,,34.3,16.6,,22.0,,,
鲁中参考点,ecmwf_ifs025,2025-04-09,6,2025-04-15,27.4,13.5,16.7,,26.9,35.3,15.3,,6.4,,,
鲁中参考点,ecmwf_ifs025,2025-04-08,7,2025-04-15,27.0,7.3,15.1,4.5,26.5,32.3,15.3,,18.2,,,
鲁中参考点,gfs_seamless,2025-04-14,1,2025-04-15,25.9,9.4,14.3,,,,,62.6,45.9,,,0.0
鲁中参考点,gfs_seamless,2025-04-13,2,2025-04-15,26.5,9.5,14.8,,,,,56.9,42.6,,,0.0
鲁中参考点,gfs_seamless,2025-04-12,3,2025-04-15,26.1,9.8,14.9,,,,,31.3,41.1,,,0.0
鲁中参考点,gfs_seamless,2025-04-11,4,2025-04-15,26.2,10.4,14.2,,,,,53.3,43.5,,,0.0
鲁中参考点,gfs_seamless,2025-04-10,5,2025-04-15,27.7,10.2,15.1,,,,,60.5,31.0,,,0.0
鲁中参考点,gfs_seamless,2025-04-09,6,2025-04-15,25.7,9.1,14.2,,,,,47.2,57.1,,,0.0
鲁中参考点,gfs_seamless,2025-04-08,7,2025-04-15,25.0,7.2,12.8,,,,,54.7,22.5,,,0.0
鲁中参考点,jma_seamless,2025-04-14,1,2025-04-15,27.0,12.9,15.5,,26.2,23.0,11.3,,,,,0.0
鲁中参考点,jma_seamless,2025-04-13,2,2025-04-15,26.4,12.7,15.5,,,21.4,8.4,,,,,0.0
鲁中参考点,jma_seamless,2025-04-12,3,2025-04-15,26.0,12.8,15.3,,,22.8,8.4,,,,,0.0
鲁中参考点,jma_seamless,2025-04-11,4,2025-04-15,28.0,13.7,16.3,,27.0,26.9,11.8,,,,,0.0
鲁中参考点,jma_seamless,2025-04-10,5,2025-04-15,28.0,12.0,16.4,,26.9,26.3,10.6,,,,,0.0
鲁中参考点,jma_seamless,2025-04-09,6,2025-04-15,22.9,12.4,13.9,,,24.0,9.5,,,,,0.0
鲁中参考点,jma_seamless,2025-04-08,7,2025-04-15,21.8,9.2,11.0,8.0,,20.1,8.3,,,,,0.0
鲁中参考点,ecmwf_ifs025,2025-04-15,1,2025-04-16,28.2,15.9,18.4,,28.0,42.2,20.6,,11.7,,,
鲁中参考点,ecmwf_ifs025,2025-04-14,2,2025-04-16,27.8,15.8,18.1,,27.7,43.0,19.6,,18.9,,,
鲁中参考点,ecmwf_ifs025,2025-04-13,3,2025-04-16,27.1,15.3,17.8,,27.4,47.6,20.1,,14.9,,,
鲁中参考点,ecmwf_ifs025,2025-04-12,4,2025-04-16,26.8,15.4,16.9,,,45.2,18.2,,18.2,,,
鲁中参考点,ecmwf_ifs025,2025-04-11,5,2025-04-16,26.7,15.4,17.8,,,43.9,15.9,,9.9,,,
鲁中参考点,ecmwf_ifs025,2025-04-10,6,2025-04-16,28.1,11.0,17.4,,28.0,43.4,15.6,,13.7,,,
鲁中参考点,ecmwf_ifs025,2025-04-09,7,2025-04-16,27.9,17.4,19.2,,27.6,40.2,20.2,,7.3,,,
鲁中参考点,gfs_seamless,2025-04-15,1,2025-04-16,30.7,14.5,18.4,,,,,67.0,29.3,,,0.0
鲁中参考点,gfs_seamless,2025-04-14,2,2025-04-16,29.2,15.0,18.8,,,,,64.4,52.2,,,0.0
鲁中参考点,gfs_seamless,2025-04-13,3,2025-04-16,28.2,16.5,18.2,,,,,61.6,55.4,,,0.0
鲁中参考点,gfs_seamless,2025-04-12,4,2025-04-16,28.2,15.0,18.1,,,,,63.7,47.5,,,0.0
鲁中参考点,gfs_seamless,2025-04-11,5,2025-04-16,29.2,16.2,19.3,,,,,63.0,71.8,,,0.0
鲁中参考点,gfs_seamless,2025-04-10,6,2025-04-16,28.8,17.2,20.3,,,,,50.4,71.4,,,0.0
鲁中参考点,gfs_seamless,2025-04-09,7,2025-04-16,29.4,15.2,18.7,,,,,57.2,85.7,,,0.0
鲁中参考点,jma_seamless,2025-04-15,1,2025-04-16,29.3,17.4,19.4,,28.9,39.5,16.8,,,,,0.0
鲁中参考点,jma_seamless,2025-04-14,2,2025-04-16,29.0,17.6,19.2,,28.2,34.9,15.8,,,,,0.0
鲁中参考点,jma_seamless,2025-04-13,3,2025-04-16,28.3,17.4,18.9,,27.7,37.3,16.9,,,,,0.0
鲁中参考点,jma_seamless,2025-04-12,4,2025-04-16,28.7,17.4,18.6,,28.1,37.9,17.8,,,,,0.0
鲁中参考点,jma_seamless,2025-04-11,5,2025-04-16,29.7,18.2,19.7,,29.2,38.7,15.6,,,,,0.0
鲁中参考点,jma_seamless,2025-04-10,6,2025-04-16,29.4,17.8,19.3,,28.8,37.9,16.2,,,,,0.0
鲁中参考点,jma_seamless,2025-04-09,7,2025-04-16,27.1,14.6,17.0,,26.5,30.2,13.7,,,,,0.0
鲁中参考点,ecmwf_ifs025,2025-04-16,1,2025-04-17,29.9,17.5,19.6,,29.3,37.9,14.3,,0.5,,,
鲁中参考点,ecmwf_ifs025,2025-04-15,2,2025-04-17,30.5,16.5,19.7,,30.0,38.1,13.9,,0.3,,,
鲁中参考点,ecmwf_ifs025,2025-04-14,3,2025-04-17,25.9,16.7,19.2,,,44.6,13.6,,0.0,,,
鲁中参考点,ecmwf_ifs025,2025-04-13,4,2025-04-17,26.5,15.1,18.9,,,53.2,11.2,,3.9,,,
鲁中参考点,ecmwf_ifs025,2025-04-12,5,2025-04-17,25.2,12.5,18.1,,,55.1,10.0,,0.0,,,
鲁中参考点,ecmwf_ifs025,2025-04-11,6,2025-04-17,27.8,9.5,16.4,8.4,27.7,43.0,8.1,,0.0,,,
鲁中参考点,ecmwf_ifs025,2025-04-10,7,2025-04-17,22.3,12.0,14.8,,,43.9,7.4,,0.0,,,
鲁中参考点,gfs_seamless,2025-04-16,1,2025-04-17,30.1,16.5,19.2,,,,,35.3,52.1,,,0.0
鲁中参考点,gfs_seamless,2025-04-15,2,2025-04-17,28.6,16.3,18.5,,,,,36.7,61.2,,,0.0
鲁中参考点,gfs_seamless,2025-04-14,3,2025-04-17,28.5,16.4,18.4,,,,,27.7,80.2,,,0.0
鲁中参考点,gfs_seamless,2025-04-13,4,2025-04-17,30.6,17.4,20.2,,,,,58.7,69.2,,,0.0
鲁中参考点,gfs_seamless,2025-04-12,5,2025-04-17,29.1,17.9,21.1,,,,,37.1,69.5,,,0.0
鲁中参考点,gfs_seamless,2025-04-11,6,2025-04-17,27.9,17.9,20.0,,,,,28.4,41.2,,,0.0
鲁中参考点,gfs_seamless,2025-04-10,7,2025-04-17,25.0,14.2,17.4,,,,,29.5,65.0,,,0.0
鲁中参考点,jma_seamless,2025-04-16,1,2025-04-17,31.5,19.6,21.2,,31.1,36.8,11.5,,,,,0.0
鲁中参考点,jma_seamless,2025-04-15,2,2025-04-17,30.9,19.5,20.3,,29.8,31.3,12.0,,,,,0.0
鲁中参考点,jma_seamless,2025-04-14,3,2025-04-17,30.7,17.9,20.5,,30.6,40.6,12.5,,,,,0.0
鲁中参考点,jma_seamless,2025-04-13,4,2025-04-17,30.4,18.4,21.1,,30.8,44.6,14.0,,,,,0.0
鲁中参考点,jma_seamless,2025-04-12,5,2025-04-17,30.2,18.3,20.6,,30.4,43.9,10.3,,,,,0.0
鲁中参考点,jma_seamless,2025-04-11,6,2025-04-17,31.4,17.8,20.3,,30.5,33.2,9.9,,,,,0.0
鲁中参考点,jma_seamless,2025-04-10,7,2025-04-17,31.1,17.9,21.0,,30.4,35.6,9.5,,,,,0.0
鲁中参考点,ecmwf_ifs025,2025-04-17,1,2025-04-18,24.5,9.5,15.2,7.5,,48.2,13.2,,3.8,,,
鲁中参考点,ecmwf_ifs025,2025-04-16,2,2025-04-18,24.2,12.3,15.3,,,49.2,12.8,,1.7,,,
鲁中参考点,ecmwf_ifs025,2025-04-15,3,2025-04-18,26.3,11.1,14.5,,,47.5,14.8,,1.5,,,
鲁中参考点,ecmwf_ifs025,2025-04-14,4,2025-04-18,21.2,10.0,12.4,8.5,,49.5,10.8,,0.9,,,
鲁中参考点,ecmwf_ifs025,2025-04-13,5,2025-04-18,23.3,9.0,13.5,6.9,,57.8,13.5,,4.1,,,
鲁中参考点,ecmwf_ifs025,2025-04-12,6,2025-04-18,29.7,11.8,18.8,,30.3,47.5,3.7,,1.2,,,
鲁中参考点,ecmwf_ifs025,2025-04-11,7,2025-04-18,29.7,12.0,19.3,,30.1,46.5,11.0,,4.5,,,
鲁中参考点,gfs_seamless,2025-04-17,1,2025-04-18,23.6,11.1,15.0,,,,,46.1,65.7,,,0.0
鲁中参考点,gfs_seamless,2025-04-16,2,2025-04-18,23.8,8.3,15.7,,,,,37.8,64.5,,,0.0
鲁中参考点,gfs_seamless,2025-04-15,3,2025-04-18,23.7,13.0,14.3,,,,,41.8,83.8,,,0.0
鲁中参考点,gfs_seamless,2025-04-14,4,2025-04-18,19.8,10.8,12.9,,,,,32.8,73.8,,,0.0
鲁中参考点,gfs_seamless,2025-04-13,5,2025-04-18,27.6,11.2,18.8,,,,,43.2,71.1,,,0.0
鲁中参考点,gfs_seamless,2025-04-12,6,2025-04-18,29.3,17.0,20.3,,,,,59.4,74.9,,,0.0
鲁中参考点,gfs_seamless,2025-04-11,7,2025-04-18,23.9,11.2,13.3,,,,,37.4,87.4,,,0.0
鲁中参考点,jma_seamless,2025-04-17,1,2025-04-18,25.3,13.6,16.7,,,44.5,11.0,,,,,0.0
鲁中参考点,jma_seamless,2025-04-16,2,2025-04-18,23.2,15.4,15.9,,,43.2,12.0,,,,,0.0
鲁中参考点,jma_seamless,2025-04-15,3,2025-04-18,21.7,14.7,14.5,,,40.2,11.0,,,,,0.0
鲁中参考点,jma_seamless,2025-04-14,4,2025-04-18,26.8,17.0,21.6,,,61.8,7.9,,,,,0.0
鲁中参考点,jma_seamless,2025-04-13,5,2025-04-18,31.3,17.3,23.1,,36.7,64.4,5.2,,,,,0.0
鲁中参考点,jma_seamless,2025-04-12,6,2025-04-18,31.0,16.8,22.3,,31.3,42.7,9.5,,,,,0.0
鲁中参考点,jma_seamless,2025-04-11,7,2025-04-18,32.3,13.6,19.2,,33.6,44.3,10.1,,,,,0.0
鲁中参考点,ecmwf_ifs025,2025-04-18,1,2025-04-19,19.8,7.2,11.5,5.8,,69.5,7.6,,6.0,,,
鲁中参考点,ecmwf_ifs025,2025-04-17,2,2025-04-19,19.4,7.8,11.8,6.6,,71.3,7.4,,5.7,,,
鲁中参考点,ecmwf_ifs025,2025-04-16,3,2025-04-19,19.7,10.0,13.1,9.0,,71.0,8.1,,0.5,,,
鲁中参考点,ecmwf_ifs025,2025-04-15,4,2025-04-19,22.5,9.5,14.0,9.0,,72.8,5.8,,21.8,,,
鲁中参考点,ecmwf_ifs025,2025-04-14,5,2025-04-19,18.8,8.0,11.5,6.4,,75.3,9.3,,9.5,,,
鲁中参考点,ecmwf_ifs025,2025-04-13,6,2025-04-19,17.3,7.6,10.5,6.0,,69.1,8.9,,24.3,,,
鲁中参考点,ecmwf_ifs025,2025-04-12,7,2025-04-19,23.8,9.2,15.5,7.8,,70.3,9.5,,18.2,,,
鲁中参考点,gfs_seamless,2025-04-18,1,2025-04-19,20.7,7.4,12.3,,,,,15.5,42.1,,,0.0
鲁中参考点,gfs_seamless,2025-04-17,2,2025-04-19,21.6,8.3,12.4,,,,,22.3,46.0,,,0.0
鲁中参考点,gfs_seamless,2025-04-16,3,2025-04-19,20.6,8.5,12.5,,,,,25.6,34.6,,,0.0
鲁中参考点,gfs_seamless,2025-04-15,4,2025-04-19,20.2,8.5,12.5,,,,,22.0,48.0,,,0.0
鲁中参考点,gfs_seamless,2025-04-14,5,2025-04-19,11.2,8.4,6.7,,,,,38.9,83.3,,,0.0
鲁中参考点,gfs_seamless,2025-04-13,6,2025-04-19,21.9,9.1,13.4,,,,,24.1,44.6,,,0.0
鲁中参考点,gfs_seamless,2025-04-12,7,2025-04-19,27.1,11.6,16.5,,,,,22.7,45.6,,,0.0
鲁中参考点,jma_seamless,2025-04-18,1,2025-04-19,20.6,9.5,12.7,8.7,,63.1,6.6,,,,,0.0
鲁中参考点,jma_seamless,2025-04-17,2,2025-04-19,19.6,10.1,13.4,,,68.9,7.1,,,,,0.0
鲁中参考点,jma_seamless,2025-04-16,3,2025-04-19,18.1,11.4,13.6,,,69.4,5.7,,,,,0.0
鲁中参考点,jma_seamless,2025-04-15,4,2025-04-19,15.6,9.2,9.5,7.4,,79.2,11.8,,,,,0.0
鲁中参考点,jma_seamless,2025-04-14,5,2025-04-19,20.0,10.7,12.8,,,76.8,11.9,,,,,0.0
鲁中参考点,jma_seamless,2025-04-13,6,2025-04-19,22.6,11.9,17.0,,,69.6,9.4,,,,,0.0
鲁中参考点,jma_seamless,2025-04-12,7,2025-04-19,22.8,13.7,16.1,,,56.2,8.1,,,,,0.0
鲁中参考点,ecmwf_ifs025,2025-04-19,1,2025-04-20,25.3,8.2,14.4,6.5,,50.0,10.1,,9.5,,,
鲁中参考点,ecmwf_ifs025,2025-04-18,2,2025-04-20,25.4,8.3,14.8,6.5,,50.7,10.6,,6.8,,,
鲁中参考点,ecmwf_ifs025,2025-04-17,3,2025-04-20,26.4,8.7,14.9,6.9,,49.3,11.0,,5.3,,,
鲁中参考点,ecmwf_ifs025,2025-04-16,4,2025-04-20,27.1,8.8,15.2,6.8,27.1,43.5,12.5,,11.3,,,
鲁中参考点,ecmwf_ifs025,2025-04-15,5,2025-04-20,27.7,9.8,15.6,7.9,28.1,49.4,13.2,,7.1,,,
鲁中参考点,ecmwf_ifs025,2025-04-14,6,2025-04-20,23.0,7.0,12.8,4.9,,51.9,10.6,,1.2,,,
鲁中参考点,ecmwf_ifs025,2025-04-13,7,2025-04-20,22.5,7.6,13.4,5.7,,53.1,10.2,,10.8,,,
鲁中参考点,gfs_seamless,2025-04-19,1,2025-04-20,26.8,12.2,16.1,,,,,42.1,5.0,,,0.0
鲁中参考点,gfs_seamless,2025-04-18,2,2025-04-20,24.5,12.6,15.3,,,,,38.9,13.9,,,0.0
鲁中参考点,gfs_seamless,2025-04-17,3,2025-04-20,25.4,13.0,15.6,,,,,49.0,26.1,,,0.0
鲁中参考点,gfs_seamless,2025-04-16,4,2025-04-20,26.0,12.0,15.6,,,,,46.1,54.4,,,0.0
鲁中参考点,gfs_seamless,2025-04-15,5,2025-04-20,25.2,8.6,15.5,,,,,40.3,17.1,,,0.0
鲁中参考点,gfs_seamless,2025-04-14,6,2025-04-20,21.2,5.9,11.6,,,,,37.1,36.5,,,0.0
鲁中参考点,gfs_seamless,2025-04-13,7,2025-04-20,25.6,10.9,14.5,,,,,50.8,13.6,,,0.0
鲁中参考点,jma_seamless,2025-04-19,1,2025-04-20,27.0,11.4,16.5,,27.0,43.4,7.4,,,,,0.0
鲁中参考点,jma_seamless,2025-04-18,2,2025-04-20,26.4,11.2,16.5,,,48.2,6.3,,,,,0.0
鲁中参考点,jma_seamless,2025-04-17,3,2025-04-20,25.7,11.3,16.2,,,48.5,6.3,,,,,0.0
鲁中参考点,jma_seamless,2025-04-16,4,2025-04-20,25.9,9.2,15.1,8.4,,41.9,6.5,,,,,0.0
鲁中参考点,jma_seamless,2025-04-15,5,2025-04-20,21.6,9.9,12.1,,,43.5,3.9,,,,,0.0
鲁中参考点,jma_seamless,2025-04-14,6,2025-04-20,20.1,10.5,11.6,,,40.4,8.7,,,,,0.0
鲁中参考点,jma_seamless,2025-04-13,7,2025-04-20,25.6,14.7,16.5,,,34.2,5.1,,,,,0.0
鲁中参考点,ecmwf_ifs025,2025-04-20,1,2025-04-21,26.1,10.8,15.8,,,54.7,13.3,,20.5,,,
鲁中参考点,ecmwf_ifs025,2025-04-19,2,2025-04-21,26.8,10.5,16.3,,,48.2,13.4,,7.6,,,
鲁中参考点,ecmwf_ifs025,2025-04-18,3,2025-04-21,25.9,12.1,16.3,,,59.0,15.0,,22.3,,,
鲁中参考点,ecmwf_ifs025,2025-04-17,4,2025-04-21,22.1,12.4,13.4,,,66.9,14.7,,26.2,,,
鲁中参考点,ecmwf_ifs025,2025-04-16,5,2025-04-21,24.5,14.2,16.5,,,54.0,12.9,,28.8,,,
鲁中参考点,ecmwf_ifs025,2025-04-15,6,2025-04-21,21.7,12.2,16.3,,,75.1,13.2,,11.3,,,
鲁中参考点,ecmwf_ifs025,2025-04-14,7,2025-04-21,26.5,14.5,17.7,,,52.1,11.9,,21.4,,,
鲁中参考点,gfs_seamless,2025-04-20,1,2025-04-21,26.1,10.4,14.7,,,,,22.3,43.0,,,0.0
鲁中参考点,gfs_seamless,2025-04-19,2,2025-04-21,24.5,10.3,14.1,,,,,37.8,80.9,,,0.0
鲁中参考点,gfs_seamless,2025-04-18,3,2025-04-21,24.7,11.0,14.5,,,,,44.6,59.0,,,0.0
鲁中参考点,gfs_seamless,2025-04-17,4,2025-04-21,25.5,12.2,15.6,,,,,54.4,48.5,,,0.0
鲁中参考点,gfs_seamless,2025-04-16,5,2025-04-21,25.3,13.5,15.8,,,,,49.3,56.5,,,0.0
鲁中参考点,gfs_seamless,2025-04-15,6,2025-04-21,22.0,11.0,13.1,,,,,29.5,77.6,,,0.0
鲁中参考点,gfs_seamless,2025-04-14,7,2025-04-21,21.5,9.7,12.9,,,,,53.6,84.5,,,0.0
鲁中参考点,jma_seamless,2025-04-20,1,2025-04-21,27.0,13.4,16.7,,27.5,51.5,10.8,,,,,0.0
鲁中参考点,jma_seamless,2025-04-19,2,2025-04-21,27.1,14.4,17.4,,27.0,40.6,10.8,,,,,0.0
鲁中参考点,jma_seamless,2025-04-18,3,2025-04-21,23.7,13.9,16.3,,,56.5,12.3,,,,,0.0
鲁中参考点,jma_seamless,2025-04-17,4,2025-04-21,25.4,13.7,16.6,,,48.1,10.6,,,,,0.0
鲁中参考点,jma_seamless,2025-04-16,5,2025-04-21,27.8,11.5,16.9,,27.6,41.9,8.0,,,,,0.0
鲁中参考点,jma_seamless,2025-04-15,6,2025-04-21,24.5,13.2,14.1,,,28.2,8.0,,,,,0.0
鲁中参考点,jma_seamless,2025-04-14,7,2025-04-21,25.5,15.9,15.6,,,21.4,7.9,,,,,0.0
鲁中参考点,ecmwf_ifs025,2025-04-21,1,2025-04-22,19.5,11.6,12.4,,,62.1,13.9,,43.4,,,
鲁中参考点,ecmwf_ifs025,2025-04-20,2,2025-04-22,18.2,9.8,12.6,7.8,,69.1,13.6,,40.6,,,
鲁中参考点,ecmwf_ifs025,2025-04-19,3,2025-04-22,19.2,9.8,11.8,7.7,,57.8,14.9,,40.7,,,
鲁中参考点,ecmwf_ifs025,2025-04-18,4,2025-04-22,18.6,11.4,11.2,,,58.7,16.7,,34.2,,,
鲁中参考点,ecmwf_ifs025,2025-04-17,5,2025-04-22,16.8,10.7,10.2,,,60.2,17.5,,26.9,,,
鲁中参考点,ecmwf_ifs025,2025-04-16,6,2025-04-22,18.6,11.4,10.4,,,48.8,16.6,,23.2,,,
鲁中参考点,ecmwf_ifs025,2025-04-15,7,2025-04-22,17.8,10.0,11.4,8.8,,44.2,9.1,,10.9,,,
鲁中参考点,gfs_seamless,2025-04-21,1,2025-04-22,19.0,12.5,12.4,,,,,46.8,95.2,,,0.0
鲁中参考点,gfs_seamless,2025-04-20,2,2025-04-22,19.9,12.7,12.5,,,,,38.2,88.9,,,0.0
鲁中参考点,gfs_seamless,2025-04-19,3,2025-04-22,23.1,11.8,13.8,,,,,42.8,82.2,,,0.0
鲁中参考点,gfs_seamless,2025-04-18,4,2025-04-22,20.8,12.7,13.8,,,,,51.5,97.2,,,0.0
鲁中参考点,gfs_seamless,2025-04-17,5,2025-04-22,23.7,11.6,12.6,,,,,53.3,61.0,,,0.0
鲁中参考点,gfs_seamless,2025-04-16,6,2025-04-22,18.6,9.0,7.9,,,,,69.8,37.5,,,0.0
鲁中参考点,gfs_seamless,2025-04-15,7,2025-04-22,21.7,9.4,12.1,,,,,75.2,70.8,,,0.0
鲁中参考点,jma_seamless,2025-04-21,1,2025-04-22,20.8,14.2,14.0,,,52.3,11.6,,,,,0.0
鲁中参考点,jma_seamless,2025-04-20,2,2025-04-22,18.4,11.8,13.5,,,61.2,11.0,,,,,0.0
鲁中参考点,jma_seamless,2025-04-19,3,2025-04-22,19.8,12.4,12.6,,,46.1,11.8,,,,,0.0
鲁中参考点,jma_seamless,2025-04-18,4,2025-04-22,18.6,14.1,12.3,,,44.0,12.0,,,,,0.0
鲁中参考点,jma_seamless,2025-04-17,5,2025-04-22,18.6,11.4,10.3,,,35.5,14.5,,,,,0.0
鲁中参考点,jma_seamless,2025-04-16,6,2025-04-22,17.0,11.8,10.2,,,26.2,13.2,,,,,0.0
鲁中参考点,jma_seamless,2025-04-15,7,2025-04-22,21.1,13.1,13.5,,,44.6,11.0,,,,,0.0
鲁中参考点,ecmwf_ifs025,2025-04-22,1,2025-04-23,25.9,10.6,15.8,,,47.5,9.2,,43.1,23.62,0.0,
鲁中参考点,ecmwf_ifs025,2025-04-21,2,2025-04-23,24.6,9.6,14.9,8.1,,50.1,10.2,,47.8,23.36,0.0,
鲁中参考点,ecmwf_ifs025,2025-04-20,3,2025-04-23,24.1,7.6,14.0,6.2,,52.9,8.0,,28.0,23.84,0.0,
鲁中参考点,ecmwf_ifs025,2025-04-19,4,2025-04-23,24.4,11.8,15.0,,,43.7,13.8,,8.6,23.68,0.0,
鲁中参考点,ecmwf_ifs025,2025-04-18,5,2025-04-23,26.4,10.1,14.4,,,39.8,14.5,,2.9,24.23,0.0,
鲁中参考点,ecmwf_ifs025,2025-04-17,6,2025-04-23,24.4,10.6,12.3,,,37.3,15.0,,1.2,4.58,0.0,
鲁中参考点,ecmwf_ifs025,2025-04-16,7,2025-04-23,25.5,10.2,12.7,,,29.5,17.7,,24.8,23.62,0.0,
鲁中参考点,gfs_seamless,2025-04-22,1,2025-04-23,26.4,11.6,15.4,,,28.1,13.1,46.8,84.0,,,0.0
鲁中参考点,gfs_seamless,2025-04-21,2,2025-04-23,25.4,12.6,15.6,,,27.4,11.9,45.7,91.9,,,0.0
鲁中参考点,gfs_seamless,2025-04-20,3,2025-04-23,26.9,14.3,16.9,,,35.0,11.8,44.3,71.6,,,0.0
鲁中参考点,gfs_seamless,2025-04-19,4,2025-04-23,28.0,14.5,16.0,,27.3,33.7,12.7,31.3,79.1,,,0.0
鲁中参考点,gfs_seamless,2025-04-18,5,2025-04-23,24.3,15.1,16.9,,,33.5,7.6,21.6,86.6,,,0.0
鲁中参考点,gfs_seamless,2025-04-17,6,2025-04-23,26.0,13.8,14.7,,,31.7,12.4,55.1,75.9,,,0.0
鲁中参考点,gfs_seamless,2025-04-16,7,2025-04-23,25.6,11.0,15.0,,,27.7,14.6,66.6,15.0,,,0.0
鲁中参考点,jma_seamless,2025-04-22,1,2025-04-23,28.3,13.6,16.7,,,,,,,,,0.0
鲁中参考点,jma_seamless,2025-04-21,2,2025-04-23,28.5,10.6,16.1,,,,,,,,,0.0
鲁中参考点,jma_seamless,2025-04-20,3,2025-04-23,27.1,11.3,16.0,,,,,,,,,0.0
鲁中参考点,jma_seamless,2025-04-19,4,2025-04-23,28.1,14.5,16.5,,,,,,,,,0.0
鲁中参考点,jma_seamless,2025-04-18,5,2025-04-23,27.7,10.9,14.7,,,,,,,,,0.0
鲁中参考点,jma_seamless,2025-04-17,6,2025-04-23,26.3,11.8,14.4,,,,,,,,,0.0
鲁中参考点,jma_seamless,2025-04-16,7,2025-04-23,23.8,13.5,13.6,,,,,,,,,0.0
鲁中参考点,ecmwf_ifs025,2025-04-23,1,2025-04-24,17.6,9.8,9.2,8.0,,20.1,12.5,,24.0,24.3,0.0,
鲁中参考点,ecmwf_ifs025,2025-04-22,2,2025-04-24,17.1,9.7,9.3,8.0,,25.8,12.0,,29.2,23.76,0.0,
鲁中参考点,ecmwf_ifs025,2025-04-21,3,2025-04-24,17.0,8.3,8.8,6.0,,29.6,13.7,,30.3,24.29,0.0,
鲁中参考点,ecmwf_ifs025,2025-04-20,4,2025-04-24,16.6,8.8,8.8,6.5,,34.4,14.2,,46.5,22.58,0.0,
鲁中参考点,ecmwf_ifs025,2025-04-19,5,2025-04-24,16.2,8.9,7.5,6.4,,25.2,16.0,,38.7,22.53,0.0,
鲁中参考点,ecmwf_ifs025,2025-04-18,6,2025-04-24,18.3,7.9,8.8,6.7,,34.0,7.3,,21.1,4.49,0.0,
鲁中参考点,ecmwf_ifs025,2025-04-17,7,2025-04-24,18.9,9.8,10.1,8.7,,32.2,8.3,,20.4,22.7,0.0,
鲁中参考点,gfs_seamless,2025-04-23,1,2025-04-24,18.1,10.5,8.4,,,17.4,20.1,49.3,78.5,,,0.0
鲁中参考点,gfs_seamless,2025-04-22,2,2025-04-24,17.5,11.7,8.8,,,19.4,19.7,47.5,96.2,,,0.0
鲁中参考点,gfs_seamless,2025-04-21,3,2025-04-24,18.3,10.7,8.7,,,18.9,19.6,49.7,70.8,,,0.0
鲁中参考点,gfs_seamless,2025-04-20,4,2025-04-24,18.2,9.9,8.2,7.2,,17.7,20.7,50.8,63.2,,,0.0
鲁中参考点,gfs_seamless,2025-04-19,5,2025-04-24,18.7,11.1,9.7,,,25.3,17.2,48.6,49.4,,,0.0
鲁中参考点,gfs_seamless,2025-04-18,6,2025-04-24,22.5,12.6,13.1,,,30.5,10.7,18.0,22.0,,,0.0
鲁中参考点,gfs_seamless,2025-04-17,7,2025-04-24,22.5,13.1,15.6,,,38.0,10.9,23.0,31.9,,,0.0
鲁中参考点,jma_seamless,2025-04-23,1,2025-04-24,18.5,11.8,10.3,,,,,,,,,0.0
鲁中参考点,jma_seamless,2025-04-22,2,2025-04-24,18.4,11.1,10.5,,,,,,,,,0.0
鲁中参考点,jma_seamless,2025-04-21,3,2025-04-24,19.7,11.4,10.9,,,,,,,,,0.0
鲁中参考点,jma_seamless,2025-04-20,4,2025-04-24,19.1,11.6,10.7,,,,,,,,,0.0
鲁中参考点,jma_seamless,2025-04-19,5,2025-04-24,18.8,11.7,10.0,,,,,,,,,0.0
鲁中参考点,jma_seamless,2025-04-18,6,2025-04-24,19.9,11.3,11.9,,,,,,,,,0.0
鲁中参考点,jma_seamless,2025-04-17,7,2025-04-24,28.8,15.4,17.9,,,,,,,,,0.0
鲁中参考点,ecmwf_ifs025,2025-04-24,1,2025-04-25,22.5,8.6,11.8,6.2,,27.8,15.1,,0.0,23.99,0.0,
鲁中参考点,ecmwf_ifs025,2025-04-23,2,2025-04-25,22.1,8.4,11.5,6.1,,26.2,14.0,,2.9,24.13,0.0,
鲁中参考点,ecmwf_ifs025,2025-04-22,3,2025-04-25,21.9,8.1,11.4,6.0,,28.2,11.8,,11.7,24.18,0.0,
鲁中参考点,ecmwf_ifs025,2025-04-21,4,2025-04-25,21.4,6.7,10.5,4.2,,28.3,12.7,,18.4,24.33,0.0,
鲁中参考点,ecmwf_ifs025,2025-04-20,5,2025-04-25,21.0,7.4,10.7,5.3,,29.2,11.2,,23.9,24.17,0.0,
鲁中参考点,ecmwf_ifs025,2025-04-19,6,2025-04-25,20.5,8.8,10.0,6.3,,29.5,15.9,,20.7,4.62,0.0,
鲁中参考点,ecmwf_ifs025,2025-04-18,7,2025-04-25,18.5,8.9,10.0,7.5,,32.7,9.2,,18.4,23.97,0.0,
鲁中参考点,gfs_seamless,2025-04-24,1,2025-04-25,23.2,9.2,12.5,7.0,,25.4,14.5,53.3,5.8,,,0.0
鲁中参考点,gfs_seamless,2025-04-23,2,2025-04-25,22.9,8.9,12.2,6.8,,26.5,13.1,45.7,24.5,,,0.0
鲁中参考点,gfs_seamless,2025-04-22,3,2025-04-25,22.3,9.3,11.9,7.0,,25.7,15.1,57.2,18.6,,,0.0
鲁中参考点,gfs_seamless,2025-04-21,4,2025-04-25,22.2,8.8,10.9,6.0,,25.0,18.3,54.0,20.4,,,0.0
鲁中参考点,gfs_seamless,2025-04-20,5,2025-04-25,22.7,7.6,10.3,4.4,,23.0,19.7,61.9,30.5,,,0.0
鲁中参考点,gfs_seamless,2025-04-19,6,2025-04-25,22.5,10.1,11.8,,,29.0,16.3,51.1,71.2,,,0.0
鲁中参考点,gfs_seamless,2025-04-18,7,2025-04-25,24.2,12.0,14.6,,,39.5,17.2,50.8,79.0,,,0.0
鲁中参考点,jma_seamless,2025-04-24,1,2025-04-25,24.4,11.0,12.9,,,,,,,,,0.0
鲁中参考点,jma_seamless,2025-04-23,2,2025-04-25,24.7,9.5,13.0,,,,,,,,,0.0
鲁中参考点,jma_seamless,2025-04-22,3,2025-04-25,23.9,9.4,12.8,,,,,,,,,0.0
鲁中参考点,jma_seamless,2025-04-21,4,2025-04-25,24.9,10.0,13.0,,,,,,,,,0.0
鲁中参考点,jma_seamless,2025-04-20,5,2025-04-25,24.8,10.4,13.6,,,,,,,,,0.0
鲁中参考点,jma_seamless,2025-04-19,6,2025-04-25,24.1,9.6,13.3,,,,,,,,,0.0
鲁中参考点,jma_seamless,2025-04-18,7,2025-04-25,26.2,16.4,15.7,,,,,,,,,0.0
鲁中参考点,ecmwf_ifs025,2025-04-25,1,2025-04-26,26.6,14.4,14.8,,,25.1,26.5,,32.4,23.73,0.0,
鲁中参考点,ecmwf_ifs025,2025-04-24,2,2025-04-26,26.8,13.6,14.9,,,24.8,24.0,,32.1,23.76,0.0,
鲁中参考点,ecmwf_ifs025,2025-04-23,3,2025-04-26,26.7,13.2,14.8,,,28.8,23.6,,24.0,24.09,0.0,
鲁中参考点,ecmwf_ifs025,2025-04-22,4,2025-04-26,25.1,12.3,14.2,,,30.0,22.1,,30.1,23.34,0.0,
鲁中参考点,ecmwf_ifs025,2025-04-21,5,2025-04-26,23.4,12.6,12.9,,,29.3,22.4,,37.5,22.04,0.0,
鲁中参考点,ecmwf_ifs025,2025-04-20,6,2025-04-26,23.9,13.7,13.0,,,30.5,19.4,,40.5,3.92,0.0,
鲁中参考点,ecmwf_ifs025,2025-04-19,7,2025-04-26,24.0,13.1,12.6,,,34.0,22.6,,49.5,23.11,0.0,
鲁中参考点,gfs_seamless,2025-04-25,1,2025-04-26,26.4,13.4,14.8,,,27.3,25.5,57.6,56.0,,,0.0
鲁中参考点,gfs_seamless,2025-04-24,2,2025-04-26,26.2,12.8,15.0,,,27.2,21.3,55.1,95.0,,,0.0
鲁中参考点,gfs_seamless,2025-04-23,3,2025-04-26,26.5,12.1,14.5,,,26.8,21.2,58.3,69.5,,,0.0
鲁中参考点,gfs_seamless,2025-04-22,4,2025-04-26,24.2,11.5,12.9,,,27.8,23.8,56.5,69.2,,,0.0
鲁中参考点,gfs_seamless,2025-04-21,5,2025-04-26,24.3,12.2,13.0,,,28.3,23.6,64.4,47.7,,,0.0
鲁中参考点,gfs_seamless,2025-04-20,6,2025-04-26,24.6,12.7,13.6,,,35.9,25.0,63.4,52.2,,,0.0
鲁中参考点,gfs_seamless,2025-04-19,7,2025-04-26,26.4,11.9,14.7,,,37.1,19.4,54.0,54.7,,,0.0
鲁中参考点,jma_seamless,2025-04-25,1,2025-04-26,27.9,16.3,16.4,,,,,,,,,0.0
鲁中参考点,jma_seamless,2025-04-24,2,2025-04-26,28.2,16.4,17.0,,,,,,,,,0.0
鲁中参考点,jma_seamless,2025-04-23,3,2025-04-26,28.0,16.1,17.6,,,,,,,,,0.0
鲁中参考点,jma_seamless,2025-04-22,4,2025-04-26,27.4,15.7,16.3,,,,,,,,,0.0
鲁中参考点,jma_seamless,2025-04-21,5,2025-04-26,27.7,15.5,17.6,,,,,,,,,0.0
鲁中参考点,jma_seamless,2025-04-20,6,2025-04-26,26.3,16.1,16.0,,,,,,,,,0.0
鲁中参考点,jma_seamless,2025-04-19,7,2025-04-26,26.7,15.3,15.8,,,,,,,,,0.0
鲁中参考点,ecmwf_ifs025,2025-04-26,1,2025-04-27,20.1,8.3,11.5,5.9,,44.8,14.7,,53.0,14.19,8.1,
鲁中参考点,ecmwf_ifs025,2025-04-25,2,2025-04-27,20.2,8.7,12.1,6.1,,37.2,16.5,,39.6,17.13,0.0,
鲁中参考点,ecmwf_ifs025,2025-04-24,3,2025-04-27,20.2,9.4,12.2,6.9,,33.8,17.4,,34.3,19.21,0.0,
鲁中参考点,ecmwf_ifs025,2025-04-23,4,2025-04-27,23.1,10.1,14.0,,,35.4,17.0,,42.0,21.5,0.0,
鲁中参考点,ecmwf_ifs025,2025-04-22,5,2025-04-27,24.8,12.5,14.8,,,39.7,15.2,,48.2,22.11,0.0,
鲁中参考点,ecmwf_ifs025,2025-04-21,6,2025-04-27,25.9,13.6,15.3,,,38.5,13.9,,35.5,3.83,0.0,
鲁中参考点,ecmwf_ifs025,2025-04-20,7,2025-04-27,25.8,15.3,16.1,,,36.5,15.1,,40.7,23.37,0.0,
鲁中参考点,gfs_seamless,2025-04-26,1,2025-04-27,22.3,10.6,12.8,,,42.6,17.0,56.5,86.8,,,0.0
鲁中参考点,gfs_seamless,2025-04-25,2,2025-04-27,23.1,11.6,13.2,,,35.9,16.3,54.7,91.7,,,0.0
鲁中参考点,gfs_seamless,2025-04-24,3,2025-04-27,27.0,11.2,14.9,,26.4,29.0,15.3,58.0,79.8,,,0.0
鲁中参考点,gfs_seamless,2025-04-23,4,2025-04-27,26.3,13.3,14.4,,,33.5,14.7,56.5,83.1,,,0.0
鲁中参考点,gfs_seamless,2025-04-22,5,2025-04-27,23.7,12.3,14.0,,,32.6,12.8,49.3,75.5,,,0.0
鲁中参考点,gfs_seamless,2025-04-21,6,2025-04-27,25.5,14.0,16.9,,,39.7,10.2,59.4,68.3,,,0.0
鲁中参考点,gfs_seamless,2025-04-20,7,2025-04-27,22.5,12.9,14.9,,,37.9,8.9,24.1,34.2,,,0.0
鲁中参考点,jma_seamless,2025-04-26,1,2025-04-27,20.3,9.3,13.3,,,,,,,,,0.0
鲁中参考点,jma_seamless,2025-04-25,2,2025-04-27,19.4,10.8,13.6,,,,,,,,,0.0
鲁中参考点,jma_seamless,2025-04-24,3,2025-04-27,19.8,10.6,13.3,,,,,,,,,0.0
鲁中参考点,jma_seamless,2025-04-23,4,2025-04-27,26.4,10.6,15.5,,,,,,,,,0.0
鲁中参考点,jma_seamless,2025-04-22,5,2025-04-27,24.7,13.1,15.9,,,,,,,,,0.0
鲁中参考点,jma_seamless,2025-04-21,6,2025-04-27,24.2,15.4,16.6,,,,,,,,,0.0
鲁中参考点,jma_seamless,2025-04-20,7,2025-04-27,26.9,12.8,15.7,,,,,,,,,0.0
鲁中参考点,ecmwf_ifs025,2025-04-27,1,2025-04-28,24.8,8.3,14.3,7.5,,26.3,6.2,,0.0,24.33,0.0,
鲁中参考点,ecmwf_ifs025,2025-04-26,2,2025-04-28,24.6,8.4,14.2,7.6,,24.0,6.2,,4.8,24.38,0.0,
鲁中参考点,ecmwf_ifs025,2025-04-25,3,2025-04-28,24.9,8.7,13.8,8.0,,22.9,6.0,,6.4,24.45,0.0,
鲁中参考点,ecmwf_ifs025,2025-04-24,4,2025-04-28,24.1,8.1,13.8,7.0,,28.2,7.1,,3.5,24.4,0.0,
鲁中参考点,ecmwf_ifs025,2025-04-23,5,2025-04-28,24.7,8.1,13.7,6.9,,34.0,7.6,,11.2,24.54,0.0,
鲁中参考点,ecmwf_ifs025,2025-04-22,6,2025-04-28,23.6,11.8,13.8,,,36.0,5.3,,7.9,4.83,0.0,
鲁中参考点,ecmwf_ifs025,2025-04-21,7,2025-04-28,24.0,13.3,15.7,,,40.7,3.2,,35.2,20.9,0.0,
鲁中参考点,gfs_seamless,2025-04-27,1,2025-04-28,24.8,11.0,15.1,,,24.1,8.1,23.0,13.8,,,0.0
鲁中参考点,gfs_seamless,2025-04-26,2,2025-04-28,25.0,12.7,15.5,,,20.0,8.0,18.4,97.3,,,0.0
鲁中参考点,gfs_seamless,2025-04-25,3,2025-04-28,25.2,11.6,14.9,,,19.7,8.6,20.5,91.4,,,0.0
鲁中参考点,gfs_seamless,2025-04-24,4,2025-04-28,24.4,12.7,15.4,,,27.8,6.7,17.6,87.9,,,0.0
鲁中参考点,gfs_seamless,2025-04-23,5,2025-04-28,24.1,12.0,14.2,,,20.2,7.6,15.1,78.4,,,0.0
鲁中参考点,gfs_seamless,2025-04-22,6,2025-04-28,25.8,13.9,17.4,,,31.1,7.0,15.8,46.5,,,0.0
鲁中参考点,gfs_seamless,2025-04-21,7,2025-04-28,28.3,11.0,17.3,,27.9,39.1,10.4,28.1,17.4,,,0.0
鲁中参考点,jma_seamless,2025-04-27,1,2025-04-28,24.9,8.5,14.5,,,,,,,,,0.0
鲁中参考点,jma_seamless,2025-04-26,2,2025-04-28,25.8,9.4,14.3,,,,,,,,,0.0
鲁中参考点,jma_seamless,2025-04-25,3,2025-04-28,25.8,9.2,14.3,,,,,,,,,0.0
鲁中参考点,jma_seamless,2025-04-24,4,2025-04-28,24.2,9.7,13.7,,,,,,,,,0.0
鲁中参考点,jma_seamless,2025-04-23,5,2025-04-28,24.1,12.1,14.5,,,,,,,,,0.0
鲁中参考点,jma_seamless,2025-04-22,6,2025-04-28,24.5,13.7,14.7,,,,,,,,,0.0
鲁中参考点,jma_seamless,2025-04-21,7,2025-04-28,24.4,11.9,14.3,,,,,,,,,0.0
鲁中参考点,ecmwf_ifs025,2025-04-28,1,2025-04-29,27.6,14.7,16.8,,27.0,34.3,20.9,,2.0,24.44,0.0,
鲁中参考点,ecmwf_ifs025,2025-04-27,2,2025-04-29,27.3,15.0,16.5,,26.6,29.8,21.8,,4.6,24.29,0.0,
鲁中参考点,ecmwf_ifs025,2025-04-26,3,2025-04-29,26.6,14.4,16.4,,,30.9,19.7,,0.0,24.37,0.0,
鲁中参考点,ecmwf_ifs025,2025-04-25,4,2025-04-29,27.0,13.7,16.1,,26.4,29.4,20.2,,6.6,24.27,0.0,
鲁中参考点,ecmwf_ifs025,2025-04-24,5,2025-04-29,26.9,13.4,15.5,,,28.2,22.1,,7.7,23.52,0.0,
鲁中参考点,ecmwf_ifs025,2025-04-23,6,2025-04-29,29.3,14.3,16.7,,27.9,26.7,16.2,,2.7,4.74,0.0,
鲁中参考点,ecmwf_ifs025,2025-04-22,7,2025-04-29,28.3,14.4,16.3,,27.5,33.5,13.0,,0.3,24.18,0.0,
鲁中参考点,gfs_seamless,2025-04-28,1,2025-04-29,28.3,13.7,16.2,,27.1,25.2,20.6,65.5,27.8,,,0.0
鲁中参考点,gfs_seamless,2025-04-27,2,2025-04-29,28.5,14.3,16.5,,27.2,23.0,20.7,60.8,19.2,,,0.0
鲁中参考点,gfs_seamless,2025-04-26,3,2025-04-29,27.9,14.8,16.8,,26.8,24.7,18.8,54.0,23.8,,,0.0
鲁中参考点,gfs_seamless,2025-04-25,4,2025-04-29,28.0,14.5,16.8,,26.9,23.9,17.0,58.7,48.6,,,0.0
鲁中参考点,gfs_seamless,2025-04-24,5,2025-04-29,27.0,13.2,17.1,,26.8,37.9,10.9,33.5,45.2,,,0.0
鲁中参考点,gfs_seamless,2025-04-23,6,2025-04-29,27.4,14.2,16.7,,26.9,34.4,14.6,45.7,28.8,,,0.0
鲁中参考点,gfs_seamless,2025-04-22,7,2025-04-29,29.1,15.0,18.9,,28.4,36.5,16.8,51.8,63.0,,,0.0
鲁中参考点,jma_seamless,2025-04-28,1,2025-04-29,28.6,17.3,17.9,,,,,,,,,0.0
鲁中参考点,jma_seamless,2025-04-27,2,2025-04-29,28.3,17.1,17.9,,,,,,,,,0.0
鲁中参考点,jma_seamless,2025-04-26,3,2025-04-29,27.7,16.2,17.3,,,,,,,,,0.0
鲁中参考点,jma_seamless,2025-04-25,4,2025-04-29,27.2,16.0,17.0,,,,,,,,,0.0
鲁中参考点,jma_seamless,2025-04-24,5,2025-04-29,28.4,16.6,17.2,,,,,,,,,0.0
鲁中参考点,jma_seamless,2025-04-23,6,2025-04-29,29.6,15.3,17.4,,,,,,,,,0.0
鲁中参考点,jma_seamless,2025-04-22,7,2025-04-29,27.7,16.9,17.7,,,,,,,,,0.0
鲁中参考点,ecmwf_ifs025,2025-04-29,1,2025-04-30,28.7,15.0,17.9,,28.7,44.2,20.6,,29.3,19.35,4.2,
鲁中参考点,ecmwf_ifs025,2025-04-28,2,2025-04-30,29.5,15.6,18.1,,29.2,40.2,20.2,,34.0,23.74,4.2,
鲁中参考点,ecmwf_ifs025,2025-04-27,3,2025-04-30,29.8,16.5,18.8,,28.6,30.2,12.0,,27.0,20.96,0.0,
鲁中参考点,ecmwf_ifs025,2025-04-26,4,2025-04-30,29.4,16.7,19.4,,28.2,29.4,15.9,,27.1,23.0,0.0,
鲁中参考点,ecmwf_ifs025,2025-04-25,5,2025-04-30,29.7,16.7,19.3,,28.5,31.0,20.2,,18.6,23.7,0.0,
鲁中参考点,ecmwf_ifs025,2025-04-24,6,2025-04-30,29.7,18.5,19.0,,28.5,30.8,19.3,,25.3,4.66,0.0,
鲁中参考点,ecmwf_ifs025,2025-04-23,7,2025-04-30,31.9,14.8,20.2,,30.1,24.0,8.8,,16.7,23.86,0.0,
鲁中参考点,gfs_seamless,2025-04-29,1,2025-04-30,31.0,15.4,18.0,,29.8,30.8,22.9,62.3,60.8,,,0.0
鲁中参考点,gfs_seamless,2025-04-28,2,2025-04-30,31.8,15.6,18.2,,30.5,28.8,25.6,62.6,45.3,,,0.0
鲁中参考点,gfs_seamless,2025-04-27,3,2025-04-30,30.9,15.5,18.0,,29.4,26.6,20.9,54.0,48.7,,,0.0
鲁中参考点,gfs_seamless,2025-04-26,4,2025-04-30,31.9,15.3,19.2,,30.7,30.0,19.1,60.8,47.4,,,0.0
鲁中参考点,gfs_seamless,2025-04-25,5,2025-04-30,31.5,15.4,18.9,,29.5,18.7,14.5,54.7,38.9,,,0.0
鲁中参考点,gfs_seamless,2025-04-24,6,2025-04-30,31.9,14.1,19.3,,30.4,26.7,16.0,42.8,31.7,,,0.0
鲁中参考点,gfs_seamless,2025-04-23,7,2025-04-30,32.0,16.4,19.6,,30.3,24.5,14.9,50.8,20.2,,,0.0
鲁中参考点,jma_seamless,2025-04-29,1,2025-04-30,30.6,19.5,20.3,,,,,,,,,0.0
鲁中参考点,jma_seamless,2025-04-28,2,2025-04-30,29.8,18.4,19.0,,,,,,,,,0.0
鲁中参考点,jma_seamless,2025-04-27,3,2025-04-30,29.6,18.6,19.3,,,,,,,,,0.0
鲁中参考点,jma_seamless,2025-04-26,4,2025-04-30,28.4,18.6,19.3,,,,,,,,,0.0
鲁中参考点,jma_seamless,2025-04-25,5,2025-04-30,31.9,19.4,20.1,,,,,,,,,0.0
鲁中参考点,jma_seamless,2025-04-24,6,2025-04-30,32.1,18.0,19.4,,,,,,,,,0.0
鲁中参考点,jma_seamless,2025-04-23,7,2025-04-30,31.9,19.3,19.6,,,,,,,,,0.0
鲁中参考点,ecmwf_ifs025,2025-04-30,1,2025-05-01,21.7,10.1,13.3,,,38.3,7.9,,11.3,25.12,0.0,
鲁中参考点,ecmwf_ifs025,2025-04-29,2,2025-05-01,22.7,10.3,13.5,,,32.0,9.1,,5.3,25.1,0.0,
鲁中参考点,ecmwf_ifs025,2025-04-28,3,2025-05-01,23.2,10.8,14.0,,,34.4,7.7,,10.5,25.33,0.0,
鲁中参考点,ecmwf_ifs025,2025-04-27,4,2025-05-01,29.0,15.6,17.5,,27.7,26.2,13.4,,29.2,24.16,0.0,
鲁中参考点,ecmwf_ifs025,2025-04-26,5,2025-05-01,24.0,14.3,15.6,,,21.8,15.6,,10.1,25.18,0.0,
鲁中参考点,ecmwf_ifs025,2025-04-25,6,2025-05-01,21.6,15.1,13.8,,,25.5,17.6,,8.8,4.79,0.0,
鲁中参考点,ecmwf_ifs025,2025-04-24,7,2025-05-01,32.5,19.1,20.8,,31.0,26.3,15.0,,20.8,23.86,0.0,
鲁中参考点,gfs_seamless,2025-04-30,1,2025-05-01,22.9,12.2,12.8,,,26.9,16.2,41.8,18.2,,,0.0
鲁中参考点,gfs_seamless,2025-04-29,2,2025-05-01,22.7,13.3,12.9,,,29.0,17.3,55.1,32.5,,,0.0
鲁中参考点,gfs_seamless,2025-04-28,3,2025-05-01,24.0,12.9,12.9,,,21.2,16.6,51.5,9.2,,,0.0
鲁中参考点,gfs_seamless,2025-04-27,4,2025-05-01,23.7,12.8,13.4,,,23.0,17.9,47.9,27.0,,,0.0
鲁中参考点,gfs_seamless,2025-04-26,5,2025-05-01,22.8,14.5,13.2,,,19.3,20.9,65.5,53.9,,,0.0
鲁中参考点,gfs_seamless,2025-04-25,6,2025-05-01,32.7,14.2,18.2,,30.7,20.6,20.7,73.8,26.8,,,0.0
鲁中参考点,gfs_seamless,2025-04-24,7,2025-05-01,32.6,16.1,19.9,,31.4,29.0,15.7,53.3,42.6,,,0.0
鲁中参考点,jma_seamless,2025-04-30,1,2025-05-01,22.5,15.0,14.4,,,,,,,,,0.0
鲁中参考点,jma_seamless,2025-04-29,2,2025-05-01,22.4,15.0,14.2,,,,,,,,,0.0
鲁中参考点,jma_seamless,2025-04-28,3,2025-05-01,22.9,16.0,14.6,,,,,,,,,0.0
鲁中参考点,jma_seamless,2025-04-27,4,2025-05-01,24.9,15.6,16.2,,,,,,,,,0.0
鲁中参考点,jma_seamless,2025-04-26,5,2025-05-01,23.4,13.6,15.8,,,,,,,,,0.0
鲁中参考点,jma_seamless,2025-04-25,6,2025-05-01,25.4,16.1,17.3,,,,,,,,,0.0
鲁中参考点,jma_seamless,2025-04-24,7,2025-05-01,30.4,21.2,21.9,,,,,,,,,0.0
鲁中参考点,ecmwf_ifs025,2025-05-01,1,2025-05-02,26.8,13.4,15.7,,,45.8,16.7,,37.4,21.12,5.7,
鲁中参考点,ecmwf_ifs025,2025-04-30,2,2025-05-02,27.5,13.7,15.3,,27.2,40.0,16.0,,24.5,18.96,0.6,
鲁中参考点,ecmwf_ifs025,2025-04-29,3,2025-05-02,26.4,12.1,15.9,,,32.6,14.4,,29.8,20.84,0.0,
鲁中参考点,ecmwf_ifs025,2025-04-28,4,2025-05-02,26.4,12.1,15.5,,,33.8,12.0,,23.9,20.62,0.3,
鲁中参考点,ecmwf_ifs025,2025-04-27,5,2025-05-02,24.2,8.9,12.8,8.0,,24.7,6.9,,3.3,21.36,0.0,
鲁中参考点,ecmwf_ifs025,2025-04-26,6,2025-05-02,25.4,14.3,15.5,,,21.0,9.8,,26.8,3.82,0.0,
鲁中参考点,ecmwf_ifs025,2025-04-25,7,2025-05-02,22.1,15.4,16.3,,,26.3,8.7,,10.2,23.12,0.0,
鲁中参考点,gfs_seamless,2025-05-01,1,2025-05-02,30.3,11.4,16.2,,29.6,36.2,18.4,64.8,84.5,,,0.0
鲁中参考点,gfs_seamless,2025-04-30,2,2025-05-02,31.4,11.5,15.9,,30.5,32.9,20.6,64.8,81.8,,,0.0
鲁中参考点,gfs_seamless,2025-04-29,3,2025-05-02,28.3,12.6,16.4,,27.2,27.2,12.1,33.5,77.3,,,0.0
鲁中参考点,gfs_seamless,2025-04-28,4,2025-05-02,32.3,12.3,17.1,,31.6,33.2,20.0,59.0,81.1,,,0.0
鲁中参考点,gfs_seamless,2025-04-27,5,2025-05-02,27.5,13.9,15.2,,26.8,31.2,18.8,70.6,57.9,,,0.0
鲁中参考点,gfs_seamless,2025-04-26,6,2025-05-02,25.5,12.3,13.8,,,34.2,21.1,77.0,54.5,,,0.0
鲁中参考点,gfs_seamless,2025-04-25,7,2025-05-02,22.0,15.1,12.9,,,25.4,18.7,69.8,63.5,,,0.0
鲁中参考点,jma_seamless,2025-05-01,1,2025-05-02,27.4,15.4,16.9,,,,,,,,,0.0
鲁中参考点,jma_seamless,2025-04-30,2,2025-05-02,29.0,16.3,17.6,,,,,,,,,0.0
鲁中参考点,jma_seamless,2025-04-29,3,2025-05-02,27.2,15.4,17.9,,,,,,,,,0.0
鲁中参考点,jma_seamless,2025-04-28,4,2025-05-02,28.2,15.4,17.3,,,,,,,,,0.0
鲁中参考点,jma_seamless,2025-04-27,5,2025-05-02,31.6,12.3,17.6,,,,,,,,,0.0
鲁中参考点,jma_seamless,2025-04-26,6,2025-05-02,27.4,16.1,16.5,,,,,,,,,0.0
鲁中参考点,jma_seamless,2025-04-25,7,2025-05-02,32.3,21.6,22.7,,,,,,,,,0.0
鲁中参考点,ecmwf_ifs025,2025-05-02,1,2025-05-03,19.1,9.4,10.7,7.6,,45.7,12.0,,7.5,24.92,0.0,
鲁中参考点,ecmwf_ifs025,2025-05-01,2,2025-05-03,19.0,9.0,10.2,6.9,,45.4,13.3,,7.2,25.13,1.5,
鲁中参考点,ecmwf_ifs025,2025-04-30,3,2025-05-03,19.8,9.8,10.9,7.7,,40.8,14.7,,11.0,24.0,3.0,
鲁中参考点,ecmwf_ifs025,2025-04-29,4,2025-05-03,20.4,9.5,10.8,7.3,,36.9,14.6,,6.8,25.4,0.0,
鲁中参考点,ecmwf_ifs025,2025-04-28,5,2025-05-03,21.3,9.6,11.9,8.2,,38.9,9.6,,13.7,23.49,3.0,
鲁中参考点,ecmwf_ifs025,2025-04-27,6,2025-05-03,21.3,12.4,12.1,,,32.2,12.8,,4.8,4.94,0.0,
鲁中参考点,ecmwf_ifs025,2025-04-26,7,2025-05-03,22.6,12.4,14.0,,,22.3,10.3,,12.6,24.06,0.6,
鲁中参考点,gfs_seamless,2025-05-02,1,2025-05-03,20.4,10.5,10.5,,,36.1,18.0,50.4,33.9,,,0.0
鲁中参考点,gfs_seamless,2025-05-01,2,2025-05-03,20.8,11.8,11.7,,,34.3,17.4,40.0,31.5,,,0.0
鲁中参考点,gfs_seamless,2025-04-30,3,2025-05-03,21.0,12.3,11.4,,,33.7,18.7,47.5,31.9,,,0.0
鲁中参考点,gfs_seamless,2025-04-29,4,2025-05-03,21.5,11.1,11.2,,,34.1,20.1,43.9,43.8,,,0.0
鲁中参考点,gfs_seamless,2025-04-28,5,2025-05-03,20.5,9.8,10.4,6.9,,36.7,21.9,48.2,36.2,,,0.0
鲁中参考点,gfs_seamless,2025-04-27,6,2025-05-03,24.6,10.0,13.7,8.3,,30.1,12.2,38.2,43.0,,,0.0
鲁中参考点,gfs_seamless,2025-04-26,7,2025-05-03,22.8,11.1,12.6,,,28.7,16.0,39.6,28.6,,,0.0
鲁中参考点,jma_seamless,2025-05-02,1,2025-05-03,20.5,11.7,11.9,,,,,,,,,0.0
鲁中参考点,jma_seamless,2025-05-01,2,2025-05-03,21.0,11.9,13.1,,,,,,,,,0.0
鲁中参考点,jma_seamless,2025-04-30,3,2025-05-03,20.7,12.4,12.5,,,,,,,,,0.0
鲁中参考点,jma_seamless,2025-04-29,4,2025-05-03,21.1,12.8,13.5,,,,,,,,,0.0
鲁中参考点,jma_seamless,2025-04-28,5,2025-05-03,21.8,13.4,13.8,,,,,,,,,0.0
鲁中参考点,jma_seamless,2025-04-27,6,2025-05-03,21.8,14.1,13.6,,,,,,,,,0.0
鲁中参考点,jma_seamless,2025-04-26,7,2025-05-03,23.3,12.6,14.5,,,,,,,,,0.0
鲁中参考点,ecmwf_ifs025,2025-05-03,1,2025-05-04,23.7,9.3,13.1,7.4,,31.0,12.5,,18.4,21.1,0.0,
鲁中参考点,ecmwf_ifs025,2025-05-02,2,2025-05-04,23.3,9.1,12.7,7.2,,24.7,12.0,,16.9,21.45,0.0,
鲁中参考点,ecmwf_ifs025,2025-05-01,3,2025-05-04,23.5,9.4,12.5,7.1,,28.3,15.3,,15.2,24.87,0.0,
鲁中参考点,ecmwf_ifs025,2025-04-30,4,2025-05-04,23.7,7.9,12.2,5.5,,23.6,13.6,,12.4,24.11,0.0,
鲁中参考点,ecmwf_ifs025,2025-04-29,5,2025-05-04,25.4,8.3,13.1,6.1,,19.5,12.9,,16.3,25.19,0.0,
鲁中参考点,ecmwf_ifs025,2025-04-28,6,2025-05-04,24.9,10.3,13.5,,,26.0,11.2,,19.3,4.95,0.0,
鲁中参考点,ecmwf_ifs025,2025-04-27,7,2025-05-04,24.2,10.1,13.2,,,18.5,5.6,,16.2,24.99,0.0,
鲁中参考点,gfs_seamless,2025-05-03,1,2025-05-04,24.1,9.5,12.9,7.5,,23.0,13.5,49.3,66.0,,,0.0
鲁中参考点,gfs_seamless,2025-05-02,2,2025-05-04,24.5,10.0,13.0,8.2,,19.0,12.5,53.3,47.7,,,0.0
鲁中参考点,gfs_seamless,2025-05-01,3,2025-05-04,25.1,10.7,13.4,,,20.6,15.3,61.6,49.6,,,0.0
鲁中参考点,gfs_seamless,2025-04-30,4,2025-05-04,23.2,10.1,13.0,,,19.2,13.5,58.0,62.3,,,0.0
鲁中参考点,gfs_seamless,2025-04-29,5,2025-05-04,23.1,10.0,12.5,8.6,,18.0,10.0,30.6,48.2,,,0.0
鲁中参考点,gfs_seamless,2025-04-28,6,2025-05-04,25.3,11.8,14.3,,,22.0,12.6,28.4,56.8,,,0.0
鲁中参考点,gfs_seamless,2025-04-27,7,2025-05-04,26.7,11.4,13.5,,,30.4,16.8,46.1,69.0,,,0.0
鲁中参考点,jma_seamless,2025-05-03,1,2025-05-04,22.8,9.2,13.3,,,,,,,,,0.0
鲁中参考点,jma_seamless,2025-05-02,2,2025-05-04,23.5,9.5,13.9,,,,,,,,,0.0
鲁中参考点,jma_seamless,2025-05-01,3,2025-05-04,24.8,10.4,14.3,,,,,,,,,0.0
鲁中参考点,jma_seamless,2025-04-30,4,2025-05-04,24.5,10.0,14.2,,,,,,,,,0.0
鲁中参考点,jma_seamless,2025-04-29,5,2025-05-04,23.1,11.3,13.9,,,,,,,,,0.0
鲁中参考点,jma_seamless,2025-04-28,6,2025-05-04,24.2,12.0,14.4,,,,,,,,,0.0
鲁中参考点,jma_seamless,2025-04-27,7,2025-05-04,24.4,10.3,14.3,,,,,,,,,0.0
鲁中参考点,ecmwf_ifs025,2025-05-04,1,2025-05-05,22.7,12.4,15.3,,,56.2,13.2,,24.1,22.72,10.5,
鲁中参考点,ecmwf_ifs025,2025-05-03,2,2025-05-05,24.7,13.2,15.6,,,44.7,14.2,,16.1,24.4,1.8,
鲁中参考点,ecmwf_ifs025,2025-05-02,3,2025-05-05,24.4,12.3,14.7,,,44.5,18.1,,17.5,23.81,1.5,
鲁中参考点,ecmwf_ifs025,2025-05-01,4,2025-05-05,24.9,14.2,15.8,,,42.2,14.6,,24.0,22.45,0.9,
鲁中参考点,ecmwf_ifs025,2025-04-30,5,2025-05-05,25.8,14.7,15.7,,,39.4,16.8,,16.6,23.36,0.6,
鲁中参考点,ecmwf_ifs025,2025-04-29,6,2025-05-05,26.8,14.5,16.2,,,29.8,16.2,,23.4,4.83,0.0,
鲁中参考点,ecmwf_ifs025,2025-04-28,7,2025-05-05,21.4,12.5,13.8,,,36.2,16.3,,9.7,23.82,0.0,
鲁中参考点,gfs_seamless,2025-05-04,1,2025-05-05,24.6,12.7,15.1,,,43.3,17.3,52.9,58.8,,,0.0
鲁中参考点,gfs_seamless,2025-05-03,2,2025-05-05,26.0,13.1,15.3,,,36.8,16.8,58.7,64.7,,,0.0
鲁中参考点,gfs_seamless,2025-05-02,3,2025-05-05,24.5,12.8,13.8,,,39.2,21.2,63.4,60.9,,,0.0
鲁中参考点,gfs_seamless,2025-05-01,4,2025-05-05,24.4,9.7,13.6,7.0,,48.0,19.5,61.6,64.3,,,0.0
鲁中参考点,gfs_seamless,2025-04-30,5,2025-05-05,25.7,12.3,14.0,,,40.2,17.4,55.8,60.2,,,0.0
鲁中参考点,gfs_seamless,2025-04-29,6,2025-05-05,24.2,14.6,14.1,,,26.0,22.9,59.4,62.8,,,0.0
鲁中参考点,gfs_seamless,2025-04-28,7,2025-05-05,28.1,14.1,16.0,,27.1,28.9,22.5,62.6,43.1,,,0.0
鲁中参考点,jma_seamless,2025-05-04,1,2025-05-05,24.3,13.0,16.5,,,,,,,,,0.0
鲁中参考点,jma_seamless,2025-05-03,2,2025-05-05,25.4,15.6,17.2,,,,,,,,,0.0
鲁中参考点,jma_seamless,2025-05-02,3,2025-05-05,26.3,15.5,17.3,,,,,,,,,0.0
鲁中参考点,jma_seamless,2025-05-01,4,2025-05-05,27.0,17.0,17.6,,,,,,,,,0.0
鲁中参考点,jma_seamless,2025-04-30,5,2025-05-05,25.2,15.3,16.6,,,,,,,,,0.0
鲁中参考点,jma_seamless,2025-04-29,6,2025-05-05,25.2,15.9,16.3,,,,,,,,,0.0
鲁中参考点,jma_seamless,2025-04-28,7,2025-05-05,25.2,17.0,16.7,,,,,,,,,0.0
鲁中参考点,ecmwf_ifs025,2025-05-05,1,2025-05-06,16.8,10.6,11.5,,,80.2,11.4,,45.9,14.23,4.8,
鲁中参考点,ecmwf_ifs025,2025-05-04,2,2025-05-06,17.7,10.0,11.0,8.1,,77.5,13.4,,35.5,12.03,4.5,
鲁中参考点,ecmwf_ifs025,2025-05-03,3,2025-05-06,18.6,9.6,11.2,7.6,,66.2,13.9,,20.8,17.45,4.5,
鲁中参考点,ecmwf_ifs025,2025-05-02,4,2025-05-06,20.0,9.7,13.1,8.4,,58.2,9.5,,0.1,22.79,0.0,
鲁中参考点,ecmwf_ifs025,2025-05-01,5,2025-05-06,19.8,10.3,12.8,,,57.5,14.5,,10.5,21.84,0.0,
鲁中参考点,ecmwf_ifs025,2025-04-30,6,2025-05-06,19.4,13.1,13.1,,,41.4,13.5,,11.8,4.19,0.0,
鲁中参考点,ecmwf_ifs025,2025-04-29,7,2025-05-06,22.1,12.5,14.2,,,34.2,18.4,,0.0,24.69,0.0,
鲁中参考点,gfs_seamless,2025-05-05,1,2025-05-06,18.8,10.8,11.5,,,65.9,19.2,55.4,57.7,,,0.0
鲁中参考点,gfs_seamless,2025-05-04,2,2025-05-06,19.2,11.3,12.0,,,66.4,15.6,40.0,39.5,,,0.0
鲁中参考点,gfs_seamless,2025-05-03,3,2025-05-06,21.3,11.0,12.8,,,62.9,13.8,37.4,32.0,,,0.0
鲁中参考点,gfs_seamless,2025-05-02,4,2025-05-06,21.7,10.7,13.7,,,65.0,13.3,34.2,16.2,,,0.0
鲁中参考点,gfs_seamless,2025-05-01,5,2025-05-06,18.3,8.9,10.9,6.7,,77.6,13.9,39.6,74.6,,,0.0
鲁中参考点,gfs_seamless,2025-04-30,6,2025-05-06,21.0,10.2,11.9,,,61.2,16.2,46.8,42.1,,,0.0
鲁中参考点,gfs_seamless,2025-04-29,7,2025-05-06,24.8,9.3,13.1,6.6,,38.8,18.8,40.7,47.9,,,0.0
鲁中参考点,jma_seamless,2025-05-05,1,2025-05-06,16.3,11.8,13.0,,,,,,,,,0.0
鲁中参考点,jma_seamless,2025-05-04,2,2025-05-06,16.4,13.4,14.0,,,,,,,,,0.0
鲁中参考点,jma_seamless,2025-05-03,3,2025-05-06,18.9,11.2,13.6,,,,,,,,,0.0
鲁中参考点,jma_seamless,2025-05-02,4,2025-05-06,20.5,11.6,13.7,,,,,,,,,0.0
鲁中参考点,jma_seamless,2025-05-01,5,2025-05-06,19.4,12.4,14.7,,,,,,,,,0.0
鲁中参考点,jma_seamless,2025-04-30,6,2025-05-06,19.7,14.5,14.6,,,,,,,,,0.0
鲁中参考点,jma_seamless,2025-04-29,7,2025-05-06,23.4,13.5,15.6,,,,,,,,,0.0
鲁中参考点,ecmwf_ifs025,2025-05-06,1,2025-05-07,21.0,9.8,14.2,,,,,,47.3,,,
鲁中参考点,ecmwf_ifs025,2025-05-05,2,2025-05-07,21.2,8.8,14.0,,,,,,32.8,,,
鲁中参考点,ecmwf_ifs025,2025-05-04,3,2025-05-07,23.4,7.4,14.8,,,,,,40.8,,,
鲁中参考点,ecmwf_ifs025,2025-05-03,4,2025-05-07,24.6,7.7,14.2,,,,,,15.4,,,
鲁中参考点,ecmwf_ifs025,2025-05-02,5,2025-05-07,25.2,7.7,14.7,,,,,,11.5,,,
鲁中参考点,ecmwf_ifs025,2025-05-01,6,2025-05-07,19.0,12.2,13.1,,,,,,35.7,,,
鲁中参考点,ecmwf_ifs025,2025-04-30,7,2025-05-07,22.5,10.6,13.8,,,,,,30.2,,,
鲁中参考点,gfs_seamless,2025-05-06,1,2025-05-07,23.6,10.6,15.1,,,54.3,12.8,,,15.63,0.0,
鲁中参考点,gfs_seamless,2025-05-05,2,2025-05-07,25.2,9.9,15.6,8.1,,55.8,12.4,,,21.32,0.0,
鲁中参考点,gfs_seamless,2025-05-04,3,2025-05-07,26.2,10.1,14.9,,,43.5,14.7,,,24.93,0.0,
鲁中参考点,gfs_seamless,2025-05-03,4,2025-05-07,24.3,10.8,13.8,,,36.9,13.8,,,20.97,0.0,
鲁中参考点,gfs_seamless,2025-05-02,5,2025-05-07,27.6,8.2,15.5,6.4,27.9,48.8,10.7,,,27.17,0.0,
鲁中参考点,gfs_seamless,2025-05-01,6,2025-05-07,24.4,10.1,14.7,,,51.4,13.8,,,23.87,0.0,
鲁中参考点,gfs_seamless,2025-04-30,7,2025-05-07,26.0,8.4,14.4,6.0,,54.5,14.2,,,21.91,0.0,
鲁中参考点,jma_seamless,2025-05-06,1,2025-05-07,23.3,11.4,16.0,,,59.3,7.7,,,,0.0,0.0
鲁中参考点,jma_seamless,2025-05-05,2,2025-05-07,25.4,12.3,16.9,,,56.0,8.2,,,,0.0,0.0
鲁中参考点,jma_seamless,2025-05-04,3,2025-05-07,26.3,9.3,16.7,7.8,,56.3,10.0,,,,0.0,0.0
鲁中参考点,jma_seamless,2025-05-03,4,2025-05-07,25.0,10.1,14.5,,,40.2,7.1,,,,0.0,0.0
鲁中参考点,jma_seamless,2025-05-02,5,2025-05-07,24.2,10.5,14.6,,,41.3,8.0,,,,0.0,0.0
鲁中参考点,jma_seamless,2025-05-01,6,2025-05-07,21.1,14.2,15.8,,,45.9,8.8,,,,1.2,0.0
鲁中参考点,jma_seamless,2025-04-30,7,2025-05-07,24.6,11.8,16.2,,,53.5,7.1,,,,0.0,0.0
鲁中参考点,ecmwf_ifs025,2025-05-07,1,2025-05-08,23.4,14.8,15.5,,,,,,80.1,,,
鲁中参考点,ecmwf_ifs025,2025-05-06,2,2025-05-08,23.2,14.5,14.8,,,,,,78.9,,,
鲁中参考点,ecmwf_ifs025,2025-05-05,3,2025-05-08,22.1,15.3,14.6,,,,,,68.7,,,
鲁中参考点,ecmwf_ifs025,2025-05-04,4,2025-05-08,25.5,14.5,16.5,,,,,,72.9,,,
鲁中参考点,ecmwf_ifs025,2025-05-03,5,2025-05-08,24.6,15.6,15.4,,,,,,53.5,,,
鲁中参考点,ecmwf_ifs025,2025-05-02,6,2025-05-08,24.2,16.6,16.3,,,,,,57.2,,,
鲁中参考点,ecmwf_ifs025,2025-05-01,7,2025-05-08,26.6,15.1,16.7,,,,,,19.8,,,
鲁中参考点,gfs_seamless,2025-05-07,1,2025-05-08,23.3,13.3,14.1,,,50.8,16.8,,,16.25,0.0,
鲁中参考点,gfs_seamless,2025-05-06,2,2025-05-08,23.3,14.2,14.7,,,53.1,19.2,,,16.6,0.0,
鲁中参考点,gfs_seamless,2025-05-05,3,2025-05-08,22.5,14.3,14.4,,,51.4,18.2,,,13.13,0.0,
鲁中参考点,gfs_seamless,2025-05-04,4,2025-05-08,24.9,14.1,15.5,,,46.3,16.4,,,16.65,0.0,
鲁中参考点,gfs_seamless,2025-05-03,5,2025-05-08,21.7,12.9,13.5,,,46.1,16.0,,,14.94,0.0,
鲁中参考点,gfs_seamless,2025-05-02,6,2025-05-08,28.6,12.5,16.1,,28.7,45.6,16.6,,,22.04,0.0,
鲁中参考点,gfs_seamless,2025-05-01,7,2025-05-08,22.1,13.4,14.1,,,63.5,19.8,,,11.52,0.0,
鲁中参考点,jma_seamless,2025-05-07,1,2025-05-08,21.1,14.4,16.4,,,68.9,12.5,,,,0.0,0.0
鲁中参考点,jma_seamless,2025-05-06,2,2025-05-08,20.4,14.3,16.4,,,71.8,12.9,,,,3.6,0.0
鲁中参考点,jma_seamless,2025-05-05,3,2025-05-08,23.1,14.8,16.8,,,63.0,14.5,,,,0.3,0.0
鲁中参考点,jma_seamless,2025-05-04,4,2025-05-08,25.7,16.1,18.4,,,61.6,13.7,,,,0.0,0.0
鲁中参考点,jma_seamless,2025-05-03,5,2025-05-08,23.8,13.9,15.7,,,53.6,10.7,,,,0.0,0.0
鲁中参考点,jma_seamless,2025-05-02,6,2025-05-08,25.0,17.1,17.5,,,50.8,13.6,,,,0.0,0.0
鲁中参考点,jma_seamless,2025-05-01,7,2025-05-08,25.7,16.0,16.9,,,40.2,16.7,,,,0.0,0.0
鲁中参考点,ecmwf_ifs025,2025-05-08,1,2025-05-09,18.1,10.6,12.7,,,,,,64.9,,,
鲁中参考点,ecmwf_ifs025,2025-05-07,2,2025-05-09,21.4,11.9,14.6,,,,,,49.4,,,
鲁中参考点,ecmwf_ifs025,2025-05-06,3,2025-05-09,20.1,12.0,14.3,,,,,,53.5,,,
鲁中参考点,ecmwf_ifs025,2025-05-05,4,2025-05-09,23.3,10.9,15.2,,,,,,32.3,,,
鲁中参考点,ecmwf_ifs025,2025-05-04,5,2025-05-09,22.4,13.0,16.7,,,,,,71.5,,,
鲁中参考点,ecmwf_ifs025,2025-05-03,6,2025-05-09,24.2,10.9,15.0,,,,,,6.6,,,
鲁中参考点,ecmwf_ifs025,2025-05-02,7,2025-05-09,24.3,16.2,17.3,,,,,,10.4,,,
鲁中参考点,gfs_seamless,2025-05-08,1,2025-05-09,14.3,10.8,11.0,,,84.8,8.8,,,2.95,0.0,
鲁中参考点,gfs_seamless,2025-05-07,2,2025-05-09,18.4,11.6,13.2,,,81.2,8.0,,,8.74,0.0,
鲁中参考点,gfs_seamless,2025-05-06,3,2025-05-09,21.2,10.6,13.4,,,75.3,11.3,,,14.62,0.0,
鲁中参考点,gfs_seamless,2025-05-05,4,2025-05-09,23.6,11.6,15.1,,,71.4,9.1,,,21.03,0.0,
鲁中参考点,gfs_seamless,2025-05-04,5,2025-05-09,22.8,11.8,14.0,,,77.9,17.7,,,10.12,0.0,
鲁中参考点,gfs_seamless,2025-05-03,6,2025-05-09,22.1,11.0,14.3,,,71.2,10.0,,,15.54,0.0,
鲁中参考点,gfs_seamless,2025-05-02,7,2025-05-09,28.2,13.9,17.9,,30.5,65.8,15.0,,,26.48,0.0,
鲁中参考点,jma_seamless,2025-05-08,1,2025-05-09,15.9,11.1,12.6,,,83.5,8.3,,,,6.9,0.0
鲁中参考点,jma_seamless,2025-05-07,2,2025-05-09,17.5,11.2,13.2,,,82.8,7.9,,,,5.4,0.0
鲁中参考点,jma_seamless,2025-05-06,3,2025-05-09,17.1,11.0,13.2,,,78.4,6.9,,,,8.4,0.0
鲁中参考点,jma_seamless,2025-05-05,4,2025-05-09,21.5,15.8,17.0,,,60.5,8.9,,,,0.0,0.0
鲁中参考点,jma_seamless,2025-05-04,5,2025-05-09,23.1,13.8,17.4,,,58.5,9.7,,,,2.4,0.0
鲁中参考点,jma_seamless,2025-05-03,6,2025-05-09,17.3,11.9,15.8,,,82.5,8.7,,,,23.7,0.0
鲁中参考点,jma_seamless,2025-05-02,7,2025-05-09,19.6,14.7,17.6,,,80.1,9.0,,,,12.6,0.0
鲁中参考点,ecmwf_ifs025,2025-05-09,1,2025-05-10,18.6,9.4,10.8,,,,,,37.7,,,
鲁中参考点,ecmwf_ifs025,2025-05-08,2,2025-05-10,17.9,9.0,10.4,,,,,,57.0,,,
鲁中参考点,ecmwf_ifs025,2025-05-07,3,2025-05-10,16.8,9.7,10.3,,,,,,60.5,,,
鲁中参考点,ecmwf_ifs025,2025-05-06,4,2025-05-10,14.1,9.5,9.4,,,,,,74.3,,,
鲁中参考点,ecmwf_ifs025,2025-05-05,5,2025-05-10,20.7,10.5,10.9,,,,,,8.0,,,
鲁中参考点,ecmwf_ifs025,2025-05-04,6,2025-05-10,24.6,9.8,14.2,,,,,,0.0,,,
鲁中参考点,ecmwf_ifs025,2025-05-03,7,2025-05-10,26.4,14.7,17.0,,,,,,3.8,,,
鲁中参考点,gfs_seamless,2025-05-09,1,2025-05-10,19.2,9.5,11.1,7.5,,61.2,13.3,,,22.45,0.0,
鲁中参考点,gfs_seamless,2025-05-08,2,2025-05-10,19.1,9.7,11.4,7.7,,63.7,13.5,,,17.95,0.0,
鲁中参考点,gfs_seamless,2025-05-07,3,2025-05-10,16.0,8.5,8.6,5.4,,69.8,20.5,,,18.05,0.0,
鲁中参考点,gfs_seamless,2025-05-06,4,2025-05-10,23.6,10.4,12.9,,,50.1,16.8,,,27.32,0.0,
鲁中参考点,gfs_seamless,2025-05-05,5,2025-05-10,22.4,10.7,12.0,,,56.0,18.9,,,23.19,0.0,
鲁中参考点,gfs_seamless,2025-05-04,6,2025-05-10,19.6,11.8,12.2,,,54.4,18.1,,,20.69,0.0,
鲁中参考点,gfs_seamless,2025-05-03,7,2025-05-10,28.2,11.7,15.3,,28.6,49.0,17.0,,,28.91,0.0,
鲁中参考点,jma_seamless,2025-05-09,1,2025-05-10,20.3,9.5,12.0,8.4,,60.9,7.9,,,,2.1,0.0
鲁中参考点,jma_seamless,2025-05-08,2,2025-05-10,19.5,9.8,12.2,8.3,,66.8,10.4,,,,1.8,0.0
鲁中参考点,jma_seamless,2025-05-07,3,2025-05-10,19.8,10.2,12.7,,,59.7,10.4,,,,0.9,0.0
鲁中参考点,jma_seamless,2025-05-06,4,2025-05-10,20.5,15.3,13.7,,,29.4,10.5,,,,0.0,0.0
鲁中参考点,jma_seamless,2025-05-05,5,2025-05-10,24.2,15.3,16.2,,,27.8,8.9,,,,0.0,0.0
鲁中参考点,jma_seamless,2025-05-04,6,2025-05-10,25.4,11.1,14.8,,,30.1,12.4,,,,2.1,0.0
鲁中参考点,jma_seamless,2025-05-03,7,2025-05-10,27.5,13.6,16.3,,27.0,35.2,5.9,,,,0.0,0.0
鲁中参考点,ecmwf_ifs025,2025-05-10,1,2025-05-11,24.3,8.9,14.5,,,,,,3.5,,,
鲁中参考点,ecmwf_ifs025,2025-05-09,2,2025-05-11,24.3,9.5,15.2,,,,,,13.0,,,
鲁中参考点,ecmwf_ifs025,2025-05-08,3,2025-05-11,23.8,10.3,14.9,,,,,,10.8,,,
鲁中参考点,ecmwf_ifs025,2025-05-07,4,2025-05-11,24.5,8.9,14.2,,,,,,12.0,,,
鲁中参考点,ecmwf_ifs025,2025-05-06,5,2025-05-11,24.3,8.1,14.4,,,,,,8.5,,,
鲁中参考点,ecmwf_ifs025,2025-05-05,6,2025-05-11,26.4,13.1,15.6,,,,,,1.6,,,
鲁中参考点,ecmwf_ifs025,2025-05-04,7,2025-05-11,28.5,18.3,17.4,,,,,,21.2,,,
鲁中参考点,gfs_seamless,2025-05-10,1,2025-05-11,26.3,11.0,15.5,,,28.0,11.1,,,29.55,0.0,
鲁中参考点,gfs_seamless,2025-05-09,2,2025-05-11,26.0,10.3,15.4,,,28.2,10.1,,,29.54,0.0,
鲁中参考点,gfs_seamless,2025-05-08,3,2025-05-11,27.1,10.4,15.8,,26.6,33.6,11.4,,,29.38,0.0,
鲁中参考点,gfs_seamless,2025-05-07,4,2025-05-11,25.4,11.0,15.5,,,33.4,12.3,,,29.3,0.0,
鲁中参考点,gfs_seamless,2025-05-06,5,2025-05-11,30.0,13.1,17.3,,28.3,22.1,16.2,,,29.39,0.0,
鲁中参考点,gfs_seamless,2025-05-05,6,2025-05-11,28.0,11.4,16.0,,27.4,35.9,13.5,,,27.51,0.3,
鲁中参考点,gfs_seamless,2025-05-04,7,2025-05-11,30.7,13.6,17.7,,29.8,34.1,12.2,,,27.93,0.0,
鲁中参考点,jma_seamless,2025-05-10,1,2025-05-11,27.3,12.2,16.2,,26.4,22.6,9.7,,,,0.0,0.0
鲁中参考点,jma_seamless,2025-05-09,2,2025-05-11,27.0,13.5,16.6,,26.4,28.2,8.2,,,,0.0,0.0
鲁中参考点,jma_seamless,2025-05-08,3,2025-05-11,25.2,14.7,16.5,,,30.5,8.2,,,,0.0,0.0
鲁中参考点,jma_seamless,2025-05-07,4,2025-05-11,26.8,13.6,16.0,,,20.5,6.3,,,,0.0,0.0
鲁中参考点,jma_seamless,2025-05-06,5,2025-05-11,28.3,15.3,18.9,,27.0,22.0,6.0,,,,0.0,0.0
鲁中参考点,jma_seamless,2025-05-05,6,2025-05-11,30.3,15.7,17.5,,28.5,20.6,12.4,,,,0.0,0.0
鲁中参考点,jma_seamless,2025-05-04,7,2025-05-11,31.3,13.5,18.1,,29.2,14.0,15.2,,,,0.0,0.0
鲁中参考点,ecmwf_ifs025,2025-05-11,1,2025-05-12,27.7,15.2,18.2,,,,,,44.2,,,
鲁中参考点,ecmwf_ifs025,2025-05-10,2,2025-05-12,27.1,15.2,18.1,,,,,,40.2,,,
鲁中参考点,ecmwf_ifs025,2025-05-09,3,2025-05-12,27.2,15.5,17.5,,,,,,32.9,,,
鲁中参考点,ecmwf_ifs025,2025-05-08,4,2025-05-12,26.7,15.4,17.6,,,,,,32.4,,,
鲁中参考点,ecmwf_ifs025,2025-05-07,5,2025-05-12,28.2,15.7,18.0,,,,,,27.2,,,
鲁中参考点,ecmwf_ifs025,2025-05-06,6,2025-05-12,28.4,18.4,18.1,,,,,,23.5,,,
鲁中参考点,ecmwf_ifs025,2025-05-05,7,2025-05-12,30.2,19.7,19.8,,,,,,39.7,,,
鲁中参考点,gfs_seamless,2025-05-11,1,2025-05-12,30.7,14.9,18.6,,29.2,27.6,20.2,,,26.15,0.0,
鲁中参考点,gfs_seamless,2025-05-10,2,2025-05-12,30.9,14.9,18.7,,29.3,26.3,22.7,,,27.46,0.0,
鲁中参考点,gfs_seamless,2025-05-09,3,2025-05-12,32.2,14.0,18.9,,30.8,27.6,21.6,,,28.09,0.0,
鲁中参考点,gfs_seamless,2025-05-08,4,2025-05-12,32.3,15.7,19.5,,30.7,25.8,20.5,,,27.63,0.0,
鲁中参考点,gfs_seamless,2025-05-07,5,2025-05-12,30.1,16.0,19.0,,28.6,26.8,23.7,,,26.33,0.0,
鲁中参考点,gfs_seamless,2025-05-06,6,2025-05-12,32.6,17.4,20.6,,31.2,27.8,28.9,,,26.94,0.0,
鲁中参考点,gfs_seamless,2025-05-05,7,2025-05-12,30.5,16.3,18.7,,29.2,29.2,25.2,,,28.16,0.0,
鲁中参考点,jma_seamless,2025-05-11,1,2025-05-12,30.8,19.8,20.4,,29.0,22.2,16.8,,,,0.0,0.0
鲁中参考点,jma_seamless,2025-05-10,2,2025-05-12,30.9,19.6,20.2,,29.0,20.4,16.1,,,,0.0,0.0
鲁中参考点,jma_seamless,2025-05-09,3,2025-05-12,30.8,19.9,20.0,,28.9,18.8,16.5,,,,0.0,0.0
鲁中参考点,jma_seamless,2025-05-08,4,2025-05-12,30.9,18.8,19.7,,29.0,19.6,16.8,,,,0.0,0.0
鲁中参考点,jma_seamless,2025-05-07,5,2025-05-12,31.4,21.3,21.3,,29.6,22.5,17.9,,,,0.0,0.0
鲁中参考点,jma_seamless,2025-05-06,6,2025-05-12,32.0,15.4,20.6,,30.5,26.7,16.6,,,,0.0,0.0
鲁中参考点,jma_seamless,2025-05-05,7,2025-05-12,33.2,22.4,22.1,,31.0,17.7,16.6,,,,0.0,0.0
鲁中参考点,ecmwf_ifs025,2025-05-12,1,2025-05-13,27.6,19.4,19.2,,,,,,60.8,,,
鲁中参考点,ecmwf_ifs025,2025-05-11,2,2025-05-13,26.3,19.1,19.0,,,,,,71.0,,,
鲁中参考点,ecmwf_ifs025,2025-05-10,3,2025-05-13,27.5,19.1,19.0,,,,,,41.1,,,
鲁中参考点,ecmwf_ifs025,2025-05-09,4,2025-05-13,25.8,18.9,18.0,,,,,,67.5,,,
鲁中参考点,ecmwf_ifs025,2025-05-08,5,2025-05-13,26.4,19.0,19.0,,,,,,73.3,,,
鲁中参考点,ecmwf_ifs025,2025-05-07,6,2025-05-13,29.5,19.8,20.6,,,,,,37.2,,,
鲁中参考点,ecmwf_ifs025,2025-05-06,7,2025-05-13,29.8,21.9,21.7,,,,,,57.2,,,
鲁中参考点,gfs_seamless,2025-05-12,1,2025-05-13,28.7,20.0,19.6,,28.3,40.0,30.3,,,23.32,0.0,
鲁中参考点,gfs_seamless,2025-05-11,2,2025-05-13,27.5,19.6,18.4,,27.2,38.8,31.6,,,20.02,0.0,
鲁中参考点,gfs_seamless,2025-05-10,3,2025-05-13,29.2,19.3,18.8,,28.4,35.0,32.3,,,24.96,0.0,
鲁中参考点,gfs_seamless,2025-05-09,4,2025-05-13,29.9,20.6,20.2,,28.8,32.0,29.5,,,26.56,0.0,
鲁中参考点,gfs_seamless,2025-05-08,5,2025-05-13,29.3,20.3,20.3,,28.6,36.8,27.2,,,24.48,0.9,
鲁中参考点,gfs_seamless,2025-05-07,6,2025-05-13,32.0,21.8,22.4,,31.7,36.6,28.0,,,24.99,0.0,
鲁中参考点,gfs_seamless,2025-05-06,7,2025-05-13,34.2,21.9,23.3,,34.3,33.8,30.6,,,25.24,0.9,
鲁中参考点,jma_seamless,2025-05-12,1,2025-05-13,31.4,22.3,22.2,,30.5,33.0,21.4,,,,0.0,0.0
鲁中参考点,jma_seamless,2025-05-11,2,2025-05-13,31.2,22.7,22.0,,29.9,29.4,21.5,,,,0.0,0.0
鲁中参考点,jma_seamless,2025-05-10,3,2025-05-13,30.8,22.6,21.7,,29.3,27.8,20.6,,,,0.0,0.0
鲁中参考点,jma_seamless,2025-05-09,4,2025-05-13,30.9,22.6,22.0,,29.5,28.3,20.6,,,,0.0,0.0
鲁中参考点,jma_seamless,2025-05-08,5,2025-05-13,29.9,22.5,21.6,,28.7,30.3,22.3,,,,0.0,0.0
鲁中参考点,jma_seamless,2025-05-07,6,2025-05-13,30.1,23.2,21.7,,28.6,25.9,20.7,,,,0.0,0.0
鲁中参考点,jma_seamless,2025-05-06,7,2025-05-13,30.8,23.1,22.2,,29.5,29.7,20.8,,,,0.0,0.0
鲁中参考点,ecmwf_ifs025,2025-05-13,1,2025-05-14,29.0,15.2,20.9,,,,,,37.8,,,
鲁中参考点,ecmwf_ifs025,2025-05-12,2,2025-05-14,27.7,14.7,19.7,,,,,,34.6,,,
鲁中参考点,ecmwf_ifs025,2025-05-11,3,2025-05-14,29.7,14.9,21.4,,,,,,8.0,,,
鲁中参考点,ecmwf_ifs025,2025-05-10,4,2025-05-14,28.0,15.6,20.4,,,,,,36.8,,,
鲁中参考点,ecmwf_ifs025,2025-05-09,5,2025-05-14,29.9,17.0,22.0,,,,,,27.2,,,
鲁中参考点,ecmwf_ifs025,2025-05-08,6,2025-05-14,29.1,17.1,23.3,,,,,,37.5,,,
鲁中参考点,ecmwf_ifs025,2025-05-07,7,2025-05-14,30.5,16.6,22.5,,,,,,46.0,,,
鲁中参考点,gfs_seamless,2025-05-13,1,2025-05-14,29.7,14.1,19.7,,31.5,55.8,22.8,,,20.89,0.4,
鲁中参考点,gfs_seamless,2025-05-12,2,2025-05-14,29.0,13.8,19.8,,30.4,55.5,20.6,,,22.05,0.5,
鲁中参考点,gfs_seamless,2025-05-11,3,2025-05-14,28.9,17.7,21.7,,30.1,54.5,19.4,,,23.25,0.0,
鲁中参考点,gfs_seamless,2025-05-10,4,2025-05-14,29.4,17.6,20.5,,30.0,48.3,20.1,,,26.82,0.8,
鲁中参考点,gfs_seamless,2025-05-09,5,2025-05-14,27.3,17.0,20.7,,27.6,48.7,16.2,,,19.29,0.0,
鲁中参考点,gfs_seamless,2025-05-08,6,2025-05-14,30.2,18.7,19.9,,30.1,41.4,16.6,,,19.48,0.0,
鲁中参考点,gfs_seamless,2025-05-07,7,2025-05-14,30.9,22.5,23.8,,31.1,42.2,23.1,,,24.29,0.0,
鲁中参考点,jma_seamless,2025-05-13,1,2025-05-14,24.8,15.6,20.9,,,57.9,15.2,,,,0.0,0.0
鲁中参考点,jma_seamless,2025-05-12,2,2025-05-14,26.5,15.6,21.2,,,47.3,13.5,,,,0.0,0.0
鲁中参考点,jma_seamless,2025-05-11,3,2025-05-14,29.8,17.9,22.9,,30.1,45.2,12.2,,,,0.0,0.0
鲁中参考点,jma_seamless,2025-05-10,4,2025-05-14,28.9,19.9,23.5,,29.6,50.3,14.2,,,,1.2,0.0
鲁中参考点,jma_seamless,2025-05-09,5,2025-05-14,26.8,18.3,23.2,,,59.9,12.8,,,,0.6,0.0
鲁中参考点,jma_seamless,2025-05-08,6,2025-05-14,32.2,19.3,22.9,,30.8,28.3,12.4,,,,0.0,0.0
鲁中参考点,jma_seamless,2025-05-07,7,2025-05-14,32.1,20.3,24.3,,33.0,43.1,13.8,,,,0.0,0.0
鲁中参考点,ecmwf_ifs025,2025-05-14,1,2025-05-15,27.2,11.6,17.9,,,,,,40.8,,,
鲁中参考点,ecmwf_ifs025,2025-05-13,2,2025-05-15,28.1,11.5,18.5,,,,,,44.6,,,
鲁中参考点,ecmwf_ifs025,2025-05-12,3,2025-05-15,27.4,11.1,18.1,,,,,,46.3,,,
鲁中参考点,ecmwf_ifs025,2025-05-11,4,2025-05-15,30.1,12.1,20.0,,,,,,34.8,,,
鲁中参考点,ecmwf_ifs025,2025-05-10,5,2025-05-15,27.2,13.3,19.8,,,,,,22.5,,,
鲁中参考点,ecmwf_ifs025,2025-05-09,6,2025-05-15,29.7,15.3,19.9,,,,,,30.8,,,
鲁中参考点,ecmwf_ifs025,2025-05-08,7,2025-05-15,28.0,15.4,21.5,,,,,,8.1,,,
鲁中参考点,gfs_seamless,2025-05-14,1,2025-05-15,27.6,12.9,18.4,,27.4,41.9,8.1,,,26.75,0.0,
鲁中参考点,gfs_seamless,2025-05-13,2,2025-05-15,27.1,13.5,18.1,,27.2,44.2,8.6,,,23.87,0.0,
鲁中参考点,gfs_seamless,2025-05-12,3,2025-05-15,26.5,15.8,19.4,,,48.2,8.1,,,19.84,0.0,
鲁中参考点,gfs_seamless,2025-05-11,4,2025-05-15,29.8,14.4,20.9,,29.7,41.7,7.5,,,29.06,0.1,
鲁中参考点,gfs_seamless,2025-05-10,5,2025-05-15,30.9,15.6,20.4,,30.6,38.6,11.7,,,24.84,0.2,
鲁中参考点,gfs_seamless,2025-05-09,6,2025-05-15,28.4,13.0,19.4,,29.8,57.7,12.2,,,22.44,0.0,
鲁中参考点,gfs_seamless,2025-05-08,7,2025-05-15,29.2,15.5,20.6,,28.1,31.4,12.8,,,28.84,0.2,
鲁中参考点,jma_seamless,2025-05-14,1,2025-05-15,28.5,14.6,19.0,,27.8,36.2,5.0,,,,0.0,0.0
鲁中参考点,jma_seamless,2025-05-13,2,2025-05-15,28.0,14.4,18.8,,27.4,36.6,5.8,,,,0.0,0.0
鲁中参考点,jma_seamless,2025-05-12,3,2025-05-15,27.9,17.1,19.5,,27.1,31.6,5.6,,,,0.0,0.0
鲁中参考点,jma_seamless,2025-05-11,4,2025-05-15,28.0,17.7,21.5,,28.1,46.2,4.1,,,,0.0,0.0
鲁中参考点,jma_seamless,2025-05-10,5,2025-05-15,31.3,17.2,22.5,,32.1,44.6,3.3,,,,0.0,0.0
鲁中参考点,jma_seamless,2025-05-09,6,2025-05-15,30.4,18.2,22.4,,29.2,30.4,3.3,,,,0.0,0.0
鲁中参考点,jma_seamless,2025-05-08,7,2025-05-15,27.7,19.9,24.1,,29.0,59.7,6.0,,,,3.0,0.0
鲁中参考点,ecmwf_ifs025,2025-05-15,1,2025-05-16,28.3,14.4,21.3,,,,,,5.9,,,
鲁中参考点,ecmwf_ifs025,2025-05-14,2,2025-05-16,29.1,15.3,21.5,,,,,,24.1,,,
鲁中参考点,ecmwf_ifs025,2025-05-13,3,2025-05-16,30.4,16.2,22.1,,,,,,9.9,,,
鲁中参考点,ecmwf_ifs025,2025-05-12,4,2025-05-16,30.6,17.6,22.8,,,,,,14.1,,,
鲁中参考点,ecmwf_ifs025,2025-05-11,5,2025-05-16,31.8,19.5,23.8,,,,,,17.5,,,
鲁中参考点,ecmwf_ifs025,2025-05-10,6,2025-05-16,29.4,18.4,21.8,,,,,,18.4,,,
鲁中参考点,ecmwf_ifs025,2025-05-09,7,2025-05-16,30.9,19.3,22.1,,,,,,13.3,,,
鲁中参考点,gfs_seamless,2025-05-15,1,2025-05-16,29.9,14.8,21.0,,32.0,56.3,18.2,,,28.93,0.2,
鲁中参考点,gfs_seamless,2025-05-14,2,2025-05-16,30.1,14.3,20.4,,30.3,44.0,17.1,,,28.7,1.1,
鲁中参考点,gfs_seamless,2025-05-13,3,2025-05-16,29.7,15.7,21.0,,30.7,50.6,19.5,,,28.54,0.3,
鲁中参考点,gfs_seamless,2025-05-12,4,2025-05-16,29.6,17.4,21.8,,31.9,59.2,20.5,,,28.3,0.8,
鲁中参考点,gfs_seamless,2025-05-11,5,2025-05-16,31.3,17.0,22.4,,32.0,44.3,18.1,,,28.67,0.0,
鲁中参考点,gfs_seamless,2025-05-10,6,2025-05-16,30.5,16.5,22.4,,30.2,39.0,18.9,,,28.06,0.0,
鲁中参考点,gfs_seamless,2025-05-09,7,2025-05-16,31.3,15.0,21.8,,31.3,40.0,13.3,,,28.65,0.0,
鲁中参考点,jma_seamless,2025-05-15,1,2025-05-16,29.7,17.2,22.3,,32.3,60.3,14.6,,,,0.0,0.0
鲁中参考点,jma_seamless,2025-05-14,2,2025-05-16,29.8,18.1,22.7,,32.0,57.5,13.4,,,,0.0,0.0
鲁中参考点,jma_seamless,2025-05-13,3,2025-05-16,29.9,17.6,22.3,,31.7,54.6,12.6,,,,0.0,0.0
鲁中参考点,jma_seamless,2025-05-12,4,2025-05-16,28.5,19.3,23.3,,31.5,68.8,14.3,,,,0.0,0.0
鲁中参考点,jma_seamless,2025-05-11,5,2025-05-16,33.0,21.4,24.6,,34.9,44.8,13.3,,,,0.0,0.0
鲁中参考点,jma_seamless,2025-05-10,6,2025-05-16,32.2,20.2,24.7,,34.4,48.7,10.6,,,,0.0,0.0
鲁中参考点,jma_seamless,2025-05-09,7,2025-05-16,28.2,20.0,23.9,,28.5,48.0,10.3,,,,0.0,0.0
鲁中参考点,ecmwf_ifs025,2025-05-16,1,2025-05-17,22.5,12.6,15.7,,,,,,15.2,,,
鲁中参考点,ecmwf_ifs025,2025-05-15,2,2025-05-17,22.5,15.7,16.2,,,,,,17.2,,,
鲁中参考点,ecmwf_ifs025,2025-05-14,3,2025-05-17,22.9,14.6,16.1,,,,,,14.9,,,
鲁中参考点,ecmwf_ifs025,2025-05-13,4,2025-05-17,23.4,12.9,16.0,,,,,,11.0,,,
鲁中参考点,ecmwf_ifs025,2025-05-12,5,2025-05-17,23.6,14.0,17.1,,,,,,2.6,,,
鲁中参考点,ecmwf_ifs025,2025-05-11,6,2025-05-17,33.0,15.5,24.5,,,,,,8.0,,,
鲁中参考点,ecmwf_ifs025,2025-05-10,7,2025-05-17,32.3,20.6,26.4,,,,,,13.7,,,
鲁中参考点,gfs_seamless,2025-05-16,1,2025-05-17,22.1,14.4,14.5,,,36.9,24.6,,,26.8,0.0,
鲁中参考点,gfs_seamless,2025-05-15,2,2025-05-17,23.2,14.1,15.2,,,31.7,24.4,,,23.95,0.0,
鲁中参考点,gfs_seamless,2025-05-14,3,2025-05-17,23.9,14.4,15.9,,,34.2,26.4,,,28.7,0.0,
鲁中参考点,gfs_seamless,2025-05-13,4,2025-05-17,25.0,13.5,15.7,,,41.5,22.8,,,23.36,0.1,
鲁中参考点,gfs_seamless,2025-05-12,5,2025-05-17,30.6,13.1,21.1,,32.3,51.9,23.2,,,25.1,0.0,
鲁中参考点,gfs_seamless,2025-05-11,6,2025-05-17,32.1,22.2,24.2,,34.0,47.8,24.9,,,26.46,0.0,
鲁中参考点,gfs_seamless,2025-05-10,7,2025-05-17,30.1,14.5,21.2,,31.7,53.1,26.0,,,25.31,0.0,
鲁中参考点,jma_seamless,2025-05-16,1,2025-05-17,23.9,14.5,17.7,,,30.8,14.7,,,,0.0,0.0
鲁中参考点,jma_seamless,2025-05-15,2,2025-05-17,23.9,16.1,19.3,,,41.3,14.2,,,,0.0,0.0
鲁中参考点,jma_seamless,2025-05-14,3,2025-05-17,25.3,16.0,19.8,,,39.3,15.8,,,,0.0,0.0
鲁中参考点,jma_seamless,2025-05-13,4,2025-05-17,30.4,15.6,20.9,,30.6,43.3,15.4,,,,0.0,0.0
鲁中参考点,jma_seamless,2025-05-12,5,2025-05-17,32.1,18.4,22.9,,34.0,47.9,14.1,,,,0.0,0.0
鲁中参考点,jma_seamless,2025-05-11,6,2025-05-17,33.5,22.1,25.7,,35.4,43.3,14.0,,,,0.0,0.0
鲁中参考点,jma_seamless,2025-05-10,7,2025-05-17,26.4,22.9,24.3,,,58.7,12.9,,,,0.0,0.0
鲁中参考点,ecmwf_ifs025,2025-05-17,1,2025-05-18,24.5,10.6,14.7,,,,,,20.5,,,
鲁中参考点,ecmwf_ifs025,2025-05-16,2,2025-05-18,25.2,12.0,15.5,,,,,,11.8,,,
鲁中参考点,ecmwf_ifs025,2025-05-15,3,2025-05-18,25.6,12.4,15.6,,,,,,16.0,,,
鲁中参考点,ecmwf_ifs025,2025-05-14,4,2025-05-18,24.4,12.3,14.9,,,,,,14.0,,,
鲁中参考点,ecmwf_ifs025,2025-05-13,5,2025-05-18,27.3,10.8,15.5,,,,,,13.5,,,
鲁中参考点,ecmwf_ifs025,2025-05-12,6,2025-05-18,26.6,14.0,15.9,,,,,,26.4,,,
鲁中参考点,ecmwf_ifs025,2025-05-11,7,2025-05-18,32.6,17.4,25.3,,,,,,26.5,,,
鲁中参考点,gfs_seamless,2025-05-17,1,2025-05-18,26.4,12.7,15.3,,,28.0,18.6,,,27.89,0.0,
鲁中参考点,gfs_seamless,2025-05-16,2,2025-05-18,26.4,13.2,15.3,,,27.7,20.0,,,28.54,0.0,
鲁中参考点,gfs_seamless,2025-05-15,3,2025-05-18,26.1,12.0,15.4,,,32.9,20.3,,,29.11,0.0,
鲁中参考点,gfs_seamless,2025-05-14,4,2025-05-18,26.8,13.4,15.2,,,29.2,23.5,,,29.31,0.0,
鲁中参考点,gfs_seamless,2025-05-13,5,2025-05-18,27.3,12.7,15.6,,26.8,33.3,26.7,,,26.72,0.0,
鲁中参考点,gfs_seamless,2025-05-12,6,2025-05-18,23.4,14.9,17.7,,,64.8,16.0,,,17.76,0.0,
鲁中参考点,gfs_seamless,2025-05-11,7,2025-05-18,23.7,14.8,16.5,,,51.9,17.5,,,25.1,0.2,
鲁中参考点,jma_seamless,2025-05-17,1,2025-05-18,25.6,12.9,16.1,,,27.0,11.4,,,,0.0,0.0
鲁中参考点,jma_seamless,2025-05-16,2,2025-05-18,27.3,14.7,17.0,,26.3,22.5,11.3,,,,0.0,0.0
鲁中参考点,jma_seamless,2025-05-15,3,2025-05-18,27.2,13.7,17.1,,26.6,32.2,11.5,,,,0.0,0.0
鲁中参考点,jma_seamless,2025-05-14,4,2025-05-18,27.4,14.0,17.5,,26.6,28.9,11.8,,,,0.0,0.0
鲁中参考点,jma_seamless,2025-05-13,5,2025-05-18,26.8,16.8,17.9,,,23.8,8.5,,,,0.0,0.0
鲁中参考点,jma_seamless,2025-05-12,6,2025-05-18,23.2,21.3,22.1,,,59.0,9.6,,,,0.0,0.0
鲁中参考点,jma_seamless,2025-05-11,7,2025-05-18,25.2,19.5,20.7,,,39.4,10.4,,,,0.0,0.0
鲁中参考点,ecmwf_ifs025,2025-05-18,1,2025-05-19,34.2,18.5,24.4,,,,,,0.0,,,
鲁中参考点,ecmwf_ifs025,2025-05-17,2,2025-05-19,34.0,17.5,23.4,,,,,,0.3,,,
鲁中参考点,ecmwf_ifs025,2025-05-16,3,2025-05-19,34.0,17.6,23.5,,,,,,0.0,,,
鲁中参考点,ecmwf_ifs025,2025-05-15,4,2025-05-19,34.0,17.7,23.5,,,,,,0.0,,,
鲁中参考点,ecmwf_ifs025,2025-05-14,5,2025-05-19,33.6,19.9,24.8,,,,,,0.0,,,
鲁中参考点,ecmwf_ifs025,2025-05-13,6,2025-05-19,30.2,18.4,20.8,,,,,,1.1,,,
鲁中参考点,ecmwf_ifs025,2025-05-12,7,2025-05-19,33.1,21.1,26.6,,,,,,0.3,,,
鲁中参考点,gfs_seamless,2025-05-18,1,2025-05-19,37.5,18.3,24.0,,39.9,33.9,24.6,,,29.18,0.2,
鲁中参考点,gfs_seamless,2025-05-17,2,2025-05-19,37.1,19.2,23.9,,38.8,32.9,23.3,,,29.04,0.3,
鲁中参考点,gfs_seamless,2025-05-16,3,2025-05-19,35.9,19.7,24.2,,37.6,35.8,22.6,,,29.11,1.1,
鲁中参考点,gfs_seamless,2025-05-15,4,2025-05-19,34.4,18.2,22.2,,34.4,32.7,27.0,,,28.95,2.7,
鲁中参考点,gfs_seamless,2025-05-14,5,2025-05-19,36.6,16.4,21.8,,39.6,37.8,27.6,,,29.06,1.4,
鲁中参考点,gfs_seamless,2025-05-13,6,2025-05-19,35.9,15.1,19.3,,39.9,42.8,22.9,,,28.7,0.0,
鲁中参考点,gfs_seamless,2025-05-12,7,2025-05-19,29.1,12.7,17.7,,30.0,51.8,13.5,,,34.8,0.0,
鲁中参考点,jma_seamless,2025-05-18,1,2025-05-19,35.5,20.3,25.1,,37.5,38.0,17.6,,,,0.0,0.0
鲁中参考点,jma_seamless,2025-05-17,2,2025-05-19,34.2,20.3,24.7,,35.6,39.2,18.3,,,,0.0,0.0
鲁中参考点,jma_seamless,2025-05-16,3,2025-05-19,32.8,20.7,23.3,,32.3,33.5,18.4,,,,0.0,0.0
鲁中参考点,jma_seamless,2025-05-15,4,2025-05-19,35.8,22.0,24.4,,35.5,28.6,17.7,,,,0.0,0.0
鲁中参考点,jma_seamless,2025-05-14,5,2025-05-19,34.9,21.2,24.1,,34.3,29.0,16.8,,,,0.0,0.0
鲁中参考点,jma_seamless,2025-05-13,6,2025-05-19,33.7,20.3,22.9,,33.1,31.2,25.5,,,,0.0,0.0
鲁中参考点,jma_seamless,2025-05-12,7,2025-05-19,29.9,18.0,23.3,,33.6,64.8,8.9,,,,1.2,0.0
鲁中参考点,ecmwf_ifs025,2025-05-19,1,2025-05-20,35.1,23.9,28.1,,,,,,2.0,,,
鲁中参考点,ecmwf_ifs025,2025-05-18,2,2025-05-20,35.2,23.9,27.8,,,,,,11.9,,,
鲁中参考点,ecmwf_ifs025,2025-05-17,3,2025-05-20,35.1,23.7,28.5,,,,,,9.4,,,
鲁中参考点,ecmwf_ifs025,2025-05-16,4,2025-05-20,36.0,22.5,28.2,,,,,,0.0,,,
鲁中参考点,ecmwf_ifs025,2025-05-15,5,2025-05-20,34.6,23.3,28.5,,,,,,2.2,,,
鲁中参考点,ecmwf_ifs025,2025-05-14,6,2025-05-20,35.0,15.7,25.7,,,,,,0.7,,,
鲁中参考点,ecmwf_ifs025,2025-05-13,7,2025-05-20,31.0,19.6,20.5,,,,,,11.4,,,
鲁中参考点,gfs_seamless,2025-05-19,1,2025-05-20,36.4,24.4,28.2,,39.1,37.5,23.4,,,29.07,2.3,
鲁中参考点,gfs_seamless,2025-05-18,2,2025-05-20,36.9,23.8,28.2,,39.3,35.4,22.1,,,29.07,0.0,
鲁中参考点,gfs_seamless,2025-05-17,3,2025-05-20,36.5,24.1,27.9,,39.9,39.2,24.5,,,29.06,0.0,
鲁中参考点,gfs_seamless,2025-05-16,4,2025-05-20,37.6,22.2,28.2,,40.8,35.9,17.8,,,29.07,0.0,
鲁中参考点,gfs_seamless,2025-05-15,5,2025-05-20,38.7,16.4,27.0,,47.2,44.0,14.3,,,28.9,0.7,
鲁中参考点,gfs_seamless,2025-05-14,6,2025-05-20,28.3,15.1,19.1,,27.7,37.1,10.2,,,28.71,0.0,
鲁中参考点,gfs_seamless,2025-05-13,7,2025-05-20,24.9,14.6,15.8,,,31.7,12.9,,,24.7,0.0,
鲁中参考点,jma_seamless,2025-05-19,1,2025-05-20,36.3,25.9,29.4,,40.1,40.9,15.6,,,,0.0,0.0
鲁中参考点,jma_seamless,2025-05-18,2,2025-05-20,36.9,25.7,29.2,,40.7,39.3,16.0,,,,0.0,0.0
鲁中参考点,jma_seamless,2025-05-17,3,2025-05-20,37.3,22.2,28.3,,41.2,38.3,12.4,,,,0.0,0.0
鲁中参考点,jma_seamless,2025-05-16,4,2025-05-20,36.8,20.8,28.6,,42.1,43.2,10.0,,,,0.0,0.0
鲁中参考点,jma_seamless,2025-05-15,5,2025-05-20,36.3,23.4,29.0,,37.7,33.7,6.6,,,,0.0,0.0
鲁中参考点,jma_seamless,2025-05-14,6,2025-05-20,36.8,26.0,28.9,,38.3,33.0,15.8,,,,0.0,0.0
鲁中参考点,jma_seamless,2025-05-13,7,2025-05-20,31.0,20.5,24.1,,30.2,34.1,5.3,,,,0.6,0.0
鲁中参考点,ecmwf_ifs025,2025-05-20,1,2025-05-21,34.6,18.1,27.5,,,,,,10.7,23.39,0.0,
鲁中参考点,ecmwf_ifs025,2025-05-19,2,2025-05-21,34.9,17.7,27.4,,,,,,2.5,23.58,0.0,
鲁中参考点,ecmwf_ifs025,2025-05-18,3,2025-05-21,34.4,17.7,27.2,,,,,,17.5,22.18,0.0,
鲁中参考点,ecmwf_ifs025,2025-05-17,4,2025-05-21,34.3,18.2,27.6,,,,,,17.6,22.22,0.0,
鲁中参考点,ecmwf_ifs025,2025-05-16,5,2025-05-21,34.8,17.8,26.5,,,,,,2.3,23.73,0.0,
鲁中参考点,ecmwf_ifs025,2025-05-15,6,2025-05-21,30.8,20.8,25.4,,,,,,3.4,5.06,0.0,
鲁中参考点,ecmwf_ifs025,2025-05-14,7,2025-05-21,33.0,20.2,24.6,,,,,,7.3,23.82,0.0,
鲁中参考点,gfs_seamless,2025-05-20,1,2025-05-21,36.8,19.4,28.6,,46.1,51.8,11.9,,,,,
鲁中参考点,gfs_seamless,2025-05-19,2,2025-05-21,37.5,21.7,29.7,,48.1,51.7,10.5,,,,,
鲁中参考点,gfs_seamless,2025-05-18,3,2025-05-21,36.9,18.4,28.4,,50.8,59.5,12.3,,,,,
鲁中参考点,gfs_seamless,2025-05-17,4,2025-05-21,37.1,20.1,26.4,,47.8,53.3,15.0,,,,,
鲁中参考点,gfs_seamless,2025-05-16,5,2025-05-21,35.8,18.3,24.9,,41.5,47.3,14.2,,,,,
鲁中参考点,gfs_seamless,2025-05-15,6,2025-05-21,36.0,17.3,27.4,,46.0,55.9,10.1,,,,,
鲁中参考点,gfs_seamless,2025-05-14,7,2025-05-21,34.1,15.3,23.5,,37.6,46.8,14.5,,,,,
鲁中参考点,jma_seamless,2025-05-20,1,2025-05-21,31.5,18.9,27.9,,,,,,47.5,,0.0,
鲁中参考点,jma_seamless,2025-05-19,2,2025-05-21,34.6,19.1,29.1,,,,,,35.7,,1.2,
鲁中参考点,jma_seamless,2025-05-18,3,2025-05-21,36.2,19.4,28.4,,,,,,28.3,,0.3,
鲁中参考点,jma_seamless,2025-05-17,4,2025-05-21,37.5,18.0,28.0,,,,,,45.6,,1.2,
鲁中参考点,jma_seamless,2025-05-16,5,2025-05-21,37.8,19.4,27.7,,,,,,26.1,,0.6,
鲁中参考点,jma_seamless,2025-05-15,6,2025-05-21,37.3,25.8,29.5,,,,,,12.1,,0.0,
鲁中参考点,jma_seamless,2025-05-14,7,2025-05-21,33.6,18.2,29.1,,,,,,22.9,,0.0,
鲁中参考点,ecmwf_ifs025,2025-05-21,1,2025-05-22,27.0,17.1,18.6,,,,,,45.9,16.73,0.0,
鲁中参考点,ecmwf_ifs025,2025-05-20,2,2025-05-22,26.9,17.0,17.8,,,,,,58.4,15.78,0.0,
鲁中参考点,ecmwf_ifs025,2025-05-19,3,2025-05-22,24.9,16.4,17.2,,,,,,55.6,11.92,0.0,
鲁中参考点,ecmwf_ifs025,2025-05-18,4,2025-05-22,26.4,17.6,19.0,,,,,,48.5,15.77,0.0,
鲁中参考点,ecmwf_ifs025,2025-05-17,5,2025-05-22,26.2,16.7,17.3,,,,,,41.2,22.99,0.0,
鲁中参考点,ecmwf_ifs025,2025-05-16,6,2025-05-22,27.3,18.9,19.0,,,,,,27.7,5.05,0.0,
鲁中参考点,ecmwf_ifs025,2025-05-15,7,2025-05-22,28.6,18.8,19.6,,,,,,15.0,24.5,0.0,
鲁中参考点,gfs_seamless,2025-05-21,1,2025-05-22,28.0,17.0,18.6,,27.9,43.8,18.9,,,,,
鲁中参考点,gfs_seamless,2025-05-20,2,2025-05-22,28.2,17.1,20.8,,29.2,55.0,15.2,,,,,
鲁中参考点,gfs_seamless,2025-05-19,3,2025-05-22,26.0,16.5,17.3,,,53.8,21.7,,,,,
鲁中参考点,gfs_seamless,2025-05-18,4,2025-05-22,25.3,16.1,16.2,,,36.5,22.4,,,,,
鲁中参考点,gfs_seamless,2025-05-17,5,2025-05-22,29.3,15.4,18.7,,28.0,27.0,16.4,,,,,
鲁中参考点,gfs_seamless,2025-05-16,6,2025-05-22,28.0,13.8,18.2,,28.3,48.3,16.2,,,,,
鲁中参考点,gfs_seamless,2025-05-15,7,2025-05-22,31.5,17.0,23.1,,36.8,63.1,13.5,,,,,
鲁中参考点,jma_seamless,2025-05-21,1,2025-05-22,27.4,19.0,19.8,,,,,,81.8,,0.0,
鲁中参考点,jma_seamless,2025-05-20,2,2025-05-22,27.7,19.1,19.6,,,,,,83.5,,0.6,
鲁中参考点,jma_seamless,2025-05-19,3,2025-05-22,27.1,18.8,19.5,,,,,,73.0,,0.3,
鲁中参考点,jma_seamless,2025-05-18,4,2025-05-22,25.5,18.2,17.5,,,,,,51.5,,0.0,
鲁中参考点,jma_seamless,2025-05-17,5,2025-05-22,25.4,18.3,17.9,,,,,,56.2,,0.6,
鲁中参考点,jma_seamless,2025-05-16,6,2025-05-22,27.1,19.2,20.8,,,,,,40.8,,0.0,
鲁中参考点,jma_seamless,2025-05-15,7,2025-05-22,30.7,20.0,23.9,,,,,,59.8,,0.0,
鲁中参考点,ecmwf_ifs025,2025-05-22,1,2025-05-23,19.4,11.1,12.9,,,,,,46.9,12.23,7.2,
鲁中参考点,ecmwf_ifs025,2025-05-21,2,2025-05-23,24.7,13.0,15.3,,,,,,42.8,21.27,2.7,
鲁中参考点,ecmwf_ifs025,2025-05-20,3,2025-05-23,23.2,13.4,14.9,,,,,,30.6,24.62,0.6,
鲁中参考点,ecmwf_ifs025,2025-05-19,4,2025-05-23,24.3,12.5,15.5,,,,,,48.0,24.78,2.4,
鲁中参考点,ecmwf_ifs025,2025-05-18,5,2025-05-23,20.9,11.6,13.3,,,,,,52.6,12.36,7.2,
鲁中参考点,ecmwf_ifs025,2025-05-17,6,2025-05-23,18.8,15.8,14.6,,,,,,79.9,1.84,2.7,
鲁中参考点,ecmwf_ifs025,2025-05-16,7,2025-05-23,20.7,14.9,17.0,,,,,,34.7,10.28,0.6,
鲁中参考点,gfs_seamless,2025-05-22,1,2025-05-23,21.1,11.3,12.8,,,56.1,14.7,,,,,
鲁中参考点,gfs_seamless,2025-05-21,2,2025-05-23,24.5,12.4,14.6,,,47.9,14.5,,,,,
鲁中参考点,gfs_seamless,2025-05-20,3,2025-05-23,18.0,12.2,11.9,,,62.1,15.0,,,,,
鲁中参考点,gfs_seamless,2025-05-19,4,2025-05-23,21.7,13.0,13.5,,,54.1,13.9,,,,,
鲁中参考点,gfs_seamless,2025-05-18,5,2025-05-23,20.3,15.4,15.0,,,35.4,9.4,,,,,
鲁中参考点,gfs_seamless,2025-05-17,6,2025-05-23,22.9,14.3,15.0,,,45.1,8.1,,,,,
鲁中参考点,gfs_seamless,2025-05-16,7,2025-05-23,21.7,12.9,15.8,,,51.4,7.5,,,,,
鲁中参考点,jma_seamless,2025-05-22,1,2025-05-23,20.8,16.2,15.7,,,,,,72.5,,0.0,
鲁中参考点,jma_seamless,2025-05-21,2,2025-05-23,23.8,16.1,16.5,,,,,,67.7,,0.0,
鲁中参考点,jma_seamless,2025-05-20,3,2025-05-23,24.4,15.4,16.7,,,,,,47.3,,0.0,
鲁中参考点,jma_seamless,2025-05-19,4,2025-05-23,24.5,15.4,16.8,,,,,,52.1,,0.0,
鲁中参考点,jma_seamless,2025-05-18,5,2025-05-23,28.0,16.5,18.1,,,,,,45.3,,0.0,
鲁中参考点,jma_seamless,2025-05-17,6,2025-05-23,27.2,17.2,18.7,,,,,,56.1,,0.0,
鲁中参考点,jma_seamless,2025-05-16,7,2025-05-23,27.1,19.8,19.8,,,,,,75.8,,0.0,
鲁中参考点,ecmwf_ifs025,2025-05-23,1,2025-05-24,24.2,11.3,15.3,,,,,,2.7,24.5,0.0,
鲁中参考点,ecmwf_ifs025,2025-05-22,2,2025-05-24,24.8,10.8,15.1,,,,,,4.9,25.37,0.0,
鲁中参考点,ecmwf_ifs025,2025-05-21,3,2025-05-24,25.4,11.4,15.3,,,,,,6.8,23.04,0.0,
鲁中参考点,ecmwf_ifs025,2025-05-20,4,2025-05-24,26.8,11.7,16.0,,,,,,2.3,24.44,0.0,
鲁中参考点,ecmwf_ifs025,2025-05-19,5,2025-05-24,26.2,12.0,17.6,,,,,,23.5,24.02,0.0,
鲁中参考点,ecmwf_ifs025,2025-05-18,6,2025-05-24,24.4,14.2,16.2,,,,,,23.2,3.46,0.0,
鲁中参考点,ecmwf_ifs025,2025-05-17,7,2025-05-24,24.1,13.3,16.2,,,,,,0.8,22.93,0.0,
鲁中参考点,gfs_seamless,2025-05-23,1,2025-05-24,24.4,11.8,15.1,,,40.0,13.3,,,,,
鲁中参考点,gfs_seamless,2025-05-22,2,2025-05-24,24.8,12.7,16.0,,,35.3,12.6,,,,,
鲁中参考点,gfs_seamless,2025-05-21,3,2025-05-24,24.6,11.6,15.8,,,39.5,11.8,,,,,
鲁中参考点,gfs_seamless,2025-05-20,4,2025-05-24,25.1,12.0,15.7,,,34.7,11.3,,,,,
鲁中参考点,gfs_seamless,2025-05-19,5,2025-05-24,27.2,13.5,18.0,,26.5,29.2,8.8,,,,,
鲁中参考点,gfs_seamless,2025-05-18,6,2025-05-24,25.7,12.9,17.2,,,38.5,10.2,,,,,
鲁中参考点,gfs_seamless,2025-05-17,7,2025-05-24,26.6,11.9,16.8,,,44.1,12.4,,,,,
鲁中参考点,jma_seamless,2025-05-23,1,2025-05-24,24.6,15.1,16.2,,,,,,4.0,,0.0,
鲁中参考点,jma_seamless,2025-05-22,2,2025-05-24,23.5,15.0,16.2,,,,,,16.1,,0.0,
鲁中参考点,jma_seamless,2025-05-21,3,2025-05-24,24.4,14.6,16.6,,,,,,18.2,,0.0,
鲁中参考点,jma_seamless,2025-05-20,4,2025-05-24,26.1,12.8,16.9,,,,,,28.8,,0.0,
鲁中参考点,jma_seamless,2025-05-19,5,2025-05-24,27.8,14.5,17.8,,,,,,40.2,,0.0,
鲁中参考点,jma_seamless,2025-05-18,6,2025-05-24,30.1,15.1,20.2,,,,,,17.8,,0.0,
鲁中参考点,jma_seamless,2025-05-17,7,2025-05-24,27.9,17.6,18.5,,,,,,15.9,,0.0,
鲁中参考点,ecmwf_ifs025,2025-05-24,1,2025-05-25,26.1,12.5,17.2,,,,,,30.2,23.49,0.0,
鲁中参考点,ecmwf_ifs025,2025-05-23,2,2025-05-25,26.8,12.6,17.7,,,,,,27.0,23.85,0.0,
鲁中参考点,ecmwf_ifs025,2025-05-22,3,2025-05-25,26.4,13.0,17.6,,,,,,30.2,21.56,0.0,
鲁中参考点,ecmwf_ifs025,2025-05-21,4,2025-05-25,28.1,12.5,18.5,,,,,,8.9,24.75,0.0,
鲁中参考点,ecmwf_ifs025,2025-05-20,5,2025-05-25,29.5,14.7,19.7,,,,,,0.0,25.55,0.0,
鲁中参考点,ecmwf_ifs025,2025-05-19,6,2025-05-25,27.1,12.6,18.0,,,,,,13.6,4.22,0.0,
鲁中参考点,ecmwf_ifs025,2025-05-18,7,2025-05-25,27.7,13.5,19.5,,,,,,19.7,24.91,0.0,
鲁中参考点,gfs_seamless,2025-05-24,1,2025-05-25,27.9,14.0,17.9,,26.8,23.2,10.2,,,,,
鲁中参考点,gfs_seamless,2025-05-23,2,2025-05-25,28.5,14.8,18.7,,27.2,22.8,10.0,,,,,
鲁中参考点,gfs_seamless,2025-05-22,3,2025-05-25,28.3,14.4,19.0,,27.1,26.2,10.2,,,,,
鲁中参考点,gfs_seamless,2025-05-21,4,2025-05-25,28.3,14.8,19.2,,27.1,26.2,9.6,,,,,
鲁中参考点,gfs_seamless,2025-05-20,5,2025-05-25,29.5,16.0,19.3,,28.2,29.0,14.1,,,,,
鲁中参考点,gfs_seamless,2025-05-19,6,2025-05-25,28.1,15.5,18.9,,27.3,32.0,11.6,,,,,
鲁中参考点,gfs_seamless,2025-05-18,7,2025-05-25,25.7,15.5,17.5,,,39.9,8.3,,,,,
鲁中参考点,jma_seamless,2025-05-24,1,2025-05-25,28.6,15.0,18.8,,,,,,27.8,,0.0,
鲁中参考点,jma_seamless,2025-05-23,2,2025-05-25,28.9,15.1,19.1,,,,,,20.0,,0.0,
鲁中参考点,jma_seamless,2025-05-22,3,2025-05-25,28.5,14.3,19.2,,,,,,26.4,,0.0,
鲁中参考点,jma_seamless,2025-05-21,4,2025-05-25,27.9,15.0,19.3,,,,,,26.1,,0.0,
鲁中参考点,jma_seamless,2025-05-20,5,2025-05-25,27.0,15.1,19.2,,,,,,33.9,,0.0,
鲁中参考点,jma_seamless,2025-05-19,6,2025-05-25,29.6,19.4,21.2,,,,,,15.7,,0.0,
鲁中参考点,jma_seamless,2025-05-18,7,2025-05-25,26.1,15.1,18.3,,,,,,63.1,,6.3,
鲁中参考点,ecmwf_ifs025,2025-05-25,1,2025-05-26,27.1,13.9,19.1,,,,,,11.8,22.97,0.6,
鲁中参考点,ecmwf_ifs025,2025-05-24,2,2025-05-26,26.5,14.3,19.4,,,,,,22.2,24.53,0.0,
鲁中参考点,ecmwf_ifs025,2025-05-23,3,2025-05-26,27.8,14.9,20.1,,,,,,18.2,24.36,0.0,
鲁中参考点,ecmwf_ifs025,2025-05-22,4,2025-05-26,28.0,16.1,20.1,,,,,,25.7,23.24,0.0,
鲁中参考点,ecmwf_ifs025,2025-05-21,5,2025-05-26,28.7,15.7,20.0,,,,,,0.9,25.39,0.0,
鲁中参考点,ecmwf_ifs025,2025-05-20,6,2025-05-26,29.4,18.1,20.7,,,,,,3.1,5.18,0.0,
鲁中参考点,ecmwf_ifs025,2025-05-19,7,2025-05-26,28.9,17.8,20.0,,,,,,19.8,22.94,0.0,
鲁中参考点,gfs_seamless,2025-05-25,1,2025-05-26,27.5,16.2,19.2,,26.8,31.3,11.2,,,,,
鲁中参考点,gfs_seamless,2025-05-24,2,2025-05-26,28.8,18.0,20.4,,27.5,25.9,9.5,,,,,
鲁中参考点,gfs_seamless,2025-05-23,3,2025-05-26,29.5,17.2,20.3,,28.2,28.1,11.9,,,,,
鲁中参考点,gfs_seamless,2025-05-22,4,2025-05-26,28.1,17.4,19.5,,27.5,35.7,10.6,,,,,
鲁中参考点,gfs_seamless,2025-05-21,5,2025-05-26,28.3,17.5,19.9,,27.3,30.4,10.6,,,,,
鲁中参考点,gfs_seamless,2025-05-20,6,2025-05-26,29.5,17.5,20.1,,28.5,33.0,15.6,,,,,
鲁中参考点,gfs_seamless,2025-05-19,7,2025-05-26,28.4,15.8,19.5,,27.8,37.6,11.2,,,,,
鲁中参考点,jma_seamless,2025-05-25,1,2025-05-26,26.1,19.2,19.2,,,,,,39.4,,0.0,
鲁中参考点,jma_seamless,2025-05-24,2,2025-05-26,28.5,19.0,20.4,,,,,,53.1,,0.0,
鲁中参考点,jma_seamless,2025-05-23,3,2025-05-26,30.3,19.2,20.9,,,,,,21.0,,0.0,
鲁中参考点,jma_seamless,2025-05-22,4,2025-05-26,28.9,20.1,21.4,,,,,,34.5,,0.0,
鲁中参考点,jma_seamless,2025-05-21,5,2025-05-26,30.1,19.7,21.7,,,,,,13.7,,0.0,
鲁中参考点,jma_seamless,2025-05-20,6,2025-05-26,20.2,16.6,17.6,,,,,,62.9,,2.4,
鲁中参考点,jma_seamless,2025-05-19,7,2025-05-26,28.0,15.0,21.3,,,,,,43.4,,3.9,
鲁中参考点,ecmwf_ifs025,2025-05-26,1,2025-05-27,29.1,15.3,21.0,,,,,,4.1,25.53,0.0,
鲁中参考点,ecmwf_ifs025,2025-05-25,2,2025-05-27,29.0,16.9,21.2,,,,,,0.0,25.83,0.0,
鲁中参考点,ecmwf_ifs025,2025-05-24,3,2025-05-27,29.1,16.2,21.3,,,,,,0.5,25.95,0.0,
鲁中参考点,ecmwf_ifs025,2025-05-23,4,2025-05-27,29.3,17.4,20.7,,,,,,8.1,25.35,0.0,
鲁中参考点,ecmwf_ifs025,2025-05-22,5,2025-05-27,28.6,14.5,20.2,,,,,,7.8,25.59,0.0,
鲁中参考点,ecmwf_ifs025,2025-05-21,6,2025-05-27,29.6,19.5,20.4,,,,,,19.4,4.99,0.0,
鲁中参考点,ecmwf_ifs025,2025-05-20,7,2025-05-27,31.3,19.7,23.2,,,,,,15.8,24.85,0.0,
鲁中参考点,gfs_seamless,2025-05-26,1,2025-05-27,28.7,16.0,20.1,,28.0,35.9,12.4,,,,,
鲁中参考点,gfs_seamless,2025-05-25,2,2025-05-27,29.5,16.7,20.5,,28.5,33.2,12.6,,,,,
鲁中参考点,gfs_seamless,2025-05-24,3,2025-05-27,30.6,17.3,21.3,,29.3,29.1,12.9,,,,,
鲁中参考点,gfs_seamless,2025-05-23,4,2025-05-27,31.1,16.4,21.0,,29.9,31.0,12.4,,,,,
鲁中参考点,gfs_seamless,2025-05-22,5,2025-05-27,27.8,16.1,19.3,,27.4,38.3,13.5,,,,,
鲁中参考点,gfs_seamless,2025-05-21,6,2025-05-27,29.7,15.3,19.9,,28.9,35.0,13.8,,,,,
鲁中参考点,gfs_seamless,2025-05-20,7,2025-05-27,28.9,15.0,18.5,,28.7,42.0,16.0,,,,,
鲁中参考点,jma_seamless,2025-05-26,1,2025-05-27,29.3,18.1,21.7,,,,,,5.1,,0.0,
鲁中参考点,jma_seamless,2025-05-25,2,2025-05-27,29.1,18.1,21.5,,,,,,0.0,,0.0,
鲁中参考点,jma_seamless,2025-05-24,3,2025-05-27,29.9,19.6,21.6,,,,,,0.7,,0.0,
鲁中参考点,jma_seamless,2025-05-23,4,2025-05-27,31.5,20.3,21.9,,,,,,0.6,,0.0,
鲁中参考点,jma_seamless,2025-05-22,5,2025-05-27,31.2,20.7,22.2,,,,,,0.0,,0.0,
鲁中参考点,jma_seamless,2025-05-21,6,2025-05-27,32.3,16.2,22.7,,,,,,25.9,,0.0,
鲁中参考点,jma_seamless,2025-05-20,7,2025-05-27,28.5,18.4,20.3,,,,,,23.0,,0.0,
鲁中参考点,ecmwf_ifs025,2025-05-27,1,2025-05-28,29.6,16.4,21.4,,,,,,3.8,24.96,0.0,
鲁中参考点,ecmwf_ifs025,2025-05-26,2,2025-05-28,29.9,16.3,21.8,,,,,,3.0,24.66,0.0,
鲁中参考点,ecmwf_ifs025,2025-05-25,3,2025-05-28,29.5,17.1,21.5,,,,,,0.0,25.69,0.0,
鲁中参考点,ecmwf_ifs025,2025-05-24,4,2025-05-28,29.6,18.0,20.8,,,,,,2.0,26.18,0.0,
鲁中参考点,ecmwf_ifs025,2025-05-23,5,2025-05-28,30.3,18.2,21.0,,,,,,1.2,26.23,0.0,
鲁中参考点,ecmwf_ifs025,2025-05-22,6,2025-05-28,29.7,17.9,20.4,,,,,,1.3,5.63,0.0,
鲁中参考点,ecmwf_ifs025,2025-05-21,7,2025-05-28,30.1,18.8,20.6,,,,,,13.8,25.75,0.0,
鲁中参考点,gfs_seamless,2025-05-27,1,2025-05-28,28.3,16.1,19.7,,27.8,38.1,13.3,,,,,
鲁中参考点,gfs_seamless,2025-05-26,2,2025-05-28,28.8,15.2,19.6,,28.6,42.3,13.5,,,,,
鲁中参考点,gfs_seamless,2025-05-25,3,2025-05-28,29.8,16.6,20.6,,29.1,36.1,14.1,,,,,
鲁中参考点,gfs_seamless,2025-05-24,4,2025-05-28,31.8,18.3,21.7,,30.8,31.8,13.6,,,,,
鲁中参考点,gfs_seamless,2025-05-23,5,2025-05-28,31.0,16.4,21.1,,30.5,36.8,13.5,,,,,
鲁中参考点,gfs_seamless,2025-05-22,6,2025-05-28,28.4,15.2,19.3,,28.5,45.7,14.6,,,,,
鲁中参考点,gfs_seamless,2025-05-21,7,2025-05-28,29.5,14.3,19.5,,29.2,40.8,13.4,,,,,
鲁中参考点,jma_seamless,2025-05-27,1,2025-05-28,29.9,20.4,23.6,,,,,,18.2,,0.0,
鲁中参考点,jma_seamless,2025-05-26,2,2025-05-28,30.4,20.5,23.4,,,,,,0.0,,0.0,
鲁中参考点,jma_seamless,2025-05-25,3,2025-05-28,30.4,20.7,23.4,,,,,,0.0,,0.0,
鲁中参考点,jma_seamless,2025-05-24,4,2025-05-28,30.7,20.3,22.6,,,,,,0.0,,0.0,
鲁中参考点,jma_seamless,2025-05-23,5,2025-05-28,30.8,20.3,21.7,,,,,,0.0,,0.0,
鲁中参考点,jma_seamless,2025-05-22,6,2025-05-28,33.0,20.5,23.1,,,,,,4.2,,0.0,
鲁中参考点,jma_seamless,2025-05-21,7,2025-05-28,32.9,18.5,23.0,,,,,,18.0,,0.0,
鲁中参考点,ecmwf_ifs025,2025-05-28,1,2025-05-29,31.0,16.7,22.4,,,,,,4.0,25.1,0.0,
鲁中参考点,ecmwf_ifs025,2025-05-27,2,2025-05-29,30.4,17.4,22.8,,,,,,1.0,24.21,0.0,
鲁中参考点,ecmwf_ifs025,2025-05-26,3,2025-05-29,32.1,16.8,22.9,,,,,,2.6,24.51,0.0,
鲁中参考点,ecmwf_ifs025,2025-05-25,4,2025-05-29,30.9,16.8,22.3,,,,,,0.8,25.72,0.0,
鲁中参考点,ecmwf_ifs025,2025-05-24,5,2025-05-29,30.6,17.5,21.5,,,,,,2.5,26.35,0.0,
鲁中参考点,ecmwf_ifs025,2025-05-23,6,2025-05-29,31.5,18.8,21.5,,,,,,0.9,5.73,0.0,
鲁中参考点,ecmwf_ifs025,2025-05-22,7,2025-05-29,31.1,16.6,21.8,,,,,,6.5,25.7,0.0,
鲁中参考点,gfs_seamless,2025-05-28,1,2025-05-29,30.3,15.6,21.3,,30.1,40.5,11.1,,,,,
鲁中参考点,gfs_seamless,2025-05-27,2,2025-05-29,29.1,15.0,20.5,,28.6,38.5,10.6,,,,,
鲁中参考点,gfs_seamless,2025-05-26,3,2025-05-29,29.4,14.1,20.1,,28.6,35.9,11.0,,,,,
鲁中参考点,gfs_seamless,2025-05-25,4,2025-05-29,29.6,15.3,20.8,,28.7,34.0,9.8,,,,,
鲁中参考点,gfs_seamless,2025-05-24,5,2025-05-29,32.0,16.2,21.8,,31.4,34.8,13.3,,,,,
鲁中参考点,gfs_seamless,2025-05-23,6,2025-05-29,30.5,16.0,21.0,,29.6,34.0,12.9,,,,,
鲁中参考点,gfs_seamless,2025-05-22,7,2025-05-29,29.5,14.8,20.2,,30.1,48.3,13.0,,,,,
鲁中参考点,jma_seamless,2025-05-28,1,2025-05-29,30.9,19.4,23.5,,,,,,9.9,,0.0,
鲁中参考点,jma_seamless,2025-05-27,2,2025-05-29,31.4,20.0,23.7,,,,,,11.1,,0.0,
鲁中参考点,jma_seamless,2025-05-26,3,2025-05-29,31.0,20.3,22.7,,,,,,0.0,,0.0,
鲁中参考点,jma_seamless,2025-05-25,4,2025-05-29,30.5,20.4,22.0,,,,,,0.0,,0.0,
鲁中参考点,jma_seamless,2025-05-24,5,2025-05-29,31.5,20.1,22.5,,,,,,0.0,,0.0,
鲁中参考点,jma_seamless,2025-05-23,6,2025-05-29,31.3,20.6,22.5,,,,,,0.0,,0.0,
鲁中参考点,jma_seamless,2025-05-22,7,2025-05-29,31.9,18.2,23.1,,,,,,0.0,,0.0,
鲁中参考点,ecmwf_ifs025,2025-05-29,1,2025-05-30,31.0,18.8,22.8,,,,,,54.9,24.02,0.0,
鲁中参考点,ecmwf_ifs025,2025-05-28,2,2025-05-30,31.1,19.2,23.2,,,,,,44.4,23.68,0.0,
鲁中参考点,ecmwf_ifs025,2025-05-27,3,2025-05-30,31.6,19.2,23.1,,,,,,45.0,24.15,0.0,
鲁中参考点,ecmwf_ifs025,2025-05-26,4,2025-05-30,30.5,18.8,22.6,,,,,,48.2,23.0,0.0,
鲁中参考点,ecmwf_ifs025,2025-05-25,5,2025-05-30,29.8,18.9,21.5,,,,,,62.4,21.1,0.0,
鲁中参考点,ecmwf_ifs025,2025-05-24,6,2025-05-30,30.6,21.0,22.1,,,,,,60.8,4.63,0.0,
鲁中参考点,ecmwf_ifs025,2025-05-23,7,2025-05-30,30.9,19.9,21.9,,,,,,41.7,21.77,0.0,
鲁中参考点,gfs_seamless,2025-05-29,1,2025-05-30,30.6,17.2,21.5,,29.7,34.0,13.0,,,,,
鲁中参考点,gfs_seamless,2025-05-28,2,2025-05-30,30.7,17.8,22.0,,29.7,32.9,12.5,,,,,
鲁中参考点,gfs_seamless,2025-05-27,3,2025-05-30,30.7,17.3,21.5,,29.5,31.2,13.0,,,,,
鲁中参考点,gfs_seamless,2025-05-26,4,2025-05-30,30.9,16.0,21.3,,29.9,32.8,12.8,,,,,
鲁中参考点,gfs_seamless,2025-05-25,5,2025-05-30,31.9,16.6,22.9,,30.8,30.6,7.1,,,,,
鲁中参考点,gfs_seamless,2025-05-24,6,2025-05-30,32.7,15.3,21.5,,31.7,30.8,13.5,,,,,
鲁中参考点,gfs_seamless,2025-05-23,7,2025-05-30,31.9,17.4,23.4,,30.8,31.0,8.7,,,,,
鲁中参考点,jma_seamless,2025-05-29,1,2025-05-30,31.5,21.0,24.0,,,,,,54.0,,0.0,
鲁中参考点,jma_seamless,2025-05-28,2,2025-05-30,31.7,21.7,24.1,,,,,,53.1,,0.0,
鲁中参考点,jma_seamless,2025-05-27,3,2025-05-30,31.4,21.1,23.1,,,,,,47.6,,0.0,
鲁中参考点,jma_seamless,2025-05-26,4,2025-05-30,32.0,20.6,23.2,,,,,,43.0,,0.0,
鲁中参考点,jma_seamless,2025-05-25,5,2025-05-30,30.5,20.0,22.2,,,,,,52.6,,0.0,
鲁中参考点,jma_seamless,2025-05-24,6,2025-05-30,32.6,21.5,22.9,,,,,,32.1,,0.0,
鲁中参考点,jma_seamless,2025-05-23,7,2025-05-30,32.8,20.3,23.3,,,,,,8.4,,0.0,
鲁中参考点,ecmwf_ifs025,2025-05-30,1,2025-05-31,27.3,19.1,21.0,,,,,,43.4,10.81,0.0,
鲁中参考点,ecmwf_ifs025,2025-05-29,2,2025-05-31,28.3,21.0,21.3,,,,,,62.8,14.55,0.0,
鲁中参考点,ecmwf_ifs025,2025-05-28,3,2025-05-31,28.8,21.5,22.2,,,,,,53.0,12.12,0.0,
鲁中参考点,ecmwf_ifs025,2025-05-27,4,2025-05-31,29.7,20.8,21.8,,,,,,41.9,12.04,0.0,
鲁中参考点,ecmwf_ifs025,2025-05-26,5,2025-05-31,30.7,21.1,22.1,,,,,,47.6,17.61,0.0,
鲁中参考点,ecmwf_ifs025,2025-05-25,6,2025-05-31,29.5,22.7,22.2,,,,,,46.7,3.92,0.0,
鲁中参考点,ecmwf_ifs025,2025-05-24,7,2025-05-31,28.4,21.3,21.6,,,,,,34.8,18.96,0.0,
鲁中参考点,gfs_seamless,2025-05-30,1,2025-05-31,26.7,18.1,19.1,,,41.2,12.5,,,,,
鲁中参考点,gfs_seamless,2025-05-29,2,2025-05-31,25.4,16.6,19.1,,,40.7,11.0,,,,,
鲁中参考点,gfs_seamless,2025-05-28,3,2025-05-31,27.7,17.4,20.4,,27.1,33.8,10.6,,,,,
鲁中参考点,gfs_seamless,2025-05-27,4,2025-05-31,28.9,20.1,20.4,,27.8,31.0,14.5,,,,,
鲁中参考点,gfs_seamless,2025-05-26,5,2025-05-31,27.4,20.7,21.3,,26.7,30.5,10.3,,,,,
鲁中参考点,gfs_seamless,2025-05-25,6,2025-05-31,32.5,19.3,23.4,,31.0,26.6,7.8,,,,,
鲁中参考点,gfs_seamless,2025-05-24,7,2025-05-31,30.2,18.9,21.3,,29.2,32.8,13.4,,,,,
鲁中参考点,jma_seamless,2025-05-30,1,2025-05-31,27.4,21.1,22.6,,,,,,69.0,,0.0,
鲁中参考点,jma_seamless,2025-05-29,2,2025-05-31,29.1,21.1,22.8,,,,,,71.2,,0.0,
鲁中参考点,jma_seamless,2025-05-28,3,2025-05-31,30.7,23.0,23.4,,,,,,86.1,,0.0,
鲁中参考点,jma_seamless,2025-05-27,4,2025-05-31,30.9,21.8,22.9,,,,,,80.0,,0.0,
鲁中参考点,jma_seamless,2025-05-26,5,2025-05-31,30.6,22.9,23.2,,,,,,66.8,,0.0,
鲁中参考点,jma_seamless,2025-05-25,6,2025-05-31,28.0,20.9,22.0,,,,,,62.1,,0.0,
鲁中参考点,jma_seamless,2025-05-24,7,2025-05-31,29.5,22.1,22.5,,,,,,74.1,,0.0,
鲁中参考点,ecmwf_ifs025,2025-05-31,1,2025-06-01,27.8,13.5,19.9,,,,,,42.3,21.32,0.0,
鲁中参考点,ecmwf_ifs025,2025-05-30,2,2025-06-01,28.6,15.5,20.7,,,,,,33.5,25.19,0.0,
鲁中参考点,ecmwf_ifs025,2025-05-29,3,2025-06-01,28.0,17.9,20.6,,,,,,48.9,17.53,0.0,
鲁中参考点,ecmwf_ifs025,2025-05-28,4,2025-06-01,29.9,14.9,21.0,,,,,,40.7,23.45,0.0,
鲁中参考点,ecmwf_ifs025,2025-05-27,5,2025-06-01,31.6,16.5,22.7,,,,,,19.1,25.89,0.0,
鲁中参考点,ecmwf_ifs025,2025-05-26,6,2025-06-01,32.8,20.5,23.8,,,,,,30.6,5.36,0.0,
鲁中参考点,ecmwf_ifs025,2025-05-25,7,2025-06-01,30.6,21.8,23.6,,,,,,37.5,23.62,0.0,
鲁中参考点,gfs_seamless,2025-05-31,1,2025-06-01,27.6,15.8,19.7,,27.3,40.3,10.4,,,,,
鲁中参考点,gfs_seamless,2025-05-30,2,2025-06-01,27.9,16.1,19.4,,27.5,38.8,11.2,,,,,
鲁中参考点,gfs_seamless,2025-05-29,3,2025-06-01,27.6,15.3,19.1,,27.3,40.3,10.0,,,,,
鲁中参考点,gfs_seamless,2025-05-28,4,2025-06-01,28.9,16.5,20.3,,28.4,38.7,12.2,,,,,
鲁中参考点,gfs_seamless,2025-05-27,5,2025-06-01,30.1,17.5,20.5,,29.3,35.1,13.6,,,,,
鲁中参考点,gfs_seamless,2025-05-26,6,2025-06-01,29.7,18.2,21.7,,28.6,32.3,12.6,,,,,
鲁中参考点,gfs_seamless,2025-05-25,7,2025-06-01,32.6,18.2,23.6,,31.5,30.1,10.7,,,,,
鲁中参考点,jma_seamless,2025-05-31,1,2025-06-01,27.0,18.5,21.0,,,,,,48.7,,0.0,
鲁中参考点,jma_seamless,2025-05-30,2,2025-06-01,26.8,18.3,21.0,,,,,,62.9,,0.0,
鲁中参考点,jma_seamless,2025-05-29,3,2025-06-01,27.8,15.4,20.3,,,,,,86.2,,0.0,
鲁中参考点,jma_seamless,2025-05-28,4,2025-06-01,25.7,17.0,20.1,,,,,,60.3,,0.0,
鲁中参考点,jma_seamless,2025-05-27,5,2025-06-01,31.5,19.0,23.2,,,,,,47.8,,0.0,
鲁中参考点,jma_seamless,2025-05-26,6,2025-06-01,32.8,21.1,23.9,,,,,,37.2,,0.0,
鲁中参考点,jma_seamless,2025-05-25,7,2025-06-01,30.9,21.1,23.5,,,,,,68.4,,0.0,
鲁中参考点,ecmwf_ifs025,2025-06-01,1,2025-06-02,28.8,14.9,21.6,,,,,,19.1,24.67,0.0,
鲁中参考点,ecmwf_ifs025,2025-05-31,2,2025-06-02,29.3,15.1,22.0,,,,,,26.4,23.19,0.0,
鲁中参考点,ecmwf_ifs025,2025-05-30,3,2025-06-02,28.5,15.7,21.4,,,,,,24.5,22.93,0.3,
鲁中参考点,ecmwf_ifs025,2025-05-29,4,2025-06-02,27.7,15.4,21.5,,,,,,22.3,23.31,0.0,
鲁中参考点,ecmwf_ifs025,2025-05-28,5,2025-06-02,28.5,17.9,21.8,,,,,,26.7,16.5,0.0,
鲁中参考点,ecmwf_ifs025,2025-05-27,6,2025-06-02,24.5,20.2,21.9,,,,,,57.8,2.62,0.0,
鲁中参考点,ecmwf_ifs025,2025-05-26,7,2025-06-02,31.0,19.1,23.3,,,,,,28.4,24.39,0.0,
鲁中参考点,gfs_seamless,2025-06-01,1,2025-06-02,29.5,14.1,21.3,,29.4,42.1,8.8,,,,,
鲁中参考点,gfs_seamless,2025-05-31,2,2025-06-02,30.3,15.1,21.5,,30.3,42.2,9.1,,,,,
鲁中参考点,gfs_seamless,2025-05-30,3,2025-06-02,30.2,13.1,20.8,,31.6,51.6,10.6,,,,,
鲁中参考点,gfs_seamless,2025-05-29,4,2025-06-02,30.4,16.3,21.6,,30.6,43.1,8.9,,,,,
鲁中参考点,gfs_seamless,2025-05-28,5,2025-06-02,29.0,15.8,21.0,,29.0,44.1,10.3,,,,,
鲁中参考点,gfs_seamless,2025-05-27,6,2025-06-02,28.3,15.4,18.5,,29.2,53.8,10.7,,,,,
鲁中参考点,gfs_seamless,2025-05-26,7,2025-06-02,28.1,16.7,20.2,,28.0,43.3,13.1,,,,,
鲁中参考点,jma_seamless,2025-06-01,1,2025-06-02,28.7,16.5,21.2,,,,,,18.0,,0.0,
鲁中参考点,jma_seamless,2025-05-31,2,2025-06-02,28.0,16.5,21.0,,,,,,23.9,,0.0,
鲁中参考点,jma_seamless,2025-05-30,3,2025-06-02,26.5,15.4,20.1,,,,,,49.7,,0.0,
鲁中参考点,jma_seamless,2025-05-29,4,2025-06-02,28.1,15.9,20.6,,,,,,44.4,,0.0,
鲁中参考点,jma_seamless,2025-05-28,5,2025-06-02,30.7,17.4,22.1,,,,,,38.0,,0.0,
鲁中参考点,jma_seamless,2025-05-27,6,2025-06-02,29.3,20.7,22.5,,,,,,32.0,,0.0,
鲁中参考点,jma_seamless,2025-05-26,7,2025-06-02,28.7,19.2,22.3,,,,,,84.2,,-0.6,
鲁中参考点,ecmwf_ifs025,2025-06-02,1,2025-06-03,28.7,16.9,21.0,,,,,,11.5,26.45,0.0,
鲁中参考点,ecmwf_ifs025,2025-06-01,2,2025-06-03,29.1,17.1,20.9,,,,,,6.3,26.46,0.0,
鲁中参考点,ecmwf_ifs025,2025-05-31,3,2025-06-03,29.7,16.9,21.2,,,,,,12.5,26.11,0.0,
鲁中参考点,ecmwf_ifs025,2025-05-30,4,2025-06-03,29.9,17.1,21.1,,,,,,2.8,26.6,0.0,
鲁中参考点,ecmwf_ifs025,2025-05-29,5,2025-06-03,28.8,16.9,20.3,,,,,,11.6,26.89,0.0,
鲁中参考点,ecmwf_ifs025,2025-05-28,6,2025-06-03,26.2,17.6,18.6,,,,,,16.9,5.09,0.9,
鲁中参考点,ecmwf_ifs025,2025-05-27,7,2025-06-03,27.7,19.3,21.9,,,,,,18.0,16.62,0.0,
鲁中参考点,gfs_seamless,2025-06-02,1,2025-06-03,29.1,17.1,20.5,,27.8,27.5,12.8,,,,,
鲁中参考点,gfs_seamless,2025-06-01,2,2025-06-03,30.0,16.6,20.9,,28.8,30.0,13.5,,,,,
鲁中参考点,gfs_seamless,2025-05-31,3,2025-06-03,30.7,16.7,21.2,,29.4,29.3,12.5,,,,,
鲁中参考点,gfs_seamless,2025-05-30,4,2025-06-03,31.2,16.8,21.5,,30.1,32.0,14.0,,,,,
鲁中参考点,gfs_seamless,2025-05-29,5,2025-06-03,30.4,16.0,22.3,,30.8,44.5,10.5,,,,,
鲁中参考点,gfs_seamless,2025-05-28,6,2025-06-03,30.7,15.9,20.9,,29.7,33.2,13.7,,,,,
鲁中参考点,gfs_seamless,2025-05-27,7,2025-06-03,31.4,14.7,22.3,,33.5,51.1,9.5,,,,,
鲁中参考点,jma_seamless,2025-06-02,1,2025-06-03,30.2,21.2,21.7,,,,,,5.7,,0.0,
鲁中参考点,jma_seamless,2025-06-01,2,2025-06-03,29.1,21.2,21.1,,,,,,13.1,,0.0,
鲁中参考点,jma_seamless,2025-05-31,3,2025-06-03,29.3,21.6,21.2,,,,,,11.1,,0.0,
鲁中参考点,jma_seamless,2025-05-30,4,2025-06-03,30.3,17.3,21.7,,,,,,6.3,,0.0,
鲁中参考点,jma_seamless,2025-05-29,5,2025-06-03,30.7,22.2,23.0,,,,,,12.7,,0.0,
鲁中参考点,jma_seamless,2025-05-28,6,2025-06-03,30.0,19.9,21.7,,,,,,15.3,,0.0,
鲁中参考点,jma_seamless,2025-05-27,7,2025-06-03,27.0,17.8,20.1,,,,,,58.6,,0.0,
鲁中参考点,ecmwf_ifs025,2025-06-03,1,2025-06-04,30.0,17.7,21.6,,28.3,22.5,5.3,,3.4,26.73,0.0,
鲁中参考点,ecmwf_ifs025,2025-06-02,2,2025-06-04,30.0,17.2,21.3,,28.3,23.0,6.1,,2.0,26.65,0.0,
鲁中参考点,ecmwf_ifs025,2025-06-01,3,2025-06-04,29.6,17.6,20.9,,28.0,22.7,7.9,,0.1,26.72,0.0,
鲁中参考点,ecmwf_ifs025,2025-05-31,4,2025-06-04,32.2,18.1,22.7,,30.4,23.5,5.0,,0.5,26.57,0.0,
鲁中参考点,ecmwf_ifs025,2025-05-30,5,2025-06-04,29.5,17.1,22.5,,28.0,24.5,6.8,,11.1,26.7,0.0,
鲁中参考点,ecmwf_ifs025,2025-05-29,6,2025-06-04,28.3,22.5,21.4,,27.0,23.2,13.4,,11.0,5.93,0.0,
鲁中参考点,ecmwf_ifs025,2025-05-28,7,2025-06-04,31.5,18.4,21.4,,29.6,21.7,8.4,,1.4,26.3,0.0,
鲁中参考点,gfs_seamless,2025-06-03,1,2025-06-04,30.4,16.7,20.6,,28.5,18.6,10.5,29.5,1.3,31.19,0.0,0.0
鲁中参考点,gfs_seamless,2025-06-02,2,2025-06-04,31.0,16.6,20.9,,29.0,18.8,11.3,32.0,3.3,30.91,0.0,0.0
鲁中参考点,gfs_seamless,2025-06-01,3,2025-06-04,30.8,16.1,20.7,,28.9,19.5,10.2,27.0,0.4,30.99,0.0,0.0
鲁中参考点,gfs_seamless,2025-05-31,4,2025-06-04,30.7,18.8,20.9,,28.8,18.5,15.0,41.4,25.5,30.8,0.0,0.0
鲁中参考点,gfs_seamless,2025-05-30,5,2025-06-04,32.9,18.1,22.1,,30.9,21.2,12.0,44.3,97.0,28.16,0.0,0.0
鲁中参考点,gfs_seamless,2025-05-29,6,2025-06-04,34.4,17.3,22.0,,33.3,27.2,12.1,32.0,52.6,29.87,0.0,0.0
鲁中参考点,gfs_seamless,2025-05-28,7,2025-06-04,34.8,18.4,24.1,,33.1,22.6,8.6,38.9,86.5,27.64,0.0,0.0
鲁中参考点,ecmwf_ifs025,2025-06-04,1,2025-06-05,32.6,19.4,24.1,,31.9,33.0,15.9,,34.1,22.78,0.0,
鲁中参考点,ecmwf_ifs025,2025-06-03,2,2025-06-05,33.0,20.2,24.7,,32.1,30.7,15.1,,37.3,24.89,0.0,
鲁中参考点,ecmwf_ifs025,2025-06-02,3,2025-06-05,32.4,19.7,24.1,,30.9,27.1,15.3,,26.6,23.49,0.0,
鲁中参考点,ecmwf_ifs025,2025-06-01,4,2025-06-05,34.7,20.3,24.6,,33.7,26.8,15.3,,30.7,25.92,0.0,
鲁中参考点,ecmwf_ifs025,2025-05-31,5,2025-06-05,34.3,21.4,25.4,,33.6,29.5,17.8,,24.8,25.74,0.0,
鲁中参考点,ecmwf_ifs025,2025-05-30,6,2025-06-05,35.0,25.2,26.1,,35.4,33.2,16.9,,24.5,5.18,0.0,
鲁中参考点,ecmwf_ifs025,2025-05-29,7,2025-06-05,32.5,18.9,21.7,,31.0,26.8,11.5,,40.5,23.9,0.0,
鲁中参考点,gfs_seamless,2025-06-04,1,2025-06-05,35.2,18.3,24.1,,34.3,26.7,17.1,51.8,87.2,27.53,0.0,0.0
鲁中参考点,gfs_seamless,2025-06-03,2,2025-06-05,34.7,18.2,23.6,,33.2,24.0,16.5,51.5,69.8,28.8,0.0,0.0
鲁中参考点,gfs_seamless,2025-06-02,3,2025-06-05,34.8,19.3,23.5,,32.9,20.7,15.7,48.6,56.3,25.35,0.0,0.0
鲁中参考点,gfs_seamless,2025-06-01,4,2025-06-05,35.9,19.4,24.0,,34.1,20.0,15.0,43.6,84.6,28.3,0.0,0.0
鲁中参考点,gfs_seamless,2025-05-31,5,2025-06-05,35.6,18.1,24.2,,34.3,23.8,15.1,54.4,99.8,28.37,0.0,0.0
鲁中参考点,gfs_seamless,2025-05-30,6,2025-06-05,36.6,16.1,24.7,,36.1,25.8,9.5,60.5,60.1,29.67,0.0,0.0
鲁中参考点,gfs_seamless,2025-05-29,7,2025-06-05,36.8,23.2,26.3,,36.2,25.0,12.2,57.2,77.6,28.93,0.0,0.0
鲁中参考点,ecmwf_ifs025,2025-06-05,1,2025-06-06,34.5,24.4,28.8,,35.8,38.2,13.3,,19.9,22.5,0.0,
鲁中参考点,ecmwf_ifs025,2025-06-04,2,2025-06-06,34.6,24.0,28.8,,36.3,39.3,12.9,,19.1,23.55,0.0,
鲁中参考点,ecmwf_ifs025,2025-06-03,3,2025-06-06,33.9,24.0,28.3,,35.7,41.7,12.2,,45.5,21.55,0.0,
鲁中参考点,ecmwf_ifs025,2025-06-02,4,2025-06-06,33.7,23.9,28.3,,34.9,40.1,13.5,,27.0,24.56,0.0,
鲁中参考点,ecmwf_ifs025,2025-06-01,5,2025-06-06,35.3,23.0,27.6,,36.5,35.7,12.8,,39.3,23.76,0.0,
鲁中参考点,ecmwf_ifs025,2025-05-31,6,2025-06-06,35.1,23.6,28.9,,37.0,38.8,6.6,,12.6,5.07,0.0,
鲁中参考点,ecmwf_ifs025,2025-05-30,7,2025-06-06,31.2,17.6,23.1,,29.9,29.7,6.3,,18.6,25.55,0.0,
鲁中参考点,gfs_seamless,2025-06-05,1,2025-06-06,35.4,22.6,28.1,,37.7,39.0,14.1,51.5,93.7,25.79,0.0,0.0
鲁中参考点,gfs_seamless,2025-06-04,2,2025-06-06,34.9,22.3,28.5,,36.7,38.9,11.4,53.3,84.0,27.06,0.0,0.0
鲁中参考点,gfs_seamless,2025-06-03,3,2025-06-06,35.3,21.7,27.6,,35.4,31.4,9.6,52.6,72.4,27.58,0.0,0.0
鲁中参考点,gfs_seamless,2025-06-02,4,2025-06-06,35.1,22.3,27.0,,34.5,28.5,13.3,54.7,78.8,28.79,0.0,0.0
鲁中参考点,gfs_seamless,2025-06-01,5,2025-06-06,35.5,24.9,27.3,,35.1,28.6,16.9,56.2,81.2,28.42,0.0,0.0
鲁中参考点,gfs_seamless,2025-05-31,6,2025-06-06,36.6,24.0,27.2,,36.8,28.7,16.8,63.7,94.0,27.58,0.0,0.0
鲁中参考点,gfs_seamless,2025-05-30,7,2025-06-06,36.7,20.7,24.7,,37.5,31.0,17.4,55.1,76.8,27.7,0.0,0.0
鲁中参考点,ecmwf_ifs025,2025-06-06,1,2025-06-07,33.3,23.5,28.3,,35.7,45.8,9.9,,43.9,22.02,0.0,
鲁中参考点,ecmwf_ifs025,2025-06-05,2,2025-06-07,33.4,23.2,28.6,,35.6,44.8,8.2,,39.4,20.87,0.0,
鲁中参考点,ecmwf_ifs025,2025-06-04,3,2025-06-07,35.7,23.2,29.9,,40.0,44.2,7.1,,40.3,20.4,0.0,
鲁中参考点,ecmwf_ifs025,2025-06-03,4,2025-06-07,36.0,21.6,28.4,,41.3,45.7,9.0,,19.1,23.64,0.0,
鲁中参考点,ecmwf_ifs025,2025-06-02,5,2025-06-07,34.7,20.4,28.0,,37.2,41.7,7.0,,20.5,21.86,0.0,
鲁中参考点,ecmwf_ifs025,2025-06-01,6,2025-06-07,32.7,23.9,27.6,,35.0,47.5,11.5,,22.1,4.62,0.0,
鲁中参考点,ecmwf_ifs025,2025-05-31,7,2025-06-07,36.4,22.1,28.0,,37.5,32.5,8.1,,26.3,23.06,0.0,
鲁中参考点,gfs_seamless,2025-06-06,1,2025-06-07,34.9,22.8,29.1,,39.6,47.8,7.9,28.4,96.6,22.04,0.7,0.0
鲁中参考点,gfs_seamless,2025-06-05,2,2025-06-07,32.0,20.8,27.2,,35.0,52.4,10.2,22.0,100.0,19.6,0.2,0.0
鲁中参考点,gfs_seamless,2025-06-04,3,2025-06-07,34.8,20.8,27.8,,40.8,51.6,9.8,30.6,80.8,23.75,1.3,0.0
鲁中参考点,gfs_seamless,2025-06-03,4,2025-06-07,36.1,23.3,28.7,,40.3,42.7,10.6,29.5,99.6,26.66,0.0,0.0
鲁中参考点,gfs_seamless,2025-06-02,5,2025-06-07,38.4,21.3,26.9,,46.1,43.4,12.1,40.7,92.6,26.69,0.3,0.0
鲁中参考点,gfs_seamless,2025-06-01,6,2025-06-07,36.8,22.0,28.7,,41.3,41.2,11.5,42.5,81.2,27.28,0.0,0.0
鲁中参考点,gfs_seamless,2025-05-31,7,2025-06-07,35.4,20.1,26.5,,36.6,35.3,12.1,51.1,76.2,27.8,0.0,0.0
鲁中参考点,ecmwf_ifs025,2025-06-07,1,2025-06-08,33.1,20.6,28.8,,37.8,54.3,5.8,,41.2,21.79,2.1,
鲁中参考点,ecmwf_ifs025,2025-06-06,2,2025-06-08,34.2,20.2,28.8,,39.7,52.3,4.6,,30.5,20.92,0.9,
鲁中参考点,ecmwf_ifs025,2025-06-05,3,2025-06-08,35.2,21.1,28.9,,40.0,47.1,6.8,,16.5,22.98,0.0,
鲁中参考点,ecmwf_ifs025,2025-06-04,4,2025-06-08,35.6,20.5,27.9,,41.4,48.2,7.6,,3.6,23.12,0.0,
鲁中参考点,ecmwf_ifs025,2025-06-03,5,2025-06-08,35.8,20.9,27.6,,40.2,44.1,7.5,,5.3,24.91,0.0,
鲁中参考点,ecmwf_ifs025,2025-06-02,6,2025-06-08,33.5,22.9,28.9,,37.0,49.0,7.9,,7.7,5.1,0.3,
鲁中参考点,ecmwf_ifs025,2025-06-01,7,2025-06-08,31.4,22.0,27.0,,34.0,53.0,5.4,,28.0,10.89,1.2,
鲁中参考点,gfs_seamless,2025-06-07,1,2025-06-08,34.0,21.4,26.9,,39.2,52.2,10.8,45.0,100.0,26.36,1.4,0.0
鲁中参考点,gfs_seamless,2025-06-06,2,2025-06-08,35.2,20.6,27.6,,41.5,50.9,9.9,53.6,82.4,27.6,0.0,0.0
鲁中参考点,gfs_seamless,2025-06-05,3,2025-06-08,34.8,21.1,27.6,,39.2,47.3,9.3,39.2,98.4,22.71,1.0,0.0
鲁中参考点,gfs_seamless,2025-06-04,4,2025-06-08,33.8,21.0,27.9,,37.4,48.2,7.3,49.7,99.3,23.88,1.5,0.0
鲁中参考点,gfs_seamless,2025-06-03,5,2025-06-08,33.3,19.3,24.4,,34.5,41.1,7.9,45.4,98.2,16.95,0.9,0.0
鲁中参考点,gfs_seamless,2025-06-02,6,2025-06-08,32.1,21.4,25.7,,33.4,44.8,10.7,30.6,100.0,21.83,2.1,0.0
鲁中参考点,gfs_seamless,2025-06-01,7,2025-06-08,35.1,19.3,25.6,,40.7,49.5,13.8,52.9,99.0,22.6,0.0,0.0
鲁中参考点,ecmwf_ifs025,2025-06-08,1,2025-06-09,33.9,22.2,27.9,,41.9,60.0,15.3,,32.5,22.67,2.4,
鲁中参考点,ecmwf_ifs025,2025-06-07,2,2025-06-09,36.0,21.9,28.3,,45.3,54.5,15.0,,25.9,23.56,4.8,
鲁中参考点,ecmwf_ifs025,2025-06-06,3,2025-06-09,35.6,23.3,29.9,,41.6,48.7,14.9,,26.7,24.22,0.0,
鲁中参考点,ecmwf_ifs025,2025-06-05,4,2025-06-09,35.3,21.8,29.9,,41.5,50.2,11.7,,13.8,23.37,0.0,
鲁中参考点,ecmwf_ifs025,2025-06-04,5,2025-06-09,35.2,22.0,28.1,,36.9,37.6,12.8,,21.9,23.32,0.3,
鲁中参考点,ecmwf_ifs025,2025-06-03,6,2025-06-09,34.7,22.5,27.6,,40.4,51.0,15.0,,40.7,4.29,5.4,
鲁中参考点,ecmwf_ifs025,2025-06-02,7,2025-06-09,28.3,20.4,25.1,,30.3,63.4,10.4,,26.0,20.58,6.0,
鲁中参考点,gfs_seamless,2025-06-08,1,2025-06-09,36.0,20.7,27.5,,46.8,57.6,14.3,51.1,67.2,28.13,4.0,0.0
鲁中参考点,gfs_seamless,2025-06-07,2,2025-06-09,33.2,21.0,25.8,,39.6,58.9,18.7,47.9,95.2,26.81,3.9,0.0
鲁中参考点,gfs_seamless,2025-06-06,3,2025-06-09,34.5,19.7,26.2,,40.3,52.0,19.5,54.0,76.6,25.94,1.9,0.0
鲁中参考点,gfs_seamless,2025-06-05,4,2025-06-09,35.2,19.2,28.3,,42.9,54.2,9.3,45.4,62.5,28.02,2.5,0.0
鲁中参考点,gfs_seamless,2025-06-04,5,2025-06-09,34.5,21.1,27.0,,41.3,54.6,11.6,41.8,55.4,27.2,0.0,0.0
鲁中参考点,gfs_seamless,2025-06-03,6,2025-06-09,32.9,20.2,25.3,,35.9,49.5,9.3,28.4,69.0,26.82,0.5,0.0
鲁中参考点,gfs_seamless,2025-06-02,7,2025-06-09,34.8,19.1,25.7,,43.0,56.9,11.1,37.1,57.1,23.71,0.4,0.0
鲁中参考点,ecmwf_ifs025,2025-06-09,1,2025-06-10,28.1,19.7,23.7,,29.1,55.8,8.3,,19.7,25.34,0.0,
鲁中参考点,ecmwf_ifs025,2025-06-08,2,2025-06-10,30.1,20.2,24.4,,31.1,49.1,9.9,,13.6,25.12,3.9,
鲁中参考点,ecmwf_ifs025,2025-06-07,3,2025-06-10,29.3,18.5,23.6,,29.5,45.4,12.2,,27.8,22.24,2.7,
鲁中参考点,ecmwf_ifs025,2025-06-06,4,2025-06-10,29.8,18.2,23.2,,29.5,40.6,13.7,,25.0,21.96,0.0,
鲁中参考点,ecmwf_ifs025,2025-06-05,5,2025-06-10,28.6,19.3,23.7,,28.6,45.0,14.5,,38.5,21.09,0.0,
鲁中参考点,ecmwf_ifs025,2025-06-04,6,2025-06-10,22.9,16.9,19.6,,,67.1,10.4,,70.1,2.66,7.8,
鲁中参考点,ecmwf_ifs025,2025-06-03,7,2025-06-10,22.2,17.9,22.3,,,78.9,9.0,,48.3,11.43,6.9,
鲁中参考点,gfs_seamless,2025-06-09,1,2025-06-10,30.2,19.4,22.7,,30.5,44.3,13.8,27.7,85.9,28.3,0.0,0.0
鲁中参考点,gfs_seamless,2025-06-08,2,2025-06-10,30.0,19.5,21.7,,29.7,39.7,17.8,43.6,85.1,29.4,0.0,0.0
鲁中参考点,gfs_seamless,2025-06-07,3,2025-06-10,30.7,18.8,21.7,,30.1,36.9,16.9,35.3,36.9,30.55,0.8,0.0
鲁中参考点,gfs_seamless,2025-06-06,4,2025-06-10,28.2,18.5,22.6,,28.6,48.9,12.7,32.4,71.2,24.94,0.0,0.0
鲁中参考点,gfs_seamless,2025-06-05,5,2025-06-10,35.1,21.9,27.2,,39.0,44.9,10.5,40.3,98.2,17.96,0.3,0.0
鲁中参考点,gfs_seamless,2025-06-04,6,2025-06-10,30.9,19.4,24.4,,33.7,56.2,11.7,41.4,99.7,21.08,0.2,0.0
鲁中参考点,gfs_seamless,2025-06-03,7,2025-06-10,34.3,18.2,23.9,,42.0,57.7,9.9,41.0,44.9,17.08,1.6,0.0
鲁中参考点,ecmwf_ifs025,2025-06-10,1,2025-06-11,30.6,17.2,23.2,,31.5,47.2,12.5,,5.2,25.32,0.0,
鲁中参考点,ecmwf_ifs025,2025-06-09,2,2025-06-11,31.5,17.1,23.0,,31.9,41.9,11.2,,6.9,25.92,0.0,
鲁中参考点,ecmwf_ifs025,2025-06-08,3,2025-06-11,32.3,14.8,22.8,,32.2,37.0,10.9,,1.8,25.95,0.0,
鲁中参考点,ecmwf_ifs025,2025-06-07,4,2025-06-11,32.8,16.3,22.2,,31.9,31.0,11.2,,29.0,25.12,0.0,
鲁中参考点,ecmwf_ifs025,2025-06-06,5,2025-06-11,32.2,16.0,21.8,,31.8,35.3,10.5,,18.2,24.28,0.0,
鲁中参考点,ecmwf_ifs025,2025-06-05,6,2025-06-11,28.7,15.0,21.3,,28.4,41.1,6.6,,9.0,5.78,0.0,
鲁中参考点,ecmwf_ifs025,2025-06-04,7,2025-06-11,30.3,17.2,23.1,,31.7,51.2,5.0,,32.0,20.05,0.0,
鲁中参考点,gfs_seamless,2025-06-10,1,2025-06-11,31.7,18.0,23.0,,31.3,36.6,13.0,49.3,41.9,29.82,0.0,0.0
鲁中参考点,gfs_seamless,2025-06-09,2,2025-06-11,32.3,17.8,23.0,,31.7,33.8,12.9,50.8,48.3,29.22,0.0,0.0
鲁中参考点,gfs_seamless,2025-06-08,3,2025-06-11,31.3,16.9,21.8,,30.2,31.9,13.3,51.1,39.8,29.67,0.0,0.0
鲁中参考点,gfs_seamless,2025-06-07,4,2025-06-11,33.0,17.4,21.7,,32.2,31.4,14.0,46.4,78.6,28.67,0.0,0.0
鲁中参考点,gfs_seamless,2025-06-06,5,2025-06-11,32.1,17.6,22.9,,31.2,31.9,10.4,37.1,92.5,28.16,0.0,0.0
鲁中参考点,gfs_seamless,2025-06-05,6,2025-06-11,32.5,20.9,24.5,,32.4,36.9,11.4,33.8,97.3,25.84,0.1,0.0
鲁中参考点,gfs_seamless,2025-06-04,7,2025-06-11,28.2,14.8,19.9,,31.9,75.8,12.9,61.6,84.4,16.02,6.8,0.0
鲁中参考点,ecmwf_ifs025,2025-06-11,1,2025-06-12,30.4,18.5,22.0,,30.4,41.7,17.6,,5.5,26.27,0.0,
鲁中参考点,ecmwf_ifs025,2025-06-10,2,2025-06-12,30.0,18.5,21.2,,29.3,36.2,17.6,,8.2,26.51,0.0,
鲁中参考点,ecmwf_ifs025,2025-06-09,3,2025-06-12,31.0,19.3,21.3,,29.9,31.4,17.6,,3.7,26.6,0.0,
鲁中参考点,ecmwf_ifs025,2025-06-08,4,2025-06-12,33.0,19.1,22.4,,32.4,32.4,17.7,,1.3,26.1,0.0,
鲁中参考点,ecmwf_ifs025,2025-06-07,5,2025-06-12,33.2,17.7,22.6,,33.2,35.5,14.7,,0.0,26.16,0.0,
鲁中参考点,ecmwf_ifs025,2025-06-06,6,2025-06-12,32.1,19.4,22.7,,31.0,30.2,9.2,,0.3,5.93,0.0,
鲁中参考点,ecmwf_ifs025,2025-06-05,7,2025-06-12,32.8,18.9,23.6,,32.2,33.0,9.0,,0.8,26.0,0.0,
鲁中参考点,gfs_seamless,2025-06-11,1,2025-06-12,30.7,17.8,21.4,,30.1,36.9,16.3,52.9,8.2,30.86,0.0,0.0
鲁中参考点,gfs_seamless,2025-06-10,2,2025-06-12,30.9,18.2,21.4,,30.2,35.3,16.8,44.3,5.2,31.09,0.0,0.0
鲁中参考点,gfs_seamless,2025-06-09,3,2025-06-12,31.0,16.9,20.5,,30.1,33.5,17.5,43.6,1.0,31.24,0.0,0.0
鲁中参考点,gfs_seamless,2025-06-08,4,2025-06-12,30.4,16.0,20.1,,29.9,38.0,16.8,46.8,19.1,31.14,0.0,0.0
鲁中参考点,gfs_seamless,2025-06-07,5,2025-06-12,33.1,17.3,23.0,,34.5,42.3,13.0,38.9,9.4,30.65,0.0,0.0
鲁中参考点,gfs_seamless,2025-06-06,6,2025-06-12,31.3,16.2,21.7,,30.8,36.3,12.1,27.7,12.4,30.21,0.0,0.0
鲁中参考点,gfs_seamless,2025-06-05,7,2025-06-12,24.1,15.3,18.9,,,85.2,12.4,47.9,89.5,6.05,18.8,0.0
鲁中参考点,ecmwf_ifs025,2025-06-12,1,2025-06-13,32.5,17.8,25.5,,36.6,54.6,12.3,,5.4,21.5,0.0,
鲁中参考点,ecmwf_ifs025,2025-06-11,2,2025-06-13,31.7,18.7,25.3,,36.3,59.7,15.6,,6.8,20.3,0.0,
鲁中参考点,ecmwf_ifs025,2025-06-10,3,2025-06-13,31.8,17.0,25.0,,37.3,62.2,14.8,,9.9,22.81,0.0,
鲁中参考点,ecmwf_ifs025,2025-06-09,4,2025-06-13,33.2,17.3,25.9,,39.2,57.7,12.3,,2.3,25.21,0.0,
鲁中参考点,ecmwf_ifs025,2025-06-08,5,2025-06-13,31.6,18.8,26.0,,35.5,57.7,14.5,,5.6,22.0,0.3,
鲁中参考点,ecmwf_ifs025,2025-06-07,6,2025-06-13,32.9,18.9,24.4,,33.6,39.7,11.2,,2.6,5.69,0.0,
鲁中参考点,ecmwf_ifs025,2025-06-06,7,2025-06-13,32.9,18.8,26.8,,35.2,46.8,6.2,,1.2,23.65,0.0,
鲁中参考点,gfs_seamless,2025-06-12,1,2025-06-13,27.5,17.7,22.8,,30.7,78.9,11.8,31.0,49.7,20.22,0.0,0.0
鲁中参考点,gfs_seamless,2025-06-11,2,2025-06-13,28.9,17.9,24.7,,32.4,69.6,13.0,40.7,39.2,25.34,0.0,0.0
鲁中参考点,gfs_seamless,2025-06-10,3,2025-06-13,30.2,16.0,24.9,,35.5,70.0,12.2,35.3,22.3,23.15,0.0,0.0
鲁中参考点,gfs_seamless,2025-06-09,4,2025-06-13,31.9,16.1,23.7,,38.2,64.4,12.2,48.2,25.0,20.83,0.0,0.0
鲁中参考点,gfs_seamless,2025-06-08,5,2025-06-13,33.0,18.3,25.5,,47.5,78.8,10.6,36.4,39.3,24.46,0.0,0.0
鲁中参考点,gfs_seamless,2025-06-07,6,2025-06-13,34.8,15.2,25.0,,40.2,49.9,9.2,23.4,0.7,29.76,0.0,0.0
鲁中参考点,gfs_seamless,2025-06-06,7,2025-06-13,30.3,14.1,22.5,,32.9,57.4,9.9,24.1,21.8,28.5,0.0,0.0
鲁中参考点,ecmwf_ifs025,2025-06-13,1,2025-06-14,34.1,20.7,29.7,,40.2,54.5,10.0,,28.9,22.84,0.0,
鲁中参考点,ecmwf_ifs025,2025-06-12,2,2025-06-14,35.6,21.2,30.4,,43.4,52.9,7.3,,21.3,24.35,0.3,
鲁中参考点,ecmwf_ifs025,2025-06-11,3,2025-06-14,34.4,21.6,30.8,,42.9,59.2,8.0,,28.9,23.59,0.0,
鲁中参考点,ecmwf_ifs025,2025-06-10,4,2025-06-14,34.6,19.4,30.5,,43.6,59.5,5.2,,27.8,23.58,0.0,
鲁中参考点,ecmwf_ifs025,2025-06-09,5,2025-06-14,32.9,20.6,29.2,,39.7,61.2,7.5,,25.1,21.0,0.0,
鲁中参考点,ecmwf_ifs025,2025-06-08,6,2025-06-14,35.0,22.6,30.3,,41.9,53.0,7.8,,19.7,5.43,0.0,
鲁中参考点,ecmwf_ifs025,2025-06-07,7,2025-06-14,34.4,23.7,29.6,,39.4,50.2,6.8,,2.1,24.71,0.0,
鲁中参考点,gfs_seamless,2025-06-13,1,2025-06-14,35.3,18.9,28.6,,46.6,61.2,9.9,37.1,44.3,27.79,1.4,0.0
鲁中参考点,gfs_seamless,2025-06-12,2,2025-06-14,34.1,19.2,28.2,,45.4,66.5,10.5,31.3,51.0,28.94,0.5,0.0
鲁中参考点,gfs_seamless,2025-06-11,3,2025-06-14,35.1,20.7,28.4,,50.5,69.6,12.6,40.0,49.9,27.72,4.7,0.0
鲁中参考点,gfs_seamless,2025-06-10,4,2025-06-14,34.2,20.9,28.5,,47.1,69.2,12.1,38.9,69.0,21.5,0.2,0.0
鲁中参考点,gfs_seamless,2025-06-09,5,2025-06-14,33.6,19.6,27.8,,45.0,69.0,11.1,35.3,49.3,23.17,1.4,0.0
鲁中参考点,gfs_seamless,2025-06-08,6,2025-06-14,36.6,20.3,29.2,,53.1,64.8,9.9,28.1,54.0,24.5,0.1,0.0
鲁中参考点,gfs_seamless,2025-06-07,7,2025-06-14,36.0,18.7,28.0,,49.3,62.1,10.4,32.8,20.7,24.5,0.0,0.0
鲁中参考点,ecmwf_ifs025,2025-06-14,1,2025-06-15,29.2,20.4,24.8,,31.5,60.9,12.4,,7.5,22.07,3.3,
鲁中参考点,ecmwf_ifs025,2025-06-13,2,2025-06-15,29.3,21.0,25.8,,31.1,57.5,10.4,,22.6,23.07,2.1,
鲁中参考点,ecmwf_ifs025,2025-06-12,3,2025-06-15,29.0,21.0,25.0,,31.0,59.5,11.3,,33.5,22.45,16.5,
鲁中参考点,ecmwf_ifs025,2025-06-11,4,2025-06-15,28.7,20.5,25.5,,30.8,61.8,12.1,,29.3,22.95,6.6,
鲁中参考点,ecmwf_ifs025,2025-06-10,5,2025-06-15,27.2,20.7,24.4,,29.2,70.5,11.9,,35.5,19.7,8.7,
鲁中参考点,ecmwf_ifs025,2025-06-09,6,2025-06-15,30.8,21.3,25.6,,31.0,42.6,10.6,,39.8,4.39,0.0,
鲁中参考点,ecmwf_ifs025,2025-06-08,7,2025-06-15,37.3,20.9,30.5,,47.9,52.4,9.1,,19.5,22.65,1.2,
鲁中参考点,gfs_seamless,2025-06-14,1,2025-06-15,31.7,20.7,25.4,,33.7,49.5,16.4,39.2,42.5,27.79,0.8,0.0
鲁中参考点,gfs_seamless,2025-06-13,2,2025-06-15,31.0,20.9,25.0,,32.5,49.5,16.0,48.2,44.2,28.27,1.9,0.0
鲁中参考点,gfs_seamless,2025-06-12,3,2025-06-15,30.2,21.7,25.3,,32.2,55.1,12.0,33.8,67.2,23.04,0.7,0.0
鲁中参考点,gfs_seamless,2025-06-11,4,2025-06-15,27.7,20.6,24.5,,30.1,70.0,10.7,23.8,91.6,15.26,16.7,0.0
鲁中参考点,gfs_seamless,2025-06-10,5,2025-06-15,31.6,19.2,25.8,,39.5,70.8,13.1,55.8,76.5,21.63,17.9,0.0
鲁中参考点,gfs_seamless,2025-06-09,6,2025-06-15,29.7,21.9,28.2,,33.7,67.2,7.7,23.4,97.8,16.08,1.8,0.0
鲁中参考点,gfs_seamless,2025-06-08,7,2025-06-15,37.6,20.6,30.1,,53.9,60.6,8.3,32.8,51.4,26.43,0.3,0.0
鲁中参考点,ecmwf_ifs025,2025-06-15,1,2025-06-16,28.3,18.8,21.6,,27.9,39.7,14.7,,13.6,21.56,0.0,
鲁中参考点,ecmwf_ifs025,2025-06-14,2,2025-06-16,28.2,18.4,21.6,,27.9,40.2,14.6,,7.8,21.66,0.0,
鲁中参考点,ecmwf_ifs025,2025-06-13,3,2025-06-16,29.5,18.3,22.3,,29.0,39.0,16.6,,11.0,22.95,0.0,
鲁中参考点,ecmwf_ifs025,2025-06-12,4,2025-06-16,29.4,17.1,22.0,,28.9,38.5,13.9,,32.4,20.1,0.0,
鲁中参考点,ecmwf_ifs025,2025-06-11,5,2025-06-16,31.9,21.4,24.3,,31.2,34.3,16.1,,0.5,26.25,0.0,
鲁中参考点,ecmwf_ifs025,2025-06-10,6,2025-06-16,28.4,21.1,21.5,,27.9,37.9,18.8,,4.1,4.49,0.0,
鲁中参考点,ecmwf_ifs025,2025-06-09,7,2025-06-16,33.2,18.9,24.5,,34.9,43.6,12.8,,5.7,25.75,0.6,
鲁中参考点,gfs_seamless,2025-06-15,1,2025-06-16,28.6,19.2,20.6,,27.9,36.2,20.5,55.1,79.5,23.05,0.0,0.0
鲁中参考点,gfs_seamless,2025-06-14,2,2025-06-16,29.7,18.9,21.9,,28.7,32.6,15.7,40.0,19.1,28.82,0.0,0.0
鲁中参考点,gfs_seamless,2025-06-13,3,2025-06-16,30.2,20.7,22.5,,29.1,32.0,15.0,40.3,25.0,28.09,0.0,0.0
鲁中参考点,gfs_seamless,2025-06-12,4,2025-06-16,30.3,18.5,23.1,,30.3,41.9,15.6,61.6,2.4,30.06,0.0,0.0
鲁中参考点,gfs_seamless,2025-06-11,5,2025-06-16,34.0,18.9,25.8,,35.9,41.7,11.3,29.9,10.0,30.33,0.0,0.0
鲁中参考点,gfs_seamless,2025-06-10,6,2025-06-16,34.4,20.0,25.6,,39.3,50.1,15.4,58.0,34.3,28.59,0.9,0.0
鲁中参考点,gfs_seamless,2025-06-09,7,2025-06-16,32.3,19.6,25.6,,40.4,67.5,13.5,34.6,61.7,23.45,9.1,0.0
鲁中参考点,ecmwf_ifs025,2025-06-16,1,2025-06-17,34.2,18.5,26.6,,34.3,33.6,10.3,,11.5,25.62,0.0,
鲁中参考点,ecmwf_ifs025,2025-06-15,2,2025-06-17,34.7,18.9,27.1,,35.7,36.5,8.7,,2.5,24.86,0.0,
鲁中参考点,ecmwf_ifs025,2025-06-14,3,2025-06-17,35.0,18.9,27.3,,35.8,34.7,8.6,,9.6,25.39,0.0,
鲁中参考点,ecmwf_ifs025,2025-06-13,4,2025-06-17,36.6,19.9,27.8,,38.3,34.0,6.1,,8.2,25.93,0.0,
鲁中参考点,ecmwf_ifs025,2025-06-12,5,2025-06-17,36.5,19.9,27.6,,38.0,33.8,8.6,,4.9,25.52,0.0,
鲁中参考点,ecmwf_ifs025,2025-06-11,6,2025-06-17,34.8,23.7,28.1,,34.8,31.8,10.5,,5.1,24.91,0.0,
鲁中参考点,ecmwf_ifs025,2025-06-10,7,2025-06-17,29.8,23.5,25.5,,29.2,37.3,9.6,,7.8,25.33,0.0,
鲁中参考点,gfs_seamless,2025-06-16,1,2025-06-17,34.3,20.2,26.6,,34.1,32.0,8.9,54.4,16.8,30.06,0.0,0.0
鲁中参考点,gfs_seamless,2025-06-15,2,2025-06-17,35.7,21.2,26.7,,36.4,32.8,13.1,54.7,18.2,30.0,0.0,0.0
鲁中参考点,gfs_seamless,2025-06-14,3,2025-06-17,37.1,21.2,27.4,,37.2,27.4,12.2,53.3,17.3,29.73,0.0,0.0
鲁中参考点,gfs_seamless,2025-06-13,4,2025-06-17,36.5,21.4,27.4,,36.4,27.7,12.3,35.6,4.2,29.99,0.0,0.0
鲁中参考点,gfs_seamless,2025-06-12,5,2025-06-17,37.3,22.1,27.6,,37.5,27.4,10.5,50.0,21.1,29.73,0.0,0.0
鲁中参考点,gfs_seamless,2025-06-11,6,2025-06-17,38.6,23.8,29.2,,41.2,31.9,10.7,25.2,9.2,29.69,0.0,0.0
鲁中参考点,gfs_seamless,2025-06-10,7,2025-06-17,37.3,18.2,27.7,,45.6,48.1,12.9,54.7,34.5,28.78,0.0,0.0
鲁中参考点,ecmwf_ifs025,2025-06-17,1,2025-06-18,35.9,25.0,30.0,,39.5,41.5,17.4,,58.4,,,
鲁中参考点,ecmwf_ifs025,2025-06-16,2,2025-06-18,32.6,24.7,29.1,,36.0,52.0,18.4,,48.9,,,
鲁中参考点,ecmwf_ifs025,2025-06-15,3,2025-06-18,34.1,24.9,29.5,,37.2,45.5,17.2,,47.9,,,
鲁中参考点,ecmwf_ifs025,2025-06-14,4,2025-06-18,35.3,24.5,29.7,,40.2,47.0,15.8,,52.2,,,
鲁中参考点,ecmwf_ifs025,2025-06-13,5,2025-06-18,37.8,21.3,29.5,,40.8,34.8,11.6,,50.6,,,
鲁中参考点,ecmwf_ifs025,2025-06-12,6,2025-06-18,35.5,28.9,31.3,,36.9,35.8,13.6,,11.4,,,
鲁中参考点,ecmwf_ifs025,2025-06-11,7,2025-06-18,37.8,24.4,30.5,,39.8,32.0,8.9,,12.0,,,
鲁中参考点,gfs_seamless,2025-06-17,1,2025-06-18,36.0,21.5,27.9,,40.7,44.2,16.7,54.0,96.2,21.79,4.5,0.0
鲁中参考点,gfs_seamless,2025-06-16,2,2025-06-18,36.1,23.0,28.2,,43.0,49.1,17.1,51.5,100.0,20.19,2.4,0.0
鲁中参考点,gfs_seamless,2025-06-15,3,2025-06-18,36.6,23.3,29.4,,42.4,45.0,16.5,54.4,93.8,15.04,2.3,0.0
鲁中参考点,gfs_seamless,2025-06-14,4,2025-06-18,38.1,24.1,29.6,,41.9,36.1,16.5,48.6,66.5,13.46,0.0,0.0
鲁中参考点,gfs_seamless,2025-06-13,5,2025-06-18,37.6,23.3,28.2,,39.6,32.6,19.9,62.6,59.3,16.98,0.0,0.0
鲁中参考点,gfs_seamless,2025-06-12,6,2025-06-18,37.8,22.6,29.5,,41.5,36.5,16.8,57.2,35.3,11.56,0.0,0.0
鲁中参考点,gfs_seamless,2025-06-11,7,2025-06-18,37.5,25.2,29.7,,42.6,40.8,19.9,53.6,19.0,20.22,0.0,0.0
鲁中参考点,jma_seamless,2025-06-17,1,2025-06-18,32.0,27.0,29.9,,33.5,46.2,11.6,,,,0.0,0.0
鲁中参考点,jma_seamless,2025-06-16,2,2025-06-18,33.2,26.7,30.6,,35.4,45.5,12.0,,,,0.0,0.0
鲁中参考点,jma_seamless,2025-06-15,3,2025-06-18,36.1,26.3,30.1,,38.7,38.1,11.3,,,,6.0,0.0
鲁中参考点,jma_seamless,2025-06-14,4,2025-06-18,37.7,21.7,29.7,,42.1,38.5,9.0,,,,0.0,0.0
鲁中参考点,jma_seamless,2025-06-13,5,2025-06-18,37.8,23.7,29.4,,40.2,33.2,8.4,,,,0.0,0.0
鲁中参考点,jma_seamless,2025-06-12,6,2025-06-18,38.0,24.4,29.8,,39.5,30.2,8.6,,,,0.0,0.0
鲁中参考点,jma_seamless,2025-06-11,7,2025-06-18,37.5,21.8,29.0,,40.4,35.2,7.7,,,,0.0,0.0
鲁中参考点,ecmwf_ifs025,2025-06-18,1,2025-06-19,28.9,22.7,27.9,,34.3,79.2,10.9,,89.8,5.53,31.7,
鲁中参考点,ecmwf_ifs025,2025-06-17,2,2025-06-19,29.3,22.4,27.6,,36.3,82.8,13.8,,74.1,9.33,6.2,
鲁中参考点,ecmwf_ifs025,2025-06-16,3,2025-06-19,27.1,22.4,28.2,,30.2,82.8,11.0,,87.4,10.13,15.7,
鲁中参考点,ecmwf_ifs025,2025-06-15,4,2025-06-19,27.1,22.4,27.4,,30.6,86.5,11.6,,88.1,9.35,21.0,
鲁中参考点,ecmwf_ifs025,2025-06-14,5,2025-06-19,27.1,22.0,27.1,,31.1,90.8,5.6,,85.4,8.89,36.8,
鲁中参考点,ecmwf_ifs025,2025-06-13,6,2025-06-19,28.5,20.5,27.0,,33.9,82.8,13.2,,65.2,3.47,34.4,
鲁中参考点,ecmwf_ifs025,2025-06-12,7,2025-06-19,31.2,25.4,29.1,,36.7,65.1,12.4,,41.0,16.64,6.6,
鲁中参考点,gfs_seamless,2025-06-18,1,2025-06-19,23.7,20.4,24.9,,,86.6,5.3,20.5,100.0,24.44,22.4,0.0
鲁中参考点,gfs_seamless,2025-06-17,2,2025-06-19,25.1,20.3,24.4,,,81.3,8.6,26.6,100.0,20.63,5.2,0.0
鲁中参考点,gfs_seamless,2025-06-16,3,2025-06-19,25.8,20.5,24.8,,,83.9,9.3,38.9,100.0,17.91,8.8,0.0
鲁中参考点,gfs_seamless,2025-06-15,4,2025-06-19,25.3,20.2,23.6,,,80.3,12.6,49.7,96.7,17.65,2.1,0.0
鲁中参考点,gfs_seamless,2025-06-14,5,2025-06-19,27.2,20.3,25.3,,29.4,71.7,10.0,59.0,97.8,24.58,8.0,0.0
鲁中参考点,gfs_seamless,2025-06-13,6,2025-06-19,33.6,20.2,27.2,,38.4,52.8,14.3,57.2,100.0,23.16,0.7,0.0
鲁中参考点,gfs_seamless,2025-06-12,7,2025-06-19,36.4,23.0,29.1,,42.4,46.0,14.7,52.9,81.0,21.79,0.0,0.0
鲁中参考点,jma_seamless,2025-06-18,1,2025-06-19,29.4,22.2,30.2,,35.0,76.1,7.4,,,,2.4,0.0
鲁中参考点,jma_seamless,2025-06-17,2,2025-06-19,29.8,22.9,30.2,,36.4,77.6,9.0,,,,38.7,0.0
鲁中参考点,jma_seamless,2025-06-16,3,2025-06-19,26.0,22.5,27.5,,,88.6,7.2,,,,59.4,0.0
鲁中参考点,jma_seamless,2025-06-15,4,2025-06-19,27.8,22.5,27.4,,32.5,85.9,9.3,,,,41.4,0.0
鲁中参考点,jma_seamless,2025-06-14,5,2025-06-19,28.5,22.4,28.2,,31.8,70.6,8.7,,,,12.6,0.0
鲁中参考点,jma_seamless,2025-06-13,6,2025-06-19,33.4,24.9,31.0,,38.5,54.4,14.0,,,,3.9,0.0
鲁中参考点,jma_seamless,2025-06-12,7,2025-06-19,38.5,27.0,31.8,,45.2,41.3,11.1,,,,11.1,0.0
鲁中参考点,ecmwf_ifs025,2025-06-19,1,2025-06-20,26.3,18.4,23.8,,,80.5,13.7,,69.2,15.18,3.3,
鲁中参考点,ecmwf_ifs025,2025-06-18,2,2025-06-20,24.0,18.7,24.5,,,87.8,12.2,,86.9,8.31,8.7,
鲁中参考点,ecmwf_ifs025,2025-06-17,3,2025-06-20,25.0,19.9,25.1,,,88.7,13.5,,79.9,11.16,13.5,
鲁中参考点,ecmwf_ifs025,2025-06-16,4,2025-06-20,26.7,20.5,25.8,,,86.8,11.8,,92.8,11.06,3.0,
鲁中参考点,ecmwf_ifs025,2025-06-15,5,2025-06-20,25.7,19.1,24.4,,,81.2,12.3,,65.1,15.08,1.2,
鲁中参考点,ecmwf_ifs025,2025-06-14,6,2025-06-20,25.6,19.5,23.7,,,86.0,12.8,,76.3,13.8,3.0,
鲁中参考点,ecmwf_ifs025,2025-06-13,7,2025-06-20,27.0,20.3,25.4,,29.0,71.8,11.6,,39.3,22.55,1.8,
鲁中参考点,gfs_seamless,2025-06-19,1,2025-06-20,26.0,19.9,24.0,,,81.7,13.7,33.1,100.0,27.58,1.2,0.0
鲁中参考点,gfs_seamless,2025-06-18,2,2025-06-20,25.6,20.1,23.7,,,84.8,9.5,30.2,100.0,27.4,0.4,0.0
鲁中参考点,gfs_seamless,2025-06-17,3,2025-06-20,29.9,19.6,25.0,,36.5,76.7,13.2,27.7,96.8,25.11,0.8,0.0
鲁中参考点,gfs_seamless,2025-06-16,4,2025-06-20,28.2,20.0,25.6,,32.5,79.2,9.8,25.9,82.8,26.51,4.8,0.0
鲁中参考点,gfs_seamless,2025-06-15,5,2025-06-20,26.5,20.6,23.8,,,83.6,12.0,34.9,94.7,24.36,0.8,0.0
鲁中参考点,gfs_seamless,2025-06-14,6,2025-06-20,24.9,20.0,23.2,,,79.7,13.7,34.9,98.4,25.84,0.8,0.0
鲁中参考点,gfs_seamless,2025-06-13,7,2025-06-20,31.7,20.6,27.5,,36.8,61.4,8.8,34.6,61.6,26.29,2.9,0.0
鲁中参考点,jma_seamless,2025-06-19,1,2025-06-20,26.5,20.4,25.9,,,77.4,6.6,,,,0.0,0.0
鲁中参考点,jma_seamless,2025-06-18,2,2025-06-20,24.5,21.1,26.6,,,88.1,7.6,,,,22.5,0.0
鲁中参考点,jma_seamless,2025-06-17,3,2025-06-20,29.0,20.6,27.4,,35.0,81.3,8.5,,,,6.6,0.0
鲁中参考点,jma_seamless,2025-06-16,4,2025-06-20,27.2,21.7,28.8,,30.4,82.3,2.3,,,,0.0,0.0
鲁中参考点,jma_seamless,2025-06-15,5,2025-06-20,28.9,21.9,28.0,,33.0,72.6,5.3,,,,0.0,0.0
鲁中参考点,jma_seamless,2025-06-14,6,2025-06-20,26.2,22.1,26.5,,,77.8,9.0,,,,5.1,0.0
鲁中参考点,jma_seamless,2025-06-13,7,2025-06-20,26.1,21.3,27.2,,,91.9,7.0,,,,50.1,0.0
鲁中参考点,ecmwf_ifs025,2025-06-20,1,2025-06-21,30.8,17.6,24.2,,32.0,48.5,3.6,,28.7,25.05,0.0,
鲁中参考点,ecmwf_ifs025,2025-06-19,2,2025-06-21,29.3,17.8,23.3,,30.0,49.5,3.9,,49.3,21.21,0.0,
鲁中参考点,ecmwf_ifs025,2025-06-18,3,2025-06-21,27.3,16.7,22.9,,28.3,57.8,5.4,,44.2,21.38,0.0,
鲁中参考点,ecmwf_ifs025,2025-06-17,4,2025-06-21,28.2,17.1,24.1,,29.6,59.0,3.5,,34.8,21.93,0.0,
鲁中参考点,ecmwf_ifs025,2025-06-16,5,2025-06-21,30.9,17.8,24.7,,35.1,61.8,4.9,,33.0,24.3,0.0,
鲁中参考点,ecmwf_ifs025,2025-06-15,6,2025-06-21,29.3,19.9,25.3,,30.7,54.6,5.5,,31.0,24.48,0.0,
鲁中参考点,ecmwf_ifs025,2025-06-14,7,2025-06-21,25.2,17.8,23.4,,,74.5,7.5,,45.8,12.88,0.0,
鲁中参考点,gfs_seamless,2025-06-20,1,2025-06-21,31.6,20.2,25.5,,31.9,40.9,5.8,32.4,71.7,28.18,0.0,0.0
鲁中参考点,gfs_seamless,2025-06-19,2,2025-06-21,31.1,19.7,25.5,,32.9,50.8,7.1,16.2,84.0,28.49,0.0,0.0
鲁中参考点,gfs_seamless,2025-06-18,3,2025-06-21,32.3,18.3,25.4,,34.4,47.8,7.5,21.2,54.9,28.43,0.0,0.0
鲁中参考点,gfs_seamless,2025-06-17,4,2025-06-21,29.6,19.0,24.0,,31.8,58.1,12.1,28.4,92.1,27.09,0.0,0.0
鲁中参考点,gfs_seamless,2025-06-16,5,2025-06-21,33.3,20.4,25.9,,40.1,59.6,8.0,19.1,76.8,29.03,0.0,0.0
鲁中参考点,gfs_seamless,2025-06-15,6,2025-06-21,32.6,18.6,26.2,,34.3,45.4,6.9,22.3,33.1,28.4,0.0,0.0
鲁中参考点,gfs_seamless,2025-06-14,7,2025-06-21,33.2,21.4,25.8,,34.1,39.9,11.6,29.5,16.5,22.1,0.0,0.0
鲁中参考点,jma_seamless,2025-06-20,1,2025-06-21,31.0,18.1,24.5,,32.3,48.4,3.2,,,,0.0,0.0
鲁中参考点,jma_seamless,2025-06-19,2,2025-06-21,31.1,19.2,25.5,,35.2,60.5,4.2,,,,0.0,0.0
鲁中参考点,jma_seamless,2025-06-18,3,2025-06-21,31.2,18.2,24.8,,33.4,52.0,2.8,,,,0.0,0.0
鲁中参考点,jma_seamless,2025-06-17,4,2025-06-21,29.3,22.0,27.2,,32.5,65.5,4.1,,,,0.0,0.0
鲁中参考点,jma_seamless,2025-06-16,5,2025-06-21,27.9,22.6,27.1,,30.1,66.6,3.5,,,,0.0,0.0
鲁中参考点,jma_seamless,2025-06-15,6,2025-06-21,29.6,22.7,27.4,,33.4,66.6,6.2,,,,0.0,0.0
鲁中参考点,jma_seamless,2025-06-14,7,2025-06-21,32.5,21.2,27.2,,36.2,53.3,5.2,,,,0.3,0.0
鲁中参考点,ecmwf_ifs025,2025-06-21,1,2025-06-22,33.6,17.5,26.0,,35.2,42.0,7.4,,0.0,26.04,0.0,
鲁中参考点,ecmwf_ifs025,2025-06-20,2,2025-06-22,33.8,17.3,26.2,,36.9,46.6,7.0,,2.5,26.07,0.0,
鲁中参考点,ecmwf_ifs025,2025-06-19,3,2025-06-22,32.1,17.8,26.1,,34.4,49.5,6.7,,18.6,25.06,0.0,
鲁中参考点,ecmwf_ifs025,2025-06-18,4,2025-06-22,30.4,19.8,25.8,,31.8,51.1,5.2,,9.3,24.14,0.0,
鲁中参考点,ecmwf_ifs025,2025-06-17,5,2025-06-22,31.5,16.2,24.8,,34.8,55.5,7.2,,15.4,24.09,0.0,
鲁中参考点,ecmwf_ifs025,2025-06-16,6,2025-06-22,32.7,22.6,28.0,,34.6,45.9,5.5,,1.8,25.22,0.0,
鲁中参考点,ecmwf_ifs025,2025-06-15,7,2025-06-22,32.1,16.8,25.7,,33.5,45.6,7.0,,10.8,26.12,0.0,
鲁中参考点,gfs_seamless,2025-06-21,1,2025-06-22,33.6,19.8,27.2,,35.2,42.0,6.0,21.6,4.9,26.19,0.0,0.0
鲁中参考点,gfs_seamless,2025-06-20,2,2025-06-22,33.5,19.5,27.4,,37.2,49.7,8.7,31.7,39.5,27.88,0.0,0.0
鲁中参考点,gfs_seamless,2025-06-19,3,2025-06-22,33.2,21.2,27.8,,35.7,46.6,6.9,32.0,71.8,28.17,0.0,0.0
鲁中参考点,gfs_seamless,2025-06-18,4,2025-06-22,32.3,21.2,26.4,,33.3,43.2,6.2,21.6,99.9,27.91,0.0,0.0
鲁中参考点,gfs_seamless,2025-06-17,5,2025-06-22,32.5,21.3,26.3,,33.0,40.1,7.5,19.1,97.2,27.6,0.0,0.0
鲁中参考点,gfs_seamless,2025-06-16,6,2025-06-22,34.1,22.6,28.3,,37.7,47.3,7.7,24.1,67.7,27.91,0.0,0.0
鲁中参考点,gfs_seamless,2025-06-15,7,2025-06-22,33.9,21.9,26.7,,34.6,37.4,9.5,35.6,78.5,26.01,0.0,0.0
鲁中参考点,jma_seamless,2025-06-21,1,2025-06-22,33.7,20.2,26.2,,35.7,42.9,3.9,,,,0.0,0.0
鲁中参考点,jma_seamless,2025-06-20,2,2025-06-22,34.2,20.7,27.1,,37.2,44.9,3.6,,,,0.0,0.0
鲁中参考点,jma_seamless,2025-06-19,3,2025-06-22,33.3,21.4,26.4,,35.2,43.8,4.6,,,,0.0,0.0
鲁中参考点,jma_seamless,2025-06-18,4,2025-06-22,32.4,20.8,26.4,,34.1,45.9,4.4,,,,0.0,0.0
鲁中参考点,jma_seamless,2025-06-17,5,2025-06-22,28.7,21.0,26.2,,31.9,69.2,3.8,,,,0.0,0.0
鲁中参考点,jma_seamless,2025-06-16,6,2025-06-22,32.1,21.8,27.7,,34.4,49.2,4.2,,,,0.0,0.0
鲁中参考点,jma_seamless,2025-06-15,7,2025-06-22,32.5,23.2,28.6,,36.3,53.5,9.6,,,,-0.3,0.0
鲁中参考点,ecmwf_ifs025,2025-06-22,1,2025-06-23,34.7,21.4,27.3,,36.1,37.8,9.6,,30.2,20.87,0.0,
鲁中参考点,ecmwf_ifs025,2025-06-21,2,2025-06-23,35.5,21.0,28.0,,39.2,43.2,10.3,,46.5,22.6,0.0,
鲁中参考点,ecmwf_ifs025,2025-06-20,3,2025-06-23,33.6,19.6,25.3,,35.2,42.0,9.9,,50.6,20.24,0.0,
鲁中参考点,ecmwf_ifs025,2025-06-19,4,2025-06-23,33.8,20.3,27.0,,36.7,46.1,9.0,,36.7,22.55,0.0,
鲁中参考点,ecmwf_ifs025,2025-06-18,5,2025-06-23,31.3,20.9,26.5,,33.0,49.2,6.5,,15.6,22.05,0.0,
鲁中参考点,ecmwf_ifs025,2025-06-17,6,2025-06-23,29.5,20.3,25.2,,30.7,52.6,7.0,,14.5,24.62,0.0,
鲁中参考点,ecmwf_ifs025,2025-06-16,7,2025-06-23,32.1,24.4,28.0,,34.1,48.1,8.0,,32.3,23.27,0.0,
鲁中参考点,gfs_seamless,2025-06-22,1,2025-06-23,32.6,21.7,26.3,,33.9,43.4,8.7,34.6,97.2,20.01,0.0,0.0
鲁中参考点,gfs_seamless,2025-06-21,2,2025-06-23,33.3,22.0,27.6,,34.4,40.8,7.5,21.6,67.7,26.15,0.0,0.0
鲁中参考点,gfs_seamless,2025-06-20,3,2025-06-23,34.3,22.1,28.7,,36.9,43.3,9.0,40.7,62.8,23.04,0.0,0.0
鲁中参考点,gfs_seamless,2025-06-19,4,2025-06-23,34.4,21.9,27.6,,37.9,45.8,8.7,34.2,99.5,25.12,0.0,0.0
鲁中参考点,gfs_seamless,2025-06-18,5,2025-06-23,31.8,20.0,25.5,,32.8,44.2,9.7,28.1,78.5,25.66,0.0,0.0
鲁中参考点,gfs_seamless,2025-06-17,6,2025-06-23,34.3,21.3,27.4,,37.1,43.9,8.7,30.6,64.8,27.0,0.0,0.0
鲁中参考点,gfs_seamless,2025-06-16,7,2025-06-23,34.5,20.7,28.2,,40.8,53.4,9.3,34.6,67.7,25.55,0.0,0.0
鲁中参考点,jma_seamless,2025-06-22,1,2025-06-23,34.4,23.7,27.1,,34.6,33.6,5.3,,,,0.0,0.0
鲁中参考点,jma_seamless,2025-06-21,2,2025-06-23,35.1,24.1,27.2,,35.2,31.8,5.8,,,,0.0,0.0
鲁中参考点,jma_seamless,2025-06-20,3,2025-06-23,31.5,24.5,27.0,,30.9,35.3,5.6,,,,0.0,0.0
鲁中参考点,jma_seamless,2025-06-19,4,2025-06-23,34.2,24.1,27.8,,35.7,39.7,6.2,,,,0.0,0.0
鲁中参考点,jma_seamless,2025-06-18,5,2025-06-23,33.2,21.0,26.8,,34.8,43.0,4.3,,,,0.0,0.0
鲁中参考点,jma_seamless,2025-06-17,6,2025-06-23,31.8,21.6,26.5,,33.2,46.6,4.3,,,,0.0,0.0
鲁中参考点,jma_seamless,2025-06-16,7,2025-06-23,33.0,24.4,28.7,,35.0,45.2,6.5,,,,0.0,0.0
鲁中参考点,ecmwf_ifs025,2025-06-23,1,2025-06-24,34.9,21.0,27.8,,37.1,40.2,9.5,,10.2,24.96,0.0,
鲁中参考点,ecmwf_ifs025,2025-06-22,2,2025-06-24,35.4,22.1,28.8,,38.4,41.2,10.1,,18.0,26.08,0.0,
鲁中参考点,ecmwf_ifs025,2025-06-21,3,2025-06-24,36.7,21.1,29.2,,42.2,44.1,8.7,,35.1,24.0,0.0,
鲁中参考点,ecmwf_ifs025,2025-06-20,4,2025-06-24,32.6,20.6,24.9,,33.8,43.2,9.0,,27.0,19.35,0.0,
鲁中参考点,ecmwf_ifs025,2025-06-19,5,2025-06-24,34.7,21.1,27.5,,39.5,48.7,7.1,,16.2,24.48,0.0,
鲁中参考点,ecmwf_ifs025,2025-06-18,6,2025-06-24,34.8,18.9,27.4,,40.1,49.8,8.2,,3.8,24.26,0.0,
鲁中参考点,ecmwf_ifs025,2025-06-17,7,2025-06-24,31.8,22.4,27.3,,35.1,54.6,10.9,,9.8,24.3,0.0,
鲁中参考点,gfs_seamless,2025-06-23,1,2025-06-24,33.2,21.2,26.7,,33.5,37.3,6.4,27.4,66.0,24.67,0.0,0.0
鲁中参考点,gfs_seamless,2025-06-22,2,2025-06-24,33.2,21.2,27.1,,35.6,46.3,8.5,30.2,52.5,25.53,0.0,0.0
鲁中参考点,gfs_seamless,2025-06-21,3,2025-06-24,34.6,22.1,28.6,,37.7,43.9,9.8,41.0,33.0,28.3,0.0,0.0
鲁中参考点,gfs_seamless,2025-06-20,4,2025-06-24,33.7,22.0,27.8,,36.9,47.2,11.9,37.1,82.9,25.61,0.0,0.0
鲁中参考点,gfs_seamless,2025-06-19,5,2025-06-24,32.0,18.4,22.7,,36.0,56.2,11.5,46.4,86.5,27.35,0.1,0.0
鲁中参考点,gfs_seamless,2025-06-18,6,2025-06-24,32.7,20.5,25.7,,34.0,43.1,9.4,32.8,48.6,23.18,0.0,0.0
鲁中参考点,gfs_seamless,2025-06-17,7,2025-06-24,35.2,21.9,28.4,,37.5,39.8,8.4,41.8,83.6,20.85,0.0,0.0
鲁中参考点,jma_seamless,2025-06-23,1,2025-06-24,32.8,23.5,26.9,,33.6,40.8,5.5,,,,0.0,0.0
鲁中参考点,jma_seamless,2025-06-22,2,2025-06-24,34.6,23.6,27.5,,35.2,35.1,6.1,,,,0.0,0.0
鲁中参考点,jma_seamless,2025-06-21,3,2025-06-24,35.8,23.9,27.9,,37.0,34.3,6.2,,,,0.0,0.0
鲁中参考点,jma_seamless,2025-06-20,4,2025-06-24,31.0,21.5,26.1,,30.9,39.7,6.7,,,,0.0,0.0
鲁中参考点,jma_seamless,2025-06-19,5,2025-06-24,34.4,24.4,28.2,,35.6,38.0,6.7,,,,0.0,0.0
鲁中参考点,jma_seamless,2025-06-18,6,2025-06-24,35.0,24.2,28.2,,35.4,33.2,5.1,,,,0.0,0.0
鲁中参考点,jma_seamless,2025-06-17,7,2025-06-24,33.6,23.9,27.9,,35.1,41.5,7.2,,,,0.0,0.0
鲁中参考点,ecmwf_ifs025,2025-06-24,1,2025-06-25,35.9,22.6,29.2,,38.0,37.0,8.9,,52.9,21.41,0.0,
鲁中参考点,ecmwf_ifs025,2025-06-23,2,2025-06-25,36.7,22.5,29.7,,40.1,38.7,10.9,,31.2,24.98,0.0,
鲁中参考点,ecmwf_ifs025,2025-06-22,3,2025-06-25,36.1,23.4,29.9,,39.2,39.5,9.0,,47.6,24.28,0.0,
鲁中参考点,ecmwf_ifs025,2025-06-21,4,2025-06-25,35.2,21.1,28.9,,39.3,45.0,10.0,,46.4,21.57,0.0,
鲁中参考点,ecmwf_ifs025,2025-06-20,5,2025-06-25,33.6,21.5,27.5,,36.6,47.1,8.4,,18.8,25.95,0.0,
鲁中参考点,ecmwf_ifs025,2025-06-19,6,2025-06-25,35.8,22.3,29.2,,41.9,48.3,8.9,,68.8,21.89,0.0,
鲁中参考点,ecmwf_ifs025,2025-06-18,7,2025-06-25,35.4,21.6,29.7,,40.4,46.9,7.3,,23.2,22.48,0.0,
鲁中参考点,gfs_seamless,2025-06-24,1,2025-06-25,34.6,21.0,27.5,,37.7,44.2,10.2,31.0,89.0,27.69,0.0,0.0
鲁中参考点,gfs_seamless,2025-06-23,2,2025-06-25,33.4,19.8,26.9,,35.9,45.8,8.6,36.0,61.3,24.71,0.0,0.0
鲁中参考点,gfs_seamless,2025-06-22,3,2025-06-25,30.8,20.7,26.3,,31.8,47.1,9.7,30.2,53.3,27.45,0.0,0.0
鲁中参考点,gfs_seamless,2025-06-21,4,2025-06-25,33.0,22.2,27.2,,35.7,47.8,12.6,44.3,97.8,26.73,0.0,0.0
鲁中参考点,gfs_seamless,2025-06-20,5,2025-06-25,32.9,20.5,26.3,,35.1,46.2,10.4,46.8,95.3,28.14,0.0,0.0
鲁中参考点,gfs_seamless,2025-06-19,6,2025-06-25,27.5,17.1,22.3,,29.6,68.4,9.2,45.0,97.2,28.66,0.0,0.0
鲁中参考点,gfs_seamless,2025-06-18,7,2025-06-25,33.1,20.7,26.1,,36.3,49.2,10.1,29.2,95.2,27.51,0.0,0.0
鲁中参考点,jma_seamless,2025-06-24,1,2025-06-25,35.2,24.7,28.7,,37.3,39.0,6.7,,93.8,,0.0,0.0
鲁中参考点,jma_seamless,2025-06-23,2,2025-06-25,34.6,23.2,28.0,,36.0,38.1,7.2,,53.2,,0.0,0.0
鲁中参考点,jma_seamless,2025-06-22,3,2025-06-25,34.5,24.1,28.2,,36.5,40.7,6.0,,47.1,,0.0,0.0
鲁中参考点,jma_seamless,2025-06-21,4,2025-06-25,32.8,23.8,27.4,,33.0,37.8,6.8,,55.2,,0.0,0.0
鲁中参考点,jma_seamless,2025-06-20,5,2025-06-25,32.4,22.8,27.2,,32.5,38.0,6.8,,58.9,,0.0,0.0
鲁中参考点,jma_seamless,2025-06-19,6,2025-06-25,33.3,25.5,29.1,,34.3,40.2,7.0,,86.1,,0.0,0.0
鲁中参考点,jma_seamless,2025-06-18,7,2025-06-25,31.6,24.6,27.4,,31.2,36.8,7.6,,87.2,,0.0,0.0
鲁中参考点,ecmwf_ifs025,2025-06-25,1,2025-06-26,27.4,21.7,25.8,,29.2,66.5,8.9,,57.8,8.85,2.1,
鲁中参考点,ecmwf_ifs025,2025-06-24,2,2025-06-26,27.9,20.4,25.0,,28.8,55.0,10.9,,65.7,10.05,0.9,
鲁中参考点,ecmwf_ifs025,2025-06-23,3,2025-06-26,27.4,19.0,25.2,,30.1,74.8,7.7,,85.4,3.84,15.9,
鲁中参考点,ecmwf_ifs025,2025-06-22,4,2025-06-26,26.5,19.4,23.3,,,73.6,11.4,,87.1,3.29,23.1,
鲁中参考点,ecmwf_ifs025,2025-06-21,5,2025-06-26,32.2,17.6,24.6,,40.0,67.3,9.9,,74.4,7.28,57.0,
鲁中参考点,ecmwf_ifs025,2025-06-20,6,2025-06-26,24.6,20.5,24.1,,,77.5,8.0,,77.8,6.58,48.3,
鲁中参考点,ecmwf_ifs025,2025-06-19,7,2025-06-26,26.5,18.4,23.9,,,85.7,6.9,,88.6,2.99,73.5,
鲁中参考点,gfs_seamless,2025-06-25,1,2025-06-26,26.1,18.3,22.0,,,71.1,8.4,32.8,100.0,27.99,10.8,0.0
鲁中参考点,gfs_seamless,2025-06-24,2,2025-06-26,25.2,18.3,21.5,,,74.0,7.7,33.8,100.0,24.72,6.7,0.0
鲁中参考点,gfs_seamless,2025-06-23,3,2025-06-26,24.8,18.4,21.9,,,72.5,5.9,27.0,100.0,24.39,13.7,0.0
鲁中参考点,gfs_seamless,2025-06-22,4,2025-06-26,28.4,19.5,24.2,,30.5,63.2,4.6,20.2,100.0,27.88,0.2,0.0
鲁中参考点,gfs_seamless,2025-06-21,5,2025-06-26,28.8,17.9,23.8,,31.4,64.5,8.3,30.6,100.0,23.71,2.5,0.0
鲁中参考点,gfs_seamless,2025-06-20,6,2025-06-26,24.1,16.4,21.9,,,71.0,8.4,47.5,100.0,22.88,5.8,0.0
鲁中参考点,gfs_seamless,2025-06-19,7,2025-06-26,27.2,18.3,24.4,,29.4,72.5,8.4,16.6,97.6,24.02,0.4,0.0
鲁中参考点,jma_seamless,2025-06-25,1,2025-06-26,28.5,19.5,26.8,,30.4,61.2,4.1,,93.2,,5.4,0.0
鲁中参考点,jma_seamless,2025-06-24,2,2025-06-26,27.4,20.6,25.6,,28.6,60.5,5.1,,93.4,,3.3,0.0
鲁中参考点,jma_seamless,2025-06-23,3,2025-06-26,28.6,18.7,25.5,,31.0,64.2,5.0,,64.6,,10.8,0.0
鲁中参考点,jma_seamless,2025-06-22,4,2025-06-26,29.0,21.5,27.0,,30.2,54.5,8.1,,87.4,,0.9,0.0
鲁中参考点,jma_seamless,2025-06-21,5,2025-06-26,33.2,23.9,28.1,,36.2,48.2,4.8,,83.7,,0.0,0.0
鲁中参考点,jma_seamless,2025-06-20,6,2025-06-26,28.7,20.5,25.7,,30.4,59.3,10.5,,88.3,,25.5,0.0
鲁中参考点,jma_seamless,2025-06-19,7,2025-06-26,28.1,19.0,23.7,,32.4,80.5,9.9,,97.1,,61.5,0.0
鲁中参考点,ecmwf_ifs025,2025-06-26,1,2025-06-27,27.5,19.9,25.3,,30.0,72.8,6.2,,45.8,14.76,0.0,
鲁中参考点,ecmwf_ifs025,2025-06-25,2,2025-06-27,29.2,20.4,26.7,,31.1,58.2,4.0,,25.0,16.52,0.0,
鲁中参考点,ecmwf_ifs025,2025-06-24,3,2025-06-27,33.4,20.0,27.2,,39.7,57.7,6.4,,34.5,24.52,0.6,
鲁中参考点,ecmwf_ifs025,2025-06-23,4,2025-06-27,23.1,20.2,24.2,,,86.0,4.6,,75.0,7.1,10.2,
鲁中参考点,ecmwf_ifs025,2025-06-22,5,2025-06-27,23.9,18.1,23.0,,,85.5,9.1,,67.0,10.54,5.1,
鲁中参考点,ecmwf_ifs025,2025-06-21,6,2025-06-27,29.2,17.3,25.3,,33.8,73.0,7.1,,68.2,18.33,34.8,
鲁中参考点,ecmwf_ifs025,2025-06-20,7,2025-06-27,22.9,18.0,23.3,,,91.5,8.2,,90.2,7.65,15.3,
鲁中参考点,gfs_seamless,2025-06-26,1,2025-06-27,27.1,18.8,24.1,,29.8,78.3,6.6,18.7,76.8,20.03,0.6,0.0
鲁中参考点,gfs_seamless,2025-06-25,2,2025-06-27,29.6,18.0,24.8,,35.1,74.4,6.7,20.9,84.8,22.36,0.7,0.0
鲁中参考点,gfs_seamless,2025-06-24,3,2025-06-27,26.5,18.7,23.6,,,77.0,6.0,18.0,100.0,22.6,1.0,0.0
鲁中参考点,gfs_seamless,2025-06-23,4,2025-06-27,24.7,19.0,23.5,,,82.0,5.1,9.4,96.4,23.71,1.2,0.0
鲁中参考点,gfs_seamless,2025-06-22,5,2025-06-27,23.9,18.6,22.5,,,83.6,6.9,22.3,96.8,21.95,0.4,0.0
鲁中参考点,gfs_seamless,2025-06-21,6,2025-06-27,21.6,17.3,20.3,,,90.8,8.2,46.4,99.8,25.3,1.2,0.0
鲁中参考点,gfs_seamless,2025-06-20,7,2025-06-27,21.5,18.2,21.6,,,95.0,4.9,27.4,100.0,25.44,1.0,0.0
鲁中参考点,jma_seamless,2025-06-26,1,2025-06-27,24.7,19.6,25.5,,,84.9,3.7,,64.4,,0.6,0.0
鲁中参考点,jma_seamless,2025-06-25,2,2025-06-27,27.5,19.6,26.3,,30.9,79.9,3.1,,58.3,,1.5,0.0
鲁中参考点,jma_seamless,2025-06-24,3,2025-06-27,26.3,18.8,24.8,,,79.6,5.0,,80.1,,4.8,0.0
鲁中参考点,jma_seamless,2025-06-23,4,2025-06-27,23.5,19.2,23.5,,,86.4,7.2,,79.1,,21.9,0.0
鲁中参考点,jma_seamless,2025-06-22,5,2025-06-27,28.8,23.1,27.2,,31.0,62.1,4.4,,56.5,,0.0,0.0
鲁中参考点,jma_seamless,2025-06-21,6,2025-06-27,25.7,18.3,24.7,,,80.0,5.8,,90.2,,9.6,0.0
鲁中参考点,jma_seamless,2025-06-20,7,2025-06-27,23.7,19.7,24.1,,,87.3,3.0,,66.1,,15.9,0.0
鲁中参考点,ecmwf_ifs025,2025-06-27,1,2025-06-28,29.5,20.8,26.7,,34.6,73.3,13.3,,48.8,19.6,0.9,
鲁中参考点,ecmwf_ifs025,2025-06-26,2,2025-06-28,30.4,21.8,27.8,,35.5,67.8,11.7,,88.5,18.86,0.0,
鲁中参考点,ecmwf_ifs025,2025-06-25,3,2025-06-28,29.4,22.0,27.4,,34.3,73.4,11.4,,62.1,12.04,0.9,
鲁中参考点,ecmwf_ifs025,2025-06-24,4,2025-06-28,34.8,19.6,29.1,,44.7,60.6,8.3,,15.8,21.66,0.0,
鲁中参考点,ecmwf_ifs025,2025-06-23,5,2025-06-28,29.2,19.7,27.0,,34.8,78.0,6.4,,25.8,20.01,0.3,
鲁中参考点,ecmwf_ifs025,2025-06-22,6,2025-06-28,30.6,16.3,26.6,,37.3,72.7,5.5,,6.3,23.99,0.3,
鲁中参考点,ecmwf_ifs025,2025-06-21,7,2025-06-28,24.6,20.8,24.4,,,81.4,11.3,,47.4,12.92,8.1,
鲁中参考点,gfs_seamless,2025-06-27,1,2025-06-28,28.1,21.2,26.9,,31.5,74.2,8.0,30.2,75.5,0.0,0.1,0.0
鲁中参考点,gfs_seamless,2025-06-26,2,2025-06-28,31.5,20.5,27.7,,39.0,70.0,10.0,29.5,46.9,0.0,0.0,0.0
鲁中参考点,gfs_seamless,2025-06-25,3,2025-06-28,30.2,21.7,28.2,,35.0,67.9,9.7,26.3,68.5,0.0,0.0,0.0
鲁中参考点,gfs_seamless,2025-06-24,4,2025-06-28,30.2,20.6,27.3,,34.9,67.5,6.0,19.8,70.2,0.0,0.0,0.0
鲁中参考点,gfs_seamless,2025-06-23,5,2025-06-28,30.9,17.1,25.7,,39.0,75.5,8.3,20.2,54.2,0.0,0.0,0.0
鲁中参考点,gfs_seamless,2025-06-22,6,2025-06-28,31.3,18.7,25.6,,38.9,71.4,10.4,22.7,51.6,0.0,0.0,0.0
鲁中参考点,gfs_seamless,2025-06-21,7,2025-06-28,26.1,17.3,22.2,,,80.6,7.2,15.5,67.8,0.0,0.0,0.0
鲁中参考点,jma_seamless,2025-06-27,1,2025-06-28,31.6,20.9,29.0,,40.3,73.0,6.6,,41.6,,0.0,0.0
鲁中参考点,jma_seamless,2025-06-26,2,2025-06-28,30.3,21.4,29.3,,37.4,75.9,7.6,,62.8,,0.0,0.0
鲁中参考点,jma_seamless,2025-06-25,3,2025-06-28,31.1,22.1,29.0,,37.6,69.2,8.8,,67.4,,0.0,0.0
鲁中参考点,jma_seamless,2025-06-24,4,2025-06-28,31.3,20.4,28.9,,39.4,72.9,5.5,,16.5,,0.0,0.0
鲁中参考点,jma_seamless,2025-06-23,5,2025-06-28,26.6,22.1,27.0,,,75.0,6.0,,36.2,,0.0,0.0
鲁中参考点,jma_seamless,2025-06-22,6,2025-06-28,28.4,18.5,26.0,,31.5,70.5,8.8,,65.0,,3.3,0.0
鲁中参考点,jma_seamless,2025-06-21,7,2025-06-28,26.8,18.7,24.9,,,82.8,4.1,,55.9,,2.4,0.0
鲁中参考点,ecmwf_ifs025,2025-06-28,1,2025-06-29,28.2,22.2,27.1,,33.2,83.7,15.1,,96.9,11.88,0.3,
鲁中参考点,ecmwf_ifs025,2025-06-27,2,2025-06-29,27.7,21.7,26.9,,31.9,83.8,13.2,,93.0,11.44,1.5,
鲁中参考点,ecmwf_ifs025,2025-06-26,3,2025-06-29,28.7,22.6,27.7,,35.3,86.8,14.4,,80.6,9.59,6.6,
鲁中参考点,ecmwf_ifs025,2025-06-25,4,2025-06-29,29.3,22.7,28.5,,36.1,82.3,13.8,,89.4,10.58,2.7,
鲁中参考点,ecmwf_ifs025,2025-06-24,5,2025-06-29,31.9,21.7,28.9,,42.4,76.0,9.3,,66.1,12.01,6.6,
鲁中参考点,ecmwf_ifs025,2025-06-23,6,2025-06-29,30.6,22.7,29.2,,38.5,76.8,9.9,,17.1,23.11,3.6,
鲁中参考点,ecmwf_ifs025,2025-06-22,7,2025-06-29,31.0,22.5,29.5,,38.7,73.5,10.5,,19.0,23.36,0.0,
鲁中参考点,gfs_seamless,2025-06-28,1,2025-06-29,29.7,22.0,27.4,,37.3,82.2,13.9,39.2,98.9,,,0.0
鲁中参考点,gfs_seamless,2025-06-27,2,2025-06-29,28.8,21.4,27.7,,35.5,86.1,11.6,35.3,99.8,,,0.0
鲁中参考点,gfs_seamless,2025-06-26,3,2025-06-29,30.0,21.4,27.8,,39.2,85.2,10.7,33.5,100.0,,,0.0
鲁中参考点,gfs_seamless,2025-06-25,4,2025-06-29,30.7,21.2,27.7,,39.8,79.6,12.1,38.5,97.7,,,0.0
鲁中参考点,gfs_seamless,2025-06-24,5,2025-06-29,29.4,21.2,27.3,,36.5,82.5,6.6,19.8,98.3,,,0.0
鲁中参考点,gfs_seamless,2025-06-23,6,2025-06-29,31.3,21.6,28.6,,39.6,73.6,10.3,21.6,75.2,,,0.0
鲁中参考点,gfs_seamless,2025-06-22,7,2025-06-29,31.6,20.4,28.3,,39.3,70.2,12.0,34.6,42.5,,,0.0
鲁中参考点,jma_seamless,2025-06-28,1,2025-06-29,28.6,23.8,29.3,,33.6,79.5,8.2,,71.0,,0.9,0.0
鲁中参考点,jma_seamless,2025-06-27,2,2025-06-29,28.6,24.1,29.9,,34.0,81.6,7.7,,70.0,,1.2,0.0
鲁中参考点,jma_seamless,2025-06-26,3,2025-06-29,29.3,24.3,30.1,,35.4,79.3,9.5,,43.8,,0.0,0.0
鲁中参考点,jma_seamless,2025-06-25,4,2025-06-29,30.6,24.5,30.7,,38.7,77.2,9.6,,54.3,,2.4,0.0
鲁中参考点,jma_seamless,2025-06-24,5,2025-06-29,29.4,24.8,30.8,,33.7,70.5,7.2,,27.5,,1.8,0.0
鲁中参考点,jma_seamless,2025-06-23,6,2025-06-29,32.9,24.7,31.0,,41.1,64.9,6.3,,1.9,,0.0,0.0
鲁中参考点,jma_seamless,2025-06-22,7,2025-06-29,32.6,19.6,29.0,,41.9,69.2,4.1,,40.2,,0.0,0.0
鲁中参考点,ecmwf_ifs025,2025-06-29,1,2025-06-30,30.0,21.9,28.4,,36.6,76.0,14.8,,55.4,19.01,0.0,
鲁中参考点,ecmwf_ifs025,2025-06-28,2,2025-06-30,30.5,22.6,29.0,,38.5,77.5,15.7,,42.0,18.82,0.6,
鲁中参考点,ecmwf_ifs025,2025-06-27,3,2025-06-30,28.1,22.5,27.9,,33.2,84.9,14.2,,46.8,13.95,26.4,
鲁中参考点,ecmwf_ifs025,2025-06-26,4,2025-06-30,28.5,21.7,27.7,,34.4,85.5,14.9,,57.4,12.76,6.0,
鲁中参考点,ecmwf_ifs025,2025-06-25,5,2025-06-30,31.9,22.8,29.9,,43.1,77.9,15.9,,52.0,19.22,1.8,
鲁中参考点,ecmwf_ifs025,2025-06-24,6,2025-06-30,31.6,22.7,30.0,,42.6,79.2,13.2,,48.1,18.32,1.8,
鲁中参考点,ecmwf_ifs025,2025-06-23,7,2025-06-30,26.8,24.0,29.3,,,86.8,15.3,,47.5,18.42,7.8,
鲁中参考点,gfs_seamless,2025-06-29,1,2025-06-30,32.2,21.9,29.4,,41.8,72.0,12.8,31.7,60.0,,,0.0
鲁中参考点,gfs_seamless,2025-06-28,2,2025-06-30,30.8,23.1,28.6,,38.6,75.1,12.3,28.1,78.8,,,0.0
鲁中参考点,gfs_seamless,2025-06-27,3,2025-06-30,30.1,21.9,29.0,,36.4,74.2,10.0,31.3,71.1,,,0.0
鲁中参考点,gfs_seamless,2025-06-26,4,2025-06-30,32.0,21.0,29.3,,42.4,75.3,10.8,35.3,61.0,,,0.0
鲁中参考点,gfs_seamless,2025-06-25,5,2025-06-30,31.6,21.0,29.4,,41.5,76.3,10.4,25.6,83.8,,,0.0
鲁中参考点,gfs_seamless,2025-06-24,6,2025-06-30,28.7,21.2,28.1,,33.8,79.2,6.6,13.0,92.0,,,0.0
鲁中参考点,gfs_seamless,2025-06-23,7,2025-06-30,30.2,22.8,28.7,,37.9,78.6,10.8,33.1,96.4,,,0.0
鲁中参考点,jma_seamless,2025-06-29,1,2025-06-30,31.4,23.2,30.0,,39.8,73.2,9.0,,48.7,,0.3,0.0
鲁中参考点,jma_seamless,2025-06-28,2,2025-06-30,30.8,23.4,30.7,,37.9,72.9,9.0,,42.7,,0.0,0.0
鲁中参考点,jma_seamless,2025-06-27,3,2025-06-30,32.2,24.1,32.3,,42.0,72.5,8.4,,59.7,,0.0,0.0
鲁中参考点,jma_seamless,2025-06-26,4,2025-06-30,32.2,26.3,32.9,,41.9,72.4,9.0,,58.0,,0.0,0.0
鲁中参考点,jma_seamless,2025-06-25,5,2025-06-30,33.7,25.6,32.3,,48.7,75.8,11.4,,62.6,,0.0,0.0
鲁中参考点,jma_seamless,2025-06-24,6,2025-06-30,31.3,25.6,31.8,,39.8,74.2,10.1,,40.2,,0.0,0.0
鲁中参考点,jma_seamless,2025-06-23,7,2025-06-30,34.3,25.7,33.0,,45.1,64.5,9.6,,51.9,,0.0,0.0
鲁中参考点,ecmwf_ifs025,2025-06-30,1,2025-07-01,31.4,24.5,30.8,,41.0,76.8,16.6,,68.1,13.76,1.2,
鲁中参考点,ecmwf_ifs025,2025-06-29,2,2025-07-01,31.2,23.6,29.4,,41.8,80.8,19.0,,72.2,13.12,2.4,
鲁中参考点,ecmwf_ifs025,2025-06-28,3,2025-07-01,31.0,24.7,30.8,,41.6,82.1,17.3,,62.3,13.42,4.5,
鲁中参考点,ecmwf_ifs025,2025-06-27,4,2025-07-01,30.8,24.4,30.9,,41.2,82.9,15.8,,74.2,13.82,5.4,
鲁中参考点,ecmwf_ifs025,2025-06-26,5,2025-07-01,33.1,24.7,31.7,,46.6,76.0,16.7,,48.7,18.22,0.9,
鲁中参考点,ecmwf_ifs025,2025-06-25,6,2025-07-01,31.3,24.8,30.8,,41.0,77.7,18.6,,45.9,17.46,0.0,
鲁中参考点,ecmwf_ifs025,2025-06-24,7,2025-07-01,31.5,24.3,31.0,,42.2,79.1,16.5,,39.8,16.26,1.5,
鲁中参考点,gfs_seamless,2025-06-30,1,2025-07-01,30.9,23.9,30.6,,39.1,75.8,12.8,34.2,93.3,,,0.0
鲁中参考点,gfs_seamless,2025-06-29,2,2025-07-01,31.3,23.6,30.1,,41.4,78.8,12.8,39.2,94.7,,,0.0
鲁中参考点,gfs_seamless,2025-06-28,3,2025-07-01,31.7,24.0,30.2,,41.0,74.2,13.0,39.2,90.6,,,0.0
鲁中参考点,gfs_seamless,2025-06-27,4,2025-07-01,32.9,23.2,30.4,,45.5,75.3,12.6,32.8,85.0,,,0.0
鲁中参考点,gfs_seamless,2025-06-26,5,2025-07-01,31.3,22.2,29.5,,40.7,76.8,11.2,30.2,98.2,,,0.0
鲁中参考点,gfs_seamless,2025-06-25,6,2025-07-01,33.9,23.7,30.7,,48.4,73.9,11.5,31.3,94.8,,,0.0
鲁中参考点,gfs_seamless,2025-06-24,7,2025-07-01,29.9,22.6,28.9,,37.7,81.3,7.4,21.6,95.8,,,0.0
鲁中参考点,jma_seamless,2025-06-30,1,2025-07-01,30.2,26.2,31.9,,37.9,78.6,11.7,,66.6,,0.0,0.0
鲁中参考点,jma_seamless,2025-06-29,2,2025-07-01,29.6,26.0,31.8,,36.2,78.8,11.7,,49.8,,0.0,0.0
鲁中参考点,jma_seamless,2025-06-28,3,2025-07-01,30.5,26.2,32.6,,37.3,73.6,11.0,,68.8,,1.2,0.0
鲁中参考点,jma_seamless,2025-06-27,4,2025-07-01,31.5,26.3,33.4,,40.6,74.8,9.0,,52.6,,0.0,0.0
鲁中参考点,jma_seamless,2025-06-26,5,2025-07-01,30.7,26.3,32.9,,38.6,76.0,10.6,,25.0,,0.0,0.0
鲁中参考点,jma_seamless,2025-06-25,6,2025-07-01,33.0,26.3,33.3,,43.0,68.8,11.1,,39.5,,0.0,0.0
鲁中参考点,jma_seamless,2025-06-24,7,2025-07-01,30.0,26.0,32.2,,36.9,77.3,11.7,,41.1,,0.6,0.0
鲁中参考点,ecmwf_ifs025,2025-07-01,1,2025-07-02,32.7,24.3,32.0,,,,,,,,,
鲁中参考点,ecmwf_ifs025,2025-06-30,2,2025-07-02,34.1,26.1,33.0,,,,,,,,,
鲁中参考点,ecmwf_ifs025,2025-06-29,3,2025-07-02,32.1,25.6,32.9,,,,,,,,,
鲁中参考点,ecmwf_ifs025,2025-06-28,4,2025-07-02,34.1,26.2,34.2,,,,,,,,,
鲁中参考点,ecmwf_ifs025,2025-06-27,5,2025-07-02,33.2,25.9,33.1,,,,,,,,,
鲁中参考点,ecmwf_ifs025,2025-06-26,6,2025-07-02,32.9,26.6,32.9,,,,,,,,,
鲁中参考点,ecmwf_ifs025,2025-06-25,7,2025-07-02,34.1,27.7,33.0,,,,,,,,,
鲁中参考点,gfs_seamless,2025-07-01,1,2025-07-02,33.4,25.2,32.9,,43.6,67.4,14.9,,,,,
鲁中参考点,gfs_seamless,2025-06-30,2,2025-07-02,32.7,23.8,30.9,,43.2,71.7,15.9,,,,,
鲁中参考点,gfs_seamless,2025-06-29,3,2025-07-02,32.7,23.2,31.2,,45.1,76.0,12.2,,,,,
鲁中参考点,gfs_seamless,2025-06-28,4,2025-07-02,33.1,23.3,28.9,,48.7,80.3,9.5,,,,,
鲁中参考点,gfs_seamless,2025-06-27,5,2025-07-02,32.4,22.3,28.8,,44.2,76.4,11.8,,,,,
鲁中参考点,gfs_seamless,2025-06-26,6,2025-07-02,29.1,22.8,28.7,,36.0,84.2,12.6,,,,,
鲁中参考点,gfs_seamless,2025-06-25,7,2025-07-02,33.0,23.0,29.2,,45.7,74.9,11.6,,,,,
鲁中参考点,jma_seamless,2025-07-01,1,2025-07-02,30.9,25.6,32.1,,40.9,80.9,11.4,,,,1.2,0.0
鲁中参考点,jma_seamless,2025-06-30,2,2025-07-02,32.5,25.6,33.6,,44.2,75.6,10.4,,,,0.0,0.0
鲁中参考点,jma_seamless,2025-06-29,3,2025-07-02,32.7,25.7,33.7,,44.7,75.0,9.9,,,,0.0,0.0
鲁中参考点,jma_seamless,2025-06-28,4,2025-07-02,33.2,26.7,34.1,,46.8,75.8,10.5,,,,0.0,0.0
鲁中参考点,jma_seamless,2025-06-27,5,2025-07-02,32.4,26.8,34.0,,43.9,75.7,9.3,,,,0.0,0.0
鲁中参考点,jma_seamless,2025-06-26,6,2025-07-02,34.7,26.9,34.3,,47.7,67.2,12.0,,,,0.0,0.0
鲁中参考点,jma_seamless,2025-06-25,7,2025-07-02,35.2,26.7,34.1,,49.4,67.0,14.5,,,,0.0,0.0
鲁中参考点,ecmwf_ifs025,2025-07-02,1,2025-07-03,35.0,26.9,33.2,,,,,,,,,
鲁中参考点,ecmwf_ifs025,2025-07-01,2,2025-07-03,35.4,27.6,33.6,,,,,,,,,
鲁中参考点,ecmwf_ifs025,2025-06-30,3,2025-07-03,35.5,27.0,33.4,,,,,,,,,
鲁中参考点,ecmwf_ifs025,2025-06-29,4,2025-07-03,33.3,27.1,32.7,,,,,,,,,
鲁中参考点,ecmwf_ifs025,2025-06-28,5,2025-07-03,34.7,27.2,33.2,,,,,,,,,
鲁中参考点,ecmwf_ifs025,2025-06-27,6,2025-07-03,33.7,27.6,33.2,,,,,,,,,
鲁中参考点,ecmwf_ifs025,2025-06-26,7,2025-07-03,34.0,27.7,33.0,,,,,,,,,
鲁中参考点,gfs_seamless,2025-07-02,1,2025-07-03,36.3,27.3,33.4,,49.0,59.8,21.4,,,,,
鲁中参考点,gfs_seamless,2025-07-01,2,2025-07-03,35.6,27.0,27.8,,48.2,62.5,22.8,,,,,
鲁中参考点,gfs_seamless,2025-06-30,3,2025-07-03,35.1,25.4,27.0,,47.9,65.0,18.1,,,,,
鲁中参考点,gfs_seamless,2025-06-29,4,2025-07-03,34.4,24.9,27.6,,48.2,70.0,13.3,,,,,
鲁中参考点,gfs_seamless,2025-06-28,5,2025-07-03,36.0,25.2,28.7,,49.5,62.5,17.3,,,,,
鲁中参考点,gfs_seamless,2025-06-27,6,2025-07-03,36.1,23.9,27.6,,54.8,70.4,20.7,,,,,
鲁中参考点,gfs_seamless,2025-06-26,7,2025-07-03,35.2,23.5,28.7,,53.4,73.8,23.0,,,,,
鲁中参考点,jma_seamless,2025-07-02,1,2025-07-03,34.6,27.2,33.8,,44.8,62.0,13.5,,,,0.0,0.0
鲁中参考点,jma_seamless,2025-07-01,2,2025-07-03,34.5,27.6,33.9,,44.3,61.6,12.2,,,,0.0,0.0
鲁中参考点,jma_seamless,2025-06-30,3,2025-07-03,35.6,28.7,34.2,,45.7,57.7,13.2,,,,0.0,0.0
鲁中参考点,jma_seamless,2025-06-29,4,2025-07-03,35.3,28.8,34.0,,44.6,57.2,14.6,,,,0.0,0.0
鲁中参考点,jma_seamless,2025-06-28,5,2025-07-03,36.9,28.1,34.9,,50.1,58.3,12.1,,,,0.0,0.0
鲁中参考点,jma_seamless,2025-06-27,6,2025-07-03,35.5,28.8,35.2,,46.1,59.0,11.4,,,,0.0,0.0
鲁中参考点,jma_seamless,2025-06-26,7,2025-07-03,35.8,28.3,35.2,,49.2,63.0,13.1,,,,0.0,0.0
鲁中参考点,ecmwf_ifs025,2025-07-03,1,2025-07-04,36.4,27.5,34.9,,,,,,,,,
鲁中参考点,ecmwf_ifs025,2025-07-02,2,2025-07-04,36.0,26.8,34.6,,,,,,,,,
鲁中参考点,ecmwf_ifs025,2025-07-01,3,2025-07-04,36.4,27.4,34.7,,,,,,,,,
鲁中参考点,ecmwf_ifs025,2025-06-30,4,2025-07-04,36.5,27.2,35.0,,,,,,,,,
鲁中参考点,ecmwf_ifs025,2025-06-29,5,2025-07-04,34.5,27.3,34.5,,,,,,,,,
鲁中参考点,ecmwf_ifs025,2025-06-28,6,2025-07-04,36.6,28.0,34.2,,,,,,,,,
鲁中参考点,ecmwf_ifs025,2025-06-27,7,2025-07-04,34.0,28.1,33.9,,,,,,,,,
鲁中参考点,gfs_seamless,2025-07-03,1,2025-07-04,35.9,27.5,33.9,,47.3,59.0,19.4,,,,,
鲁中参考点,gfs_seamless,2025-07-02,2,2025-07-04,37.3,27.3,28.1,,49.6,55.3,19.8,,,,,
鲁中参考点,gfs_seamless,2025-07-01,3,2025-07-04,36.1,27.4,28.9,,47.6,58.5,17.3,,,,,
鲁中参考点,gfs_seamless,2025-06-30,4,2025-07-04,36.4,26.6,29.7,,47.7,57.0,16.0,,,,,
鲁中参考点,gfs_seamless,2025-06-29,5,2025-07-04,36.4,27.7,28.8,,48.6,58.6,19.9,,,,,
鲁中参考点,gfs_seamless,2025-06-28,6,2025-07-04,37.1,25.2,30.0,,52.7,61.5,17.5,,,,,
鲁中参考点,gfs_seamless,2025-06-27,7,2025-07-04,37.5,23.7,27.8,,58.1,67.1,16.7,,,,,
鲁中参考点,jma_seamless,2025-07-03,1,2025-07-04,36.1,28.6,35.1,,47.2,57.6,11.2,,,,0.0,0.0
鲁中参考点,jma_seamless,2025-07-02,2,2025-07-04,36.8,28.5,35.0,,48.4,56.0,12.1,,,,0.0,0.0
鲁中参考点,jma_seamless,2025-07-01,3,2025-07-04,36.3,28.4,34.5,,47.3,56.8,13.1,,,,0.0,0.0
鲁中参考点,jma_seamless,2025-06-30,4,2025-07-04,36.7,28.5,35.0,,48.8,57.3,12.1,,,,0.0,0.0
鲁中参考点,jma_seamless,2025-06-29,5,2025-07-04,36.2,28.5,35.4,,48.7,59.9,12.2,,,,0.0,0.0
鲁中参考点,jma_seamless,2025-06-28,6,2025-07-04,36.8,29.0,36.1,,51.2,60.7,12.4,,,,0.0,0.0
鲁中参考点,jma_seamless,2025-06-27,7,2025-07-04,34.4,28.3,36.0,,45.6,64.9,7.9,,,,0.6,0.0
鲁中参考点,ecmwf_ifs025,2025-07-04,1,2025-07-05,37.7,28.1,35.8,,,,,,,,,
鲁中参考点,ecmwf_ifs025,2025-07-03,2,2025-07-05,37.7,27.9,35.7,,,,,,,,,
鲁中参考点,ecmwf_ifs025,2025-07-02,3,2025-07-05,37.6,27.8,36.0,,,,,,,,,
鲁中参考点,ecmwf_ifs025,2025-07-01,4,2025-07-05,38.1,27.1,36.1,,,,,,,,,
鲁中参考点,ecmwf_ifs025,2025-06-30,5,2025-07-05,38.0,27.7,35.8,,,,,,,,,
鲁中参考点,ecmwf_ifs025,2025-06-29,6,2025-07-05,37.1,28.4,35.6,,,,,,,,,
鲁中参考点,ecmwf_ifs025,2025-06-28,7,2025-07-05,37.2,28.6,35.7,,,,,,,,,
鲁中参考点,gfs_seamless,2025-07-04,1,2025-07-05,36.5,27.5,33.6,,47.4,55.8,19.5,,,,,
鲁中参考点,gfs_seamless,2025-07-03,2,2025-07-05,36.8,26.3,29.9,,48.7,56.5,16.0,,,,,
鲁中参考点,gfs_seamless,2025-07-02,3,2025-07-05,37.6,26.4,29.9,,50.8,55.8,11.9,,,,,
鲁中参考点,gfs_seamless,2025-07-01,4,2025-07-05,37.4,26.3,29.3,,50.8,56.8,12.6,,,,,
鲁中参考点,gfs_seamless,2025-06-30,5,2025-07-05,37.5,25.8,30.1,,48.6,52.5,11.5,,,,,
鲁中参考点,gfs_seamless,2025-06-29,6,2025-07-05,36.6,25.5,28.9,,48.7,57.6,12.6,,,,,
鲁中参考点,gfs_seamless,2025-06-28,7,2025-07-05,36.6,23.5,30.0,,50.1,60.0,13.3,,,,,
鲁中参考点,jma_seamless,2025-07-04,1,2025-07-05,38.0,29.5,36.1,,50.3,52.8,11.2,,,,0.0,0.0
鲁中参考点,jma_seamless,2025-07-03,2,2025-07-05,37.9,29.0,35.5,,48.6,50.5,11.0,,,,0.0,0.0
鲁中参考点,jma_seamless,2025-07-02,3,2025-07-05,37.7,28.8,35.6,,49.3,52.7,11.1,,,,0.0,0.0
鲁中参考点,jma_seamless,2025-07-01,4,2025-07-05,37.3,29.0,35.8,,49.5,55.2,11.3,,,,0.0,0.0
鲁中参考点,jma_seamless,2025-06-30,5,2025-07-05,37.5,28.8,35.3,,48.4,52.3,11.8,,,,0.0,0.0
鲁中参考点,jma_seamless,2025-06-29,6,2025-07-05,38.1,29.3,35.8,,49.8,51.5,10.1,,,,0.0,0.0
鲁中参考点,jma_seamless,2025-06-28,7,2025-07-05,37.8,26.2,36.7,,52.2,56.9,4.9,,,,0.0,0.0
鲁中参考点,ecmwf_ifs025,2025-07-05,1,2025-07-06,36.8,27.1,34.9,,,,,,,,,
鲁中参考点,ecmwf_ifs025,2025-07-04,2,2025-07-06,37.7,28.1,36.4,,,,,,,,,
鲁中参考点,ecmwf_ifs025,2025-07-03,3,2025-07-06,36.3,27.4,36.8,,,,,,,,,
鲁中参考点,ecmwf_ifs025,2025-07-02,4,2025-07-06,33.1,25.8,34.9,,,,,,,,,
鲁中参考点,ecmwf_ifs025,2025-07-01,5,2025-07-06,38.2,27.4,36.6,,,,,,,,,
鲁中参考点,ecmwf_ifs025,2025-06-30,6,2025-07-06,38.3,26.5,35.9,,,,,,,,,
鲁中参考点,ecmwf_ifs025,2025-06-29,7,2025-07-06,36.8,26.6,35.1,,,,,,,,,
鲁中参考点,gfs_seamless,2025-07-05,1,2025-07-06,38.2,24.8,34.3,,51.5,53.8,9.2,,,,,
鲁中参考点,gfs_seamless,2025-07-04,2,2025-07-06,37.5,25.9,29.2,,50.1,55.2,8.9,,,,,
鲁中参考点,gfs_seamless,2025-07-03,3,2025-07-06,37.8,26.8,30.7,,51.2,55.3,9.0,,,,,
鲁中参考点,gfs_seamless,2025-07-02,4,2025-07-06,38.8,26.3,29.2,,53.1,53.3,8.4,,,,,
鲁中参考点,gfs_seamless,2025-07-01,5,2025-07-06,38.9,25.4,29.8,,55.7,56.5,9.1,,,,,
鲁中参考点,gfs_seamless,2025-06-30,6,2025-07-06,38.5,27.4,29.9,,50.4,50.5,11.1,,,,,
鲁中参考点,gfs_seamless,2025-06-29,7,2025-07-06,37.2,26.2,29.9,,50.7,57.7,12.0,,,,,
鲁中参考点,jma_seamless,2025-07-05,1,2025-07-06,32.8,27.7,35.2,,42.2,68.4,6.3,,,,0.6,0.0
鲁中参考点,jma_seamless,2025-07-04,2,2025-07-06,35.9,27.9,36.3,,49.0,62.2,6.0,,,,0.0,0.0
鲁中参考点,jma_seamless,2025-07-03,3,2025-07-06,36.9,28.5,36.7,,53.6,63.9,5.8,,,,0.0,0.0
鲁中参考点,jma_seamless,2025-07-02,4,2025-07-06,34.4,28.2,36.7,,47.1,68.0,4.7,,,,1.8,0.0
鲁中参考点,jma_seamless,2025-07-01,5,2025-07-06,35.0,27.4,35.9,,47.3,64.5,7.3,,,,0.6,0.0
鲁中参考点,jma_seamless,2025-06-30,6,2025-07-06,38.7,30.0,37.3,,53.1,53.7,6.0,,,,0.0,0.0
鲁中参考点,jma_seamless,2025-06-29,7,2025-07-06,38.2,29.8,35.9,,48.5,48.9,9.6,,,,0.0,0.0
鲁中参考点,ecmwf_ifs025,2025-07-06,1,2025-07-07,36.5,24.7,33.0,,,,,,,,,
鲁中参考点,ecmwf_ifs025,2025-07-05,2,2025-07-07,36.9,25.1,33.4,,,,,,,,,
鲁中参考点,ecmwf_ifs025,2025-07-04,3,2025-07-07,39.6,26.3,36.1,,,,,,,,,
鲁中参考点,ecmwf_ifs025,2025-07-03,4,2025-07-07,38.3,25.9,36.3,,,,,,,,,
鲁中参考点,ecmwf_ifs025,2025-07-02,5,2025-07-07,38.3,25.8,36.1,,,,,,,,,
鲁中参考点,ecmwf_ifs025,2025-07-01,6,2025-07-07,34.1,24.9,34.7,,,,,,,,,
鲁中参考点,ecmwf_ifs025,2025-06-30,7,2025-07-07,33.9,25.4,34.0,,,,,,,,,
鲁中参考点,gfs_seamless,2025-07-06,1,2025-07-07,36.8,21.5,31.1,,56.2,68.4,9.3,,,,,
鲁中参考点,gfs_seamless,2025-07-05,2,2025-07-07,37.7,23.3,30.4,,56.5,63.8,10.4,,,,,
鲁中参考点,gfs_seamless,2025-07-04,3,2025-07-07,35.9,26.2,30.0,,48.3,60.8,9.4,,,,,
鲁中参考点,gfs_seamless,2025-07-03,4,2025-07-07,38.7,25.8,27.1,,55.4,57.1,10.3,,,,,
鲁中参考点,gfs_seamless,2025-07-02,5,2025-07-07,39.0,23.0,29.2,,59.0,60.4,9.4,,,,,
鲁中参考点,gfs_seamless,2025-07-01,6,2025-07-07,37.8,25.6,30.1,,51.1,55.2,10.5,,,,,
鲁中参考点,gfs_seamless,2025-06-30,7,2025-07-07,38.1,25.6,29.6,,53.1,56.8,10.2,,,,,
鲁中参考点,jma_seamless,2025-07-06,1,2025-07-07,29.9,25.3,32.8,,36.4,76.6,4.4,,,,9.6,0.0
鲁中参考点,jma_seamless,2025-07-05,2,2025-07-07,33.7,26.7,34.7,,45.6,69.7,5.0,,,,0.6,0.0
鲁中参考点,jma_seamless,2025-07-04,3,2025-07-07,34.4,26.5,36.0,,49.7,72.9,3.1,,,,7.8,0.0
鲁中参考点,jma_seamless,2025-07-03,4,2025-07-07,38.1,28.4,37.0,,55.1,59.7,4.5,,,,0.0,0.0
鲁中参考点,jma_seamless,2025-07-02,5,2025-07-07,38.2,26.4,36.5,,57.9,63.0,5.0,,,,0.0,0.0
鲁中参考点,jma_seamless,2025-07-01,6,2025-07-07,34.8,28.4,35.7,,43.4,57.7,3.2,,,,0.0,0.0
鲁中参考点,jma_seamless,2025-06-30,7,2025-07-07,38.2,28.8,36.4,,51.6,54.0,5.6,,,,0.0,0.0
鲁中参考点,ecmwf_ifs025,2025-07-07,1,2025-07-08,36.5,24.0,33.6,,,,,,,,,
鲁中参考点,ecmwf_ifs025,2025-07-06,2,2025-07-08,36.6,23.4,33.3,,,,,,,,,
鲁中参考点,ecmwf_ifs025,2025-07-05,3,2025-07-08,37.5,24.6,33.8,,,,,,,,,
鲁中参考点,ecmwf_ifs025,2025-07-04,4,2025-07-08,33.1,24.8,32.4,,,,,,,,,
鲁中参考点,ecmwf_ifs025,2025-07-03,5,2025-07-08,39.6,26.7,34.7,,,,,,,,,
鲁中参考点,ecmwf_ifs025,2025-07-02,6,2025-07-08,36.6,26.0,35.4,,,,,,,,,
鲁中参考点,ecmwf_ifs025,2025-07-01,7,2025-07-08,38.3,24.6,35.1,,,,,,,,,
鲁中参考点,gfs_seamless,2025-07-07,1,2025-07-08,33.4,22.5,31.0,,44.9,70.3,9.4,,,,,
鲁中参考点,gfs_seamless,2025-07-06,2,2025-07-08,34.6,23.3,30.3,,46.7,65.9,8.6,,,,,
鲁中参考点,gfs_seamless,2025-07-05,3,2025-07-08,35.2,23.4,29.5,,46.6,61.9,10.0,,,,,
鲁中参考点,gfs_seamless,2025-07-04,4,2025-07-08,35.0,24.0,28.2,,46.6,63.1,9.5,,,,,
鲁中参考点,gfs_seamless,2025-07-03,5,2025-07-08,36.5,23.9,28.2,,49.5,59.6,8.8,,,,,
鲁中参考点,gfs_seamless,2025-07-02,6,2025-07-08,36.3,24.0,30.0,,54.1,68.1,6.3,,,,,
鲁中参考点,gfs_seamless,2025-07-01,7,2025-07-08,37.2,24.1,30.2,,55.6,65.2,10.1,,,,,
鲁中参考点,jma_seamless,2025-07-07,1,2025-07-08,31.8,24.3,32.8,,42.3,76.7,5.2,,,,0.6,0.0
鲁中参考点,jma_seamless,2025-07-06,2,2025-07-08,31.9,25.0,32.1,,41.1,72.7,6.2,,,,0.0,0.0
鲁中参考点,jma_seamless,2025-07-05,3,2025-07-08,33.2,25.5,33.4,,46.6,75.3,5.8,,,,0.0,0.0
鲁中参考点,jma_seamless,2025-07-04,4,2025-07-08,30.9,27.4,33.7,,37.6,70.8,6.5,,,,0.0,0.0
鲁中参考点,jma_seamless,2025-07-03,5,2025-07-08,34.4,27.2,35.6,,42.3,57.7,5.6,,,,3.6,0.0
鲁中参考点,jma_seamless,2025-07-02,6,2025-07-08,37.4,28.5,36.6,,48.0,52.1,5.2,,,,0.0,0.0
鲁中参考点,jma_seamless,2025-07-01,7,2025-07-08,34.7,28.1,35.5,,44.0,59.6,3.3,,,,0.6,0.0
鲁中参考点,ecmwf_ifs025,2025-07-08,1,2025-07-09,35.2,22.6,31.2,,,,,,,,,
鲁中参考点,ecmwf_ifs025,2025-07-07,2,2025-07-09,35.9,23.1,31.9,,,,,,,,,
鲁中参考点,ecmwf_ifs025,2025-07-06,3,2025-07-09,36.7,22.9,31.5,,,,,,,,,
鲁中参考点,ecmwf_ifs025,2025-07-05,4,2025-07-09,37.4,23.1,31.7,,,,,,,,,
鲁中参考点,ecmwf_ifs025,2025-07-04,5,2025-07-09,34.9,24.5,32.4,,,,,,,,,
鲁中参考点,ecmwf_ifs025,2025-07-03,6,2025-07-09,34.1,25.5,32.4,,,,,,,,,
鲁中参考点,ecmwf_ifs025,2025-07-02,7,2025-07-09,38.3,26.9,34.3,,,,,,,,,
鲁中参考点,gfs_seamless,2025-07-08,1,2025-07-09,32.8,22.0,29.7,,43.7,72.0,12.4,,,,,
鲁中参考点,gfs_seamless,2025-07-07,2,2025-07-09,31.3,22.4,30.0,,38.9,71.5,10.9,,,,,
鲁中参考点,gfs_seamless,2025-07-06,3,2025-07-09,33.7,23.9,29.5,,43.0,63.9,10.1,,,,,
鲁中参考点,gfs_seamless,2025-07-05,4,2025-07-09,34.7,22.9,28.8,,45.2,62.1,10.3,,,,,
鲁中参考点,gfs_seamless,2025-07-04,5,2025-07-09,33.9,23.0,29.3,,41.3,58.6,10.5,,,,,
鲁中参考点,gfs_seamless,2025-07-03,6,2025-07-09,34.7,22.6,29.1,,42.5,56.2,8.6,,,,,
鲁中参考点,gfs_seamless,2025-07-02,7,2025-07-09,35.0,24.9,30.4,,41.1,51.1,5.9,,,,,
鲁中参考点,jma_seamless,2025-07-08,1,2025-07-09,29.7,24.9,31.0,,35.8,76.3,6.9,,,,0.0,0.0
鲁中参考点,jma_seamless,2025-07-07,2,2025-07-09,29.8,24.7,30.9,,35.8,75.3,7.2,,,,0.0,0.0
鲁中参考点,jma_seamless,2025-07-06,3,2025-07-09,29.8,24.6,31.0,,35.9,75.7,6.6,,,,0.0,0.0
鲁中参考点,jma_seamless,2025-07-05,4,2025-07-09,31.1,25.0,30.8,,37.5,68.9,6.9,,,,0.0,0.0
鲁中参考点,jma_seamless,2025-07-04,5,2025-07-09,32.7,25.0,31.2,,41.8,68.2,7.4,,,,0.0,0.0
鲁中参考点,jma_seamless,2025-07-03,6,2025-07-09,35.8,25.6,32.2,,46.1,57.4,6.8,,,,0.0,0.0
鲁中参考点,jma_seamless,2025-07-02,7,2025-07-09,38.9,27.6,35.6,,53.8,53.8,5.2,,,,0.0,0.0
鲁中参考点,ecmwf_ifs025,2025-07-09,1,2025-07-10,35.7,24.0,32.0,,,,,,,,,
鲁中参考点,ecmwf_ifs025,2025-07-08,2,2025-07-10,35.5,23.7,32.3,,,,,,,,,
鲁中参考点,ecmwf_ifs025,2025-07-07,3,2025-07-10,36.9,24.6,32.5,,,,,,,,,
鲁中参考点,ecmwf_ifs025,2025-07-06,4,2025-07-10,36.1,24.1,32.4,,,,,,,,,
鲁中参考点,ecmwf_ifs025,2025-07-05,5,2025-07-10,37.5,23.6,32.2,,,,,,,,,
鲁中参考点,ecmwf_ifs025,2025-07-04,6,2025-07-10,37.0,24.3,32.2,,,,,,,,,
鲁中参考点,ecmwf_ifs025,2025-07-03,7,2025-07-10,36.8,24.7,32.4,,,,,,,,,
鲁中参考点,gfs_seamless,2025-07-09,1,2025-07-10,34.3,22.3,29.9,,44.1,62.4,11.3,,,,,
鲁中参考点,gfs_seamless,2025-07-08,2,2025-07-10,31.5,22.4,29.5,,39.8,72.5,10.1,,,,,
鲁中参考点,gfs_seamless,2025-07-07,3,2025-07-10,31.0,22.6,29.2,,38.4,72.6,9.4,,,,,
鲁中参考点,gfs_seamless,2025-07-06,4,2025-07-10,33.2,23.3,28.7,,42.1,65.2,10.5,,,,,
鲁中参考点,gfs_seamless,2025-07-05,5,2025-07-10,34.7,22.3,29.1,,46.3,64.5,9.3,,,,,
鲁中参考点,gfs_seamless,2025-07-04,6,2025-07-10,33.6,23.7,29.4,,42.4,63.2,8.6,,,,,
鲁中参考点,gfs_seamless,2025-07-03,7,2025-07-10,34.5,22.8,29.7,,44.9,62.9,8.0,,,,,
鲁中参考点,jma_seamless,2025-07-09,1,2025-07-10,30.4,24.4,31.7,,37.5,75.4,6.1,,,,0.0,0.0
鲁中参考点,jma_seamless,2025-07-08,2,2025-07-10,30.4,23.6,30.4,,36.8,73.0,6.5,,,,0.0,0.0
鲁中参考点,jma_seamless,2025-07-07,3,2025-07-10,29.9,24.7,30.9,,36.6,77.1,6.2,,,,0.0,0.0
鲁中参考点,jma_seamless,2025-07-06,4,2025-07-10,32.5,24.4,31.5,,43.3,73.5,6.2,,,,0.0,0.0
鲁中参考点,jma_seamless,2025-07-05,5,2025-07-10,32.6,24.0,31.4,,42.5,70.6,6.0,,,,0.0,0.0
鲁中参考点,jma_seamless,2025-07-04,6,2025-07-10,30.4,24.7,31.1,,37.0,73.6,6.5,,,,0.0,0.0
鲁中参考点,jma_seamless,2025-07-03,7,2025-07-10,32.6,25.3,31.9,,41.2,67.5,5.4,,,,0.0,0.0
鲁中参考点,ecmwf_ifs025,2025-07-10,1,2025-07-11,36.0,23.2,32.3,,,,,,,,,
鲁中参考点,ecmwf_ifs025,2025-07-09,2,2025-07-11,35.8,23.1,32.1,,,,,,,,,
鲁中参考点,ecmwf_ifs025,2025-07-08,3,2025-07-11,36.6,24.0,32.7,,,,,,,,,
鲁中参考点,ecmwf_ifs025,2025-07-07,4,2025-07-11,36.9,23.7,32.5,,,,,,,,,
鲁中参考点,ecmwf_ifs025,2025-07-06,5,2025-07-11,36.4,23.8,32.9,,,,,,,,,
鲁中参考点,ecmwf_ifs025,2025-07-05,6,2025-07-11,36.0,24.9,33.1,,,,,,,,,
鲁中参考点,ecmwf_ifs025,2025-07-04,7,2025-07-11,37.0,25.0,33.4,,,,,,,,,
鲁中参考点,gfs_seamless,2025-07-10,1,2025-07-11,33.2,21.8,30.2,,42.3,65.9,7.5,,,,,
鲁中参考点,gfs_seamless,2025-07-09,2,2025-07-11,35.0,22.0,29.2,,47.7,65.2,7.9,,,,,
鲁中参考点,gfs_seamless,2025-07-08,3,2025-07-11,32.7,21.8,28.7,,41.2,66.8,6.7,,,,,
鲁中参考点,gfs_seamless,2025-07-07,4,2025-07-11,33.7,22.1,28.8,,43.5,65.1,6.9,,,,,
鲁中参考点,gfs_seamless,2025-07-06,5,2025-07-11,34.4,23.0,29.1,,43.3,60.1,6.2,,,,,
鲁中参考点,gfs_seamless,2025-07-05,6,2025-07-11,34.6,21.7,29.8,,45.6,63.7,9.4,,,,,
鲁中参考点,gfs_seamless,2025-07-04,7,2025-07-11,34.3,23.0,28.5,,43.8,61.7,8.5,,,,,
鲁中参考点,jma_seamless,2025-07-10,1,2025-07-11,31.0,24.6,31.3,,38.5,72.8,5.1,,,,0.0,0.0
鲁中参考点,jma_seamless,2025-07-09,2,2025-07-11,33.0,23.6,31.9,,43.8,70.7,4.7,,,,0.0,0.0
鲁中参考点,jma_seamless,2025-07-08,3,2025-07-11,29.4,23.5,30.6,,35.4,77.8,5.2,,,,0.0,0.0
鲁中参考点,jma_seamless,2025-07-07,4,2025-07-11,30.8,23.5,30.8,,38.6,75.0,4.2,,,,0.0,0.0
鲁中参考点,jma_seamless,2025-07-06,5,2025-07-11,30.5,23.9,30.9,,37.2,73.2,4.5,,,,0.0,0.0
鲁中参考点,jma_seamless,2025-07-05,6,2025-07-11,29.9,23.7,31.1,,36.3,76.0,5.2,,,,0.0,0.0
鲁中参考点,jma_seamless,2025-07-04,7,2025-07-11,30.0,24.8,31.1,,36.4,75.2,5.5,,,,0.0,0.0
鲁中参考点,ecmwf_ifs025,2025-07-11,1,2025-07-12,36.7,23.7,33.1,,,,,,,,,
鲁中参考点,ecmwf_ifs025,2025-07-10,2,2025-07-12,37.0,24.0,33.2,,,,,,,,,
鲁中参考点,ecmwf_ifs025,2025-07-09,3,2025-07-12,37.3,24.0,33.3,,,,,,,,,
鲁中参考点,ecmwf_ifs025,2025-07-08,4,2025-07-12,36.3,24.5,32.7,,,,,,,,,
鲁中参考点,ecmwf_ifs025,2025-07-07,5,2025-07-12,37.4,24.0,32.8,,,,,,,,,
鲁中参考点,ecmwf_ifs025,2025-07-06,6,2025-07-12,32.3,24.8,31.9,,,,,,,,,
鲁中参考点,ecmwf_ifs025,2025-07-05,7,2025-07-12,37.3,25.6,33.8,,,,,,,,,
鲁中参考点,gfs_seamless,2025-07-11,1,2025-07-12,35.2,23.1,43.6,,43.9,56.4,6.1,,,23.0,3.1,
鲁中参考点,gfs_seamless,2025-07-10,2,2025-07-12,35.4,23.2,29.9,,42.0,50.8,5.9,,,25.37,5.9,
鲁中参考点,gfs_seamless,2025-07-09,3,2025-07-12,34.8,23.2,29.6,,42.3,55.3,7.5,,,21.83,6.3,
鲁中参考点,gfs_seamless,2025-07-08,4,2025-07-12,35.2,23.3,29.6,,44.3,57.1,6.0,,,26.46,1.7,
鲁中参考点,gfs_seamless,2025-07-07,5,2025-07-12,35.1,23.4,29.3,,43.2,55.4,6.4,,,20.52,2.1,
鲁中参考点,gfs_seamless,2025-07-06,6,2025-07-12,36.0,23.7,29.1,,44.8,53.5,7.4,,,27.12,1.1,
鲁中参考点,gfs_seamless,2025-07-05,7,2025-07-12,37.4,22.3,27.8,,50.3,56.0,7.9,,,27.09,1.6,
鲁中参考点,jma_seamless,2025-07-11,1,2025-07-12,34.2,23.8,32.8,,45.9,66.8,2.8,,,,0.0,0.0
鲁中参考点,jma_seamless,2025-07-10,2,2025-07-12,34.2,24.0,32.8,,45.7,66.5,3.4,,,,0.0,0.0
鲁中参考点,jma_seamless,2025-07-09,3,2025-07-12,34.2,24.3,32.2,,44.7,64.3,3.6,,,,0.0,0.0
鲁中参考点,jma_seamless,2025-07-08,4,2025-07-12,34.2,22.7,31.1,,43.6,62.0,3.7,,,,0.0,0.0
鲁中参考点,jma_seamless,2025-07-07,5,2025-07-12,33.8,23.7,31.7,,43.9,65.4,3.3,,,,0.0,0.0
鲁中参考点,jma_seamless,2025-07-06,6,2025-07-12,33.7,24.5,32.6,,44.8,68.0,3.2,,,,0.0,0.0
鲁中参考点,jma_seamless,2025-07-05,7,2025-07-12,32.6,24.3,33.0,,43.3,72.7,3.4,,,,0.0,0.0
鲁中参考点,ecmwf_ifs025,2025-07-12,1,2025-07-13,35.0,25.1,32.6,,,,,,,,,
鲁中参考点,ecmwf_ifs025,2025-07-11,2,2025-07-13,37.1,26.3,34.0,,,,,,,,,
鲁中参考点,ecmwf_ifs025,2025-07-10,3,2025-07-13,37.2,25.3,33.6,,,,,,,,,
鲁中参考点,ecmwf_ifs025,2025-07-09,4,2025-07-13,37.9,24.5,34.3,,,,,,,,,
鲁中参考点,ecmwf_ifs025,2025-07-08,5,2025-07-13,38.0,24.9,33.9,,,,,,,,,
鲁中参考点,ecmwf_ifs025,2025-07-07,6,2025-07-13,38.2,26.1,34.9,,,,,,,,,
鲁中参考点,ecmwf_ifs025,2025-07-06,7,2025-07-13,35.8,25.7,33.9,,,,,,,,,
鲁中参考点,gfs_seamless,2025-07-12,1,2025-07-13,34.5,23.8,31.1,,44.8,62.6,10.5,,,20.33,5.2,
鲁中参考点,gfs_seamless,2025-07-11,2,2025-07-13,35.6,23.2,30.5,,46.2,58.7,10.8,,,22.39,17.0,
鲁中参考点,gfs_seamless,2025-07-10,3,2025-07-13,36.8,25.0,30.5,,47.6,54.6,11.4,,,20.3,26.7,
鲁中参考点,gfs_seamless,2025-07-09,4,2025-07-13,37.7,25.2,30.1,,49.5,53.1,11.6,,,23.71,13.1,
鲁中参考点,gfs_seamless,2025-07-08,5,2025-07-13,38.1,24.1,29.7,,55.0,59.6,8.7,,,26.65,9.0,
鲁中参考点,gfs_seamless,2025-07-07,6,2025-07-13,37.5,24.7,28.6,,46.6,49.0,9.8,,,27.04,4.2,
鲁中参考点,gfs_seamless,2025-07-06,7,2025-07-13,37.5,24.4,29.5,,45.2,46.2,10.1,,,26.86,1.0,
鲁中参考点,jma_seamless,2025-07-12,1,2025-07-13,34.4,25.9,33.2,,46.5,66.8,8.6,,,,0.0,0.0
鲁中参考点,jma_seamless,2025-07-11,2,2025-07-13,34.1,25.3,32.6,,42.8,60.8,7.1,,,,0.0,0.0
鲁中参考点,jma_seamless,2025-07-10,3,2025-07-13,32.8,24.0,32.7,,41.8,67.5,7.7,,,,0.0,0.0
鲁中参考点,jma_seamless,2025-07-09,4,2025-07-13,34.4,26.6,34.1,,45.8,65.4,4.9,,,,0.0,0.0
鲁中参考点,jma_seamless,2025-07-08,5,2025-07-13,35.5,25.5,33.1,,45.1,57.1,4.7,,,,0.0,0.0
鲁中参考点,jma_seamless,2025-07-07,6,2025-07-13,35.6,25.4,33.4,,46.8,59.8,4.5,,,,0.0,0.0
鲁中参考点,jma_seamless,2025-07-06,7,2025-07-13,35.8,27.4,34.5,,47.4,59.8,4.8,,,,0.0,0.0
鲁中参考点,ecmwf_ifs025,2025-07-13,1,2025-07-14,34.2,22.4,28.7,,,,,,,,,
鲁中参考点,ecmwf_ifs025,2025-07-12,2,2025-07-14,34.9,22.1,29.2,,,,,,,,,
鲁中参考点,ecmwf_ifs025,2025-07-11,3,2025-07-14,35.7,22.9,31.0,,,,,,,,,
鲁中参考点,ecmwf_ifs025,2025-07-10,4,2025-07-14,36.8,26.0,34.1,,,,,,,,,
鲁中参考点,ecmwf_ifs025,2025-07-09,5,2025-07-14,36.9,26.7,35.0,,,,,,,,,
鲁中参考点,ecmwf_ifs025,2025-07-08,6,2025-07-14,38.5,30.3,36.1,,,,,,,,,
鲁中参考点,ecmwf_ifs025,2025-07-07,7,2025-07-14,38.7,27.6,36.1,,,,,,,,,
鲁中参考点,gfs_seamless,2025-07-13,1,2025-07-14,34.6,23.3,30.5,,36.4,39.8,9.5,,,27.1,1.1,
鲁中参考点,gfs_seamless,2025-07-12,2,2025-07-14,34.1,22.9,30.1,,36.0,41.6,10.2,,,28.57,9.7,
鲁中参考点,gfs_seamless,2025-07-11,3,2025-07-14,34.1,23.9,31.3,,37.6,46.8,8.4,,,27.17,8.6,
鲁中参考点,gfs_seamless,2025-07-10,4,2025-07-14,36.8,25.8,30.2,,45.6,50.7,8.0,,,23.74,9.1,
鲁中参考点,gfs_seamless,2025-07-09,5,2025-07-14,37.2,23.8,29.3,,49.0,54.9,7.9,,,25.33,1.3,
鲁中参考点,gfs_seamless,2025-07-08,6,2025-07-14,35.2,25.5,28.4,,39.4,45.5,9.5,,,27.39,7.4,
鲁中参考点,gfs_seamless,2025-07-07,7,2025-07-14,37.9,27.0,28.7,,45.1,44.1,11.1,,,2.93,3.5,
鲁中参考点,jma_seamless,2025-07-13,1,2025-07-14,33.5,24.2,29.5,,37.2,49.5,5.2,,,,0.0,0.0
鲁中参考点,jma_seamless,2025-07-12,2,2025-07-14,33.9,23.5,29.2,,37.7,48.4,6.6,,,,0.0,0.0
鲁中参考点,jma_seamless,2025-07-11,3,2025-07-14,35.2,21.7,29.2,,39.9,46.7,4.9,,,,0.0,0.0
鲁中参考点,jma_seamless,2025-07-10,4,2025-07-14,37.4,25.7,31.6,,44.6,45.5,5.2,,,,0.0,0.0
鲁中参考点,jma_seamless,2025-07-09,5,2025-07-14,37.0,26.4,34.5,,49.5,56.8,3.4,,,,0.0,0.0
鲁中参考点,jma_seamless,2025-07-08,6,2025-07-14,36.8,27.8,34.5,,45.7,50.9,8.5,,,,0.0,0.0
鲁中参考点,jma_seamless,2025-07-07,7,2025-07-14,38.5,28.9,35.2,,49.2,48.5,7.2,,,,0.0,0.0
鲁中参考点,ecmwf_ifs025,2025-07-14,1,2025-07-15,29.8,23.9,27.2,,,,,,,,,
鲁中参考点,ecmwf_ifs025,2025-07-13,2,2025-07-15,30.7,21.8,26.9,,,,,,,,,
鲁中参考点,ecmwf_ifs025,2025-07-12,3,2025-07-15,36.1,24.4,30.1,,,,,,,,,
鲁中参考点,ecmwf_ifs025,2025-07-11,4,2025-07-15,37.1,28.0,33.3,,,,,,,,,
鲁中参考点,ecmwf_ifs025,2025-07-10,5,2025-07-15,39.4,29.5,35.3,,,,,,,,,
鲁中参考点,ecmwf_ifs025,2025-07-09,6,2025-07-15,37.6,28.5,34.6,,,,,,,,,
鲁中参考点,ecmwf_ifs025,2025-07-08,7,2025-07-15,36.0,30.2,34.5,,,,,,,,,
鲁中参考点,gfs_seamless,2025-07-14,1,2025-07-15,33.3,22.5,29.8,,37.2,51.0,12.1,,,17.58,0.6,
鲁中参考点,gfs_seamless,2025-07-13,2,2025-07-15,32.6,23.4,29.8,,37.4,56.5,11.7,,,12.65,5.3,
鲁中参考点,gfs_seamless,2025-07-12,3,2025-07-15,34.4,24.0,30.1,,40.7,53.8,9.5,,,7.53,4.3,
鲁中参考点,gfs_seamless,2025-07-11,4,2025-07-15,31.5,21.7,30.1,,37.6,65.8,11.6,,,12.24,4.6,
鲁中参考点,gfs_seamless,2025-07-10,5,2025-07-15,34.4,25.3,29.3,,44.7,63.1,10.6,,,10.13,1.0,
鲁中参考点,gfs_seamless,2025-07-09,6,2025-07-15,36.2,23.8,28.9,,44.5,51.7,14.4,,,16.68,0.3,
鲁中参考点,gfs_seamless,2025-07-08,7,2025-07-15,32.4,20.8,28.1,,40.8,68.0,9.4,,,,4.6,
鲁中参考点,jma_seamless,2025-07-14,1,2025-07-15,26.9,23.4,25.9,,,59.6,7.2,,,,6.0,0.0
鲁中参考点,jma_seamless,2025-07-13,2,2025-07-15,27.6,22.7,28.8,,29.7,68.1,7.0,,,,12.6,0.0
鲁中参考点,jma_seamless,2025-07-12,3,2025-07-15,35.4,24.8,31.1,,41.6,49.8,7.3,,,,4.2,0.0
鲁中参考点,jma_seamless,2025-07-11,4,2025-07-15,36.9,26.4,31.3,,42.5,43.5,11.1,,,,20.4,0.0
鲁中参考点,jma_seamless,2025-07-10,5,2025-07-15,31.1,26.2,32.8,,36.1,64.1,6.9,,,,1.8,0.0
鲁中参考点,jma_seamless,2025-07-09,6,2025-07-15,37.7,26.3,34.1,,51.3,56.1,13.1,,,,2.4,0.0
鲁中参考点,jma_seamless,2025-07-08,7,2025-07-15,31.6,28.6,33.4,,35.4,57.1,7.3,,,,0.6,0.0
鲁中参考点,ecmwf_ifs025,2025-07-15,1,2025-07-16,28.6,22.3,30.1,,,,,,25.2,22.2,0.9,
鲁中参考点,ecmwf_ifs025,2025-07-14,2,2025-07-16,27.4,23.1,29.5,,,,,,30.0,19.12,26.7,
鲁中参考点,ecmwf_ifs025,2025-07-13,3,2025-07-16,27.4,22.8,29.0,,,,,,47.7,17.58,15.3,
鲁中参考点,ecmwf_ifs025,2025-07-12,4,2025-07-16,28.0,22.7,29.3,,,,,,22.3,21.64,0.0,
鲁中参考点,ecmwf_ifs025,2025-07-11,5,2025-07-16,34.8,23.1,32.3,,,,,,9.1,23.14,0.3,
鲁中参考点,ecmwf_ifs025,2025-07-10,6,2025-07-16,38.1,26.9,34.1,,,,,,7.8,25.24,0.3,
鲁中参考点,ecmwf_ifs025,2025-07-09,7,2025-07-16,39.0,26.0,34.7,,,,,,13.6,23.65,0.3,
鲁中参考点,ecmwf_ifs025,2025-07-16,1,2025-07-17,29.3,19.7,27.5,,,,,,6.1,23.39,0.0,
鲁中参考点,ecmwf_ifs025,2025-07-15,2,2025-07-17,29.5,21.7,28.3,,,,,,15.2,23.9,0.0,
鲁中参考点,ecmwf_ifs025,2025-07-14,3,2025-07-17,29.1,20.0,28.0,,,,,,12.1,25.48,0.0,
鲁中参考点,ecmwf_ifs025,2025-07-13,4,2025-07-17,28.7,21.5,28.4,,,,,,0.8,24.45,0.0,
鲁中参考点,ecmwf_ifs025,2025-07-12,5,2025-07-17,31.3,22.4,30.4,,,,,,2.0,24.87,0.0,
鲁中参考点,ecmwf_ifs025,2025-07-11,6,2025-07-17,33.6,24.8,29.5,,,,,,0.8,24.74,0.0,
鲁中参考点,ecmwf_ifs025,2025-07-10,7,2025-07-17,36.1,24.2,30.8,,,,,,10.2,25.95,0.0,
鲁中参考点,ecmwf_ifs025,2025-07-17,1,2025-07-18,30.6,20.8,29.0,,,,,,11.1,24.37,0.0,
鲁中参考点,ecmwf_ifs025,2025-07-16,2,2025-07-18,30.4,21.3,29.1,,,,,,7.5,24.74,0.0,
鲁中参考点,ecmwf_ifs025,2025-07-15,3,2025-07-18,32.1,21.7,29.2,,,,,,6.9,24.63,0.0,
鲁中参考点,ecmwf_ifs025,2025-07-14,4,2025-07-18,31.8,20.8,29.7,,,,,,9.4,24.67,0.0,
鲁中参考点,ecmwf_ifs025,2025-07-13,5,2025-07-18,31.5,21.4,30.0,,,,,,2.2,26.23,0.0,
鲁中参考点,ecmwf_ifs025,2025-07-12,6,2025-07-18,35.2,24.1,31.9,,,,,,2.1,24.2,0.0,
鲁中参考点,ecmwf_ifs025,2025-07-11,7,2025-07-18,38.2,24.5,31.8,,,,,,4.9,25.61,0.0,
鲁中参考点,ecmwf_ifs025,2025-07-18,1,2025-07-19,34.9,22.0,30.7,,,,,,24.8,22.83,0.0,
鲁中参考点,ecmwf_ifs025,2025-07-17,2,2025-07-19,34.0,21.7,30.7,,,,,,10.6,23.37,0.0,
鲁中参考点,ecmwf_ifs025,2025-07-16,3,2025-07-19,32.9,22.7,30.2,,,,,,37.4,22.51,0.0,
鲁中参考点,ecmwf_ifs025,2025-07-15,4,2025-07-19,34.5,22.4,29.8,,,,,,16.0,25.05,0.0,
鲁中参考点,ecmwf_ifs025,2025-07-14,5,2025-07-19,34.6,22.0,29.7,,,,,,12.5,26.08,0.0,
鲁中参考点,ecmwf_ifs025,2025-07-13,6,2025-07-19,32.0,24.4,29.8,,,,,,12.0,25.3,0.0,
鲁中参考点,ecmwf_ifs025,2025-07-12,7,2025-07-19,35.0,23.8,30.2,,,,,,14.9,25.86,0.0,
鲁中参考点,ecmwf_ifs025,2025-07-19,1,2025-07-20,31.1,23.6,29.5,,,,,,86.5,15.51,39.6,
鲁中参考点,ecmwf_ifs025,2025-07-18,2,2025-07-20,33.6,24.3,32.0,,,,,,66.7,19.66,15.9,
鲁中参考点,ecmwf_ifs025,2025-07-17,3,2025-07-20,32.9,23.6,31.0,,,,,,72.8,15.96,6.3,
鲁中参考点,ecmwf_ifs025,2025-07-16,4,2025-07-20,32.5,23.6,30.9,,,,,,58.4,18.01,4.5,
鲁中参考点,ecmwf_ifs025,2025-07-15,5,2025-07-20,34.1,24.6,31.5,,,,,,74.2,17.01,1.8,
鲁中参考点,ecmwf_ifs025,2025-07-14,6,2025-07-20,30.9,25.5,31.8,,,,,,69.6,15.78,12.0,
鲁中参考点,ecmwf_ifs025,2025-07-13,7,2025-07-20,33.4,25.8,32.0,,,,,,43.2,21.36,2.7,
鲁中参考点,ecmwf_ifs025,2025-07-20,1,2025-07-21,29.6,22.9,30.3,,,,,,82.7,14.13,19.8,
鲁中参考点,ecmwf_ifs025,2025-07-19,2,2025-07-21,29.4,24.4,31.9,,,,,,68.4,15.12,9.6,
鲁中参考点,ecmwf_ifs025,2025-07-18,3,2025-07-21,29.0,23.0,30.8,,,,,,89.9,11.73,24.6,
鲁中参考点,ecmwf_ifs025,2025-07-17,4,2025-07-21,25.7,23.2,29.0,,,,,,94.1,6.42,43.2,
鲁中参考点,ecmwf_ifs025,2025-07-16,5,2025-07-21,29.6,23.5,30.5,,,,,,77.1,15.2,19.8,
鲁中参考点,ecmwf_ifs025,2025-07-15,6,2025-07-21,28.3,24.6,30.4,,,,,,69.8,10.68,18.3,
鲁中参考点,ecmwf_ifs025,2025-07-14,7,2025-07-21,26.8,24.7,30.6,,,,,,94.0,6.66,40.5,
鲁中参考点,ecmwf_ifs025,2025-07-21,1,2025-07-22,30.3,23.5,30.9,,,,,,73.0,12.6,2.4,
鲁中参考点,ecmwf_ifs025,2025-07-20,2,2025-07-22,31.4,23.9,31.9,,,,,,61.1,20.64,3.6,
鲁中参考点,ecmwf_ifs025,2025-07-19,3,2025-07-22,32.1,24.6,32.0,,,,,,64.1,18.31,2.7,
鲁中参考点,ecmwf_ifs025,2025-07-18,4,2025-07-22,29.5,23.1,32.0,,,,,,78.9,9.24,19.2,
鲁中参考点,ecmwf_ifs025,2025-07-17,5,2025-07-22,28.4,23.2,30.1,,,,,,59.0,13.37,32.4,
鲁中参考点,ecmwf_ifs025,2025-07-16,6,2025-07-22,31.1,23.3,30.9,,,,,,61.4,16.29,6.3,
鲁中参考点,ecmwf_ifs025,2025-07-15,7,2025-07-22,31.4,22.8,31.2,,,,,,67.8,18.94,10.5,
鲁中参考点,ecmwf_ifs025,2025-07-22,1,2025-07-23,30.4,24.9,30.8,,,,,,34.5,21.55,0.3,
鲁中参考点,ecmwf_ifs025,2025-07-21,2,2025-07-23,31.0,24.8,31.2,,,,,,37.8,20.83,0.3,
鲁中参考点,ecmwf_ifs025,2025-07-20,3,2025-07-23,31.0,24.8,31.4,,,,,,29.7,23.45,0.0,
鲁中参考点,ecmwf_ifs025,2025-07-19,4,2025-07-23,32.2,25.4,32.3,,,,,,36.1,22.37,0.0,
鲁中参考点,ecmwf_ifs025,2025-07-18,5,2025-07-23,32.6,25.2,32.7,,,,,,38.0,19.91,0.0,
鲁中参考点,ecmwf_ifs025,2025-07-17,6,2025-07-23,29.5,23.7,31.5,,,,,,26.6,16.07,2.7,
鲁中参考点,ecmwf_ifs025,2025-07-16,7,2025-07-23,31.6,23.8,31.5,,,,,,26.2,20.78,0.3,
鲁中参考点,ecmwf_ifs025,2025-07-23,1,2025-07-24,31.2,24.0,30.6,,,,,,12.8,24.15,0.0,
鲁中参考点,ecmwf_ifs025,2025-07-22,2,2025-07-24,31.7,24.3,31.0,,,,,,13.3,23.92,0.0,
鲁中参考点,ecmwf_ifs025,2025-07-21,3,2025-07-24,32.0,24.2,31.6,,,,,,18.8,23.74,0.0,
鲁中参考点,ecmwf_ifs025,2025-07-20,4,2025-07-24,31.9,24.1,31.5,,,,,,7.1,23.92,0.0,
鲁中参考点,ecmwf_ifs025,2025-07-19,5,2025-07-24,33.2,24.8,32.4,,,,,,10.6,24.52,0.0,
鲁中参考点,ecmwf_ifs025,2025-07-18,6,2025-07-24,32.1,24.3,31.6,,,,,,10.9,23.19,0.0,
鲁中参考点,ecmwf_ifs025,2025-07-17,7,2025-07-24,30.7,23.6,30.2,,,,,,13.6,23.73,0.0,
鲁中参考点,ecmwf_ifs025,2025-07-24,1,2025-07-25,32.0,23.1,30.2,,,,,,5.5,24.53,0.0,
鲁中参考点,ecmwf_ifs025,2025-07-23,2,2025-07-25,31.9,23.1,30.5,,,,,,10.6,25.08,0.0,
鲁中参考点,ecmwf_ifs025,2025-07-22,3,2025-07-25,32.3,23.0,30.5,,,,,,13.8,25.48,0.0,
鲁中参考点,ecmwf_ifs025,2025-07-21,4,2025-07-25,32.2,23.0,30.6,,,,,,7.3,24.51,0.0,
鲁中参考点,ecmwf_ifs025,2025-07-20,5,2025-07-25,31.9,23.2,30.7,,,,,,8.9,25.38,0.0,
鲁中参考点,ecmwf_ifs025,2025-07-19,6,2025-07-25,33.6,24.2,32.4,,,,,,2.3,24.6,0.0,
鲁中参考点,ecmwf_ifs025,2025-07-18,7,2025-07-25,32.6,24.2,31.7,,,,,,15.1,24.84,0.0,
鲁中参考点,ecmwf_ifs025,2025-07-25,1,2025-07-26,32.5,21.9,30.4,,,,,,0.0,24.17,0.0,
鲁中参考点,ecmwf_ifs025,2025-07-24,2,2025-07-26,32.9,22.0,31.0,,,,,,0.1,25.65,0.0,
鲁中参考点,ecmwf_ifs025,2025-07-23,3,2025-07-26,33.0,22.7,30.9,,,,,,5.4,25.27,0.0,
鲁中参考点,ecmwf_ifs025,2025-07-22,4,2025-07-26,33.2,22.9,30.8,,,,,,3.2,25.64,0.0,
鲁中参考点,ecmwf_ifs025,2025-07-21,5,2025-07-26,33.5,21.5,31.0,,,,,,9.2,25.26,0.0,
鲁中参考点,ecmwf_ifs025,2025-07-20,6,2025-07-26,33.0,22.3,30.3,,,,,,0.0,24.9,0.0,
鲁中参考点,ecmwf_ifs025,2025-07-19,7,2025-07-26,33.3,24.2,31.9,,,,,,0.1,25.06,0.0,
鲁中参考点,ecmwf_ifs025,2025-07-26,1,2025-07-27,33.0,21.9,31.5,,,,,,0.0,24.2,0.0,
鲁中参考点,ecmwf_ifs025,2025-07-25,2,2025-07-27,33.0,21.3,31.4,,,,,,0.0,25.4,0.0,
鲁中参考点,ecmwf_ifs025,2025-07-24,3,2025-07-27,32.9,22.2,31.6,,,,,,0.4,25.8,0.0,
鲁中参考点,ecmwf_ifs025,2025-07-23,4,2025-07-27,33.8,23.2,32.4,,,,,,3.8,24.94,0.0,
鲁中参考点,ecmwf_ifs025,2025-07-22,5,2025-07-27,33.4,23.0,32.5,,,,,,10.3,23.25,0.0,
鲁中参考点,ecmwf_ifs025,2025-07-21,6,2025-07-27,32.3,22.4,31.4,,,,,,23.5,22.24,0.0,
鲁中参考点,ecmwf_ifs025,2025-07-20,7,2025-07-27,29.5,23.4,31.2,,,,,,27.2,15.64,6.0,
鲁中参考点,ecmwf_ifs025,2025-07-27,1,2025-07-28,33.2,22.3,31.7,,,,,,11.2,23.49,0.0,
鲁中参考点,ecmwf_ifs025,2025-07-26,2,2025-07-28,33.7,21.2,31.4,,,,,,1.0,24.89,0.0,
鲁中参考点,ecmwf_ifs025,2025-07-25,3,2025-07-28,32.6,22.5,32.0,,,,,,19.0,21.73,0.6,
鲁中参考点,ecmwf_ifs025,2025-07-24,4,2025-07-28,32.2,22.6,31.6,,,,,,2.1,23.95,0.3,
鲁中参考点,ecmwf_ifs025,2025-07-23,5,2025-07-28,32.9,22.9,31.5,,,,,,2.4,25.8,0.0,
鲁中参考点,ecmwf_ifs025,2025-07-22,6,2025-07-28,32.7,23.0,32.4,,,,,,5.5,23.7,0.0,
鲁中参考点,ecmwf_ifs025,2025-07-21,7,2025-07-28,29.6,23.2,31.0,,,,,,11.3,22.24,1.5,
鲁中参考点,ecmwf_ifs025,2025-07-28,1,2025-07-29,31.7,24.1,31.0,,,,,,32.5,18.87,1.2,
鲁中参考点,ecmwf_ifs025,2025-07-27,2,2025-07-29,34.8,23.3,31.6,,,,,,14.5,23.01,5.4,
鲁中参考点,ecmwf_ifs025,2025-07-26,3,2025-07-29,33.2,23.1,31.9,,,,,,4.2,23.67,0.0,
鲁中参考点,ecmwf_ifs025,2025-07-25,4,2025-07-29,32.0,23.2,31.5,,,,,,15.5,21.75,0.3,
鲁中参考点,ecmwf_ifs025,2025-07-24,5,2025-07-29,31.8,23.2,31.3,,,,,,19.8,23.04,0.3,
鲁中参考点,ecmwf_ifs025,2025-07-23,6,2025-07-29,27.5,24.4,29.1,,,,,,37.0,10.97,2.1,
鲁中参考点,ecmwf_ifs025,2025-07-22,7,2025-07-29,33.2,23.8,32.4,,,,,,14.3,23.13,0.6,
鲁中参考点,ecmwf_ifs025,2025-07-29,1,2025-07-30,29.0,22.4,29.3,,,,,,,19.87,3.0,
鲁中参考点,ecmwf_ifs025,2025-07-28,2,2025-07-30,32.8,22.5,31.0,,,,,,,23.54,0.3,
鲁中参考点,ecmwf_ifs025,2025-07-27,3,2025-07-30,34.1,22.0,31.1,,,,,,,24.53,0.0,
鲁中参考点,ecmwf_ifs025,2025-07-26,4,2025-07-30,30.2,20.0,29.3,,,,,,,15.68,0.6,
鲁中参考点,ecmwf_ifs025,2025-07-25,5,2025-07-30,30.6,22.6,30.0,,,,,,,23.34,0.6,
鲁中参考点,ecmwf_ifs025,2025-07-24,6,2025-07-30,31.2,24.0,30.6,,,,,,,22.58,0.0,
鲁中参考点,ecmwf_ifs025,2025-07-23,7,2025-07-30,26.9,22.5,28.0,,,,,,,15.75,7.5,
鲁中参考点,gfs_seamless,2025-07-29,1,2025-07-30,30.9,21.8,29.5,,,,,16.9,68.2,25.21,3.6,0.0
鲁中参考点,gfs_seamless,2025-07-28,2,2025-07-30,31.6,23.0,30.4,,,,,14.8,80.2,21.42,7.4,0.0
鲁中参考点,gfs_seamless,2025-07-27,3,2025-07-30,32.7,22.5,30.4,,,,,17.3,12.6,25.74,0.0,0.0
鲁中参考点,gfs_seamless,2025-07-26,4,2025-07-30,31.0,20.2,27.5,,,,,34.9,64.1,25.24,0.0,0.0
鲁中参考点,gfs_seamless,2025-07-25,5,2025-07-30,31.3,21.5,28.1,,,,,29.5,48.6,24.57,0.6,0.0
鲁中参考点,gfs_seamless,2025-07-24,6,2025-07-30,33.3,18.9,28.2,,,,,28.8,21.1,26.72,0.0,0.0
鲁中参考点,gfs_seamless,2025-07-23,7,2025-07-30,32.0,20.9,28.1,,,,,20.2,61.6,17.52,0.3,0.0
鲁中参考点,jma_seamless,2025-07-29,1,2025-07-30,28.6,24.0,30.8,,33.9,81.5,3.5,,52.4,,6.6,0.0
鲁中参考点,jma_seamless,2025-07-28,2,2025-07-30,28.0,24.7,31.5,,32.7,83.6,3.0,,35.7,,7.2,0.0
鲁中参考点,jma_seamless,2025-07-27,3,2025-07-30,31.8,23.6,31.0,,40.3,71.2,5.2,,7.3,,0.6,0.0
鲁中参考点,jma_seamless,2025-07-26,4,2025-07-30,28.9,25.4,31.4,,34.7,80.9,6.5,,53.3,,0.0,0.0
鲁中参考点,jma_seamless,2025-07-25,5,2025-07-30,30.6,24.6,32.0,,38.9,78.0,4.9,,32.5,,0.0,0.0
鲁中参考点,jma_seamless,2025-07-24,6,2025-07-30,30.6,25.7,32.6,,38.9,77.9,5.7,,32.9,,1.2,0.0
鲁中参考点,jma_seamless,2025-07-23,7,2025-07-30,31.8,24.7,31.9,,40.9,73.0,7.5,,45.5,,-0.3,0.0
鲁中参考点,ecmwf_ifs025,2025-07-30,1,2025-07-31,30.3,22.5,29.9,,,,,,,20.78,0.3,
鲁中参考点,ecmwf_ifs025,2025-07-29,2,2025-07-31,29.5,22.1,28.8,,,,,,,19.29,0.0,
鲁中参考点,ecmwf_ifs025,2025-07-28,3,2025-07-31,33.3,22.2,30.1,,,,,,,23.9,3.9,
鲁中参考点,ecmwf_ifs025,2025-07-27,4,2025-07-31,34.4,22.1,29.6,,,,,,,22.15,0.0,
鲁中参考点,ecmwf_ifs025,2025-07-26,5,2025-07-31,28.9,21.3,28.6,,,,,,,16.96,1.2,
鲁中参考点,ecmwf_ifs025,2025-07-25,6,2025-07-31,31.6,21.9,28.6,,,,,,,23.81,0.0,
鲁中参考点,ecmwf_ifs025,2025-07-24,7,2025-07-31,30.9,21.9,29.7,,,,,,,23.5,0.0,
鲁中参考点,gfs_seamless,2025-07-30,1,2025-07-31,30.7,21.9,29.2,,,,,28.1,23.7,26.64,0.1,0.0
鲁中参考点,gfs_seamless,2025-07-29,2,2025-07-31,29.1,21.7,27.1,,,,,34.6,94.5,20.38,7.6,0.0
鲁中参考点,gfs_seamless,2025-07-28,3,2025-07-31,32.0,21.9,27.9,,,,,34.6,24.9,27.0,1.7,0.0
鲁中参考点,gfs_seamless,2025-07-27,4,2025-07-31,32.4,19.5,28.1,,,,,22.7,31.4,25.57,0.0,0.0
鲁中参考点,gfs_seamless,2025-07-26,5,2025-07-31,28.2,19.9,25.5,,,,,32.0,56.7,12.37,0.0,0.0
鲁中参考点,gfs_seamless,2025-07-25,6,2025-07-31,30.3,18.7,26.6,,,,,29.2,39.2,21.81,0.0,0.0
鲁中参考点,gfs_seamless,2025-07-24,7,2025-07-31,32.2,19.6,28.2,,,,,21.2,14.2,27.28,0.0,0.0
鲁中参考点,jma_seamless,2025-07-30,1,2025-07-31,28.2,23.3,29.4,,32.5,79.4,7.0,,67.0,,0.0,0.0
鲁中参考点,jma_seamless,2025-07-29,2,2025-07-31,28.5,23.2,29.9,,32.6,75.7,6.6,,28.0,,0.0,0.0
鲁中参考点,jma_seamless,2025-07-28,3,2025-07-31,29.3,24.6,30.7,,34.7,76.0,6.9,,43.8,,0.0,0.0
鲁中参考点,jma_seamless,2025-07-27,4,2025-07-31,27.4,23.7,29.3,,31.7,88.5,10.3,,92.3,,1.8,0.0
鲁中参考点,jma_seamless,2025-07-26,5,2025-07-31,27.7,23.9,29.3,,31.3,79.5,9.0,,53.9,,1.2,0.0
鲁中参考点,jma_seamless,2025-07-25,6,2025-07-31,32.0,23.6,31.7,,43.1,77.0,5.0,,13.0,,0.0,0.0
鲁中参考点,jma_seamless,2025-07-24,7,2025-07-31,31.0,24.2,31.7,,39.9,77.2,5.4,,37.8,,0.3,0.0
鲁中参考点,ecmwf_ifs025,2025-07-31,1,2025-08-01,29.6,23.1,30.8,,,,,,,17.88,0.9,
鲁中参考点,ecmwf_ifs025,2025-07-30,2,2025-08-01,30.0,22.9,30.1,,,,,,,14.96,3.0,
鲁中参考点,ecmwf_ifs025,2025-07-29,3,2025-08-01,29.1,22.5,29.1,,,,,,,17.8,15.0,
鲁中参考点,ecmwf_ifs025,2025-07-28,4,2025-08-01,28.1,20.5,27.9,,,,,,,13.17,1.5,
鲁中参考点,ecmwf_ifs025,2025-07-27,5,2025-08-01,34.2,21.6,28.8,,,,,,,18.98,0.3,
鲁中参考点,ecmwf_ifs025,2025-07-26,6,2025-08-01,27.7,20.7,27.8,,,,,,,11.38,2.4,
鲁中参考点,ecmwf_ifs025,2025-07-25,7,2025-08-01,32.0,24.1,29.9,,,,,,,23.77,0.3,
鲁中参考点,gfs_seamless,2025-07-31,1,2025-08-01,31.1,22.9,31.0,,,,,18.7,74.0,23.36,5.4,0.0
鲁中参考点,gfs_seamless,2025-07-30,2,2025-08-01,29.4,22.0,29.3,,,,,22.7,83.3,11.36,7.8,0.0
鲁中参考点,gfs_seamless,2025-07-29,3,2025-08-01,27.8,21.4,28.3,,,,,28.4,80.9,12.2,9.5,0.0
鲁中参考点,gfs_seamless,2025-07-28,4,2025-08-01,28.5,20.8,27.0,,,,,22.7,89.2,22.37,0.3,0.0
鲁中参考点,gfs_seamless,2025-07-27,5,2025-08-01,30.8,22.1,29.6,,,,,18.4,57.3,23.96,0.2,0.0
鲁中参考点,gfs_seamless,2025-07-26,6,2025-08-01,29.6,22.9,29.6,,,,,25.2,81.7,16.58,2.2,0.0
鲁中参考点,gfs_seamless,2025-07-25,7,2025-08-01,31.5,20.0,29.6,,,,,15.1,66.8,21.46,2.3,0.0
鲁中参考点,jma_seamless,2025-07-31,1,2025-08-01,28.6,24.8,31.1,,34.1,82.4,6.1,,66.0,,0.6,0.0
鲁中参考点,jma_seamless,2025-07-30,2,2025-08-01,26.8,24.3,30.3,,,89.5,7.6,,80.8,,4.8,0.0
鲁中参考点,jma_seamless,2025-07-29,3,2025-08-01,26.6,24.9,30.0,,,87.8,9.4,,77.0,,0.6,0.0
鲁中参考点,jma_seamless,2025-07-28,4,2025-08-01,27.5,24.5,29.5,,31.7,86.4,12.1,,74.2,,2.7,0.0
鲁中参考点,jma_seamless,2025-07-27,5,2025-08-01,24.2,21.8,26.6,,,92.1,11.3,,82.7,,7.8,0.0
鲁中参考点,jma_seamless,2025-07-26,6,2025-08-01,28.0,22.5,29.3,,32.9,85.1,7.4,,46.0,,0.6,0.0
鲁中参考点,jma_seamless,2025-07-25,7,2025-08-01,32.0,22.2,30.7,,41.8,73.8,3.7,,21.0,,0.0,0.0
鲁中参考点,ecmwf_ifs025,2025-08-01,1,2025-08-02,31.9,22.8,31.9,,,,,,,21.14,1.2,
鲁中参考点,ecmwf_ifs025,2025-07-31,2,2025-08-02,31.2,23.8,32.1,,,,,,,20.51,2.1,
鲁中参考点,ecmwf_ifs025,2025-07-30,3,2025-08-02,31.2,22.9,31.8,,,,,,,20.26,1.8,
鲁中参考点,ecmwf_ifs025,2025-07-29,4,2025-08-02,29.4,23.4,30.5,,,,,,,19.7,2.4,
鲁中参考点,ecmwf_ifs025,2025-07-28,5,2025-08-02,33.6,20.6,29.9,,,,,,,20.7,1.2,
鲁中参考点,ecmwf_ifs025,2025-07-27,6,2025-08-02,29.9,24.6,30.8,,,,,,,14.34,0.0,
鲁中参考点,ecmwf_ifs025,2025-07-26,7,2025-08-02,31.2,24.2,31.7,,,,,,,16.17,0.9,
鲁中参考点,gfs_seamless,2025-08-01,1,2025-08-02,32.1,22.6,31.4,,,,,17.6,25.6,22.67,2.2,0.0
鲁中参考点,gfs_seamless,2025-07-31,2,2025-08-02,30.8,23.1,31.0,,,,,17.6,34.5,22.94,5.8,0.0
鲁中参考点,gfs_seamless,2025-07-30,3,2025-08-02,32.7,23.0,31.6,,,,,23.0,16.3,22.48,0.0,0.0
鲁中参考点,gfs_seamless,2025-07-29,4,2025-08-02,31.6,21.8,30.4,,,,,17.6,78.9,16.24,0.1,0.0
鲁中参考点,gfs_seamless,2025-07-28,5,2025-08-02,31.6,20.4,29.8,,,,,13.0,15.0,24.31,0.0,0.0
鲁中参考点,gfs_seamless,2025-07-27,6,2025-08-02,31.1,21.8,30.0,,,,,28.8,12.0,26.28,0.5,0.0
鲁中参考点,gfs_seamless,2025-07-26,7,2025-08-02,31.3,23.0,31.5,,,,,22.0,42.4,24.4,0.4,0.0
鲁中参考点,jma_seamless,2025-08-01,1,2025-08-02,29.8,24.4,32.1,,38.4,84.7,3.5,,40.0,,1.8,0.0
鲁中参考点,jma_seamless,2025-07-31,2,2025-08-02,29.6,24.6,32.0,,37.2,82.7,4.9,,48.9,,0.0,0.0
鲁中参考点,jma_seamless,2025-07-30,3,2025-08-02,28.5,24.5,30.9,,34.3,84.9,6.8,,50.0,,0.0,0.0
鲁中参考点,jma_seamless,2025-07-29,4,2025-08-02,26.3,24.3,28.7,,,86.6,12.8,,72.1,,1.5,0.0
鲁中参考点,jma_seamless,2025-07-28,5,2025-08-02,26.8,23.4,27.9,,,88.3,14.1,,75.2,,3.3,0.0
鲁中参考点,jma_seamless,2025-07-27,6,2025-08-02,27.1,22.0,27.2,,30.9,88.6,11.0,,66.8,,6.6,0.0
鲁中参考点,jma_seamless,2025-07-26,7,2025-08-02,28.1,20.2,28.7,,32.3,79.7,4.8,,44.2,,0.0,0.0
鲁中参考点,ecmwf_ifs025,2025-08-02,1,2025-08-03,32.3,23.2,32.8,,,,,,,23.42,0.0,
鲁中参考点,ecmwf_ifs025,2025-08-01,2,2025-08-03,32.0,22.9,32.9,,,,,,,23.48,0.0,
鲁中参考点,ecmwf_ifs025,2025-07-31,3,2025-08-03,32.3,23.5,33.0,,,,,,,23.46,0.0,
鲁中参考点,ecmwf_ifs025,2025-07-30,4,2025-08-03,32.9,23.4,33.0,,,,,,,21.25,0.0,
鲁中参考点,ecmwf_ifs025,2025-07-29,5,2025-08-03,30.9,23.1,31.5,,,,,,,19.75,1.5,
鲁中参考点,ecmwf_ifs025,2025-07-28,6,2025-08-03,30.4,24.9,32.0,,,,,,,19.54,0.0,
鲁中参考点,ecmwf_ifs025,2025-07-27,7,2025-08-03,35.1,24.8,34.1,,,,,,,23.13,0.3,
鲁中参考点,gfs_seamless,2025-08-02,1,2025-08-03,33.8,22.1,32.1,,,,,18.7,6.4,26.01,0.1,0.0
鲁中参考点,gfs_seamless,2025-08-01,2,2025-08-03,33.1,22.4,31.9,,,,,12.6,15.1,26.24,0.0,0.0
鲁中参考点,gfs_seamless,2025-07-31,3,2025-08-03,32.8,21.9,31.4,,,,,20.2,10.2,25.83,0.0,0.0
鲁中参考点,gfs_seamless,2025-07-30,4,2025-08-03,33.5,23.3,32.3,,,,,17.6,46.7,26.1,0.0,0.0
鲁中参考点,gfs_seamless,2025-07-29,5,2025-08-03,32.3,22.4,31.0,,,,,27.0,55.2,25.26,0.3,0.0
鲁中参考点,gfs_seamless,2025-07-28,6,2025-08-03,35.3,21.5,31.6,,,,,18.4,26.3,25.92,0.0,0.0
鲁中参考点,gfs_seamless,2025-07-27,7,2025-08-03,35.5,23.6,33.1,,,,,16.9,57.2,25.5,0.0,0.0
鲁中参考点,jma_seamless,2025-08-02,1,2025-08-03,30.5,24.9,33.1,,39.6,81.2,3.1,,18.8,,0.0,0.0
鲁中参考点,jma_seamless,2025-08-01,2,2025-08-03,31.2,23.9,32.8,,41.1,78.8,1.7,,12.3,,0.3,0.0
鲁中参考点,jma_seamless,2025-07-31,3,2025-08-03,30.9,23.9,32.3,,40.8,80.8,4.4,,28.9,,0.0,0.0
鲁中参考点,jma_seamless,2025-07-30,4,2025-08-03,28.5,24.0,30.7,,34.4,85.2,7.6,,55.6,,0.6,0.0
鲁中参考点,jma_seamless,2025-07-29,5,2025-08-03,26.7,23.1,29.5,,,92.6,10.4,,83.5,,9.0,0.0
鲁中参考点,jma_seamless,2025-07-28,6,2025-08-03,26.5,23.1,29.0,,,92.9,8.2,,74.5,,4.2,0.0
鲁中参考点,jma_seamless,2025-07-27,7,2025-08-03,26.8,22.6,29.5,,,92.8,6.1,,47.7,,3.6,0.0
鲁中参考点,ecmwf_ifs025,2025-08-03,1,2025-08-04,32.4,24.3,33.0,,,,,,,17.98,0.0,
鲁中参考点,ecmwf_ifs025,2025-08-02,2,2025-08-04,33.5,23.7,34.0,,,,,,,21.79,0.3,
鲁中参考点,ecmwf_ifs025,2025-08-01,3,2025-08-04,32.9,24.0,33.0,,,,,,,20.57,2.4,
鲁中参考点,ecmwf_ifs025,2025-07-31,4,2025-08-04,33.6,24.0,33.0,,,,,,,23.0,0.0,
鲁中参考点,ecmwf_ifs025,2025-07-30,5,2025-08-04,33.8,25.8,34.3,,,,,,,19.36,0.3,
鲁中参考点,ecmwf_ifs025,2025-07-29,6,2025-08-04,32.5,24.2,33.5,,,,,,,19.66,0.0,
鲁中参考点,ecmwf_ifs025,2025-07-28,7,2025-08-04,34.6,26.2,34.5,,,,,,,22.37,0.0,
鲁中参考点,gfs_seamless,2025-08-03,1,2025-08-04,31.6,24.6,32.0,,,,,12.6,58.3,17.37,0.0,0.0
鲁中参考点,gfs_seamless,2025-08-02,2,2025-08-04,34.6,24.9,33.4,,,,,16.6,93.9,18.95,1.9,0.0
鲁中参考点,gfs_seamless,2025-08-01,3,2025-08-04,33.5,25.1,33.2,,,,,21.2,62.3,24.13,4.7,0.0
鲁中参考点,gfs_seamless,2025-07-31,4,2025-08-04,31.8,23.9,32.1,,,,,14.0,72.4,23.62,0.0,0.0
鲁中参考点,gfs_seamless,2025-07-30,5,2025-08-04,33.8,23.2,32.8,,,,,23.4,46.0,26.06,0.0,0.0
鲁中参考点,gfs_seamless,2025-07-29,6,2025-08-04,33.1,22.9,32.7,,,,,14.4,36.3,21.47,0.8,0.0
鲁中参考点,gfs_seamless,2025-07-28,7,2025-08-04,36.2,25.2,34.1,,,,,23.0,33.5,26.06,0.0,0.0
鲁中参考点,jma_seamless,2025-08-03,1,2025-08-04,30.9,25.8,33.5,,41.9,83.7,3.8,,52.5,,4.8,0.0
鲁中参考点,jma_seamless,2025-08-02,2,2025-08-04,30.3,26.1,33.6,,38.2,78.8,4.4,,40.2,,0.3,0.0
鲁中参考点,jma_seamless,2025-08-01,3,2025-08-04,31.8,25.1,33.9,,42.7,77.7,4.0,,27.9,,0.0,0.0
鲁中参考点,jma_seamless,2025-07-31,4,2025-08-04,32.6,24.4,33.0,,45.2,77.0,4.3,,26.7,,0.0,0.0
鲁中参考点,jma_seamless,2025-07-30,5,2025-08-04,32.8,24.9,33.7,,46.3,77.8,2.5,,22.0,,0.3,0.0
鲁中参考点,jma_seamless,2025-07-29,6,2025-08-04,29.7,23.1,32.4,,38.9,87.8,3.1,,36.1,,1.8,0.0
鲁中参考点,jma_seamless,2025-07-28,7,2025-08-04,32.7,23.1,32.3,,46.6,79.2,2.7,,17.4,,0.0,0.0
鲁中参考点,ecmwf_ifs025,2025-08-04,1,2025-08-05,33.5,26.2,33.8,,,,,,,15.42,0.0,
鲁中参考点,ecmwf_ifs025,2025-08-03,2,2025-08-05,34.6,26.3,33.9,,,,,,,14.87,0.0,
鲁中参考点,ecmwf_ifs025,2025-08-02,3,2025-08-05,33.5,26.1,34.0,,,,,,,14.62,3.6,
鲁中参考点,ecmwf_ifs025,2025-08-01,4,2025-08-05,32.1,25.5,33.6,,,,,,,15.56,7.2,
鲁中参考点,ecmwf_ifs025,2025-07-31,5,2025-08-05,35.2,25.3,34.9,,,,,,,16.01,5.1,
鲁中参考点,ecmwf_ifs025,2025-07-30,6,2025-08-05,34.6,25.5,35.5,,,,,,,20.62,0.0,
鲁中参考点,ecmwf_ifs025,2025-07-29,7,2025-08-05,36.2,26.3,36.6,,,,,,,21.26,0.0,
鲁中参考点,gfs_seamless,2025-08-04,1,2025-08-05,32.4,24.1,32.9,,,,,32.4,63.4,22.51,19.2,0.0
鲁中参考点,gfs_seamless,2025-08-03,2,2025-08-05,32.4,24.6,31.8,,,,,15.1,95.4,12.67,35.1,0.0
鲁中参考点,gfs_seamless,2025-08-02,3,2025-08-05,29.2,23.7,31.1,,,,,18.7,92.2,11.17,10.9,0.0
鲁中参考点,gfs_seamless,2025-08-01,4,2025-08-05,29.2,23.7,30.8,,,,,20.2,96.4,10.2,4.6,0.0
鲁中参考点,gfs_seamless,2025-07-31,5,2025-08-05,34.5,24.9,34.3,,,,,24.1,86.7,20.12,1.4,0.0
鲁中参考点,gfs_seamless,2025-07-30,6,2025-08-05,35.2,24.1,33.7,,,,,14.8,65.4,22.24,0.8,0.0
鲁中参考点,gfs_seamless,2025-07-29,7,2025-08-05,34.2,24.5,33.8,,,,,22.0,66.3,19.65,0.5,0.0
鲁中参考点,jma_seamless,2025-08-04,1,2025-08-05,31.4,26.2,34.2,,44.1,84.8,6.5,,69.4,,10.2,0.0
鲁中参考点,jma_seamless,2025-08-03,2,2025-08-05,30.9,26.7,33.9,,41.1,81.6,5.9,,83.6,,6.9,0.0
鲁中参考点,jma_seamless,2025-08-02,3,2025-08-05,30.0,27.2,34.5,,38.0,81.0,5.3,,76.2,,5.1,0.0
鲁中参考点,jma_seamless,2025-08-01,4,2025-08-05,32.5,27.6,35.1,,43.8,74.5,7.5,,39.2,,2.4,0.0
鲁中参考点,jma_seamless,2025-07-31,5,2025-08-05,33.9,27.6,34.9,,46.0,69.1,9.5,,66.4,,0.0,0.0
鲁中参考点,jma_seamless,2025-07-30,6,2025-08-05,35.6,26.4,35.2,,51.4,68.1,8.7,,21.6,,0.0,0.0
鲁中参考点,jma_seamless,2025-07-29,7,2025-08-05,32.8,26.2,34.7,,45.7,76.6,5.7,,25.7,,0.0,0.0
鲁中参考点,ecmwf_ifs025,2025-08-05,1,2025-08-06,31.1,23.8,33.5,,,,,,,22.46,3.6,
鲁中参考点,ecmwf_ifs025,2025-08-04,2,2025-08-06,30.8,23.5,32.7,,,,,,,20.02,17.1,
鲁中参考点,ecmwf_ifs025,2025-08-03,3,2025-08-06,32.3,24.5,33.7,,,,,,,18.91,12.3,
鲁中参考点,ecmwf_ifs025,2025-08-02,4,2025-08-06,31.5,24.9,33.0,,,,,,,23.54,3.9,
鲁中参考点,ecmwf_ifs025,2025-08-01,5,2025-08-06,29.5,23.5,31.2,,,,,,,9.39,47.1,
鲁中参考点,ecmwf_ifs025,2025-07-31,6,2025-08-06,30.9,25.4,32.9,,,,,,,21.04,0.9,
鲁中参考点,ecmwf_ifs025,2025-07-30,7,2025-08-06,32.8,26.4,33.4,,,,,,,22.56,1.5,
鲁中参考点,gfs_seamless,2025-08-05,1,2025-08-06,35.1,25.0,33.3,,,,,15.5,95.1,12.13,8.4,0.0
鲁中参考点,gfs_seamless,2025-08-04,2,2025-08-06,32.0,24.4,32.9,,,,,20.5,94.2,17.12,8.9,0.0
鲁中参考点,gfs_seamless,2025-08-03,3,2025-08-06,32.8,23.0,32.4,,,,,18.4,67.0,25.86,0.0,0.0
鲁中参考点,gfs_seamless,2025-08-02,4,2025-08-06,33.1,21.6,31.0,,,,,10.1,55.0,26.44,0.0,0.0
鲁中参考点,gfs_seamless,2025-08-01,5,2025-08-06,33.5,21.5,31.9,,,,,11.9,30.0,26.44,0.6,0.0
鲁中参考点,gfs_seamless,2025-07-31,6,2025-08-06,31.4,23.4,31.8,,,,,25.6,82.6,8.32,0.6,0.0
鲁中参考点,gfs_seamless,2025-07-30,7,2025-08-06,31.6,22.8,31.2,,,,,21.2,70.8,22.26,0.8,0.0
鲁中参考点,jma_seamless,2025-08-05,1,2025-08-06,31.3,25.1,33.7,,42.8,82.3,3.5,,43.0,,7.2,0.0
鲁中参考点,jma_seamless,2025-08-04,2,2025-08-06,31.0,26.3,34.3,,42.4,84.1,4.5,,31.8,,11.7,0.0
鲁中参考点,jma_seamless,2025-08-03,3,2025-08-06,29.8,26.1,34.2,,38.3,84.5,4.2,,61.8,,16.5,0.0
鲁中参考点,jma_seamless,2025-08-02,4,2025-08-06,28.6,26.1,33.5,,34.5,84.2,4.1,,69.4,,20.4,0.0
鲁中参考点,jma_seamless,2025-08-01,5,2025-08-06,29.9,27.1,35.2,,37.7,81.3,7.1,,61.3,,13.8,0.0
鲁中参考点,jma_seamless,2025-07-31,6,2025-08-06,30.9,24.9,34.9,,40.5,80.0,6.6,,49.9,,9.0,0.0
鲁中参考点,jma_seamless,2025-07-30,7,2025-08-06,32.6,28.2,36.5,,44.2,74.8,5.6,,51.3,,1.5,0.0
鲁中参考点,ecmwf_ifs025,2025-08-06,1,2025-08-07,34.1,23.3,32.7,,,,,,,23.93,0.0,
鲁中参考点,ecmwf_ifs025,2025-08-05,2,2025-08-07,31.9,22.6,31.6,,,,,,,23.09,0.0,
鲁中参考点,ecmwf_ifs025,2025-08-04,3,2025-08-07,29.8,23.2,31.1,,,,,,,21.68,0.9,
鲁中参考点,ecmwf_ifs025,2025-08-03,4,2025-08-07,30.2,21.8,29.1,,,,,,,22.6,0.6,
鲁中参考点,ecmwf_ifs025,2025-08-02,5,2025-08-07,31.0,21.0,29.4,,,,,,,22.83,0.3,
鲁中参考点,ecmwf_ifs025,2025-08-01,6,2025-08-07,29.0,20.5,29.1,,,,,,,23.21,0.3,
鲁中参考点,ecmwf_ifs025,2025-07-31,7,2025-08-07,31.5,20.7,28.8,,,,,,,24.55,0.0,
鲁中参考点,gfs_seamless,2025-08-06,1,2025-08-07,34.4,24.5,32.9,,,,,20.2,46.5,25.03,0.6,0.0
鲁中参考点,gfs_seamless,2025-08-05,2,2025-08-07,34.8,23.6,33.2,,,,,25.6,63.3,25.45,0.1,0.0
鲁中参考点,gfs_seamless,2025-08-04,3,2025-08-07,34.1,22.0,31.2,,,,,18.7,41.9,21.36,1.4,0.0
鲁中参考点,gfs_seamless,2025-08-03,4,2025-08-07,34.6,22.2,30.4,,,,,16.6,42.3,26.36,0.0,0.0
鲁中参考点,gfs_seamless,2025-08-02,5,2025-08-07,33.8,21.4,31.3,,,,,15.8,50.7,24.68,0.0,0.0
鲁中参考点,gfs_seamless,2025-08-01,6,2025-08-07,33.7,21.5,30.7,,,,,16.6,54.8,25.97,0.0,0.0
鲁中参考点,gfs_seamless,2025-07-31,7,2025-08-07,31.5,20.0,27.9,,,,,19.4,52.0,26.19,0.0,0.0
鲁中参考点,jma_seamless,2025-08-06,1,2025-08-07,31.3,23.8,32.8,,41.8,79.7,4.1,,13.4,,0.0,0.0
鲁中参考点,jma_seamless,2025-08-05,2,2025-08-07,30.7,25.0,32.1,,40.1,80.7,5.9,,43.1,,0.0,0.0
鲁中参考点,jma_seamless,2025-08-04,3,2025-08-07,29.7,23.5,31.1,,35.6,75.6,5.5,,34.8,,0.0,0.0
鲁中参考点,jma_seamless,2025-08-03,4,2025-08-07,32.9,23.4,30.2,,42.7,69.0,5.2,,11.4,,0.0,0.0
鲁中参考点,jma_seamless,2025-08-02,5,2025-08-07,29.3,22.1,29.7,,34.5,75.3,7.0,,30.2,,0.0,0.0
鲁中参考点,jma_seamless,2025-08-01,6,2025-08-07,30.8,24.0,31.5,,38.4,74.5,5.2,,18.2,,0.0,0.0
鲁中参考点,jma_seamless,2025-07-31,7,2025-08-07,31.6,23.9,33.4,,41.5,76.2,5.9,,28.5,,0.3,0.0
鲁中参考点,ecmwf_ifs025,2025-08-07,1,2025-08-08,34.4,24.1,32.8,,,,,,,20.57,0.9,
鲁中参考点,ecmwf_ifs025,2025-08-06,2,2025-08-08,34.6,21.2,31.8,,,,,,,20.81,0.6,
鲁中参考点,ecmwf_ifs025,2025-08-05,3,2025-08-08,32.2,20.8,30.6,,,,,,,21.16,4.8,
鲁中参考点,ecmwf_ifs025,2025-08-04,4,2025-08-08,29.4,19.6,27.9,,,,,,,20.1,0.0,
鲁中参考点,ecmwf_ifs025,2025-08-03,5,2025-08-08,31.4,18.5,27.3,,,,,,,19.54,0.0,
鲁中参考点,ecmwf_ifs025,2025-08-02,6,2025-08-08,32.7,19.4,28.5,,,,,,,14.44,0.0,
鲁中参考点,ecmwf_ifs025,2025-08-01,7,2025-08-08,29.4,19.2,28.6,,,,,,,16.7,0.3,
鲁中参考点,gfs_seamless,2025-08-07,1,2025-08-08,32.4,24.0,31.4,,,,,25.6,78.3,24.6,0.0,0.0
鲁中参考点,gfs_seamless,2025-08-06,2,2025-08-08,31.6,24.9,31.8,,,,,19.8,88.2,22.7,2.8,0.0
鲁中参考点,gfs_seamless,2025-08-05,3,2025-08-08,30.5,21.2,29.8,,,,,40.7,73.1,14.76,8.1,0.0
鲁中参考点,gfs_seamless,2025-08-04,4,2025-08-08,32.7,22.9,30.4,,,,,24.1,87.3,16.84,6.0,0.0
鲁中参考点,gfs_seamless,2025-08-03,5,2025-08-08,33.3,21.9,29.8,,,,,29.5,93.0,21.24,0.0,0.0
鲁中参考点,gfs_seamless,2025-08-02,6,2025-08-08,29.3,21.6,28.9,,,,,38.2,91.7,8.76,16.1,0.0
鲁中参考点,gfs_seamless,2025-08-01,7,2025-08-08,30.9,20.1,27.0,,,,,41.8,97.6,10.15,0.4,0.0
鲁中参考点,jma_seamless,2025-08-07,1,2025-08-08,28.0,25.6,32.1,,32.7,84.1,3.1,,51.4,,9.6,0.0
鲁中参考点,jma_seamless,2025-08-06,2,2025-08-08,31.4,23.9,32.6,,40.3,74.8,3.5,,45.8,,0.6,0.0
鲁中参考点,jma_seamless,2025-08-05,3,2025-08-08,30.1,21.4,29.4,,35.0,69.0,4.8,,66.2,,0.0,0.0
鲁中参考点,jma_seamless,2025-08-04,4,2025-08-08,29.2,22.9,28.4,,32.1,64.0,4.2,,68.5,,0.0,0.0
鲁中参考点,jma_seamless,2025-08-03,5,2025-08-08,30.3,19.9,27.6,,33.7,61.3,3.6,,56.3,,0.0,0.0
鲁中参考点,jma_seamless,2025-08-02,6,2025-08-08,30.1,23.5,28.4,,33.1,60.5,5.1,,30.6,,0.0,0.0
鲁中参考点,jma_seamless,2025-08-01,7,2025-08-08,31.1,22.0,30.0,,36.6,65.8,5.9,,47.9,,0.0,0.0
鲁中参考点,ecmwf_ifs025,2025-08-08,1,2025-08-09,26.0,22.1,27.8,,,,,,,10.65,20.7,
鲁中参考点,ecmwf_ifs025,2025-08-07,2,2025-08-09,26.7,21.8,28.7,,,,,,,8.97,24.9,
鲁中参考点,ecmwf_ifs025,2025-08-06,3,2025-08-09,26.2,19.4,25.7,,,,,,,11.33,39.9,
鲁中参考点,ecmwf_ifs025,2025-08-05,4,2025-08-09,26.3,20.2,26.1,,,,,,,15.94,25.2,
鲁中参考点,ecmwf_ifs025,2025-08-04,5,2025-08-09,28.8,23.5,28.9,,,,,,,14.3,0.9,
鲁中参考点,ecmwf_ifs025,2025-08-03,6,2025-08-09,24.4,20.6,25.3,,,,,,,7.62,14.1,
鲁中参考点,ecmwf_ifs025,2025-08-02,7,2025-08-09,26.7,19.6,26.1,,,,,,,13.8,29.7,
鲁中参考点,gfs_seamless,2025-08-08,1,2025-08-09,25.2,21.3,26.2,,,,,31.0,100.0,3.09,13.4,0.0
鲁中参考点,gfs_seamless,2025-08-07,2,2025-08-09,25.7,19.9,26.9,,,,,29.9,100.0,1.51,8.5,0.0
鲁中参考点,gfs_seamless,2025-08-06,3,2025-08-09,23.9,21.3,26.8,,,,,39.2,83.6,2.17,26.9,0.0
鲁中参考点,gfs_seamless,2025-08-05,4,2025-08-09,27.9,20.5,26.4,,,,,19.4,73.7,12.78,5.2,0.0
鲁中参考点,gfs_seamless,2025-08-04,5,2025-08-09,27.5,21.7,26.8,,,,,26.6,75.8,12.96,1.0,0.0
鲁中参考点,gfs_seamless,2025-08-03,6,2025-08-09,30.4,19.1,27.1,,,,,52.9,75.1,6.7,34.1,0.0
鲁中参考点,gfs_seamless,2025-08-02,7,2025-08-09,27.9,20.2,27.2,,,,,39.2,74.0,12.93,7.4,0.0
鲁中参考点,jma_seamless,2025-08-08,1,2025-08-09,25.5,22.7,27.8,,,88.9,9.2,,80.9,,24.0,0.0
鲁中参考点,jma_seamless,2025-08-07,2,2025-08-09,26.6,21.7,26.2,,,81.8,7.9,,93.7,,7.2,0.0
鲁中参考点,jma_seamless,2025-08-06,3,2025-08-09,26.2,22.3,27.7,,,85.5,7.4,,96.0,,20.1,0.0
鲁中参考点,jma_seamless,2025-08-05,4,2025-08-09,28.0,21.2,28.0,,31.6,76.5,4.6,,82.4,,1.8,0.0
鲁中参考点,jma_seamless,2025-08-04,5,2025-08-09,29.7,21.9,27.7,,33.5,66.0,5.8,,72.7,,0.0,0.0
鲁中参考点,jma_seamless,2025-08-03,6,2025-08-09,25.2,21.5,25.8,,,75.0,6.9,,75.8,,4.8,0.0
鲁中参考点,jma_seamless,2025-08-02,7,2025-08-09,27.2,23.3,29.1,,30.8,85.4,10.4,,93.2,,15.3,0.0
鲁中参考点,ecmwf_ifs025,2025-08-09,1,2025-08-10,28.1,21.0,26.6,,,,,,,21.27,0.0,
鲁中参考点,ecmwf_ifs025,2025-08-08,2,2025-08-10,28.1,21.0,26.9,,,,,,,18.78,0.6,
鲁中参考点,ecmwf_ifs025,2025-08-07,3,2025-08-10,27.4,21.4,27.0,,,,,,,17.55,1.5,
鲁中参考点,ecmwf_ifs025,2025-08-06,4,2025-08-10,28.4,20.3,28.1,,,,,,,24.78,0.0,
鲁中参考点,ecmwf_ifs025,2025-08-05,5,2025-08-10,27.7,19.5,27.3,,,,,,,20.03,0.3,
鲁中参考点,ecmwf_ifs025,2025-08-04,6,2025-08-10,30.7,22.5,29.5,,,,,,,22.4,3.6,
鲁中参考点,ecmwf_ifs025,2025-08-03,7,2025-08-10,28.1,18.7,26.9,,,,,,,24.71,0.0,
鲁中参考点,gfs_seamless,2025-08-09,1,2025-08-10,28.1,19.5,26.1,,,,,19.1,90.4,21.17,0.0,0.0
鲁中参考点,gfs_seamless,2025-08-08,2,2025-08-10,27.9,20.1,26.5,,,,,18.4,77.6,22.55,0.0,0.0
鲁中参考点,gfs_seamless,2025-08-07,3,2025-08-10,28.0,20.5,27.3,,,,,28.1,67.0,20.36,0.2,0.0
鲁中参考点,gfs_seamless,2025-08-06,4,2025-08-10,28.4,20.0,26.3,,,,,21.6,26.3,26.26,0.0,0.0
鲁中参考点,gfs_seamless,2025-08-05,5,2025-08-10,29.2,19.5,27.2,,,,,13.0,32.0,24.33,0.0,0.0
鲁中参考点,gfs_seamless,2025-08-04,6,2025-08-10,29.1,18.9,27.5,,,,,25.9,32.6,25.71,0.0,0.0
鲁中参考点,gfs_seamless,2025-08-03,7,2025-08-10,31.5,20.3,26.3,,,,,31.0,62.9,9.85,0.2,0.0
鲁中参考点,jma_seamless,2025-08-09,1,2025-08-10,28.2,21.6,27.6,,32.2,77.8,5.0,,54.5,,0.0,0.0
鲁中参考点,jma_seamless,2025-08-08,2,2025-08-10,28.0,22.1,27.5,,31.0,72.6,6.0,,83.5,,0.0,0.0
鲁中参考点,jma_seamless,2025-08-07,3,2025-08-10,25.0,21.3,26.4,,,81.9,5.0,,92.4,,0.6,0.0
鲁中参考点,jma_seamless,2025-08-06,4,2025-08-10,27.9,21.5,26.9,,31.8,79.5,6.4,,72.3,,0.6,0.0
鲁中参考点,jma_seamless,2025-08-05,5,2025-08-10,27.9,22.0,28.8,,32.0,80.8,5.2,,74.6,,0.0,0.0
鲁中参考点,jma_seamless,2025-08-04,6,2025-08-10,30.1,20.6,28.8,,36.1,73.3,4.6,,66.3,,1.8,0.0
鲁中参考点,jma_seamless,2025-08-03,7,2025-08-10,27.3,21.8,27.7,,30.9,84.5,5.9,,74.2,,0.9,0.0
鲁中参考点,ecmwf_ifs025,2025-08-10,1,2025-08-11,30.5,20.6,27.9,,,,,,,21.26,0.0,
鲁中参考点,ecmwf_ifs025,2025-08-09,2,2025-08-11,30.0,20.4,28.0,,,,,,,21.48,0.0,
鲁中参考点,ecmwf_ifs025,2025-08-08,3,2025-08-11,30.1,20.1,28.4,,,,,,,21.43,0.0,
鲁中参考点,ecmwf_ifs025,2025-08-07,4,2025-08-11,30.3,18.3,28.5,,,,,,,24.49,0.0,
鲁中参考点,ecmwf_ifs025,2025-08-06,5,2025-08-11,30.8,22.8,29.9,,,,,,,24.48,0.0,
鲁中参考点,ecmwf_ifs025,2025-08-05,6,2025-08-11,28.1,22.2,28.4,,,,,,,14.63,15.0,
鲁中参考点,ecmwf_ifs025,2025-08-04,7,2025-08-11,31.6,22.0,28.0,,,,,,,19.35,0.3,
鲁中参考点,gfs_seamless,2025-08-10,1,2025-08-11,30.4,21.5,28.1,,,,,18.7,34.8,26.04,0.0,0.0
鲁中参考点,gfs_seamless,2025-08-09,2,2025-08-11,30.2,20.3,27.9,,,,,15.5,37.4,25.96,0.0,0.0
鲁中参考点,gfs_seamless,2025-08-08,3,2025-08-11,30.0,19.2,27.3,,,,,14.0,15.0,25.77,0.0,0.0
鲁中参考点,gfs_seamless,2025-08-07,4,2025-08-11,30.5,19.1,27.4,,,,,14.4,4.9,26.26,0.0,0.0
鲁中参考点,gfs_seamless,2025-08-06,5,2025-08-11,30.5,18.8,26.4,,,,,14.0,1.9,26.55,0.0,0.0
鲁中参考点,gfs_seamless,2025-08-05,6,2025-08-11,30.1,19.3,27.4,,,,,23.4,56.2,19.17,5.1,0.0
鲁中参考点,gfs_seamless,2025-08-04,7,2025-08-11,25.9,20.4,25.6,,,,,12.6,89.2,5.04,16.7,0.0
鲁中参考点,jma_seamless,2025-08-10,1,2025-08-11,29.1,21.9,28.9,,34.2,76.2,5.2,,23.0,,0.0,0.0
鲁中参考点,jma_seamless,2025-08-09,2,2025-08-11,29.7,23.9,29.2,,34.1,68.9,4.9,,22.0,,0.0,0.0
鲁中参考点,jma_seamless,2025-08-08,3,2025-08-11,27.6,21.9,27.3,,30.2,72.4,4.6,,34.8,,0.3,0.0
鲁中参考点,jma_seamless,2025-08-07,4,2025-08-11,26.8,20.8,27.3,,,80.4,3.9,,38.1,,0.6,0.0
鲁中参考点,jma_seamless,2025-08-06,5,2025-08-11,29.8,21.5,28.5,,36.2,76.8,2.5,,16.2,,0.0,0.0
鲁中参考点,jma_seamless,2025-08-05,6,2025-08-11,27.4,23.4,30.8,,31.5,86.6,3.6,,72.5,,1.8,0.0
鲁中参考点,jma_seamless,2025-08-04,7,2025-08-11,24.3,21.2,26.6,,,88.9,5.8,,75.7,,4.8,0.0
鲁中参考点,ecmwf_ifs025,2025-08-11,1,2025-08-12,31.8,20.9,28.3,,,,,,,22.6,0.0,
鲁中参考点,ecmwf_ifs025,2025-08-10,2,2025-08-12,32.0,21.8,29.5,,,,,,,23.28,0.0,
鲁中参考点,ecmwf_ifs025,2025-08-09,3,2025-08-12,32.1,21.6,29.5,,,,,,,22.13,0.0,
鲁中参考点,ecmwf_ifs025,2025-08-08,4,2025-08-12,31.2,22.1,29.8,,,,,,,24.06,0.0,
鲁中参考点,ecmwf_ifs025,2025-08-07,5,2025-08-12,32.4,21.4,29.8,,,,,,,23.93,0.0,
鲁中参考点,ecmwf_ifs025,2025-08-06,6,2025-08-12,30.6,22.4,29.4,,,,,,,23.08,0.0,
鲁中参考点,ecmwf_ifs025,2025-08-05,7,2025-08-12,25.7,21.1,26.4,,,,,,,11.87,0.0,
鲁中参考点,gfs_seamless,2025-08-11,1,2025-08-12,28.3,20.3,27.3,,,,,14.4,40.1,16.57,0.0,0.0
鲁中参考点,gfs_seamless,2025-08-10,2,2025-08-12,30.2,20.1,27.2,,,,,27.4,22.8,25.96,0.0,0.0
鲁中参考点,gfs_seamless,2025-08-09,3,2025-08-12,31.3,20.3,29.0,,,,,25.6,65.2,24.79,0.3,0.0
鲁中参考点,gfs_seamless,2025-08-08,4,2025-08-12,30.5,20.9,28.0,,,,,33.5,0.0,25.95,0.0,0.0
鲁中参考点,gfs_seamless,2025-08-07,5,2025-08-12,31.2,19.5,28.0,,,,,23.8,28.1,26.09,0.0,0.0
鲁中参考点,gfs_seamless,2025-08-06,6,2025-08-12,31.6,21.1,29.1,,,,,14.8,44.5,25.03,0.0,0.0
鲁中参考点,gfs_seamless,2025-08-05,7,2025-08-12,31.3,20.5,28.2,,,,,31.3,92.0,9.99,0.3,0.0
鲁中参考点,jma_seamless,2025-08-11,1,2025-08-12,29.8,23.0,29.3,,35.6,74.5,6.1,,44.4,,0.0,0.0
鲁中参考点,jma_seamless,2025-08-10,2,2025-08-12,30.0,23.6,29.4,,36.2,74.8,8.2,,31.5,,0.0,0.0
鲁中参考点,jma_seamless,2025-08-09,3,2025-08-12,30.2,19.9,28.6,,36.0,72.0,6.3,,10.9,,0.0,0.0
鲁中参考点,jma_seamless,2025-08-08,4,2025-08-12,29.1,18.0,25.8,,32.7,68.5,5.2,,22.0,,0.0,0.0
鲁中参考点,jma_seamless,2025-08-07,5,2025-08-12,29.5,20.8,28.4,,35.2,76.1,6.2,,14.6,,0.0,0.0
鲁中参考点,jma_seamless,2025-08-06,6,2025-08-12,29.6,23.4,30.1,,36.9,81.7,7.7,,40.7,,0.0,0.0
鲁中参考点,jma_seamless,2025-08-05,7,2025-08-12,30.5,22.4,31.1,,38.5,77.8,3.9,,82.7,,0.0,0.0
鲁中参考点,ecmwf_ifs025,2025-08-12,1,2025-08-13,33.5,21.6,29.4,,,,,,30.1,18.5,0.3,
鲁中参考点,ecmwf_ifs025,2025-08-11,2,2025-08-13,31.0,21.7,29.1,,,,,,31.1,18.5,0.0,
鲁中参考点,ecmwf_ifs025,2025-08-10,3,2025-08-13,32.9,22.0,30.1,,,,,,21.4,20.71,0.0,
鲁中参考点,ecmwf_ifs025,2025-08-09,4,2025-08-13,32.9,21.7,31.0,,,,,,20.3,23.93,0.0,
鲁中参考点,ecmwf_ifs025,2025-08-08,5,2025-08-13,31.8,21.7,29.7,,,,,,16.3,24.61,0.0,
鲁中参考点,ecmwf_ifs025,2025-08-07,6,2025-08-13,31.3,21.4,29.5,,,,,,18.0,22.61,0.0,
鲁中参考点,ecmwf_ifs025,2025-08-06,7,2025-08-13,30.6,21.3,28.7,,,,,,14.8,23.84,0.0,
鲁中参考点,gfs_seamless,2025-08-12,1,2025-08-13,27.5,20.1,26.5,,,,,11.5,22.2,,,0.0
鲁中参考点,gfs_seamless,2025-08-11,2,2025-08-13,28.7,20.6,26.9,,,,,10.1,42.5,,,0.0
鲁中参考点,gfs_seamless,2025-08-10,3,2025-08-13,28.6,18.6,26.2,,,,,15.1,11.0,,,0.0
鲁中参考点,gfs_seamless,2025-08-09,4,2025-08-13,29.2,18.6,26.2,,,,,17.3,16.5,,,0.0
鲁中参考点,gfs_seamless,2025-08-08,5,2025-08-13,29.4,20.6,28.3,,,,,20.9,30.6,,,0.0
鲁中参考点,gfs_seamless,2025-08-07,6,2025-08-13,31.6,23.1,29.3,,,,,24.5,72.2,,,0.0
鲁中参考点,gfs_seamless,2025-08-06,7,2025-08-13,31.0,22.3,27.6,,,,,13.0,98.5,,,0.0
鲁中参考点,jma_seamless,2025-08-12,1,2025-08-13,30.1,22.5,29.9,,36.3,73.8,2.5,,38.9,,0.0,
鲁中参考点,jma_seamless,2025-08-11,2,2025-08-13,30.8,22.9,29.8,,36.8,69.0,4.0,,23.6,,0.0,
鲁中参考点,jma_seamless,2025-08-10,3,2025-08-13,28.9,24.2,29.6,,33.4,75.0,7.2,,25.4,,0.0,
鲁中参考点,jma_seamless,2025-08-09,4,2025-08-13,30.1,22.8,29.3,,37.1,77.0,6.7,,53.0,,0.0,
鲁中参考点,jma_seamless,2025-08-08,5,2025-08-13,28.1,22.7,28.7,,31.4,73.5,6.3,,67.4,,0.0,
鲁中参考点,jma_seamless,2025-08-07,6,2025-08-13,29.6,22.3,29.4,,36.3,79.3,6.4,,28.6,,0.0,
鲁中参考点,jma_seamless,2025-08-06,7,2025-08-13,29.5,24.2,29.8,,35.2,75.9,9.0,,48.1,,0.0,
鲁中参考点,ecmwf_ifs025,2025-08-13,1,2025-08-14,34.6,23.0,31.2,,,,,,51.3,22.23,0.6,
鲁中参考点,ecmwf_ifs025,2025-08-12,2,2025-08-14,32.0,21.4,30.1,,,,,,54.2,14.67,1.2,
鲁中参考点,ecmwf_ifs025,2025-08-11,3,2025-08-14,31.4,21.4,29.7,,,,,,52.1,19.7,0.3,
鲁中参考点,ecmwf_ifs025,2025-08-10,4,2025-08-14,31.4,22.5,30.3,,,,,,54.6,15.1,0.0,
鲁中参考点,ecmwf_ifs025,2025-08-09,5,2025-08-14,31.8,21.3,29.7,,,,,,56.5,11.49,0.0,
鲁中参考点,ecmwf_ifs025,2025-08-08,6,2025-08-14,27.4,23.4,29.1,,,,,,80.0,10.65,4.8,
鲁中参考点,ecmwf_ifs025,2025-08-07,7,2025-08-14,26.2,19.5,28.2,,,,,,56.5,5.26,8.7,
鲁中参考点,gfs_seamless,2025-08-13,1,2025-08-14,23.5,22.8,27.2,,,,,19.1,55.7,,,0.0
鲁中参考点,gfs_seamless,2025-08-12,2,2025-08-14,24.1,23.0,27.5,,,,,14.8,60.5,,,0.0
鲁中参考点,gfs_seamless,2025-08-11,3,2025-08-14,22.4,22.0,25.2,,,,,19.1,78.2,,,0.0
鲁中参考点,gfs_seamless,2025-08-10,4,2025-08-14,24.4,23.0,27.4,,,,,19.8,57.4,,,0.0
鲁中参考点,gfs_seamless,2025-08-09,5,2025-08-14,24.9,22.2,24.1,,,,,19.8,25.2,,,0.0
鲁中参考点,gfs_seamless,2025-08-08,6,2025-08-14,24.0,23.6,26.5,,,,,18.4,99.3,,,0.0
鲁中参考点,gfs_seamless,2025-08-07,7,2025-08-14,24.4,23.1,27.5,,,,,17.3,93.6,,,0.0
鲁中参考点,jma_seamless,2025-08-13,1,2025-08-14,30.0,23.9,31.1,,36.2,74.7,4.2,,69.0,,0.0,
鲁中参考点,jma_seamless,2025-08-12,2,2025-08-14,30.9,24.0,31.7,,39.1,75.7,3.6,,50.0,,0.0,
鲁中参考点,jma_seamless,2025-08-11,3,2025-08-14,31.6,23.1,31.9,,40.8,74.5,3.7,,46.5,,0.0,
鲁中参考点,jma_seamless,2025-08-10,4,2025-08-14,31.4,23.4,31.3,,41.7,78.5,4.2,,53.8,,0.6,
鲁中参考点,jma_seamless,2025-08-09,5,2025-08-14,30.3,23.8,31.4,,37.5,76.3,3.1,,35.1,,0.3,
鲁中参考点,jma_seamless,2025-08-08,6,2025-08-14,29.9,23.9,30.8,,37.2,79.3,4.5,,44.0,,0.0,
鲁中参考点,jma_seamless,2025-08-07,7,2025-08-14,28.0,23.8,29.9,,31.9,78.9,5.7,,64.5,,0.0,
鲁中参考点,ecmwf_ifs025,2025-08-14,1,2025-08-15,33.2,23.9,30.2,,,,,,60.5,14.59,11.7,
鲁中参考点,ecmwf_ifs025,2025-08-13,2,2025-08-15,33.1,24.9,31.9,,,,,,76.6,15.43,3.0,
鲁中参考点,ecmwf_ifs025,2025-08-12,3,2025-08-15,34.2,23.3,31.5,,,,,,64.0,16.31,6.9,
鲁中参考点,ecmwf_ifs025,2025-08-11,4,2025-08-15,34.5,24.6,32.9,,,,,,23.8,19.52,0.6,
鲁中参考点,ecmwf_ifs025,2025-08-10,5,2025-08-15,30.1,23.8,31.0,,,,,,62.1,12.0,10.2,
鲁中参考点,ecmwf_ifs025,2025-08-09,6,2025-08-15,29.8,22.8,29.7,,,,,,87.4,9.21,15.0,
鲁中参考点,ecmwf_ifs025,2025-08-08,7,2025-08-15,29.7,24.1,30.3,,,,,,59.8,15.99,2.7,
鲁中参考点,jma_seamless,2025-08-14,1,2025-08-15,28.8,25.3,31.8,,34.8,83.0,7.5,,51.3,,3.6,
鲁中参考点,jma_seamless,2025-08-13,2,2025-08-15,28.6,25.3,32.0,,34.4,83.8,6.6,,53.6,,3.6,
鲁中参考点,jma_seamless,2025-08-12,3,2025-08-15,28.8,25.8,32.4,,35.1,84.2,6.4,,57.3,,4.2,
鲁中参考点,jma_seamless,2025-08-11,4,2025-08-15,30.6,24.9,33.1,,41.2,84.8,4.6,,62.3,,3.6,
鲁中参考点,jma_seamless,2025-08-10,5,2025-08-15,28.0,24.8,32.1,,33.0,85.6,3.4,,62.4,,6.3,
鲁中参考点,jma_seamless,2025-08-09,6,2025-08-15,27.7,25.1,31.9,,32.4,87.5,3.9,,51.5,,15.0,
鲁中参考点,jma_seamless,2025-08-08,7,2025-08-15,28.8,24.3,31.1,,34.7,82.4,6.6,,54.8,,0.0,
鲁中参考点,ecmwf_ifs025,2025-08-15,1,2025-08-16,32.4,22.9,30.4,,,,,,36.9,19.4,7.2,
鲁中参考点,ecmwf_ifs025,2025-08-14,2,2025-08-16,32.8,23.7,31.9,,,,,,27.3,21.99,2.7,
鲁中参考点,ecmwf_ifs025,2025-08-13,3,2025-08-16,33.6,24.3,32.7,,,,,,29.3,21.96,0.3,
鲁中参考点,ecmwf_ifs025,2025-08-12,4,2025-08-16,33.8,25.0,33.5,,,,,,26.2,22.16,0.6,
鲁中参考点,ecmwf_ifs025,2025-08-11,5,2025-08-16,34.5,25.4,33.0,,,,,,47.4,19.84,0.3,
鲁中参考点,ecmwf_ifs025,2025-08-10,6,2025-08-16,30.4,23.5,30.8,,,,,,47.9,15.03,5.7,
鲁中参考点,ecmwf_ifs025,2025-08-09,7,2025-08-16,27.5,24.2,29.5,,,,,,72.3,13.94,3.6,
鲁中参考点,jma_seamless,2025-08-15,1,2025-08-16,31.3,25.4,32.7,,43.2,83.3,7.2,,59.5,,3.6,
鲁中参考点,jma_seamless,2025-08-14,2,2025-08-16,32.1,25.7,33.2,,43.7,77.6,8.7,,61.5,,0.0,
鲁中参考点,jma_seamless,2025-08-13,3,2025-08-16,32.8,26.0,33.5,,45.7,76.5,7.5,,41.3,,0.0,
鲁中参考点,jma_seamless,2025-08-12,4,2025-08-16,32.6,26.0,33.6,,45.4,77.4,7.5,,21.4,,0.0,
鲁中参考点,jma_seamless,2025-08-11,5,2025-08-16,33.2,25.8,33.8,,47.5,77.2,8.5,,34.5,,0.6,
鲁中参考点,jma_seamless,2025-08-10,6,2025-08-16,31.4,24.7,33.0,,42.7,81.1,4.7,,50.7,,1.2,
鲁中参考点,jma_seamless,2025-08-09,7,2025-08-16,31.2,25.4,32.9,,41.2,78.9,6.3,,47.5,,0.0,
鲁中参考点,ecmwf_ifs025,2025-08-16,1,2025-08-17,28.9,23.1,30.3,,,,,,33.5,15.64,13.5,
鲁中参考点,ecmwf_ifs025,2025-08-15,2,2025-08-17,33.3,25.7,32.4,,,,,,40.5,19.75,0.0,
鲁中参考点,ecmwf_ifs025,2025-08-14,3,2025-08-17,33.8,25.6,32.7,,,,,,38.7,19.42,0.0,
鲁中参考点,ecmwf_ifs025,2025-08-13,4,2025-08-17,35.2,26.0,33.2,,,,,,15.2,22.19,0.0,
鲁中参考点,ecmwf_ifs025,2025-08-12,5,2025-08-17,35.2,25.5,33.5,,,,,,42.7,21.11,0.0,
鲁中参考点,ecmwf_ifs025,2025-08-11,6,2025-08-17,34.8,25.8,32.4,,,,,,11.3,21.51,0.0,
鲁中参考点,ecmwf_ifs025,2025-08-10,7,2025-08-17,29.0,24.3,30.2,,,,,,49.4,11.56,13.8,
鲁中参考点,jma_seamless,2025-08-16,1,2025-08-17,30.8,25.9,33.1,,41.1,82.7,7.3,,49.6,,6.3,
鲁中参考点,jma_seamless,2025-08-15,2,2025-08-17,32.8,26.8,33.4,,44.2,73.2,9.4,,38.2,,0.6,
鲁中参考点,jma_seamless,2025-08-14,3,2025-08-17,32.9,26.7,33.2,,44.1,72.2,9.8,,16.9,,0.0,
鲁中参考点,jma_seamless,2025-08-13,4,2025-08-17,32.4,26.7,33.3,,42.6,72.5,8.5,,4.3,,0.0,
鲁中参考点,jma_seamless,2025-08-12,5,2025-08-17,33.1,26.6,33.1,,44.9,72.4,10.5,,10.7,,0.0,
鲁中参考点,jma_seamless,2025-08-11,6,2025-08-17,33.0,27.3,33.4,,42.4,67.5,9.6,,34.8,,0.0,
鲁中参考点,jma_seamless,2025-08-10,7,2025-08-17,32.8,25.9,33.3,,45.7,76.4,9.2,,30.0,,0.6,
鲁中参考点,ecmwf_ifs025,2025-08-17,1,2025-08-18,31.9,23.9,32.4,,,,,,31.6,18.19,0.0,
鲁中参考点,ecmwf_ifs025,2025-08-16,2,2025-08-18,32.1,25.1,32.8,,,,,,35.6,22.06,0.0,
鲁中参考点,ecmwf_ifs025,2025-08-15,3,2025-08-18,34.8,25.9,32.8,,,,,,30.0,22.13,0.0,
鲁中参考点,ecmwf_ifs025,2025-08-14,4,2025-08-18,35.2,25.5,33.0,,,,,,14.1,23.34,0.0,
鲁中参考点,ecmwf_ifs025,2025-08-13,5,2025-08-18,35.8,24.5,32.4,,,,,,17.1,23.59,0.0,
鲁中参考点,ecmwf_ifs025,2025-08-12,6,2025-08-18,36.1,25.1,32.8,,,,,,9.2,21.93,0.0,
鲁中参考点,ecmwf_ifs025,2025-08-11,7,2025-08-18,35.6,25.9,32.5,,,,,,21.9,22.46,0.0,
鲁中参考点,jma_seamless,2025-08-17,1,2025-08-18,31.0,25.7,33.6,,40.9,80.2,6.0,,34.9,,1.5,
鲁中参考点,jma_seamless,2025-08-16,2,2025-08-18,34.0,26.3,33.7,,46.8,70.0,9.0,,28.2,,0.0,
鲁中参考点,jma_seamless,2025-08-15,3,2025-08-18,32.7,26.1,32.7,,43.6,72.6,11.6,,12.8,,0.0,
鲁中参考点,jma_seamless,2025-08-14,4,2025-08-18,32.4,26.1,32.9,,44.0,75.8,11.4,,23.3,,0.0,
鲁中参考点,jma_seamless,2025-08-13,5,2025-08-18,32.5,25.3,32.6,,43.3,73.5,11.4,,16.2,,0.0,
鲁中参考点,jma_seamless,2025-08-12,6,2025-08-18,33.2,26.3,33.2,,44.7,71.2,9.0,,2.3,,0.0,
鲁中参考点,jma_seamless,2025-08-11,7,2025-08-18,34.4,26.5,34.1,,48.0,69.6,8.5,,9.2,,0.0,
鲁中参考点,ecmwf_ifs025,2025-08-18,1,2025-08-19,32.9,25.2,32.9,,,,,,19.5,22.19,0.0,
鲁中参考点,ecmwf_ifs025,2025-08-17,2,2025-08-19,32.4,24.9,32.8,,,,,,28.0,21.25,0.0,
鲁中参考点,ecmwf_ifs025,2025-08-16,3,2025-08-19,32.6,25.0,32.7,,,,,,18.3,21.31,0.0,
鲁中参考点,ecmwf_ifs025,2025-08-15,4,2025-08-19,35.3,25.5,33.4,,,,,,11.2,21.58,0.0,
鲁中参考点,ecmwf_ifs025,2025-08-14,5,2025-08-19,36.4,26.2,34.0,,,,,,17.8,21.95,0.0,
鲁中参考点,ecmwf_ifs025,2025-08-13,6,2025-08-19,36.4,26.4,33.5,,,,,,14.6,20.49,0.0,
鲁中参考点,ecmwf_ifs025,2025-08-12,7,2025-08-19,36.8,25.4,33.6,,,,,,23.9,22.55,0.0,
鲁中参考点,jma_seamless,2025-08-18,1,2025-08-19,32.0,27.1,33.5,,41.4,72.7,9.8,,3.8,,0.0,
鲁中参考点,jma_seamless,2025-08-17,2,2025-08-19,33.3,27.1,33.8,,44.4,69.9,9.3,,2.8,,0.0,
鲁中参考点,jma_seamless,2025-08-16,3,2025-08-19,34.3,26.3,33.9,,47.0,68.4,8.5,,15.7,,0.0,
鲁中参考点,jma_seamless,2025-08-15,4,2025-08-19,33.7,26.5,33.8,,45.8,70.1,9.2,,41.2,,0.0,
鲁中参考点,jma_seamless,2025-08-14,5,2025-08-19,34.2,27.2,34.0,,46.5,68.1,10.0,,12.4,,0.0,
鲁中参考点,jma_seamless,2025-08-13,6,2025-08-19,33.2,26.7,33.5,,43.5,68.5,9.8,,17.0,,0.0,
鲁中参考点,jma_seamless,2025-08-12,7,2025-08-19,33.4,27.1,33.8,,44.4,69.3,10.2,,19.6,,0.0,
鲁中参考点,ecmwf_ifs025,2025-08-19,1,2025-08-20,34.2,26.1,33.5,,,,,,18.5,22.09,0.0,
鲁中参考点,ecmwf_ifs025,2025-08-18,2,2025-08-20,34.2,25.9,33.4,,,,,,16.1,22.39,0.0,
鲁中参考点,ecmwf_ifs025,2025-08-17,3,2025-08-20,34.0,25.8,33.5,,,,,,12.1,22.96,0.0,
鲁中参考点,ecmwf_ifs025,2025-08-16,4,2025-08-20,34.1,25.5,33.4,,,,,,11.1,22.28,0.0,
鲁中参考点,ecmwf_ifs025,2025-08-15,5,2025-08-20,36.0,26.8,33.7,,,,,,9.6,21.89,0.0,
鲁中参考点,ecmwf_ifs025,2025-08-14,6,2025-08-20,36.6,28.0,34.7,,,,,,22.1,17.05,0.0,
鲁中参考点,ecmwf_ifs025,2025-08-13,7,2025-08-20,35.4,27.9,34.9,,,,,,22.8,18.54,0.6,
鲁中参考点,jma_seamless,2025-08-19,1,2025-08-20,33.3,27.9,34.2,,43.3,67.5,9.4,,24.1,,0.0,
鲁中参考点,jma_seamless,2025-08-18,2,2025-08-20,33.4,27.7,34.3,,42.9,65.8,8.3,,44.5,,0.0,
鲁中参考点,jma_seamless,2025-08-17,3,2025-08-20,34.4,27.7,34.1,,44.8,63.3,6.9,,22.0,,0.0,
鲁中参考点,jma_seamless,2025-08-16,4,2025-08-20,34.0,27.5,33.9,,44.2,64.7,5.7,,24.3,,0.0,
鲁中参考点,jma_seamless,2025-08-15,5,2025-08-20,33.7,27.4,34.0,,43.4,64.8,7.9,,32.0,,0.0,
鲁中参考点,jma_seamless,2025-08-14,6,2025-08-20,34.5,27.6,34.4,,45.1,63.2,7.4,,18.8,,0.0,
鲁中参考点,jma_seamless,2025-08-13,7,2025-08-20,34.6,27.8,34.6,,46.4,65.3,7.5,,23.9,,0.0,
鲁中参考点,ecmwf_ifs025,2025-08-20,1,2025-08-21,35.5,26.9,34.0,,,,,,2.3,22.42,0.0,
鲁中参考点,ecmwf_ifs025,2025-08-19,2,2025-08-21,35.6,27.0,34.1,,,,,,1.1,22.23,0.0,
鲁中参考点,ecmwf_ifs025,2025-08-18,3,2025-08-21,35.2,26.8,34.0,,,,,,6.7,22.75,0.0,
鲁中参考点,ecmwf_ifs025,2025-08-17,4,2025-08-21,34.8,26.5,34.1,,,,,,12.0,22.65,0.0,
鲁中参考点,ecmwf_ifs025,2025-08-16,5,2025-08-21,35.4,26.6,34.4,,,,,,2.9,22.41,0.0,
鲁中参考点,ecmwf_ifs025,2025-08-15,6,2025-08-21,37.1,27.9,34.5,,,,,,11.4,22.07,0.0,
鲁中参考点,ecmwf_ifs025,2025-08-14,7,2025-08-21,37.9,28.2,34.9,,,,,,21.3,21.53,0.0,
鲁中参考点,jma_seamless,2025-08-20,1,2025-08-21,32.2,27.0,34.0,,43.8,77.0,9.5,,44.3,,0.0,
鲁中参考点,jma_seamless,2025-08-19,2,2025-08-21,33.2,27.7,34.5,,44.2,70.2,9.6,,20.0,,0.0,
鲁中参考点,jma_seamless,2025-08-18,3,2025-08-21,33.8,28.0,34.3,,43.8,65.0,10.0,,9.5,,0.0,
鲁中参考点,jma_seamless,2025-08-17,4,2025-08-21,34.4,28.0,34.1,,43.8,61.2,9.2,,4.6,,0.0,
鲁中参考点,jma_seamless,2025-08-16,5,2025-08-21,33.9,27.8,34.0,,42.9,62.4,9.3,,28.7,,0.0,
鲁中参考点,jma_seamless,2025-08-15,6,2025-08-21,34.0,27.5,33.9,,43.7,63.6,10.2,,16.7,,0.0,
鲁中参考点,jma_seamless,2025-08-14,7,2025-08-21,35.4,27.8,34.4,,46.8,61.0,8.8,,9.1,,0.0,
鲁中参考点,ecmwf_ifs025,2025-08-21,1,2025-08-22,36.2,27.1,34.1,,,,,,10.0,20.07,0.3,
鲁中参考点,ecmwf_ifs025,2025-08-20,2,2025-08-22,35.3,27.2,34.6,,,,,,11.9,21.97,0.0,
鲁中参考点,ecmwf_ifs025,2025-08-19,3,2025-08-22,35.0,26.4,34.5,,,,,,6.2,21.58,0.3,
鲁中参考点,ecmwf_ifs025,2025-08-18,4,2025-08-22,34.6,27.4,35.0,,,,,,9.8,21.15,0.3,
鲁中参考点,ecmwf_ifs025,2025-08-17,5,2025-08-22,35.7,27.2,34.9,,,,,,5.0,22.38,0.3,
鲁中参考点,ecmwf_ifs025,2025-08-16,6,2025-08-22,35.7,28.2,35.2,,,,,,4.0,21.15,0.0,
鲁中参考点,ecmwf_ifs025,2025-08-15,7,2025-08-22,37.6,27.0,35.4,,,,,,4.7,22.09,0.3,
鲁中参考点,jma_seamless,2025-08-21,1,2025-08-22,31.4,26.5,33.8,,41.7,78.6,6.7,,27.8,,0.0,
鲁中参考点,jma_seamless,2025-08-20,2,2025-08-22,31.7,27.5,34.0,,40.7,73.4,7.7,,35.0,,0.0,
鲁中参考点,jma_seamless,2025-08-19,3,2025-08-22,33.0,27.7,34.6,,44.1,71.5,8.5,,8.1,,0.0,
鲁中参考点,jma_seamless,2025-08-18,4,2025-08-22,33.8,28.0,34.6,,44.4,66.4,7.3,,8.4,,0.0,
鲁中参考点,jma_seamless,2025-08-17,5,2025-08-22,33.6,28.0,34.2,,42.2,62.7,7.3,,16.0,,0.0,
鲁中参考点,jma_seamless,2025-08-16,6,2025-08-22,35.0,27.8,34.4,,46.1,62.1,7.6,,20.1,,0.0,
鲁中参考点,jma_seamless,2025-08-15,7,2025-08-22,34.0,27.4,34.4,,44.8,66.0,5.8,,12.8,,0.0,
鲁中参考点,ecmwf_ifs025,2025-08-22,1,2025-08-23,32.3,24.9,32.6,,,,,,31.8,16.19,3.6,
鲁中参考点,ecmwf_ifs025,2025-08-21,2,2025-08-23,33.1,24.8,33.1,,,,,,27.4,17.24,4.5,
鲁中参考点,ecmwf_ifs025,2025-08-20,3,2025-08-23,30.0,24.9,32.0,,,,,,32.5,15.98,11.1,
鲁中参考点,ecmwf_ifs025,2025-08-19,4,2025-08-23,34.0,24.4,33.0,,,,,,36.2,15.88,4.8,
鲁中参考点,ecmwf_ifs025,2025-08-18,5,2025-08-23,30.5,25.6,33.3,,,,,,28.1,17.07,3.3,
鲁中参考点,ecmwf_ifs025,2025-08-17,6,2025-08-23,34.2,25.5,35.2,,,,,,11.0,18.34,1.2,
鲁中参考点,ecmwf_ifs025,2025-08-16,7,2025-08-23,33.4,24.0,34.1,,,,,,24.5,18.71,4.2,
鲁中参考点,jma_seamless,2025-08-22,1,2025-08-23,30.4,26.0,33.3,,39.1,80.7,3.8,,46.6,,0.0,
鲁中参考点,jma_seamless,2025-08-21,2,2025-08-23,30.1,26.5,33.4,,37.5,78.2,3.9,,26.5,,0.6,
鲁中参考点,jma_seamless,2025-08-20,3,2025-08-23,31.0,26.7,33.7,,40.1,77.8,5.1,,40.5,,0.0,
鲁中参考点,jma_seamless,2025-08-19,4,2025-08-23,32.8,27.0,34.4,,43.9,72.4,5.0,,16.2,,0.0,
鲁中参考点,jma_seamless,2025-08-18,5,2025-08-23,33.4,27.5,34.2,,43.2,66.4,5.0,,11.7,,0.0,
鲁中参考点,jma_seamless,2025-08-17,6,2025-08-23,32.1,27.4,34.2,,40.2,68.5,4.8,,25.5,,0.0,
鲁中参考点,jma_seamless,2025-08-16,7,2025-08-23,34.1,26.0,34.6,,45.2,66.0,3.3,,24.6,,0.0,
鲁中参考点,ecmwf_ifs025,2025-08-23,1,2025-08-24,28.5,23.5,30.3,,,,,,63.1,12.9,4.5,
鲁中参考点,ecmwf_ifs025,2025-08-22,2,2025-08-24,30.4,24.3,31.2,,,,,,53.5,17.27,2.4,
鲁中参考点,ecmwf_ifs025,2025-08-21,3,2025-08-24,30.8,24.2,31.6,,,,,,56.3,16.5,7.2,
鲁中参考点,ecmwf_ifs025,2025-08-20,4,2025-08-24,30.3,23.7,31.3,,,,,,63.0,14.23,6.9,
鲁中参考点,ecmwf_ifs025,2025-08-19,5,2025-08-24,27.8,22.6,30.4,,,,,,45.9,12.77,15.6,
鲁中参考点,ecmwf_ifs025,2025-08-18,6,2025-08-24,27.6,25.2,32.0,,,,,,36.3,14.45,5.1,
鲁中参考点,ecmwf_ifs025,2025-08-17,7,2025-08-24,32.3,23.5,32.0,,,,,,52.6,16.87,10.8,
鲁中参考点,jma_seamless,2025-08-23,1,2025-08-24,25.8,24.2,30.6,,,91.0,4.1,,76.0,,9.0,
鲁中参考点,jma_seamless,2025-08-22,2,2025-08-24,27.9,24.3,31.9,,33.0,87.4,3.7,,57.9,,10.5,
鲁中参考点,jma_seamless,2025-08-21,3,2025-08-24,28.8,25.2,32.2,,34.8,82.8,5.7,,46.6,,5.7,
鲁中参考点,jma_seamless,2025-08-20,4,2025-08-24,28.2,25.5,32.5,,33.4,84.7,4.5,,35.8,,6.3,
鲁中参考点,jma_seamless,2025-08-19,5,2025-08-24,29.7,25.8,33.0,,37.1,81.4,4.2,,22.1,,2.1,
鲁中参考点,jma_seamless,2025-08-18,6,2025-08-24,28.8,26.4,33.1,,34.0,79.2,3.6,,48.2,,3.6,
鲁中参考点,jma_seamless,2025-08-17,7,2025-08-24,30.7,26.0,33.3,,38.7,76.4,4.4,,15.2,,0.6,
鲁中参考点,ecmwf_ifs025,2025-08-24,1,2025-08-25,27.2,22.1,28.6,,,,,,50.2,14.75,0.9,
鲁中参考点,ecmwf_ifs025,2025-08-23,2,2025-08-25,27.4,22.6,28.5,,,,,,62.3,13.8,3.9,
鲁中参考点,ecmwf_ifs025,2025-08-22,3,2025-08-25,27.7,22.6,28.6,,,,,,76.3,13.69,6.0,
鲁中参考点,ecmwf_ifs025,2025-08-21,4,2025-08-25,26.4,22.5,28.1,,,,,,71.0,11.77,5.1,
鲁中参考点,ecmwf_ifs025,2025-08-20,5,2025-08-25,27.9,23.1,29.3,,,,,,64.3,14.73,3.0,
鲁中参考点,ecmwf_ifs025,2025-08-19,6,2025-08-25,26.8,23.7,30.2,,,,,,70.5,12.3,4.2,
鲁中参考点,ecmwf_ifs025,2025-08-18,7,2025-08-25,29.7,23.2,31.2,,,,,,58.7,15.89,5.4,
鲁中参考点,jma_seamless,2025-08-24,1,2025-08-25,25.5,22.0,27.5,,,88.5,4.8,,68.3,,0.6,
鲁中参考点,jma_seamless,2025-08-23,2,2025-08-25,25.5,23.0,28.5,,,89.5,4.6,,75.8,,0.9,
鲁中参考点,jma_seamless,2025-08-22,3,2025-08-25,26.2,24.0,30.2,,,88.5,5.4,,54.5,,7.5,
鲁中参考点,jma_seamless,2025-08-21,4,2025-08-25,26.5,23.1,28.8,,,86.0,6.4,,66.5,,3.6,
鲁中参考点,jma_seamless,2025-08-20,5,2025-08-25,26.8,24.0,30.0,,,87.8,5.0,,55.3,,2.1,
鲁中参考点,jma_seamless,2025-08-19,6,2025-08-25,28.1,25.0,31.9,,33.5,86.6,3.4,,62.2,,4.5,
鲁中参考点,jma_seamless,2025-08-18,7,2025-08-25,28.7,25.0,32.2,,35.6,87.8,3.7,,37.5,,6.9,
鲁中参考点,ecmwf_ifs025,2025-08-25,1,2025-08-26,29.7,20.3,27.5,,,,,,37.0,19.13,0.0,
鲁中参考点,ecmwf_ifs025,2025-08-24,2,2025-08-26,28.9,21.4,27.6,,,,,,34.5,20.0,0.0,
鲁中参考点,ecmwf_ifs025,2025-08-23,3,2025-08-26,28.6,20.4,27.1,,,,,,46.3,19.87,0.0,
鲁中参考点,ecmwf_ifs025,2025-08-22,4,2025-08-26,28.6,21.1,27.4,,,,,,45.4,18.36,0.0,
鲁中参考点,ecmwf_ifs025,2025-08-21,5,2025-08-26,28.9,20.2,26.8,,,,,,58.7,21.2,0.0,
鲁中参考点,ecmwf_ifs025,2025-08-20,6,2025-08-26,29.1,22.8,30.2,,,,,,90.4,12.83,1.8,
鲁中参考点,ecmwf_ifs025,2025-08-19,7,2025-08-26,25.4,22.9,28.3,,,,,,80.8,6.53,31.2,
鲁中参考点,jma_seamless,2025-08-25,1,2025-08-26,28.0,21.3,27.8,,32.5,82.5,5.4,,62.1,,0.0,
鲁中参考点,jma_seamless,2025-08-24,2,2025-08-26,28.0,22.0,27.7,,32.3,81.5,5.4,,55.9,,0.0,
鲁中参考点,jma_seamless,2025-08-23,3,2025-08-26,28.1,22.0,28.0,,32.4,80.6,5.8,,14.8,,0.0,
鲁中参考点,jma_seamless,2025-08-22,4,2025-08-26,27.9,22.3,29.2,,32.3,83.1,5.9,,80.8,,0.3,
鲁中参考点,jma_seamless,2025-08-21,5,2025-08-26,27.0,21.3,27.6,,29.9,81.6,4.7,,53.4,,0.0,
鲁中参考点,jma_seamless,2025-08-20,6,2025-08-26,27.2,24.0,30.8,,31.2,88.9,4.3,,69.8,,1.5,
鲁中参考点,jma_seamless,2025-08-19,7,2025-08-26,28.3,25.1,32.1,,34.3,88.0,2.8,,52.5,,3.0,
鲁中参考点,ecmwf_ifs025,2025-08-26,1,2025-08-27,30.1,20.4,28.1,,36.1,73.3,12.6,,49.7,14.24,0.0,
鲁中参考点,ecmwf_ifs025,2025-08-25,2,2025-08-27,30.3,21.4,28.2,,36.2,71.5,13.0,,33.5,16.09,0.0,
鲁中参考点,ecmwf_ifs025,2025-08-24,3,2025-08-27,29.7,19.4,27.2,,35.5,74.9,12.7,,56.5,16.39,0.0,
鲁中参考点,ecmwf_ifs025,2025-08-23,4,2025-08-27,30.6,19.8,27.8,,37.8,74.2,11.8,,38.9,18.16,0.0,
鲁中参考点,ecmwf_ifs025,2025-08-22,5,2025-08-27,30.7,20.4,27.9,,39.5,78.7,11.5,,71.6,13.06,0.0,
鲁中参考点,ecmwf_ifs025,2025-08-21,6,2025-08-27,29.7,24.6,30.0,,36.4,78.8,12.7,,69.5,12.33,1.2,
鲁中参考点,ecmwf_ifs025,2025-08-20,7,2025-08-27,31.2,23.7,31.2,,41.0,78.4,13.9,,50.8,16.28,1.5,
鲁中参考点,jma_seamless,2025-08-26,1,2025-08-27,28.6,22.4,29.3,,33.7,80.5,7.7,,,,0.0,0.0
鲁中参考点,jma_seamless,2025-08-25,2,2025-08-27,28.7,20.9,28.2,,33.7,79.0,6.6,,,,0.0,0.0
鲁中参考点,jma_seamless,2025-08-24,3,2025-08-27,28.3,20.7,27.2,,31.8,73.3,5.8,,,,0.0,0.0
鲁中参考点,jma_seamless,2025-08-23,4,2025-08-27,29.2,20.9,28.4,,34.8,77.8,6.3,,,,0.0,0.0
鲁中参考点,jma_seamless,2025-08-22,5,2025-08-27,29.1,20.1,30.1,,35.8,83.2,5.1,,,,0.0,0.0
鲁中参考点,jma_seamless,2025-08-21,6,2025-08-27,29.5,24.1,30.4,,36.0,79.5,8.7,,,,0.3,0.0
鲁中参考点,jma_seamless,2025-08-20,7,2025-08-27,30.5,24.6,32.2,,40.6,84.3,7.3,,,,1.2,0.0
鲁中参考点,ecmwf_ifs025,2025-08-27,1,2025-08-28,30.9,24.0,30.8,,41.6,82.9,12.5,,30.8,18.53,4.8,
鲁中参考点,ecmwf_ifs025,2025-08-26,2,2025-08-28,31.7,24.2,31.1,,44.3,82.5,12.9,,31.8,18.0,2.7,
鲁中参考点,ecmwf_ifs025,2025-08-25,3,2025-08-28,34.1,24.7,32.0,,51.7,78.4,13.1,,30.6,20.61,0.9,
鲁中参考点,ecmwf_ifs025,2025-08-24,4,2025-08-28,31.5,24.3,31.2,,43.3,81.9,12.6,,27.3,17.91,1.2,
鲁中参考点,ecmwf_ifs025,2025-08-23,5,2025-08-28,32.0,25.0,31.7,,45.2,81.9,13.7,,27.9,18.94,2.7,
鲁中参考点,ecmwf_ifs025,2025-08-22,6,2025-08-28,26.3,22.9,28.5,,,86.9,10.1,,68.4,10.39,9.0,
鲁中参考点,ecmwf_ifs025,2025-08-21,7,2025-08-28,29.0,22.9,31.0,,35.5,83.5,7.2,,49.2,15.96,3.3,
鲁中参考点,gfs_seamless,2025-08-27,1,2025-08-28,31.7,23.2,31.7,,,,,,,,,0.0
鲁中参考点,gfs_seamless,2025-08-26,2,2025-08-28,30.5,22.9,31.3,,,,,,,,,0.0
鲁中参考点,gfs_seamless,2025-08-25,3,2025-08-28,29.1,20.2,29.4,,,,,,,,,0.0
鲁中参考点,gfs_seamless,2025-08-24,4,2025-08-28,30.9,21.8,31.0,,,,,,,,,0.0
鲁中参考点,gfs_seamless,2025-08-23,5,2025-08-28,31.0,22.4,31.1,,,,,,,,,0.0
鲁中参考点,gfs_seamless,2025-08-22,6,2025-08-28,28.8,23.3,30.8,,,,,,,,,0.0
鲁中参考点,gfs_seamless,2025-08-21,7,2025-08-28,32.5,23.5,30.3,,,,,,,,,0.0
鲁中参考点,jma_seamless,2025-08-27,1,2025-08-28,28.6,24.5,31.6,,35.4,88.4,8.1,,,,5.7,0.0
鲁中参考点,jma_seamless,2025-08-26,2,2025-08-28,30.1,24.9,32.0,,38.8,82.9,7.8,,,,1.2,0.0
鲁中参考点,jma_seamless,2025-08-25,3,2025-08-28,30.4,25.0,31.5,,39.0,80.2,8.6,,,,1.2,0.0
鲁中参考点,jma_seamless,2025-08-24,4,2025-08-28,29.5,23.5,30.0,,36.2,80.1,8.9,,,,2.1,0.0
鲁中参考点,jma_seamless,2025-08-23,5,2025-08-28,29.5,24.4,31.4,,37.5,85.1,7.1,,,,5.4,0.0
鲁中参考点,jma_seamless,2025-08-22,6,2025-08-28,29.1,24.4,31.8,,36.2,84.9,6.0,,,,4.2,0.0
鲁中参考点,jma_seamless,2025-08-21,7,2025-08-28,28.4,23.3,30.9,,33.6,82.4,2.8,,,,3.9,0.0
鲁中参考点,ecmwf_ifs025,2025-08-28,1,2025-08-29,30.5,22.7,30.7,,41.3,86.2,3.3,,40.6,15.54,12.9,
鲁中参考点,ecmwf_ifs025,2025-08-27,2,2025-08-29,30.0,22.4,30.0,,40.6,89.5,4.4,,45.7,16.23,9.9,
鲁中参考点,ecmwf_ifs025,2025-08-26,3,2025-08-29,29.3,23.2,30.4,,37.7,88.3,3.3,,41.2,13.94,8.4,
鲁中参考点,ecmwf_ifs025,2025-08-25,4,2025-08-29,29.3,22.7,31.3,,37.1,86.2,3.5,,41.2,14.67,8.7,
鲁中参考点,ecmwf_ifs025,2025-08-24,5,2025-08-29,30.7,23.2,31.1,,41.3,84.2,4.9,,30.9,17.49,7.5,
鲁中参考点,ecmwf_ifs025,2025-08-23,6,2025-08-29,30.8,22.4,31.4,,41.6,84.1,4.1,,26.0,19.54,0.0,
鲁中参考点,ecmwf_ifs025,2025-08-22,7,2025-08-29,29.4,21.9,28.8,,34.7,75.1,3.5,,30.2,18.38,0.0,
鲁中参考点,gfs_seamless,2025-08-28,1,2025-08-29,29.1,22.4,29.9,,,,,,,,,0.0
鲁中参考点,gfs_seamless,2025-08-27,2,2025-08-29,30.2,22.5,30.1,,,,,,,,,0.0
鲁中参考点,gfs_seamless,2025-08-26,3,2025-08-29,28.3,20.3,28.3,,,,,,,,,0.0
鲁中参考点,gfs_seamless,2025-08-25,4,2025-08-29,30.5,21.8,29.4,,,,,,,,,0.0
鲁中参考点,gfs_seamless,2025-08-24,5,2025-08-29,30.4,21.9,29.9,,,,,,,,,0.0
鲁中参考点,gfs_seamless,2025-08-23,6,2025-08-29,30.2,21.4,28.9,,,,,,,,,0.0
鲁中参考点,gfs_seamless,2025-08-22,7,2025-08-29,29.1,23.0,30.1,,,,,,,,,0.0
鲁中参考点,jma_seamless,2025-08-28,1,2025-08-29,27.7,24.1,31.4,,33.1,91.8,2.1,,,,13.8,0.0
鲁中参考点,jma_seamless,2025-08-27,2,2025-08-29,28.7,24.5,32.1,,35.7,88.3,3.3,,,,5.1,0.0
鲁中参考点,jma_seamless,2025-08-26,3,2025-08-29,29.0,25.0,32.6,,35.9,85.0,4.2,,,,4.2,0.0
鲁中参考点,jma_seamless,2025-08-25,4,2025-08-29,28.3,24.9,32.1,,34.5,89.0,3.6,,,,4.8,0.0
鲁中参考点,jma_seamless,2025-08-24,5,2025-08-29,28.4,23.8,31.0,,34.8,88.8,2.7,,,,6.0,0.0
鲁中参考点,jma_seamless,2025-08-23,6,2025-08-29,27.2,23.8,31.0,,31.4,90.5,1.2,,,,11.1,0.0
鲁中参考点,jma_seamless,2025-08-22,7,2025-08-29,30.7,22.5,30.6,,40.5,81.8,3.2,,,,5.1,0.0
鲁中参考点,ecmwf_ifs025,2025-08-29,1,2025-08-30,26.3,21.7,27.8,,,89.1,5.2,,92.4,10.83,5.4,
鲁中参考点,ecmwf_ifs025,2025-08-28,2,2025-08-30,27.6,22.6,28.5,,32.2,88.1,5.2,,93.4,14.61,4.5,
鲁中参考点,ecmwf_ifs025,2025-08-27,3,2025-08-30,27.8,21.8,28.2,,33.5,92.2,3.7,,69.2,13.15,30.3,
鲁中参考点,ecmwf_ifs025,2025-08-26,4,2025-08-30,28.8,22.7,29.3,,36.1,88.7,4.0,,57.7,14.92,5.1,
鲁中参考点,ecmwf_ifs025,2025-08-25,5,2025-08-30,29.3,23.6,30.3,,37.8,88.8,3.3,,59.4,13.5,15.0,
鲁中参考点,ecmwf_ifs025,2025-08-24,6,2025-08-30,28.1,22.2,30.3,,33.3,85.8,4.1,,39.2,14.5,16.5,
鲁中参考点,ecmwf_ifs025,2025-08-23,7,2025-08-30,29.6,22.8,30.4,,37.1,82.4,4.4,,43.8,18.6,10.2,
鲁中参考点,gfs_seamless,2025-08-29,1,2025-08-30,27.2,22.1,28.5,,,,,,,,,0.0
鲁中参考点,gfs_seamless,2025-08-28,2,2025-08-30,27.5,21.7,27.7,,,,,,,,,0.0
鲁中参考点,gfs_seamless,2025-08-27,3,2025-08-30,23.5,21.2,26.8,,,,,,,,,0.0
鲁中参考点,gfs_seamless,2025-08-26,4,2025-08-30,28.8,21.9,28.5,,,,,,,,,0.0
鲁中参考点,gfs_seamless,2025-08-25,5,2025-08-30,26.4,20.5,29.4,,,,,,,,,0.0
鲁中参考点,gfs_seamless,2025-08-24,6,2025-08-30,26.8,21.4,30.5,,,,,,,,,0.0
鲁中参考点,gfs_seamless,2025-08-23,7,2025-08-30,26.8,20.5,29.6,,,,,,,,,0.0
鲁中参考点,jma_seamless,2025-08-29,1,2025-08-30,24.9,21.9,28.5,,,94.0,4.6,,,,8.4,0.0
鲁中参考点,jma_seamless,2025-08-28,2,2025-08-30,27.2,23.2,30.5,,31.5,91.5,2.4,,,,12.9,0.0
鲁中参考点,jma_seamless,2025-08-27,3,2025-08-30,27.3,24.1,30.8,,31.8,91.8,2.2,,,,10.8,0.0
鲁中参考点,jma_seamless,2025-08-26,4,2025-08-30,27.1,24.1,31.1,,31.1,90.9,2.1,,,,13.5,0.0
鲁中参考点,jma_seamless,2025-08-25,5,2025-08-30,27.1,23.2,30.7,,31.4,92.9,1.4,,,,11.4,0.0
鲁中参考点,jma_seamless,2025-08-24,6,2025-08-30,28.8,22.9,29.5,,34.6,81.8,3.9,,,,5.7,0.0
鲁中参考点,jma_seamless,2025-08-23,7,2025-08-30,28.0,21.2,29.8,,33.7,89.5,4.2,,,,10.8,0.0
鲁中参考点,ecmwf_ifs025,2025-08-30,1,2025-08-31,23.7,19.1,24.6,,,91.4,7.3,,58.2,9.64,9.3,
鲁中参考点,ecmwf_ifs025,2025-08-29,2,2025-08-31,24.4,19.9,25.2,,,90.0,6.8,,59.6,11.01,12.3,
鲁中参考点,ecmwf_ifs025,2025-08-28,3,2025-08-31,24.4,20.4,25.2,,,91.2,7.0,,60.0,9.65,5.4,
鲁中参考点,ecmwf_ifs025,2025-08-27,4,2025-08-31,24.5,19.8,25.4,,,91.7,5.5,,50.2,8.88,17.4,
鲁中参考点,ecmwf_ifs025,2025-08-26,5,2025-08-31,23.3,20.4,25.7,,,94.7,6.2,,82.8,6.33,20.1,
鲁中参考点,ecmwf_ifs025,2025-08-25,6,2025-08-31,24.5,20.3,25.8,,,92.2,5.7,,76.8,6.56,17.7,
鲁中参考点,ecmwf_ifs025,2025-08-24,7,2025-08-31,22.6,20.1,25.6,,,94.0,6.4,,73.6,7.38,25.8,
鲁中参考点,gfs_seamless,2025-08-30,1,2025-08-31,24.3,17.8,23.5,,,,,,,,,0.0
鲁中参考点,gfs_seamless,2025-08-29,2,2025-08-31,25.4,17.8,24.4,,,,,,,,,0.0
鲁中参考点,gfs_seamless,2025-08-28,3,2025-08-31,25.4,19.8,25.2,,,,,,,,,0.0
鲁中参考点,gfs_seamless,2025-08-27,4,2025-08-31,26.1,20.3,26.1,,,,,,,,,0.0
鲁中参考点,gfs_seamless,2025-08-26,5,2025-08-31,28.2,20.3,30.2,,,,,,,,,0.0
鲁中参考点,gfs_seamless,2025-08-25,6,2025-08-31,28.9,20.9,30.5,,,,,,,,,0.0
鲁中参考点,gfs_seamless,2025-08-24,7,2025-08-31,24.8,20.0,31.0,,,,,,,,,0.0
鲁中参考点,jma_seamless,2025-08-30,1,2025-08-31,22.3,18.6,24.1,,,90.8,4.1,,,,1.5,0.0
鲁中参考点,jma_seamless,2025-08-29,2,2025-08-31,24.7,20.4,27.3,,,90.5,3.5,,,,1.2,0.0
鲁中参考点,jma_seamless,2025-08-28,3,2025-08-31,25.1,21.6,28.1,,,88.8,3.8,,,,1.2,0.0
鲁中参考点,jma_seamless,2025-08-27,4,2025-08-31,25.5,22.3,28.4,,,89.8,4.9,,,,4.2,0.0
鲁中参考点,jma_seamless,2025-08-26,5,2025-08-31,24.3,23.2,27.5,,,84.5,5.5,,,,0.9,0.0
鲁中参考点,jma_seamless,2025-08-25,6,2025-08-31,26.0,19.5,27.6,,,88.0,2.7,,,,3.9,0.0
鲁中参考点,jma_seamless,2025-08-24,7,2025-08-31,25.3,20.4,26.2,,,84.9,2.7,,,,2.1,0.0
鲁中参考点,ecmwf_ifs025,2025-08-31,1,2025-09-01,27.9,16.4,24.5,,31.2,75.2,3.9,,20.0,22.92,0.0,
鲁中参考点,ecmwf_ifs025,2025-08-30,2,2025-09-01,28.9,18.3,26.5,,34.0,77.7,2.0,,16.3,22.85,0.0,
鲁中参考点,ecmwf_ifs025,2025-08-29,3,2025-09-01,28.3,17.2,26.6,,33.0,80.6,2.8,,13.8,22.65,0.0,
鲁中参考点,ecmwf_ifs025,2025-08-28,4,2025-09-01,28.3,18.5,26.5,,32.8,79.9,2.9,,15.4,22.56,0.0,
鲁中参考点,ecmwf_ifs025,2025-08-27,5,2025-09-01,28.4,18.3,26.3,,32.8,78.2,3.6,,2.2,22.78,0.0,
鲁中参考点,ecmwf_ifs025,2025-08-26,6,2025-09-01,28.6,19.6,27.5,,34.1,82.4,2.2,,10.2,21.24,0.0,
鲁中参考点,ecmwf_ifs025,2025-08-25,7,2025-09-01,28.3,18.9,26.6,,33.5,83.4,4.3,,7.5,21.89,0.0,
鲁中参考点,gfs_seamless,2025-08-31,1,2025-09-01,28.8,17.4,25.2,,,,,,,,,0.0
鲁中参考点,gfs_seamless,2025-08-30,2,2025-09-01,29.0,17.5,24.9,,,,,,,,,0.0
鲁中参考点,gfs_seamless,2025-08-29,3,2025-09-01,28.0,19.2,25.3,,,,,,,,,0.0
鲁中参考点,gfs_seamless,2025-08-28,4,2025-09-01,28.4,18.5,26.4,,,,,,,,,0.0
鲁中参考点,gfs_seamless,2025-08-27,5,2025-09-01,28.7,19.2,30.3,,,,,,,,,0.0
鲁中参考点,gfs_seamless,2025-08-26,6,2025-09-01,30.0,19.4,29.7,,,,,,,,,0.0
鲁中参考点,gfs_seamless,2025-08-25,7,2025-09-01,31.0,19.6,31.2,,,,,,,,,0.0
鲁中参考点,jma_seamless,2025-08-31,1,2025-09-01,29.1,18.0,24.7,,33.9,74.9,2.9,,,,0.0,0.0
鲁中参考点,jma_seamless,2025-08-30,2,2025-09-01,31.0,19.1,25.7,,37.4,69.5,3.0,,,,0.0,0.0
鲁中参考点,jma_seamless,2025-08-29,3,2025-09-01,31.0,20.8,27.6,,37.9,70.9,2.3,,,,0.0,0.0
鲁中参考点,jma_seamless,2025-08-28,4,2025-09-01,30.6,21.6,28.6,,37.4,73.1,1.6,,,,0.0,0.0
鲁中参考点,jma_seamless,2025-08-27,5,2025-09-01,31.6,21.3,28.8,,40.3,73.1,3.9,,,,0.3,0.0
鲁中参考点,jma_seamless,2025-08-26,6,2025-09-01,30.1,18.9,27.1,,37.1,77.0,3.8,,,,0.6,0.0
鲁中参考点,jma_seamless,2025-08-25,7,2025-09-01,28.5,19.6,26.8,,32.6,75.4,4.4,,,,0.0,0.0
鲁中参考点,ecmwf_ifs025,2025-09-01,1,2025-09-02,29.3,17.8,26.2,,34.3,74.2,5.6,,14.9,21.59,0.0,
鲁中参考点,ecmwf_ifs025,2025-08-31,2,2025-09-02,28.5,17.9,26.1,,32.5,75.2,4.9,,32.6,21.36,0.0,
鲁中参考点,ecmwf_ifs025,2025-08-30,3,2025-09-02,29.4,18.6,27.2,,34.7,75.0,4.8,,14.9,22.45,0.0,
鲁中参考点,ecmwf_ifs025,2025-08-29,4,2025-09-02,30.0,18.3,27.4,,36.2,74.7,5.6,,21.7,21.95,0.0,
鲁中参考点,ecmwf_ifs025,2025-08-28,5,2025-09-02,30.1,19.3,27.9,,36.7,75.5,5.0,,20.7,22.11,0.0,
鲁中参考点,ecmwf_ifs025,2025-08-27,6,2025-09-02,29.4,21.3,27.9,,35.0,76.1,5.7,,3.6,21.06,0.0,
鲁中参考点,ecmwf_ifs025,2025-08-26,7,2025-09-02,29.0,18.5,27.3,,34.7,80.0,4.9,,1.6,21.41,0.0,
鲁中参考点,gfs_seamless,2025-09-01,1,2025-09-02,29.0,19.3,25.9,,,,,,,,,0.0
鲁中参考点,gfs_seamless,2025-08-31,2,2025-09-02,29.2,18.5,25.8,,,,,,,,,0.0
鲁中参考点,gfs_seamless,2025-08-30,3,2025-09-02,28.3,19.5,25.2,,,,,,,,,0.0
鲁中参考点,gfs_seamless,2025-08-29,4,2025-09-02,28.9,20.2,26.6,,,,,,,,,0.0
鲁中参考点,gfs_seamless,2025-08-28,5,2025-09-02,29.7,19.8,30.9,,,,,,,,,0.0
鲁中参考点,gfs_seamless,2025-08-27,6,2025-09-02,31.0,19.5,30.9,,,,,,,,,0.0
鲁中参考点,gfs_seamless,2025-08-26,7,2025-09-02,29.8,20.3,31.4,,,,,,,,,0.0
鲁中参考点,jma_seamless,2025-09-01,1,2025-09-02,31.7,20.2,27.4,,37.0,62.2,4.2,,,,0.0,0.0
鲁中参考点,jma_seamless,2025-08-31,2,2025-09-02,32.0,19.4,27.0,,37.0,59.6,4.4,,,,0.0,0.0
鲁中参考点,jma_seamless,2025-08-30,3,2025-09-02,32.9,21.4,27.6,,37.9,56.0,5.7,,,,0.0,0.0
鲁中参考点,jma_seamless,2025-08-29,4,2025-09-02,32.8,21.9,29.6,,39.7,62.0,4.0,,,,0.0,0.0
鲁中参考点,jma_seamless,2025-08-28,5,2025-09-02,32.6,19.4,29.3,,40.2,64.8,4.5,,,,0.0,0.0
鲁中参考点,jma_seamless,2025-08-27,6,2025-09-02,33.1,21.4,28.1,,39.9,60.3,3.4,,,,0.0,0.0
鲁中参考点,jma_seamless,2025-08-26,7,2025-09-02,31.8,21.8,30.0,,39.0,67.6,4.1,,,,0.0,0.0
鲁中参考点,ecmwf_ifs025,2025-09-02,1,2025-09-03,25.8,17.9,24.3,,,81.0,4.0,,59.2,8.86,0.0,
鲁中参考点,ecmwf_ifs025,2025-09-01,2,2025-09-03,27.2,19.1,25.4,,30.0,78.2,5.0,,33.9,16.36,0.0,
鲁中参考点,ecmwf_ifs025,2025-08-31,3,2025-09-03,27.9,18.6,25.9,,31.5,77.8,5.0,,31.0,21.12,0.0,
鲁中参考点,ecmwf_ifs025,2025-08-30,4,2025-09-03,28.3,20.2,26.4,,32.3,76.9,5.5,,43.1,17.49,0.0,
鲁中参考点,ecmwf_ifs025,2025-08-29,5,2025-09-03,28.7,21.5,27.2,,32.7,73.8,6.4,,47.9,15.63,0.0,
鲁中参考点,ecmwf_ifs025,2025-08-28,6,2025-09-03,26.7,21.5,27.0,,,80.5,6.2,,63.4,13.32,0.0,
鲁中参考点,ecmwf_ifs025,2025-08-27,7,2025-09-03,29.4,21.0,28.2,,35.7,79.4,7.2,,45.0,19.93,0.0,
鲁中参考点,gfs_seamless,2025-09-02,1,2025-09-03,25.6,19.9,25.3,,,,,,,,,0.0
鲁中参考点,gfs_seamless,2025-09-01,2,2025-09-03,27.9,20.4,24.9,,,,,,,,,0.0
鲁中参考点,gfs_seamless,2025-08-31,3,2025-09-03,25.7,19.9,24.1,,,,,,,,,0.0
鲁中参考点,gfs_seamless,2025-08-30,4,2025-09-03,26.2,18.7,24.0,,,,,,,,,0.0
鲁中参考点,gfs_seamless,2025-08-29,5,2025-09-03,26.7,19.2,31.8,,,,,,,,,0.0
鲁中参考点,gfs_seamless,2025-08-28,6,2025-09-03,25.5,19.5,32.3,,,,,,,,,0.0
鲁中参考点,gfs_seamless,2025-08-27,7,2025-09-03,30.0,21.3,31.7,,,,,,,,,0.0
鲁中参考点,jma_seamless,2025-09-02,1,2025-09-03,28.5,21.7,27.5,,32.0,72.3,4.7,,,,0.0,0.0
鲁中参考点,jma_seamless,2025-09-01,2,2025-09-03,29.8,22.0,27.8,,34.0,67.5,3.8,,,,0.0,0.0
鲁中参考点,jma_seamless,2025-08-31,3,2025-09-03,31.4,21.0,27.9,,36.2,61.7,3.4,,,,0.0,0.0
鲁中参考点,jma_seamless,2025-08-30,4,2025-09-03,32.1,21.5,28.0,,37.6,61.0,4.1,,,,0.0,0.0
鲁中参考点,jma_seamless,2025-08-29,5,2025-09-03,30.7,24.2,30.4,,39.2,77.8,7.4,,,,4.5,0.0
鲁中参考点,jma_seamless,2025-08-28,6,2025-09-03,31.2,20.2,30.1,,38.9,72.4,4.9,,,,0.3,0.0
鲁中参考点,jma_seamless,2025-08-27,7,2025-09-03,32.7,23.5,29.7,,39.3,61.5,4.3,,,,0.0,0.0
鲁中参考点,ecmwf_ifs025,2025-09-03,1,2025-09-04,26.7,16.5,24.4,,,82.4,5.8,,20.4,21.57,0.0,
鲁中参考点,ecmwf_ifs025,2025-09-02,2,2025-09-04,27.3,17.3,24.3,,30.3,79.1,5.4,,4.9,21.93,0.0,
鲁中参考点,ecmwf_ifs025,2025-09-01,3,2025-09-04,27.2,17.1,24.6,,30.5,82.5,5.9,,6.0,21.53,0.0,
鲁中参考点,ecmwf_ifs025,2025-08-31,4,2025-09-04,27.1,17.9,25.6,,30.0,80.0,3.3,,28.5,15.69,0.0,
鲁中参考点,ecmwf_ifs025,2025-08-30,5,2025-09-04,25.5,20.1,26.8,,,89.5,3.8,,68.3,6.62,3.0,
鲁中参考点,ecmwf_ifs025,2025-08-29,6,2025-09-04,27.7,21.5,28.1,,31.9,83.8,4.9,,67.6,10.63,5.7,
鲁中参考点,ecmwf_ifs025,2025-08-28,7,2025-09-04,23.8,21.5,26.6,,,91.6,5.9,,70.3,3.16,30.0,
鲁中参考点,gfs_seamless,2025-09-03,1,2025-09-04,27.4,19.9,24.9,,,,,,,,,0.0
鲁中参考点,gfs_seamless,2025-09-02,2,2025-09-04,27.9,20.1,26.5,,,,,,,,,0.0
鲁中参考点,gfs_seamless,2025-09-01,3,2025-09-04,28.9,19.4,26.2,,,,,,,,,0.0
鲁中参考点,gfs_seamless,2025-08-31,4,2025-09-04,28.5,21.1,27.3,,,,,,,,,0.0
鲁中参考点,gfs_seamless,2025-08-30,5,2025-09-04,25.8,20.2,31.8,,,,,,,,,0.0
鲁中参考点,gfs_seamless,2025-08-29,6,2025-09-04,29.1,22.2,31.4,,,,,,,,,0.0
鲁中参考点,gfs_seamless,2025-08-28,7,2025-09-04,27.5,22.3,31.1,,,,,,,,,0.0
鲁中参考点,jma_seamless,2025-09-03,1,2025-09-04,28.6,19.9,26.2,,32.5,73.5,4.8,,,,0.0,0.0
鲁中参考点,jma_seamless,2025-09-02,2,2025-09-04,29.2,22.1,28.9,,34.3,75.5,4.1,,,,3.0,0.0
鲁中参考点,jma_seamless,2025-09-01,3,2025-09-04,28.1,23.2,29.4,,31.8,76.8,3.4,,,,0.0,0.0
鲁中参考点,jma_seamless,2025-08-31,4,2025-09-04,31.3,23.6,29.8,,37.4,66.7,4.2,,,,0.0,0.0
鲁中参考点,jma_seamless,2025-08-30,5,2025-09-04,31.5,24.8,31.2,,38.7,69.2,4.0,,,,0.3,0.0
鲁中参考点,jma_seamless,2025-08-29,6,2025-09-04,29.3,24.5,31.0,,35.2,78.5,5.5,,,,1.5,0.0
鲁中参考点,jma_seamless,2025-08-28,7,2025-09-04,33.9,22.9,31.0,,46.5,70.2,5.7,,,,0.0,0.0
鲁中参考点,ecmwf_ifs025,2025-09-04,1,2025-09-05,30.1,18.7,28.0,,37.1,76.8,5.5,,58.0,17.25,1.2,
鲁中参考点,ecmwf_ifs025,2025-09-03,2,2025-09-05,29.5,16.7,26.6,,35.2,75.8,7.7,,36.8,20.86,0.9,
鲁中参考点,ecmwf_ifs025,2025-09-02,3,2025-09-05,29.9,18.7,27.6,,37.0,78.8,8.8,,68.3,17.23,3.3,
鲁中参考点,ecmwf_ifs025,2025-09-01,4,2025-09-05,29.7,18.7,26.4,,36.2,77.8,6.8,,55.9,18.84,0.3,
鲁中参考点,ecmwf_ifs025,2025-08-31,5,2025-09-05,24.8,21.8,27.0,,,88.9,5.8,,81.1,9.42,4.8,
鲁中参考点,ecmwf_ifs025,2025-08-30,6,2025-09-05,27.8,22.8,28.7,,33.2,90.5,10.2,,92.2,5.06,8.4,
鲁中参考点,ecmwf_ifs025,2025-08-29,7,2025-09-05,27.6,20.8,27.9,,32.3,88.5,8.6,,84.2,7.17,20.4,
鲁中参考点,gfs_seamless,2025-09-04,1,2025-09-05,28.3,20.2,27.1,,,,,,,,,0.0
鲁中参考点,gfs_seamless,2025-09-03,2,2025-09-05,29.2,21.0,28.0,,,,,,,,,0.0
鲁中参考点,gfs_seamless,2025-09-02,3,2025-09-05,29.3,20.7,28.3,,,,,,,,,0.0
鲁中参考点,gfs_seamless,2025-09-01,4,2025-09-05,29.3,20.4,28.1,,,,,,,,,0.0
鲁中参考点,gfs_seamless,2025-08-31,5,2025-09-05,29.3,21.1,33.5,,,,,,,,,0.0
鲁中参考点,gfs_seamless,2025-08-30,6,2025-09-05,26.9,20.7,32.8,,,,,,,,,0.0
鲁中参考点,gfs_seamless,2025-08-29,7,2025-09-05,24.5,21.7,31.8,,,,,,,,,0.0
鲁中参考点,jma_seamless,2025-09-04,1,2025-09-05,29.0,21.0,28.5,,35.0,81.1,4.6,,,,3.0,0.0
鲁中参考点,jma_seamless,2025-09-03,2,2025-09-05,32.1,22.8,30.0,,39.8,67.4,6.1,,,,0.3,0.0
鲁中参考点,jma_seamless,2025-09-02,3,2025-09-05,31.6,21.9,30.0,,40.6,73.8,6.2,,,,1.5,0.0
鲁中参考点,jma_seamless,2025-09-01,4,2025-09-05,32.1,23.8,31.1,,40.0,68.0,6.5,,,,0.6,0.0
鲁中参考点,jma_seamless,2025-08-31,5,2025-09-05,32.8,25.2,31.4,,40.8,64.9,6.5,,,,0.0,0.0
鲁中参考点,jma_seamless,2025-08-30,6,2025-09-05,34.4,24.0,32.6,,48.1,69.9,6.7,,,,0.0,0.0
鲁中参考点,jma_seamless,2025-08-29,7,2025-09-05,31.7,21.7,30.0,,40.0,71.3,4.6,,,,2.7,0.0
鲁中参考点,ecmwf_ifs025,2025-09-05,1,2025-09-06,23.9,18.6,24.7,,,88.3,6.4,,61.1,10.73,7.8,
鲁中参考点,ecmwf_ifs025,2025-09-04,2,2025-09-06,24.3,18.9,25.6,,,91.0,7.4,,68.1,8.51,7.2,
鲁中参考点,ecmwf_ifs025,2025-09-03,3,2025-09-06,23.8,20.0,25.2,,,90.8,8.6,,61.6,11.54,11.7,
鲁中参考点,ecmwf_ifs025,2025-09-02,4,2025-09-06,24.5,19.7,24.9,,,88.3,8.9,,56.8,10.1,11.1,
鲁中参考点,ecmwf_ifs025,2025-09-01,5,2025-09-06,25.1,19.8,25.0,,,82.7,8.4,,66.0,13.26,9.0,
鲁中参考点,ecmwf_ifs025,2025-08-31,6,2025-09-06,27.0,19.0,25.9,,30.1,84.0,7.0,,44.5,16.21,3.3,
鲁中参考点,ecmwf_ifs025,2025-08-30,7,2025-09-06,24.5,19.9,25.7,,,89.7,8.8,,67.0,8.18,0.6,
鲁中参考点,gfs_seamless,2025-09-05,1,2025-09-06,23.2,20.3,24.6,,,,,,,,,0.0
鲁中参考点,gfs_seamless,2025-09-04,2,2025-09-06,25.5,20.3,23.8,,,,,,,,,0.0
鲁中参考点,gfs_seamless,2025-09-03,3,2025-09-06,25.9,19.2,25.3,,,,,,,,,0.0
鲁中参考点,gfs_seamless,2025-09-02,4,2025-09-06,23.7,20.1,24.9,,,,,,,,,0.0
鲁中参考点,gfs_seamless,2025-09-01,5,2025-09-06,24.2,18.4,32.8,,,,,,,,,0.0
鲁中参考点,gfs_seamless,2025-08-31,6,2025-09-06,26.3,19.0,32.4,,,,,,,,,0.0
鲁中参考点,gfs_seamless,2025-08-30,7,2025-09-06,24.7,18.8,31.0,,,,,,,,,0.0
鲁中参考点,jma_seamless,2025-09-05,1,2025-09-06,25.1,19.0,25.3,,,83.2,5.4,,,,3.6,0.0
鲁中参考点,jma_seamless,2025-09-04,2,2025-09-06,25.8,17.6,24.8,,,82.2,5.5,,,,30.3,0.0
鲁中参考点,jma_seamless,2025-09-03,3,2025-09-06,25.2,20.5,25.9,,,81.3,7.2,,,,8.7,0.0
鲁中参考点,jma_seamless,2025-09-02,4,2025-09-06,27.8,18.1,25.5,,29.6,64.0,5.5,,,,3.0,0.0
鲁中参考点,jma_seamless,2025-09-01,5,2025-09-06,26.8,21.5,26.6,,,63.9,8.3,,,,0.0,0.0
鲁中参考点,jma_seamless,2025-08-31,6,2025-09-06,26.2,19.8,24.7,,,76.2,8.2,,,,21.6,0.0
鲁中参考点,jma_seamless,2025-08-30,7,2025-09-06,27.3,20.6,28.6,,30.1,77.0,6.4,,,,4.5,0.0
鲁中参考点,ecmwf_ifs025,2025-09-06,1,2025-09-07,28.9,17.1,24.9,,32.7,70.8,6.3,,21.1,21.92,0.0,
鲁中参考点,ecmwf_ifs025,2025-09-05,2,2025-09-07,29.2,16.1,23.6,,31.9,63.4,4.7,,33.5,22.24,0.0,
鲁中参考点,ecmwf_ifs025,2025-09-04,3,2025-09-07,29.9,17.2,24.7,,33.6,64.9,2.7,,22.0,22.54,0.0,
鲁中参考点,ecmwf_ifs025,2025-09-03,4,2025-09-07,29.6,17.9,24.5,,32.9,64.4,2.0,,31.9,18.86,0.0,
鲁中参考点,ecmwf_ifs025,2025-09-02,5,2025-09-07,29.3,19.8,24.5,,31.0,56.3,3.6,,25.3,20.48,0.0,
鲁中参考点,ecmwf_ifs025,2025-09-01,6,2025-09-07,25.7,18.2,23.7,,,70.3,5.1,,48.5,10.62,0.0,
鲁中参考点,ecmwf_ifs025,2025-08-31,7,2025-09-07,24.3,18.4,22.9,,,71.0,6.1,,39.1,10.97,0.0,
鲁中参考点,gfs_seamless,2025-09-06,1,2025-09-07,28.7,18.3,24.9,,,,,,,,,0.0
鲁中参考点,gfs_seamless,2025-09-05,2,2025-09-07,28.5,19.2,24.7,,,,,,,,,0.0
鲁中参考点,gfs_seamless,2025-09-04,3,2025-09-07,28.5,17.8,23.4,,,,,,,,,0.0
鲁中参考点,gfs_seamless,2025-09-03,4,2025-09-07,29.9,19.1,23.9,,,,,,,,,0.0
鲁中参考点,gfs_seamless,2025-09-02,5,2025-09-07,27.5,19.6,31.1,,,,,,,,,0.0
鲁中参考点,gfs_seamless,2025-09-01,6,2025-09-07,26.8,17.2,31.5,,,,,,,,,0.0
鲁中参考点,gfs_seamless,2025-08-31,7,2025-09-07,27.1,18.4,28.3,,,,,,,,,0.0
鲁中参考点,jma_seamless,2025-09-06,1,2025-09-07,31.5,18.1,24.2,,34.9,56.2,4.9,,,,0.0,0.0
鲁中参考点,jma_seamless,2025-09-05,2,2025-09-07,31.8,17.5,25.3,,37.5,63.1,3.5,,,,0.0,0.0
鲁中参考点,jma_seamless,2025-09-04,3,2025-09-07,31.3,18.7,24.7,,36.2,62.7,3.9,,,,0.0,0.0
鲁中参考点,jma_seamless,2025-09-03,4,2025-09-07,29.2,16.7,23.2,,30.4,53.9,3.6,,,,0.0,0.0
鲁中参考点,jma_seamless,2025-09-02,5,2025-09-07,32.2,20.0,24.5,,33.8,46.2,4.6,,,,0.0,0.0
鲁中参考点,jma_seamless,2025-09-01,6,2025-09-07,32.8,19.8,24.9,,35.4,48.2,4.0,,,,0.0,0.0
鲁中参考点,jma_seamless,2025-08-31,7,2025-09-07,31.9,19.0,24.6,,34.0,49.4,4.0,,,,0.0,0.0
鲁中参考点,ecmwf_ifs025,2025-09-07,1,2025-09-08,25.3,19.9,25.1,,,83.2,4.0,,42.8,6.29,0.3,
鲁中参考点,ecmwf_ifs025,2025-09-06,2,2025-09-08,24.2,19.7,24.8,,,84.7,4.4,,66.0,3.88,0.6,
鲁中参考点,ecmwf_ifs025,2025-09-05,3,2025-09-08,23.0,19.4,23.1,,,81.4,6.0,,62.9,5.15,0.3,
鲁中参考点,ecmwf_ifs025,2025-09-04,4,2025-09-08,24.6,16.3,22.2,,,74.6,3.2,,42.3,5.57,0.3,
鲁中参考点,ecmwf_ifs025,2025-09-03,5,2025-09-08,24.9,18.1,23.3,,,74.7,4.4,,45.3,6.26,0.0,
鲁中参考点,ecmwf_ifs025,2025-09-02,6,2025-09-08,24.1,15.1,22.3,,,65.4,2.2,,24.9,7.64,0.0,
鲁中参考点,ecmwf_ifs025,2025-09-01,7,2025-09-08,25.0,16.9,22.4,,,67.2,6.2,,11.5,20.89,0.0,
鲁中参考点,gfs_seamless,2025-09-07,1,2025-09-08,24.6,16.0,22.4,,,,,,,,,0.0
鲁中参考点,gfs_seamless,2025-09-06,2,2025-09-08,26.3,18.7,25.4,,,,,,,,,0.0
鲁中参考点,gfs_seamless,2025-09-05,3,2025-09-08,28.1,19.6,25.2,,,,,,,,,0.0
鲁中参考点,gfs_seamless,2025-09-04,4,2025-09-08,27.9,16.5,23.5,,,,,,,,,0.0
鲁中参考点,gfs_seamless,2025-09-03,5,2025-09-08,26.7,18.1,29.8,,,,,,,,,0.0
鲁中参考点,gfs_seamless,2025-09-02,6,2025-09-08,27.6,15.6,29.9,,,,,,,,,0.0
鲁中参考点,gfs_seamless,2025-09-01,7,2025-09-08,24.5,17.5,26.8,,,,,,,,,0.0
鲁中参考点,jma_seamless,2025-09-07,1,2025-09-08,26.4,18.3,23.4,,,63.9,5.7,,,,0.0,0.0
鲁中参考点,jma_seamless,2025-09-06,2,2025-09-08,22.5,19.0,22.4,,,73.0,4.6,,,,3.0,0.0
鲁中参考点,jma_seamless,2025-09-05,3,2025-09-08,29.1,17.4,25.3,,32.9,69.6,3.0,,,,0.0,0.0
鲁中参考点,jma_seamless,2025-09-04,4,2025-09-08,28.1,20.5,24.5,,29.1,55.4,4.4,,,,0.0,0.0
鲁中参考点,jma_seamless,2025-09-03,5,2025-09-08,27.0,23.1,24.0,,26.9,41.1,6.7,,,,1.5,0.0
鲁中参考点,jma_seamless,2025-09-02,6,2025-09-08,33.3,22.8,26.7,,35.5,45.2,4.7,,,,0.0,0.0
鲁中参考点,jma_seamless,2025-09-01,7,2025-09-08,33.9,15.7,24.8,,39.8,54.5,4.8,,,,5.1,0.0
鲁中参考点,ecmwf_ifs025,2025-09-08,1,2025-09-09,29.7,17.2,24.9,,34.5,70.6,7.5,,0.7,21.16,0.0,
鲁中参考点,ecmwf_ifs025,2025-09-07,2,2025-09-09,29.4,17.5,24.5,,33.1,67.5,6.6,,1.9,21.28,0.0,
鲁中参考点,ecmwf_ifs025,2025-09-06,3,2025-09-09,29.2,15.8,24.2,,33.1,69.5,4.6,,4.3,21.46,0.0,
鲁中参考点,ecmwf_ifs025,2025-09-05,4,2025-09-09,28.4,14.4,22.8,,31.1,67.4,4.0,,0.0,21.87,0.0,
鲁中参考点,ecmwf_ifs025,2025-09-04,5,2025-09-09,29.0,15.2,23.0,,32.4,68.4,3.4,,0.8,21.84,0.0,
鲁中参考点,ecmwf_ifs025,2025-09-03,6,2025-09-09,28.8,14.2,23.5,,32.9,73.1,3.4,,0.0,20.2,0.0,
鲁中参考点,ecmwf_ifs025,2025-09-02,7,2025-09-09,28.8,15.8,22.8,,31.5,65.1,4.9,,0.9,21.06,0.0,
鲁中参考点,gfs_seamless,2025-09-08,1,2025-09-09,27.8,15.9,22.1,,,,,,,,,0.0
鲁中参考点,gfs_seamless,2025-09-07,2,2025-09-09,26.7,16.3,21.6,,,,,,,,,0.0
鲁中参考点,gfs_seamless,2025-09-06,3,2025-09-09,27.3,17.5,22.9,,,,,,,,,0.0
鲁中参考点,gfs_seamless,2025-09-05,4,2025-09-09,27.4,18.4,32.2,,,,,,,,,0.0
鲁中参考点,gfs_seamless,2025-09-04,5,2025-09-09,26.6,16.7,27.3,,,,,,,,,0.0
鲁中参考点,gfs_seamless,2025-09-03,6,2025-09-09,26.7,15.0,28.4,,,,,,,,,0.0
鲁中参考点,gfs_seamless,2025-09-02,7,2025-09-09,30.4,16.8,30.8,,,,,,,,,0.0
鲁中参考点,jma_seamless,2025-09-08,1,2025-09-09,29.3,17.4,24.1,,32.2,63.9,5.7,,,,0.0,0.0
鲁中参考点,jma_seamless,2025-09-07,2,2025-09-09,30.1,17.4,23.8,,33.1,60.2,5.7,,,,0.0,0.0
鲁中参考点,jma_seamless,2025-09-06,3,2025-09-09,29.4,16.8,23.5,,33.1,67.5,2.9,,,,0.0,0.0
鲁中参考点,jma_seamless,2025-09-05,4,2025-09-09,32.1,18.9,26.4,,38.1,62.6,3.8,,,,0.0,0.0
鲁中参考点,jma_seamless,2025-09-04,5,2025-09-09,24.1,17.6,21.7,,,76.2,6.9,,,,11.7,0.0
鲁中参考点,jma_seamless,2025-09-03,6,2025-09-09,30.0,18.7,24.6,,33.1,61.2,4.7,,,,0.0,0.0
鲁中参考点,jma_seamless,2025-09-02,7,2025-09-09,33.6,16.5,27.7,,41.4,60.7,3.0,,,,0.3,0.0
鲁中参考点,ecmwf_ifs025,2025-09-09,1,2025-09-10,29.8,18.2,25.8,,34.5,69.9,7.4,,,21.49,0.0,
鲁中参考点,ecmwf_ifs025,2025-09-08,2,2025-09-10,30.9,18.1,24.9,,36.4,66.6,8.5,,,21.87,0.0,
鲁中参考点,ecmwf_ifs025,2025-09-07,3,2025-09-10,30.9,17.7,25.3,,37.4,70.4,6.8,,,21.56,0.0,
鲁中参考点,ecmwf_ifs025,2025-09-06,4,2025-09-10,31.0,17.4,24.6,,36.1,64.7,6.3,,,21.99,0.0,
鲁中参考点,ecmwf_ifs025,2025-09-05,5,2025-09-10,29.1,17.7,23.9,,32.6,68.4,9.0,,,21.82,0.0,
鲁中参考点,ecmwf_ifs025,2025-09-04,6,2025-09-10,29.6,17.5,23.8,,33.8,68.5,8.2,,,20.3,0.0,
鲁中参考点,ecmwf_ifs025,2025-09-03,7,2025-09-10,29.7,18.5,23.9,,33.4,65.8,8.0,,,21.04,0.0,
鲁中参考点,gfs_seamless,2025-09-09,1,2025-09-10,28.9,17.7,24.5,,,,,19.8,12.0,22.69,0.0,
鲁中参考点,gfs_seamless,2025-09-08,2,2025-09-10,28.9,16.5,23.0,,,,,23.0,0.5,22.96,0.0,
鲁中参考点,gfs_seamless,2025-09-07,3,2025-09-10,28.6,16.9,23.0,,,,,21.2,4.9,22.9,0.0,
鲁中参考点,gfs_seamless,2025-09-06,4,2025-09-10,27.9,17.7,23.1,,,,,23.0,13.0,22.9,0.0,
鲁中参考点,gfs_seamless,2025-09-05,5,2025-09-10,29.3,16.6,23.5,,,,,31.0,17.7,22.94,0.0,
鲁中参考点,gfs_seamless,2025-09-04,6,2025-09-10,28.7,15.8,24.0,,,,,17.3,15.9,22.46,0.0,
鲁中参考点,gfs_seamless,2025-09-03,7,2025-09-10,28.9,16.4,23.2,,,,,16.2,0.0,22.72,0.0,
鲁中参考点,ecmwf_ifs025,2025-09-10,1,2025-09-11,28.2,16.5,23.0,,30.3,64.2,6.9,,,12.19,0.0,
鲁中参考点,ecmwf_ifs025,2025-09-09,2,2025-09-11,27.4,15.8,23.0,,29.2,66.4,7.9,,,14.64,0.3,
鲁中参考点,ecmwf_ifs025,2025-09-08,3,2025-09-11,26.8,15.0,23.2,,,72.6,7.3,,,11.87,0.0,
鲁中参考点,ecmwf_ifs025,2025-09-07,4,2025-09-11,27.9,17.0,23.6,,30.7,71.9,5.7,,,11.23,0.3,
鲁中参考点,ecmwf_ifs025,2025-09-06,5,2025-09-11,26.6,16.6,24.1,,,78.9,8.3,,,11.42,0.0,
鲁中参考点,ecmwf_ifs025,2025-09-05,6,2025-09-11,26.2,17.8,23.0,,,73.0,9.7,,,12.7,0.3,
鲁中参考点,ecmwf_ifs025,2025-09-04,7,2025-09-11,28.3,17.2,23.3,,30.5,64.9,8.9,,,16.48,0.0,
鲁中参考点,gfs_seamless,2025-09-10,1,2025-09-11,26.8,17.9,23.1,,,,,20.9,74.2,18.76,0.0,
鲁中参考点,gfs_seamless,2025-09-09,2,2025-09-11,26.0,17.4,22.5,,,,,18.7,85.0,12.42,0.0,
鲁中参考点,gfs_seamless,2025-09-08,3,2025-09-11,26.6,17.3,22.7,,,,,19.1,99.9,14.13,0.0,
鲁中参考点,gfs_seamless,2025-09-07,4,2025-09-11,26.1,18.0,23.1,,,,,26.3,97.3,14.49,0.4,
鲁中参考点,gfs_seamless,2025-09-06,5,2025-09-11,25.3,17.6,23.1,,,,,29.9,95.4,7.72,0.0,
鲁中参考点,gfs_seamless,2025-09-05,6,2025-09-11,27.7,17.7,23.6,,,,,41.4,83.2,17.53,0.6,
鲁中参考点,gfs_seamless,2025-09-04,7,2025-09-11,28.1,17.9,23.4,,,,,29.9,10.9,22.65,0.0,
鲁中参考点,ecmwf_ifs025,2025-09-11,1,2025-09-12,23.7,19.3,22.9,,,78.2,5.3,,,7.92,0.9,
鲁中参考点,ecmwf_ifs025,2025-09-10,2,2025-09-12,24.7,19.8,23.5,,,75.6,8.9,,,13.5,9.3,
鲁中参考点,ecmwf_ifs025,2025-09-09,3,2025-09-12,21.2,18.0,21.4,,,90.8,13.5,,,4.61,42.0,
鲁中参考点,ecmwf_ifs025,2025-09-08,4,2025-09-12,20.9,17.2,20.3,,,93.1,12.2,,,4.98,22.5,
鲁中参考点,ecmwf_ifs025,2025-09-07,5,2025-09-12,23.9,18.3,23.7,,,87.3,7.5,,,5.99,12.6,
鲁中参考点,ecmwf_ifs025,2025-09-06,6,2025-09-12,26.0,17.9,23.9,,,90.2,14.7,,,6.94,89.1,
鲁中参考点,ecmwf_ifs025,2025-09-05,7,2025-09-12,23.5,18.6,23.7,,,91.4,11.7,,,3.1,37.8,
鲁中参考点,gfs_seamless,2025-09-11,1,2025-09-12,20.2,17.6,20.5,,,,,40.3,96.3,1.01,4.4,
鲁中参考点,gfs_seamless,2025-09-10,2,2025-09-12,20.3,16.1,19.2,,,,,49.0,91.4,1.79,6.6,
鲁中参考点,gfs_seamless,2025-09-09,3,2025-09-12,20.5,15.3,15.9,,,,,50.4,98.5,1.05,20.6,
鲁中参考点,gfs_seamless,2025-09-08,4,2025-09-12,20.4,16.0,16.9,,,,,62.3,100.0,0.94,36.5,
鲁中参考点,gfs_seamless,2025-09-07,5,2025-09-12,20.8,15.7,20.0,,,,,40.3,92.1,1.4,2.9,
鲁中参考点,gfs_seamless,2025-09-06,6,2025-09-12,23.2,17.5,23.2,,,,,50.4,100.0,1.03,20.6,
鲁中参考点,gfs_seamless,2025-09-05,7,2025-09-12,28.4,17.9,24.5,,,,,23.0,45.1,18.4,0.3,
鲁中参考点,ecmwf_ifs025,2025-09-12,1,2025-09-13,28.2,18.2,25.1,,31.4,72.3,4.1,,,19.96,0.0,
鲁中参考点,ecmwf_ifs025,2025-09-11,2,2025-09-13,28.0,18.1,25.3,,30.9,71.4,4.2,,,20.84,0.0,
鲁中参考点,ecmwf_ifs025,2025-09-10,3,2025-09-13,29.0,15.4,24.3,,32.8,70.5,3.9,,,20.36,0.0,
鲁中参考点,ecmwf_ifs025,2025-09-09,4,2025-09-13,27.4,14.2,22.3,,30.3,76.9,5.6,,,21.02,0.0,
鲁中参考点,ecmwf_ifs025,2025-09-08,5,2025-09-13,26.6,18.7,24.3,,,77.3,8.6,,,21.23,1.5,
鲁中参考点,ecmwf_ifs025,2025-09-07,6,2025-09-13,25.6,18.2,22.8,,,84.6,9.6,,,10.66,1.2,
鲁中参考点,ecmwf_ifs025,2025-09-06,7,2025-09-13,25.5,18.3,23.4,,,84.8,8.1,,,13.01,2.4,
鲁中参考点,gfs_seamless,2025-09-12,1,2025-09-13,27.9,17.3,23.3,,,,,17.3,30.1,22.04,0.0,
鲁中参考点,gfs_seamless,2025-09-11,2,2025-09-13,27.1,16.3,22.9,,,,,24.1,1.8,21.86,0.0,
鲁中参考点,gfs_seamless,2025-09-10,3,2025-09-13,26.5,13.8,20.8,,,,,30.6,5.9,22.29,0.0,
鲁中参考点,gfs_seamless,2025-09-09,4,2025-09-13,26.1,14.7,21.3,,,,,49.3,22.2,22.13,0.0,
鲁中参考点,gfs_seamless,2025-09-08,5,2025-09-13,25.9,14.6,21.2,,,,,20.9,9.1,22.31,0.0,
鲁中参考点,gfs_seamless,2025-09-07,6,2025-09-13,26.3,17.2,22.4,,,,,34.2,40.4,18.84,0.0,
鲁中参考点,gfs_seamless,2025-09-06,7,2025-09-13,26.7,16.9,22.2,,,,,22.3,46.4,13.45,0.0,
鲁中参考点,ecmwf_ifs025,2025-09-13,1,2025-09-14,29.3,19.4,25.7,,34.6,75.6,12.3,,,20.73,0.0,
鲁中参考点,ecmwf_ifs025,2025-09-12,2,2025-09-14,29.8,19.8,26.5,,35.1,72.5,10.2,,,20.65,0.0,
鲁中参考点,ecmwf_ifs025,2025-09-11,3,2025-09-14,30.7,20.4,26.9,,36.2,68.0,11.4,,,20.67,0.0,
鲁中参考点,ecmwf_ifs025,2025-09-10,4,2025-09-14,31.0,19.2,25.9,,36.0,64.4,11.7,,,20.03,0.0,
鲁中参考点,ecmwf_ifs025,2025-09-09,5,2025-09-14,28.8,18.6,24.2,,32.7,72.0,13.4,,,20.8,0.0,
鲁中参考点,ecmwf_ifs025,2025-09-08,6,2025-09-14,28.3,19.7,24.8,,32.2,76.0,14.0,,,19.62,0.0,
鲁中参考点,ecmwf_ifs025,2025-09-07,7,2025-09-14,28.9,20.5,26.0,,33.9,77.4,10.1,,,19.65,0.0,
鲁中参考点,gfs_seamless,2025-09-13,1,2025-09-14,28.9,18.6,25.7,,,,,35.3,1.1,21.76,0.0,
鲁中参考点,gfs_seamless,2025-09-12,2,2025-09-14,28.7,17.7,25.1,,,,,31.3,0.7,21.74,0.0,
鲁中参考点,gfs_seamless,2025-09-11,3,2025-09-14,28.4,18.1,24.5,,,,,46.1,0.5,21.72,0.0,
鲁中参考点,gfs_seamless,2025-09-10,4,2025-09-14,28.6,16.7,24.1,,,,,51.1,4.1,21.29,0.0,
鲁中参考点,gfs_seamless,2025-09-09,5,2025-09-14,27.6,17.0,23.2,,,,,51.5,2.6,21.84,0.0,
鲁中参考点,gfs_seamless,2025-09-08,6,2025-09-14,28.2,17.4,24.6,,,,,47.9,0.3,21.39,0.0,
鲁中参考点,gfs_seamless,2025-09-07,7,2025-09-14,28.2,18.9,24.9,,,,,23.0,32.5,21.36,0.0,
鲁中参考点,ecmwf_ifs025,2025-09-14,1,2025-09-15,30.1,19.6,26.9,,36.8,75.8,10.6,,,18.28,0.6,
鲁中参考点,ecmwf_ifs025,2025-09-13,2,2025-09-15,30.2,19.3,27.5,,36.8,74.8,9.7,,,19.73,0.0,
鲁中参考点,ecmwf_ifs025,2025-09-12,3,2025-09-15,30.3,20.7,28.2,,36.1,71.1,8.4,,,20.05,0.0,
鲁中参考点,ecmwf_ifs025,2025-09-11,4,2025-09-15,31.0,19.2,27.3,,38.8,73.9,9.2,,,17.83,0.0,
鲁中参考点,ecmwf_ifs025,2025-09-10,5,2025-09-15,31.5,17.6,25.3,,36.8,63.1,7.5,,,20.46,0.0,
鲁中参考点,ecmwf_ifs025,2025-09-09,6,2025-09-15,28.6,21.1,26.8,,33.6,79.5,11.0,,,18.0,0.0,
鲁中参考点,ecmwf_ifs025,2025-09-08,7,2025-09-15,29.2,20.6,26.7,,34.6,77.0,10.2,,,19.23,0.0,
鲁中参考点,gfs_seamless,2025-09-14,1,2025-09-15,28.5,20.2,26.8,,,,,21.2,44.0,17.82,1.3,
鲁中参考点,gfs_seamless,2025-09-13,2,2025-09-15,28.3,20.7,27.2,,,,,21.2,42.0,15.16,1.4,
鲁中参考点,gfs_seamless,2025-09-12,3,2025-09-15,29.3,20.5,26.8,,,,,25.6,19.0,20.98,1.0,
鲁中参考点,gfs_seamless,2025-09-11,4,2025-09-15,27.5,20.2,25.4,,,,,27.0,41.0,16.97,0.0,
鲁中参考点,gfs_seamless,2025-09-10,5,2025-09-15,28.9,19.0,25.4,,,,,43.2,18.0,21.18,0.0,
鲁中参考点,gfs_seamless,2025-09-09,6,2025-09-15,28.6,19.3,25.2,,,,,25.9,28.5,21.11,0.0,
鲁中参考点,gfs_seamless,2025-09-08,7,2025-09-15,29.8,19.7,26.3,,,,,23.4,14.8,21.24,0.0,
鲁中参考点,ecmwf_ifs025,2025-09-15,1,2025-09-16,26.3,18.3,25.2,,,90.3,12.0,,,9.28,55.5,
鲁中参考点,ecmwf_ifs025,2025-09-14,2,2025-09-16,26.9,19.1,25.6,,,90.5,11.4,,,8.77,17.7,
鲁中参考点,ecmwf_ifs025,2025-09-13,3,2025-09-16,23.8,21.0,26.3,,,96.0,10.5,,,4.25,52.5,
鲁中参考点,ecmwf_ifs025,2025-09-12,4,2025-09-16,24.9,21.0,25.6,,,92.8,13.7,,,6.99,16.8,
鲁中参考点,ecmwf_ifs025,2025-09-11,5,2025-09-16,29.3,19.2,26.3,,37.1,86.0,11.3,,,9.01,24.9,
鲁中参考点,ecmwf_ifs025,2025-09-10,6,2025-09-16,29.7,21.5,26.9,,36.2,77.8,14.2,,,13.8,4.8,
鲁中参考点,ecmwf_ifs025,2025-09-09,7,2025-09-16,24.3,20.1,25.2,,,92.4,11.7,,,6.05,12.0,
鲁中参考点,gfs_seamless,2025-09-15,1,2025-09-16,27.1,16.7,24.4,,,,,46.1,95.3,12.34,44.4,
鲁中参考点,gfs_seamless,2025-09-14,2,2025-09-16,27.1,19.3,25.9,,,,,29.9,92.7,15.42,21.7,
鲁中参考点,gfs_seamless,2025-09-13,3,2025-09-16,26.4,20.6,26.0,,,,,29.9,97.8,12.08,26.0,
鲁中参考点,gfs_seamless,2025-09-12,4,2025-09-16,26.9,20.7,26.6,,,,,18.7,97.9,12.1,6.4,
鲁中参考点,gfs_seamless,2025-09-11,5,2025-09-16,22.5,20.3,24.5,,,,,39.6,98.8,2.94,3.6,
鲁中参考点,gfs_seamless,2025-09-10,6,2025-09-16,28.2,18.0,24.5,,,,,29.2,97.0,14.8,5.1,
鲁中参考点,gfs_seamless,2025-09-09,7,2025-09-16,26.7,19.5,25.6,,,,,25.9,90.0,14.76,3.3,
鲁中参考点,ecmwf_ifs025,2025-09-16,1,2025-09-17,21.0,15.6,16.4,,,74.6,18.2,,,17.46,24.0,
鲁中参考点,ecmwf_ifs025,2025-09-15,2,2025-09-17,20.5,15.3,16.7,,,79.5,18.2,,,13.66,46.5,
鲁中参考点,ecmwf_ifs025,2025-09-14,3,2025-09-17,20.6,14.3,16.8,,,83.8,17.0,,,8.62,17.4,
鲁中参考点,ecmwf_ifs025,2025-09-13,4,2025-09-17,20.6,13.9,16.5,,,82.4,16.0,,,11.43,12.0,
鲁中参考点,ecmwf_ifs025,2025-09-12,5,2025-09-17,21.1,13.6,15.9,,,80.9,16.9,,,12.52,26.7,
鲁中参考点,ecmwf_ifs025,2025-09-11,6,2025-09-17,23.5,13.7,21.7,,,83.5,12.1,,,8.18,6.6,
鲁中参考点,ecmwf_ifs025,2025-09-10,7,2025-09-17,24.3,19.2,21.6,,,83.0,17.4,,,11.0,5.7,
鲁中参考点,gfs_seamless,2025-09-16,1,2025-09-17,20.7,15.8,15.4,,,,,40.3,67.4,20.87,0.0,
鲁中参考点,gfs_seamless,2025-09-15,2,2025-09-17,20.1,13.9,14.9,,,,,42.8,98.5,6.02,0.0,
鲁中参考点,gfs_seamless,2025-09-14,3,2025-09-17,20.9,16.9,17.1,,,,,42.8,100.0,7.56,15.1,
鲁中参考点,gfs_seamless,2025-09-13,4,2025-09-17,21.5,15.5,16.5,,,,,42.8,89.9,11.12,16.6,
鲁中参考点,gfs_seamless,2025-09-12,5,2025-09-17,21.4,14.0,16.9,,,,,47.2,87.8,3.22,3.3,
鲁中参考点,gfs_seamless,2025-09-11,6,2025-09-17,24.2,16.1,22.9,,,,,43.2,98.4,3.95,1.3,
鲁中参考点,gfs_seamless,2025-09-10,7,2025-09-17,27.7,17.7,23.3,,,,,43.2,68.5,16.5,1.1,
鲁中参考点,ecmwf_ifs025,2025-09-17,1,2025-09-18,22.0,13.0,16.9,,,67.2,6.4,,,17.55,0.0,
鲁中参考点,ecmwf_ifs025,2025-09-16,2,2025-09-18,20.9,12.9,16.9,,,71.1,5.9,,,12.12,0.0,
鲁中参考点,ecmwf_ifs025,2025-09-15,3,2025-09-18,21.6,14.2,17.3,,,68.1,5.3,,,12.79,0.0,
鲁中参考点,ecmwf_ifs025,2025-09-14,4,2025-09-18,22.4,14.1,17.6,,,67.3,4.2,,,14.92,0.0,
鲁中参考点,ecmwf_ifs025,2025-09-13,5,2025-09-18,20.5,12.9,16.4,,,68.6,5.2,,,14.07,0.0,
鲁中参考点,ecmwf_ifs025,2025-09-12,6,2025-09-18,18.8,13.2,16.0,,,70.5,2.8,,,9.1,0.9,
鲁中参考点,ecmwf_ifs025,2025-09-11,7,2025-09-18,20.5,14.9,18.5,,,76.5,12.2,,,7.83,7.5,
鲁中参考点,gfs_seamless,2025-09-17,1,2025-09-18,21.0,13.4,16.0,,,,,27.7,99.3,15.08,0.0,
鲁中参考点,gfs_seamless,2025-09-16,2,2025-09-18,20.6,14.1,15.3,,,,,15.5,100.0,9.35,0.0,
鲁中参考点,gfs_seamless,2025-09-15,3,2025-09-18,22.1,15.4,16.7,,,,,20.5,81.6,18.05,0.0,
鲁中参考点,gfs_seamless,2025-09-14,4,2025-09-18,22.3,14.1,16.4,,,,,20.5,82.1,18.01,0.0,
鲁中参考点,gfs_seamless,2025-09-13,5,2025-09-18,20.9,11.9,15.3,,,,,33.1,82.3,10.18,0.0,
鲁中参考点,gfs_seamless,2025-09-12,6,2025-09-18,21.5,16.0,17.3,,,,,34.9,94.9,18.19,0.0,
鲁中参考点,gfs_seamless,2025-09-11,7,2025-09-18,19.6,14.1,17.2,,,,,41.8,92.6,0.86,6.5,
鲁中参考点,ecmwf_ifs025,2025-09-18,1,2025-09-19,16.7,11.6,15.0,,,91.2,5.3,,,3.97,11.4,
鲁中参考点,ecmwf_ifs025,2025-09-17,2,2025-09-19,16.9,12.2,15.0,,,87.8,3.9,,,3.63,8.1,
鲁中参考点,ecmwf_ifs025,2025-09-16,3,2025-09-19,16.8,13.6,16.1,,,85.0,2.7,,,4.14,7.2,
鲁中参考点,ecmwf_ifs025,2025-09-15,4,2025-09-19,16.4,10.9,15.2,,,87.4,2.2,,,3.75,11.1,
鲁中参考点,ecmwf_ifs025,2025-09-14,5,2025-09-19,16.0,11.6,14.7,,,80.4,3.5,,,3.78,4.2,
鲁中参考点,ecmwf_ifs025,2025-09-13,6,2025-09-19,16.1,12.9,15.7,,,85.8,2.5,,,3.21,9.9,
鲁中参考点,ecmwf_ifs025,2025-09-12,7,2025-09-19,14.6,13.7,14.5,,,92.5,4.4,,,2.46,18.9,
鲁中参考点,gfs_seamless,2025-09-18,1,2025-09-19,16.7,11.3,13.3,,,,,17.6,81.8,2.58,11.6,
鲁中参考点,gfs_seamless,2025-09-17,2,2025-09-19,16.6,12.2,13.5,,,,,17.3,75.5,3.39,10.5,
鲁中参考点,gfs_seamless,2025-09-16,3,2025-09-19,20.9,13.8,16.3,,,,,9.0,67.7,11.62,0.1,
鲁中参考点,gfs_seamless,2025-09-15,4,2025-09-19,21.9,14.0,16.4,,,,,18.4,81.9,9.28,0.2,
鲁中参考点,gfs_seamless,2025-09-14,5,2025-09-19,17.7,13.3,14.9,,,,,18.7,100.0,3.3,0.3,
鲁中参考点,gfs_seamless,2025-09-13,6,2025-09-19,16.6,12.8,14.3,,,,,18.7,95.3,0.87,4.6,
鲁中参考点,gfs_seamless,2025-09-12,7,2025-09-19,17.6,12.0,13.9,,,,,25.2,100.0,0.86,3.3,
鲁中参考点,ecmwf_ifs025,2025-09-19,1,2025-09-20,21.5,9.9,15.9,,,76.0,2.5,,,20.44,0.0,
鲁中参考点,ecmwf_ifs025,2025-09-18,2,2025-09-20,21.9,10.9,16.6,,,75.1,2.4,,,20.57,0.0,
鲁中参考点,ecmwf_ifs025,2025-09-17,3,2025-09-20,20.8,12.1,16.4,,,76.6,3.6,,,20.43,0.0,
鲁中参考点,ecmwf_ifs025,2025-09-16,4,2025-09-20,21.3,10.5,16.3,,,79.9,3.5,,,20.24,0.0,
鲁中参考点,ecmwf_ifs025,2025-09-15,5,2025-09-20,21.9,11.3,16.7,,,77.3,2.9,,,20.01,0.0,
鲁中参考点,ecmwf_ifs025,2025-09-14,6,2025-09-20,21.6,12.0,16.4,,,71.0,2.4,,,11.56,0.3,
鲁中参考点,ecmwf_ifs025,2025-09-13,7,2025-09-20,21.1,13.3,17.7,,,84.0,4.0,,,8.61,0.0,
鲁中参考点,gfs_seamless,2025-09-19,1,2025-09-20,21.9,10.9,15.5,,,,,18.7,61.5,21.07,0.0,
鲁中参考点,gfs_seamless,2025-09-18,2,2025-09-20,22.0,11.2,15.7,,,,,18.7,47.7,21.03,0.0,
鲁中参考点,gfs_seamless,2025-09-17,3,2025-09-20,22.2,12.7,16.2,,,,,18.4,62.0,21.24,0.0,
鲁中参考点,gfs_seamless,2025-09-16,4,2025-09-20,23.4,12.8,16.9,,,,,15.5,49.2,20.96,0.0,
鲁中参考点,gfs_seamless,2025-09-15,5,2025-09-20,22.8,12.6,16.2,,,,,15.5,82.0,16.83,0.0,
鲁中参考点,gfs_seamless,2025-09-14,6,2025-09-20,20.7,11.6,16.2,,,,,15.5,61.3,14.87,0.0,
鲁中参考点,gfs_seamless,2025-09-13,7,2025-09-20,22.2,11.5,16.0,,,,,23.0,34.4,20.25,0.0,
鲁中参考点,ecmwf_ifs025,2025-09-20,1,2025-09-21,23.0,13.7,18.7,,,69.9,5.1,,,19.23,0.0,
鲁中参考点,ecmwf_ifs025,2025-09-19,2,2025-09-21,22.5,14.1,18.5,,,73.2,5.7,,,16.15,0.0,
鲁中参考点,ecmwf_ifs025,2025-09-18,3,2025-09-21,22.3,14.5,18.5,,,72.8,5.0,,,14.57,0.0,
鲁中参考点,ecmwf_ifs025,2025-09-17,4,2025-09-21,22.2,12.8,17.5,,,74.6,4.7,,,14.31,0.0,
鲁中参考点,ecmwf_ifs025,2025-09-16,5,2025-09-21,21.5,12.5,17.4,,,78.3,4.6,,,9.41,0.0,
鲁中参考点,ecmwf_ifs025,2025-09-15,6,2025-09-21,22.9,13.8,18.4,,,79.1,3.7,,,10.22,0.0,
鲁中参考点,ecmwf_ifs025,2025-09-14,7,2025-09-21,21.9,15.4,19.0,,,85.2,4.6,,,7.77,4.8,
鲁中参考点,gfs_seamless,2025-09-20,1,2025-09-21,21.6,14.4,17.2,,,,,24.8,98.9,14.05,0.0,
鲁中参考点,gfs_seamless,2025-09-19,2,2025-09-21,22.1,14.5,17.4,,,,,32.4,96.7,17.34,0.0,
鲁中参考点,gfs_seamless,2025-09-18,3,2025-09-21,22.3,14.0,17.1,,,,,26.6,99.5,16.89,0.0,
鲁中参考点,gfs_seamless,2025-09-17,4,2025-09-21,21.9,14.5,17.4,,,,,23.4,100.0,15.03,0.0,
鲁中参考点,gfs_seamless,2025-09-16,5,2025-09-21,22.2,13.7,17.0,,,,,22.0,96.1,14.14,0.0,
鲁中参考点,gfs_seamless,2025-09-15,6,2025-09-21,24.2,14.6,18.0,,,,,18.4,60.6,16.74,0.0,
鲁中参考点,gfs_seamless,2025-09-14,7,2025-09-21,24.2,13.9,19.2,,,,,11.9,46.5,17.46,0.0,
鲁中参考点,ecmwf_ifs025,2025-09-21,1,2025-09-22,20.4,16.1,18.7,,,81.6,2.7,,,7.64,0.9,
鲁中参考点,ecmwf_ifs025,2025-09-20,2,2025-09-22,19.3,15.4,18.4,,,81.5,1.8,,,5.31,4.2,
鲁中参考点,ecmwf_ifs025,2025-09-19,3,2025-09-22,20.0,15.7,18.2,,,85.6,3.1,,,6.65,7.8,
鲁中参考点,ecmwf_ifs025,2025-09-18,4,2025-09-22,20.0,15.7,18.1,,,84.5,4.9,,,7.91,7.2,
鲁中参考点,ecmwf_ifs025,2025-09-17,5,2025-09-22,17.2,14.5,17.3,,,92.2,4.4,,,4.12,3.9,
鲁中参考点,ecmwf_ifs025,2025-09-16,6,2025-09-22,18.6,14.1,16.6,,,77.2,5.0,,,4.38,3.3,
鲁中参考点,ecmwf_ifs025,2025-09-15,7,2025-09-22,19.6,15.0,18.7,,,85.8,3.2,,,4.45,1.2,
鲁中参考点,gfs_seamless,2025-09-21,1,2025-09-22,17.2,14.9,15.8,,,,,22.7,100.0,1.16,0.3,
鲁中参考点,gfs_seamless,2025-09-20,2,2025-09-22,17.4,14.6,16.1,,,,,24.1,100.0,1.29,0.0,
鲁中参考点,gfs_seamless,2025-09-19,3,2025-09-22,17.1,15.3,16.3,,,,,10.1,100.0,1.37,0.0,
鲁中参考点,gfs_seamless,2025-09-18,4,2025-09-22,18.0,14.9,15.9,,,,,14.4,100.0,1.13,2.7,
鲁中参考点,gfs_seamless,2025-09-17,5,2025-09-22,17.7,13.0,15.4,,,,,29.9,100.0,1.32,2.8,
鲁中参考点,gfs_seamless,2025-09-16,6,2025-09-22,18.7,16.2,17.2,,,,,30.2,100.0,2.19,0.0,
鲁中参考点,gfs_seamless,2025-09-15,7,2025-09-22,20.7,16.7,19.2,,,,,14.4,100.0,4.21,0.6,
鲁中参考点,ecmwf_ifs025,2025-09-22,1,2025-09-23,17.2,15.5,17.3,,,95.0,4.5,,,3.41,23.1,
鲁中参考点,ecmwf_ifs025,2025-09-21,2,2025-09-23,17.5,15.5,18.0,,,94.9,5.0,,,2.37,24.9,
鲁中参考点,ecmwf_ifs025,2025-09-20,3,2025-09-23,17.8,15.0,17.1,,,94.1,4.5,,,2.54,27.3,
鲁中参考点,ecmwf_ifs025,2025-09-19,4,2025-09-23,18.2,15.4,17.6,,,95.1,6.5,,,3.57,19.2,
鲁中参考点,ecmwf_ifs025,2025-09-18,5,2025-09-23,23.1,14.3,19.1,,,81.9,2.3,,,12.33,6.9,
鲁中参考点,ecmwf_ifs025,2025-09-17,6,2025-09-23,19.0,13.1,16.6,,,86.1,3.9,,,6.48,4.2,
鲁中参考点,ecmwf_ifs025,2025-09-16,7,2025-09-23,20.9,14.4,17.3,,,79.4,2.8,,,16.55,0.3,
鲁中参考点,gfs_seamless,2025-09-22,1,2025-09-23,15.9,14.8,16.0,,,,,14.8,100.0,0.44,42.9,
鲁中参考点,gfs_seamless,2025-09-21,2,2025-09-23,18.2,13.8,15.9,,,,,15.5,100.0,2.37,28.5,
鲁中参考点,gfs_seamless,2025-09-20,3,2025-09-23,16.6,14.3,16.3,,,,,9.0,100.0,0.95,17.2,
鲁中参考点,gfs_seamless,2025-09-19,4,2025-09-23,19.2,14.7,16.2,,,,,9.7,100.0,4.68,6.8,
鲁中参考点,gfs_seamless,2025-09-18,5,2025-09-23,20.4,13.7,16.7,,,,,26.6,100.0,10.39,0.2,
鲁中参考点,gfs_seamless,2025-09-17,6,2025-09-23,17.0,12.5,15.0,,,,,15.8,100.0,0.84,5.4,
鲁中参考点,gfs_seamless,2025-09-16,7,2025-09-23,17.0,14.4,16.3,,,,,23.0,99.8,0.89,2.1,
鲁中参考点,gfs_seamless,2025-09-23,1,2025-09-24,23.5,15.2,19.0,,,79.5,5.9,14.0,64.7,,,0.0
鲁中参考点,gfs_seamless,2025-09-22,2,2025-09-24,24.1,15.7,19.9,,,78.9,4.8,7.9,58.3,,,0.0
鲁中参考点,gfs_seamless,2025-09-21,3,2025-09-24,24.5,14.1,19.8,,,77.5,4.8,9.0,38.8,,,0.0
鲁中参考点,gfs_seamless,2025-09-20,4,2025-09-24,24.7,15.7,20.5,,,81.5,5.6,11.9,50.1,,,0.0
鲁中参考点,gfs_seamless,2025-09-19,5,2025-09-24,23.7,15.5,20.4,,,82.0,5.4,16.6,44.1,,,0.0
鲁中参考点,gfs_seamless,2025-09-18,6,2025-09-24,24.3,15.5,19.9,,,76.2,4.7,11.2,46.5,,,0.0
鲁中参考点,gfs_seamless,2025-09-17,7,2025-09-24,23.2,14.1,18.8,,,87.0,5.8,11.9,71.7,,,0.0
鲁中参考点,gfs_seamless,2025-09-24,1,2025-09-25,24.5,14.7,18.7,,,64.3,7.5,17.6,0.0,,,0.0
鲁中参考点,gfs_seamless,2025-09-23,2,2025-09-25,24.9,15.0,18.9,,,63.6,7.2,19.8,0.0,,,0.0
鲁中参考点,gfs_seamless,2025-09-22,3,2025-09-25,24.9,15.0,19.3,,,67.2,7.8,18.0,0.0,,,0.0
鲁中参考点,gfs_seamless,2025-09-21,4,2025-09-25,25.4,16.1,20.1,,,67.3,7.0,17.6,0.6,,,0.0
鲁中参考点,gfs_seamless,2025-09-20,5,2025-09-25,25.7,16.4,20.6,,,69.8,7.3,16.2,0.1,,,0.0
鲁中参考点,gfs_seamless,2025-09-19,6,2025-09-25,25.0,15.4,20.2,,,72.2,7.4,21.2,0.0,,,0.0
鲁中参考点,gfs_seamless,2025-09-18,7,2025-09-25,26.4,16.5,21.5,,,74.5,7.6,24.8,43.5,,,0.0
鲁中参考点,gfs_seamless,2025-09-25,1,2025-09-26,24.6,15.5,19.6,,,64.6,5.8,15.8,55.0,,,0.0
鲁中参考点,gfs_seamless,2025-09-24,2,2025-09-26,24.5,14.7,19.1,,,58.0,6.7,15.8,52.1,,,0.0
鲁中参考点,gfs_seamless,2025-09-23,3,2025-09-26,25.0,16.0,19.9,,,64.3,7.0,14.4,38.0,,,0.0
鲁中参考点,gfs_seamless,2025-09-22,4,2025-09-26,25.3,15.7,19.7,,,79.9,6.0,14.0,51.2,,,0.0
鲁中参考点,gfs_seamless,2025-09-21,5,2025-09-26,24.8,16.4,20.5,,,78.2,4.9,13.3,76.1,,,0.0
鲁中参考点,gfs_seamless,2025-09-20,6,2025-09-26,24.9,16.4,19.6,,,61.8,7.9,21.6,46.2,,,0.0
鲁中参考点,gfs_seamless,2025-09-19,7,2025-09-26,25.2,16.2,19.7,,,63.5,7.1,17.6,31.9,,,0.0
鲁中参考点,gfs_seamless,2025-09-26,1,2025-09-27,20.9,16.6,19.1,,,80.2,4.5,12.6,97.8,,,0.0
鲁中参考点,gfs_seamless,2025-09-25,2,2025-09-27,19.2,14.5,17.7,,,80.8,4.4,19.8,100.0,,,0.0
鲁中参考点,gfs_seamless,2025-09-24,3,2025-09-27,19.2,15.2,17.4,,,89.3,5.3,23.8,100.0,,,0.0
鲁中参考点,gfs_seamless,2025-09-23,4,2025-09-27,22.4,16.7,19.1,,,82.5,4.2,8.6,100.0,,,0.0
鲁中参考点,gfs_seamless,2025-09-22,5,2025-09-27,19.9,17.5,20.0,,,89.0,3.3,19.8,97.8,,,0.0
鲁中参考点,gfs_seamless,2025-09-21,6,2025-09-27,22.9,17.0,21.8,,,92.6,7.3,37.1,99.1,,,0.0
鲁中参考点,gfs_seamless,2025-09-20,7,2025-09-27,23.5,15.0,18.9,,,67.7,6.1,17.3,60.8,,,0.0
鲁中参考点,gfs_seamless,2025-09-27,1,2025-09-28,22.7,16.9,20.9,,,85.8,5.0,13.3,100.0,,,0.0
鲁中参考点,gfs_seamless,2025-09-26,2,2025-09-28,19.9,16.4,18.8,,,91.3,6.2,18.0,99.9,,,0.0
鲁中参考点,gfs_seamless,2025-09-25,3,2025-09-28,20.3,15.5,18.4,,,86.1,6.7,16.6,99.9,,,0.0
鲁中参考点,gfs_seamless,2025-09-24,4,2025-09-28,22.3,13.7,18.1,,,82.7,7.0,22.3,94.4,,,0.0
鲁中参考点,gfs_seamless,2025-09-23,5,2025-09-28,23.3,16.2,19.4,,,78.2,6.9,16.6,97.2,,,0.0
鲁中参考点,gfs_seamless,2025-09-22,6,2025-09-28,24.1,14.7,19.4,,,76.1,7.3,21.6,86.9,,,0.0
鲁中参考点,gfs_seamless,2025-09-21,7,2025-09-28,26.2,14.7,19.1,,,71.9,9.8,33.5,58.5,,,0.0
鲁中参考点,gfs_seamless,2025-09-28,1,2025-09-29,25.7,17.4,22.2,,,69.0,5.5,23.0,57.1,,,0.0
鲁中参考点,gfs_seamless,2025-09-27,2,2025-09-29,25.3,16.1,21.9,,,74.0,5.5,14.8,69.9,,,0.0
鲁中参考点,gfs_seamless,2025-09-26,3,2025-09-29,24.2,16.7,21.0,,,70.2,4.3,6.8,67.0,,,0.0
鲁中参考点,gfs_seamless,2025-09-25,4,2025-09-29,24.9,15.2,20.0,,,66.2,5.4,20.2,59.9,,,0.0
鲁中参考点,gfs_seamless,2025-09-24,5,2025-09-29,24.8,16.1,19.7,,,65.8,5.8,20.5,67.0,,,0.0
鲁中参考点,gfs_seamless,2025-09-23,6,2025-09-29,24.2,15.3,19.2,,,62.2,6.4,16.6,50.0,,,0.0
鲁中参考点,gfs_seamless,2025-09-22,7,2025-09-29,26.6,17.3,21.2,,,65.8,7.3,18.4,76.2,,,0.0
鲁中参考点,gfs_seamless,2025-09-29,1,2025-09-30,24.7,15.8,20.7,,,79.5,10.2,22.7,9.5,,,0.0
鲁中参考点,gfs_seamless,2025-09-28,2,2025-09-30,24.9,16.0,21.1,,,78.8,9.5,22.7,8.8,,,0.0
鲁中参考点,gfs_seamless,2025-09-27,3,2025-09-30,25.4,16.0,21.2,,,74.7,8.7,21.6,9.5,,,0.0
鲁中参考点,gfs_seamless,2025-09-26,4,2025-09-30,24.3,15.7,20.4,,,78.4,10.3,27.4,25.8,,,0.0
鲁中参考点,gfs_seamless,2025-09-25,5,2025-09-30,23.7,15.3,19.4,,,79.2,12.4,35.6,32.7,,,0.0
鲁中参考点,gfs_seamless,2025-09-24,6,2025-09-30,24.7,15.7,19.8,,,74.5,10.5,24.5,16.5,,,0.0
鲁中参考点,gfs_seamless,2025-09-23,7,2025-09-30,23.8,16.0,20.0,,,73.5,8.6,30.6,50.6,,,0.0
鲁中参考点,gfs_seamless,2025-09-30,1,2025-10-01,25.5,17.3,21.1,,,76.0,10.8,38.9,94.8,,,0.0
鲁中参考点,gfs_seamless,2025-09-29,2,2025-10-01,25.5,17.3,21.3,,,75.1,8.7,25.2,96.1,,,0.0
鲁中参考点,gfs_seamless,2025-09-28,3,2025-10-01,26.4,16.6,21.1,,,76.2,8.3,18.4,88.8,,,0.0
鲁中参考点,gfs_seamless,2025-09-27,4,2025-10-01,25.6,16.1,20.7,,,78.0,10.0,31.3,98.5,,,0.0
鲁中参考点,gfs_seamless,2025-09-26,5,2025-10-01,26.3,16.5,21.1,,,72.2,10.9,40.7,89.5,,,0.0
鲁中参考点,gfs_seamless,2025-09-25,6,2025-10-01,24.9,16.6,20.8,,,76.5,10.8,37.8,91.3,,,0.0
鲁中参考点,gfs_seamless,2025-09-24,7,2025-10-01,25.3,16.7,20.8,,,77.8,7.9,34.6,97.0,,,0.0
鲁中参考点,gfs_seamless,2025-10-01,1,2025-10-02,17.2,14.9,15.3,,,93.2,12.0,44.6,100.0,,,0.0
鲁中参考点,gfs_seamless,2025-09-30,2,2025-10-02,17.4,14.8,15.7,,,93.0,8.9,40.3,100.0,,,0.0
鲁中参考点,gfs_seamless,2025-09-29,3,2025-10-02,16.2,15.0,15.3,,,92.5,11.8,38.2,100.0,,,0.0
鲁中参考点,gfs_seamless,2025-09-28,4,2025-10-02,15.8,14.2,14.3,,,93.6,15.9,47.5,100.0,,,0.0
鲁中参考点,gfs_seamless,2025-09-27,5,2025-10-02,16.0,13.8,13.4,,,93.8,17.6,49.0,100.0,,,0.0
鲁中参考点,gfs_seamless,2025-09-26,6,2025-10-02,16.9,14.8,15.4,,,92.4,9.1,41.4,100.0,,,0.0
鲁中参考点,gfs_seamless,2025-09-25,7,2025-10-02,21.1,14.2,16.6,,,85.3,6.6,29.5,96.6,,,0.0
鲁中参考点,gfs_seamless,2025-10-02,1,2025-10-03,20.4,15.6,17.5,,,90.2,11.6,39.6,93.1,,,0.0
鲁中参考点,gfs_seamless,2025-10-01,2,2025-10-03,19.5,15.0,17.3,,,92.5,8.2,19.1,95.2,,,0.0
鲁中参考点,gfs_seamless,2025-09-30,3,2025-10-03,21.7,15.7,18.6,,,88.2,6.0,18.7,89.6,,,0.0
鲁中参考点,gfs_seamless,2025-09-29,4,2025-10-03,21.6,15.0,19.1,,,85.2,4.6,7.9,92.4,,,0.0
鲁中参考点,gfs_seamless,2025-09-28,5,2025-10-03,22.1,13.9,18.5,,,82.3,5.0,8.6,92.2,,,0.0
鲁中参考点,gfs_seamless,2025-09-27,6,2025-10-03,21.7,14.8,18.4,,,82.0,5.7,21.2,83.6,,,0.0
鲁中参考点,gfs_seamless,2025-09-26,7,2025-10-03,21.2,14.0,18.2,,,84.6,4.6,8.3,95.3,,,0.0
鲁中参考点,gfs_seamless,2025-10-03,1,2025-10-04,23.9,15.2,20.8,,,84.0,3.5,11.9,92.4,,,0.0
鲁中参考点,gfs_seamless,2025-10-02,2,2025-10-04,24.0,15.2,20.8,,,82.7,3.6,9.0,96.1,,,0.0
鲁中参考点,gfs_seamless,2025-10-01,3,2025-10-04,23.8,15.4,20.7,,,81.5,4.0,6.5,72.8,,,0.0
鲁中参考点,gfs_seamless,2025-09-30,4,2025-10-04,23.5,15.3,20.1,,,85.5,3.7,10.8,59.2,,,0.0
鲁中参考点,gfs_seamless,2025-09-29,5,2025-10-04,23.1,15.5,20.5,,,78.6,6.1,12.2,71.5,,,0.0
鲁中参考点,gfs_seamless,2025-09-28,6,2025-10-04,22.9,15.6,19.8,,,76.8,5.5,19.1,69.2,,,0.0
鲁中参考点,gfs_seamless,2025-09-27,7,2025-10-04,23.6,15.1,19.8,,,78.0,5.7,17.6,89.3,,,0.0
鲁中参考点,gfs_seamless,2025-10-04,1,2025-10-05,20.6,17.5,20.7,,,93.6,3.3,4.7,100.0,,,0.0
鲁中参考点,gfs_seamless,2025-10-03,2,2025-10-05,18.3,17.0,20.0,,,96.4,4.5,23.8,100.0,,,0.0
鲁中参考点,gfs_seamless,2025-10-02,3,2025-10-05,19.3,17.4,19.7,,,94.8,4.8,26.6,100.0,,,0.0
鲁中参考点,gfs_seamless,2025-10-01,4,2025-10-05,19.3,17.2,20.4,,,95.5,3.7,26.6,100.0,,,0.0
鲁中参考点,gfs_seamless,2025-09-30,5,2025-10-05,20.6,17.5,20.9,,,95.3,4.7,16.9,99.9,,,0.0
鲁中参考点,gfs_seamless,2025-09-29,6,2025-10-05,24.2,17.4,22.1,,,93.9,9.5,43.6,99.5,,,0.0
鲁中参考点,gfs_seamless,2025-09-28,7,2025-10-05,20.1,16.8,19.9,,,95.4,3.7,23.0,100.0,,,0.0
鲁中参考点,gfs_seamless,2025-10-05,1,2025-10-06,18.2,13.9,15.6,,,96.6,9.4,33.1,100.0,,,0.0
鲁中参考点,gfs_seamless,2025-10-04,2,2025-10-06,18.1,14.3,17.3,,,96.2,8.7,34.9,100.0,,,0.0
鲁中参考点,gfs_seamless,2025-10-03,3,2025-10-06,17.4,14.7,17.6,,,96.5,6.6,28.8,100.0,,,0.0
鲁中参考点,gfs_seamless,2025-10-02,4,2025-10-06,17.5,15.7,17.9,,,97.0,6.7,31.0,100.0,,,0.0
鲁中参考点,gfs_seamless,2025-10-01,5,2025-10-06,20.9,16.6,20.4,,,96.4,4.3,9.7,100.0,,,0.0
鲁中参考点,gfs_seamless,2025-09-30,6,2025-10-06,22.2,17.8,22.1,,,92.8,4.5,11.2,97.0,,,0.0
鲁中参考点,gfs_seamless,2025-09-29,7,2025-10-06,21.4,16.9,20.2,,,90.8,8.6,31.3,99.3,,,0.0
鲁中参考点,gfs_seamless,2025-10-06,1,2025-10-07,21.0,13.3,16.9,,,85.2,6.8,13.3,68.0,,,0.0
鲁中参考点,gfs_seamless,2025-10-05,2,2025-10-07,21.7,13.1,17.2,,,81.0,6.4,11.9,46.0,,,0.0
鲁中参考点,gfs_seamless,2025-10-04,3,2025-10-07,23.0,14.5,18.7,,,77.7,4.7,9.7,63.5,,,0.0
鲁中参考点,gfs_seamless,2025-10-03,4,2025-10-07,20.4,15.5,19.0,,,91.3,5.0,14.4,99.8,,,0.0
鲁中参考点,gfs_seamless,2025-10-02,5,2025-10-07,20.5,15.6,17.2,,,88.9,9.2,35.6,96.5,,,0.0
鲁中参考点,gfs_seamless,2025-10-01,6,2025-10-07,20.6,16.3,19.4,,,92.3,6.2,17.6,94.6,,,0.0
鲁中参考点,gfs_seamless,2025-09-30,7,2025-10-07,21.9,17.2,21.5,,,95.0,4.8,16.9,100.0,,,0.0
鲁中参考点,ecmwf_ifs025,2025-10-21,1,2025-10-22,12.3,2.2,4.3,,,,,,6.0,,,
鲁中参考点,ecmwf_ifs025,2025-10-20,2,2025-10-22,12.6,2.5,4.7,,,,,,16.8,,,
鲁中参考点,ecmwf_ifs025,2025-10-19,3,2025-10-22,12.0,2.3,4.3,,,,,,37.6,,,
鲁中参考点,ecmwf_ifs025,2025-10-18,4,2025-10-22,12.4,2.5,4.5,,,,,,8.0,,,
鲁中参考点,ecmwf_ifs025,2025-10-17,5,2025-10-22,12.9,2.6,4.7,,,,,,27.7,,,
鲁中参考点,ecmwf_ifs025,2025-10-16,6,2025-10-22,14.7,6.3,7.1,,,,,,27.5,,,
鲁中参考点,ecmwf_ifs025,2025-10-15,7,2025-10-22,14.7,6.3,7.1,,,,,,27.5,,,
鲁中参考点,jma_seamless,2025-10-21,1,2025-10-22,18.6,9.3,9.7,,,57.1,4.5,,8.2,,0.0,0.0
鲁中参考点,jma_seamless,2025-10-20,2,2025-10-22,18.6,9.6,9.9,,,52.4,3.6,,12.0,,0.0,0.0
鲁中参考点,jma_seamless,2025-10-19,3,2025-10-22,18.7,9.3,9.8,,,52.6,3.4,,1.7,,0.0,0.0
鲁中参考点,jma_seamless,2025-10-18,4,2025-10-22,17.8,8.0,9.1,,,52.5,3.3,,9.4,,0.0,0.0
鲁中参考点,jma_seamless,2025-10-17,5,2025-10-22,17.9,7.5,8.6,,,49.6,2.9,,20.3,,0.0,0.0
鲁中参考点,jma_seamless,2025-10-16,6,2025-10-22,18.3,8.3,9.5,,,56.0,3.3,,6.0,,0.0,0.0
鲁中参考点,jma_seamless,2025-10-15,7,2025-10-22,19.8,9.0,11.2,,,52.3,4.6,,45.8,,0.0,0.0
鲁中参考点,ecmwf_ifs025,2025-10-22,1,2025-10-23,13.1,4.7,6.1,,,,,,49.0,,,
鲁中参考点,ecmwf_ifs025,2025-10-21,2,2025-10-23,13.3,5.9,6.6,,,,,,54.5,,,
鲁中参考点,ecmwf_ifs025,2025-10-20,3,2025-10-23,13.1,4.8,6.7,,,,,,58.5,,,
鲁中参考点,ecmwf_ifs025,2025-10-19,4,2025-10-23,13.0,5.3,6.6,,,,,,39.3,,,
鲁中参考点,ecmwf_ifs025,2025-10-18,5,2025-10-23,13.7,4.6,6.6,,,,,,46.5,,,
鲁中参考点,ecmwf_ifs025,2025-10-17,6,2025-10-23,14.0,4.8,6.7,,,,,,25.6,,,
鲁中参考点,ecmwf_ifs025,2025-10-16,7,2025-10-23,14.0,4.8,6.7,,,,,,25.6,,,
鲁中参考点,jma_seamless,2025-10-22,1,2025-10-23,18.2,7.7,10.8,6.8,,70.0,6.1,,32.3,,0.0,0.0
鲁中参考点,jma_seamless,2025-10-21,2,2025-10-23,18.2,8.7,11.1,7.9,,66.9,6.1,,47.9,,0.0,0.0
鲁中参考点,jma_seamless,2025-10-20,3,2025-10-23,16.9,11.3,12.2,,,63.9,6.5,,37.2,,0.0,0.0
鲁中参考点,jma_seamless,2025-10-19,4,2025-10-23,16.7,9.6,11.7,9.3,,61.9,4.9,,42.0,,0.0,0.0
鲁中参考点,jma_seamless,2025-10-18,5,2025-10-23,18.0,7.1,10.7,6.5,,63.7,4.9,,37.7,,0.0,0.0
鲁中参考点,jma_seamless,2025-10-17,6,2025-10-23,17.2,7.0,9.5,,,63.4,4.5,,43.3,,0.0,0.0
鲁中参考点,jma_seamless,2025-10-16,7,2025-10-23,19.7,7.4,10.5,,,61.6,4.2,,27.2,,0.0,0.0
鲁中参考点,ecmwf_ifs025,2025-10-23,1,2025-10-24,14.1,6.4,7.3,,,,,,46.6,,,
鲁中参考点,ecmwf_ifs025,2025-10-22,2,2025-10-24,13.9,5.1,6.8,,,,,,40.0,,,
鲁中参考点,ecmwf_ifs025,2025-10-21,3,2025-10-24,14.1,4.6,6.9,,,,,,40.4,,,
鲁中参考点,ecmwf_ifs025,2025-10-20,4,2025-10-24,13.0,5.1,6.9,,,,,,36.5,,,
鲁中参考点,ecmwf_ifs025,2025-10-19,5,2025-10-24,13.8,5.6,7.4,,,,,,30.9,,,
鲁中参考点,ecmwf_ifs025,2025-10-18,6,2025-10-24,15.9,3.9,7.6,,,,,,47.7,,,
鲁中参考点,ecmwf_ifs025,2025-10-17,7,2025-10-24,15.9,3.9,7.6,,,,,,47.7,,,
鲁中参考点,jma_seamless,2025-10-23,1,2025-10-24,15.3,11.4,11.7,,,66.3,4.4,,43.8,,0.0,0.0
鲁中参考点,jma_seamless,2025-10-22,2,2025-10-24,16.2,10.9,11.7,,,62.8,4.2,,39.8,,0.0,0.0
鲁中参考点,jma_seamless,2025-10-21,3,2025-10-24,15.3,11.2,11.7,,,60.0,4.6,,36.4,,0.0,0.0
鲁中参考点,jma_seamless,2025-10-20,4,2025-10-24,17.2,12.1,12.5,,,59.8,3.1,,64.2,,0.0,0.0
鲁中参考点,jma_seamless,2025-10-19,5,2025-10-24,16.0,10.8,11.2,,,63.4,2.9,,76.5,,0.0,0.0
鲁中参考点,jma_seamless,2025-10-18,6,2025-10-24,16.3,9.1,10.8,,,59.8,2.2,,76.6,,0.0,0.0
鲁中参考点,jma_seamless,2025-10-17,7,2025-10-24,16.7,10.2,10.8,,,71.5,3.2,,72.6,,0.0,0.0
鲁中参考点,ecmwf_ifs025,2025-10-24,1,2025-10-25,12.1,5.6,6.8,,,,,,69.4,,,
鲁中参考点,ecmwf_ifs025,2025-10-23,2,2025-10-25,14.2,6.1,7.1,,,,,,71.4,,,
鲁中参考点,ecmwf_ifs025,2025-10-22,3,2025-10-25,15.7,6.6,8.4,,,,,,71.2,,,
鲁中参考点,ecmwf_ifs025,2025-10-21,4,2025-10-25,11.7,5.5,7.0,,,,,,82.8,,,
鲁中参考点,ecmwf_ifs025,2025-10-20,5,2025-10-25,13.8,6.3,8.0,,,,,,72.1,,,
鲁中参考点,ecmwf_ifs025,2025-10-19,6,2025-10-25,13.5,5.0,6.5,,,,,,37.4,,,
鲁中参考点,ecmwf_ifs025,2025-10-18,7,2025-10-25,13.5,5.0,6.5,,,,,,37.4,,,
鲁中参考点,jma_seamless,2025-10-24,1,2025-10-25,14.0,8.2,10.4,7.5,,71.6,5.6,,71.5,,0.0,0.0
鲁中参考点,jma_seamless,2025-10-23,2,2025-10-25,14.8,9.3,11.3,8.9,,69.1,5.2,,64.4,,0.0,0.0
鲁中参考点,jma_seamless,2025-10-22,3,2025-10-25,15.6,9.3,10.9,9.0,,75.4,4.9,,71.4,,1.2,0.0
鲁中参考点,jma_seamless,2025-10-21,4,2025-10-25,15.0,9.3,12.1,,,67.0,4.6,,53.9,,0.0,0.0
鲁中参考点,jma_seamless,2025-10-20,5,2025-10-25,14.7,10.4,12.5,,,66.0,4.4,,58.3,,0.0,0.0
鲁中参考点,jma_seamless,2025-10-19,6,2025-10-25,17.1,10.0,12.2,9.7,,55.2,5.1,,73.5,,0.0,0.0
鲁中参考点,jma_seamless,2025-10-18,7,2025-10-25,17.3,11.1,12.4,,,59.8,5.5,,77.0,,0.0,0.0
鲁中参考点,ecmwf_ifs025,2025-10-25,1,2025-10-26,12.0,3.8,5.5,,,,,,39.0,,,
鲁中参考点,ecmwf_ifs025,2025-10-24,2,2025-10-26,10.4,2.6,4.2,,,,,,32.2,,,
鲁中参考点,ecmwf_ifs025,2025-10-23,3,2025-10-26,10.5,2.8,4.8,,,,,,40.7,,,
鲁中参考点,ecmwf_ifs025,2025-10-22,4,2025-10-26,10.5,2.6,5.4,,,,,,56.5,,,
鲁中参考点,ecmwf_ifs025,2025-10-21,5,2025-10-26,10.8,3.5,6.4,,,,,,52.0,,,
鲁中参考点,ecmwf_ifs025,2025-10-20,6,2025-10-26,12.8,4.3,5.0,,,,,,8.9,,,
鲁中参考点,ecmwf_ifs025,2025-10-19,7,2025-10-26,13.8,4.4,6.9,,,,,,21.0,,,
鲁中参考点,jma_seamless,2025-10-25,1,2025-10-26,13.2,6.5,6.3,5.0,,58.6,7.7,,26.8,,0.6,0.0
鲁中参考点,jma_seamless,2025-10-24,2,2025-10-26,13.1,6.4,6.5,4.7,,56.7,8.2,,35.9,,0.0,0.0
鲁中参考点,jma_seamless,2025-10-23,3,2025-10-26,13.6,7.0,6.9,6.1,,64.2,5.6,,26.7,,0.6,0.0
鲁中参考点,jma_seamless,2025-10-22,4,2025-10-26,14.2,6.0,6.8,4.7,,54.7,6.7,,16.0,,0.0,0.0
鲁中参考点,jma_seamless,2025-10-21,5,2025-10-26,14.5,6.7,8.0,,,70.1,3.5,,10.0,,0.0,0.0
鲁中参考点,jma_seamless,2025-10-20,6,2025-10-26,14.7,6.7,9.5,5.8,,60.4,5.6,,2.9,,0.0,0.0
鲁中参考点,jma_seamless,2025-10-19,7,2025-10-26,13.2,10.0,10.7,,,59.4,4.3,,22.0,,0.0,0.0
鲁中参考点,ecmwf_ifs025,2025-10-26,1,2025-10-27,13.7,1.4,4.2,,,,,,0.1,,,
鲁中参考点,ecmwf_ifs025,2025-10-25,2,2025-10-27,11.8,0.8,2.7,,,,,,0.2,,,
鲁中参考点,ecmwf_ifs025,2025-10-24,3,2025-10-27,12.5,0.6,3.0,,,,,,1.0,,,
鲁中参考点,ecmwf_ifs025,2025-10-23,4,2025-10-27,12.5,1.6,3.2,,,,,,2.5,,,
鲁中参考点,ecmwf_ifs025,2025-10-22,5,2025-10-27,11.3,2.3,2.9,,,,,,0.8,,,
鲁中参考点,ecmwf_ifs025,2025-10-21,6,2025-10-27,12.0,3.1,3.2,,,,,,1.7,,,
鲁中参考点,ecmwf_ifs025,2025-10-20,7,2025-10-27,15.8,4.4,6.4,,,,,,16.7,,,
鲁中参考点,jma_seamless,2025-10-26,1,2025-10-27,13.9,4.4,5.1,,,34.3,4.0,,0.0,,0.0,0.0
鲁中参考点,jma_seamless,2025-10-25,2,2025-10-27,13.9,4.2,4.8,,,26.6,3.1,,0.0,,0.0,0.0
鲁中参考点,jma_seamless,2025-10-24,3,2025-10-27,13.8,5.0,5.0,,,30.0,3.1,,2.2,,0.0,0.0
鲁中参考点,jma_seamless,2025-10-23,4,2025-10-27,14.9,3.5,4.8,,,29.8,2.9,,0.0,,0.0,0.0
鲁中参考点,jma_seamless,2025-10-22,5,2025-10-27,14.9,4.1,5.0,,,33.2,2.8,,0.0,,0.0,0.0
鲁中参考点,jma_seamless,2025-10-21,6,2025-10-27,13.5,5.4,5.3,4.6,,52.8,4.9,,19.5,,0.0,0.0
鲁中参考点,jma_seamless,2025-10-20,7,2025-10-27,14.0,7.7,6.5,7.0,,63.0,5.4,,76.7,,0.0,0.0
鲁中参考点,ecmwf_ifs025,2025-10-27,1,2025-10-28,15.2,7.0,7.6,,,,,,5.1,,,
鲁中参考点,ecmwf_ifs025,2025-10-26,2,2025-10-28,15.7,6.2,6.3,,,,,,2.0,,,
鲁中参考点,ecmwf_ifs025,2025-10-25,3,2025-10-28,14.0,5.2,4.9,,,,,,10.1,,,
鲁中参考点,ecmwf_ifs025,2025-10-24,4,2025-10-28,13.7,7.1,5.8,,,,,,23.1,,,
鲁中参考点,ecmwf_ifs025,2025-10-23,5,2025-10-28,14.3,5.8,5.8,,,,,,20.1,,,
鲁中参考点,ecmwf_ifs025,2025-10-22,6,2025-10-28,14.7,4.5,4.9,,,,,,10.8,,,
鲁中参考点,ecmwf_ifs025,2025-10-21,7,2025-10-28,15.4,4.9,5.1,,,,,,4.1,,,
鲁中参考点,jma_seamless,2025-10-27,1,2025-10-28,17.0,8.5,7.8,6.8,,46.4,10.1,,27.2,,0.0,0.0
鲁中参考点,jma_seamless,2025-10-26,2,2025-10-28,16.7,7.6,7.2,5.4,,42.7,11.9,,31.2,,0.6,0.0
鲁中参考点,jma_seamless,2025-10-25,3,2025-10-28,16.8,6.9,6.8,4.6,,29.7,11.8,,28.1,,0.0,0.0
鲁中参考点,jma_seamless,2025-10-24,4,2025-10-28,17.0,5.6,6.3,3.1,,28.5,11.2,,28.8,,0.0,0.0
鲁中参考点,jma_seamless,2025-10-23,5,2025-10-28,17.7,7.2,7.1,5.2,,27.8,10.7,,11.4,,0.0,0.0
鲁中参考点,jma_seamless,2025-10-22,6,2025-10-28,17.9,6.7,7.3,4.4,,27.0,11.7,,0.0,,0.0,0.0
鲁中参考点,jma_seamless,2025-10-21,7,2025-10-28,17.0,6.6,6.9,4.8,,54.4,9.0,,5.5,,0.0,0.0
鲁中参考点,ecmwf_ifs025,2025-10-28,1,2025-10-29,17.8,9.7,8.8,,,,,,13.5,,,
鲁中参考点,ecmwf_ifs025,2025-10-27,2,2025-10-29,17.8,9.5,8.9,,,,,,9.0,,,
鲁中参考点,ecmwf_ifs025,2025-10-26,3,2025-10-29,17.6,9.5,8.7,,,,,,12.5,,,
鲁中参考点,ecmwf_ifs025,2025-10-25,4,2025-10-29,17.8,9.3,8.6,,,,,,8.5,,,
鲁中参考点,ecmwf_ifs025,2025-10-24,5,2025-10-29,16.7,9.4,9.0,,,,,,18.3,,,
鲁中参考点,ecmwf_ifs025,2025-10-23,6,2025-10-29,16.8,9.5,8.7,,,,,,5.5,,,
鲁中参考点,ecmwf_ifs025,2025-10-22,7,2025-10-29,17.4,8.7,8.1,,,,,,50.1,,,
鲁中参考点,jma_seamless,2025-10-28,1,2025-10-29,17.5,8.0,8.3,5.5,,44.7,14.6,,28.9,,0.0,0.0
鲁中参考点,jma_seamless,2025-10-27,2,2025-10-29,18.0,8.0,8.4,5.4,,42.3,15.6,,27.7,,0.0,0.0
鲁中参考点,jma_seamless,2025-10-26,3,2025-10-29,17.1,7.7,7.7,4.9,,45.5,16.4,,1.5,,0.0,0.0
鲁中参考点,jma_seamless,2025-10-25,4,2025-10-29,17.6,8.4,8.0,5.8,,44.1,15.8,,17.5,,0.0,0.0
鲁中参考点,jma_seamless,2025-10-24,5,2025-10-29,16.5,7.5,7.3,4.8,,42.2,14.9,,21.9,,0.0,0.0
鲁中参考点,jma_seamless,2025-10-23,6,2025-10-29,18.9,9.0,9.5,6.8,,41.7,14.0,,49.8,,0.0,0.0
鲁中参考点,jma_seamless,2025-10-22,7,2025-10-29,17.0,8.0,8.5,5.8,,41.4,12.7,,25.1,,0.0,0.0
鲁中参考点,ecmwf_ifs025,2025-10-29,1,2025-10-30,19.0,11.0,12.2,,,,,,48.5,,,
鲁中参考点,ecmwf_ifs025,2025-10-28,2,2025-10-30,18.1,11.0,12.4,,,,,,29.2,,,
鲁中参考点,ecmwf_ifs025,2025-10-27,3,2025-10-30,20.1,11.0,13.0,,,,,,36.2,,,
鲁中参考点,ecmwf_ifs025,2025-10-26,4,2025-10-30,19.5,9.1,12.8,,,,,,29.5,,,
鲁中参考点,ecmwf_ifs025,2025-10-25,5,2025-10-30,19.4,9.8,12.1,,,,,,19.4,,,
鲁中参考点,ecmwf_ifs025,2025-10-24,6,2025-10-30,19.6,9.7,12.0,,,,,,10.1,,,
鲁中参考点,ecmwf_ifs025,2025-10-23,7,2025-10-30,19.4,11.3,12.2,,,,,,33.3,,,
鲁中参考点,jma_seamless,2025-10-29,1,2025-10-30,13.1,5.4,5.9,3.4,,61.0,9.0,,78.8,,1.8,0.0
鲁中参考点,jma_seamless,2025-10-28,2,2025-10-30,12.9,4.6,5.5,2.3,,61.9,9.5,,71.4,,0.0,0.0
鲁中参考点,jma_seamless,2025-10-27,3,2025-10-30,13.1,4.3,5.4,2.1,,62.5,8.8,,56.5,,0.9,0.0
鲁中参考点,jma_seamless,2025-10-26,4,2025-10-30,14.1,4.8,5.5,3.4,,66.6,6.2,,20.9,,0.0,0.0
鲁中参考点,jma_seamless,2025-10-25,5,2025-10-30,13.5,5.4,4.8,4.0,,57.5,6.7,,25.9,,0.0,0.0
鲁中参考点,jma_seamless,2025-10-24,6,2025-10-30,13.1,5.2,5.2,3.6,,54.1,7.3,,53.9,,0.0,0.0
鲁中参考点,jma_seamless,2025-10-23,7,2025-10-30,11.1,4.0,4.0,2.0,,56.2,7.7,,2.2,,0.0,0.0
鲁中参考点,ecmwf_ifs025,2025-10-30,1,2025-10-31,14.9,8.4,10.2,,,,,,45.1,,,
鲁中参考点,ecmwf_ifs025,2025-10-29,2,2025-10-31,14.7,8.0,9.6,,,,,,43.0,,,
鲁中参考点,ecmwf_ifs025,2025-10-28,3,2025-10-31,14.2,8.6,10.3,,,,,,45.0,,,
鲁中参考点,ecmwf_ifs025,2025-10-27,4,2025-10-31,15.0,8.7,10.9,,,,,,40.8,,,
鲁中参考点,ecmwf_ifs025,2025-10-26,5,2025-10-31,15.1,8.3,11.0,,,,,,49.2,,,
鲁中参考点,ecmwf_ifs025,2025-10-25,6,2025-10-31,15.8,10.3,11.8,,,,,,32.5,,,
鲁中参考点,ecmwf_ifs025,2025-10-24,7,2025-10-31,13.7,10.1,10.3,,,,,,76.2,,,
鲁中参考点,jma_seamless,2025-10-30,1,2025-10-31,17.1,4.4,6.2,,,88.1,4.5,,61.1,,3.6,0.0
鲁中参考点,jma_seamless,2025-10-29,2,2025-10-31,16.4,2.8,4.9,,,88.5,3.1,,21.3,,2.4,0.0
鲁中参考点,jma_seamless,2025-10-28,3,2025-10-31,16.2,3.1,4.9,,,86.9,3.7,,11.9,,3.3,0.0
鲁中参考点,jma_seamless,2025-10-27,4,2025-10-31,16.8,3.3,5.0,,,82.9,4.2,,41.3,,0.0,0.0
鲁中参考点,jma_seamless,2025-10-26,5,2025-10-31,16.2,3.8,5.2,,,80.4,3.9,,44.2,,0.0,0.0
鲁中参考点,jma_seamless,2025-10-25,6,2025-10-31,16.6,5.0,5.7,,,79.2,3.8,,50.4,,0.0,0.0
鲁中参考点,jma_seamless,2025-10-24,7,2025-10-31,16.8,2.4,5.4,0.2,,58.3,7.5,,11.4,,0.0,0.0
鲁中参考点,ecmwf_ifs025,2025-10-31,1,2025-11-01,17.8,5.6,8.2,,,,,,1.5,,,
鲁中参考点,ecmwf_ifs025,2025-10-30,2,2025-11-01,17.5,5.8,8.2,,,,,,0.6,,,
鲁中参考点,ecmwf_ifs025,2025-10-29,3,2025-11-01,17.5,6.3,8.9,,,,,,5.6,,,
鲁中参考点,ecmwf_ifs025,2025-10-28,4,2025-11-01,17.3,6.6,8.6,,,,,,1.7,,,
鲁中参考点,ecmwf_ifs025,2025-10-27,5,2025-11-01,16.8,6.9,8.5,,,,,,0.0,,,
鲁中参考点,ecmwf_ifs025,2025-10-26,6,2025-11-01,17.9,7.5,9.5,,,,,,0.4,,,
鲁中参考点,ecmwf_ifs025,2025-10-25,7,2025-11-01,12.4,5.5,6.5,,,,,,25.2,,,
鲁中参考点,jma_seamless,2025-10-31,1,2025-11-01,10.4,10.0,6.7,9.2,,50.9,7.1,,0.0,,0.0,0.0
鲁中参考点,jma_seamless,2025-10-30,2,2025-11-01,10.7,9.8,6.4,9.2,,57.1,6.2,,0.5,,0.0,0.0
鲁中参考点,jma_seamless,2025-10-29,3,2025-11-01,9.9,9.1,4.8,8.5,,56.1,5.9,,0.0,,0.0,0.0
鲁中参考点,jma_seamless,2025-10-28,4,2025-11-01,9.3,8.5,4.6,7.9,,49.5,5.5,,0.0,,0.0,0.0
鲁中参考点,jma_seamless,2025-10-27,5,2025-11-01,10.0,8.9,5.4,,,52.3,4.4,,0.2,,0.0,0.0
鲁中参考点,jma_seamless,2025-10-26,6,2025-11-01,10.6,9.0,5.0,8.4,,48.6,5.8,,0.0,,0.0,0.0
鲁中参考点,jma_seamless,2025-10-25,7,2025-11-01,10.6,9.3,5.1,8.6,,54.8,6.3,,10.8,,0.0,0.0
鲁中参考点,ecmwf_ifs025,2025-11-01,1,2025-11-02,9.8,1.3,2.7,,,,,,0.0,,,
鲁中参考点,ecmwf_ifs025,2025-10-31,2,2025-11-02,9.6,1.2,2.7,,,,,,0.0,,,
鲁中参考点,ecmwf_ifs025,2025-10-30,3,2025-11-02,10.1,2.2,3.8,,,,,,0.0,,,
鲁中参考点,ecmwf_ifs025,2025-10-29,4,2025-11-02,10.6,1.9,4.5,,,,,,0.0,,,
鲁中参考点,ecmwf_ifs025,2025-10-28,5,2025-11-02,15.1,4.4,7.1,,,,,,1.7,,,
鲁中参考点,ecmwf_ifs025,2025-10-27,6,2025-11-02,14.4,1.6,5.2,,,,,,0.0,,,
鲁中参考点,ecmwf_ifs025,2025-10-26,7,2025-11-02,13.7,2.9,4.4,,,,,,0.0,,,
鲁中参考点,ecmwf_ifs025,2025-11-02,1,2025-11-03,13.5,0.0,2.8,,,,,,2.8,,,
鲁中参考点,ecmwf_ifs025,2025-11-01,2,2025-11-03,12.9,-0.3,2.1,,,,,,2.3,,,
鲁中参考点,ecmwf_ifs025,2025-10-31,3,2025-11-03,12.8,-0.4,2.3,,,,,,2.0,,,
鲁中参考点,ecmwf_ifs025,2025-10-30,4,2025-11-03,12.9,0.2,2.6,,,,,,1.2,,,
鲁中参考点,ecmwf_ifs025,2025-10-29,5,2025-11-03,13.1,4.1,4.3,,,,,,3.5,,,
鲁中参考点,ecmwf_ifs025,2025-10-28,6,2025-11-03,15.6,0.2,5.2,,,,,,12.0,,,
鲁中参考点,ecmwf_ifs025,2025-10-27,7,2025-11-03,15.8,4.6,5.5,,,,,,13.9,,,
鲁中参考点,ecmwf_ifs025,2025-11-03,1,2025-11-04,16.5,7.3,7.1,,,,,,0.0,,,
鲁中参考点,ecmwf_ifs025,2025-11-02,2,2025-11-04,16.5,7.0,6.8,,,,,,1.8,,,
鲁中参考点,ecmwf_ifs025,2025-11-01,3,2025-11-04,15.9,6.1,6.4,,,,,,13.8,,,
鲁中参考点,ecmwf_ifs025,2025-10-31,4,2025-11-04,15.7,6.3,6.5,,,,,,17.9,,,
鲁中参考点,ecmwf_ifs025,2025-10-30,5,2025-11-04,16.2,7.5,6.8,,,,,,32.7,,,
鲁中参考点,ecmwf_ifs025,2025-10-29,6,2025-11-04,17.1,9.5,8.8,,,,,,43.0,,,
鲁中参考点,ecmwf_ifs025,2025-10-28,7,2025-11-04,17.6,5.8,8.5,,,,,,15.5,,,
鲁中参考点,ecmwf_ifs025,2025-11-04,1,2025-11-05,17.7,6.7,8.1,4.9,,68.0,9.2,,10.3,12.76,0.0,
鲁中参考点,ecmwf_ifs025,2025-11-03,2,2025-11-05,17.4,7.9,8.6,6.2,,63.9,9.6,,26.3,12.77,0.0,
鲁中参考点,ecmwf_ifs025,2025-11-02,3,2025-11-05,17.0,7.2,8.4,5.6,,70.8,8.6,,31.0,12.37,0.0,
鲁中参考点,ecmwf_ifs025,2025-11-01,4,2025-11-05,16.6,6.3,8.0,4.6,,70.3,8.2,,29.0,12.56,0.0,
鲁中参考点,ecmwf_ifs025,2025-10-31,5,2025-11-05,16.1,5.9,7.9,4.5,,72.6,7.0,,18.9,12.55,0.0,
鲁中参考点,ecmwf_ifs025,2025-10-30,6,2025-11-05,16.2,7.1,8.3,5.6,,69.5,8.2,,34.0,9.82,0.0,
鲁中参考点,ecmwf_ifs025,2025-10-29,7,2025-11-05,17.6,8.2,10.2,7.4,,75.9,6.0,,18.2,10.21,0.0,
鲁中参考点,ecmwf_ifs025,2025-11-05,1,2025-11-06,17.0,6.0,9.5,5.2,,77.9,5.1,,48.7,7.84,0.0,
鲁中参考点,ecmwf_ifs025,2025-11-04,2,2025-11-06,17.4,5.1,9.6,4.2,,79.0,5.1,,53.5,8.19,0.0,
鲁中参考点,ecmwf_ifs025,2025-11-03,3,2025-11-06,16.5,8.2,10.7,7.3,,79.9,6.2,,65.5,5.61,0.0,
鲁中参考点,ecmwf_ifs025,2025-11-02,4,2025-11-06,16.2,6.1,10.3,5.2,,81.9,5.3,,43.8,5.49,0.0,
鲁中参考点,ecmwf_ifs025,2025-11-01,5,2025-11-06,16.9,4.9,9.2,4.0,,79.8,5.0,,41.6,7.49,0.0,
鲁中参考点,ecmwf_ifs025,2025-10-31,6,2025-11-06,17.9,6.7,9.2,,,71.4,4.5,,1.6,11.35,0.0,
鲁中参考点,ecmwf_ifs025,2025-10-30,7,2025-11-06,17.6,6.4,8.8,5.6,,77.8,5.1,,35.4,11.15,0.0,
鲁中参考点,ecmwf_ifs025,2025-11-06,1,2025-11-07,17.3,9.6,11.9,,,80.4,4.0,,45.0,7.45,0.9,
鲁中参考点,ecmwf_ifs025,2025-11-05,2,2025-11-07,17.6,8.9,11.8,,,75.6,3.7,,32.2,8.75,0.6,
鲁中参考点,ecmwf_ifs025,2025-11-04,3,2025-11-07,15.8,9.5,11.3,9.1,,83.5,5.3,,49.2,5.0,1.5,
鲁中参考点,ecmwf_ifs025,2025-11-03,4,2025-11-07,16.3,11.4,12.7,,,83.2,4.4,,57.3,3.69,0.6,
鲁中参考点,ecmwf_ifs025,2025-11-02,5,2025-11-07,17.4,10.7,12.2,,,77.6,6.0,,39.7,7.81,0.3,
鲁中参考点,ecmwf_ifs025,2025-11-01,6,2025-11-07,15.6,9.7,11.0,,,73.2,4.2,,41.2,6.06,0.6,
鲁中参考点,ecmwf_ifs025,2025-10-31,7,2025-11-07,15.1,6.3,9.7,5.1,,81.2,6.3,,38.5,4.15,0.3,
鲁中参考点,ecmwf_ifs025,2025-11-07,1,2025-11-08,15.0,7.2,10.6,,,87.6,4.0,,58.7,8.23,0.0,
鲁中参考点,ecmwf_ifs025,2025-11-06,2,2025-11-08,14.5,7.9,11.6,,,90.1,3.0,,72.3,4.56,1.2,
鲁中参考点,ecmwf_ifs025,2025-11-05,3,2025-11-08,14.9,6.2,10.9,,,92.1,3.6,,73.6,5.06,0.3,
鲁中参考点,ecmwf_ifs025,2025-11-04,4,2025-11-08,11.9,6.6,9.5,5.4,,97.6,6.6,,81.5,2.25,4.8,
鲁中参考点,ecmwf_ifs025,2025-11-03,5,2025-11-08,12.7,6.3,10.7,,,95.8,4.8,,61.9,1.67,11.4,
鲁中参考点,ecmwf_ifs025,2025-11-02,6,2025-11-08,17.2,7.9,12.1,,,84.5,4.0,,57.0,7.53,0.3,
鲁中参考点,ecmwf_ifs025,2025-11-01,7,2025-11-08,16.5,11.0,13.5,,,87.0,2.8,,74.3,2.94,4.8,
鲁中参考点,ecmwf_ifs025,2025-11-08,1,2025-11-09,12.2,3.0,4.7,1.6,,66.7,5.5,,7.4,11.53,0.0,
鲁中参考点,ecmwf_ifs025,2025-11-07,2,2025-11-09,12.0,3.7,4.9,2.6,,67.4,5.0,,10.0,10.67,0.0,
鲁中参考点,ecmwf_ifs025,2025-11-06,3,2025-11-09,12.8,4.3,5.5,3.2,,70.2,5.3,,25.5,11.19,0.0,
鲁中参考点,ecmwf_ifs025,2025-11-05,4,2025-11-09,11.9,4.1,4.9,2.1,,68.3,7.8,,57.8,10.71,0.0,
鲁中参考点,ecmwf_ifs025,2025-11-04,5,2025-11-09,11.7,4.4,4.6,3.1,,59.3,5.8,,31.8,10.68,0.0,
鲁中参考点,ecmwf_ifs025,2025-11-03,6,2025-11-09,12.2,4.1,5.4,2.1,,64.9,7.8,,37.0,10.47,0.0,
鲁中参考点,ecmwf_ifs025,2025-11-02,7,2025-11-09,13.0,4.5,8.6,2.4,,75.8,8.4,,47.2,7.36,5.7,
鲁中参考点,ecmwf_ifs025,2025-11-09,1,2025-11-10,14.1,1.9,4.4,0.2,,42.5,5.8,,21.4,12.3,0.0,
鲁中参考点,ecmwf_ifs025,2025-11-08,2,2025-11-10,13.3,3.0,4.2,,,38.5,4.5,,21.7,11.69,0.0,
鲁中参考点,ecmwf_ifs025,2025-11-07,3,2025-11-10,13.1,3.1,4.0,1.6,,38.2,5.9,,27.3,11.3,0.0,
鲁中参考点,ecmwf_ifs025,2025-11-06,4,2025-11-10,12.7,3.0,4.4,,,44.5,4.5,,16.2,12.14,0.0,
鲁中参考点,ecmwf_ifs025,2025-11-05,5,2025-11-10,13.1,3.4,4.4,,,39.7,3.9,,26.0,11.66,0.0,
鲁中参考点,ecmwf_ifs025,2025-11-04,6,2025-11-10,14.6,3.2,4.3,1.4,,44.7,6.7,,18.8,11.15,0.0,
鲁中参考点,ecmwf_ifs025,2025-11-03,7,2025-11-10,12.2,3.5,3.9,,,45.7,3.7,,16.7,11.37,0.0,
鲁中参考点,ecmwf_ifs025,2025-11-10,1,2025-11-11,16.4,7.2,7.2,5.9,,48.6,7.1,,26.9,10.76,0.0,
鲁中参考点,ecmwf_ifs025,2025-11-09,2,2025-11-11,15.9,6.6,6.6,5.0,,48.0,8.0,,32.1,11.6,0.0,
鲁中参考点,ecmwf_ifs025,2025-11-08,3,2025-11-11,15.7,6.6,6.8,5.4,,45.8,6.6,,30.5,11.77,0.0,
鲁中参考点,ecmwf_ifs025,2025-11-07,4,2025-11-11,16.2,5.2,6.1,3.8,,47.5,6.4,,18.1,12.02,0.0,
鲁中参考点,ecmwf_ifs025,2025-11-06,5,2025-11-11,15.8,6.0,6.2,4.1,,48.6,8.7,,18.0,11.94,0.0,
鲁中参考点,ecmwf_ifs025,2025-11-05,6,2025-11-11,15.6,7.3,6.3,5.2,,46.3,11.3,,27.3,10.67,0.0,
鲁中参考点,ecmwf_ifs025,2025-11-04,7,2025-11-11,16.1,4.6,5.9,1.7,,55.9,12.6,,16.3,10.72,0.0,
鲁中参考点,ecmwf_ifs025,2025-11-11,1,2025-11-12,15.9,6.0,7.2,3.8,,60.2,10.1,,18.5,11.08,0.0,
鲁中参考点,ecmwf_ifs025,2025-11-10,2,2025-11-12,16.1,5.7,7.1,3.7,,57.7,8.9,,18.8,11.4,0.0,
鲁中参考点,ecmwf_ifs025,2025-11-09,3,2025-11-12,16.4,5.7,7.2,3.7,,57.6,9.0,,18.2,11.79,0.0,
鲁中参考点,ecmwf_ifs025,2025-11-08,4,2025-11-12,16.4,5.8,6.8,4.0,,55.0,8.5,,15.1,11.52,0.0,
鲁中参考点,ecmwf_ifs025,2025-11-07,5,2025-11-12,16.7,5.8,7.2,3.9,,58.4,8.6,,19.4,11.39,0.0,
鲁中参考点,ecmwf_ifs025,2025-11-06,6,2025-11-12,16.7,7.4,7.4,5.3,,59.9,11.1,,21.2,10.71,0.0,
鲁中参考点,ecmwf_ifs025,2025-11-05,7,2025-11-12,17.2,4.4,7.1,3.0,,64.7,6.1,,10.6,10.37,0.0,
鲁中参考点,ecmwf_ifs025,2025-11-12,1,2025-11-13,12.5,4.0,5.1,2.9,,67.8,5.2,,2.9,11.99,0.0,
鲁中参考点,ecmwf_ifs025,2025-11-11,2,2025-11-13,12.1,2.8,4.9,1.3,,68.7,5.7,,8.4,12.0,0.0,
鲁中参考点,ecmwf_ifs025,2025-11-10,3,2025-11-13,12.0,3.7,5.4,2.4,,67.5,5.4,,8.1,12.03,0.0,
鲁中参考点,ecmwf_ifs025,2025-11-09,4,2025-11-13,12.4,3.8,5.4,2.6,,71.0,5.3,,4.9,11.94,0.0,
鲁中参考点,ecmwf_ifs025,2025-11-08,5,2025-11-13,12.6,2.6,4.3,1.0,,65.9,5.8,,4.3,12.01,0.0,
鲁中参考点,ecmwf_ifs025,2025-11-07,6,2025-11-13,11.9,3.7,3.8,2.1,,61.4,6.3,,2.0,10.67,0.0,
鲁中参考点,ecmwf_ifs025,2025-11-06,7,2025-11-13,10.4,3.3,3.3,0.9,,68.1,9.0,,16.8,10.49,0.0,
鲁中参考点,ecmwf_ifs025,2025-11-13,1,2025-11-14,16.0,3.3,6.2,0.5,,61.5,10.4,,8.0,11.7,0.0,
鲁中参考点,ecmwf_ifs025,2025-11-12,2,2025-11-14,15.1,2.8,5.2,-0.2,,58.5,11.1,,18.2,11.54,0.0,
鲁中参考点,ecmwf_ifs025,2025-11-11,3,2025-11-14,14.9,2.4,4.8,-0.6,,55.4,10.6,,26.1,11.06,0.0,
鲁中参考点,ecmwf_ifs025,2025-11-10,4,2025-11-14,15.1,2.0,4.9,-1.0,,51.4,10.3,,27.3,11.59,0.0,
鲁中参考点,ecmwf_ifs025,2025-11-09,5,2025-11-14,15.1,2.4,5.1,-0.5,,53.5,10.4,,38.2,9.81,0.0,
鲁中参考点,ecmwf_ifs025,2025-11-08,6,2025-11-14,14.9,3.1,4.7,-0.5,,47.5,14.4,,23.9,10.39,0.0,
鲁中参考点,ecmwf_ifs025,2025-11-07,7,2025-11-14,14.5,2.0,4.2,-1.4,,60.4,12.1,,8.2,10.58,0.0,
鲁中参考点,ecmwf_ifs025,2025-11-14,1,2025-11-15,17.3,9.1,9.2,6.9,,75.8,14.2,,30.4,10.77,0.0,
鲁中参考点,ecmwf_ifs025,2025-11-13,2,2025-11-15,16.3,8.7,8.7,6.4,,75.2,14.2,,35.4,8.89,0.0,
鲁中参考点,ecmwf_ifs025,2025-11-12,3,2025-11-15,16.3,8.4,7.9,5.8,,63.9,16.3,,43.1,9.21,0.0,
鲁中参考点,ecmwf_ifs025,2025-11-11,4,2025-11-15,15.1,8.7,6.9,6.0,,62.0,17.7,,43.7,6.87,0.0,
鲁中参考点,ecmwf_ifs025,2025-11-10,5,2025-11-15,14.5,9.2,7.6,6.6,,64.0,17.4,,39.2,7.37,0.3,
鲁中参考点,ecmwf_ifs025,2025-11-09,6,2025-11-15,16.9,9.2,8.8,6.8,,68.3,16.0,,36.9,8.05,0.3,
鲁中参考点,ecmwf_ifs025,2025-11-08,7,2025-11-15,16.3,8.5,7.4,6.3,,56.2,13.5,,19.7,9.5,0.0,
鲁中参考点,jma_seamless,2025-11-14,1,2025-11-15,18.4,10.4,11.5,,,53.3,9.5,,36.5,,0.0,0.0
鲁中参考点,jma_seamless,2025-11-13,2,2025-11-15,18.5,9.4,10.5,8.2,,45.2,8.6,,25.0,,0.0,0.0
鲁中参考点,jma_seamless,2025-11-12,3,2025-11-15,18.3,9.4,9.7,8.1,,31.7,8.8,,19.6,,0.0,0.0
鲁中参考点,jma_seamless,2025-11-11,4,2025-11-15,18.2,8.9,9.1,7.7,,30.5,8.1,,14.9,,0.0,0.0
鲁中参考点,jma_seamless,2025-11-10,5,2025-11-15,18.8,8.9,9.8,7.8,,32.2,7.6,,16.7,,0.0,0.0
鲁中参考点,jma_seamless,2025-11-09,6,2025-11-15,18.3,8.7,9.4,7.2,,26.9,9.3,,10.2,,0.0,0.0
鲁中参考点,jma_seamless,2025-11-08,7,2025-11-15,19.4,9.3,10.2,8.1,,24.7,8.5,,1.3,,0.0,0.0
鲁中参考点,ecmwf_ifs025,2025-11-15,1,2025-11-16,10.4,2.4,2.9,-2.0,,57.3,18.2,,21.8,9.68,0.3,
鲁中参考点,ecmwf_ifs025,2025-11-14,2,2025-11-16,10.3,1.4,3.1,-2.9,,59.0,16.2,,15.8,9.88,0.0,
鲁中参考点,ecmwf_ifs025,2025-11-13,3,2025-11-16,10.3,2.1,2.9,-2.1,,59.2,16.6,,15.2,10.77,0.0,
鲁中参考点,ecmwf_ifs025,2025-11-12,4,2025-11-16,9.6,2.2,1.7,-2.2,,57.2,18.3,,12.2,11.17,0.0,
鲁中参考点,ecmwf_ifs025,2025-11-11,5,2025-11-16,9.9,1.7,1.2,-2.1,,57.5,14.0,,13.1,11.35,0.0,
鲁中参考点,ecmwf_ifs025,2025-11-10,6,2025-11-16,9.9,0.4,1.1,-3.9,,56.3,15.0,,6.3,9.76,0.0,
鲁中参考点,ecmwf_ifs025,2025-11-09,7,2025-11-16,8.1,1.1,-0.1,-2.5,,46.0,12.2,,19.6,9.3,0.0,
鲁中参考点,jma_seamless,2025-11-15,1,2025-11-16,11.6,2.4,4.8,-1.0,,42.4,12.7,,10.4,,0.0,0.0
鲁中参考点,jma_seamless,2025-11-14,2,2025-11-16,11.1,2.5,3.8,-0.6,,40.3,11.2,,10.3,,0.0,0.0
鲁中参考点,jma_seamless,2025-11-13,3,2025-11-16,10.7,2.2,3.0,-1.2,,28.3,12.2,,22.4,,0.0,0.0
鲁中参考点,jma_seamless,2025-11-12,4,2025-11-16,9.1,2.1,2.4,-0.8,,26.0,10.0,,2.6,,0.0,0.0
鲁中参考点,jma_seamless,2025-11-11,5,2025-11-16,10.3,2.4,2.1,-0.3,,19.9,9.6,,0.0,,0.0,0.0
鲁中参考点,jma_seamless,2025-11-10,6,2025-11-16,11.8,2.3,0.9,-1.3,,16.8,13.6,,0.0,,0.0,0.0
鲁中参考点,jma_seamless,2025-11-09,7,2025-11-16,10.4,2.6,0.5,-0.5,,18.1,11.1,,0.0,,0.0,0.0
鲁中参考点,ecmwf_ifs025,2025-11-16,1,2025-11-17,1.9,-4.0,-6.7,-9.3,,33.2,14.8,,53.5,8.12,0.0,
鲁中参考点,ecmwf_ifs025,2025-11-15,2,2025-11-17,1.2,-4.0,-6.5,-9.2,,32.8,14.2,,48.8,8.38,0.0,
鲁中参考点,ecmwf_ifs025,2025-11-14,3,2025-11-17,1.8,-3.5,-6.2,-8.5,,34.5,14.1,,54.1,8.53,0.0,
鲁中参考点,ecmwf_ifs025,2025-11-13,4,2025-11-17,2.1,-3.8,-6.4,-9.1,,31.9,14.9,,49.7,9.09,0.0,
鲁中参考点,ecmwf_ifs025,2025-11-12,5,2025-11-17,1.5,-3.5,-6.8,-8.9,,30.7,15.9,,41.9,10.14,0.0,
鲁中参考点,ecmwf_ifs025,2025-11-11,6,2025-11-17,2.1,-4.1,-5.9,-8.6,,39.0,11.2,,17.2,10.16,0.0,
鲁中参考点,ecmwf_ifs025,2025-11-10,7,2025-11-17,1.2,-2.9,-6.6,-8.0,,32.3,15.1,,14.5,10.64,0.0,
鲁中参考点,jma_seamless,2025-11-16,1,2025-11-17,2.6,-1.3,-4.8,-5.3,,16.3,11.8,,57.1,,0.0,0.0
鲁中参考点,jma_seamless,2025-11-15,2,2025-11-17,3.1,-0.8,-4.4,-4.6,,16.7,11.4,,44.9,,0.0,0.0
鲁中参考点,jma_seamless,2025-11-14,3,2025-11-17,3.2,-0.5,-4.4,-4.2,,15.2,11.3,,35.1,,0.0,0.0
鲁中参考点,jma_seamless,2025-11-13,4,2025-11-17,3.3,-0.9,-4.6,-4.7,,14.9,11.1,,21.8,,0.0,0.0
鲁中参考点,jma_seamless,2025-11-12,5,2025-11-17,3.2,-0.9,-4.8,-4.6,,16.0,10.7,,0.0,,0.0,0.0
鲁中参考点,jma_seamless,2025-11-11,6,2025-11-17,7.8,-1.1,-2.7,-4.0,,12.7,8.0,,0.0,,0.0,0.0
鲁中参考点,jma_seamless,2025-11-10,7,2025-11-17,6.9,-0.6,-2.1,-3.4,,15.1,7.9,,0.0,,0.0,0.0
鲁中参考点,ecmwf_ifs025,2025-11-17,1,2025-11-18,3.7,-4.3,-5.5,-7.7,,36.0,7.7,,3.2,11.53,0.0,
鲁中参考点,ecmwf_ifs025,2025-11-16,2,2025-11-18,4.4,-4.2,-5.2,-7.5,,35.5,7.6,,0.0,11.44,0.0,
鲁中参考点,ecmwf_ifs025,2025-11-15,3,2025-11-18,4.6,-3.8,-4.9,-7.0,,36.1,7.4,,5.5,11.58,0.0,
鲁中参考点,ecmwf_ifs025,2025-11-14,4,2025-11-18,5.4,-3.9,-4.8,-6.9,,36.1,6.8,,3.2,11.79,0.0,
鲁中参考点,ecmwf_ifs025,2025-11-13,5,2025-11-18,5.9,-4.5,-4.9,-7.5,,35.7,6.7,,0.0,11.38,0.0,
鲁中参考点,ecmwf_ifs025,2025-11-12,6,2025-11-18,6.0,-4.1,-4.2,-7.5,,32.8,7.8,,0.0,10.16,0.0,
鲁中参考点,ecmwf_ifs025,2025-11-11,7,2025-11-18,3.5,-4.4,-5.6,-7.8,,36.3,7.8,,0.1,10.38,0.0,
鲁中参考点,jma_seamless,2025-11-17,1,2025-11-18,4.9,-1.9,-4.0,-4.9,,18.0,7.7,,0.8,,0.0,0.0
鲁中参考点,jma_seamless,2025-11-16,2,2025-11-18,5.2,-1.6,-3.7,-4.5,,18.5,7.6,,0.3,,0.0,0.0
鲁中参考点,jma_seamless,2025-11-15,3,2025-11-18,5.5,-1.3,-3.4,-4.0,,17.7,7.2,,0.1,,0.0,0.0
鲁中参考点,jma_seamless,2025-11-14,4,2025-11-18,5.7,-1.5,-3.3,-4.3,,17.0,7.4,,0.0,,0.0,0.0
鲁中参考点,jma_seamless,2025-11-13,5,2025-11-18,6.2,-1.3,-3.0,-4.0,,18.0,7.3,,0.0,,0.0,0.0
鲁中参考点,jma_seamless,2025-11-12,6,2025-11-18,7.2,-1.4,-2.5,-3.7,,15.6,6.1,,0.0,,0.0,0.0
鲁中参考点,jma_seamless,2025-11-11,7,2025-11-18,10.4,-1.4,-1.5,-4.1,,17.9,7.2,,5.9,,0.0,0.0
鲁中参考点,gfs_seamless,2025-11-18,1,2025-11-19,7.7,-0.3,-0.9,-2.9,,37.7,7.3,,,,,0.0
鲁中参考点,gfs_seamless,2025-11-17,2,2025-11-19,7.8,0.1,-0.7,-2.2,,37.5,6.8,,,,,0.0
鲁中参考点,gfs_seamless,2025-11-16,3,2025-11-19,8.0,-0.1,-0.8,-2.6,,35.7,7.1,,,,,0.0
鲁中参考点,gfs_seamless,2025-11-15,4,2025-11-19,8.0,0.5,-1.0,-2.2,,35.2,8.2,,,,,0.0
鲁中参考点,gfs_seamless,2025-11-14,5,2025-11-19,8.0,0.3,-1.4,-2.7,,34.0,9.2,,,,,0.0
鲁中参考点,gfs_seamless,2025-11-13,6,2025-11-19,10.3,1.1,0.5,-1.7,,41.1,9.0,,,,,0.0
鲁中参考点,gfs_seamless,2025-11-12,7,2025-11-19,11.2,0.0,0.9,-3.0,,40.1,9.0,,,,,0.0
鲁中参考点,gfs_seamless,2025-11-19,1,2025-11-20,9.1,2.3,1.4,0.5,,45.9,6.4,,,,,0.0
鲁中参考点,gfs_seamless,2025-11-18,2,2025-11-20,10.1,2.4,1.6,0.6,,47.3,6.5,,,,,0.0
鲁中参考点,gfs_seamless,2025-11-17,3,2025-11-20,10.3,2.0,1.6,0.0,,47.8,6.7,,,,,0.0
鲁中参考点,gfs_seamless,2025-11-16,4,2025-11-20,10.4,1.7,1.6,-0.1,,46.5,6.1,,,,,0.0
鲁中参考点,gfs_seamless,2025-11-15,5,2025-11-20,10.9,1.3,1.2,-0.9,,41.1,6.9,,,,,0.0
鲁中参考点,gfs_seamless,2025-11-14,6,2025-11-20,10.6,1.9,0.9,-0.4,,40.1,7.6,,,,,0.0
鲁中参考点,gfs_seamless,2025-11-13,7,2025-11-20,11.4,3.9,3.0,1.9,,54.0,7.9,,,,,0.0
鲁中参考点,gfs_seamless,2025-11-20,1,2025-11-21,11.1,2.6,2.6,1.2,,42.0,5.4,,,,,0.0
鲁中参考点,gfs_seamless,2025-11-19,2,2025-11-21,10.8,2.4,2.3,1.1,,40.0,5.0,,,,,0.0
鲁中参考点,gfs_seamless,2025-11-18,3,2025-11-21,11.1,2.7,2.4,,,36.5,4.7,,,,,0.0
鲁中参考点,gfs_seamless,2025-11-17,4,2025-11-21,11.1,2.5,2.5,,,34.7,3.9,,,,,0.0
鲁中参考点,gfs_seamless,2025-11-16,5,2025-11-21,11.6,3.2,3.1,,,40.4,4.1,,,,,0.0
鲁中参考点,gfs_seamless,2025-11-15,6,2025-11-21,10.8,2.7,2.2,,,34.9,4.1,,,,,0.0
鲁中参考点,gfs_seamless,2025-11-14,7,2025-11-21,10.8,3.7,2.5,2.2,,45.7,6.1,,,,,0.0
鲁中参考点,gfs_seamless,2025-11-21,1,2025-11-22,11.9,3.8,3.3,1.4,,46.3,9.4,,,,,0.0
鲁中参考点,gfs_seamless,2025-11-20,2,2025-11-22,11.2,3.5,3.2,1.0,,48.5,9.3,,,,,0.0
鲁中参考点,gfs_seamless,2025-11-19,3,2025-11-22,11.1,3.1,2.9,0.5,,48.0,9.7,,,,,0.0
鲁中参考点,gfs_seamless,2025-11-18,4,2025-11-22,11.2,3.3,2.8,0.6,,44.6,10.2,,,,,0.0
鲁中参考点,gfs_seamless,2025-11-17,5,2025-11-22,11.5,3.8,3.1,1.2,,45.0,10.2,,,,,0.0
鲁中参考点,gfs_seamless,2025-11-16,6,2025-11-22,11.8,3.5,3.0,0.9,,45.2,9.7,,,,,0.0
鲁中参考点,gfs_seamless,2025-11-15,7,2025-11-22,10.9,3.4,2.2,0.8,,45.3,9.9,,,,,0.0
鲁中参考点,gfs_seamless,2025-11-22,1,2025-11-23,11.4,5.8,4.6,4.1,,53.6,7.9,,,,,0.0
鲁中参考点,gfs_seamless,2025-11-21,2,2025-11-23,11.1,5.9,4.5,4.1,,58.2,8.5,,,,,0.0
鲁中参考点,gfs_seamless,2025-11-20,3,2025-11-23,11.8,5.7,4.4,3.6,,55.7,9.5,,,,,0.0
鲁中参考点,gfs_seamless,2025-11-19,4,2025-11-23,11.0,5.4,4.0,3.4,,57.1,9.0,,,,,0.0
鲁中参考点,gfs_seamless,2025-11-18,5,2025-11-23,12.3,5.3,4.4,3.4,,56.0,8.3,,,,,0.0
鲁中参考点,gfs_seamless,2025-11-17,6,2025-11-23,13.1,5.0,4.4,3.1,,53.5,8.3,,,,,0.0
鲁中参考点,gfs_seamless,2025-11-16,7,2025-11-23,12.9,4.6,4.6,2.7,,55.8,8.0,,,,,0.0
鲁中参考点,gfs_seamless,2025-11-23,1,2025-11-24,11.1,2.5,1.2,-2.0,,42.4,19.0,,,,,0.0
鲁中参考点,gfs_seamless,2025-11-22,2,2025-11-24,12.5,1.5,2.1,-2.8,,44.2,16.4,,,,,0.0
鲁中参考点,gfs_seamless,2025-11-21,3,2025-11-24,11.3,1.8,2.7,-1.8,,47.4,13.0,,,,,0.0
鲁中参考点,gfs_seamless,2025-11-20,4,2025-11-24,12.3,2.2,2.1,-1.5,,48.9,13.6,,,,,0.0
鲁中参考点,gfs_seamless,2025-11-19,5,2025-11-24,12.9,5.1,4.0,2.6,,45.9,10.8,,,,,0.0
鲁中参考点,gfs_seamless,2025-11-18,6,2025-11-24,12.6,4.2,3.1,1.1,,50.1,12.8,,,,,0.0
鲁中参考点,gfs_seamless,2025-11-17,7,2025-11-24,13.8,0.8,3.5,-2.9,,53.4,12.4,,,,,0.2
鲁中参考点,gfs_seamless,2025-11-24,1,2025-11-25,6.1,-0.8,-3.0,-4.8,,45.5,12.1,,,,,0.0
鲁中参考点,gfs_seamless,2025-11-23,2,2025-11-25,5.9,-1.9,-3.6,-6.2,,36.6,12.2,,,,,0.0
鲁中参考点,gfs_seamless,2025-11-22,3,2025-11-25,6.0,-1.6,-2.5,-5.2,,48.5,9.8,,,,,0.0
鲁中参考点,gfs_seamless,2025-11-21,4,2025-11-25,6.6,-1.0,-2.0,-4.6,,41.6,10.2,,,,,0.0
鲁中参考点,gfs_seamless,2025-11-20,5,2025-11-25,5.3,-2.7,-3.5,-7.9,,54.5,15.7,,,,,2.7
鲁中参考点,gfs_seamless,2025-11-19,6,2025-11-25,5.1,-2.7,-4.1,-6.0,,53.6,8.3,,,,,0.0
鲁中参考点,gfs_seamless,2025-11-18,7,2025-11-25,7.9,-0.8,-2.6,-5.4,,44.7,14.9,,,,,0.1
鲁中参考点,gfs_seamless,2025-11-25,1,2025-11-26,9.3,0.8,-0.1,-3.3,,47.1,14.2,,,,,0.0
鲁中参考点,gfs_seamless,2025-11-24,2,2025-11-26,9.4,0.7,0.1,-3.2,,48.8,13.0,,,,,0.0
鲁中参考点,gfs_seamless,2025-11-23,3,2025-11-26,9.5,0.6,0.3,-2.7,,45.6,10.5,,,,,0.0
鲁中参考点,gfs_seamless,2025-11-22,4,2025-11-26,9.9,0.9,0.4,-2.9,,48.0,12.8,,,,,0.0
鲁中参考点,gfs_seamless,2025-11-21,5,2025-11-26,10.6,1.1,0.8,-3.4,,50.5,16.8,,,,,0.0
鲁中参考点,gfs_seamless,2025-11-20,6,2025-11-26,9.3,-2.2,-0.7,-6.7,,54.9,12.8,,,,,0.0
鲁中参考点,gfs_seamless,2025-11-19,7,2025-11-26,9.9,1.9,0.3,-1.3,,54.0,11.1,,,,,0.0
鲁中参考点,gfs_seamless,2025-11-26,1,2025-11-27,4.8,-0.3,-4.5,-5.8,,32.0,21.4,,,,,0.0
鲁中参考点,gfs_seamless,2025-11-25,2,2025-11-27,5.3,-0.2,-4.3,-5.5,,34.5,19.8,,,,,0.0
鲁中参考点,gfs_seamless,2025-11-24,3,2025-11-27,5.8,0.1,-3.7,-4.8,,37.4,17.7,,,,,0.0
鲁中参考点,gfs_seamless,2025-11-23,4,2025-11-27,5.8,-0.4,-3.4,-5.6,,42.2,19.2,,,,,0.0
鲁中参考点,gfs_seamless,2025-11-22,5,2025-11-27,6.3,-0.3,-4.5,-6.0,,34.0,23.0,,,,,0.0
鲁中参考点,gfs_seamless,2025-11-21,6,2025-11-27,5.3,-0.4,-3.9,-6.4,,39.5,24.8,,,,,0.0
鲁中参考点,gfs_seamless,2025-11-20,7,2025-11-27,7.2,-0.2,-2.6,-5.6,,39.2,20.9,,,,,0.0
鲁中参考点,gfs_seamless,2025-11-27,1,2025-11-28,10.0,0.6,-0.2,-3.9,,43.8,16.0,,,,,0.0
鲁中参考点,gfs_seamless,2025-11-26,2,2025-11-28,10.3,0.4,0.0,-3.9,,44.6,14.7,,,,,0.0
鲁中参考点,gfs_seamless,2025-11-25,3,2025-11-28,9.7,0.0,-0.4,-4.1,,43.8,13.5,,,,,0.0
鲁中参考点,gfs_seamless,2025-11-24,4,2025-11-28,8.4,-0.6,-1.5,-5.3,,40.0,15.6,,,,,0.0
鲁中参考点,gfs_seamless,2025-11-23,5,2025-11-28,8.4,-0.6,-2.0,-5.7,,37.4,18.2,,,,,0.0
鲁中参考点,gfs_seamless,2025-11-22,6,2025-11-28,8.8,-0.6,-1.5,-5.1,,39.2,14.8,,,,,0.0
鲁中参考点,gfs_seamless,2025-11-21,7,2025-11-28,6.9,-0.7,-1.9,-3.7,,37.1,8.6,,,,,0.0
鲁中参考点,gfs_seamless,2025-11-28,1,2025-11-29,14.7,4.7,5.4,2.8,,59.9,8.0,,,,,0.0
鲁中参考点,gfs_seamless,2025-11-27,2,2025-11-29,14.1,4.6,5.7,3.0,,61.0,6.8,,,,,0.0
鲁中参考点,gfs_seamless,2025-11-26,3,2025-11-29,14.3,4.8,5.7,3.1,,61.0,7.1,,,,,0.0
鲁中参考点,gfs_seamless,2025-11-25,4,2025-11-29,14.2,3.6,4.6,1.4,,59.6,8.2,,,,,0.0
鲁中参考点,gfs_seamless,2025-11-24,5,2025-11-29,12.8,2.9,3.3,0.5,,58.0,8.6,,,,,0.0
鲁中参考点,gfs_seamless,2025-11-23,6,2025-11-29,12.3,2.7,3.1,0.2,,58.6,8.7,,,,,0.0
鲁中参考点,gfs_seamless,2025-11-22,7,2025-11-29,12.4,2.6,1.6,-1.1,,47.5,14.4,,,,,0.0
鲁中参考点,gfs_seamless,2025-11-29,1,2025-11-30,14.6,3.0,3.6,-0.2,,40.6,12.3,,,,,0.0
鲁中参考点,gfs_seamless,2025-11-28,2,2025-11-30,14.4,2.6,3.9,-0.7,,45.0,12.3,,,,,0.0
鲁中参考点,gfs_seamless,2025-11-27,3,2025-11-30,13.3,3.3,2.9,-0.2,,42.3,14.2,,,,,0.0
鲁中参考点,gfs_seamless,2025-11-26,4,2025-11-30,12.7,1.7,1.6,-2.6,,46.1,16.4,,,,,0.0
鲁中参考点,gfs_seamless,2025-11-25,5,2025-11-30,11.0,-0.4,-0.3,-5.7,,43.5,19.7,,,,,0.0
鲁中参考点,gfs_seamless,2025-11-24,6,2025-11-30,10.4,-0.6,-2.2,-6.8,,39.5,26.1,,,,,0.0
鲁中参考点,gfs_seamless,2025-11-23,7,2025-11-30,7.6,-1.4,-3.2,-5.9,,29.8,13.9,,,,,0.0
鲁中参考点,gfs_seamless,2025-11-30,1,2025-12-01,6.9,-0.2,-1.0,-2.8,,43.2,7.6,,,,,0.0
鲁中参考点,gfs_seamless,2025-11-29,2,2025-12-01,5.8,-0.6,-1.8,-3.1,,43.0,7.0,,,,,0.0
鲁中参考点,gfs_seamless,2025-11-28,3,2025-12-01,5.4,-0.2,-2.0,-3.2,,45.2,8.6,,,,,0.0
鲁中参考点,gfs_seamless,2025-11-27,4,2025-12-01,6.6,-1.5,-2.4,-4.3,,40.4,7.5,,,,,0.0
鲁中参考点,gfs_seamless,2025-11-26,5,2025-12-01,5.4,-2.8,-3.3,-5.8,,34.7,7.4,,,,,0.0
鲁中参考点,gfs_seamless,2025-11-25,6,2025-12-01,4.7,-2.7,-4.6,-6.7,,34.1,10.5,,,,,0.0
鲁中参考点,gfs_seamless,2025-11-24,7,2025-12-01,5.8,-2.5,-4.9,-7.8,,31.6,16.7,,,,,0.0
鲁中参考点,gfs_seamless,2025-12-01,1,2025-12-02,2.5,-3.7,-5.1,-8.0,,63.3,10.8,,,,,0.2
鲁中参考点,gfs_seamless,2025-11-30,2,2025-12-02,1.6,-4.1,-6.1,-9.2,,60.4,13.7,,,,,0.0
鲁中参考点,gfs_seamless,2025-11-29,3,2025-12-02,0.2,-4.2,-6.6,-9.0,,49.8,12.6,,,,,0.0
鲁中参考点,gfs_seamless,2025-11-28,4,2025-12-02,-0.7,-4.2,-7.4,-8.7,,42.1,11.2,,,,,0.0
鲁中参考点,gfs_seamless,2025-11-27,5,2025-12-02,2.0,-4.6,-5.8,-9.0,,47.6,10.5,,,,,0.0
鲁中参考点,gfs_seamless,2025-11-26,6,2025-12-02,1.5,-5.2,-6.7,-10.4,,34.3,13.0,,,,,0.0
鲁中参考点,gfs_seamless,2025-11-25,7,2025-12-02,3.3,-1.8,-4.9,-6.3,,37.7,13.3,,,,,0.0
鲁中参考点,ecmwf_ifs025,2025-12-02,1,2025-12-03,2.0,-7.2,-7.9,,,,,,0.0,10.77,0.0,
鲁中参考点,ecmwf_ifs025,2025-12-01,2,2025-12-03,1.8,-7.5,-8.3,,,,,,0.0,10.84,0.0,
鲁中参考点,ecmwf_ifs025,2025-11-30,3,2025-12-03,1.9,-7.1,-8.3,,,,,,0.8,10.84,0.0,
鲁中参考点,ecmwf_ifs025,2025-11-29,4,2025-12-03,0.7,-6.9,-8.5,,,,,,2.1,10.9,0.0,
鲁中参考点,ecmwf_ifs025,2025-11-28,5,2025-12-03,1.8,-7.2,-8.3,,,,,,14.7,10.89,0.0,
鲁中参考点,ecmwf_ifs025,2025-11-27,6,2025-12-03,-0.4,-5.7,-8.9,,,,,,1.8,9.68,0.0,
鲁中参考点,ecmwf_ifs025,2025-11-26,7,2025-12-03,4.6,-6.8,-4.6,,,,,,29.2,9.42,0.0,
鲁中参考点,gfs_seamless,2025-12-02,1,2025-12-03,2.3,-4.5,-6.6,-8.1,,30.4,8.2,,,10.39,0.0,0.0
鲁中参考点,gfs_seamless,2025-12-01,2,2025-12-03,2.7,-4.4,-6.3,-7.4,,36.7,6.8,,,10.4,0.0,0.0
鲁中参考点,gfs_seamless,2025-11-30,3,2025-12-03,2.7,-5.0,-6.7,-9.0,,35.3,9.2,,,10.3,0.0,0.0
鲁中参考点,gfs_seamless,2025-11-29,4,2025-12-03,-0.3,-4.9,-8.2,-9.7,,30.8,11.7,,,10.29,0.0,0.0
鲁中参考点,gfs_seamless,2025-11-28,5,2025-12-03,-0.8,-6.3,-9.3,-10.8,,23.5,9.9,,,9.86,0.0,0.0
鲁中参考点,gfs_seamless,2025-11-27,6,2025-12-03,-1.0,-5.9,-9.6,-10.7,,22.7,11.1,,,9.99,0.0,0.0
鲁中参考点,gfs_seamless,2025-11-26,7,2025-12-03,5.6,-3.9,-6.0,-8.1,,29.8,10.6,,,9.98,0.0,0.0
鲁中参考点,jma_seamless,2025-12-02,1,2025-12-03,1.4,-4.1,-6.7,-7.0,,15.3,6.5,,0.6,,0.0,0.0
鲁中参考点,jma_seamless,2025-12-01,2,2025-12-03,0.4,-4.0,-6.8,-6.3,,14.0,5.3,,0.0,,0.0,0.0
鲁中参考点,jma_seamless,2025-11-30,3,2025-12-03,2.0,-4.6,-6.5,-7.2,,12.2,5.7,,0.0,,0.0,0.0
鲁中参考点,jma_seamless,2025-11-29,4,2025-12-03,1.0,-4.7,-7.0,-8.1,,12.4,7.6,,0.0,,0.0,0.0
鲁中参考点,jma_seamless,2025-11-28,5,2025-12-03,0.1,-5.2,-7.7,-8.0,,15.8,5.9,,0.0,,0.0,0.0
鲁中参考点,jma_seamless,2025-11-27,6,2025-12-03,-0.2,-4.7,-8.4,-8.4,,13.2,8.4,,0.9,,0.0,0.0
鲁中参考点,jma_seamless,2025-11-26,7,2025-12-03,3.8,-5.1,-5.0,-7.8,,27.8,5.9,,1.6,,0.0,0.0
鲁中参考点,ecmwf_ifs025,2025-12-03,1,2025-12-04,4.4,-3.7,-5.8,,,,,,1.0,10.32,0.0,
鲁中参考点,ecmwf_ifs025,2025-12-02,2,2025-12-04,4.4,-3.4,-6.1,,,,,,1.8,10.35,0.0,
鲁中参考点,ecmwf_ifs025,2025-12-01,3,2025-12-04,4.3,-3.3,-6.4,,,,,,8.3,10.41,0.0,
鲁中参考点,ecmwf_ifs025,2025-11-30,4,2025-12-04,4.1,-3.1,-6.1,,,,,,21.0,10.38,0.0,
鲁中参考点,ecmwf_ifs025,2025-11-29,5,2025-12-04,3.6,-3.3,-6.6,,,,,,0.7,10.46,0.0,
鲁中参考点,ecmwf_ifs025,2025-11-28,6,2025-12-04,4.9,-4.8,-7.1,,,,,,21.9,9.63,0.0,
鲁中参考点,ecmwf_ifs025,2025-11-27,7,2025-12-04,4.8,-7.3,-7.4,,,,,,33.0,9.62,0.0,
鲁中参考点,gfs_seamless,2025-12-03,1,2025-12-04,4.6,-2.4,-5.1,-6.1,,36.2,9.8,,,9.75,0.0,0.0
鲁中参考点,gfs_seamless,2025-12-02,2,2025-12-04,4.8,-2.4,-4.9,-6.1,,37.1,9.8,,,9.01,0.0,0.0
鲁中参考点,gfs_seamless,2025-12-01,3,2025-12-04,4.8,-2.1,-4.9,-6.1,,39.2,11.0,,,10.32,0.0,0.0
鲁中参考点,gfs_seamless,2025-11-30,4,2025-12-04,4.5,-2.3,-4.9,-6.2,,38.5,10.4,,,10.38,0.0,0.0
鲁中参考点,gfs_seamless,2025-11-29,5,2025-12-04,4.6,-5.1,-5.4,-8.5,,32.9,7.3,,,10.06,0.0,0.0
鲁中参考点,gfs_seamless,2025-11-28,6,2025-12-04,4.0,-5.5,-6.3,-9.5,,27.7,8.8,,,10.08,0.0,0.0
鲁中参考点,gfs_seamless,2025-11-27,7,2025-12-04,2.8,-4.5,-6.6,-7.7,,23.3,7.2,,,9.98,0.0,0.0
鲁中参考点,jma_seamless,2025-12-03,1,2025-12-04,4.7,-2.5,-4.9,-6.5,,25.1,10.6,,0.2,,0.0,0.0
鲁中参考点,jma_seamless,2025-12-02,2,2025-12-04,5.1,-2.0,-4.7,-5.7,,18.8,9.9,,0.9,,0.0,0.0
鲁中参考点,jma_seamless,2025-12-01,3,2025-12-04,4.8,-1.9,-4.5,-5.3,,20.5,8.9,,1.2,,0.0,0.0
鲁中参考点,jma_seamless,2025-11-30,4,2025-12-04,5.4,-2.2,-4.3,-5.4,,22.8,8.3,,2.0,,0.0,0.0
鲁中参考点,jma_seamless,2025-11-29,5,2025-12-04,4.7,-2.0,-5.3,-6.3,,17.4,12.4,,3.2,,0.0,0.0
鲁中参考点,jma_seamless,2025-11-28,6,2025-12-04,3.8,-4.6,-5.8,-9.5,,15.5,12.5,,9.3,,0.0,0.0
鲁中参考点,jma_seamless,2025-11-27,7,2025-12-04,4.4,-5.0,-5.7,-10.2,,12.5,13.2,,22.0,,0.0,0.0
鲁中参考点,ecmwf_ifs025,2025-12-04,1,2025-12-05,5.9,-5.7,-5.6,,,,,,3.1,10.45,0.0,
鲁中参考点,ecmwf_ifs025,2025-12-03,2,2025-12-05,6.1,-5.2,-5.4,,,,,,42.1,10.29,0.0,
鲁中参考点,ecmwf_ifs025,2025-12-02,3,2025-12-05,6.1,-5.1,-5.4,,,,,,48.7,10.43,0.0,
鲁中参考点,ecmwf_ifs025,2025-12-01,4,2025-12-05,6.3,-5.5,-5.6,,,,,,33.0,10.39,0.0,
鲁中参考点,ecmwf_ifs025,2025-11-30,5,2025-12-05,6.0,-4.8,-5.3,,,,,,14.1,10.4,0.0,
鲁中参考点,ecmwf_ifs025,2025-11-29,6,2025-12-05,6.1,-3.9,-5.5,,,,,,30.3,9.4,0.0,
鲁中参考点,ecmwf_ifs025,2025-11-28,7,2025-12-05,8.1,-1.4,-3.1,,,,,,9.5,9.24,0.0,
鲁中参考点,gfs_seamless,2025-12-04,1,2025-12-05,5.2,-2.1,-4.3,-6.9,,36.1,14.7,,,9.21,0.0,0.0
鲁中参考点,gfs_seamless,2025-12-03,2,2025-12-05,5.2,-1.7,-4.2,-6.6,,34.5,15.2,,,8.73,0.0,0.0
鲁中参考点,gfs_seamless,2025-12-02,3,2025-12-05,5.3,-1.8,-4.0,-6.1,,35.5,12.7,,,8.25,0.0,0.0
鲁中参考点,gfs_seamless,2025-12-01,4,2025-12-05,5.5,-2.0,-4.3,-6.8,,32.4,14.5,,,8.2,0.0,0.0
鲁中参考点,gfs_seamless,2025-11-30,5,2025-12-05,5.6,-1.2,-3.7,-5.1,,34.0,11.5,,,8.66,0.0,0.0
鲁中参考点,gfs_seamless,2025-11-29,6,2025-12-05,6.5,-1.3,-2.7,-4.2,,38.1,7.9,,,9.61,0.0,0.0
鲁中参考点,gfs_seamless,2025-11-28,7,2025-12-05,7.3,-0.7,-2.6,-4.1,,37.1,9.8,,,9.95,0.0,0.0
鲁中参考点,jma_seamless,2025-12-04,1,2025-12-05,5.0,-2.9,-4.6,-7.4,,27.3,12.3,,1.4,,0.0,0.0
鲁中参考点,jma_seamless,2025-12-03,2,2025-12-05,5.1,-2.7,-4.5,-6.9,,29.3,11.4,,17.2,,0.0,0.0
鲁中参考点,jma_seamless,2025-12-02,3,2025-12-05,5.6,-2.3,-3.9,-6.3,,30.8,10.7,,17.9,,0.0,0.0
鲁中参考点,jma_seamless,2025-12-01,4,2025-12-05,6.0,-2.2,-3.7,-6.3,,31.9,11.4,,15.7,,0.0,0.0
鲁中参考点,jma_seamless,2025-11-30,5,2025-12-05,7.8,-2.3,-2.8,-6.2,,29.8,10.5,,0.0,,0.0,0.0
鲁中参考点,jma_seamless,2025-11-29,6,2025-12-05,7.3,-1.0,-2.0,-3.0,,26.8,5.5,,6.8,,0.0,0.0
鲁中参考点,jma_seamless,2025-11-28,7,2025-12-05,8.2,-1.2,-2.0,-4.5,,35.6,9.0,,3.0,,0.0,0.0
鲁中参考点,ecmwf_ifs025,2025-12-05,1,2025-12-06,11.5,0.6,-0.4,,,,,,1.1,10.41,0.0,
鲁中参考点,ecmwf_ifs025,2025-12-04,2,2025-12-06,10.9,0.3,-0.8,,,,,,0.2,10.41,0.0,
鲁中参考点,ecmwf_ifs025,2025-12-03,3,2025-12-06,10.7,0.2,-0.8,,,,,,4.9,10.35,0.0,
鲁中参考点,ecmwf_ifs025,2025-12-02,4,2025-12-06,9.8,0.5,-1.3,,,,,,19.8,10.35,0.0,
鲁中参考点,ecmwf_ifs025,2025-12-01,5,2025-12-06,9.1,0.5,-1.9,,,,,,20.4,9.85,0.0,
鲁中参考点,ecmwf_ifs025,2025-11-30,6,2025-12-06,11.0,0.2,-1.2,,,,,,11.7,8.83,0.0,
鲁中参考点,ecmwf_ifs025,2025-11-29,7,2025-12-06,8.8,0.7,-1.2,,,,,,51.6,8.41,0.0,
鲁中参考点,gfs_seamless,2025-12-05,1,2025-12-06,9.4,0.2,0.1,-3.5,,50.6,11.9,,,3.58,0.2,0.0
鲁中参考点,gfs_seamless,2025-12-04,2,2025-12-06,9.8,0.1,-0.1,-3.7,,48.9,12.0,,,4.65,0.1,0.0
鲁中参考点,gfs_seamless,2025-12-03,3,2025-12-06,9.4,0.3,0.0,-3.4,,48.1,11.7,,,7.46,0.0,0.0
鲁中参考点,gfs_seamless,2025-12-02,4,2025-12-06,9.2,0.2,-0.2,-3.7,,49.5,12.7,,,7.66,0.0,0.0
鲁中参考点,gfs_seamless,2025-12-01,5,2025-12-06,10.6,1.3,-0.0,-2.6,,50.1,13.9,,,8.06,0.0,0.0
鲁中参考点,gfs_seamless,2025-11-30,6,2025-12-06,9.4,0.1,0.1,-3.6,,53.8,11.6,,,8.6,0.0,0.0
鲁中参考点,gfs_seamless,2025-11-29,7,2025-12-06,8.0,0.1,-0.5,-3.3,,50.5,10.3,,,5.71,0.0,0.0
鲁中参考点,jma_seamless,2025-12-05,1,2025-12-06,12.4,1.7,0.7,-2.3,,35.5,15.0,,0.0,,0.0,0.0
鲁中参考点,jma_seamless,2025-12-04,2,2025-12-06,11.8,1.4,0.2,-2.7,,35.0,14.8,,1.1,,0.0,0.0
鲁中参考点,jma_seamless,2025-12-03,3,2025-12-06,11.6,1.4,0.0,-2.6,,33.2,14.4,,0.0,,0.0,0.0
鲁中参考点,jma_seamless,2025-12-02,4,2025-12-06,11.2,1.4,-0.1,-2.6,,30.7,14.4,,0.0,,0.0,0.0
鲁中参考点,jma_seamless,2025-12-01,5,2025-12-06,11.4,2.0,0.0,-1.7,,30.0,13.5,,17.0,,0.0,0.0
鲁中参考点,jma_seamless,2025-11-30,6,2025-12-06,11.8,1.9,1.0,-1.7,,31.6,13.1,,19.9,,0.0,0.0
鲁中参考点,jma_seamless,2025-11-29,7,2025-12-06,11.1,-1.1,0.3,-5.2,,33.3,12.3,,22.2,,0.0,0.0
鲁中参考点,ecmwf_ifs025,2025-12-06,1,2025-12-07,10.1,0.1,0.2,,,,,,42.1,10.11,0.0,
鲁中参考点,ecmwf_ifs025,2025-12-05,2,2025-12-07,9.9,1.0,0.3,,,,,,74.8,9.55,0.0,
鲁中参考点,ecmwf_ifs025,2025-12-04,3,2025-12-07,8.8,2.0,0.0,,,,,,70.4,8.95,0.0,
鲁中参考点,ecmwf_ifs025,2025-12-03,4,2025-12-07,8.5,1.9,-0.0,,,,,,83.1,9.27,0.0,
鲁中参考点,ecmwf_ifs025,2025-12-02,5,2025-12-07,9.6,1.2,-0.5,,,,,,60.1,10.1,0.0,
鲁中参考点,ecmwf_ifs025,2025-12-01,6,2025-12-07,7.1,-0.5,-2.1,,,,,,8.4,9.26,0.0,
鲁中参考点,ecmwf_ifs025,2025-11-30,7,2025-12-07,7.3,-1.0,-2.1,,,,,,22.7,9.3,0.0,
鲁中参考点,gfs_seamless,2025-12-06,1,2025-12-07,8.4,1.6,0.5,-1.9,,41.2,12.3,,,0.0,0.0,0.0
鲁中参考点,gfs_seamless,2025-12-05,2,2025-12-07,9.3,2.0,0.4,-1.0,,39.7,10.2,,,0.0,0.0,0.0
鲁中参考点,gfs_seamless,2025-12-04,3,2025-12-07,9.1,1.7,0.3,-1.5,,39.2,11.1,,,0.0,0.0,0.0
鲁中参考点,gfs_seamless,2025-12-03,4,2025-12-07,11.8,2.6,1.8,0.1,,39.5,8.9,,,0.0,0.0,0.0
鲁中参考点,gfs_seamless,2025-12-02,5,2025-12-07,12.3,-0.2,1.5,-4.3,,41.4,13.2,,,0.0,0.0,0.0
鲁中参考点,gfs_seamless,2025-12-01,6,2025-12-07,12.0,3.4,3.5,,,40.0,4.2,,,0.0,0.0,0.0
鲁中参考点,gfs_seamless,2025-11-30,7,2025-12-07,12.2,3.9,3.8,2.3,,51.5,6.4,,,0.0,0.3,0.0
鲁中参考点,jma_seamless,2025-12-06,1,2025-12-07,10.0,1.7,1.5,-1.0,,28.3,8.8,,17.2,,0.0,0.0
鲁中参考点,jma_seamless,2025-12-05,2,2025-12-07,10.0,1.7,1.0,-1.1,,25.1,9.3,,47.1,,0.0,0.0
鲁中参考点,jma_seamless,2025-12-04,3,2025-12-07,10.1,1.3,0.6,-1.7,,25.0,9.9,,28.6,,0.0,0.0
鲁中参考点,jma_seamless,2025-12-03,4,2025-12-07,10.9,1.0,1.1,-2.4,,25.5,11.2,,12.1,,0.0,0.0
鲁中参考点,jma_seamless,2025-12-02,5,2025-12-07,11.4,1.0,0.7,-2.8,,24.6,13.1,,18.3,,0.0,0.0
鲁中参考点,jma_seamless,2025-12-01,6,2025-12-07,12.1,5.1,2.8,3.1,,23.7,8.6,,10.8,,0.0,0.0
鲁中参考点,jma_seamless,2025-11-30,7,2025-12-07,8.4,0.4,0.3,-2.3,,28.6,8.0,,20.5,,0.0,0.0
鲁中参考点,ecmwf_ifs025,2025-12-07,1,2025-12-08,6.7,-2.8,-2.9,,,,,,25.1,10.15,0.0,
鲁中参考点,ecmwf_ifs025,2025-12-06,2,2025-12-08,6.6,-2.5,-2.9,,,,,,23.6,10.1,0.0,
鲁中参考点,ecmwf_ifs025,2025-12-05,3,2025-12-08,6.7,-3.2,-3.1,,,,,,8.3,10.11,0.0,
鲁中参考点,ecmwf_ifs025,2025-12-04,4,2025-12-08,5.8,-3.0,-3.3,,,,,,21.8,10.18,0.0,
鲁中参考点,ecmwf_ifs025,2025-12-03,5,2025-12-08,5.7,-2.8,-3.7,,,,,,5.9,10.19,0.0,
鲁中参考点,ecmwf_ifs025,2025-12-02,6,2025-12-08,4.9,-3.0,-4.5,,,,,,24.8,9.0,0.0,
鲁中参考点,ecmwf_ifs025,2025-12-01,7,2025-12-08,8.0,-1.7,-2.8,,,,,,30.2,9.13,0.0,
鲁中参考点,gfs_seamless,2025-12-07,1,2025-12-08,6.2,-1.1,-1.9,-3.3,,33.2,6.0,,,,,0.0
鲁中参考点,gfs_seamless,2025-12-06,2,2025-12-08,5.5,-1.8,-2.7,-4.2,,28.8,6.3,,,,,0.0
鲁中参考点,gfs_seamless,2025-12-05,3,2025-12-08,6.2,-1.8,-2.7,-4.6,,34.3,7.2,,,,,0.0
鲁中参考点,gfs_seamless,2025-12-04,4,2025-12-08,5.6,-0.9,-2.5,-3.5,,35.7,7.1,,,,,0.0
鲁中参考点,gfs_seamless,2025-12-03,5,2025-12-08,4.9,-2.1,-3.8,-6.1,,37.8,11.0,,,,,0.0
鲁中参考点,gfs_seamless,2025-12-02,6,2025-12-08,6.7,-1.4,-4.5,-6.2,,34.7,15.3,,,,,0.0
鲁中参考点,gfs_seamless,2025-12-01,7,2025-12-08,11.4,-0.9,0.1,-4.1,,53.1,9.1,,,,,0.0
鲁中参考点,jma_seamless,2025-12-07,1,2025-12-08,4.8,-1.5,-3.1,-3.5,,21.2,5.4,,2.9,,0.0,0.0
鲁中参考点,jma_seamless,2025-12-06,2,2025-12-08,4.7,-1.4,-3.5,,,18.2,4.5,,6.2,,0.0,0.0
鲁中参考点,jma_seamless,2025-12-05,3,2025-12-08,4.8,-1.9,-3.8,,,19.5,4.8,,0.0,,0.0,0.0
鲁中参考点,jma_seamless,2025-12-04,4,2025-12-08,4.7,-2.2,-4.2,,,19.8,4.4,,4.4,,0.0,0.0
鲁中参考点,jma_seamless,2025-12-03,5,2025-12-08,4.0,-2.1,-4.4,-4.5,,18.8,6.2,,0.9,,0.0,0.0
鲁中参考点,jma_seamless,2025-12-02,6,2025-12-08,5.6,-2.6,-3.7,-4.6,,17.7,5.2,,0.0,,0.0,0.0
鲁中参考点,jma_seamless,2025-12-01,7,2025-12-08,4.7,-1.1,-3.2,,,30.2,4.8,,0.0,,0.0,0.0
鲁中参考点,ecmwf_ifs025,2025-12-08,1,2025-12-09,11.1,2.0,0.8,,,,,,21.6,9.96,0.0,
鲁中参考点,ecmwf_ifs025,2025-12-07,2,2025-12-09,10.7,1.1,-0.1,,,,,,34.2,9.96,0.0,
鲁中参考点,ecmwf_ifs025,2025-12-06,3,2025-12-09,10.0,1.3,-0.6,,,,,,30.2,10.0,0.0,
鲁中参考点,ecmwf_ifs025,2025-12-05,4,2025-12-09,9.5,0.3,-1.0,,,,,,81.5,8.69,0.0,
鲁中参考点,ecmwf_ifs025,2025-12-04,5,2025-12-09,9.1,-0.9,-1.6,,,,,,46.2,8.86,0.0,
鲁中参考点,ecmwf_ifs025,2025-12-03,6,2025-12-09,9.5,-1.7,-2.2,,,,,,27.5,9.03,0.0,
鲁中参考点,ecmwf_ifs025,2025-12-02,7,2025-12-09,5.8,-0.5,-2.6,,,,,,64.0,6.53,0.0,
鲁中参考点,gfs_seamless,2025-12-08,1,2025-12-09,9.1,1.5,1.1,-0.9,,49.5,7.6,,,,,0.0
鲁中参考点,gfs_seamless,2025-12-07,2,2025-12-09,9.0,1.1,0.7,-1.7,,45.7,8.8,,,,,0.0
鲁中参考点,gfs_seamless,2025-12-06,3,2025-12-09,8.7,0.6,-0.1,-2.2,,37.9,8.6,,,,,0.0
鲁中参考点,gfs_seamless,2025-12-05,4,2025-12-09,9.1,0.4,0.1,-2.2,,41.5,7.9,,,,,0.0
鲁中参考点,gfs_seamless,2025-12-04,5,2025-12-09,8.5,0.4,-0.3,-2.0,,43.1,7.3,,,,,0.0
鲁中参考点,gfs_seamless,2025-12-03,6,2025-12-09,7.7,-1.4,-1.1,-3.6,,41.2,6.0,,,,,0.0
鲁中参考点,gfs_seamless,2025-12-02,7,2025-12-09,5.4,-2.1,-3.9,-5.0,,33.7,7.4,,,,,0.0
鲁中参考点,jma_seamless,2025-12-08,1,2025-12-09,11.1,2.0,1.0,-1.3,,33.8,11.6,,12.2,,0.0,0.0
鲁中参考点,jma_seamless,2025-12-07,2,2025-12-09,10.4,1.3,0.1,-2.4,,26.9,12.7,,5.8,,0.0,0.0
鲁中参考点,jma_seamless,2025-12-06,3,2025-12-09,9.7,0.9,-0.7,-2.7,,20.2,12.0,,16.9,,0.0,0.0
鲁中参考点,jma_seamless,2025-12-05,4,2025-12-09,9.7,0.1,-0.9,-3.7,,18.9,11.9,,33.2,,0.0,0.0
鲁中参考点,jma_seamless,2025-12-04,5,2025-12-09,8.6,-0.1,-1.7,-3.7,,15.5,11.2,,32.8,,0.0,0.0
鲁中参考点,jma_seamless,2025-12-03,6,2025-12-09,7.7,-1.3,-2.6,-5.3,,14.9,11.5,,6.2,,0.0,0.0
鲁中参考点,jma_seamless,2025-12-02,7,2025-12-09,7.0,-1.4,-3.6,-5.8,,19.8,13.5,,3.7,,0.0,0.0
鲁中参考点,ecmwf_ifs025,2025-12-09,1,2025-12-10,12.6,3.6,2.9,,,,,,50.8,8.61,0.0,
鲁中参考点,ecmwf_ifs025,2025-12-08,2,2025-12-10,12.0,3.6,2.7,,,,,,60.1,6.87,0.0,
鲁中参考点,ecmwf_ifs025,2025-12-07,3,2025-12-10,11.8,3.5,2.6,,,,,,64.8,7.74,0.0,
鲁中参考点,ecmwf_ifs025,2025-12-06,4,2025-12-10,12.3,3.2,2.8,,,,,,40.3,9.12,0.0,
鲁中参考点,ecmwf_ifs025,2025-12-05,5,2025-12-10,11.8,3.4,2.5,,,,,,65.7,6.67,0.0,
鲁中参考点,ecmwf_ifs025,2025-12-04,6,2025-12-10,12.4,1.7,2.0,,,,,,30.9,8.74,0.0,
鲁中参考点,ecmwf_ifs025,2025-12-03,7,2025-12-10,12.6,2.7,2.9,,,,,,70.5,7.75,0.0,
鲁中参考点,gfs_seamless,2025-12-09,1,2025-12-10,11.0,4.0,3.4,1.7,,61.1,9.2,,,,,0.0
鲁中参考点,gfs_seamless,2025-12-08,2,2025-12-10,11.2,4.4,3.7,2.5,,59.3,7.7,,,,,0.0
鲁中参考点,gfs_seamless,2025-12-07,3,2025-12-10,11.0,3.3,3.1,1.4,,55.0,7.1,,,,,0.0
鲁中参考点,gfs_seamless,2025-12-06,4,2025-12-10,11.0,3.3,3.1,1.5,,56.0,6.8,,,,,0.0
鲁中参考点,gfs_seamless,2025-12-05,5,2025-12-10,11.0,3.6,3.2,2.0,,61.2,6.3,,,,,0.0
鲁中参考点,gfs_seamless,2025-12-04,6,2025-12-10,10.0,3.3,2.6,1.3,,67.3,7.3,,,,,0.0
鲁中参考点,gfs_seamless,2025-12-03,7,2025-12-10,9.1,1.1,2.1,-0.5,,61.9,5.4,,,,,0.0
鲁中参考点,jma_seamless,2025-12-09,1,2025-12-10,11.8,5.5,3.7,2.9,,49.2,12.0,,40.5,,0.0,0.0
鲁中参考点,jma_seamless,2025-12-08,2,2025-12-10,11.8,5.9,3.6,3.2,,48.0,12.9,,37.1,,0.0,0.0
鲁中参考点,jma_seamless,2025-12-07,3,2025-12-10,11.7,5.0,3.3,2.7,,38.0,9.9,,59.0,,0.0,0.0
鲁中参考点,jma_seamless,2025-12-06,4,2025-12-10,9.8,3.5,2.5,0.6,,51.5,11.2,,56.0,,0.0,0.0
鲁中参考点,jma_seamless,2025-12-05,5,2025-12-10,10.1,2.4,1.6,-0.3,,51.4,9.6,,33.6,,1.2,0.0
鲁中参考点,jma_seamless,2025-12-04,6,2025-12-10,11.3,1.7,1.0,-1.7,,37.8,12.0,,24.3,,0.0,0.0
鲁中参考点,jma_seamless,2025-12-03,7,2025-12-10,11.2,2.6,1.0,-0.9,,41.7,13.3,,40.5,,0.0,0.0
鲁中参考点,ecmwf_ifs025,2025-12-10,1,2025-12-11,3.3,-3.0,-4.0,,,,,,81.0,4.61,0.0,
鲁中参考点,ecmwf_ifs025,2025-12-09,2,2025-12-11,4.3,-2.8,-3.3,,,,,,74.6,5.95,0.0,
鲁中参考点,ecmwf_ifs025,2025-12-08,3,2025-12-11,4.6,-2.5,-2.9,,,,,,63.2,6.0,0.0,
鲁中参考点,ecmwf_ifs025,2025-12-07,4,2025-12-11,4.1,-2.3,-2.9,,,,,,76.8,5.16,0.0,
鲁中参考点,ecmwf_ifs025,2025-12-06,5,2025-12-11,4.7,-1.3,-2.4,,,,,,71.6,6.44,0.0,
鲁中参考点,ecmwf_ifs025,2025-12-05,6,2025-12-11,7.5,-0.8,-1.5,,,,,,41.2,8.7,0.0,
鲁中参考点,ecmwf_ifs025,2025-12-04,7,2025-12-11,14.2,1.2,2.9,,,,,,9.0,8.74,0.0,
鲁中参考点,gfs_seamless,2025-12-10,1,2025-12-11,5.7,-3.5,-4.3,-9.8,,71.7,20.7,,,,,0.0
鲁中参考点,gfs_seamless,2025-12-09,2,2025-12-11,5.7,-3.1,-4.1,-9.2,,71.5,20.5,,,,,0.0
鲁中参考点,gfs_seamless,2025-12-08,3,2025-12-11,5.5,-3.0,-3.3,-8.7,,75.7,17.9,,,,,0.0
鲁中参考点,gfs_seamless,2025-12-07,4,2025-12-11,5.4,-2.8,-3.8,-8.7,,79.9,19.7,,,,,0.0
鲁中参考点,gfs_seamless,2025-12-06,5,2025-12-11,6.5,-2.1,-2.4,-7.1,,78.6,15.4,,,,,0.0
鲁中参考点,gfs_seamless,2025-12-05,6,2025-12-11,9.4,-0.7,-0.2,-4.0,,74.0,9.3,,,,,0.0
鲁中参考点,gfs_seamless,2025-12-04,7,2025-12-11,11.9,4.2,4.1,2.2,,75.3,7.9,,,,,0.0
鲁中参考点,jma_seamless,2025-12-10,1,2025-12-11,5.5,-3.3,-3.0,-8.1,,69.1,13.4,,48.1,,0.0,0.0
鲁中参考点,jma_seamless,2025-12-09,2,2025-12-11,5.6,-3.1,-2.7,-7.9,,69.6,13.5,,45.8,,0.0,0.0
鲁中参考点,jma_seamless,2025-12-08,3,2025-12-11,5.0,-3.2,-2.4,-7.7,,69.7,12.0,,35.2,,0.0,0.0
鲁中参考点,jma_seamless,2025-12-07,4,2025-12-11,6.9,-2.4,-1.6,-6.3,,71.5,10.6,,16.5,,0.0,0.0
鲁中参考点,jma_seamless,2025-12-06,5,2025-12-11,6.4,-0.3,-1.8,-3.5,,71.5,9.3,,11.4,,0.0,0.0
鲁中参考点,jma_seamless,2025-12-05,6,2025-12-11,7.5,0.3,-0.2,-2.3,,66.7,7.6,,6.3,,0.0,0.0
鲁中参考点,jma_seamless,2025-12-04,7,2025-12-11,12.8,0.4,1.7,-2.9,,55.3,10.2,,0.0,,0.0,0.0
鲁中参考点,ecmwf_ifs025,2025-12-11,1,2025-12-12,-0.6,-4.9,-7.1,,,,,,81.0,3.52,2.4,
鲁中参考点,ecmwf_ifs025,2025-12-10,2,2025-12-12,0.3,-4.4,-6.4,,,,,,85.1,3.65,3.0,
鲁中参考点,ecmwf_ifs025,2025-12-09,3,2025-12-12,-0.5,-3.9,-6.4,,,,,,93.5,2.42,4.2,
鲁中参考点,ecmwf_ifs025,2025-12-08,4,2025-12-12,1.2,-4.0,-6.3,,,,,,86.0,3.96,3.9,
鲁中参考点,ecmwf_ifs025,2025-12-07,5,2025-12-12,0.6,-3.0,-5.5,,,,,,91.8,2.97,2.4,
鲁中参考点,ecmwf_ifs025,2025-12-06,6,2025-12-12,1.4,-2.2,-5.0,,,,,,85.9,3.92,5.4,
鲁中参考点,ecmwf_ifs025,2025-12-05,7,2025-12-12,5.1,-1.6,0.2,,,,,,98.2,1.3,10.5,
鲁中参考点,gfs_seamless,2025-12-11,1,2025-12-12,0.6,-4.6,-6.8,-7.9,,54.7,7.4,,,,,1.1
鲁中参考点,gfs_seamless,2025-12-10,2,2025-12-12,0.5,-4.1,-6.5,-7.7,,51.9,8.4,,,,,0.6
鲁中参考点,gfs_seamless,2025-12-09,3,2025-12-12,0.8,-3.4,-6.2,-7.0,,48.9,8.7,,,,,0.0
鲁中参考点,gfs_seamless,2025-12-08,4,2025-12-12,1.1,-3.4,-6.7,-7.8,,46.3,11.5,,,,,0.8
鲁中参考点,gfs_seamless,2025-12-07,5,2025-12-12,1.4,-3.1,-6.3,-7.3,,56.5,11.0,,,,,0.2
鲁中参考点,gfs_seamless,2025-12-06,6,2025-12-12,2.6,-1.6,-4.6,-5.3,,54.2,10.2,,,,,0.0
鲁中参考点,gfs_seamless,2025-12-05,7,2025-12-12,8.3,-1.0,-0.5,-4.3,,70.5,9.2,,,,,0.2
鲁中参考点,jma_seamless,2025-12-11,1,2025-12-12,-0.2,-3.8,-6.4,-6.6,,60.2,6.5,,66.5,,1.8,1.3
鲁中参考点,jma_seamless,2025-12-10,2,2025-12-12,1.2,-3.9,-5.8,-6.2,,56.6,5.3,,75.3,,2.4,1.3
鲁中参考点,jma_seamless,2025-12-09,3,2025-12-12,0.4,-3.8,-6.3,-6.9,,59.5,7.3,,76.6,,2.4,1.4
鲁中参考点,jma_seamless,2025-12-08,4,2025-12-12,1.5,-3.4,-5.9,-6.8,,52.3,8.1,,57.6,,1.8,1.1
鲁中参考点,jma_seamless,2025-12-07,5,2025-12-12,4.4,-2.0,-3.7,-4.3,,49.5,5.9,,56.8,,1.8,0.9
鲁中参考点,jma_seamless,2025-12-06,6,2025-12-12,4.6,0.1,-1.0,-1.6,,72.4,5.2,,53.8,,0.9,0.0
鲁中参考点,jma_seamless,2025-12-05,7,2025-12-12,7.6,1.4,2.6,-0.3,,90.3,5.7,,66.2,,8.7,0.0
鲁中参考点,ecmwf_ifs025,2025-12-12,1,2025-12-13,-2.8,-8.2,-8.2,,,,,,62.1,4.59,1.5,
鲁中参考点,ecmwf_ifs025,2025-12-11,2,2025-12-13,-1.8,-6.8,-7.3,,,,,,63.5,5.63,0.6,
鲁中参考点,ecmwf_ifs025,2025-12-10,3,2025-12-13,-0.9,-6.7,-6.8,,,,,,40.8,9.0,0.9,
鲁中参考点,ecmwf_ifs025,2025-12-09,4,2025-12-13,-1.2,-6.8,-7.3,,,,,,36.1,9.97,0.9,
鲁中参考点,ecmwf_ifs025,2025-12-08,5,2025-12-13,-0.7,-6.8,-6.6,,,,,,38.0,9.15,0.9,
鲁中参考点,ecmwf_ifs025,2025-12-07,6,2025-12-13,-1.7,-4.6,-7.1,,,,,,72.6,4.72,3.3,
鲁中参考点,ecmwf_ifs025,2025-12-06,7,2025-12-13,1.5,-8.9,-6.8,,,,,,40.1,7.93,0.9,
鲁中参考点,gfs_seamless,2025-12-12,1,2025-12-13,-1.0,-4.4,-6.8,-8.0,,88.3,8.2,,,,,0.6
鲁中参考点,gfs_seamless,2025-12-11,2,2025-12-13,0.4,-4.7,-6.6,-8.9,,80.7,9.8,,,,,0.1
鲁中参考点,gfs_seamless,2025-12-10,3,2025-12-13,1.2,-3.1,-6.1,-7.0,,76.0,10.0,,,,,0.1
鲁中参考点,gfs_seamless,2025-12-09,4,2025-12-13,-0.1,-3.5,-5.2,-5.9,,80.4,5.6,,,,,1.8
鲁中参考点,gfs_seamless,2025-12-08,5,2025-12-13,-0.0,-2.6,-4.9,-5.2,,78.1,6.4,,,,,0.1
鲁中参考点,gfs_seamless,2025-12-07,6,2025-12-13,-0.1,-3.4,-5.6,-6.7,,86.8,7.9,,,,,0.4
鲁中参考点,gfs_seamless,2025-12-06,7,2025-12-13,1.5,-1.1,-3.5,-3.9,,96.1,7.6,,,,,1.5
鲁中参考点,jma_seamless,2025-12-12,1,2025-12-13,-1.4,-2.9,-6.3,-6.2,,73.6,8.1,,69.6,,1.8,1.3
鲁中参考点,jma_seamless,2025-12-11,2,2025-12-13,0.3,-3.0,-5.6,-6.3,,72.9,8.1,,51.8,,1.2,0.8
鲁中参考点,jma_seamless,2025-12-10,3,2025-12-13,2.0,-2.3,-5.1,-5.6,,65.0,8.5,,33.5,,1.2,0.8
鲁中参考点,jma_seamless,2025-12-09,4,2025-12-13,1.3,-2.2,-5.3,-5.7,,66.0,9.1,,35.1,,1.8,1.3
鲁中参考点,jma_seamless,2025-12-08,5,2025-12-13,2.7,-1.9,-4.6,-5.5,,65.2,9.7,,41.3,,1.8,1.3
鲁中参考点,jma_seamless,2025-12-07,6,2025-12-13,2.9,-1.4,-4.1,-5.5,,52.1,12.0,,44.8,,2.1,0.4
鲁中参考点,jma_seamless,2025-12-06,7,2025-12-13,2.3,-2.2,-5.4,-7.0,,36.8,14.6,,14.2,,1.5,0.0
鲁中参考点,ecmwf_ifs025,2025-12-13,1,2025-12-14,0.4,-9.6,-9.0,,,,,,0.9,10.58,0.0,
鲁中参考点,ecmwf_ifs025,2025-12-12,2,2025-12-14,-0.6,-7.8,-8.8,,,,,,0.3,10.64,0.0,
鲁中参考点,ecmwf_ifs025,2025-12-11,3,2025-12-14,2.5,-7.0,-7.8,,,,,,0.0,10.53,0.0,
鲁中参考点,ecmwf_ifs025,2025-12-10,4,2025-12-14,2.7,-8.6,-8.1,,,,,,0.1,10.44,0.0,
鲁中参考点,ecmwf_ifs025,2025-12-09,5,2025-12-14,0.9,-8.5,-8.4,,,,,,0.1,10.57,0.0,
鲁中参考点,ecmwf_ifs025,2025-12-08,6,2025-12-14,3.3,-5.5,-6.4,,,,,,0.0,9.36,0.0,
鲁中参考点,ecmwf_ifs025,2025-12-07,7,2025-12-14,-1.1,-9.0,-9.3,,,,,,2.7,9.63,0.0,
鲁中参考点,gfs_seamless,2025-12-13,1,2025-12-14,2.7,-4.7,-5.6,-8.3,,67.4,8.1,,,,,0.0
鲁中参考点,gfs_seamless,2025-12-12,2,2025-12-14,1.3,-4.9,-6.3,-8.5,,78.6,8.0,,,,,0.0
鲁中参考点,gfs_seamless,2025-12-11,3,2025-12-14,2.7,-4.1,-5.4,-7.6,,61.7,8.2,,,,,0.0
鲁中参考点,gfs_seamless,2025-12-10,4,2025-12-14,3.4,-4.6,-5.2,-8.3,,59.8,8.5,,,,,0.0
鲁中参考点,gfs_seamless,2025-12-09,5,2025-12-14,2.0,-4.7,-5.9,-9.0,,71.1,10.3,,,,,0.1
鲁中参考点,gfs_seamless,2025-12-08,6,2025-12-14,2.3,-3.7,-5.8,-7.7,,71.9,10.0,,,,,0.0
鲁中参考点,gfs_seamless,2025-12-07,7,2025-12-14,1.1,-4.5,-6.7,-8.8,,62.1,10.3,,,,,0.0
鲁中参考点,jma_seamless,2025-12-13,1,2025-12-14,3.7,-2.5,-4.8,-6.0,,30.4,9.0,,0.4,,0.0,0.0
鲁中参考点,jma_seamless,2025-12-12,2,2025-12-14,3.0,-3.2,-5.2,-6.7,,35.8,8.7,,1.2,,0.0,0.0
鲁中参考点,jma_seamless,2025-12-11,3,2025-12-14,3.9,-2.5,-4.8,-6.2,,29.6,9.6,,0.0,,0.0,0.0
鲁中参考点,jma_seamless,2025-12-10,4,2025-12-14,5.2,-2.0,-4.1,-5.5,,28.2,9.3,,0.2,,0.0,0.0
鲁中参考点,jma_seamless,2025-12-09,5,2025-12-14,3.4,-3.0,-5.3,-6.2,,31.8,7.8,,0.0,,0.0,0.0
鲁中参考点,jma_seamless,2025-12-08,6,2025-12-14,3.7,-3.0,-5.1,-5.4,,29.8,5.9,,0.0,,0.0,0.0
鲁中参考点,jma_seamless,2025-12-07,7,2025-12-14,4.4,-2.5,-4.4,-4.8,,28.6,5.8,,0.0,,0.0,0.0
鲁中参考点,ecmwf_ifs025,2025-12-14,1,2025-12-15,6.2,-2.6,-4.0,,,,,,25.9,9.66,0.0,
鲁中参考点,ecmwf_ifs025,2025-12-13,2,2025-12-15,5.6,-3.9,-4.9,,,,,,25.1,10.07,0.0,
鲁中参考点,ecmwf_ifs025,2025-12-12,3,2025-12-15,5.0,-2.2,-5.4,,,,,,14.5,10.31,0.0,
鲁中参考点,ecmwf_ifs025,2025-12-11,4,2025-12-15,6.0,-1.9,-4.3,,,,,,44.5,7.86,0.0,
鲁中参考点,ecmwf_ifs025,2025-12-10,5,2025-12-15,7.3,-2.8,-4.6,,,,,,22.8,8.9,0.0,
鲁中参考点,ecmwf_ifs025,2025-12-09,6,2025-12-15,5.8,-3.4,-4.8,,,,,,0.0,9.11,0.0,
鲁中参考点,ecmwf_ifs025,2025-12-08,7,2025-12-15,5.2,-3.0,-4.8,,,,,,87.3,8.1,0.0,
鲁中参考点,gfs_seamless,2025-12-14,1,2025-12-15,6.0,-1.1,-2.6,-4.8,,58.5,10.8,,,,,0.0
鲁中参考点,gfs_seamless,2025-12-13,2,2025-12-15,6.0,-2.1,-3.0,-5.9,,61.5,10.4,,,,,0.0
鲁中参考点,gfs_seamless,2025-12-12,3,2025-12-15,5.8,-1.4,-2.8,-4.9,,62.9,9.7,,,,,0.0
鲁中参考点,gfs_seamless,2025-12-11,4,2025-12-15,6.4,-0.6,-2.5,-3.9,,53.6,9.7,,,,,0.0
鲁中参考点,gfs_seamless,2025-12-10,5,2025-12-15,6.5,-1.7,-2.6,-5.3,,49.2,9.9,,,,,0.0
鲁中参考点,gfs_seamless,2025-12-09,6,2025-12-15,4.8,-3.3,-4.0,-6.1,,55.3,6.6,,,,,0.0
鲁中参考点,gfs_seamless,2025-12-08,7,2025-12-15,4.3,-3.4,-4.5,-6.1,,54.7,6.3,,,,,0.0
鲁中参考点,jma_seamless,2025-12-14,1,2025-12-15,8.4,0.4,-2.0,-4.1,,32.2,16.0,,10.5,,0.0,0.0
鲁中参考点,jma_seamless,2025-12-13,2,2025-12-15,8.3,0.5,-2.1,-4.0,,26.5,16.4,,6.4,,0.0,0.0
鲁中参考点,jma_seamless,2025-12-12,3,2025-12-15,7.7,0.3,-2.4,-4.4,,25.5,16.8,,2.4,,0.0,0.0
鲁中参考点,jma_seamless,2025-12-11,4,2025-12-15,8.0,0.6,-1.8,-3.5,,24.9,14.2,,1.2,,0.0,0.0
鲁中参考点,jma_seamless,2025-12-10,5,2025-12-15,8.7,-0.6,-1.6,-4.8,,25.0,13.1,,13.8,,0.0,0.0
鲁中参考点,jma_seamless,2025-12-09,6,2025-12-15,6.4,-3.0,-3.1,-7.3,,26.0,11.5,,9.1,,0.0,0.0
鲁中参考点,jma_seamless,2025-12-08,7,2025-12-15,7.0,-2.7,-3.4,-7.1,,25.9,12.0,,4.8,,0.0,0.0
鲁中参考点,ecmwf_ifs025,2025-12-15,1,2025-12-16,5.1,-1.2,-2.4,,,,,,27.1,9.69,0.0,
鲁中参考点,ecmwf_ifs025,2025-12-14,2,2025-12-16,5.1,-2.7,-3.0,,,,,,25.1,9.77,0.0,
鲁中参考点,ecmwf_ifs025,2025-12-13,3,2025-12-16,5.5,-3.3,-3.2,,,,,,35.1,9.72,0.0,
鲁中参考点,ecmwf_ifs025,2025-12-12,4,2025-12-16,4.3,-1.4,-3.2,,,,,,44.1,9.63,0.0,
鲁中参考点,ecmwf_ifs025,2025-12-11,5,2025-12-16,4.5,-1.3,-3.2,,,,,,22.2,9.96,0.0,
鲁中参考点,ecmwf_ifs025,2025-12-10,6,2025-12-16,2.3,-2.4,-4.5,,,,,,6.0,9.09,0.0,
鲁中参考点,ecmwf_ifs025,2025-12-09,7,2025-12-16,2.3,-3.7,-4.7,,,,,,6.4,9.09,0.0,
鲁中参考点,gfs_seamless,2025-12-15,1,2025-12-16,5.5,0.3,-0.8,-2.2,,75.4,7.3,,,,,0.0
鲁中参考点,gfs_seamless,2025-12-14,2,2025-12-16,5.9,-0.7,-1.2,-3.4,,68.8,7.5,,,,,0.0
鲁中参考点,gfs_seamless,2025-12-13,3,2025-12-16,6.2,-0.7,-1.0,-3.5,,67.8,7.9,,,,,0.0
鲁中参考点,gfs_seamless,2025-12-12,4,2025-12-16,6.2,0.2,-1.0,-2.6,,69.7,8.3,,,,,0.0
鲁中参考点,gfs_seamless,2025-12-11,5,2025-12-16,7.6,-0.3,-0.8,-3.1,,57.8,7.9,,,,,0.0
鲁中参考点,gfs_seamless,2025-12-10,6,2025-12-16,9.1,0.5,0.1,-2.1,,53.5,7.7,,,,,0.0
鲁中参考点,gfs_seamless,2025-12-09,7,2025-12-16,6.2,-1.3,-1.8,-3.6,,53.7,6.3,,,,,0.0
鲁中参考点,jma_seamless,2025-12-15,1,2025-12-16,6.4,-0.2,-1.3,-2.6,,67.9,6.9,,11.3,,0.0,0.0
鲁中参考点,jma_seamless,2025-12-14,2,2025-12-16,6.1,-0.8,-2.0,-3.4,,54.3,7.2,,4.5,,0.0,0.0
鲁中参考点,jma_seamless,2025-12-13,3,2025-12-16,6.7,-0.9,-1.8,-3.7,,49.0,7.8,,8.4,,0.0,0.0
鲁中参考点,jma_seamless,2025-12-12,4,2025-12-16,7.8,-0.3,-1.2,-2.5,,35.6,6.4,,1.5,,0.0,0.0
鲁中参考点,jma_seamless,2025-12-11,5,2025-12-16,8.2,-0.1,-1.2,-2.1,,39.2,6.0,,9.0,,0.0,0.0
鲁中参考点,jma_seamless,2025-12-10,6,2025-12-16,8.9,-0.1,-0.9,-2.8,,40.1,7.9,,21.5,,0.0,0.0
鲁中参考点,jma_seamless,2025-12-09,7,2025-12-16,8.7,-0.5,-1.6,-2.5,,31.7,5.7,,4.2,,0.0,0.0
鲁中参考点,ecmwf_ifs025,2025-12-16,1,2025-12-17,5.5,-3.3,-3.3,-5.3,,70.4,5.0,,40.5,10.0,0.0,
鲁中参考点,ecmwf_ifs025,2025-12-15,2,2025-12-17,4.7,-3.4,-4.2,,,68.2,4.7,,34.6,10.04,0.0,
鲁中参考点,ecmwf_ifs025,2025-12-14,3,2025-12-17,4.3,-3.5,-4.4,-6.4,,68.4,6.7,,28.6,9.99,0.0,
鲁中参考点,ecmwf_ifs025,2025-12-13,4,2025-12-17,2.9,-4.2,-5.6,-7.1,,74.2,6.5,,32.0,10.1,0.0,
鲁中参考点,ecmwf_ifs025,2025-12-12,5,2025-12-17,3.4,-3.3,-4.8,-6.4,,75.3,7.5,,38.7,9.98,0.0,
鲁中参考点,ecmwf_ifs025,2025-12-11,6,2025-12-17,7.2,-3.9,-3.8,-7.4,,68.8,8.1,,13.3,9.1,0.0,
鲁中参考点,ecmwf_ifs025,2025-12-10,7,2025-12-17,6.7,-4.5,-4.0,-6.8,,63.9,5.2,,1.3,8.96,0.0,
鲁中参考点,gfs_seamless,2025-12-16,1,2025-12-17,5.5,-1.2,-2.2,,,,,16.2,2.1,,,0.0
鲁中参考点,gfs_seamless,2025-12-15,2,2025-12-17,4.9,-1.6,-2.6,,,,,13.3,2.4,,,0.0
鲁中参考点,gfs_seamless,2025-12-14,3,2025-12-17,4.4,-1.9,-3.0,,,,,18.7,4.0,,,0.0
鲁中参考点,gfs_seamless,2025-12-13,4,2025-12-17,4.0,-2.2,-3.6,,,,,29.2,15.3,,,0.0
鲁中参考点,gfs_seamless,2025-12-12,5,2025-12-17,4.3,-1.2,-2.8,,,,,26.3,40.6,,,0.0
鲁中参考点,gfs_seamless,2025-12-11,6,2025-12-17,6.9,0.6,-0.3,,,,,13.0,18.0,,,0.0
鲁中参考点,gfs_seamless,2025-12-10,7,2025-12-17,8.7,0.6,0.2,,,,,10.4,12.1,,,0.0
鲁中参考点,ecmwf_ifs025,2025-12-17,1,2025-12-18,8.1,-0.3,-2.8,-6.2,,57.8,24.3,,24.8,9.26,0.0,
鲁中参考点,ecmwf_ifs025,2025-12-16,2,2025-12-18,8.2,-0.8,-3.1,-6.8,,56.1,23.8,,22.4,9.75,0.0,
鲁中参考点,ecmwf_ifs025,2025-12-15,3,2025-12-18,7.4,-0.6,-3.5,-6.5,,54.1,23.8,,20.0,9.89,0.0,
鲁中参考点,ecmwf_ifs025,2025-12-14,4,2025-12-18,7.7,-1.9,-3.7,-8.0,,56.0,22.5,,15.8,9.8,0.0,
鲁中参考点,ecmwf_ifs025,2025-12-13,5,2025-12-18,6.7,-2.1,-4.5,-8.4,,56.4,23.7,,14.1,10.29,0.0,
鲁中参考点,ecmwf_ifs025,2025-12-12,6,2025-12-18,6.6,-0.8,-3.9,-6.6,,56.2,22.5,,13.4,9.21,0.0,
鲁中参考点,ecmwf_ifs025,2025-12-11,7,2025-12-18,8.7,-0.3,-2.4,-5.8,,51.8,21.5,,30.2,9.01,0.0,
鲁中参考点,gfs_seamless,2025-12-17,1,2025-12-18,7.0,0.3,-1.6,,,,,52.9,38.2,,,0.0
鲁中参考点,gfs_seamless,2025-12-16,2,2025-12-18,7.0,0.5,-1.4,,,,,47.9,24.8,,,0.0
鲁中参考点,gfs_seamless,2025-12-15,3,2025-12-18,7.5,0.5,-1.4,,,,,44.3,17.8,,,0.0
鲁中参考点,gfs_seamless,2025-12-14,4,2025-12-18,6.8,-0.2,-1.7,,,,,45.4,0.7,,,0.0
鲁中参考点,gfs_seamless,2025-12-13,5,2025-12-18,6.5,-0.7,-2.3,,,,,48.6,9.0,,,0.0
鲁中参考点,gfs_seamless,2025-12-12,6,2025-12-18,6.8,0.2,-1.9,,,,,40.0,10.8,,,0.0
鲁中参考点,gfs_seamless,2025-12-11,7,2025-12-18,8.3,1.6,0.5,,,,,41.4,1.9,,,0.0
鲁中参考点,ecmwf_ifs025,2025-12-18,1,2025-12-19,12.1,2.1,2.5,-2.4,,74.1,18.4,,34.0,9.31,0.0,
鲁中参考点,ecmwf_ifs025,2025-12-17,2,2025-12-19,12.3,2.2,2.4,-2.1,,72.0,17.2,,49.2,9.14,0.0,
鲁中参考点,ecmwf_ifs025,2025-12-16,3,2025-12-19,12.3,3.0,2.1,-1.0,,73.4,16.5,,31.0,8.77,0.0,
鲁中参考点,ecmwf_ifs025,2025-12-15,4,2025-12-19,12.7,2.2,2.1,-1.8,,71.0,15.4,,33.2,9.35,0.0,
鲁中参考点,ecmwf_ifs025,2025-12-14,5,2025-12-19,11.1,3.0,1.8,-0.7,,74.1,14.9,,47.8,8.51,0.0,
鲁中参考点,ecmwf_ifs025,2025-12-13,6,2025-12-19,11.3,1.2,0.7,-3.3,,68.2,16.9,,24.4,8.55,0.0,
鲁中参考点,ecmwf_ifs025,2025-12-12,7,2025-12-19,9.0,3.0,1.3,-0.3,,70.6,12.6,,65.2,6.7,0.0,
鲁中参考点,gfs_seamless,2025-12-18,1,2025-12-19,11.2,2.5,2.5,,,,,50.8,44.3,,,0.0
鲁中参考点,gfs_seamless,2025-12-17,2,2025-12-19,11.7,2.6,2.5,,,,,48.2,41.2,,,0.0
鲁中参考点,gfs_seamless,2025-12-16,3,2025-12-19,11.0,2.3,2.7,,,,,36.4,42.5,,,0.0
鲁中参考点,gfs_seamless,2025-12-15,4,2025-12-19,10.0,2.0,2.0,,,,,43.2,42.4,,,0.0
鲁中参考点,gfs_seamless,2025-12-14,5,2025-12-19,10.1,1.9,1.9,,,,,42.8,31.8,,,0.0
鲁中参考点,gfs_seamless,2025-12-13,6,2025-12-19,10.2,1.4,1.9,,,,,34.9,30.2,,,0.0
鲁中参考点,gfs_seamless,2025-12-12,7,2025-12-19,9.4,1.4,0.8,,,,,38.9,8.0,,,0.0
鲁中参考点,ecmwf_ifs025,2025-12-19,1,2025-12-20,4.1,-4.0,-4.1,-8.1,,48.2,10.0,,83.0,6.55,0.0,
鲁中参考点,ecmwf_ifs025,2025-12-18,2,2025-12-20,4.1,-2.1,-3.8,-5.8,,49.4,10.0,,95.4,5.96,0.0,
鲁中参考点,ecmwf_ifs025,2025-12-17,3,2025-12-20,4.5,-3.1,-2.5,-6.6,,68.5,8.8,,91.9,5.3,0.0,
鲁中参考点,ecmwf_ifs025,2025-12-16,4,2025-12-20,5.3,-2.9,-2.6,-5.7,,71.2,6.9,,89.2,6.02,0.0,
鲁中参考点,ecmwf_ifs025,2025-12-15,5,2025-12-20,5.6,-2.9,-1.8,-6.9,,62.9,10.5,,97.0,5.97,0.0,
鲁中参考点,ecmwf_ifs025,2025-12-14,6,2025-12-20,5.9,-1.9,-2.3,-4.5,,64.6,6.6,,77.4,5.52,0.0,
鲁中参考点,ecmwf_ifs025,2025-12-13,7,2025-12-20,4.9,-1.1,-1.8,-4.6,,64.8,9.9,,100.0,6.65,0.0,
鲁中参考点,gfs_seamless,2025-12-19,1,2025-12-20,3.6,-0.7,-2.2,,,,,26.3,94.2,,,0.1
鲁中参考点,gfs_seamless,2025-12-18,2,2025-12-20,3.4,-0.7,-3.0,,,,,40.0,100.0,,,0.0
鲁中参考点,gfs_seamless,2025-12-17,3,2025-12-20,4.5,-0.2,-2.2,,,,,45.0,84.5,,,0.0
鲁中参考点,gfs_seamless,2025-12-16,4,2025-12-20,3.3,-1.2,-3.9,,,,,45.4,63.2,,,0.0
鲁中参考点,gfs_seamless,2025-12-15,5,2025-12-20,9.0,-0.8,-0.5,,,,,19.1,53.6,,,0.0
鲁中参考点,gfs_seamless,2025-12-14,6,2025-12-20,8.8,1.5,1.5,,,,,27.4,61.0,,,0.0
鲁中参考点,gfs_seamless,2025-12-13,7,2025-12-20,9.0,-1.2,-0.3,,,,,50.0,62.6,,,0.0
鲁中参考点,ecmwf_ifs025,2025-12-20,1,2025-12-21,2.4,-5.4,-6.9,-8.1,,31.5,5.8,,6.9,10.19,0.0,
鲁中参考点,ecmwf_ifs025,2025-12-19,2,2025-12-21,2.7,-5.0,-6.9,-7.5,,29.4,5.4,,16.8,10.22,0.0,
鲁中参考点,ecmwf_ifs025,2025-12-18,3,2025-12-21,2.7,-4.7,-6.8,-7.4,,34.9,5.9,,1.6,10.24,0.0,
鲁中参考点,ecmwf_ifs025,2025-12-17,4,2025-12-21,2.4,-5.2,-7.0,-8.4,,38.1,6.8,,1.6,10.2,0.0,
鲁中参考点,ecmwf_ifs025,2025-12-16,5,2025-12-21,4.4,-3.9,-5.2,-6.4,,42.9,5.8,,20.2,10.15,0.0,
鲁中参考点,ecmwf_ifs025,2025-12-15,6,2025-12-21,0.6,-5.0,-6.9,-8.6,,47.9,8.0,,53.4,7.65,0.0,
鲁中参考点,ecmwf_ifs025,2025-12-14,7,2025-12-21,3.1,-3.4,-4.8,-7.7,,72.3,11.2,,65.4,8.28,0.0,
鲁中参考点,gfs_seamless,2025-12-20,1,2025-12-21,2.2,-3.1,-5.3,,,,,17.6,34.6,10.67,0.0,0.0
鲁中参考点,gfs_seamless,2025-12-19,2,2025-12-21,2.6,-2.8,-5.5,,,,,27.0,26.7,10.74,0.0,0.0
鲁中参考点,gfs_seamless,2025-12-18,3,2025-12-21,3.4,-2.9,-4.9,,,,,23.4,29.0,10.74,0.0,0.0
鲁中参考点,gfs_seamless,2025-12-17,4,2025-12-21,1.0,-2.4,-6.0,,,,,31.3,72.0,8.28,0.0,0.0
鲁中参考点,gfs_seamless,2025-12-16,5,2025-12-21,1.3,-3.7,-6.5,,,,,38.9,50.2,9.4,0.0,0.0
鲁中参考点,gfs_seamless,2025-12-15,6,2025-12-21,1.9,-3.5,-6.6,,,,,37.8,32.2,8.81,0.0,0.0
鲁中参考点,gfs_seamless,2025-12-14,7,2025-12-21,-0.1,-6.2,-8.4,,,,,47.5,59.5,8.23,0.4,0.4
鲁中参考点,ecmwf_ifs025,2025-12-21,1,2025-12-22,5.1,-2.3,-3.9,-7.5,,50.9,16.1,,95.2,5.87,0.0,
鲁中参考点,ecmwf_ifs025,2025-12-20,2,2025-12-22,3.9,-3.1,-4.6,-8.4,,54.5,15.8,,90.8,3.9,0.0,
鲁中参考点,ecmwf_ifs025,2025-12-19,3,2025-12-22,4.7,-3.2,-4.4,-8.5,,54.0,15.8,,87.5,4.25,0.0,
鲁中参考点,ecmwf_ifs025,2025-12-18,4,2025-12-22,5.5,-2.9,-4.2,-8.0,,52.3,15.0,,82.5,6.9,0.0,
鲁中参考点,ecmwf_ifs025,2025-12-17,5,2025-12-22,5.2,-2.3,-3.9,-7.5,,58.2,16.2,,60.8,9.19,0.0,
鲁中参考点,ecmwf_ifs025,2025-12-16,6,2025-12-22,6.5,-5.1,-3.9,-10.1,,66.0,12.6,,49.8,8.55,0.6,
鲁中参考点,ecmwf_ifs025,2025-12-15,7,2025-12-22,3.9,-5.6,-5.4,-8.7,,60.3,6.6,,71.2,7.81,0.3,
鲁中参考点,gfs_seamless,2025-12-21,1,2025-12-22,4.5,-2.1,-3.5,,,,,32.4,89.3,8.41,0.3,0.0
鲁中参考点,gfs_seamless,2025-12-20,2,2025-12-22,4.3,-2.4,-3.9,,,,,25.6,86.5,9.67,0.4,0.1
鲁中参考点,gfs_seamless,2025-12-19,3,2025-12-22,3.3,-1.7,-3.8,,,,,28.1,97.3,6.65,1.2,0.6
鲁中参考点,gfs_seamless,2025-12-18,4,2025-12-22,5.0,-1.9,-3.3,,,,,33.5,75.3,9.25,1.4,0.4
鲁中参考点,gfs_seamless,2025-12-17,5,2025-12-22,2.9,-2.9,-4.8,,,,,18.0,60.3,8.7,0.0,0.0
鲁中参考点,gfs_seamless,2025-12-16,6,2025-12-22,3.5,-4.0,-5.3,,,,,16.9,35.3,10.3,0.0,0.0
鲁中参考点,gfs_seamless,2025-12-15,7,2025-12-22,2.4,-6.3,-6.0,,,,,24.8,62.7,9.42,0.0,0.0
鲁中参考点,ecmwf_ifs025,2025-12-22,1,2025-12-23,3.5,-3.4,-2.8,-7.9,,82.8,11.9,,66.8,3.74,5.7,
鲁中参考点,ecmwf_ifs025,2025-12-21,2,2025-12-23,3.0,-3.0,-2.6,-7.3,,90.5,11.4,,74.2,1.8,7.5,
鲁中参考点,ecmwf_ifs025,2025-12-20,3,2025-12-23,3.1,-3.1,-2.8,-7.4,,88.5,11.2,,73.6,1.99,9.0,
鲁中参考点,ecmwf_ifs025,2025-12-19,4,2025-12-23,3.7,-2.3,-2.1,-6.6,,90.4,12.0,,97.0,2.3,5.1,
鲁中参考点,ecmwf_ifs025,2025-12-18,5,2025-12-23,6.6,-2.7,-1.5,-7.3,,76.8,13.1,,57.5,6.2,2.4,
鲁中参考点,ecmwf_ifs025,2025-12-17,6,2025-12-23,6.4,-1.7,-1.9,-5.6,,67.2,10.8,,47.6,8.57,2.4,
鲁中参考点,ecmwf_ifs025,2025-12-16,7,2025-12-23,4.9,-0.5,-1.1,-3.7,,86.6,9.2,,81.6,2.14,3.3,
鲁中参考点,gfs_seamless,2025-12-22,1,2025-12-23,1.7,-4.2,-3.4,,,,,33.1,80.3,1.53,11.2,4.2
鲁中参考点,gfs_seamless,2025-12-21,2,2025-12-23,1.6,-3.5,-3.0,,,,,33.8,84.3,0.8,6.9,2.5
鲁中参考点,gfs_seamless,2025-12-20,3,2025-12-23,1.5,-2.7,-2.8,,,,,41.4,95.5,0.76,8.4,3.2
鲁中参考点,gfs_seamless,2025-12-19,4,2025-12-23,1.6,-3.1,-2.8,,,,,36.0,95.5,0.52,7.8,2.4
鲁中参考点,gfs_seamless,2025-12-18,5,2025-12-23,3.3,-1.0,-2.1,,,,,47.5,83.1,0.84,0.7,0.1
鲁中参考点,gfs_seamless,2025-12-17,6,2025-12-23,2.9,-1.1,-4.2,,,,,49.0,68.2,3.02,0.4,0.0
鲁中参考点,gfs_seamless,2025-12-16,7,2025-12-23,5.7,-2.0,-2.1,,,,,11.9,74.7,7.44,0.0,0.0
鲁中参考点,ecmwf_ifs025,2025-12-23,1,2025-12-24,4.7,-3.8,-4.6,,,61.0,3.8,,0.0,10.0,0.0,
鲁中参考点,ecmwf_ifs025,2025-12-22,2,2025-12-24,3.5,-3.8,-4.7,,,66.4,3.1,,10.6,10.02,0.0,
鲁中参考点,ecmwf_ifs025,2025-12-21,3,2025-12-24,3.3,-4.2,-5.2,,,65.8,3.9,,12.2,10.09,0.0,
鲁中参考点,ecmwf_ifs025,2025-12-20,4,2025-12-24,2.7,-4.0,-5.4,,,65.2,3.9,,15.7,10.14,0.0,
鲁中参考点,ecmwf_ifs025,2025-12-19,5,2025-12-24,2.3,-3.9,-5.7,-6.2,,65.2,5.4,,26.1,9.86,0.0,
鲁中参考点,ecmwf_ifs025,2025-12-18,6,2025-12-24,1.8,-5.5,-6.4,,,48.0,3.6,,0.0,8.95,0.0,
鲁中参考点,ecmwf_ifs025,2025-12-17,7,2025-12-24,4.2,-3.7,-4.9,-5.7,,50.2,4.9,,7.1,9.0,0.0,
鲁中参考点,gfs_seamless,2025-12-23,1,2025-12-24,2.1,-4.7,-5.4,,,,,40.3,18.2,10.72,0.0,0.0
鲁中参考点,gfs_seamless,2025-12-22,2,2025-12-24,2.0,-4.5,-5.4,,,,,46.1,9.7,10.65,0.0,0.0
鲁中参考点,gfs_seamless,2025-12-21,3,2025-12-24,3.3,-3.9,-4.7,,,,,45.4,3.8,10.67,0.0,0.0
鲁中参考点,gfs_seamless,2025-12-20,4,2025-12-24,2.5,-4.2,-4.7,,,,,9.7,21.7,10.32,0.0,0.0
鲁中参考点,gfs_seamless,2025-12-19,5,2025-12-24,2.2,-3.1,-5.3,,,,,47.2,5.0,10.2,0.0,0.0
鲁中参考点,gfs_seamless,2025-12-18,6,2025-12-24,1.3,-3.0,-6.1,,,,,51.5,14.1,10.34,0.0,0.0
鲁中参考点,gfs_seamless,2025-12-17,7,2025-12-24,1.5,-3.8,-5.2,,,,,41.8,15.9,10.48,0.0,0.0
鲁中参考点,ecmwf_ifs025,2025-12-24,1,2025-12-25,-1.8,-6.4,-9.8,-11.2,,34.4,10.9,,0.0,10.3,0.0,
鲁中参考点,ecmwf_ifs025,2025-12-23,2,2025-12-25,-2.0,-6.4,-9.7,-11.0,,36.0,10.1,,0.0,10.28,0.0,
鲁中参考点,ecmwf_ifs025,2025-12-22,3,2025-12-25,-1.6,-6.3,-9.2,-11.1,,41.6,10.7,,0.0,10.22,0.0,
鲁中参考点,ecmwf_ifs025,2025-12-21,4,2025-12-25,0.4,-6.4,-7.9,-9.7,,52.1,6.7,,0.0,10.12,0.0,
鲁中参考点,ecmwf_ifs025,2025-12-20,5,2025-12-25,1.2,-5.9,-7.0,-8.3,,51.1,5.1,,0.0,10.12,0.0,
鲁中参考点,ecmwf_ifs025,2025-12-19,6,2025-12-25,4.4,-5.0,-6.1,-7.9,,42.0,6.2,,0.0,8.98,0.0,
鲁中参考点,ecmwf_ifs025,2025-12-18,7,2025-12-25,5.3,-4.1,-5.3,-6.9,,41.0,6.4,,0.0,9.06,0.0,
鲁中参考点,gfs_seamless,2025-12-24,1,2025-12-25,-1.4,-5.6,-9.0,,,,,47.9,0.0,10.74,0.0,0.0
鲁中参考点,gfs_seamless,2025-12-23,2,2025-12-25,-2.1,-6.1,-9.8,,,,,50.8,0.0,10.87,0.0,0.0
鲁中参考点,gfs_seamless,2025-12-22,3,2025-12-25,-1.8,-6.0,-9.5,,,,,49.3,0.0,10.87,0.0,0.0
鲁中参考点,gfs_seamless,2025-12-21,4,2025-12-25,-0.1,-4.4,-6.8,,,,,28.1,0.0,10.78,0.0,0.0
鲁中参考点,gfs_seamless,2025-12-20,5,2025-12-25,1.9,-3.4,-5.4,,,,,18.4,1.7,10.35,0.0,0.0
鲁中参考点,gfs_seamless,2025-12-19,6,2025-12-25,4.3,-2.6,-4.2,,,,,20.5,17.9,10.32,0.0,0.0
鲁中参考点,gfs_seamless,2025-12-18,7,2025-12-25,3.0,-3.0,-4.7,,,,,8.3,26.1,9.92,0.0,0.0
鲁中参考点,ecmwf_ifs025,2025-12-25,1,2025-12-26,2.9,-6.6,-7.7,-12.2,,30.2,13.7,,49.1,9.68,0.0,
鲁中参考点,ecmwf_ifs025,2025-12-24,2,2025-12-26,2.8,-6.1,-7.9,-12.1,,23.5,15.9,,57.7,9.58,0.0,
鲁中参考点,ecmwf_ifs025,2025-12-23,3,2025-12-26,3.0,-6.1,-7.6,-11.6,,24.3,13.4,,58.3,9.29,0.0,
鲁中参考点,ecmwf_ifs025,2025-12-22,4,2025-12-26,2.7,-6.4,-8.0,-11.7,,24.7,12.7,,57.8,9.17,0.0,
鲁中参考点,ecmwf_ifs025,2025-12-21,5,2025-12-26,3.3,-6.0,-7.4,-11.9,,34.8,15.6,,58.3,9.31,0.3,
鲁中参考点,ecmwf_ifs025,2025-12-20,6,2025-12-26,1.7,-6.8,-7.5,-12.1,,37.6,12.2,,52.1,8.88,0.0,
鲁中参考点,ecmwf_ifs025,2025-12-19,7,2025-12-26,5.0,-2.5,-4.6,-6.6,,54.8,11.0,,58.1,8.55,0.0,
鲁中参考点,gfs_seamless,2025-12-25,1,2025-12-26,1.2,-3.5,-6.5,,,,,37.1,53.3,9.4,0.0,0.0
鲁中参考点,gfs_seamless,2025-12-24,2,2025-12-26,1.2,-5.3,-6.6,,,,,36.0,54.4,8.48,0.0,0.0
鲁中参考点,gfs_seamless,2025-12-23,3,2025-12-26,0.3,-5.5,-7.1,,,,,31.7,58.5,8.83,0.0,0.0
鲁中参考点,gfs_seamless,2025-12-22,4,2025-12-26,0.6,-5.3,-6.9,,,,,27.4,42.0,9.91,0.0,0.0
鲁中参考点,gfs_seamless,2025-12-21,5,2025-12-26,3.0,-3.0,-5.3,,,,,32.4,24.8,10.2,0.0,0.0
鲁中参考点,gfs_seamless,2025-12-20,6,2025-12-26,4.2,-1.9,-3.7,,,,,18.0,35.6,9.81,0.0,0.0
鲁中参考点,gfs_seamless,2025-12-19,7,2025-12-26,4.1,-1.5,-3.1,,,,,21.2,85.9,7.14,0.0,0.0
鲁中参考点,ecmwf_ifs025,2025-12-26,1,2025-12-27,5.2,-1.9,-4.8,-6.4,,53.8,13.5,,32.3,9.58,0.0,
鲁中参考点,ecmwf_ifs025,2025-12-25,2,2025-12-27,5.2,-2.0,-5.2,-6.7,,45.1,14.3,,37.6,9.72,0.0,
鲁中参考点,ecmwf_ifs025,2025-12-24,3,2025-12-27,4.9,-2.3,-5.2,-6.6,,43.5,12.2,,35.6,9.64,0.0,
鲁中参考点,ecmwf_ifs025,2025-12-23,4,2025-12-27,4.9,-2.0,-5.1,-6.2,,49.8,11.8,,29.0,9.89,0.0,
鲁中参考点,ecmwf_ifs025,2025-12-22,5,2025-12-27,4.4,-3.4,-5.3,-7.2,,56.2,9.4,,14.0,9.9,0.0,
鲁中参考点,ecmwf_ifs025,2025-12-21,6,2025-12-27,3.3,-2.8,-5.1,-6.5,,59.0,9.6,,25.3,8.9,0.0,
鲁中参考点,ecmwf_ifs025,2025-12-20,7,2025-12-27,3.8,-2.6,-5.2,-6.9,,56.3,11.8,,32.0,8.78,0.0,
鲁中参考点,gfs_seamless,2025-12-26,1,2025-12-27,3.6,-1.9,-4.2,,,,,35.3,54.4,9.4,0.0,0.0
鲁中参考点,gfs_seamless,2025-12-25,2,2025-12-27,3.5,-1.6,-3.8,,,,,33.1,47.5,10.04,0.0,0.0
鲁中参考点,gfs_seamless,2025-12-24,3,2025-12-27,3.4,-2.5,-4.2,,,,,19.1,48.8,9.98,0.0,0.0
鲁中参考点,gfs_seamless,2025-12-23,4,2025-12-27,2.5,-3.0,-4.4,,,,,34.2,34.2,10.36,0.0,0.0
鲁中参考点,gfs_seamless,2025-12-22,5,2025-12-27,3.0,-2.0,-3.8,,,,,19.1,44.1,9.8,0.0,0.0
鲁中参考点,gfs_seamless,2025-12-21,6,2025-12-27,4.7,-0.7,-2.7,,,,,20.2,77.4,8.81,0.0,0.0
鲁中参考点,gfs_seamless,2025-12-20,7,2025-12-27,5.2,-0.5,-2.5,,,,,25.9,73.8,8.95,0.0,0.0
鲁中参考点,ecmwf_ifs025,2025-12-27,1,2025-12-28,8.4,-0.8,-1.7,-5.5,,70.2,15.6,,10.4,9.85,0.0,
鲁中参考点,ecmwf_ifs025,2025-12-26,2,2025-12-28,7.8,-0.8,-2.2,-5.6,,64.9,15.8,,36.0,8.95,0.0,
鲁中参考点,ecmwf_ifs025,2025-12-25,3,2025-12-28,8.2,-0.8,-2.5,-6.0,,60.7,18.2,,25.8,9.09,0.0,
鲁中参考点,ecmwf_ifs025,2025-12-24,4,2025-12-28,8.0,-1.2,-3.1,-6.0,,59.4,15.4,,22.5,9.57,0.0,
鲁中参考点,ecmwf_ifs025,2025-12-23,5,2025-12-28,8.3,-2.1,-2.7,-7.5,,58.4,17.4,,14.7,9.93,0.0,
鲁中参考点,ecmwf_ifs025,2025-12-22,6,2025-12-28,6.7,-2.8,-3.9,-8.3,,52.9,17.3,,23.2,9.0,0.0,
鲁中参考点,ecmwf_ifs025,2025-12-21,7,2025-12-28,6.5,-2.1,-3.6,-7.0,,61.8,15.0,,2.5,9.05,0.0,
鲁中参考点,gfs_seamless,2025-12-27,1,2025-12-28,6.4,-0.9,-2.1,,,,,49.7,31.1,9.44,0.0,0.0
鲁中参考点,gfs_seamless,2025-12-26,2,2025-12-28,6.0,-0.8,-2.5,,,,,50.4,21.5,9.26,0.0,0.0
鲁中参考点,gfs_seamless,2025-12-25,3,2025-12-28,6.0,-0.7,-2.8,,,,,54.0,20.5,8.81,0.0,0.0
鲁中参考点,gfs_seamless,2025-12-24,4,2025-12-28,5.8,-0.9,-2.7,,,,,56.9,30.0,8.11,0.0,0.0
鲁中参考点,gfs_seamless,2025-12-23,5,2025-12-28,5.0,-1.6,-3.3,,,,,61.2,11.4,9.64,0.0,0.0
鲁中参考点,gfs_seamless,2025-12-22,6,2025-12-28,4.9,-0.6,-2.8,,,,,48.6,12.0,9.53,0.0,0.0
鲁中参考点,gfs_seamless,2025-12-21,7,2025-12-28,5.8,-0.4,-1.7,,,,,10.8,29.5,9.91,0.0,0.0
鲁中参考点,ecmwf_ifs025,2025-12-28,1,2025-12-29,5.1,-3.9,-3.4,-6.1,,77.0,5.1,,0.0,10.11,0.0,
鲁中参考点,ecmwf_ifs025,2025-12-27,2,2025-12-29,6.5,-3.8,-2.5,,,74.3,3.4,,15.2,9.98,0.0,
鲁中参考点,ecmwf_ifs025,2025-12-26,3,2025-12-29,5.4,-3.5,-3.5,-5.8,,77.1,5.4,,9.7,9.53,0.0,
鲁中参考点,ecmwf_ifs025,2025-12-25,4,2025-12-29,3.8,-3.7,-4.7,-6.8,,72.1,7.2,,20.1,9.84,0.0,
鲁中参考点,ecmwf_ifs025,2025-12-24,5,2025-12-29,4.6,-2.9,-3.3,-5.1,,66.6,5.5,,44.5,9.25,0.0,
鲁中参考点,ecmwf_ifs025,2025-12-23,6,2025-12-29,3.4,-4.4,-5.0,-8.3,,67.6,9.2,,2.5,9.08,0.0,
鲁中参考点,ecmwf_ifs025,2025-12-22,7,2025-12-29,1.8,-4.9,-6.8,-10.5,,47.6,15.2,,15.7,9.36,0.0,
鲁中参考点,gfs_seamless,2025-12-28,1,2025-12-29,5.3,0.1,-1.6,,,,,9.7,33.6,10.32,0.0,0.0
鲁中参考点,gfs_seamless,2025-12-27,2,2025-12-29,5.8,-0.9,-1.7,,,,,8.3,24.0,10.05,0.0,0.0
鲁中参考点,gfs_seamless,2025-12-26,3,2025-12-29,4.5,-1.5,-2.6,,,,,26.6,50.1,9.76,0.0,0.0
鲁中参考点,gfs_seamless,2025-12-25,4,2025-12-29,3.1,-2.5,-4.3,,,,,40.3,24.2,10.11,0.0,0.0
鲁中参考点,gfs_seamless,2025-12-24,5,2025-12-29,4.6,-0.9,-2.8,,,,,13.3,20.6,10.31,0.0,0.0
鲁中参考点,gfs_seamless,2025-12-23,6,2025-12-29,4.5,-0.1,-2.7,,,,,28.8,31.1,10.21,0.0,0.0
鲁中参考点,gfs_seamless,2025-12-22,7,2025-12-29,5.3,-1.9,-3.5,,,,,29.2,6.0,10.38,0.0,0.0
鲁中参考点,ecmwf_ifs025,2025-12-29,1,2025-12-30,8.1,-4.0,-3.9,-6.8,,64.6,6.3,,3.0,9.99,0.0,
鲁中参考点,ecmwf_ifs025,2025-12-28,2,2025-12-30,6.1,-3.8,-4.7,-6.4,,62.8,6.1,,0.7,10.03,0.0,
鲁中参考点,ecmwf_ifs025,2025-12-27,3,2025-12-30,6.1,-3.7,-4.0,,,62.9,4.2,,1.7,9.93,0.0,
鲁中参考点,ecmwf_ifs025,2025-12-26,4,2025-12-30,4.8,-4.6,-4.9,,,71.0,4.7,,0.2,10.01,0.0,
鲁中参考点,ecmwf_ifs025,2025-12-25,5,2025-12-30,6.3,-4.1,-4.0,-6.7,,57.8,6.0,,1.0,9.98,0.0,
鲁中参考点,ecmwf_ifs025,2025-12-24,6,2025-12-30,6.6,-4.9,-4.4,,,63.6,4.6,,27.1,8.83,0.0,
鲁中参考点,ecmwf_ifs025,2025-12-23,7,2025-12-30,6.6,-4.9,-4.5,-9.3,,49.5,10.3,,20.9,9.05,0.0,
鲁中参考点,gfs_seamless,2025-12-29,1,2025-12-30,5.0,-1.5,-2.5,,,,,30.2,14.1,10.2,0.0,0.0
鲁中参考点,gfs_seamless,2025-12-28,2,2025-12-30,3.8,-2.1,-3.4,,,,,25.6,15.2,10.39,0.0,0.0
鲁中参考点,gfs_seamless,2025-12-27,3,2025-12-30,1.4,-3.8,-6.2,,,,,33.1,6.9,10.63,0.0,0.0
鲁中参考点,gfs_seamless,2025-12-26,4,2025-12-30,0.8,-3.5,-5.8,,,,,16.6,1.8,10.65,0.0,0.0
鲁中参考点,gfs_seamless,2025-12-25,5,2025-12-30,5.2,-1.9,-3.8,,,,,12.2,17.0,10.32,0.0,0.0
鲁中参考点,gfs_seamless,2025-12-24,6,2025-12-30,4.7,-0.9,-3.1,,,,,12.6,50.6,8.72,0.0,0.0
鲁中参考点,gfs_seamless,2025-12-23,7,2025-12-30,4.4,-3.2,-4.5,,,,,13.3,24.5,10.27,0.0,0.0
鲁中参考点,ecmwf_ifs025,2025-12-30,1,2025-12-31,-1.4,-5.0,-8.3,-8.1,,59.5,6.7,,81.6,,,
鲁中参考点,ecmwf_ifs025,2025-12-29,2,2025-12-31,-0.7,-5.1,-7.9,-8.2,,64.5,6.7,,77.2,,,
鲁中参考点,ecmwf_ifs025,2025-12-28,3,2025-12-31,0.9,-4.7,-7.2,-7.6,,58.8,6.3,,51.9,,,
鲁中参考点,ecmwf_ifs025,2025-12-27,4,2025-12-31,2.5,-4.9,-6.2,-7.8,,63.5,6.2,,55.0,,,
鲁中参考点,ecmwf_ifs025,2025-12-26,5,2025-12-31,4.5,-4.1,-4.8,-8.3,,46.4,10.3,,87.8,,,
鲁中参考点,ecmwf_ifs025,2025-12-25,6,2025-12-31,6.8,-3.7,-3.2,-6.5,,63.7,6.5,,62.6,,,
鲁中参考点,ecmwf_ifs025,2025-12-24,7,2025-12-31,4.9,0.2,-1.5,-2.2,,84.1,7.1,,97.3,,,
鲁中参考点,jma_seamless,2025-12-30,1,2025-12-31,9.8,0.3,-0.3,,,,,,42.2,,0.0,0.0
鲁中参考点,jma_seamless,2025-12-29,2,2025-12-31,9.3,0.5,-0.8,,,,,,43.2,,0.0,0.0
鲁中参考点,jma_seamless,2025-12-28,3,2025-12-31,9.1,1.1,-1.1,,,,,,57.1,,0.0,0.0
鲁中参考点,jma_seamless,2025-12-27,4,2025-12-31,9.9,1.5,-0.4,,,,,,55.9,,0.0,0.0
鲁中参考点,jma_seamless,2025-12-26,5,2025-12-31,9.7,1.9,-0.4,,,,,,30.5,,0.0,0.0
鲁中参考点,jma_seamless,2025-12-25,6,2025-12-31,10.8,0.7,-0.3,,,,,,2.2,,0.0,0.0
鲁中参考点,jma_seamless,2025-12-24,7,2025-12-31,9.6,-1.0,-0.6,,,,,,16.5,,0.0,0.0
鲁中参考点,ecmwf_ifs025,2025-12-31,1,2026-01-01,-0.8,-6.4,-8.8,-11.5,,51.6,11.8,,47.0,,,
鲁中参考点,ecmwf_ifs025,2025-12-30,2,2026-01-01,0.0,-6.3,-8.6,-11.5,,43.9,12.1,,42.7,,,
鲁中参考点,ecmwf_ifs025,2025-12-29,3,2026-01-01,0.0,-6.2,-8.5,-11.3,,48.0,12.1,,44.0,,,
鲁中参考点,ecmwf_ifs025,2025-12-28,4,2026-01-01,-0.2,-6.3,-7.9,-11.4,,48.7,11.9,,58.5,,,
鲁中参考点,ecmwf_ifs025,2025-12-27,5,2026-01-01,0.4,-6.2,-6.9,-11.6,,40.6,13.1,,39.5,,,
鲁中参考点,ecmwf_ifs025,2025-12-26,6,2026-01-01,0.1,-5.9,-5.9,-12.3,,62.1,17.7,,56.4,,,
鲁中参考点,ecmwf_ifs025,2025-12-25,7,2026-01-01,5.3,-2.5,-2.4,-8.3,,74.3,19.1,,93.5,,,
鲁中参考点,jma_seamless,2025-12-31,1,2026-01-01,4.6,2.3,-0.9,,,,,,27.0,,0.0,0.0
鲁中参考点,jma_seamless,2025-12-30,2,2026-01-01,4.9,2.6,-0.8,,,,,,9.8,,0.0,0.0
鲁中参考点,jma_seamless,2025-12-29,3,2026-01-01,4.8,3.2,-0.9,,,,,,22.0,,0.0,0.0
鲁中参考点,jma_seamless,2025-12-28,4,2026-01-01,5.5,2.9,-0.6,,,,,,1.2,,0.0,0.0
鲁中参考点,jma_seamless,2025-12-27,5,2026-01-01,4.3,2.1,-1.9,,,,,,26.7,,0.0,0.0
鲁中参考点,jma_seamless,2025-12-26,6,2026-01-01,4.6,2.9,-1.5,,,,,,0.0,,0.0,0.0
鲁中参考点,jma_seamless,2025-12-25,7,2026-01-01,5.1,1.5,-1.3,,,,,,14.5,,0.0,0.0
鲁中参考点,ecmwf_ifs025,2026-01-01,1,2026-01-02,0.7,-8.1,-9.0,-14.7,,43.3,16.5,,0.0,,,
鲁中参考点,ecmwf_ifs025,2025-12-31,2,2026-01-02,0.6,-7.7,-8.7,-14.3,,41.5,16.8,,0.1,,,
鲁中参考点,ecmwf_ifs025,2025-12-30,3,2026-01-02,0.5,-7.4,-8.8,-13.8,,40.8,16.3,,0.2,,,
鲁中参考点,ecmwf_ifs025,2025-12-29,4,2026-01-02,-0.6,-7.2,-9.3,-13.5,,38.0,15.8,,1.1,,,
鲁中参考点,ecmwf_ifs025,2025-12-28,5,2026-01-02,0.0,-6.7,-9.0,-12.9,,33.1,16.2,,0.0,,,
鲁中参考点,ecmwf_ifs025,2025-12-27,6,2026-01-02,4.0,-5.8,-6.5,-12.0,,50.3,17.2,,20.1,,,
鲁中参考点,ecmwf_ifs025,2025-12-26,7,2026-01-02,1.7,-4.7,-6.2,-10.2,,76.3,14.9,,25.2,,,
鲁中参考点,ecmwf_ifs025,2026-01-02,1,2026-01-03,4.7,-4.8,-6.4,-10.9,,53.1,17.9,,8.3,,,
鲁中参考点,ecmwf_ifs025,2026-01-01,2,2026-01-03,4.9,-4.7,-6.5,-10.8,,45.6,17.9,,15.0,,,
鲁中参考点,ecmwf_ifs025,2025-12-31,3,2026-01-03,4.8,-4.1,-6.7,-10.1,,42.2,18.2,,20.9,,,
鲁中参考点,ecmwf_ifs025,2025-12-30,4,2026-01-03,4.7,-4.7,-6.7,-11.1,,43.0,19.5,,34.9,,,
鲁中参考点,ecmwf_ifs025,2025-12-29,5,2026-01-03,4.9,-4.6,-6.7,-11.0,,48.7,19.7,,1.2,,,
鲁中参考点,ecmwf_ifs025,2025-12-28,6,2026-01-03,5.0,-6.1,-6.6,-12.2,,47.9,16.1,,0.0,,,
鲁中参考点,ecmwf_ifs025,2025-12-27,7,2026-01-03,7.7,-3.8,-4.1,-9.3,,53.9,16.2,,10.8,,,
鲁中参考点,ecmwf_ifs025,2026-01-03,1,2026-01-04,3.8,-2.0,-3.6,-5.8,,68.2,10.4,,99.9,,,
鲁中参考点,ecmwf_ifs025,2026-01-02,2,2026-01-04,4.0,-1.5,-3.4,-5.1,,53.2,10.1,,98.3,,,
鲁中参考点,ecmwf_ifs025,2026-01-01,3,2026-01-04,4.4,-1.6,-3.5,-5.6,,41.3,11.3,,99.9,,,
鲁中参考点,ecmwf_ifs025,2025-12-31,4,2026-01-04,3.4,-1.6,-3.7,-5.5,,53.5,11.2,,86.0,,,
鲁中参考点,ecmwf_ifs025,2025-12-30,5,2026-01-04,2.4,-4.2,-5.9,-8.5,,67.9,10.6,,80.5,,,
鲁中参考点,ecmwf_ifs025,2025-12-29,6,2026-01-04,1.7,-4.9,-6.5,-8.9,,52.9,9.2,,15.2,,,
鲁中参考点,ecmwf_ifs025,2025-12-28,7,2026-01-04,1.8,-5.2,-6.7,-8.1,,43.0,6.1,,0.0,,,
鲁中参考点,ecmwf_ifs025,2026-01-04,1,2026-01-05,3.2,-3.8,-5.1,-5.8,,66.0,4.9,,23.2,,,
鲁中参考点,ecmwf_ifs025,2026-01-03,2,2026-01-05,3.5,-3.3,-4.9,-5.3,,63.5,5.0,,52.4,,,
鲁中参考点,ecmwf_ifs025,2026-01-02,3,2026-01-05,3.7,-3.8,-4.8,-6.3,,64.8,5.8,,28.4,,,
鲁中参考点,ecmwf_ifs025,2026-01-01,4,2026-01-05,4.6,-3.6,-4.2,-6.1,,58.0,5.9,,85.2,,,
鲁中参考点,ecmwf_ifs025,2025-12-31,5,2026-01-05,3.2,-5.3,-6.0,,,62.4,4.1,,41.1,,,
鲁中参考点,ecmwf_ifs025,2025-12-30,6,2026-01-05,4.7,-5.6,-5.9,,,45.4,4.7,,0.0,,,
鲁中参考点,ecmwf_ifs025,2025-12-29,7,2026-01-05,5.2,-5.9,-5.7,-10.7,,31.8,11.1,,27.0,,,
鲁中参考点,ecmwf_ifs025,2026-01-05,1,2026-01-06,5.1,-1.9,-3.9,-6.9,,61.4,15.8,,40.5,,,
鲁中参考点,ecmwf_ifs025,2026-01-04,2,2026-01-06,5.2,-2.9,-4.0,-8.4,,63.6,17.3,,40.9,,,
鲁中参考点,ecmwf_ifs025,2026-01-03,3,2026-01-06,5.7,-3.5,-4.7,-9.2,,55.8,17.5,,31.6,,,
鲁中参考点,ecmwf_ifs025,2026-01-02,4,2026-01-06,5.2,-3.2,-4.7,-8.7,,53.8,16.5,,53.7,,,
鲁中参考点,ecmwf_ifs025,2026-01-01,5,2026-01-06,2.9,-4.1,-5.2,-9.5,,65.0,14.9,,20.3,,,
鲁中参考点,ecmwf_ifs025,2025-12-31,6,2026-01-06,7.4,-4.5,-5.1,-10.2,,39.4,16.3,,0.7,,,
鲁中参考点,ecmwf_ifs025,2025-12-30,7,2026-01-06,5.0,-3.7,-5.5,-9.4,,53.8,16.9,,23.0,,,
鲁中参考点,ecmwf_ifs025,2026-01-06,1,2026-01-07,2.0,-4.7,-6.5,-9.8,,47.6,13.4,,0.2,,,
鲁中参考点,ecmwf_ifs025,2026-01-05,2,2026-01-07,2.1,-4.2,-6.1,-9.5,,55.6,14.7,,1.3,,,
鲁中参考点,ecmwf_ifs025,2026-01-04,3,2026-01-07,3.5,-4.0,-5.3,-9.1,,45.9,13.8,,8.8,,,
鲁中参考点,ecmwf_ifs025,2026-01-03,4,2026-01-07,2.2,-4.6,-6.3,-10.1,,49.7,15.0,,0.1,,,
鲁中参考点,ecmwf_ifs025,2026-01-02,5,2026-01-07,1.5,-4.8,-6.6,-9.7,,52.1,12.4,,8.8,,,
鲁中参考点,ecmwf_ifs025,2026-01-01,6,2026-01-07,2.4,-6.4,-6.6,-12.0,,42.5,13.7,,1.6,,,
鲁中参考点,ecmwf_ifs025,2025-12-31,7,2026-01-07,1.8,-5.2,-6.6,-9.6,,66.9,10.2,,0.0,,,
鲁中参考点,ecmwf_ifs025,2026-01-07,1,2026-01-08,4.2,-5.1,-6.1,-10.8,,35.0,15.4,,0.3,,,
鲁中参考点,ecmwf_ifs025,2026-01-06,2,2026-01-08,4.1,-6.1,-6.5,-12.0,,34.4,15.1,,0.0,,,
鲁中参考点,ecmwf_ifs025,2026-01-05,3,2026-01-08,4.3,-5.4,-6.2,-11.0,,43.2,14.5,,6.2,,,
鲁中参考点,ecmwf_ifs025,2026-01-04,4,2026-01-08,4.2,-4.9,-5.8,-10.5,,47.2,15.3,,0.0,,,
鲁中参考点,ecmwf_ifs025,2026-01-03,5,2026-01-08,4.2,-5.7,-6.8,-11.4,,34.0,14.7,,1.6,,,
鲁中参考点,ecmwf_ifs025,2026-01-02,6,2026-01-08,3.0,-7.9,-7.7,-11.9,,44.8,7.6,,9.7,,,
鲁中参考点,ecmwf_ifs025,2026-01-01,7,2026-01-08,3.5,-5.6,-7.3,,,71.2,4.1,,0.7,,,
鲁中参考点,ecmwf_ifs025,2026-01-08,1,2026-01-09,6.8,-0.9,-4.0,-3.9,,47.5,8.4,,17.4,,,
鲁中参考点,ecmwf_ifs025,2026-01-07,2,2026-01-09,6.5,-1.2,-4.4,-3.6,,46.8,6.5,,15.0,,,
鲁中参考点,ecmwf_ifs025,2026-01-06,3,2026-01-09,6.4,-1.1,-4.6,-3.8,,46.0,7.3,,18.6,,,
鲁中参考点,ecmwf_ifs025,2026-01-05,4,2026-01-09,6.8,-1.1,-4.4,-4.1,,46.2,8.3,,13.8,,,
鲁中参考点,ecmwf_ifs025,2026-01-04,5,2026-01-09,5.9,-2.0,-5.1,-4.6,,38.8,6.7,,1.5,,,
鲁中参考点,ecmwf_ifs025,2026-01-03,6,2026-01-09,9.0,-2.3,-4.4,-6.1,,44.9,10.0,,0.1,,,
鲁中参考点,ecmwf_ifs025,2026-01-02,7,2026-01-09,7.8,-3.5,-5.2,,,92.5,4.8,,5.2,,,
鲁中参考点,ecmwf_ifs025,2026-01-09,1,2026-01-10,1.5,-4.7,-8.5,-7.6,,23.0,6.3,,0.0,,,
鲁中参考点,ecmwf_ifs025,2026-01-08,2,2026-01-10,1.9,-4.6,-8.0,-7.5,,24.1,6.4,,0.0,,,
鲁中参考点,ecmwf_ifs025,2026-01-07,3,2026-01-10,1.5,-4.3,-8.2,-7.6,,23.5,7.5,,0.0,,,
鲁中参考点,ecmwf_ifs025,2026-01-06,4,2026-01-10,1.6,-4.6,-8.8,-8.1,,24.1,8.0,,0.0,,,
鲁中参考点,ecmwf_ifs025,2026-01-05,5,2026-01-10,-0.2,-4.8,-8.9,-8.6,,23.5,8.6,,0.0,,,
鲁中参考点,ecmwf_ifs025,2026-01-04,6,2026-01-10,-1.3,-6.3,-9.2,-10.8,,25.8,9.8,,0.0,,,
鲁中参考点,ecmwf_ifs025,2026-01-03,7,2026-01-10,2.7,-4.5,-8.6,-9.0,,75.6,10.9,,0.4,,,
鲁中参考点,ecmwf_ifs025,2026-01-10,1,2026-01-11,-1.9,-8.3,-10.9,-12.6,,17.4,8.2,,0.0,,,
鲁中参考点,ecmwf_ifs025,2026-01-09,2,2026-01-11,-1.7,-8.0,-10.6,-12.4,,16.1,8.8,,0.0,,,
鲁中参考点,ecmwf_ifs025,2026-01-08,3,2026-01-11,-0.5,-8.0,-10.0,-13.6,,15.8,12.3,,0.0,,,
鲁中参考点,ecmwf_ifs025,2026-01-07,4,2026-01-11,-3.8,-8.7,-11.8,-13.6,,16.7,9.6,,0.0,,,
鲁中参考点,ecmwf_ifs025,2026-01-06,5,2026-01-11,0.0,-8.2,-9.6,-12.2,,17.1,7.5,,0.0,,,
鲁中参考点,ecmwf_ifs025,2026-01-05,6,2026-01-11,4.1,-6.5,-8.0,-9.0,,21.2,5.0,,0.0,,,
鲁中参考点,ecmwf_ifs025,2026-01-04,7,2026-01-11,6.5,-2.1,-3.9,,,58.5,3.0,,0.0,,,
鲁中参考点,ecmwf_ifs025,2026-01-11,1,2026-01-12,8.4,-3.2,-5.4,-9.1,,33.9,18.8,,0.0,,,
鲁中参考点,ecmwf_ifs025,2026-01-10,2,2026-01-12,7.1,-3.3,-6.0,-9.3,,30.3,19.2,,0.0,,,
鲁中参考点,ecmwf_ifs025,2026-01-09,3,2026-01-12,6.8,-3.3,-5.9,-9.5,,31.8,20.8,,0.2,,,
鲁中参考点,ecmwf_ifs025,2026-01-08,4,2026-01-12,8.7,-3.8,-6.4,-10.2,,29.7,20.7,,0.0,,,
鲁中参考点,ecmwf_ifs025,2026-01-07,5,2026-01-12,5.4,-3.5,-6.4,-9.8,,33.8,20.8,,0.0,,,
鲁中参考点,ecmwf_ifs025,2026-01-06,6,2026-01-12,6.2,-3.6,-4.0,-9.5,,43.6,18.6,,0.0,,,
鲁中参考点,ecmwf_ifs025,2026-01-05,7,2026-01-12,2.5,-6.8,-7.3,-12.9,,40.4,15.5,,32.4,,,
鲁中参考点,ecmwf_ifs025,2026-01-12,1,2026-01-13,7.5,-4.4,-3.9,-6.8,,36.9,5.5,,1.4,,,
鲁中参考点,ecmwf_ifs025,2026-01-11,2,2026-01-13,7.3,-3.7,-3.8,-6.6,,38.5,6.7,,4.2,,,
鲁中参考点,ecmwf_ifs025,2026-01-10,3,2026-01-13,7.3,-4.3,-3.9,-8.0,,37.3,8.6,,3.9,,,
鲁中参考点,ecmwf_ifs025,2026-01-09,4,2026-01-13,7.0,-3.9,-4.0,-6.8,,36.8,6.6,,1.3,,,
鲁中参考点,ecmwf_ifs025,2026-01-08,5,2026-01-13,6.5,-2.6,-3.6,-6.2,,41.0,9.2,,6.3,,,
鲁中参考点,ecmwf_ifs025,2026-01-07,6,2026-01-13,10.0,-2.0,-1.8,-4.6,,38.5,6.6,,5.4,,,
鲁中参考点,ecmwf_ifs025,2026-01-06,7,2026-01-13,8.3,-6.2,-4.5,-11.2,,63.2,11.5,,0.1,,,
鲁中参考点,gfs_seamless,2026-01-13,1,2026-01-14,7.6,-0.3,-0.4,-3.1,,57.8,8.0,,,6.63,0.0,0.0
鲁中参考点,gfs_seamless,2026-01-12,2,2026-01-14,6.2,-1.5,-2.0,-4.8,,64.2,9.0,,,5.93,0.0,0.0
鲁中参考点,gfs_seamless,2026-01-11,3,2026-01-14,7.1,-0.8,-1.3,-4.4,,72.8,10.3,,,7.74,0.0,0.0
鲁中参考点,gfs_seamless,2026-01-10,4,2026-01-14,7.1,-1.8,-1.5,-5.5,,67.2,10.0,,,8.39,0.0,0.0
鲁中参考点,gfs_seamless,2026-01-09,5,2026-01-14,6.8,-1.1,-2.2,-5.1,,63.4,11.7,,,9.11,0.0,0.0
鲁中参考点,gfs_seamless,2026-01-08,6,2026-01-14,7.6,1.3,0.2,-0.7,,56.4,6.5,,,8.55,0.0,0.0
鲁中参考点,gfs_seamless,2026-01-07,7,2026-01-14,7.7,-1.3,-1.4,-4.3,,51.1,8.0,,,7.94,0.0,0.0
鲁中参考点,gfs_seamless,2026-01-14,1,2026-01-15,10.7,2.5,1.8,-0.0,,44.9,8.8,,,11.65,0.0,0.0
鲁中参考点,gfs_seamless,2026-01-13,2,2026-01-15,10.4,1.7,1.3,-0.7,,47.1,8.0,,,11.66,0.0,0.0
鲁中参考点,gfs_seamless,2026-01-12,3,2026-01-15,10.1,1.6,1.1,-0.5,,49.4,6.9,,,11.64,0.0,0.0
鲁中参考点,gfs_seamless,2026-01-11,4,2026-01-15,9.6,2.4,1.3,0.2,,45.3,7.6,,,11.65,0.0,0.0
鲁中参考点,gfs_seamless,2026-01-10,5,2026-01-15,11.3,1.2,1.5,-1.4,,51.2,8.2,,,10.81,0.0,0.0
鲁中参考点,gfs_seamless,2026-01-09,6,2026-01-15,10.1,0.9,-0.1,-2.8,,44.9,12.3,,,11.42,0.0,0.0
鲁中参考点,gfs_seamless,2026-01-08,7,2026-01-15,8.9,1.5,0.7,-0.4,,59.9,6.3,,,9.5,0.0,0.0
鲁中参考点,jma_seamless,2026-01-14,1,2026-01-15,13.1,1.5,3.1,,,,,,,,0.0,0.0
鲁中参考点,jma_seamless,2026-01-13,2,2026-01-15,12.6,1.8,2.7,,,,,,,,0.0,0.0
鲁中参考点,jma_seamless,2026-01-12,3,2026-01-15,13.0,2.8,3.1,,,,,,,,0.0,0.0
鲁中参考点,jma_seamless,2026-01-11,4,2026-01-15,10.9,2.1,2.3,,,,,,,,0.0,0.0
鲁中参考点,jma_seamless,2026-01-10,5,2026-01-15,10.4,1.4,1.7,,,,,,,,0.0,0.0
鲁中参考点,jma_seamless,2026-01-09,6,2026-01-15,9.5,2.4,1.0,,,,,,,,0.0,0.0
鲁中参考点,jma_seamless,2026-01-08,7,2026-01-15,11.5,0.5,1.2,,,,,,,,0.0,0.0
鲁中参考点,gfs_seamless,2026-01-15,1,2026-01-16,5.3,-3.5,-2.8,-8.4,,63.0,13.3,,,10.68,0.0,0.0
鲁中参考点,gfs_seamless,2026-01-14,2,2026-01-16,5.4,-3.7,-2.5,-8.6,,65.3,13.4,,,11.23,0.0,0.0
鲁中参考点,gfs_seamless,2026-01-13,3,2026-01-16,9.4,-1.1,-1.0,-4.9,,63.2,11.0,,,11.44,0.0,0.0
鲁中参考点,gfs_seamless,2026-01-12,4,2026-01-16,10.3,-1.0,-0.1,-4.5,,58.9,10.0,,,11.52,0.0,0.0
鲁中参考点,gfs_seamless,2026-01-11,5,2026-01-16,10.2,1.6,1.2,-0.9,,52.9,8.3,,,11.31,0.0,0.0
鲁中参考点,gfs_seamless,2026-01-10,6,2026-01-16,10.9,-1.7,-0.0,-5.5,,57.1,10.6,,,11.4,0.0,0.0
鲁中参考点,gfs_seamless,2026-01-09,7,2026-01-16,9.7,-1.0,-1.4,-4.6,,56.7,10.2,,,11.44,0.0,0.0
鲁中参考点,jma_seamless,2026-01-15,1,2026-01-16,6.8,-4.3,-2.9,,,,,,,,0.0,0.0
鲁中参考点,jma_seamless,2026-01-14,2,2026-01-16,6.0,-3.4,-2.9,,,,,,,,0.0,0.0
鲁中参考点,jma_seamless,2026-01-13,3,2026-01-16,6.1,-3.0,-2.6,,,,,,,,0.0,0.0
鲁中参考点,jma_seamless,2026-01-12,4,2026-01-16,6.2,-3.0,-2.4,,,,,,,,0.0,0.0
鲁中参考点,jma_seamless,2026-01-11,5,2026-01-16,5.5,-3.1,-3.8,,,,,,,,0.0,0.0
鲁中参考点,jma_seamless,2026-01-10,6,2026-01-16,10.8,-3.6,-0.9,,,,,,,,0.0,0.0
鲁中参考点,jma_seamless,2026-01-09,7,2026-01-16,12.8,-2.6,0.1,,,,,,,,0.0,0.0
鲁中参考点,gfs_seamless,2026-01-16,1,2026-01-17,0.4,-5.6,-7.5,-10.0,,56.7,10.0,,,11.65,0.0,0.0
鲁中参考点,gfs_seamless,2026-01-15,2,2026-01-17,0.4,-5.4,-7.6,-9.9,,56.6,10.3,,,11.79,0.0,0.0
鲁中参考点,gfs_seamless,2026-01-14,3,2026-01-17,0.8,-5.0,-6.6,-8.9,,57.9,8.8,,,11.65,0.0,0.0
鲁中参考点,gfs_seamless,2026-01-13,4,2026-01-17,1.6,-1.4,-3.3,-3.9,,83.5,6.7,,,2.07,0.0,0.0
鲁中参考点,gfs_seamless,2026-01-12,5,2026-01-17,2.6,-2.4,-3.0,-5.3,,86.3,7.3,,,4.1,0.7,0.0
鲁中参考点,gfs_seamless,2026-01-11,6,2026-01-17,6.9,-2.4,-1.3,-5.5,,81.4,7.7,,,10.23,0.0,0.0
鲁中参考点,gfs_seamless,2026-01-10,7,2026-01-17,3.9,-2.3,-4.0,-6.1,,74.8,10.2,,,8.38,0.0,0.0
鲁中参考点,jma_seamless,2026-01-16,1,2026-01-17,-0.2,-5.1,-7.7,,,,,,,,0.3,0.2
鲁中参考点,jma_seamless,2026-01-15,2,2026-01-17,-0.1,-4.5,-7.3,,,,,,,,0.3,0.2
鲁中参考点,jma_seamless,2026-01-14,3,2026-01-17,1.3,-4.2,-6.5,,,,,,,,0.0,0.0
鲁中参考点,jma_seamless,2026-01-13,4,2026-01-17,1.3,-4.4,-6.7,,,,,,,,0.3,0.2
鲁中参考点,jma_seamless,2026-01-12,5,2026-01-17,2.2,-3.9,-6.1,,,,,,,,0.0,0.0
鲁中参考点,jma_seamless,2026-01-11,6,2026-01-17,3.5,-3.3,-4.4,,,,,,,,0.0,0.0
鲁中参考点,jma_seamless,2026-01-10,7,2026-01-17,2.5,-2.7,-4.8,,,,,,,,0.0,0.0
鲁中参考点,gfs_seamless,2026-01-17,1,2026-01-18,-1.0,-5.7,-7.1,-10.2,,86.4,10.3,,,5.24,4.4,1.9
鲁中参考点,gfs_seamless,2026-01-16,2,2026-01-18,-1.1,-5.6,-7.5,-10.0,,78.5,10.1,,,6.3,2.6,1.1
鲁中参考点,gfs_seamless,2026-01-15,3,2026-01-18,-1.2,-5.5,-7.1,-9.6,,82.1,9.0,,,6.19,2.9,1.3
鲁中参考点,gfs_seamless,2026-01-14,4,2026-01-18,-1.1,-5.5,-7.0,-9.7,,87.5,9.5,,,5.58,5.4,2.7
鲁中参考点,gfs_seamless,2026-01-13,5,2026-01-18,1.8,-6.7,-8.5,-13.7,,90.2,20.2,,,4.76,2.2,0.7
鲁中参考点,gfs_seamless,2026-01-12,6,2026-01-18,2.8,-7.2,-6.9,-13.3,,92.7,15.2,,,2.11,2.8,1.1
鲁中参考点,gfs_seamless,2026-01-11,7,2026-01-18,-0.6,-6.2,-8.8,-12.8,,90.2,18.6,,,1.15,2.8,1.6
鲁中参考点,jma_seamless,2026-01-17,1,2026-01-18,-1.1,-5.3,-6.9,,,,,,,,4.2,2.9
鲁中参考点,jma_seamless,2026-01-16,2,2026-01-18,-0.6,-3.4,-5.5,,,,,,,,4.5,3.2
鲁中参考点,jma_seamless,2026-01-15,3,2026-01-18,0.7,-1.4,-3.8,,,,,,,,4.8,2.6
鲁中参考点,jma_seamless,2026-01-14,4,2026-01-18,1.5,-1.4,-3.6,,,,,,,,5.7,1.9
鲁中参考点,jma_seamless,2026-01-13,5,2026-01-18,1.0,-2.2,-4.3,,,,,,,,3.3,1.9
鲁中参考点,jma_seamless,2026-01-12,6,2026-01-18,1.7,-2.4,-3.0,,,,,,,,3.6,0.8
鲁中参考点,jma_seamless,2026-01-11,7,2026-01-18,2.5,-0.4,-2.7,,,,,,,,3.3,0.1
鲁中参考点,gfs_seamless,2026-01-18,1,2026-01-19,-5.8,-9.9,-14.2,-18.3,,70.7,22.8,,,10.61,0.4,0.1
鲁中参考点,gfs_seamless,2026-01-17,2,2026-01-19,-5.3,-9.6,-13.9,-17.9,,66.0,23.2,,,8.42,0.2,0.0
鲁中参考点,gfs_seamless,2026-01-16,3,2026-01-19,-4.6,-8.5,-12.9,-16.4,,66.8,22.5,,,8.39,1.2,0.6
鲁中参考点,gfs_seamless,2026-01-15,4,2026-01-19,-4.0,-8.1,-12.6,-15.9,,69.7,22.4,,,9.51,0.7,0.2
鲁中参考点,gfs_seamless,2026-01-14,5,2026-01-19,-5.1,-8.4,-14.0,-16.7,,72.3,25.2,,,8.73,0.3,0.0
鲁中参考点,gfs_seamless,2026-01-13,6,2026-01-19,-7.3,-10.3,-15.4,-18.5,,63.6,21.1,,,10.32,0.0,0.0
鲁中参考点,gfs_seamless,2026-01-12,7,2026-01-19,-6.0,-9.9,-14.6,-18.6,,80.2,24.6,,,9.66,0.3,0.0
鲁中参考点,jma_seamless,2026-01-18,1,2026-01-19,-5.3,-9.2,-12.5,,,,,,,,0.3,0.2
鲁中参考点,jma_seamless,2026-01-17,2,2026-01-19,-3.7,-9.2,-11.8,,,,,,,,1.2,0.8
鲁中参考点,jma_seamless,2026-01-16,3,2026-01-19,-1.6,-7.7,-9.7,,,,,,,,5.1,3.6
鲁中参考点,jma_seamless,2026-01-15,4,2026-01-19,-1.5,-7.2,-9.3,,,,,,,,5.7,4.0
鲁中参考点,jma_seamless,2026-01-14,5,2026-01-19,-2.3,-8.6,-11.0,,,,,,,,1.5,1.1
鲁中参考点,jma_seamless,2026-01-13,6,2026-01-19,-2.6,-8.7,-10.8,,,,,,,,1.2,0.8
鲁中参考点,jma_seamless,2026-01-12,7,2026-01-19,0.4,-9.6,-10.7,,,,,,,,5.7,3.8
鲁中参考点,gfs_seamless,2026-01-19,1,2026-01-20,-5.5,-11.2,-14.0,-17.8,,39.2,13.3,,,12.34,0.0,0.0
鲁中参考点,gfs_seamless,2026-01-18,2,2026-01-20,-6.9,-11.2,-14.2,-16.7,,59.2,9.9,,,12.25,0.0,0.0
鲁中参考点,gfs_seamless,2026-01-17,3,2026-01-20,-6.5,-10.3,-13.5,-16.1,,51.2,11.4,,,11.11,0.1,0.0
鲁中参考点,gfs_seamless,2026-01-16,4,2026-01-20,-5.7,-9.9,-13.6,-16.4,,46.8,14.0,,,12.43,0.1,0.0
鲁中参考点,gfs_seamless,2026-01-15,5,2026-01-20,-6.0,-9.5,-13.8,-16.1,,47.7,15.0,,,11.47,0.0,0.0
鲁中参考点,gfs_seamless,2026-01-14,6,2026-01-20,-6.5,-11.0,-14.9,-18.0,,48.2,15.0,,,10.91,0.0,0.0
鲁中参考点,gfs_seamless,2026-01-13,7,2026-01-20,-7.7,-10.6,-14.9,-16.8,,64.2,12.4,,,12.03,0.2,0.0
鲁中参考点,jma_seamless,2026-01-19,1,2026-01-20,-5.8,-9.8,-13.8,,,,,,,,0.0,0.0
鲁中参考点,jma_seamless,2026-01-18,2,2026-01-20,-5.7,-9.8,-13.8,,,,,,,,0.0,0.0
鲁中参考点,jma_seamless,2026-01-17,3,2026-01-20,-6.2,-9.9,-13.9,,,,,,,,0.3,0.2
鲁中参考点,jma_seamless,2026-01-16,4,2026-01-20,-7.2,-10.5,-14.5,,,,,,,,0.3,0.2
鲁中参考点,jma_seamless,2026-01-15,5,2026-01-20,-7.3,-10.4,-14.8,,,,,,,,0.0,0.0
鲁中参考点,jma_seamless,2026-01-14,6,2026-01-20,-6.8,-10.1,-14.2,,,,,,,,0.0,0.0
鲁中参考点,jma_seamless,2026-01-13,7,2026-01-20,-4.9,-9.8,-12.5,,,,,,,,0.0,0.0
鲁中参考点,gfs_seamless,2026-01-20,1,2026-01-21,-5.3,-11.3,-12.8,-15.8,,32.5,7.6,,,12.61,0.0,0.0
鲁中参考点,gfs_seamless,2026-01-19,2,2026-01-21,-3.7,-12.3,-12.5,-16.9,,35.7,7.3,,,12.85,0.0,0.0
鲁中参考点,gfs_seamless,2026-01-18,3,2026-01-21,-5.4,-11.6,-13.2,-15.3,,55.0,5.9,,,13.1,0.0,0.0
鲁中参考点,gfs_seamless,2026-01-17,4,2026-01-21,-4.6,-11.3,-12.7,-15.2,,45.0,6.4,,,12.9,0.0,0.0
鲁中参考点,gfs_seamless,2026-01-16,5,2026-01-21,-4.2,-11.2,-12.3,-14.3,,42.2,5.0,,,12.33,0.0,0.0
鲁中参考点,gfs_seamless,2026-01-15,6,2026-01-21,-4.7,-11.3,-12.7,-15.2,,42.9,6.4,,,12.7,0.0,0.0
鲁中参考点,gfs_seamless,2026-01-14,7,2026-01-21,-5.1,-11.8,-13.6,-15.8,,48.4,6.4,,,12.77,0.0,0.0
鲁中参考点,jma_seamless,2026-01-20,1,2026-01-21,-5.2,-10.8,-13.3,,,,,,,,0.0,0.0
鲁中参考点,jma_seamless,2026-01-19,2,2026-01-21,-5.1,-10.0,-13.4,,,,,,,,0.0,0.0
鲁中参考点,jma_seamless,2026-01-18,3,2026-01-21,-4.3,-10.4,-12.8,,,,,,,,0.0,0.0
鲁中参考点,jma_seamless,2026-01-17,4,2026-01-21,-5.6,-11.0,-13.9,,,,,,,,0.0,0.0
鲁中参考点,jma_seamless,2026-01-16,5,2026-01-21,-6.6,-11.7,-14.8,,,,,,,,0.0,0.0
鲁中参考点,jma_seamless,2026-01-15,6,2026-01-21,-6.7,-11.2,-14.5,,,,,,,,0.0,0.0
鲁中参考点,jma_seamless,2026-01-14,7,2026-01-21,-6.0,-10.9,-13.4,,,,,,,,0.0,0.0
鲁中参考点,gfs_seamless,2026-01-21,1,2026-01-22,-2.1,-9.4,-10.5,-13.1,,48.4,6.6,,,12.8,0.0,0.0
鲁中参考点,gfs_seamless,2026-01-20,2,2026-01-22,-1.6,-8.9,-9.5,-12.4,,32.0,6.3,,,12.48,0.0,0.0
鲁中参考点,gfs_seamless,2026-01-19,3,2026-01-22,-0.8,-10.5,-10.2,-14.8,,42.2,7.3,,,11.6,0.0,0.0
鲁中参考点,gfs_seamless,2026-01-18,4,2026-01-22,-2.6,-10.1,-11.0,-13.6,,60.0,5.9,,,12.92,0.0,0.0
鲁中参考点,gfs_seamless,2026-01-17,5,2026-01-22,-1.7,-8.7,-10.1,-12.7,,54.8,7.5,,,12.44,0.0,0.0
鲁中参考点,gfs_seamless,2026-01-16,6,2026-01-22,-1.9,-9.1,-9.8,-12.3,,60.3,5.6,,,12.43,0.0,0.0
鲁中参考点,gfs_seamless,2026-01-15,7,2026-01-22,-1.9,-9.4,-10.2,-12.6,,55.3,5.6,,,12.43,0.0,0.0
鲁中参考点,jma_seamless,2026-01-21,1,2026-01-22,-1.9,-11.1,-11.6,,,,,,,,0.0,0.0
鲁中参考点,jma_seamless,2026-01-20,2,2026-01-22,-1.8,-10.8,-11.3,,,,,,,,0.0,0.0
鲁中参考点,jma_seamless,2026-01-19,3,2026-01-22,-1.1,-9.9,-10.5,,,,,,,,0.0,0.0
鲁中参考点,jma_seamless,2026-01-18,4,2026-01-22,-0.4,-10.7,-10.7,,,,,,,,0.0,0.0
鲁中参考点,jma_seamless,2026-01-17,5,2026-01-22,-1.6,-11.0,-11.4,,,,,,,,0.0,0.0
鲁中参考点,jma_seamless,2026-01-16,6,2026-01-22,-1.9,-11.7,-12.0,,,,,,,,0.0,0.0
鲁中参考点,jma_seamless,2026-01-15,7,2026-01-22,-3.2,-12.4,-12.0,,,,,,,,0.0,0.0
鲁中参考点,gfs_seamless,2026-01-22,1,2026-01-23,-0.1,-8.1,-8.1,-10.7,,65.4,4.9,,,12.77,0.0,0.0
鲁中参考点,gfs_seamless,2026-01-21,2,2026-01-23,0.9,-6.3,-6.9,-9.0,,50.0,5.4,,,12.65,0.0,0.0
鲁中参考点,gfs_seamless,2026-01-20,3,2026-01-23,1.2,-5.8,-6.8,-8.2,,50.0,5.1,,,12.59,0.0,0.0
鲁中参考点,gfs_seamless,2026-01-19,4,2026-01-23,0.7,-8.6,-7.8,,,56.4,4.2,,,12.58,0.0,0.0
鲁中参考点,gfs_seamless,2026-01-18,5,2026-01-23,-0.7,-7.8,-8.4,-10.7,,67.0,5.5,,,12.46,0.0,0.0
鲁中参考点,gfs_seamless,2026-01-17,6,2026-01-23,0.5,-5.6,-6.7,,,59.6,2.9,,,12.33,0.0,0.0
鲁中参考点,gfs_seamless,2026-01-16,7,2026-01-23,-0.0,-6.3,-7.3,,,62.2,4.4,,,12.01,0.0,0.0
鲁中参考点,jma_seamless,2026-01-22,1,2026-01-23,0.1,-7.8,-8.7,,,,,,,,0.0,0.0
鲁中参考点,jma_seamless,2026-01-21,2,2026-01-23,0.3,-7.5,-9.0,,,,,,,,0.0,0.0
鲁中参考点,jma_seamless,2026-01-20,3,2026-01-23,0.1,-7.6,-9.1,,,,,,,,0.0,0.0
鲁中参考点,jma_seamless,2026-01-19,4,2026-01-23,0.9,-6.9,-7.8,,,,,,,,0.0,0.0
鲁中参考点,jma_seamless,2026-01-18,5,2026-01-23,0.5,-7.7,-8.5,,,,,,,,0.0,0.0
鲁中参考点,jma_seamless,2026-01-17,6,2026-01-23,0.3,-8.3,-9.1,,,,,,,,0.0,0.0
鲁中参考点,jma_seamless,2026-01-16,7,2026-01-23,-0.6,-10.3,-10.5,,,,,,,,0.0,0.0
鲁中参考点,gfs_seamless,2026-01-23,1,2026-01-24,2.4,-6.9,-6.6,,,66.1,4.2,,,12.89,0.0,0.0
鲁中参考点,gfs_seamless,2026-01-22,2,2026-01-24,3.0,-5.9,-5.0,,,56.2,4.4,,,12.84,0.0,0.0
鲁中参考点,gfs_seamless,2026-01-21,3,2026-01-24,3.6,-3.9,-4.5,,,46.0,3.1,,,12.84,0.0,0.0
鲁中参考点,gfs_seamless,2026-01-20,4,2026-01-24,3.8,-3.9,-4.5,,,44.4,3.8,,,12.84,0.0,0.0
鲁中参考点,gfs_seamless,2026-01-19,5,2026-01-24,3.1,-5.1,-5.4,,,51.2,4.3,,,11.22,0.0,0.0
鲁中参考点,gfs_seamless,2026-01-18,6,2026-01-24,0.9,-4.9,-6.5,-7.2,,57.2,5.1,,,10.96,0.0,0.0
鲁中参考点,gfs_seamless,2026-01-17,7,2026-01-24,1.3,-5.0,-6.6,-7.5,,56.5,5.5,,,11.35,0.0,0.0
鲁中参考点,jma_seamless,2026-01-23,1,2026-01-24,3.9,-7.0,-6.5,,,,,,,,0.0,0.0
鲁中参考点,jma_seamless,2026-01-22,2,2026-01-24,2.9,-8.5,-8.0,,,,,,,,0.0,0.0
鲁中参考点,jma_seamless,2026-01-21,3,2026-01-24,2.8,-8.7,-8.4,,,,,,,,0.0,0.0
鲁中参考点,jma_seamless,2026-01-20,4,2026-01-24,3.2,-8.6,-8.0,,,,,,,,0.0,0.0
鲁中参考点,jma_seamless,2026-01-19,5,2026-01-24,2.6,-7.1,-7.3,,,,,,,,0.0,0.0
鲁中参考点,jma_seamless,2026-01-18,6,2026-01-24,1.7,-8.1,-8.2,,,,,,,,0.0,0.0
鲁中参考点,jma_seamless,2026-01-17,7,2026-01-24,0.1,-9.3,-9.8,,,,,,,,0.0,0.0
鲁中参考点,gfs_seamless,2026-01-24,1,2026-01-25,3.2,-4.5,-5.0,-7.8,,62.5,7.4,,,10.45,0.0,0.0
鲁中参考点,gfs_seamless,2026-01-23,2,2026-01-25,1.5,-3.4,-5.3,-6.5,,64.6,7.5,,,10.06,0.0,0.0
鲁中参考点,gfs_seamless,2026-01-22,3,2026-01-25,2.3,-2.5,-4.8,-6.0,,61.2,8.9,,,10.19,0.0,0.0
鲁中参考点,gfs_seamless,2026-01-21,4,2026-01-25,1.6,-1.9,-4.8,-5.1,,54.6,8.3,,,8.06,0.0,0.0
鲁中参考点,gfs_seamless,2026-01-20,5,2026-01-25,2.0,-1.9,-4.4,-4.7,,64.8,7.2,,,6.66,0.3,0.1
鲁中参考点,gfs_seamless,2026-01-19,6,2026-01-25,2.6,-3.8,-5.1,-6.8,,51.2,7.0,,,8.51,0.0,0.0
鲁中参考点,gfs_seamless,2026-01-18,7,2026-01-25,-0.6,-5.4,-7.5,-9.3,,51.3,8.5,,,11.53,0.0,0.0
鲁中参考点,jma_seamless,2026-01-24,1,2026-01-25,1.3,-3.0,-5.7,,,,,,,,0.0,0.0
鲁中参考点,jma_seamless,2026-01-23,2,2026-01-25,2.0,-2.9,-5.4,,,,,,,,0.0,0.0
鲁中参考点,jma_seamless,2026-01-22,3,2026-01-25,2.3,-5.8,-6.5,,,,,,,,0.3,0.2
鲁中参考点,jma_seamless,2026-01-21,4,2026-01-25,2.5,-3.4,-4.7,,,,,,,,0.3,0.0
鲁中参考点,jma_seamless,2026-01-20,5,2026-01-25,1.0,-2.8,-4.8,,,,,,,,0.9,0.1
鲁中参考点,jma_seamless,2026-01-19,6,2026-01-25,1.3,-5.8,-6.2,,,,,,,,0.9,0.3
鲁中参考点,jma_seamless,2026-01-18,7,2026-01-25,2.6,-8.0,-7.1,,,,,,,,0.9,0.2
鲁中参考点,gfs_seamless,2026-01-25,1,2026-01-26,3.4,-2.1,-3.7,-4.8,,71.5,6.8,,,8.99,0.1,0.0
鲁中参考点,gfs_seamless,2026-01-24,2,2026-01-26,3.2,-2.5,-3.9,-4.9,,73.5,5.9,,,8.76,0.0,0.0
鲁中参考点,gfs_seamless,2026-01-23,3,2026-01-26,1.9,-1.9,-3.7,,,84.5,4.7,,,7.1,0.4,0.1
鲁中参考点,gfs_seamless,2026-01-22,4,2026-01-26,1.5,-2.4,-3.9,-4.5,,87.0,5.3,,,5.93,1.8,0.8
鲁中参考点,gfs_seamless,2026-01-21,5,2026-01-26,1.3,-2.3,-3.6,,,91.3,4.8,,,5.69,1.4,0.6
鲁中参考点,gfs_seamless,2026-01-20,6,2026-01-26,2.0,-2.9,-3.6,-5.2,,91.9,5.6,,,5.97,0.5,0.4
鲁中参考点,gfs_seamless,2026-01-19,7,2026-01-26,2.0,-2.5,-3.6,-4.6,,87.0,5.3,,,5.8,0.0,0.0
鲁中参考点,jma_seamless,2026-01-25,1,2026-01-26,2.2,-2.1,-4.1,,,,,,,,0.6,0.4
鲁中参考点,jma_seamless,2026-01-24,2,2026-01-26,2.6,-2.2,-4.2,,,,,,,,0.6,0.4
鲁中参考点,jma_seamless,2026-01-23,3,2026-01-26,1.7,-2.2,-4.1,,,,,,,,2.1,1.5
鲁中参考点,jma_seamless,2026-01-22,4,2026-01-26,1.4,-1.7,-3.5,,,,,,,,3.3,2.1
鲁中参考点,jma_seamless,2026-01-21,5,2026-01-26,2.1,-3.5,-3.3,,,,,,,,3.0,1.9
鲁中参考点,jma_seamless,2026-01-20,6,2026-01-26,2.0,-3.2,-4.6,,,,,,,,0.9,0.6
鲁中参考点,jma_seamless,2026-01-19,7,2026-01-26,1.0,-2.7,-4.3,,,,,,,,2.1,1.3
鲁中参考点,gfs_seamless,2026-01-26,1,2026-01-27,3.6,-3.0,-4.3,-5.0,,40.0,5.0,,,11.31,0.0,0.0
鲁中参考点,gfs_seamless,2026-01-25,2,2026-01-27,3.6,-3.0,-3.8,-5.4,,45.9,5.8,,,11.31,0.0,0.0
鲁中参考点,gfs_seamless,2026-01-24,3,2026-01-27,4.0,-2.4,-4.0,-4.4,,49.9,5.2,,,12.27,0.0,0.0
鲁中参考点,gfs_seamless,2026-01-23,4,2026-01-27,1.9,-2.5,-4.5,-5.1,,59.9,6.4,,,10.77,0.0,0.0
鲁中参考点,gfs_seamless,2026-01-22,5,2026-01-27,0.2,-4.1,-6.4,-7.3,,57.5,7.4,,,10.71,0.0,0.0
鲁中参考点,gfs_seamless,2026-01-21,6,2026-01-27,-0.4,-3.5,-6.5,-6.8,,61.3,7.9,,,8.98,0.0,0.0
鲁中参考点,gfs_seamless,2026-01-20,7,2026-01-27,2.0,-3.1,-4.7,,,75.3,4.8,,,10.43,0.0,0.0
鲁中参考点,jma_seamless,2026-01-26,1,2026-01-27,2.2,-4.0,-5.4,,,,,,,,0.0,0.0
鲁中参考点,jma_seamless,2026-01-25,2,2026-01-27,2.6,-3.6,-5.2,,,,,,,,0.0,0.0
鲁中参考点,jma_seamless,2026-01-24,3,2026-01-27,3.1,-3.9,-5.0,,,,,,,,0.0,0.0
鲁中参考点,jma_seamless,2026-01-23,4,2026-01-27,2.7,-3.8,-5.1,,,,,,,,0.0,0.0
鲁中参考点,jma_seamless,2026-01-22,5,2026-01-27,2.3,-5.4,-5.9,,,,,,,,0.3,0.2
鲁中参考点,jma_seamless,2026-01-21,6,2026-01-27,3.3,-5.4,-5.5,,,,,,,,-0.3,-0.2
鲁中参考点,jma_seamless,2026-01-20,7,2026-01-27,2.8,-4.3,-5.0,,,,,,,,0.0,0.0
鲁中参考点,ecmwf_ifs025,2026-01-27,1,2026-01-28,5.4,-2.5,-4.7,-6.2,,44.4,9.7,,14.0,,,
鲁中参考点,ecmwf_ifs025,2026-01-26,2,2026-01-28,5.2,-3.4,-5.0,-6.7,,41.8,8.0,,16.5,,,
鲁中参考点,ecmwf_ifs025,2026-01-25,3,2026-01-28,4.5,-3.2,-5.1,-7.0,,51.5,9.4,,17.8,,,
鲁中参考点,ecmwf_ifs025,2026-01-24,4,2026-01-28,5.1,-3.7,-5.2,-7.4,,55.8,9.0,,18.8,,,
鲁中参考点,ecmwf_ifs025,2026-01-23,5,2026-01-28,4.3,-5.8,-6.1,-10.3,,53.4,10.3,,9.8,,,
鲁中参考点,ecmwf_ifs025,2026-01-22,6,2026-01-28,1.7,-6.9,-7.6,-9.4,,61.5,4.9,,30.6,,,
鲁中参考点,ecmwf_ifs025,2026-01-21,7,2026-01-28,1.4,-10.5,-9.0,,,57.5,2.8,,53.9,,,
鲁中参考点,ecmwf_ifs025,2026-01-28,1,2026-01-29,3.0,-3.3,-4.8,-6.1,,68.7,6.6,,86.0,,,
鲁中参考点,ecmwf_ifs025,2026-01-27,2,2026-01-29,2.3,-3.5,-5.7,-6.9,,70.2,8.1,,90.4,,,
鲁中参考点,ecmwf_ifs025,2026-01-26,3,2026-01-29,3.5,-3.9,-5.2,-7.2,,68.5,7.8,,82.0,,,
鲁中参考点,ecmwf_ifs025,2026-01-25,4,2026-01-29,4.6,-3.9,-4.6,-7.0,,67.1,7.1,,81.9,,,
鲁中参考点,ecmwf_ifs025,2026-01-24,5,2026-01-29,5.4,-3.6,-4.0,-6.2,,67.5,6.1,,58.3,,,
鲁中参考点,ecmwf_ifs025,2026-01-23,6,2026-01-29,2.1,-5.5,-6.4,-8.4,,65.2,6.2,,77.5,,,
鲁中参考点,ecmwf_ifs025,2026-01-22,7,2026-01-29,-1.0,-8.2,-8.1,-10.8,,68.4,4.9,,95.8,,,
鲁中参考点,ecmwf_ifs025,2026-01-29,1,2026-01-30,3.3,-3.4,-4.7,,,58.8,4.8,,87.0,,,
鲁中参考点,ecmwf_ifs025,2026-01-28,2,2026-01-30,3.8,-3.6,-4.6,,,58.9,4.7,,98.9,,,
鲁中参考点,ecmwf_ifs025,2026-01-27,3,2026-01-30,2.8,-3.7,-5.5,-5.8,,46.6,5.0,,99.7,,,
鲁中参考点,ecmwf_ifs025,2026-01-26,4,2026-01-30,3.6,-3.4,-5.1,,,49.4,4.8,,86.6,,,
鲁中参考点,ecmwf_ifs025,2026-01-25,5,2026-01-30,3.3,-2.9,-5.1,-5.2,,49.6,5.7,,99.7,,,
鲁中参考点,ecmwf_ifs025,2026-01-24,6,2026-01-30,-0.4,-3.0,-5.9,-6.0,,69.8,7.3,,96.1,,,
鲁中参考点,ecmwf_ifs025,2026-01-23,7,2026-01-30,1.1,-5.1,-6.8,-8.6,,51.3,7.6,,98.9,,,
鲁中参考点,ecmwf_ifs025,2026-01-30,1,2026-01-31,2.7,-3.6,-4.5,-6.1,,73.5,5.9,,83.9,,,
鲁中参考点,ecmwf_ifs025,2026-01-29,2,2026-01-31,1.0,-2.9,-4.9,-5.0,,77.2,5.3,,90.4,,,
鲁中参考点,ecmwf_ifs025,2026-01-28,3,2026-01-31,1.3,-3.4,-5.2,-6.3,,76.0,6.9,,98.2,,,
鲁中参考点,ecmwf_ifs025,2026-01-27,4,2026-01-31,5.0,-3.2,-4.3,-6.8,,66.2,8.8,,84.2,,,
鲁中参考点,ecmwf_ifs025,2026-01-26,5,2026-01-31,4.8,-2.9,-4.2,-6.0,,53.0,7.6,,99.5,,,
鲁中参考点,ecmwf_ifs025,2026-01-25,6,2026-01-31,4.4,-3.0,-4.0,-6.4,,68.4,8.3,,97.6,,,
鲁中参考点,ecmwf_ifs025,2026-01-24,7,2026-01-31,0.5,-3.2,-5.5,-6.6,,75.0,8.4,,87.8,,,
鲁中参考点,ecmwf_ifs025,2026-01-31,1,2026-02-01,7.0,-3.3,-3.5,-7.0,,72.3,9.0,,3.1,,,
鲁中参考点,ecmwf_ifs025,2026-01-30,2,2026-02-01,6.7,-3.2,-3.4,-6.4,,72.4,7.8,,4.3,,,
鲁中参考点,ecmwf_ifs025,2026-01-29,3,2026-02-01,6.1,-3.1,-3.5,-6.8,,76.6,9.2,,19.8,,,
鲁中参考点,ecmwf_ifs025,2026-01-28,4,2026-02-01,7.0,-4.5,-3.5,-7.8,,72.4,7.3,,8.3,,,
鲁中参考点,ecmwf_ifs025,2026-01-27,5,2026-02-01,7.1,-3.0,-3.2,-6.8,,69.8,9.8,,4.2,,,
鲁中参考点,ecmwf_ifs025,2026-01-26,6,2026-02-01,7.5,-3.3,-3.1,-7.0,,66.4,9.3,,30.1,,,
鲁中参考点,ecmwf_ifs025,2026-01-25,7,2026-02-01,7.8,-1.4,-3.0,-5.9,,69.0,13.8,,6.7,,,
鲁中参考点,ecmwf_ifs025,2026-02-01,1,2026-02-02,2.6,-4.5,-6.2,-7.1,,41.9,5.8,,0.0,,,
鲁中参考点,ecmwf_ifs025,2026-01-31,2,2026-02-02,1.9,-4.9,-6.6,-7.5,,40.1,5.6,,0.0,,,
鲁中参考点,ecmwf_ifs025,2026-01-30,3,2026-02-02,2.6,-4.8,-6.1,-7.6,,50.0,6.2,,0.1,,,
鲁中参考点,ecmwf_ifs025,2026-01-29,4,2026-02-02,3.4,-3.8,-4.7,,,45.8,4.6,,0.0,,,
鲁中参考点,ecmwf_ifs025,2026-01-28,5,2026-02-02,9.6,-2.5,-1.7,-4.4,,57.8,5.0,,0.0,,,
鲁中参考点,ecmwf_ifs025,2026-01-27,6,2026-02-02,1.3,-3.3,-5.6,-6.6,,48.0,8.0,,2.1,,,
鲁中参考点,ecmwf_ifs025,2026-01-26,7,2026-02-02,2.1,-5.5,-6.2,-9.6,,51.0,9.2,,0.0,,,
鲁中参考点,ecmwf_ifs025,2026-02-02,1,2026-02-03,8.1,-2.4,-2.7,-7.7,,52.4,16.6,,70.5,,,
鲁中参考点,ecmwf_ifs025,2026-02-01,2,2026-02-03,7.3,-3.1,-3.7,-8.6,,41.2,16.9,,68.1,,,
鲁中参考点,ecmwf_ifs025,2026-01-31,3,2026-02-03,8.0,-3.5,-3.6,-9.0,,35.3,16.3,,54.0,,,
鲁中参考点,ecmwf_ifs025,2026-01-30,4,2026-02-03,8.2,-2.3,-3.4,-7.5,,32.9,16.2,,45.8,,,
鲁中参考点,ecmwf_ifs025,2026-01-29,5,2026-02-03,9.3,-1.3,-2.4,-6.4,,39.1,17.2,,17.3,,,
鲁中参考点,ecmwf_ifs025,2026-01-28,6,2026-02-03,10.6,-1.8,-1.1,-6.8,,48.0,15.9,,51.6,,,
鲁中参考点,ecmwf_ifs025,2026-01-27,7,2026-02-03,6.7,-5.7,-5.1,-10.7,,34.0,12.0,,40.5,,,
鲁中参考点,ecmwf_ifs025,2026-02-03,1,2026-02-04,10.2,1.2,0.2,-2.8,,67.3,14.5,,54.7,,,
鲁中参考点,ecmwf_ifs025,2026-02-02,2,2026-02-04,10.7,1.7,0.3,-2.4,,64.2,15.5,,39.4,,,
鲁中参考点,ecmwf_ifs025,2026-02-01,3,2026-02-04,10.9,2.1,0.8,-2.0,,64.1,16.0,,68.9,,,
鲁中参考点,ecmwf_ifs025,2026-01-31,4,2026-02-04,10.3,0.6,0.3,-3.9,,64.2,16.5,,31.5,,,
鲁中参考点,ecmwf_ifs025,2026-01-30,5,2026-02-04,10.9,2.1,0.5,-2.0,,56.3,16.2,,79.9,,,
鲁中参考点,ecmwf_ifs025,2026-01-29,6,2026-02-04,11.9,1.6,1.3,-2.2,,57.2,13.6,,79.3,,,
鲁中参考点,ecmwf_ifs025,2026-01-28,7,2026-02-04,12.3,2.6,2.1,-0.3,,56.4,10.6,,52.5,,,
鲁中参考点,ecmwf_ifs025,2026-02-04,1,2026-02-05,5.3,-5.7,-4.6,-11.0,,67.1,13.1,,95.7,,,
鲁中参考点,ecmwf_ifs025,2026-02-03,2,2026-02-05,5.4,-4.8,-3.8,-9.9,,68.4,13.2,,96.4,,,
鲁中参考点,ecmwf_ifs025,2026-02-02,3,2026-02-05,5.8,-5.2,-4.0,-10.1,,66.1,12.0,,83.2,,,
鲁中参考点,ecmwf_ifs025,2026-02-01,4,2026-02-05,3.5,-5.1,-5.0,-10.4,,68.5,13.7,,93.7,,,
鲁中参考点,ecmwf_ifs025,2026-01-31,5,2026-02-05,2.6,-5.2,-5.1,-10.1,,59.9,11.9,,100.0,,,
鲁中参考点,ecmwf_ifs025,2026-01-30,6,2026-02-05,12.4,-4.8,-0.2,-7.2,,57.0,5.4,,81.4,,,
鲁中参考点,ecmwf_ifs025,2026-01-29,7,2026-02-05,12.6,-0.7,0.8,,,53.9,3.9,,92.0,,,
鲁中参考点,ecmwf_ifs025,2026-02-05,1,2026-02-06,-4.7,-8.2,-12.1,-14.5,,59.7,15.0,,97.1,,,
鲁中参考点,ecmwf_ifs025,2026-02-04,2,2026-02-06,-4.3,-7.9,-11.6,-14.0,,59.0,14.5,,98.0,,,
鲁中参考点,ecmwf_ifs025,2026-02-03,3,2026-02-06,-4.9,-8.1,-12.0,-14.4,,60.8,15.0,,100.0,,,
鲁中参考点,ecmwf_ifs025,2026-02-02,4,2026-02-06,-5.3,-8.2,-12.2,-14.7,,61.8,15.6,,95.5,,,
鲁中参考点,ecmwf_ifs025,2026-02-01,5,2026-02-06,-3.7,-6.7,-10.5,-11.5,,47.7,10.6,,97.8,,,
鲁中参考点,ecmwf_ifs025,2026-01-31,6,2026-02-06,-0.2,-5.8,-8.4,-9.3,,48.3,7.4,,35.9,,,
鲁中参考点,ecmwf_ifs025,2026-01-30,7,2026-02-06,-1.1,-5.1,-8.6,-10.2,,65.9,13.0,,72.1,,,
鲁中参考点,ecmwf_ifs025,2026-02-06,1,2026-02-07,-2.7,-8.7,-11.2,-13.0,,39.8,8.1,,12.3,,,
鲁中参考点,ecmwf_ifs025,2026-02-05,2,2026-02-07,-1.8,-9.2,-10.5,-13.0,,39.4,6.7,,8.4,,,
鲁中参考点,ecmwf_ifs025,2026-02-04,3,2026-02-07,-0.8,-8.5,-10.2,-12.6,,40.8,7.6,,7.5,,,
鲁中参考点,ecmwf_ifs025,2026-02-03,4,2026-02-07,-0.9,-8.4,-9.8,-11.6,,36.7,5.9,,8.4,,,
鲁中参考点,ecmwf_ifs025,2026-02-02,5,2026-02-07,-0.5,-8.3,-9.3,-11.5,,37.9,5.9,,16.3,,,
鲁中参考点,ecmwf_ifs025,2026-02-01,6,2026-02-07,-1.7,-6.9,-9.5,-11.7,,40.3,10.3,,19.0,,,
鲁中参考点,ecmwf_ifs025,2026-01-31,7,2026-02-07,3.9,-5.9,-7.2,-9.9,,38.5,8.6,,0.0,,,
鲁中参考点,ecmwf_ifs025,2026-02-07,1,2026-02-08,3.1,-10.1,-8.7,-14.3,,25.8,7.3,,0.0,,,
鲁中参考点,ecmwf_ifs025,2026-02-06,2,2026-02-08,3.0,-8.7,-8.2,-12.7,,27.0,7.5,,0.0,,,
鲁中参考点,ecmwf_ifs025,2026-02-05,3,2026-02-08,3.7,-7.3,-7.2,-10.7,,31.8,6.6,,0.0,,,
鲁中参考点,ecmwf_ifs025,2026-02-04,4,2026-02-08,3.2,-8.9,-7.8,-12.4,,35.9,6.2,,0.0,,,
鲁中参考点,ecmwf_ifs025,2026-02-03,5,2026-02-08,0.5,-6.4,-8.2,-9.2,,33.8,5.6,,0.3,,,
鲁中参考点,ecmwf_ifs025,2026-02-02,6,2026-02-08,-0.7,-7.9,-8.8,,,49.5,3.9,,3.8,,,
鲁中参考点,ecmwf_ifs025,2026-02-01,7,2026-02-08,5.3,-6.6,-8.0,-12.9,,34.0,16.7,,4.0,,,
鲁中参考点,ecmwf_ifs025,2026-02-08,1,2026-02-09,5.9,-2.9,-5.8,-9.3,,37.5,22.6,,70.8,,,
鲁中参考点,ecmwf_ifs025,2026-02-07,2,2026-02-09,6.1,-3.0,-5.9,-9.5,,35.8,23.2,,71.6,,,
鲁中参考点,ecmwf_ifs025,2026-02-06,3,2026-02-09,5.7,-2.6,-5.7,-9.0,,35.8,23.0,,78.0,,,
鲁中参考点,ecmwf_ifs025,2026-02-05,4,2026-02-09,6.2,-2.4,-5.4,-8.5,,34.4,21.4,,70.9,,,
鲁中参考点,ecmwf_ifs025,2026-02-04,5,2026-02-09,6.6,-3.0,-4.9,-8.9,,36.1,19.3,,70.7,,,
鲁中参考点,ecmwf_ifs025,2026-02-03,6,2026-02-09,6.3,-4.0,-5.7,-9.6,,29.1,16.4,,52.4,,,
鲁中参考点,ecmwf_ifs025,2026-02-02,7,2026-02-09,4.6,-4.1,-13.5,-11.0,,40.6,23.7,,76.7,,,
鲁中参考点,ecmwf_ifs025,2026-02-09,1,2026-02-10,8.0,-0.7,-2.2,-4.5,,60.0,11.4,,61.2,,,
鲁中参考点,ecmwf_ifs025,2026-02-08,2,2026-02-10,7.9,-0.4,-2.4,-4.5,,56.3,12.8,,66.3,,,
鲁中参考点,ecmwf_ifs025,2026-02-07,3,2026-02-10,6.7,-1.5,-2.6,-5.1,,62.0,10.1,,60.7,,,
鲁中参考点,ecmwf_ifs025,2026-02-06,4,2026-02-10,6.0,-1.7,-2.8,-5.1,,61.7,9.0,,68.5,,,
鲁中参考点,ecmwf_ifs025,2026-02-05,5,2026-02-10,6.3,-1.9,-3.0,-5.4,,62.1,9.4,,45.6,,,
鲁中参考点,ecmwf_ifs025,2026-02-04,6,2026-02-10,6.8,-1.5,-2.7,-5.2,,59.7,10.2,,90.7,,,
鲁中参考点,ecmwf_ifs025,2026-02-03,7,2026-02-10,7.9,-1.1,-16.3,-4.8,,56.8,10.7,,75.6,,,
鲁中参考点,ecmwf_ifs025,2026-02-10,1,2026-02-11,9.8,-1.7,-1.2,,,,,,0.0,,,
鲁中参考点,ecmwf_ifs025,2026-02-09,2,2026-02-11,9.2,-2.6,-1.7,,,,,,0.0,,,
鲁中参考点,ecmwf_ifs025,2026-02-08,3,2026-02-11,9.0,-2.1,-1.5,,,,,,0.0,,,
鲁中参考点,ecmwf_ifs025,2026-02-07,4,2026-02-11,8.5,-3.4,-1.9,,,,,,0.2,,,
鲁中参考点,ecmwf_ifs025,2026-02-06,5,2026-02-11,8.4,-3.0,-1.8,,,,,,1.1,,,
鲁中参考点,ecmwf_ifs025,2026-02-05,6,2026-02-11,7.5,-3.5,-3.0,,,,,,2.2,,,
鲁中参考点,ecmwf_ifs025,2026-02-04,7,2026-02-11,7.7,-2.1,-1.8,,,,,,10.4,,,
鲁中参考点,gfs_seamless,2026-02-10,1,2026-02-11,9.2,-0.5,-0.3,-4.4,,69.2,11.8,15.5,0.0,15.69,0.0,0.0
鲁中参考点,gfs_seamless,2026-02-09,2,2026-02-11,9.0,-0.5,-0.5,-4.4,,73.1,11.9,19.4,0.2,15.7,0.0,0.0
鲁中参考点,gfs_seamless,2026-02-08,3,2026-02-11,8.4,0.2,-0.2,-3.3,,71.2,11.0,16.2,8.8,15.7,0.0,0.0
鲁中参考点,gfs_seamless,2026-02-07,4,2026-02-11,8.4,-0.2,0.0,-3.7,,69.1,10.4,14.4,17.9,15.55,0.0,0.0
鲁中参考点,gfs_seamless,2026-02-06,5,2026-02-11,8.4,-0.2,-0.3,-3.6,,62.4,10.2,15.1,32.0,15.31,0.0,0.0
鲁中参考点,gfs_seamless,2026-02-05,6,2026-02-11,7.1,-1.7,-1.8,-5.2,,58.0,9.6,20.2,9.0,15.35,0.0,0.0
鲁中参考点,gfs_seamless,2026-02-04,7,2026-02-11,4.4,-0.1,-2.1,-3.6,,64.7,10.6,24.1,10.2,15.22,0.0,0.0
鲁中参考点,ecmwf_ifs025,2026-02-11,1,2026-02-12,12.1,1.6,1.1,,,,,,0.1,,,
鲁中参考点,ecmwf_ifs025,2026-02-10,2,2026-02-12,12.3,2.0,1.0,,,,,,0.0,,,
鲁中参考点,ecmwf_ifs025,2026-02-09,3,2026-02-12,12.4,1.5,0.6,,,,,,0.2,,,
鲁中参考点,ecmwf_ifs025,2026-02-08,4,2026-02-12,12.4,1.6,0.3,,,,,,0.1,,,
鲁中参考点,ecmwf_ifs025,2026-02-07,5,2026-02-12,12.1,1.0,0.2,,,,,,33.2,,,
鲁中参考点,ecmwf_ifs025,2026-02-06,6,2026-02-12,12.0,0.6,-0.4,,,,,,36.6,,,
鲁中参考点,ecmwf_ifs025,2026-02-05,7,2026-02-12,11.0,1.2,-0.3,,,,,,45.1,,,
鲁中参考点,gfs_seamless,2026-02-11,1,2026-02-12,11.5,1.5,1.8,-1.8,,54.0,11.0,33.5,0.9,15.48,0.0,0.0
鲁中参考点,gfs_seamless,2026-02-10,2,2026-02-12,11.6,1.6,2.2,-1.6,,54.5,10.7,26.6,16.0,15.37,0.0,0.0
鲁中参考点,gfs_seamless,2026-02-09,3,2026-02-12,12.0,1.3,2.0,-1.7,,52.8,9.8,33.8,22.3,15.12,0.0,0.0
鲁中参考点,gfs_seamless,2026-02-08,4,2026-02-12,11.0,2.0,2.0,-0.2,,50.5,7.4,27.0,30.1,15.65,0.0,0.0
鲁中参考点,gfs_seamless,2026-02-07,5,2026-02-12,11.5,1.4,1.9,-1.1,,41.0,8.0,31.0,17.4,15.55,0.0,0.0
鲁中参考点,gfs_seamless,2026-02-06,6,2026-02-12,12.2,0.9,1.3,-1.7,,40.3,7.9,45.4,14.6,15.5,0.0,0.0
鲁中参考点,gfs_seamless,2026-02-05,7,2026-02-12,11.7,-0.3,0.4,-3.5,,56.5,9.2,45.4,17.5,15.15,0.0,0.0
鲁中参考点,ecmwf_ifs025,2026-02-12,1,2026-02-13,15.4,1.8,4.1,,,,,,52.8,,,
鲁中参考点,ecmwf_ifs025,2026-02-11,2,2026-02-13,15.4,1.6,4.0,,,,,,40.9,,,
鲁中参考点,ecmwf_ifs025,2026-02-10,3,2026-02-13,16.4,1.9,4.6,,,,,,36.5,,,
鲁中参考点,ecmwf_ifs025,2026-02-09,4,2026-02-13,16.7,1.3,4.9,,,,,,54.2,,,
鲁中参考点,ecmwf_ifs025,2026-02-08,5,2026-02-13,15.8,1.5,4.5,,,,,,79.3,,,
鲁中参考点,ecmwf_ifs025,2026-02-07,6,2026-02-13,15.1,2.8,3.7,,,,,,67.0,,,
鲁中参考点,ecmwf_ifs025,2026-02-06,7,2026-02-13,13.7,2.1,3.2,,,,,,33.5,,,
鲁中参考点,gfs_seamless,2026-02-12,1,2026-02-13,13.8,4.7,5.4,2.3,,36.2,9.9,18.0,89.8,13.08,0.0,0.0
鲁中参考点,gfs_seamless,2026-02-11,2,2026-02-13,14.1,5.4,5.6,2.7,,36.7,12.2,18.4,65.1,13.04,0.0,0.0
鲁中参考点,gfs_seamless,2026-02-10,3,2026-02-13,13.3,4.9,5.1,1.9,,36.6,13.5,25.6,67.7,12.3,0.0,0.0
鲁中参考点,gfs_seamless,2026-02-09,4,2026-02-13,13.5,5.7,5.8,2.7,,38.2,14.2,14.4,85.0,12.93,0.0,0.0
鲁中参考点,gfs_seamless,2026-02-08,5,2026-02-13,13.5,5.2,5.6,2.0,,42.7,15.1,19.8,68.0,14.55,0.0,0.0
鲁中参考点,gfs_seamless,2026-02-07,6,2026-02-13,12.4,5.3,4.6,2.4,,43.9,13.5,36.7,69.8,9.52,0.0,0.0
鲁中参考点,gfs_seamless,2026-02-06,7,2026-02-13,13.3,5.0,5.1,1.5,,38.0,16.4,23.8,55.9,12.04,0.0,0.0
鲁中参考点,ecmwf_ifs025,2026-02-13,1,2026-02-14,18.6,4.7,6.7,,,,,,0.0,,,
鲁中参考点,ecmwf_ifs025,2026-02-12,2,2026-02-14,18.4,3.9,6.5,,,,,,0.0,,,
鲁中参考点,ecmwf_ifs025,2026-02-11,3,2026-02-14,18.0,4.5,6.6,,,,,,0.0,,,
鲁中参考点,ecmwf_ifs025,2026-02-10,4,2026-02-14,17.9,5.5,7.2,,,,,,25.2,,,
鲁中参考点,ecmwf_ifs025,2026-02-09,5,2026-02-14,17.6,5.4,6.8,,,,,,3.6,,,
鲁中参考点,ecmwf_ifs025,2026-02-08,6,2026-02-14,17.4,2.7,5.2,,,,,,6.8,,,
鲁中参考点,ecmwf_ifs025,2026-02-07,7,2026-02-14,16.2,0.6,3.6,,,,,,17.8,,,
鲁中参考点,gfs_seamless,2026-02-13,1,2026-02-14,16.9,5.6,7.7,3.6,,71.8,8.8,27.0,0.4,15.7,0.0,0.0
鲁中参考点,gfs_seamless,2026-02-12,2,2026-02-14,16.2,5.5,7.3,3.1,,67.9,10.7,25.2,4.6,15.71,0.0,0.0
鲁中参考点,gfs_seamless,2026-02-11,3,2026-02-14,16.2,5.3,7.5,3.5,,76.5,8.1,17.3,0.0,15.78,0.0,0.0
鲁中参考点,gfs_seamless,2026-02-10,4,2026-02-14,16.2,5.0,7.2,3.2,,71.6,7.7,13.3,4.7,15.9,0.0,0.0
鲁中参考点,gfs_seamless,2026-02-09,5,2026-02-14,15.8,5.9,7.3,4.3,,78.9,7.6,8.6,38.1,15.61,0.0,0.0
鲁中参考点,gfs_seamless,2026-02-08,6,2026-02-14,14.9,5.1,7.0,2.6,,74.2,10.9,9.7,24.8,15.28,0.0,0.0
鲁中参考点,gfs_seamless,2026-02-07,7,2026-02-14,14.1,4.9,5.9,3.0,,64.8,8.1,12.2,53.4,14.39,0.0,0.0
鲁中参考点,ecmwf_ifs025,2026-02-14,1,2026-02-15,4.9,-2.0,-4.4,,,,,,59.0,,,
鲁中参考点,ecmwf_ifs025,2026-02-13,2,2026-02-15,4.3,-1.4,-4.5,,,,,,59.2,,,
鲁中参考点,ecmwf_ifs025,2026-02-12,3,2026-02-15,4.3,-2.1,-4.7,,,,,,52.7,,,
鲁中参考点,ecmwf_ifs025,2026-02-11,4,2026-02-15,4.1,-3.3,-5.1,,,,,,63.4,,,
鲁中参考点,ecmwf_ifs025,2026-02-10,5,2026-02-15,4.8,-3.7,-4.0,,,,,,47.4,,,
鲁中参考点,ecmwf_ifs025,2026-02-09,6,2026-02-15,4.8,-3.1,-4.9,,,,,,51.0,,,
鲁中参考点,ecmwf_ifs025,2026-02-08,7,2026-02-15,4.2,-4.0,-4.8,,,,,,5.4,,,
鲁中参考点,gfs_seamless,2026-02-14,1,2026-02-15,7.3,-1.3,-4.4,-4.4,,40.4,8.5,51.1,58.3,6.26,0.2,0.1
鲁中参考点,gfs_seamless,2026-02-13,2,2026-02-15,5.3,-1.5,-4.6,-4.7,,40.6,8.6,49.7,75.1,5.07,0.4,0.2
鲁中参考点,gfs_seamless,2026-02-12,3,2026-02-15,7.2,-1.4,-4.3,-4.8,,38.3,9.3,53.3,62.7,9.93,0.0,0.0
鲁中参考点,gfs_seamless,2026-02-11,4,2026-02-15,9.3,-1.5,-4.0,-5.1,,37.0,9.9,55.8,26.5,15.73,0.0,0.0
鲁中参考点,gfs_seamless,2026-02-10,5,2026-02-15,8.2,-0.6,-2.4,-4.4,,47.2,11.6,45.0,22.1,15.63,0.0,0.0
鲁中参考点,gfs_seamless,2026-02-09,6,2026-02-15,8.4,-2.1,-3.3,-4.9,,57.0,7.1,52.2,63.0,14.51,0.0,0.0
鲁中参考点,gfs_seamless,2026-02-08,7,2026-02-15,8.1,-1.6,-2.2,,,33.4,4.4,45.7,56.3,14.97,0.0,0.0
鲁中参考点,ecmwf_ifs025,2026-02-15,1,2026-02-16,3.6,-4.5,-5.2,,,,,,68.2,,,
鲁中参考点,ecmwf_ifs025,2026-02-14,2,2026-02-16,4.8,-4.4,-4.7,,,,,,57.0,,,
鲁中参考点,ecmwf_ifs025,2026-02-13,3,2026-02-16,5.1,-4.7,-4.8,,,,,,31.0,,,
鲁中参考点,ecmwf_ifs025,2026-02-12,4,2026-02-16,5.0,-3.5,-4.7,,,,,,48.1,,,
鲁中参考点,ecmwf_ifs025,2026-02-11,5,2026-02-16,5.2,-3.7,-4.4,,,,,,32.8,,,
鲁中参考点,ecmwf_ifs025,2026-02-10,6,2026-02-16,4.8,-4.1,-5.1,,,,,,28.0,,,
鲁中参考点,ecmwf_ifs025,2026-02-09,7,2026-02-16,5.6,-4.4,-4.9,,,,,,31.5,,,
鲁中参考点,gfs_seamless,2026-02-15,1,2026-02-16,3.9,-3.4,-4.5,-6.0,,30.5,6.1,23.0,77.6,15.15,0.0,0.0
鲁中参考点,gfs_seamless,2026-02-14,2,2026-02-16,3.3,-3.8,-4.8,-6.6,,30.0,6.5,15.8,71.8,13.65,0.0,0.0
鲁中参考点,gfs_seamless,2026-02-13,3,2026-02-16,4.7,-3.5,-3.9,-6.5,,34.3,7.1,18.7,71.8,15.4,0.0,0.0
鲁中参考点,gfs_seamless,2026-02-12,4,2026-02-16,5.6,-2.3,-3.0,-5.2,,43.3,7.3,29.5,100.0,13.95,0.0,0.0
鲁中参考点,gfs_seamless,2026-02-11,5,2026-02-16,5.4,-1.8,-2.9,-4.9,,33.5,8.0,16.6,69.9,12.43,0.0,0.0
鲁中参考点,gfs_seamless,2026-02-10,6,2026-02-16,6.1,-2.4,-2.7,-4.5,,30.4,5.3,30.6,98.1,12.09,0.0,0.0
鲁中参考点,gfs_seamless,2026-02-09,7,2026-02-16,6.1,-2.5,-3.3,-4.9,,45.9,6.1,11.5,75.2,10.76,0.0,0.0
鲁中参考点,ecmwf_ifs025,2026-02-16,1,2026-02-17,7.7,-3.8,-3.2,,,,,,27.5,,,
鲁中参考点,ecmwf_ifs025,2026-02-15,2,2026-02-17,7.6,-3.3,-3.3,,,,,,43.5,,,
鲁中参考点,ecmwf_ifs025,2026-02-14,3,2026-02-17,7.7,-3.2,-3.0,,,,,,65.0,,,
鲁中参考点,ecmwf_ifs025,2026-02-13,4,2026-02-17,7.6,-3.4,-3.0,,,,,,47.1,,,
鲁中参考点,ecmwf_ifs025,2026-02-12,5,2026-02-17,7.5,-3.4,-2.5,,,,,,67.3,,,
鲁中参考点,ecmwf_ifs025,2026-02-11,6,2026-02-17,10.1,-2.6,-2.9,,,,,,58.2,,,
鲁中参考点,ecmwf_ifs025,2026-02-10,7,2026-02-17,8.8,-1.5,-2.6,,,,,,84.0,,,
鲁中参考点,gfs_seamless,2026-02-16,1,2026-02-17,7.2,-1.4,-2.3,-4.7,,56.3,9.0,21.2,45.5,15.61,0.0,0.0
鲁中参考点,gfs_seamless,2026-02-15,2,2026-02-17,7.2,-1.3,-2.2,-4.7,,38.5,9.3,24.1,55.9,15.2,0.0,0.0
鲁中参考点,gfs_seamless,2026-02-14,3,2026-02-17,7.2,-1.5,-2.5,-5.1,,45.2,9.8,21.6,47.5,11.87,0.0,0.0
鲁中参考点,gfs_seamless,2026-02-13,4,2026-02-17,6.4,-0.8,-2.1,-4.7,,57.5,11.9,19.8,84.3,12.35,0.0,0.0
鲁中参考点,gfs_seamless,2026-02-12,5,2026-02-17,6.4,0.1,-1.6,-3.1,,66.3,9.7,19.1,70.7,8.57,0.0,0.0
鲁中参考点,gfs_seamless,2026-02-11,6,2026-02-17,8.7,0.7,-0.3,-1.8,,54.8,7.6,19.8,54.2,13.71,0.0,0.0
鲁中参考点,gfs_seamless,2026-02-10,7,2026-02-17,7.3,-1.6,-1.6,-5.1,,56.8,9.5,42.5,55.0,13.2,0.0,0.0
鲁中参考点,ecmwf_ifs025,2026-02-17,1,2026-02-18,9.7,-2.1,-1.5,,,,,,0.0,,,
鲁中参考点,ecmwf_ifs025,2026-02-16,2,2026-02-18,10.6,-2.4,-1.2,,,,,,0.0,,,
鲁中参考点,ecmwf_ifs025,2026-02-15,3,2026-02-18,6.7,-2.0,-2.6,,,,,,0.0,,,
鲁中参考点,ecmwf_ifs025,2026-02-14,4,2026-02-18,11.2,-2.6,-0.2,,,,,,0.0,,,
鲁中参考点,ecmwf_ifs025,2026-02-13,5,2026-02-18,12.3,-2.0,-0.1,,,,,,3.4,,,
鲁中参考点,ecmwf_ifs025,2026-02-12,6,2026-02-18,10.6,-3.0,-1.3,,,,,,19.4,,,
鲁中参考点,ecmwf_ifs025,2026-02-11,7,2026-02-18,11.6,-0.1,-0.2,,,,,,2.0,,,
鲁中参考点,gfs_seamless,2026-02-17,1,2026-02-18,10.0,1.0,0.5,-3.3,,70.0,15.5,16.9,0.0,16.79,0.0,0.0
鲁中参考点,gfs_seamless,2026-02-16,2,2026-02-18,9.4,1.1,0.4,-2.5,,57.3,12.2,18.7,4.4,16.69,0.0,0.0
鲁中参考点,gfs_seamless,2026-02-15,3,2026-02-18,9.7,0.9,0.0,-2.7,,75.2,11.8,19.4,12.3,16.68,0.0,0.0
鲁中参考点,gfs_seamless,2026-02-14,4,2026-02-18,9.4,0.0,0.0,-5.0,,63.2,18.4,11.2,4.6,16.8,0.0,0.0
鲁中参考点,gfs_seamless,2026-02-13,5,2026-02-18,11.5,0.6,1.2,-3.0,,65.9,11.5,20.9,17.6,16.68,0.0,0.0
鲁中参考点,gfs_seamless,2026-02-12,6,2026-02-18,11.0,0.5,2.1,-4.2,,62.0,17.6,16.9,13.2,16.55,0.0,0.0
鲁中参考点,gfs_seamless,2026-02-11,7,2026-02-18,11.9,1.6,2.3,-2.5,,58.1,15.5,36.7,32.3,16.55,0.0,0.0
鲁中参考点,ecmwf_ifs025,2026-02-18,1,2026-02-19,13.4,2.0,1.7,,,,,,1.2,,,
鲁中参考点,ecmwf_ifs025,2026-02-17,2,2026-02-19,13.0,1.5,1.1,,,,,,0.0,,,
鲁中参考点,ecmwf_ifs025,2026-02-16,3,2026-02-19,13.0,0.7,0.8,,,,,,0.0,,,
鲁中参考点,ecmwf_ifs025,2026-02-15,4,2026-02-19,12.0,1.4,0.4,,,,,,2.8,,,
鲁中参考点,ecmwf_ifs025,2026-02-14,5,2026-02-19,13.6,2.5,1.5,,,,,,0.9,,,
鲁中参考点,ecmwf_ifs025,2026-02-13,6,2026-02-19,13.2,2.2,1.9,,,,,,2.2,,,
鲁中参考点,ecmwf_ifs025,2026-02-12,7,2026-02-19,13.4,1.7,1.4,,,,,,9.6,,,
鲁中参考点,gfs_seamless,2026-02-18,1,2026-02-19,12.5,1.5,1.9,-1.4,,40.4,9.5,43.6,12.7,16.78,0.0,0.0
鲁中参考点,gfs_seamless,2026-02-17,2,2026-02-19,11.7,1.3,1.8,-0.8,,35.6,6.7,43.2,4.2,16.71,0.0,0.0
鲁中参考点,gfs_seamless,2026-02-16,3,2026-02-19,12.3,1.0,1.3,-0.7,,40.8,5.5,48.6,3.2,16.6,0.0,0.0
鲁中参考点,gfs_seamless,2026-02-15,4,2026-02-19,11.6,1.1,1.2,-1.1,,47.0,6.9,49.3,27.2,15.89,0.0,0.0
鲁中参考点,gfs_seamless,2026-02-14,5,2026-02-19,11.9,1.1,1.5,-1.2,,27.9,7.3,57.2,31.1,15.78,0.0,0.0
鲁中参考点,gfs_seamless,2026-02-13,6,2026-02-19,11.3,2.6,2.2,0.2,,68.5,8.5,34.6,41.3,13.32,0.0,0.0
鲁中参考点,gfs_seamless,2026-02-12,7,2026-02-19,12.4,3.2,3.2,1.4,,41.1,6.7,30.2,33.3,15.75,0.0,0.0
鲁中参考点,ecmwf_ifs025,2026-02-19,1,2026-02-20,16.8,3.7,4.5,,,,,,0.0,,,
鲁中参考点,ecmwf_ifs025,2026-02-18,2,2026-02-20,16.6,3.9,4.5,,,,,,0.0,,,
鲁中参考点,ecmwf_ifs025,2026-02-17,3,2026-02-20,16.4,3.4,4.1,,,,,,0.0,,,
鲁中参考点,ecmwf_ifs025,2026-02-16,4,2026-02-20,16.2,3.0,4.0,,,,,,0.0,,,
鲁中参考点,ecmwf_ifs025,2026-02-15,5,2026-02-20,16.0,3.9,4.3,,,,,,0.1,,,
鲁中参考点,ecmwf_ifs025,2026-02-14,6,2026-02-20,15.3,3.5,3.6,,,,,,0.0,,,
鲁中参考点,ecmwf_ifs025,2026-02-13,7,2026-02-20,18.7,5.0,5.3,,,,,,0.0,,,
鲁中参考点,gfs_seamless,2026-02-19,1,2026-02-20,16.5,3.9,5.3,1.8,,44.0,8.0,61.6,0.0,16.84,0.0,0.0
鲁中参考点,gfs_seamless,2026-02-18,2,2026-02-20,16.4,3.7,5.1,1.4,,46.1,8.6,59.4,0.0,16.97,0.0,0.0
鲁中参考点,gfs_seamless,2026-02-17,3,2026-02-20,16.6,3.7,4.9,1.7,,41.3,7.5,59.0,0.0,16.91,0.0,0.0
鲁中参考点,gfs_seamless,2026-02-16,4,2026-02-20,15.7,3.4,5.3,0.8,,52.0,9.7,63.7,0.0,16.8,0.0,0.0
鲁中参考点,gfs_seamless,2026-02-15,5,2026-02-20,14.3,4.8,5.2,3.3,,37.9,6.5,64.4,21.8,16.8,0.0,0.0
鲁中参考点,gfs_seamless,2026-02-14,6,2026-02-20,14.0,2.2,4.4,-0.2,,40.4,8.0,53.6,0.2,16.87,0.0,0.0
鲁中参考点,gfs_seamless,2026-02-13,7,2026-02-20,14.0,4.8,5.2,3.0,,51.1,7.7,31.7,34.3,16.53,0.0,0.0
鲁中参考点,ecmwf_ifs025,2026-02-20,1,2026-02-21,20.8,8.1,9.1,,,,,,20.6,,,
鲁中参考点,ecmwf_ifs025,2026-02-19,2,2026-02-21,21.2,8.1,8.8,,,,,,9.2,,,
鲁中参考点,ecmwf_ifs025,2026-02-18,3,2026-02-21,20.7,8.0,8.9,,,,,,36.0,,,
鲁中参考点,ecmwf_ifs025,2026-02-17,4,2026-02-21,21.1,7.9,9.1,,,,,,17.5,,,
鲁中参考点,ecmwf_ifs025,2026-02-16,5,2026-02-21,21.0,7.5,8.2,,,,,,29.7,,,
鲁中参考点,ecmwf_ifs025,2026-02-15,6,2026-02-21,17.7,8.0,5.8,,,,,,1.2,,,
鲁中参考点,ecmwf_ifs025,2026-02-14,7,2026-02-21,19.9,7.4,8.3,,,,,,0.1,,,
鲁中参考点,gfs_seamless,2026-02-20,1,2026-02-21,19.8,7.1,9.0,4.1,,56.7,16.9,63.7,19.6,16.24,0.0,0.0
鲁中参考点,gfs_seamless,2026-02-19,2,2026-02-21,20.0,6.8,9.2,4.0,,59.3,14.9,60.5,16.6,16.48,0.0,0.0
鲁中参考点,gfs_seamless,2026-02-18,3,2026-02-21,20.9,6.9,8.1,4.2,,58.0,14.4,72.4,16.0,16.11,0.0,0.0
鲁中参考点,gfs_seamless,2026-02-17,4,2026-02-21,19.8,6.7,7.2,3.8,,52.7,15.6,64.8,9.9,16.46,0.0,0.0
鲁中参考点,gfs_seamless,2026-02-16,5,2026-02-21,18.5,6.6,7.8,3.3,,55.8,18.1,65.5,48.5,14.61,0.0,0.0
鲁中参考点,gfs_seamless,2026-02-15,6,2026-02-21,18.5,6.5,7.5,3.8,,48.0,13.7,61.9,49.4,14.99,0.0,0.0
鲁中参考点,gfs_seamless,2026-02-14,7,2026-02-21,16.5,4.7,4.5,1.3,,44.4,15.6,65.2,40.8,15.22,0.0,0.0
鲁中参考点,ecmwf_ifs025,2026-02-21,1,2026-02-22,13.2,1.1,0.9,,,,,,7.0,,,
鲁中参考点,ecmwf_ifs025,2026-02-20,2,2026-02-22,12.9,0.8,-0.0,,,,,,5.4,,,
鲁中参考点,ecmwf_ifs025,2026-02-19,3,2026-02-22,11.9,0.5,-1.3,,,,,,21.3,,,
鲁中参考点,ecmwf_ifs025,2026-02-18,4,2026-02-22,12.3,-1.3,-1.0,,,,,,17.4,,,
鲁中参考点,ecmwf_ifs025,2026-02-17,5,2026-02-22,11.6,3.3,1.2,,,,,,30.7,,,
鲁中参考点,ecmwf_ifs025,2026-02-16,6,2026-02-22,7.4,-0.7,-3.1,,,,,,30.8,,,
鲁中参考点,ecmwf_ifs025,2026-02-15,7,2026-02-22,11.7,-2.1,0.2,,,,,,25.4,,,
鲁中参考点,gfs_seamless,2026-02-21,1,2026-02-22,11.8,1.9,0.4,-1.6,,57.1,12.5,50.4,18.8,17.55,0.0,0.0
鲁中参考点,gfs_seamless,2026-02-20,2,2026-02-22,12.2,1.8,0.5,-1.4,,59.1,10.8,57.2,16.3,17.57,0.0,0.0
鲁中参考点,gfs_seamless,2026-02-19,3,2026-02-22,11.6,0.9,-1.2,-2.4,,51.8,10.5,61.2,16.4,17.67,0.0,0.0
鲁中参考点,gfs_seamless,2026-02-18,4,2026-02-22,9.4,0.4,-1.1,-3.1,,50.9,11.0,50.4,3.5,17.62,0.0,0.0
鲁中参考点,gfs_seamless,2026-02-17,5,2026-02-22,9.0,1.2,-2.0,-1.6,,45.9,8.9,50.8,7.4,17.51,0.0,0.0
鲁中参考点,gfs_seamless,2026-02-16,6,2026-02-22,9.8,-1.9,-2.2,-7.3,,52.4,17.8,58.0,41.8,15.57,0.0,0.0
鲁中参考点,gfs_seamless,2026-02-15,7,2026-02-22,4.6,-6.7,-10.0,-13.4,,51.2,18.2,59.4,33.0,16.12,0.0,0.0
鲁中参考点,ecmwf_ifs025,2026-02-22,1,2026-02-23,5.5,-1.0,-2.1,,,,,,89.8,,,
鲁中参考点,ecmwf_ifs025,2026-02-21,2,2026-02-23,5.5,-1.1,-2.6,,,,,,89.7,,,
鲁中参考点,ecmwf_ifs025,2026-02-20,3,2026-02-23,4.6,1.0,-2.7,,,,,,100.0,,,
鲁中参考点,ecmwf_ifs025,2026-02-19,4,2026-02-23,3.6,-1.3,-3.6,,,,,,99.5,,,
鲁中参考点,ecmwf_ifs025,2026-02-18,5,2026-02-23,6.1,-0.2,-2.4,,,,,,98.8,,,
鲁中参考点,ecmwf_ifs025,2026-02-17,6,2026-02-23,4.6,-1.2,-3.4,,,,,,100.0,,,
鲁中参考点,ecmwf_ifs025,2026-02-16,7,2026-02-23,4.4,-2.4,-4.5,,,,,,75.8,,,
鲁中参考点,gfs_seamless,2026-02-22,1,2026-02-23,3.8,0.4,-2.7,-2.9,,46.8,10.4,20.2,100.0,5.05,7.5,3.0
鲁中参考点,gfs_seamless,2026-02-21,2,2026-02-23,6.6,-1.3,-2.5,-5.0,,49.1,10.6,24.1,86.3,8.96,2.0,0.6
鲁中参考点,gfs_seamless,2026-02-20,3,2026-02-23,9.2,0.2,-1.1,-3.1,,38.2,10.2,30.2,91.4,10.56,3.8,1.3
鲁中参考点,gfs_seamless,2026-02-19,4,2026-02-23,6.6,-0.1,-2.4,-3.4,,34.5,10.0,23.4,79.8,9.36,3.4,1.0
鲁中参考点,gfs_seamless,2026-02-18,5,2026-02-23,11.1,-0.6,-0.4,-4.6,,43.9,12.2,47.9,58.8,12.79,0.2,0.0
鲁中参考点,gfs_seamless,2026-02-17,6,2026-02-23,8.0,-1.9,-2.3,-5.9,,56.3,11.0,28.4,53.2,15.41,1.5,0.6
鲁中参考点,gfs_seamless,2026-02-16,7,2026-02-23,1.2,-5.8,-7.5,-11.0,,42.1,12.7,23.0,91.7,6.29,0.0,0.0
鲁中参考点,ecmwf_ifs025,2026-02-23,1,2026-02-24,11.7,1.9,2.1,,,,,,45.7,,,
鲁中参考点,ecmwf_ifs025,2026-02-22,2,2026-02-24,12.1,1.5,1.5,,,,,,34.2,,,
鲁中参考点,ecmwf_ifs025,2026-02-21,3,2026-02-24,11.3,0.8,1.7,,,,,,30.5,,,
鲁中参考点,ecmwf_ifs025,2026-02-20,4,2026-02-24,11.4,-0.8,1.5,,,,,,24.8,,,
鲁中参考点,ecmwf_ifs025,2026-02-19,5,2026-02-24,4.1,-1.3,-1.5,,,,,,31.4,,,
鲁中参考点,ecmwf_ifs025,2026-02-18,6,2026-02-24,6.4,-2.1,-2.0,,,,,,58.2,,,
鲁中参考点,ecmwf_ifs025,2026-02-17,7,2026-02-24,0.9,-3.5,-6.2,,,,,,72.9,,,
鲁中参考点,gfs_seamless,2026-02-23,1,2026-02-24,9.7,0.5,1.8,-1.9,,67.8,7.1,19.8,51.8,16.02,0.0,0.0
鲁中参考点,gfs_seamless,2026-02-22,2,2026-02-24,8.7,-1.9,0.7,-3.9,,71.2,5.4,15.5,48.8,16.65,0.2,0.1
鲁中参考点,gfs_seamless,2026-02-21,3,2026-02-24,9.1,-1.0,0.6,-3.3,,66.7,6.4,17.3,53.4,13.68,2.1,1.1
鲁中参考点,gfs_seamless,2026-02-20,4,2026-02-24,9.0,0.9,1.4,-1.0,,67.0,5.9,17.3,84.7,13.76,0.5,0.2
鲁中参考点,gfs_seamless,2026-02-19,5,2026-02-24,8.5,0.7,0.1,-2.3,,64.7,9.5,23.4,49.4,13.04,0.0,0.0
鲁中参考点,gfs_seamless,2026-02-18,6,2026-02-24,12.2,-0.3,3.6,-2.8,,51.1,7.0,16.6,32.7,17.23,0.9,0.4
鲁中参考点,gfs_seamless,2026-02-17,7,2026-02-24,7.5,-3.0,-2.9,-6.2,,55.2,7.8,16.2,65.5,12.31,0.4,0.2
鲁中参考点,ecmwf_ifs025,2026-02-24,1,2026-02-25,11.5,0.4,0.8,-3.9,,70.1,15.0,,,15.66,0.0,
鲁中参考点,ecmwf_ifs025,2026-02-23,2,2026-02-25,13.2,1.5,1.8,-2.8,,62.1,16.5,,,16.41,0.0,
鲁中参考点,ecmwf_ifs025,2026-02-22,3,2026-02-25,14.4,0.3,2.4,-4.0,,60.2,14.9,,,16.16,0.0,
鲁中参考点,ecmwf_ifs025,2026-02-21,4,2026-02-25,13.5,-0.3,1.7,-4.6,,63.4,14.0,,,16.44,0.0,
鲁中参考点,ecmwf_ifs025,2026-02-20,5,2026-02-25,12.8,1.1,0.9,-3.7,,56.6,18.8,,,16.56,0.0,
鲁中参考点,ecmwf_ifs025,2026-02-19,6,2026-02-25,7.5,-0.6,-1.7,-5.8,,73.5,18.5,,,13.65,0.0,
鲁中参考点,ecmwf_ifs025,2026-02-18,7,2026-02-25,9.1,0.9,-1.2,-4.1,,72.2,20.1,,,15.1,0.0,
鲁中参考点,ecmwf_ifs025,2026-02-25,1,2026-02-26,7.2,1.0,1.0,-1.2,,81.2,7.0,,,5.14,1.5,
鲁中参考点,ecmwf_ifs025,2026-02-24,2,2026-02-26,7.0,0.2,1.0,-2.2,,84.4,7.1,,,3.25,1.2,
鲁中参考点,ecmwf_ifs025,2026-02-23,3,2026-02-26,7.6,1.6,2.5,-1.2,,78.6,9.3,,,3.37,1.5,
鲁中参考点,ecmwf_ifs025,2026-02-22,4,2026-02-26,9.8,2.3,2.6,0.1,,74.0,7.5,,,5.11,0.0,
鲁中参考点,ecmwf_ifs025,2026-02-21,5,2026-02-26,9.7,1.9,1.8,-0.3,,65.3,7.4,,,5.63,0.0,
鲁中参考点,ecmwf_ifs025,2026-02-20,6,2026-02-26,13.4,4.0,3.7,1.7,,59.3,8.9,,,10.81,0.9,
鲁中参考点,ecmwf_ifs025,2026-02-19,7,2026-02-26,11.8,1.8,3.2,0.3,,74.4,5.4,,,14.33,0.0,
鲁中参考点,ecmwf_ifs025,2026-02-26,1,2026-02-27,9.4,0.1,1.2,-1.9,,71.8,6.0,,,15.7,0.0,
鲁中参考点,ecmwf_ifs025,2026-02-25,2,2026-02-27,9.5,-0.6,0.3,-2.6,,73.9,5.8,,,15.57,0.0,
鲁中参考点,ecmwf_ifs025,2026-02-24,3,2026-02-27,10.3,-0.9,-0.4,-4.0,,67.3,8.5,,,15.09,0.0,
鲁中参考点,ecmwf_ifs025,2026-02-23,4,2026-02-27,8.5,-0.8,-0.8,-4.3,,66.5,10.1,,,15.29,0.0,
鲁中参考点,ecmwf_ifs025,2026-02-22,5,2026-02-27,10.5,0.0,1.0,-2.4,,72.6,7.1,,,14.3,0.0,
鲁中参考点,ecmwf_ifs025,2026-02-21,6,2026-02-27,9.9,-0.8,1.9,-3.3,,75.5,6.9,,,9.19,0.6,
鲁中参考点,ecmwf_ifs025,2026-02-20,7,2026-02-27,8.2,-0.0,1.2,-2.7,,77.3,8.0,,,9.88,0.0,
鲁中参考点,ecmwf_ifs025,2026-02-27,1,2026-02-28,11.2,-2.6,1.8,,,66.0,4.3,,,9.67,3.3,
鲁中参考点,ecmwf_ifs025,2026-02-26,2,2026-02-28,13.3,-1.9,2.5,,,59.6,4.0,,,14.36,0.0,
鲁中参考点,ecmwf_ifs025,2026-02-25,3,2026-02-28,12.6,-2.4,2.6,-4.4,,58.7,5.1,,,12.06,0.0,
鲁中参考点,ecmwf_ifs025,2026-02-24,4,2026-02-28,13.3,-1.0,2.7,-3.1,,53.2,5.8,,,13.65,0.0,
鲁中参考点,ecmwf_ifs025,2026-02-23,5,2026-02-28,13.2,-2.0,2.1,,,54.8,4.5,,,16.42,0.0,
鲁中参考点,ecmwf_ifs025,2026-02-22,6,2026-02-28,16.0,-2.1,3.7,-4.2,,47.5,5.5,,,14.98,0.0,
鲁中参考点,ecmwf_ifs025,2026-02-21,7,2026-02-28,14.4,-0.9,2.8,,,57.9,3.8,,,15.13,0.0,
鲁中参考点,ecmwf_ifs025,2026-02-28,1,2026-03-01,4.2,0.6,-0.2,-1.9,,96.8,7.6,,,2.72,12.6,
鲁中参考点,ecmwf_ifs025,2026-02-27,2,2026-03-01,8.2,1.2,1.1,-1.6,,80.8,9.1,,,6.72,6.0,
鲁中参考点,ecmwf_ifs025,2026-02-26,3,2026-03-01,6.3,1.0,-0.7,-2.2,,91.1,10.2,,,2.38,10.8,
鲁中参考点,ecmwf_ifs025,2026-02-25,4,2026-03-01,6.4,1.1,0.7,-2.1,,84.6,10.3,,,5.24,6.9,
鲁中参考点,ecmwf_ifs025,2026-02-24,5,2026-03-01,5.9,0.7,-0.4,-2.6,,81.7,10.4,,,3.51,1.2,
鲁中参考点,ecmwf_ifs025,2026-02-23,6,2026-03-01,9.6,1.6,2.6,-0.7,,72.9,7.5,,,8.61,3.3,
鲁中参考点,ecmwf_ifs025,2026-02-22,7,2026-03-01,7.2,0.5,0.2,-2.1,,87.4,7.7,,,2.4,4.2,
鲁中参考点,ecmwf_ifs025,2026-03-01,1,2026-03-02,0.4,-0.7,-3.9,-4.2,,99.6,10.0,,,9.55,9.3,
鲁中参考点,ecmwf_ifs025,2026-02-28,2,2026-03-02,3.4,-0.5,-2.3,-3.9,,95.4,10.1,,,7.08,11.7,
鲁中参考点,ecmwf_ifs025,2026-02-27,3,2026-03-02,1.3,-0.5,-3.2,-4.0,,97.5,10.2,,,8.55,5.4,
鲁中参考点,ecmwf_ifs025,2026-02-26,4,2026-03-02,4.2,-1.2,-2.9,-4.6,,92.7,9.4,,,10.02,9.0,
鲁中参考点,ecmwf_ifs025,2026-02-25,5,2026-03-02,5.4,0.0,-1.6,-3.5,,90.4,10.9,,,8.55,0.9,
鲁中参考点,ecmwf_ifs025,2026-02-24,6,2026-03-02,9.5,-1.3,-0.1,-4.4,,79.4,8.5,,,12.19,0.3,
鲁中参考点,ecmwf_ifs025,2026-02-23,7,2026-03-02,11.6,1.9,2.8,0.1,,79.3,6.1,,,12.73,0.0,
鲁中参考点,ecmwf_ifs025,2026-03-02,1,2026-03-03,6.1,-1.5,-1.5,,,89.3,4.7,,,16.19,0.0,
鲁中参考点,ecmwf_ifs025,2026-03-01,2,2026-03-03,4.1,-0.9,-1.7,,,91.4,4.8,,,16.02,0.0,
鲁中参考点,ecmwf_ifs025,2026-02-28,3,2026-03-03,10.2,-0.5,0.5,-2.2,,82.1,5.1,,,13.04,0.0,
鲁中参考点,ecmwf_ifs025,2026-02-27,4,2026-03-03,9.3,-1.7,0.1,,,78.2,4.6,,,16.56,0.0,
鲁中参考点,ecmwf_ifs025,2026-02-26,5,2026-03-03,12.1,-4.5,0.2,,,78.9,3.9,,,16.44,0.0,
鲁中参考点,ecmwf_ifs025,2026-02-25,6,2026-03-03,12.7,-2.5,1.8,-4.7,,73.0,5.5,,,15.21,0.0,
鲁中参考点,ecmwf_ifs025,2026-02-24,7,2026-03-03,13.7,0.7,3.5,-1.5,,70.3,6.8,,,12.63,0.0,
鲁中参考点,ecmwf_ifs025,2026-03-03,1,2026-03-04,9.1,-3.2,-0.3,-6.3,,76.5,7.4,,,13.07,0.0,
鲁中参考点,ecmwf_ifs025,2026-03-02,2,2026-03-04,10.5,-3.0,0.1,-6.0,,72.0,7.4,,,14.49,0.0,
鲁中参考点,ecmwf_ifs025,2026-03-01,3,2026-03-04,8.8,-1.7,-0.4,,,77.2,4.7,,,12.65,0.0,
鲁中参考点,ecmwf_ifs025,2026-02-28,4,2026-03-04,11.3,-0.8,1.2,-2.7,,75.2,5.4,,,15.38,0.0,
鲁中参考点,ecmwf_ifs025,2026-02-27,5,2026-03-04,8.2,-0.9,-0.5,-3.4,,72.6,7.0,,,15.95,0.0,
鲁中参考点,ecmwf_ifs025,2026-02-26,6,2026-03-04,11.7,-0.7,1.7,,,77.4,4.4,,,14.43,0.0,
鲁中参考点,ecmwf_ifs025,2026-02-25,7,2026-03-04,7.2,0.3,0.7,-2.5,,73.6,8.5,,,8.58,0.0,
鲁中参考点,ecmwf_ifs025,2026-03-04,1,2026-03-05,7.7,0.8,0.6,-2.8,,79.4,11.7,,,5.69,0.9,
鲁中参考点,ecmwf_ifs025,2026-03-03,2,2026-03-05,7.4,1.0,0.4,-2.4,,81.9,11.3,,,4.92,0.3,
鲁中参考点,ecmwf_ifs025,2026-03-02,3,2026-03-05,7.4,0.1,0.1,-2.9,,82.3,9.0,,,5.83,0.0,
鲁中参考点,ecmwf_ifs025,2026-03-01,4,2026-03-05,7.2,-0.4,0.1,-3.3,,82.8,8.3,,,5.08,0.0,
鲁中参考点,ecmwf_ifs025,2026-02-28,5,2026-03-05,8.7,-0.3,0.6,-3.8,,83.5,10.4,,,4.86,2.4,
鲁中参考点,ecmwf_ifs025,2026-02-27,6,2026-03-05,3.6,-1.6,-1.7,,,78.0,3.4,,,6.4,1.2,
鲁中参考点,ecmwf_ifs025,2026-02-26,7,2026-03-05,1.6,-0.1,-3.2,-3.0,,81.3,8.5,,,3.56,1.2,
鲁中参考点,ecmwf_ifs025,2026-03-05,1,2026-03-06,4.2,-3.4,-4.4,-7.6,,67.6,10.8,,,17.64,0.0,
鲁中参考点,ecmwf_ifs025,2026-03-04,2,2026-03-06,3.8,-2.4,-4.5,-6.8,,65.3,12.3,,,16.62,0.0,
鲁中参考点,ecmwf_ifs025,2026-03-03,3,2026-03-06,3.8,-2.7,-4.4,-7.2,,66.5,12.6,,,15.15,0.6,
鲁中参考点,ecmwf_ifs025,2026-03-02,4,2026-03-06,4.1,-3.4,-4.2,-8.2,,70.8,13.3,,,15.03,1.2,
鲁中参考点,ecmwf_ifs025,2026-03-01,5,2026-03-06,4.5,-4.3,-3.8,-8.3,,75.3,9.4,,,15.69,0.0,
鲁中参考点,ecmwf_ifs025,2026-02-28,6,2026-03-06,5.4,-2.9,-3.1,-6.4,,68.2,8.9,,,16.46,0.0,
鲁中参考点,ecmwf_ifs025,2026-02-27,7,2026-03-06,3.0,-2.5,-4.3,-6.2,,69.4,9.8,,,9.06,0.6,
鲁中参考点,ecmwf_ifs025,2026-03-06,1,2026-03-07,7.3,-4.5,-2.9,-7.2,,42.8,5.9,,,18.71,0.0,
鲁中参考点,ecmwf_ifs025,2026-03-05,2,2026-03-07,8.0,-4.3,-2.7,-7.1,,39.1,6.2,,,18.68,0.0,
鲁中参考点,ecmwf_ifs025,2026-03-04,3,2026-03-07,7.6,-4.6,-2.8,-7.2,,40.0,5.7,,,18.51,0.0,
鲁中参考点,ecmwf_ifs025,2026-03-03,4,2026-03-07,8.4,-3.5,-2.4,-6.4,,41.1,6.8,,,18.34,0.0,
鲁中参考点,ecmwf_ifs025,2026-03-02,5,2026-03-07,7.0,-4.2,-2.4,,,43.3,4.2,,,18.41,0.0,
鲁中参考点,ecmwf_ifs025,2026-03-01,6,2026-03-07,8.1,-4.5,-2.9,,,49.5,3.8,,,15.44,0.0,
鲁中参考点,ecmwf_ifs025,2026-02-28,7,2026-03-07,7.9,-3.4,-2.4,-7.7,,44.8,11.0,,,10.03,0.0,
鲁中参考点,ecmwf_ifs025,2026-03-07,1,2026-03-08,10.4,-1.0,0.1,-4.7,,51.0,10.9,,,14.35,0.0,
鲁中参考点,ecmwf_ifs025,2026-03-06,2,2026-03-08,10.2,-1.0,-0.0,-4.7,,46.5,10.8,,,16.53,0.0,
鲁中参考点,ecmwf_ifs025,2026-03-05,3,2026-03-08,10.1,-0.7,-0.5,-4.7,,43.6,12.4,,,14.6,0.0,
鲁中参考点,ecmwf_ifs025,2026-03-04,4,2026-03-08,8.8,0.9,-0.2,-2.6,,48.1,11.7,,,11.19,0.0,
鲁中参考点,ecmwf_ifs025,2026-03-03,5,2026-03-08,11.6,-0.5,1.0,-3.9,,43.7,9.9,,,17.02,0.0,
鲁中参考点,ecmwf_ifs025,2026-03-02,6,2026-03-08,9.7,-0.8,-0.9,-4.6,,41.9,11.2,,,14.8,0.0,
鲁中参考点,ecmwf_ifs025,2026-03-01,7,2026-03-08,11.6,2.0,0.8,-2.0,,48.2,15.2,,,15.46,0.0,
鲁中参考点,ecmwf_ifs025,2026-03-08,1,2026-03-09,7.9,-1.7,-0.9,-4.5,,53.5,7.3,,,18.96,0.0,
鲁中参考点,ecmwf_ifs025,2026-03-07,2,2026-03-09,7.6,-1.9,-1.1,-4.6,,54.1,7.1,,,18.96,0.0,
鲁中参考点,ecmwf_ifs025,2026-03-06,3,2026-03-09,8.1,-2.7,-0.7,-5.6,,52.8,7.1,,,18.83,0.0,
鲁中参考点,ecmwf_ifs025,2026-03-05,4,2026-03-09,9.4,-2.9,-0.4,-6.4,,56.2,8.7,,,18.51,0.0,
鲁中参考点,ecmwf_ifs025,2026-03-04,5,2026-03-09,8.7,-2.5,-0.7,-5.2,,58.3,6.7,,,18.78,0.0,
鲁中参考点,ecmwf_ifs025,2026-03-03,6,2026-03-09,10.9,1.4,0.8,-0.4,,50.0,5.9,,,17.03,0.0,
鲁中参考点,ecmwf_ifs025,2026-03-02,7,2026-03-09,10.5,2.0,1.6,-0.6,,60.1,8.9,,,14.48,0.0,
鲁中参考点,ecmwf_ifs025,2026-03-09,1,2026-03-10,13.2,-0.5,1.6,-5.9,,53.1,20.4,,,18.15,0.6,
鲁中参考点,ecmwf_ifs025,2026-03-08,2,2026-03-10,13.1,-1.4,0.7,-7.2,,48.9,21.2,,,18.24,0.9,
鲁中参考点,ecmwf_ifs025,2026-03-07,3,2026-03-10,12.0,-2.2,-0.1,-7.9,,41.6,19.4,,,17.77,0.0,
鲁中参考点,ecmwf_ifs025,2026-03-06,4,2026-03-10,11.9,-3.0,-0.3,-8.9,,42.8,19.1,,,18.27,0.6,
鲁中参考点,ecmwf_ifs025,2026-03-05,5,2026-03-10,12.4,-3.1,-0.1,-8.9,,46.1,18.6,,,16.67,0.3,
鲁中参考点,ecmwf_ifs025,2026-03-04,6,2026-03-10,12.7,2.0,1.2,-2.4,,46.0,17.8,,,14.97,0.9,
鲁中参考点,ecmwf_ifs025,2026-03-03,7,2026-03-10,13.4,2.2,2.7,-2.2,,59.3,17.9,,,13.55,0.0,
鲁中参考点,ecmwf_ifs025,2026-03-10,1,2026-03-11,12.8,1.5,4.5,-1.4,,76.8,9.5,,29.3,16.32,2.4,
鲁中参考点,ecmwf_ifs025,2026-03-09,2,2026-03-11,12.3,0.9,3.2,-2.5,,72.1,11.0,,27.5,17.51,0.0,
鲁中参考点,ecmwf_ifs025,2026-03-08,3,2026-03-11,12.3,1.0,3.4,-2.4,,70.6,11.3,,43.1,14.82,2.1,
鲁中参考点,ecmwf_ifs025,2026-03-07,4,2026-03-11,12.9,0.1,3.1,-3.4,,70.7,10.9,,62.5,12.09,4.5,
鲁中参考点,ecmwf_ifs025,2026-03-06,5,2026-03-11,12.5,1.5,3.7,-1.6,,63.3,10.5,,51.5,12.66,1.2,
鲁中参考点,ecmwf_ifs025,2026-03-05,6,2026-03-11,14.1,3.8,4.6,1.3,,64.3,9.8,,9.0,15.82,0.3,
鲁中参考点,ecmwf_ifs025,2026-03-04,7,2026-03-11,14.0,6.2,6.0,4.4,,58.0,8.4,,59.3,14.05,0.9,
鲁中参考点,gfs_seamless,2026-03-10,1,2026-03-11,13.3,4.5,5.6,,,,,35.6,31.7,,,
鲁中参考点,gfs_seamless,2026-03-09,2,2026-03-11,12.6,4.8,4.9,,,,,35.6,51.7,,,
鲁中参考点,gfs_seamless,2026-03-08,3,2026-03-11,12.9,4.0,4.4,,,,,27.0,60.8,,,
鲁中参考点,gfs_seamless,2026-03-07,4,2026-03-11,11.1,4.3,4.4,,,,,33.5,56.7,,,
鲁中参考点,gfs_seamless,2026-03-06,5,2026-03-11,13.5,3.2,4.5,,,,,32.8,58.6,,,
鲁中参考点,gfs_seamless,2026-03-05,6,2026-03-11,13.7,4.9,5.3,,,,,39.6,64.7,,,
鲁中参考点,gfs_seamless,2026-03-04,7,2026-03-11,10.3,4.2,3.2,,,,,49.0,93.8,,,
鲁中参考点,jma_seamless,2026-03-10,1,2026-03-11,13.9,4.5,5.9,2.3,,62.4,9.0,,,,0.0,0.0
鲁中参考点,jma_seamless,2026-03-09,2,2026-03-11,14.1,4.1,5.0,1.7,,58.0,9.5,,,,0.0,0.0
鲁中参考点,jma_seamless,2026-03-08,3,2026-03-11,14.7,4.2,4.5,2.1,,47.2,8.5,,,,0.0,0.0
鲁中参考点,jma_seamless,2026-03-07,4,2026-03-11,14.0,3.7,4.7,1.4,,52.4,8.9,,,,0.0,0.0
鲁中参考点,jma_seamless,2026-03-06,5,2026-03-11,14.2,6.3,6.6,4.8,,63.4,7.5,,,,0.0,0.0
鲁中参考点,jma_seamless,2026-03-05,6,2026-03-11,15.6,3.2,5.3,0.7,,61.9,9.4,,,,1.8,0.0
鲁中参考点,jma_seamless,2026-03-04,7,2026-03-11,8.8,4.1,3.4,1.3,,62.1,11.3,,,,6.9,0.0
鲁中参考点,ecmwf_ifs025,2026-03-11,1,2026-03-12,11.7,-0.0,1.3,-2.3,,64.9,6.7,,39.6,18.33,0.0,
鲁中参考点,ecmwf_ifs025,2026-03-10,2,2026-03-12,10.2,-0.5,0.3,-3.5,,61.0,8.5,,40.8,18.25,0.0,
鲁中参考点,ecmwf_ifs025,2026-03-09,3,2026-03-12,10.7,-1.1,0.3,-3.2,,63.9,5.8,,45.0,18.75,0.0,
鲁中参考点,ecmwf_ifs025,2026-03-08,4,2026-03-12,10.9,-2.3,0.4,-4.6,,63.5,5.9,,10.1,19.09,0.0,
鲁中参考点,ecmwf_ifs025,2026-03-07,5,2026-03-12,11.4,-0.8,0.4,-3.2,,64.2,6.7,,42.2,18.72,0.0,
鲁中参考点,ecmwf_ifs025,2026-03-06,6,2026-03-12,15.1,1.5,4.4,,,66.2,3.3,,10.4,17.01,0.0,
鲁中参考点,ecmwf_ifs025,2026-03-05,7,2026-03-12,15.5,4.9,5.9,2.6,,61.8,9.8,,39.2,15.61,0.0,
鲁中参考点,gfs_seamless,2026-03-11,1,2026-03-12,10.3,1.9,1.8,,,,,23.0,0.2,,,
鲁中参考点,gfs_seamless,2026-03-10,2,2026-03-12,10.8,1.7,2.2,,,,,23.4,21.9,,,
鲁中参考点,gfs_seamless,2026-03-09,3,2026-03-12,10.0,1.7,1.7,,,,,27.0,0.2,,,
鲁中参考点,gfs_seamless,2026-03-08,4,2026-03-12,10.8,1.7,2.9,,,,,15.1,2.0,,,
鲁中参考点,gfs_seamless,2026-03-07,5,2026-03-12,12.1,1.9,2.8,,,,,15.1,2.2,,,
鲁中参考点,gfs_seamless,2026-03-06,6,2026-03-12,13.7,1.4,3.0,,,,,20.9,3.6,,,
鲁中参考点,gfs_seamless,2026-03-05,7,2026-03-12,15.9,3.3,6.4,,,,,23.0,10.0,,,
鲁中参考点,jma_seamless,2026-03-11,1,2026-03-12,10.8,2.2,1.8,-0.3,,54.0,8.4,,,,0.0,0.0
鲁中参考点,jma_seamless,2026-03-10,2,2026-03-12,11.1,2.1,1.8,-0.2,,52.1,7.6,,,,0.0,0.0
鲁中参考点,jma_seamless,2026-03-09,3,2026-03-12,12.2,2.3,2.5,0.1,,52.9,7.5,,,,0.0,0.0
鲁中参考点,jma_seamless,2026-03-08,4,2026-03-12,13.4,1.3,3.1,-0.3,,55.4,5.5,,,,0.0,0.0
鲁中参考点,jma_seamless,2026-03-07,5,2026-03-12,12.6,1.6,3.5,0.1,,59.8,5.3,,,,0.0,0.0
鲁中参考点,jma_seamless,2026-03-06,6,2026-03-12,12.5,1.7,3.8,-0.5,,59.9,7.1,,,,0.0,0.0
鲁中参考点,jma_seamless,2026-03-05,7,2026-03-12,17.2,2.6,5.2,0.3,,57.2,8.1,,,,0.0,0.0
鲁中参考点,ecmwf_ifs025,2026-03-12,1,2026-03-13,14.9,0.0,4.0,-3.7,,44.1,11.6,,41.5,17.67,0.0,
鲁中参考点,ecmwf_ifs025,2026-03-11,2,2026-03-13,14.6,-1.4,2.9,-5.6,,39.7,12.3,,37.5,18.77,0.0,
鲁中参考点,ecmwf_ifs025,2026-03-10,3,2026-03-13,13.6,-1.7,1.8,-5.8,,37.4,11.9,,92.2,17.01,0.0,
鲁中参考点,ecmwf_ifs025,2026-03-09,4,2026-03-13,13.8,0.6,2.9,-3.1,,41.4,11.9,,76.0,18.0,0.0,
鲁中参考点,ecmwf_ifs025,2026-03-08,5,2026-03-13,14.2,0.6,3.1,-3.4,,42.2,13.8,,74.7,16.82,0.0,
鲁中参考点,ecmwf_ifs025,2026-03-07,6,2026-03-13,14.2,3.7,3.3,0.2,,54.2,14.9,,27.5,17.31,0.0,
鲁中参考点,ecmwf_ifs025,2026-03-06,7,2026-03-13,15.4,4.8,4.5,1.4,,50.0,15.7,,64.7,17.08,0.0,
鲁中参考点,gfs_seamless,2026-03-12,1,2026-03-13,14.0,3.3,4.4,,,,,23.8,76.6,,,
鲁中参考点,gfs_seamless,2026-03-11,2,2026-03-13,13.9,2.8,4.0,,,,,30.6,56.6,,,
鲁中参考点,gfs_seamless,2026-03-10,3,2026-03-13,14.4,2.6,3.9,,,,,37.1,38.0,,,
鲁中参考点,gfs_seamless,2026-03-09,4,2026-03-13,13.5,3.2,4.0,,,,,44.3,78.1,,,
鲁中参考点,gfs_seamless,2026-03-08,5,2026-03-13,13.2,2.8,3.3,,,,,45.4,85.5,,,
鲁中参考点,gfs_seamless,2026-03-07,6,2026-03-13,14.1,3.5,4.2,,,,,42.5,48.7,,,
鲁中参考点,gfs_seamless,2026-03-06,7,2026-03-13,16.3,3.5,4.3,,,,,44.6,32.3,,,
鲁中参考点,jma_seamless,2026-03-12,1,2026-03-13,14.9,1.0,3.8,-2.0,,39.8,9.5,,,,0.0,0.0
鲁中参考点,jma_seamless,2026-03-11,2,2026-03-13,14.6,0.5,3.6,-2.6,,36.7,9.4,,,,0.0,0.0
鲁中参考点,jma_seamless,2026-03-10,3,2026-03-13,14.9,2.9,3.8,0.1,,31.0,10.4,,,,0.0,0.0
鲁中参考点,jma_seamless,2026-03-09,4,2026-03-13,15.2,4.6,5.0,2.1,,42.9,10.6,,,,0.0,0.0
鲁中参考点,jma_seamless,2026-03-08,5,2026-03-13,15.1,4.1,5.2,1.3,,49.4,11.5,,,,0.0,0.0
鲁中参考点,jma_seamless,2026-03-07,6,2026-03-13,15.1,4.6,4.9,1.8,,43.5,12.0,,,,0.0,0.0
鲁中参考点,jma_seamless,2026-03-06,7,2026-03-13,14.3,3.8,4.6,1.4,,37.0,9.4,,,,0.6,0.0
鲁中参考点,ecmwf_ifs025,2026-03-13,1,2026-03-14,8.6,1.0,2.5,-1.7,,73.4,8.6,,100.0,2.57,3.9,
鲁中参考点,ecmwf_ifs025,2026-03-12,2,2026-03-14,9.3,1.5,2.6,-1.4,,65.5,9.6,,100.0,4.19,2.1,
鲁中参考点,ecmwf_ifs025,2026-03-11,3,2026-03-14,13.3,1.3,3.4,-1.8,,60.5,10.1,,100.0,9.64,2.7,
鲁中参考点,ecmwf_ifs025,2026-03-10,4,2026-03-14,7.2,0.9,1.6,-2.2,,79.3,9.7,,100.0,3.33,3.3,
鲁中参考点,ecmwf_ifs025,2026-03-09,5,2026-03-14,7.8,-1.8,-0.3,-5.6,,82.5,10.6,,98.6,2.65,6.0,
鲁中参考点,ecmwf_ifs025,2026-03-08,6,2026-03-14,6.9,-0.7,1.3,-4.3,,82.4,10.6,,93.7,3.37,4.5,
鲁中参考点,ecmwf_ifs025,2026-03-07,7,2026-03-14,11.5,0.8,3.5,-2.4,,67.0,10.1,,99.0,10.96,5.4,
鲁中参考点,gfs_seamless,2026-03-13,1,2026-03-14,9.7,2.8,3.3,,,,,17.3,99.5,,,
鲁中参考点,gfs_seamless,2026-03-12,2,2026-03-14,10.2,2.4,3.3,,,,,25.6,99.7,,,
鲁中参考点,gfs_seamless,2026-03-11,3,2026-03-14,8.5,1.0,2.1,,,,,25.2,100.0,,,
鲁中参考点,gfs_seamless,2026-03-10,4,2026-03-14,9.3,1.6,2.8,,,,,40.0,100.0,,,
鲁中参考点,gfs_seamless,2026-03-09,5,2026-03-14,8.2,2.5,2.9,,,,,20.2,100.0,,,
鲁中参考点,gfs_seamless,2026-03-08,6,2026-03-14,7.8,1.4,0.9,,,,,32.4,100.0,,,
鲁中参考点,gfs_seamless,2026-03-07,7,2026-03-14,9.1,0.4,1.9,,,,,30.6,100.0,,,
鲁中参考点,jma_seamless,2026-03-13,1,2026-03-14,10.2,1.9,3.7,-0.6,,53.9,8.2,,,,2.1,0.0
鲁中参考点,jma_seamless,2026-03-12,2,2026-03-14,10.5,1.5,3.7,-1.2,,57.6,8.7,,,,3.6,0.0
鲁中参考点,jma_seamless,2026-03-11,3,2026-03-14,9.6,2.2,3.5,-0.1,,57.7,7.9,,,,1.2,0.0
鲁中参考点,jma_seamless,2026-03-10,4,2026-03-14,8.5,1.2,1.9,-0.9,,68.4,6.7,,,,6.6,0.0
鲁中参考点,jma_seamless,2026-03-09,5,2026-03-14,9.3,1.1,2.0,-1.9,,69.0,9.7,,,,3.6,0.0
鲁中参考点,jma_seamless,2026-03-08,6,2026-03-14,8.9,0.2,3.1,-1.6,,62.2,5.6,,,,4.8,0.0
鲁中参考点,jma_seamless,2026-03-07,7,2026-03-14,8.5,0.1,2.5,-2.0,,66.0,6.2,,,,4.8,0.0
鲁中参考点,ecmwf_ifs025,2026-03-14,1,2026-03-15,10.2,-0.2,0.4,-2.8,,48.0,7.4,,78.1,19.26,0.9,
鲁中参考点,ecmwf_ifs025,2026-03-13,2,2026-03-15,11.1,0.2,0.5,-2.4,,49.8,7.8,,80.0,18.43,2.1,
鲁中参考点,ecmwf_ifs025,2026-03-12,3,2026-03-15,8.1,-0.7,-1.3,-3.4,,53.5,7.5,,77.0,12.6,2.4,
鲁中参考点,ecmwf_ifs025,2026-03-11,4,2026-03-15,8.3,-1.0,-0.9,-3.8,,59.6,7.7,,72.0,15.4,1.2,
鲁中参考点,ecmwf_ifs025,2026-03-10,5,2026-03-15,8.2,-1.6,-1.2,-4.1,,55.6,6.5,,86.4,16.64,0.0,
鲁中参考点,ecmwf_ifs025,2026-03-09,6,2026-03-15,7.5,-1.5,-2.4,-4.1,,48.8,6.9,,82.3,16.37,0.0,
鲁中参考点,ecmwf_ifs025,2026-03-08,7,2026-03-15,8.2,-1.2,-1.1,-3.7,,65.7,6.7,,71.5,16.49,0.3,
鲁中参考点,gfs_seamless,2026-03-14,1,2026-03-15,10.2,1.6,1.6,,,,,17.3,95.4,,,
鲁中参考点,gfs_seamless,2026-03-13,2,2026-03-15,10.4,0.6,1.4,,,,,24.1,96.6,,,
鲁中参考点,gfs_seamless,2026-03-12,3,2026-03-15,8.5,0.9,-0.4,,,,,23.8,70.2,,,
鲁中参考点,gfs_seamless,2026-03-11,4,2026-03-15,8.7,-0.1,-0.6,,,,,32.0,52.5,,,
鲁中参考点,gfs_seamless,2026-03-10,5,2026-03-15,8.0,1.6,-0.2,,,,,34.6,97.5,,,
鲁中参考点,gfs_seamless,2026-03-09,6,2026-03-15,7.7,1.5,0.1,,,,,17.3,91.1,,,
鲁中参考点,gfs_seamless,2026-03-08,7,2026-03-15,9.0,0.4,1.2,,,,,10.8,85.3,,,
鲁中参考点,jma_seamless,2026-03-14,1,2026-03-15,10.0,0.9,0.4,-1.1,,34.7,6.4,,,,0.3,0.0
鲁中参考点,jma_seamless,2026-03-13,2,2026-03-15,11.0,0.8,0.9,-1.3,,33.6,6.6,,,,1.2,0.0
鲁中参考点,jma_seamless,2026-03-12,3,2026-03-15,9.1,1.0,0.2,-1.4,,41.5,7.5,,,,0.6,0.0
鲁中参考点,jma_seamless,2026-03-11,4,2026-03-15,8.8,0.4,0.2,-1.8,,54.0,6.7,,,,1.8,0.0
鲁中参考点,jma_seamless,2026-03-10,5,2026-03-15,8.6,-0.4,-1.0,-2.8,,25.8,6.9,,,,0.0,0.0
鲁中参考点,jma_seamless,2026-03-09,6,2026-03-15,8.5,-0.2,-1.1,-2.7,,27.6,7.3,,,,0.0,0.0
鲁中参考点,jma_seamless,2026-03-08,7,2026-03-15,5.7,-0.6,-2.3,-3.4,,30.4,7.9,,,,0.0,0.0
鲁中参考点,ecmwf_ifs025,2026-03-15,1,2026-03-16,13.9,-0.7,2.7,-3.2,,33.8,6.9,,72.5,18.9,0.0,
鲁中参考点,ecmwf_ifs025,2026-03-14,2,2026-03-16,13.8,0.5,2.6,-2.3,,28.8,8.4,,64.5,18.83,0.0,
鲁中参考点,ecmwf_ifs025,2026-03-13,3,2026-03-16,11.6,0.1,1.6,-2.9,,32.3,9.1,,44.7,15.45,0.0,
鲁中参考点,ecmwf_ifs025,2026-03-12,4,2026-03-16,11.9,-2.6,1.2,-4.7,,35.3,5.4,,71.6,16.8,0.0,
鲁中参考点,ecmwf_ifs025,2026-03-11,5,2026-03-16,13.1,-0.3,2.7,-2.3,,49.1,5.9,,6.6,19.46,0.0,
鲁中参考点,ecmwf_ifs025,2026-03-10,6,2026-03-16,12.3,-1.2,0.9,-3.6,,28.7,6.6,,24.9,16.3,0.0,
鲁中参考点,ecmwf_ifs025,2026-03-09,7,2026-03-16,12.4,-2.1,0.7,-4.9,,38.8,7.1,,59.2,16.77,0.0,
鲁中参考点,gfs_seamless,2026-03-15,1,2026-03-16,12.2,3.1,4.0,,,,,15.1,73.7,,,
鲁中参考点,gfs_seamless,2026-03-14,2,2026-03-16,11.9,3.9,3.6,,,,,11.5,75.0,,,
鲁中参考点,gfs_seamless,2026-03-13,3,2026-03-16,11.5,3.2,3.0,,,,,24.5,59.7,,,
鲁中参考点,gfs_seamless,2026-03-12,4,2026-03-16,10.7,1.4,2.6,,,,,14.4,81.2,,,
鲁中参考点,gfs_seamless,2026-03-11,5,2026-03-16,11.4,1.2,2.1,,,,,21.2,79.0,,,
鲁中参考点,gfs_seamless,2026-03-10,6,2026-03-16,11.7,4.2,3.9,,,,,13.3,55.2,,,
鲁中参考点,gfs_seamless,2026-03-09,7,2026-03-16,12.3,2.1,3.8,,,,,33.8,55.8,,,
鲁中参考点,jma_seamless,2026-03-15,1,2026-03-16,13.3,1.1,3.4,-0.4,,38.3,5.2,,,,0.0,0.0
鲁中参考点,jma_seamless,2026-03-14,2,2026-03-16,13.5,2.3,3.6,0.7,,32.5,5.8,,,,0.0,0.0
鲁中参考点,jma_seamless,2026-03-13,3,2026-03-16,13.9,1.1,2.7,-0.8,,25.5,6.2,,,,0.0,0.0
鲁中参考点,jma_seamless,2026-03-12,4,2026-03-16,13.6,1.4,3.7,,,40.1,4.6,,,,0.0,0.0
鲁中参考点,jma_seamless,2026-03-11,5,2026-03-16,12.5,1.4,4.1,,,46.8,3.4,,,,0.0,0.0
鲁中参考点,jma_seamless,2026-03-10,6,2026-03-16,12.5,0.1,1.8,,,30.8,4.6,,,,0.0,0.0
鲁中参考点,jma_seamless,2026-03-09,7,2026-03-16,11.6,0.4,1.2,-1.4,,25.9,5.5,,,,0.0,0.0
鲁中参考点,ecmwf_ifs025,2026-03-16,1,2026-03-17,15.2,2.1,5.0,-1.0,,54.1,10.8,,59.4,17.89,1.2,
鲁中参考点,ecmwf_ifs025,2026-03-15,2,2026-03-17,15.7,2.6,4.7,-0.5,,45.6,11.1,,87.0,17.19,0.6,
鲁中参考点,ecmwf_ifs025,2026-03-14,3,2026-03-17,12.8,2.1,2.9,-1.0,,52.5,10.9,,60.5,11.66,1.2,
鲁中参考点,ecmwf_ifs025,2026-03-13,4,2026-03-17,12.3,1.9,3.3,-0.9,,61.3,9.3,,68.3,11.48,1.8,
鲁中参考点,ecmwf_ifs025,2026-03-12,5,2026-03-17,12.9,1.5,2.1,-1.6,,56.7,10.5,,59.5,11.66,2.4,
鲁中参考点,ecmwf_ifs025,2026-03-11,6,2026-03-17,15.3,1.4,5.4,-0.2,,54.3,5.5,,70.8,13.61,0.0,
鲁中参考点,ecmwf_ifs025,2026-03-10,7,2026-03-17,15.3,3.5,4.6,0.9,,47.8,9.7,,92.9,17.48,0.0,
鲁中参考点,gfs_seamless,2026-03-16,1,2026-03-17,13.7,4.3,6.2,,,,,24.5,63.0,,,
鲁中参考点,gfs_seamless,2026-03-15,2,2026-03-17,13.4,4.3,5.2,,,,,22.3,94.2,,,
鲁中参考点,gfs_seamless,2026-03-14,3,2026-03-17,14.0,3.4,4.8,,,,,32.4,76.0,,,
鲁中参考点,gfs_seamless,2026-03-13,4,2026-03-17,12.9,4.1,4.6,,,,,42.1,45.1,,,
鲁中参考点,gfs_seamless,2026-03-12,5,2026-03-17,13.0,4.0,4.6,,,,,19.1,82.5,,,
鲁中参考点,gfs_seamless,2026-03-11,6,2026-03-17,14.4,4.4,6.0,,,,,17.6,74.6,,,
鲁中参考点,gfs_seamless,2026-03-10,7,2026-03-17,9.8,5.1,3.3,,,,,33.8,99.9,,,
鲁中参考点,jma_seamless,2026-03-16,1,2026-03-17,15.4,4.6,6.0,2.8,,45.2,7.4,,,,0.0,0.0
鲁中参考点,jma_seamless,2026-03-15,2,2026-03-17,15.3,4.7,6.0,2.7,,49.8,8.3,,,,0.0,0.0
鲁中参考点,jma_seamless,2026-03-14,3,2026-03-17,14.2,5.2,5.7,3.4,,56.6,7.7,,,,2.1,0.0
鲁中参考点,jma_seamless,2026-03-13,4,2026-03-17,15.0,5.0,5.4,3.3,,51.0,7.4,,,,4.8,0.0
鲁中参考点,jma_seamless,2026-03-12,5,2026-03-17,8.9,5.5,3.9,3.9,,55.2,7.3,,,,5.1,0.0
鲁中参考点,jma_seamless,2026-03-11,6,2026-03-17,11.0,2.4,3.1,0.5,,63.2,6.6,,,,8.7,0.0
鲁中参考点,jma_seamless,2026-03-10,7,2026-03-17,16.0,4.6,5.1,2.5,,28.1,8.7,,,,0.0,0.0
鲁中参考点,ecmwf_ifs025,2026-03-17,1,2026-03-18,7.2,-0.6,0.1,-4.6,,67.8,12.5,,99.1,11.88,2.1,
鲁中参考点,ecmwf_ifs025,2026-03-16,2,2026-03-18,7.0,-0.3,0.5,-4.5,,66.6,13.5,,77.6,13.99,1.8,
鲁中参考点,ecmwf_ifs025,2026-03-15,3,2026-03-18,5.4,-2.0,-0.8,-6.3,,71.0,12.2,,94.0,8.42,1.8,
鲁中参考点,ecmwf_ifs025,2026-03-14,4,2026-03-18,6.3,-1.4,-0.2,-5.8,,61.6,13.4,,100.0,16.78,0.6,
鲁中参考点,ecmwf_ifs025,2026-03-13,5,2026-03-18,8.0,-1.8,0.7,-5.8,,66.6,11.1,,95.0,14.4,0.6,
鲁中参考点,ecmwf_ifs025,2026-03-12,6,2026-03-18,7.2,-0.6,0.3,-4.1,,44.3,10.2,,99.5,12.74,0.0,
鲁中参考点,ecmwf_ifs025,2026-03-11,7,2026-03-18,13.5,5.4,5.1,3.5,,53.6,8.6,,80.7,13.27,0.0,
鲁中参考点,gfs_seamless,2026-03-17,1,2026-03-18,8.6,0.8,0.6,,,,,43.2,96.3,,,
鲁中参考点,gfs_seamless,2026-03-16,2,2026-03-18,8.3,1.4,1.3,,,,,35.3,88.2,,,
鲁中参考点,gfs_seamless,2026-03-15,3,2026-03-18,7.7,0.4,-0.0,,,,,34.2,86.8,,,
鲁中参考点,gfs_seamless,2026-03-14,4,2026-03-18,6.9,-0.1,-1.1,,,,,47.2,97.0,,,
鲁中参考点,gfs_seamless,2026-03-13,5,2026-03-18,7.4,-1.7,1.0,,,,,31.0,97.8,,,
鲁中参考点,gfs_seamless,2026-03-12,6,2026-03-18,8.8,-0.1,-0.5,,,,,55.8,96.6,,,
鲁中参考点,gfs_seamless,2026-03-11,7,2026-03-18,14.3,3.7,4.6,,,,,50.4,99.5,,,
鲁中参考点,jma_seamless,2026-03-17,1,2026-03-18,9.0,1.5,2.2,-1.8,,67.8,11.0,,,,1.2,0.0
鲁中参考点,jma_seamless,2026-03-16,2,2026-03-18,9.3,2.0,2.3,-1.2,,60.0,11.0,,,,0.6,0.0
鲁中参考点,jma_seamless,2026-03-15,3,2026-03-18,8.8,1.0,1.4,-2.6,,55.7,12.1,,,,1.5,0.0
鲁中参考点,jma_seamless,2026-03-14,4,2026-03-18,8.1,2.9,1.9,0.4,,57.9,9.0,,,,1.8,0.0
鲁中参考点,jma_seamless,2026-03-13,5,2026-03-18,8.1,0.9,-0.2,-2.9,,28.9,12.9,,,,0.3,0.0
鲁中参考点,jma_seamless,2026-03-12,6,2026-03-18,9.4,3.1,2.0,0.8,,58.1,8.3,,,,0.9,0.0
鲁中参考点,jma_seamless,2026-03-11,7,2026-03-18,9.1,3.9,1.2,0.7,,45.4,13.3,,,,10.2,0.0
鲁中参考点,ecmwf_ifs025,2026-03-18,1,2026-03-19,12.5,-2.6,0.8,-6.6,,43.9,10.7,,,18.87,0.0,
鲁中参考点,ecmwf_ifs025,2026-03-17,2,2026-03-19,12.6,-1.7,1.1,-5.3,,43.8,10.0,,,19.25,0.0,
鲁中参考点,ecmwf_ifs025,2026-03-16,3,2026-03-19,12.5,-2.8,0.6,-6.5,,42.5,9.3,,,17.7,0.0,
鲁中参考点,ecmwf_ifs025,2026-03-15,4,2026-03-19,12.1,-4.5,-0.3,-7.9,,31.9,7.8,,,19.1,0.0,
鲁中参考点,ecmwf_ifs025,2026-03-14,5,2026-03-19,10.8,-4.8,-1.3,-8.1,,35.8,7.3,,,13.79,0.0,
鲁中参考点,ecmwf_ifs025,2026-03-13,6,2026-03-19,10.8,-0.9,0.4,-4.3,,43.2,9.6,,,9.48,0.0,
鲁中参考点,ecmwf_ifs025,2026-03-12,7,2026-03-19,13.0,4.1,3.6,2.8,,34.1,5.8,,,17.01,0.6,
鲁中参考点,gfs_seamless,2026-03-18,1,2026-03-19,11.7,0.2,1.9,,,,,25.6,80.6,,,
鲁中参考点,gfs_seamless,2026-03-17,2,2026-03-19,11.6,1.1,2.4,,,,,19.8,95.7,,,
鲁中参考点,gfs_seamless,2026-03-16,3,2026-03-19,12.1,0.3,3.3,,,,,10.8,83.0,,,
鲁中参考点,gfs_seamless,2026-03-15,4,2026-03-19,11.0,0.4,2.6,,,,,17.6,89.2,,,
鲁中参考点,gfs_seamless,2026-03-14,5,2026-03-19,10.6,-1.7,0.8,,,,,16.9,94.2,,,
鲁中参考点,gfs_seamless,2026-03-13,6,2026-03-19,12.1,1.8,2.9,,,,,15.1,83.2,,,
鲁中参考点,gfs_seamless,2026-03-12,7,2026-03-19,8.2,1.8,1.9,,,,,14.8,90.8,,,
鲁中参考点,jma_seamless,2026-03-18,1,2026-03-19,13.0,-0.2,1.7,-2.8,,38.0,7.5,,,,0.0,0.0
鲁中参考点,jma_seamless,2026-03-17,2,2026-03-19,12.8,0.4,1.9,-1.4,,29.5,5.6,,,,0.0,0.0
鲁中参考点,jma_seamless,2026-03-16,3,2026-03-19,12.9,0.4,2.1,,,24.1,4.6,,,,0.0,0.0
鲁中参考点,jma_seamless,2026-03-15,4,2026-03-19,12.5,1.6,2.1,-0.2,,23.9,6.0,,,,0.0,0.0
鲁中参考点,jma_seamless,2026-03-14,5,2026-03-19,12.6,-0.1,1.6,-2.0,,23.6,5.6,,,,0.0,0.0
鲁中参考点,jma_seamless,2026-03-13,6,2026-03-19,11.7,2.2,1.7,-0.0,,20.5,7.6,,,,0.0,0.0
鲁中参考点,jma_seamless,2026-03-12,7,2026-03-19,11.9,2.9,3.2,1.4,,48.7,5.7,,,,0.0,0.0
鲁中参考点,ecmwf_ifs025,2026-03-19,1,2026-03-20,16.6,2.0,5.7,-0.4,,50.8,8.2,,,19.34,0.0,
鲁中参考点,ecmwf_ifs025,2026-03-18,2,2026-03-20,16.6,4.1,6.4,2.2,,48.2,7.5,,,19.35,0.0,
鲁中参考点,ecmwf_ifs025,2026-03-17,3,2026-03-20,16.5,1.6,5.8,-0.4,,50.3,6.6,,,19.74,0.0,
鲁中参考点,ecmwf_ifs025,2026-03-16,4,2026-03-20,16.8,2.0,5.9,-0.3,,45.3,7.6,,,20.13,0.0,
鲁中参考点,ecmwf_ifs025,2026-03-15,5,2026-03-20,16.1,1.3,5.5,-2.1,,58.0,11.3,,,19.6,0.0,
鲁中参考点,ecmwf_ifs025,2026-03-14,6,2026-03-20,16.8,1.4,5.0,-2.1,,55.0,12.0,,,17.38,0.0,
鲁中参考点,ecmwf_ifs025,2026-03-13,7,2026-03-20,10.1,0.7,1.3,-2.5,,50.8,10.1,,,18.93,0.0,
鲁中参考点,gfs_seamless,2026-03-19,1,2026-03-20,15.5,4.7,6.9,,,,,22.0,31.4,,,
鲁中参考点,gfs_seamless,2026-03-18,2,2026-03-20,15.2,4.9,6.7,,,,,25.6,34.1,,,
鲁中参考点,gfs_seamless,2026-03-17,3,2026-03-20,15.2,5.6,6.6,,,,,24.8,31.8,,,
鲁中参考点,gfs_seamless,2026-03-16,4,2026-03-20,15.0,5.3,6.7,,,,,28.1,27.0,,,
鲁中参考点,gfs_seamless,2026-03-15,5,2026-03-20,14.9,3.8,6.5,,,,,25.6,26.7,,,
鲁中参考点,gfs_seamless,2026-03-14,6,2026-03-20,13.1,4.7,4.7,,,,,16.9,45.4,,,
鲁中参考点,gfs_seamless,2026-03-13,7,2026-03-20,14.3,1.5,3.9,,,,,18.7,91.1,,,
鲁中参考点,jma_seamless,2026-03-19,1,2026-03-20,15.8,5.1,6.1,4.2,,36.4,5.0,,,,0.0,0.0
鲁中参考点,jma_seamless,2026-03-18,2,2026-03-20,15.6,4.8,6.0,,,35.2,4.0,,,,0.0,0.0
鲁中参考点,jma_seamless,2026-03-17,3,2026-03-20,15.4,4.9,5.6,,,34.0,3.7,,,,0.0,0.0
鲁中参考点,jma_seamless,2026-03-16,4,2026-03-20,16.3,6.2,7.9,,,46.8,3.7,,,,0.0,0.0
鲁中参考点,jma_seamless,2026-03-15,5,2026-03-20,16.1,4.2,6.0,,,31.0,4.2,,,,0.0,0.0
鲁中参考点,jma_seamless,2026-03-14,6,2026-03-20,16.1,4.1,5.5,2.9,,26.5,5.4,,,,0.0,0.0
鲁中参考点,jma_seamless,2026-03-13,7,2026-03-20,17.0,4.8,5.4,2.6,,31.5,9.2,,,,0.0,0.0
鲁中参考点,ecmwf_ifs025,2026-03-20,1,2026-03-21,17.6,5.8,7.2,2.2,,55.0,18.9,,59.6,19.8,0.0,
鲁中参考点,ecmwf_ifs025,2026-03-19,2,2026-03-21,17.8,5.3,7.5,1.7,,55.3,18.2,,60.9,19.79,0.0,
鲁中参考点,ecmwf_ifs025,2026-03-18,3,2026-03-21,17.9,5.3,7.2,1.8,,51.9,17.2,,39.1,20.03,0.0,
鲁中参考点,ecmwf_ifs025,2026-03-17,4,2026-03-21,17.4,4.8,6.3,1.4,,46.5,16.0,,33.3,20.01,0.0,
鲁中参考点,ecmwf_ifs025,2026-03-16,5,2026-03-21,17.7,5.2,7.0,1.8,,51.2,16.4,,70.6,19.45,0.0,
鲁中参考点,ecmwf_ifs025,2026-03-15,6,2026-03-21,20.5,7.5,9.3,4.5,,62.9,17.3,,86.6,18.33,0.0,
鲁中参考点,ecmwf_ifs025,2026-03-14,7,2026-03-21,18.8,8.0,9.6,5.7,,70.3,12.9,,28.5,17.52,0.0,
鲁中参考点,gfs_seamless,2026-03-20,1,2026-03-21,16.7,6.0,7.5,,,,,41.8,28.0,,,
鲁中参考点,gfs_seamless,2026-03-19,2,2026-03-21,16.6,5.4,7.6,,,,,38.2,22.4,,,
鲁中参考点,gfs_seamless,2026-03-18,3,2026-03-21,16.4,5.2,7.2,,,,,40.3,15.3,,,
鲁中参考点,gfs_seamless,2026-03-17,4,2026-03-21,16.4,5.5,6.8,,,,,48.2,9.7,,,
鲁中参考点,gfs_seamless,2026-03-16,5,2026-03-21,16.0,7.6,6.9,,,,,41.8,12.5,,,
鲁中参考点,gfs_seamless,2026-03-15,6,2026-03-21,16.9,4.5,7.1,,,,,40.7,63.6,,,
鲁中参考点,gfs_seamless,2026-03-14,7,2026-03-21,15.8,5.4,6.3,,,,,52.9,12.5,,,
鲁中参考点,jma_seamless,2026-03-20,1,2026-03-21,17.9,7.6,8.3,5.2,,50.4,13.0,,,,0.0,0.0
鲁中参考点,jma_seamless,2026-03-19,2,2026-03-21,18.3,7.9,8.5,5.6,,43.9,13.0,,,,0.0,0.0
鲁中参考点,jma_seamless,2026-03-18,3,2026-03-21,17.7,7.9,8.5,5.9,,48.6,11.4,,,,0.0,0.0
鲁中参考点,jma_seamless,2026-03-17,4,2026-03-21,17.6,6.9,7.6,4.8,,37.7,10.6,,,,0.0,0.0
鲁中参考点,jma_seamless,2026-03-16,5,2026-03-21,18.8,7.5,8.2,5.3,,40.5,12.0,,,,0.0,0.0
鲁中参考点,jma_seamless,2026-03-15,6,2026-03-21,18.3,7.8,8.6,5.9,,34.0,10.6,,,,0.0,0.0
鲁中参考点,jma_seamless,2026-03-14,7,2026-03-21,19.0,7.8,7.9,5.2,,30.7,14.7,,,,0.0,0.0
鲁中参考点,ecmwf_ifs025,2026-03-21,1,2026-03-22,17.9,8.6,8.9,6.0,,53.1,16.3,,62.1,18.02,1.2,
鲁中参考点,ecmwf_ifs025,2026-03-20,2,2026-03-22,18.0,9.0,9.6,6.8,,52.0,14.3,,65.3,19.21,3.6,
鲁中参考点,ecmwf_ifs025,2026-03-19,3,2026-03-22,18.7,9.1,9.4,6.9,,44.2,14.1,,48.6,18.64,0.0,
鲁中参考点,ecmwf_ifs025,2026-03-18,4,2026-03-22,18.1,8.2,8.6,6.1,,46.3,12.2,,95.2,17.9,0.0,
鲁中参考点,ecmwf_ifs025,2026-03-17,5,2026-03-22,17.5,8.0,7.9,5.7,,48.1,13.3,,97.9,14.52,0.0,
鲁中参考点,ecmwf_ifs025,2026-03-16,6,2026-03-22,18.2,9.5,9.9,7.9,,48.1,10.7,,33.4,18.11,0.0,
鲁中参考点,ecmwf_ifs025,2026-03-15,7,2026-03-22,17.6,7.5,8.5,6.0,,48.5,8.1,,28.4,19.44,0.0,
鲁中参考点,gfs_seamless,2026-03-21,1,2026-03-22,17.8,8.0,9.2,,,,,42.8,93.0,,,
鲁中参考点,gfs_seamless,2026-03-20,2,2026-03-22,17.6,8.3,9.8,,,,,40.3,69.0,,,
鲁中参考点,gfs_seamless,2026-03-19,3,2026-03-22,19.0,8.2,10.4,,,,,43.6,75.5,,,
鲁中参考点,gfs_seamless,2026-03-18,4,2026-03-22,18.9,8.1,10.2,,,,,46.1,86.9,,,
鲁中参考点,gfs_seamless,2026-03-17,5,2026-03-22,18.6,8.4,10.2,,,,,43.6,100.0,,,
鲁中参考点,gfs_seamless,2026-03-16,6,2026-03-22,17.3,9.7,9.3,,,,,52.6,56.0,,,
鲁中参考点,gfs_seamless,2026-03-15,7,2026-03-22,16.6,7.3,7.4,,,,,53.6,70.8,,,
鲁中参考点,jma_seamless,2026-03-21,1,2026-03-22,19.2,10.5,10.4,,,48.3,13.4,,,,0.0,0.0
鲁中参考点,jma_seamless,2026-03-20,2,2026-03-22,18.9,10.9,10.5,,,48.5,13.8,,,,0.0,0.0
鲁中参考点,jma_seamless,2026-03-19,3,2026-03-22,19.5,11.0,10.4,,,38.8,11.7,,,,0.0,0.0
鲁中参考点,jma_seamless,2026-03-18,4,2026-03-22,19.1,9.2,8.8,7.4,,30.2,11.4,,,,0.0,0.0
鲁中参考点,jma_seamless,2026-03-17,5,2026-03-22,18.1,8.6,9.2,7.2,,41.9,9.0,,,,0.0,0.0
鲁中参考点,jma_seamless,2026-03-16,6,2026-03-22,19.9,9.7,10.6,8.9,,44.2,7.1,,,,0.0,0.0
鲁中参考点,jma_seamless,2026-03-15,7,2026-03-22,20.0,10.9,12.2,,,46.9,7.3,,,,0.0,0.0
鲁中参考点,ecmwf_ifs025,2026-03-22,1,2026-03-23,17.9,7.0,8.7,5.6,,47.2,7.5,,72.0,20.12,0.0,
鲁中参考点,ecmwf_ifs025,2026-03-21,2,2026-03-23,17.3,6.1,7.9,4.7,,43.7,7.0,,82.8,19.36,0.0,
鲁中参考点,ecmwf_ifs025,2026-03-20,3,2026-03-23,18.5,8.2,9.2,7.3,,34.5,6.3,,69.0,20.02,0.0,
鲁中参考点,ecmwf_ifs025,2026-03-19,4,2026-03-23,18.8,7.5,8.7,6.4,,34.9,6.7,,64.8,20.11,0.0,
鲁中参考点,ecmwf_ifs025,2026-03-18,5,2026-03-23,17.3,7.1,7.0,5.4,,34.4,8.9,,90.2,15.37,0.0,
鲁中参考点,ecmwf_ifs025,2026-03-17,6,2026-03-23,18.1,5.0,7.5,3.9,,37.1,5.5,,80.5,17.83,0.0,
鲁中参考点,ecmwf_ifs025,2026-03-16,7,2026-03-23,16.7,5.0,7.2,3.2,,33.2,7.9,,74.3,17.65,0.0,
鲁中参考点,gfs_seamless,2026-03-22,1,2026-03-23,16.9,8.0,9.1,,,,,19.1,83.7,,,
鲁中参考点,gfs_seamless,2026-03-21,2,2026-03-23,15.9,6.7,7.8,,,,,24.5,70.6,,,
鲁中参考点,gfs_seamless,2026-03-20,3,2026-03-23,16.3,7.8,7.9,,,,,26.3,74.3,,,
鲁中参考点,gfs_seamless,2026-03-19,4,2026-03-23,18.0,8.7,9.1,,,,,23.0,94.1,,,
鲁中参考点,gfs_seamless,2026-03-18,5,2026-03-23,17.4,9.6,9.5,,,,,34.2,92.3,,,
鲁中参考点,gfs_seamless,2026-03-17,6,2026-03-23,14.8,9.1,8.7,,,,,22.3,88.8,,,
鲁中参考点,gfs_seamless,2026-03-16,7,2026-03-23,14.1,4.6,5.6,,,,,38.2,98.1,,,
鲁中参考点,jma_seamless,2026-03-22,1,2026-03-23,15.7,7.7,8.2,6.1,,54.7,8.8,,,,0.0,0.0
鲁中参考点,jma_seamless,2026-03-21,2,2026-03-23,16.4,7.2,8.0,5.5,,52.3,9.0,,,,0.0,0.0
鲁中参考点,jma_seamless,2026-03-20,3,2026-03-23,16.4,7.4,7.0,5.8,,36.5,8.9,,,,0.0,0.0
鲁中参考点,jma_seamless,2026-03-19,4,2026-03-23,16.9,7.5,7.0,5.9,,23.6,8.8,,,,0.0,0.0
鲁中参考点,jma_seamless,2026-03-18,5,2026-03-23,16.3,8.4,8.0,7.1,,37.3,8.2,,,,0.0,0.0
鲁中参考点,jma_seamless,2026-03-17,6,2026-03-23,14.9,6.7,7.0,5.0,,40.1,8.6,,,,0.0,0.0
鲁中参考点,jma_seamless,2026-03-16,7,2026-03-23,18.2,6.4,8.8,5.2,,33.2,6.5,,,,1.2,0.0
鲁中参考点,ecmwf_ifs025,2026-03-23,1,2026-03-24,19.4,7.5,9.7,5.5,,40.8,10.5,,58.9,18.29,0.0,
鲁中参考点,ecmwf_ifs025,2026-03-22,2,2026-03-24,19.4,6.6,9.3,4.6,,39.2,9.9,,97.3,18.55,0.0,
鲁中参考点,ecmwf_ifs025,2026-03-21,3,2026-03-24,15.8,8.1,7.1,6.2,,30.7,10.7,,100.0,9.49,0.0,
鲁中参考点,ecmwf_ifs025,2026-03-20,4,2026-03-24,18.1,9.2,9.7,7.7,,41.4,10.0,,77.8,17.84,0.0,
鲁中参考点,ecmwf_ifs025,2026-03-19,5,2026-03-24,19.3,6.5,8.9,4.5,,40.9,9.7,,71.1,19.07,0.0,
鲁中参考点,ecmwf_ifs025,2026-03-18,6,2026-03-24,18.4,4.2,7.1,2.7,,31.0,6.2,,35.8,18.53,0.0,
鲁中参考点,ecmwf_ifs025,2026-03-17,7,2026-03-24,20.0,10.3,10.6,,,35.3,8.3,,43.0,19.14,0.3,
鲁中参考点,gfs_seamless,2026-03-23,1,2026-03-24,17.6,8.6,9.7,7.1,,35.7,9.4,26.6,97.2,,,
鲁中参考点,gfs_seamless,2026-03-22,2,2026-03-24,17.3,7.6,9.5,5.9,,42.3,9.2,26.3,98.8,,,
鲁中参考点,gfs_seamless,2026-03-21,3,2026-03-24,15.5,6.8,7.6,5.0,,35.1,9.0,21.6,71.0,,,
鲁中参考点,gfs_seamless,2026-03-20,4,2026-03-24,16.7,7.2,8.0,5.0,,33.2,11.6,37.1,71.0,,,
鲁中参考点,gfs_seamless,2026-03-19,5,2026-03-24,18.0,7.5,8.8,5.2,,39.0,12.5,40.3,67.2,,,
鲁中参考点,gfs_seamless,2026-03-18,6,2026-03-24,17.8,6.1,8.6,3.8,,35.4,10.8,38.2,41.5,,,
鲁中参考点,gfs_seamless,2026-03-17,7,2026-03-24,15.5,7.0,8.4,4.7,,47.9,11.6,29.9,89.1,,,
鲁中参考点,jma_seamless,2026-03-23,1,2026-03-24,19.2,9.0,9.9,8.0,,38.6,7.3,,,,0.0,0.0
鲁中参考点,jma_seamless,2026-03-22,2,2026-03-24,18.4,8.4,9.8,7.6,,44.8,6.2,,,,0.0,0.0
鲁中参考点,jma_seamless,2026-03-21,3,2026-03-24,18.4,8.4,9.8,7.6,,44.0,6.1,,,,0.0,0.0
鲁中参考点,jma_seamless,2026-03-20,4,2026-03-24,18.3,7.7,8.4,6.5,,28.6,7.1,,,,0.0,0.0
鲁中参考点,jma_seamless,2026-03-19,5,2026-03-24,17.6,8.2,8.0,7.1,,17.2,7.2,,,,0.0,0.0
鲁中参考点,jma_seamless,2026-03-18,6,2026-03-24,18.3,8.8,9.0,8.1,,35.2,5.9,,,,0.0,0.0
鲁中参考点,jma_seamless,2026-03-17,7,2026-03-24,17.5,5.4,7.1,,,29.9,4.6,,,,0.6,0.0
鲁中参考点,ecmwf_ifs025,2026-03-24,1,2026-03-25,22.8,8.5,12.0,6.1,,45.6,15.0,,23.2,,,
鲁中参考点,ecmwf_ifs025,2026-03-23,2,2026-03-25,23.0,8.8,12.3,6.6,,47.2,14.0,,27.6,,,
鲁中参考点,ecmwf_ifs025,2026-03-22,3,2026-03-25,22.8,7.3,11.7,4.8,,48.5,13.5,,23.2,,,
鲁中参考点,ecmwf_ifs025,2026-03-21,4,2026-03-25,21.8,6.7,10.7,4.0,,44.5,13.7,,16.7,,,
鲁中参考点,ecmwf_ifs025,2026-03-20,5,2026-03-25,21.7,8.0,11.8,5.7,,50.1,13.5,,10.6,,,
鲁中参考点,ecmwf_ifs025,2026-03-19,6,2026-03-25,21.1,7.4,10.4,4.7,,48.7,14.8,,20.8,,,
鲁中参考点,ecmwf_ifs025,2026-03-18,7,2026-03-25,21.2,9.7,11.6,8.6,,47.6,8.4,,64.8,,,
鲁中参考点,gfs_seamless,2026-03-24,1,2026-03-25,20.8,8.3,12.0,,,,,44.3,42.2,21.65,0.0,0.0
鲁中参考点,gfs_seamless,2026-03-23,2,2026-03-25,20.7,8.6,11.9,,,,,33.1,44.1,22.03,0.0,0.0
鲁中参考点,gfs_seamless,2026-03-22,3,2026-03-25,20.5,7.9,11.7,,,,,37.8,23.8,22.2,0.0,0.0
鲁中参考点,gfs_seamless,2026-03-21,4,2026-03-25,19.7,7.0,10.4,,,,,43.6,42.2,19.78,0.0,0.0
鲁中参考点,gfs_seamless,2026-03-20,5,2026-03-25,20.2,7.6,11.3,,,,,44.3,40.8,20.07,0.0,0.0
鲁中参考点,gfs_seamless,2026-03-19,6,2026-03-25,20.2,7.4,11.4,,,,,43.2,35.8,22.23,0.0,0.0
鲁中参考点,gfs_seamless,2026-03-18,7,2026-03-25,20.5,6.4,10.2,,,,,29.9,45.0,22.18,0.0,0.0
鲁中参考点,jma_seamless,2026-03-24,1,2026-03-25,23.0,10.3,12.6,,,45.3,12.7,,8.8,,,
鲁中参考点,jma_seamless,2026-03-23,2,2026-03-25,22.3,9.7,12.4,7.9,,51.7,12.2,,10.7,,,
鲁中参考点,jma_seamless,2026-03-22,3,2026-03-25,21.7,10.7,12.8,,,51.4,11.4,,25.7,,,
鲁中参考点,jma_seamless,2026-03-21,4,2026-03-25,22.1,10.8,12.9,,,57.0,12.8,,25.0,,,
鲁中参考点,jma_seamless,2026-03-20,5,2026-03-25,22.0,10.2,12.0,,,43.5,12.5,,32.6,,,
鲁中参考点,jma_seamless,2026-03-19,6,2026-03-25,20.8,8.7,11.2,7.2,,44.8,9.6,,62.5,,,
鲁中参考点,jma_seamless,2026-03-18,7,2026-03-25,19.2,9.0,9.7,7.6,,34.6,9.0,,55.5,,,
鲁中参考点,ecmwf_ifs025,2026-03-25,1,2026-03-26,25.0,12.0,15.0,,,44.8,12.6,,95.5,,,
鲁中参考点,ecmwf_ifs025,2026-03-24,2,2026-03-26,25.4,11.8,15.6,,,46.2,10.5,,73.4,,,
鲁中参考点,ecmwf_ifs025,2026-03-23,3,2026-03-26,24.5,11.6,14.6,,,45.0,12.1,,97.6,,,
鲁中参考点,ecmwf_ifs025,2026-03-22,4,2026-03-26,24.5,11.4,14.8,,,45.6,10.3,,88.9,,,
鲁中参考点,ecmwf_ifs025,2026-03-21,5,2026-03-26,21.4,10.9,12.9,,,47.8,14.5,,98.9,,,
鲁中参考点,ecmwf_ifs025,2026-03-20,6,2026-03-26,24.0,12.9,13.8,,,37.8,11.7,,92.8,,,
鲁中参考点,ecmwf_ifs025,2026-03-19,7,2026-03-26,23.3,10.4,12.0,,,50.8,15.0,,43.2,,,
鲁中参考点,gfs_seamless,2026-03-25,1,2026-03-26,22.8,12.3,14.8,,,,,44.3,100.0,18.89,0.0,0.0
鲁中参考点,gfs_seamless,2026-03-24,2,2026-03-26,22.3,11.8,14.6,,,,,34.9,95.7,18.04,0.0,0.0
鲁中参考点,gfs_seamless,2026-03-23,3,2026-03-26,22.0,12.1,14.9,,,,,32.0,100.0,18.55,0.0,0.0
鲁中参考点,gfs_seamless,2026-03-22,4,2026-03-26,22.4,11.8,15.0,,,,,43.6,97.5,18.72,0.1,0.0
鲁中参考点,gfs_seamless,2026-03-21,5,2026-03-26,22.2,11.1,13.9,,,,,20.9,52.8,22.73,0.0,0.0
鲁中参考点,gfs_seamless,2026-03-20,6,2026-03-26,22.1,11.1,13.4,,,,,33.1,87.7,21.23,0.0,0.0
鲁中参考点,gfs_seamless,2026-03-19,7,2026-03-26,23.1,11.5,14.0,,,,,25.6,68.9,22.15,0.0,0.0
鲁中参考点,jma_seamless,2026-03-25,1,2026-03-26,24.2,13.6,15.2,,,44.0,9.8,,58.4,,,
鲁中参考点,jma_seamless,2026-03-24,2,2026-03-26,24.6,13.9,15.6,,,45.3,8.8,,56.0,,,
鲁中参考点,jma_seamless,2026-03-23,3,2026-03-26,23.7,13.2,15.3,,,43.6,6.8,,71.4,,,
鲁中参考点,jma_seamless,2026-03-22,4,2026-03-26,23.3,13.3,14.1,,,38.8,10.1,,76.2,,,
鲁中参考点,jma_seamless,2026-03-21,5,2026-03-26,21.9,13.2,13.3,,,38.8,10.9,,66.1,,,
鲁中参考点,jma_seamless,2026-03-20,6,2026-03-26,22.9,12.8,14.4,,,41.7,6.8,,74.0,,,
鲁中参考点,jma_seamless,2026-03-19,7,2026-03-26,22.4,10.3,12.9,,,44.0,10.8,,47.8,,,
鲁中参考点,ecmwf_ifs025,2026-03-26,1,2026-03-27,20.1,9.7,12.3,8.8,,42.6,7.4,,80.2,,,
鲁中参考点,ecmwf_ifs025,2026-03-25,2,2026-03-27,21.9,9.9,13.1,9.1,,42.8,7.0,,64.0,,,
鲁中参考点,ecmwf_ifs025,2026-03-24,3,2026-03-27,22.2,10.2,13.2,,,50.4,5.6,,60.8,,,
鲁中参考点,ecmwf_ifs025,2026-03-23,4,2026-03-27,19.9,8.8,10.7,7.5,,41.8,8.5,,64.5,,,
鲁中参考点,ecmwf_ifs025,2026-03-22,5,2026-03-27,19.5,8.0,11.5,6.6,,41.2,8.2,,86.4,,,
鲁中参考点,ecmwf_ifs025,2026-03-21,6,2026-03-27,21.0,11.8,12.6,,,36.1,5.2,,74.7,,,
鲁中参考点,ecmwf_ifs025,2026-03-20,7,2026-03-27,13.6,8.5,8.0,7.2,,47.0,8.2,,93.2,,,
鲁中参考点,gfs_seamless,2026-03-26,1,2026-03-27,19.6,12.7,13.1,,,,,18.4,97.4,19.83,0.0,0.0
鲁中参考点,gfs_seamless,2026-03-25,2,2026-03-27,22.1,12.8,15.0,,,,,14.8,71.9,20.36,0.0,0.0
鲁中参考点,gfs_seamless,2026-03-24,3,2026-03-27,19.5,12.6,13.1,,,,,15.5,84.8,21.0,1.2,0.0
鲁中参考点,gfs_seamless,2026-03-23,4,2026-03-27,22.5,13.6,15.3,,,,,37.4,68.6,20.08,0.0,0.0
鲁中参考点,gfs_seamless,2026-03-22,5,2026-03-27,21.4,13.2,14.6,,,,,31.3,59.1,21.97,1.2,0.0
鲁中参考点,gfs_seamless,2026-03-21,6,2026-03-27,17.4,9.5,10.7,,,,,32.0,93.4,17.68,0.2,0.0
鲁中参考点,gfs_seamless,2026-03-20,7,2026-03-27,17.1,7.9,9.3,,,,,24.1,81.4,14.9,0.0,0.0
鲁中参考点,jma_seamless,2026-03-26,1,2026-03-27,21.0,11.7,13.0,,,34.2,6.7,,32.3,,,
鲁中参考点,jma_seamless,2026-03-25,2,2026-03-27,23.3,12.6,14.4,,,36.0,7.0,,35.5,,,
鲁中参考点,jma_seamless,2026-03-24,3,2026-03-27,18.9,9.9,10.3,8.7,,29.5,8.7,,24.2,,,
鲁中参考点,jma_seamless,2026-03-23,4,2026-03-27,22.0,12.0,13.0,,,43.7,6.7,,27.7,,,
鲁中参考点,jma_seamless,2026-03-22,5,2026-03-27,19.4,12.2,12.6,,,44.8,7.2,,48.8,,,
鲁中参考点,jma_seamless,2026-03-21,6,2026-03-27,12.9,9.1,7.6,7.4,,52.1,10.9,,40.6,,,
鲁中参考点,jma_seamless,2026-03-20,7,2026-03-27,18.6,10.3,10.8,,,39.7,6.7,,40.3,,,
鲁中参考点,ecmwf_ifs025,2026-03-27,1,2026-03-28,23.7,9.0,13.2,7.4,,38.1,10.2,,57.1,,,
鲁中参考点,ecmwf_ifs025,2026-03-26,2,2026-03-28,23.3,9.7,12.9,7.9,,32.8,12.3,,62.9,,,
鲁中参考点,ecmwf_ifs025,2026-03-25,3,2026-03-28,23.6,10.7,13.2,,,35.9,11.5,,82.0,,,
鲁中参考点,ecmwf_ifs025,2026-03-24,4,2026-03-28,23.6,9.0,13.7,7.4,,39.0,10.1,,50.2,,,
鲁中参考点,ecmwf_ifs025,2026-03-23,5,2026-03-28,23.2,5.3,11.6,3.0,,32.8,10.1,,34.1,,,
鲁中参考点,ecmwf_ifs025,2026-03-22,6,2026-03-28,19.7,11.2,11.9,,,46.0,11.3,,48.6,,,
鲁中参考点,ecmwf_ifs025,2026-03-21,7,2026-03-28,17.8,6.1,9.9,4.5,,49.3,7.8,,72.4,,,
鲁中参考点,gfs_seamless,2026-03-27,1,2026-03-28,22.1,11.5,12.7,,,,,44.6,79.1,20.15,0.0,0.0
鲁中参考点,gfs_seamless,2026-03-26,2,2026-03-28,21.0,11.7,12.5,,,,,49.0,84.3,17.24,0.0,0.0
鲁中参考点,gfs_seamless,2026-03-25,3,2026-03-28,20.7,11.7,12.4,,,,,45.7,81.0,15.58,0.0,0.0
鲁中参考点,gfs_seamless,2026-03-24,4,2026-03-28,21.0,12.3,13.3,,,,,51.8,91.6,18.64,0.0,0.0
鲁中参考点,gfs_seamless,2026-03-23,5,2026-03-28,22.4,12.3,13.5,,,,,44.6,97.2,16.46,0.0,0.0
鲁中参考点,gfs_seamless,2026-03-22,6,2026-03-28,21.0,10.7,13.4,,,,,39.2,95.5,16.66,0.0,0.0
鲁中参考点,gfs_seamless,2026-03-21,7,2026-03-28,18.4,7.7,10.8,,,,,24.1,84.9,18.62,0.0,0.0
鲁中参考点,jma_seamless,2026-03-27,1,2026-03-28,23.9,10.1,13.3,,,32.7,8.4,,25.0,,,
鲁中参考点,jma_seamless,2026-03-26,2,2026-03-28,23.4,10.4,13.4,,,32.6,8.9,,33.5,,,
鲁中参考点,jma_seamless,2026-03-25,3,2026-03-28,23.6,10.2,13.3,,,28.8,8.1,,29.5,,,
鲁中参考点,jma_seamless,2026-03-24,4,2026-03-28,21.9,10.7,12.6,,,36.4,9.4,,58.0,,,
鲁中参考点,jma_seamless,2026-03-23,5,2026-03-28,19.0,13.2,13.9,,,52.1,10.6,,59.1,,,
鲁中参考点,jma_seamless,2026-03-22,6,2026-03-28,21.4,7.6,13.1,5.8,,53.0,9.7,,40.1,,,
鲁中参考点,jma_seamless,2026-03-21,7,2026-03-28,21.6,9.2,10.3,7.5,,33.0,11.2,,38.8,,,
鲁中参考点,ecmwf_ifs025,2026-03-28,1,2026-03-29,22.8,11.6,13.5,,,43.8,10.0,,77.5,,,
鲁中参考点,ecmwf_ifs025,2026-03-27,2,2026-03-29,22.1,11.6,13.1,,,40.8,10.9,,58.1,,,
鲁中参考点,ecmwf_ifs025,2026-03-26,3,2026-03-29,22.7,11.3,13.3,,,40.2,10.5,,51.9,,,
鲁中参考点,ecmwf_ifs025,2026-03-25,4,2026-03-29,22.1,10.4,14.0,,,44.7,7.3,,45.5,,,
鲁中参考点,ecmwf_ifs025,2026-03-24,5,2026-03-29,23.0,11.7,14.5,,,42.6,9.5,,51.8,,,
鲁中参考点,ecmwf_ifs025,2026-03-23,6,2026-03-29,22.9,11.8,13.1,,,42.8,14.8,,60.4,,,
鲁中参考点,ecmwf_ifs025,2026-03-22,7,2026-03-29,21.3,9.8,12.5,8.8,,46.3,8.0,,72.0,,,
鲁中参考点,gfs_seamless,2026-03-28,1,2026-03-29,20.2,12.1,13.6,,,,,45.0,80.8,19.18,0.0,0.0
鲁中参考点,gfs_seamless,2026-03-27,2,2026-03-29,20.1,11.2,12.9,,,,,53.3,83.5,20.95,0.0,0.0
鲁中参考点,gfs_seamless,2026-03-26,3,2026-03-29,20.4,10.1,12.9,,,,,41.0,55.2,21.94,0.0,0.0
鲁中参考点,gfs_seamless,2026-03-25,4,2026-03-29,19.8,10.5,12.7,,,,,47.9,52.1,17.25,0.2,0.0
鲁中参考点,gfs_seamless,2026-03-24,5,2026-03-29,20.2,11.1,10.4,,,,,45.4,65.8,18.23,0.0,0.0
鲁中参考点,gfs_seamless,2026-03-23,6,2026-03-29,22.0,10.2,11.8,,,,,55.4,51.3,22.8,0.0,0.0
鲁中参考点,gfs_seamless,2026-03-22,7,2026-03-29,19.8,6.9,9.3,,,,,41.0,68.6,14.37,0.2,0.0
鲁中参考点,jma_seamless,2026-03-28,1,2026-03-29,22.3,14.4,14.4,,,36.3,8.7,,50.5,,,
鲁中参考点,jma_seamless,2026-03-27,2,2026-03-29,22.8,14.3,14.3,,,33.2,8.8,,25.6,,,
鲁中参考点,jma_seamless,2026-03-26,3,2026-03-29,22.8,13.9,14.4,,,35.8,7.7,,20.3,,,
鲁中参考点,jma_seamless,2026-03-25,4,2026-03-29,22.9,13.6,14.4,,,40.4,9.3,,18.2,,,
鲁中参考点,jma_seamless,2026-03-24,5,2026-03-29,23.5,12.8,13.7,,,41.6,15.2,,17.4,,,
鲁中参考点,jma_seamless,2026-03-23,6,2026-03-29,22.7,11.8,12.7,,,35.2,14.9,,21.7,,,
鲁中参考点,jma_seamless,2026-03-22,7,2026-03-29,15.3,8.7,7.6,7.2,,26.6,9.4,,2.2,,,
鲁中参考点,ecmwf_ifs025,2026-03-29,1,2026-03-30,13.3,5.7,7.0,3.2,,64.3,11.6,,79.8,,,
鲁中参考点,ecmwf_ifs025,2026-03-28,2,2026-03-30,13.2,6.0,7.1,3.6,,67.3,11.5,,83.8,,,
鲁中参考点,ecmwf_ifs025,2026-03-27,3,2026-03-30,13.9,5.6,6.6,2.7,,49.2,13.5,,91.6,,,
鲁中参考点,ecmwf_ifs025,2026-03-26,4,2026-03-30,14.9,8.3,6.8,5.9,,36.7,14.5,,96.2,,,
鲁中参考点,ecmwf_ifs025,2026-03-25,5,2026-03-30,14.4,5.5,7.0,2.8,,53.4,12.5,,78.0,,,
鲁中参考点,ecmwf_ifs025,2026-03-24,6,2026-03-30,14.4,5.3,7.6,2.7,,47.0,11.8,,80.0,,,
鲁中参考点,ecmwf_ifs025,2026-03-23,7,2026-03-30,18.3,7.0,9.9,5.4,,43.2,8.3,,91.0,,,
鲁中参考点,gfs_seamless,2026-03-29,1,2026-03-30,15.8,7.0,8.6,,,,,31.3,94.8,10.17,0.0,0.0
鲁中参考点,gfs_seamless,2026-03-28,2,2026-03-30,16.3,8.0,8.7,,,,,27.0,81.4,17.66,0.0,0.0
鲁中参考点,gfs_seamless,2026-03-27,3,2026-03-30,15.9,9.2,8.3,,,,,32.8,85.9,15.66,0.0,0.0
鲁中参考点,gfs_seamless,2026-03-26,4,2026-03-30,17.6,10.5,11.8,,,,,19.1,100.0,13.41,0.0,0.0
鲁中参考点,gfs_seamless,2026-03-25,5,2026-03-30,15.4,9.1,9.2,,,,,27.0,81.3,12.39,0.0,0.0
鲁中参考点,gfs_seamless,2026-03-24,6,2026-03-30,16.1,9.4,7.6,,,,,37.8,92.0,18.92,0.0,0.0
鲁中参考点,gfs_seamless,2026-03-23,7,2026-03-30,13.9,6.6,4.8,,,,,42.5,70.5,17.04,0.0,0.0
鲁中参考点,jma_seamless,2026-03-29,1,2026-03-30,15.1,7.0,8.5,4.7,,61.6,11.7,,77.8,,,
鲁中参考点,jma_seamless,2026-03-28,2,2026-03-30,14.9,7.5,7.6,5.0,,70.2,13.6,,91.7,,,
鲁中参考点,jma_seamless,2026-03-27,3,2026-03-30,17.1,7.2,9.2,5.4,,43.1,9.6,,87.2,,,
鲁中参考点,jma_seamless,2026-03-26,4,2026-03-30,16.0,8.3,7.1,6.0,,34.4,13.9,,69.4,,,
鲁中参考点,jma_seamless,2026-03-25,5,2026-03-30,14.5,7.0,6.9,4.7,,46.0,12.1,,51.2,,,
鲁中参考点,jma_seamless,2026-03-24,6,2026-03-30,15.5,7.6,7.1,5.5,,29.3,11.4,,42.2,,,
鲁中参考点,jma_seamless,2026-03-23,7,2026-03-30,14.9,7.7,7.4,5.8,,38.0,10.3,,35.0,,,
鲁中参考点,ecmwf_ifs025,2026-03-30,1,2026-03-31,18.1,3.5,8.3,,,42.3,4.7,,67.1,,,
鲁中参考点,ecmwf_ifs025,2026-03-29,2,2026-03-31,19.4,3.5,7.7,2.3,,44.4,5.1,,46.7,,,
鲁中参考点,ecmwf_ifs025,2026-03-28,3,2026-03-31,20.2,4.3,9.0,,,39.4,4.8,,68.6,,,
鲁中参考点,ecmwf_ifs025,2026-03-27,4,2026-03-31,20.2,3.6,8.7,1.9,,28.0,6.7,,63.7,,,
鲁中参考点,ecmwf_ifs025,2026-03-26,5,2026-03-31,20.5,3.7,8.6,1.5,,34.6,8.3,,35.3,,,
鲁中参考点,ecmwf_ifs025,2026-03-25,6,2026-03-31,17.7,4.3,8.0,2.3,,37.2,7.9,,21.8,,,
鲁中参考点,ecmwf_ifs025,2026-03-24,7,2026-03-31,18.0,5.5,8.5,3.5,,53.2,8.7,,51.3,,,
鲁中参考点,gfs_seamless,2026-03-30,1,2026-03-31,18.8,6.1,9.7,,,,,21.2,74.0,19.43,0.0,0.0
鲁中参考点,gfs_seamless,2026-03-29,2,2026-03-31,18.5,7.7,10.6,,,,,15.1,66.7,20.71,0.2,0.0
鲁中参考点,gfs_seamless,2026-03-28,3,2026-03-31,19.6,8.5,11.7,,,,,11.2,95.6,20.98,0.2,0.0
鲁中参考点,gfs_seamless,2026-03-27,4,2026-03-31,19.5,8.4,11.2,,,,,22.3,88.1,18.82,2.8,0.0
鲁中参考点,gfs_seamless,2026-03-26,5,2026-03-31,20.1,8.7,12.4,,,,,36.4,61.2,19.79,0.0,0.0
鲁中参考点,gfs_seamless,2026-03-25,6,2026-03-31,18.7,8.7,10.6,,,,,42.5,97.3,17.5,0.0,0.0
鲁中参考点,gfs_seamless,2026-03-24,7,2026-03-31,16.5,7.4,7.9,,,,,38.2,96.0,18.31,0.0,0.0
鲁中参考点,jma_seamless,2026-03-30,1,2026-03-31,19.1,6.3,9.4,,,38.9,4.0,,54.1,,,
鲁中参考点,jma_seamless,2026-03-29,2,2026-03-31,19.1,6.3,8.9,,,31.1,4.3,,58.0,,,
鲁中参考点,jma_seamless,2026-03-28,3,2026-03-31,19.1,5.5,9.2,,,33.2,3.1,,39.5,,,
鲁中参考点,jma_seamless,2026-03-27,4,2026-03-31,20.5,7.7,10.4,,,38.3,4.6,,34.2,,,
鲁中参考点,jma_seamless,2026-03-26,5,2026-03-31,19.7,4.8,9.1,3.9,,31.8,5.0,,1.8,,,
鲁中参考点,jma_seamless,2026-03-25,6,2026-03-31,19.0,7.7,8.5,6.3,,17.2,7.9,,15.2,,,
鲁中参考点,jma_seamless,2026-03-24,7,2026-03-31,18.6,8.5,8.9,7.5,,19.5,6.9,,31.1,,,
鲁中参考点,ecmwf_ifs025,2026-03-31,1,2026-04-01,19.4,7.0,10.0,6.0,,50.4,6.2,,24.1,,,
鲁中参考点,ecmwf_ifs025,2026-03-30,2,2026-04-01,19.9,6.5,8.9,5.2,,41.8,6.9,,21.5,,,
鲁中参考点,ecmwf_ifs025,2026-03-29,3,2026-04-01,19.4,6.2,9.0,4.8,,39.3,7.0,,25.4,,,
鲁中参考点,ecmwf_ifs025,2026-03-28,4,2026-04-01,21.2,8.2,11.5,7.3,,41.0,6.2,,38.4,,,
鲁中参考点,ecmwf_ifs025,2026-03-27,5,2026-04-01,21.7,9.5,11.3,8.3,,52.3,8.6,,28.7,,,
鲁中参考点,ecmwf_ifs025,2026-03-26,6,2026-04-01,13.9,5.2,6.0,1.1,,55.5,22.1,,32.9,,,
鲁中参考点,ecmwf_ifs025,2026-03-25,7,2026-04-01,20.1,8.8,10.1,6.3,,50.1,16.0,,53.3,,,
鲁中参考点,gfs_seamless,2026-03-31,1,2026-04-01,19.7,9.7,11.5,,,,,15.1,38.5,21.36,2.8,0.0
鲁中参考点,gfs_seamless,2026-03-30,2,2026-04-01,19.9,10.5,11.9,,,,,19.1,65.6,22.41,1.4,0.0
鲁中参考点,gfs_seamless,2026-03-29,3,2026-04-01,19.5,11.7,12.2,,,,,15.8,74.0,21.03,2.1,0.0
鲁中参考点,gfs_seamless,2026-03-28,4,2026-04-01,19.1,11.1,12.8,,,,,27.4,75.2,19.59,9.4,0.0
鲁中参考点,gfs_seamless,2026-03-27,5,2026-04-01,17.1,7.4,10.2,,,,,34.9,38.3,23.11,0.0,0.0
鲁中参考点,gfs_seamless,2026-03-26,6,2026-04-01,17.7,7.7,7.5,,,,,65.9,44.2,21.0,0.0,0.0
鲁中参考点,gfs_seamless,2026-03-25,7,2026-04-01,19.2,8.0,10.4,,,,,41.0,77.7,15.03,0.8,0.0
鲁中参考点,jma_seamless,2026-03-31,1,2026-04-01,20.3,10.1,11.5,,,45.1,5.4,,10.2,,,
鲁中参考点,jma_seamless,2026-03-30,2,2026-04-01,19.7,9.3,11.3,8.9,,38.7,5.1,,29.5,,,
鲁中参考点,jma_seamless,2026-03-29,3,2026-04-01,20.6,11.3,11.9,,,44.8,6.0,,33.2,,,
鲁中参考点,jma_seamless,2026-03-28,4,2026-04-01,20.9,11.1,13.2,,,42.3,5.2,,29.9,,,
鲁中参考点,jma_seamless,2026-03-27,5,2026-04-01,19.2,5.0,10.1,2.3,,43.0,11.7,,20.5,,,
鲁中参考点,jma_seamless,2026-03-26,6,2026-04-01,22.2,11.9,12.2,,,43.5,15.0,,0.1,,,
鲁中参考点,jma_seamless,2026-03-25,7,2026-04-01,22.2,10.5,11.3,,,38.1,14.0,,12.0,,,
鲁中参考点,ecmwf_ifs025,2026-04-01,1,2026-04-02,21.7,7.4,12.7,5.1,,56.5,12.7,,79.9,,,
鲁中参考点,ecmwf_ifs025,2026-03-31,2,2026-04-02,22.0,6.6,12.4,4.1,,54.1,12.6,,60.8,,,
鲁中参考点,ecmwf_ifs025,2026-03-30,3,2026-04-02,23.2,9.1,13.1,6.7,,47.1,15.8,,58.7,,,
鲁中参考点,ecmwf_ifs025,2026-03-29,4,2026-04-02,24.4,11.8,13.2,,,38.2,19.2,,62.9,,,
鲁中参考点,ecmwf_ifs025,2026-03-28,5,2026-04-02,23.6,10.6,14.1,,,46.6,13.5,,86.1,,,
鲁中参考点,ecmwf_ifs025,2026-03-27,6,2026-04-02,20.8,5.1,11.5,3.2,,45.5,8.3,,22.8,,,
鲁中参考点,ecmwf_ifs025,2026-03-26,7,2026-04-02,16.9,4.3,6.8,1.8,,26.6,10.0,,26.1,,,
鲁中参考点,gfs_seamless,2026-04-01,1,2026-04-02,21.8,9.5,13.3,,,,,47.9,57.9,23.28,6.7,0.0
鲁中参考点,gfs_seamless,2026-03-31,2,2026-04-02,21.7,10.2,13.7,,,,,45.0,62.7,23.05,0.1,0.0
鲁中参考点,gfs_seamless,2026-03-30,3,2026-04-02,22.2,10.7,14.1,,,,,45.0,70.8,21.85,0.0,0.0
鲁中参考点,gfs_seamless,2026-03-29,4,2026-04-02,22.4,11.0,14.3,,,,,47.9,51.2,22.74,0.2,0.0
鲁中参考点,gfs_seamless,2026-03-28,5,2026-04-02,21.9,7.1,12.9,,,,,45.4,66.0,21.38,0.0,0.0
鲁中参考点,gfs_seamless,2026-03-27,6,2026-04-02,22.1,7.3,11.0,,,,,63.7,22.0,23.35,0.0,0.0
鲁中参考点,gfs_seamless,2026-03-26,7,2026-04-02,21.8,5.2,9.8,,,,,51.1,10.5,24.41,0.0,0.0
鲁中参考点,jma_seamless,2026-04-01,1,2026-04-02,23.0,9.7,13.8,8.4,,51.2,9.2,,47.1,,,
鲁中参考点,jma_seamless,2026-03-31,2,2026-04-02,23.0,11.0,14.8,,,59.5,8.7,,59.6,,,
鲁中参考点,jma_seamless,2026-03-30,3,2026-04-02,23.1,11.2,15.3,,,53.1,8.0,,50.3,,,
鲁中参考点,jma_seamless,2026-03-29,4,2026-04-02,24.6,13.0,15.7,,,50.5,10.2,,44.5,,,
鲁中参考点,jma_seamless,2026-03-28,5,2026-04-02,22.9,3.9,12.8,1.8,,49.1,8.2,,39.1,,,
鲁中参考点,jma_seamless,2026-03-27,6,2026-04-02,20.8,8.6,10.3,6.7,,37.0,11.6,,1.3,,,
鲁中参考点,jma_seamless,2026-03-26,7,2026-04-02,24.1,12.4,15.4,,,49.4,9.1,,1.7,,,
鲁中参考点,ecmwf_ifs025,2026-04-02,1,2026-04-03,23.4,13.9,14.0,,,51.9,23.5,,56.8,,,
鲁中参考点,ecmwf_ifs025,2026-04-01,2,2026-04-03,23.6,13.5,13.8,,,55.3,22.2,,80.5,,,
鲁中参考点,ecmwf_ifs025,2026-03-31,3,2026-04-03,19.7,12.0,12.7,,,55.9,20.2,,68.2,,,
鲁中参考点,ecmwf_ifs025,2026-03-30,4,2026-04-03,17.6,10.8,11.1,,,58.3,20.2,,67.3,,,
鲁中参考点,ecmwf_ifs025,2026-03-29,5,2026-04-03,16.2,12.1,12.1,,,66.6,9.6,,90.1,,,
鲁中参考点,ecmwf_ifs025,2026-03-28,6,2026-04-03,19.3,10.3,12.3,,,58.5,12.8,,71.6,,,
鲁中参考点,ecmwf_ifs025,2026-03-27,7,2026-04-03,25.9,3.8,13.1,0.2,,57.2,15.6,,26.6,,,
鲁中参考点,gfs_seamless,2026-04-02,1,2026-04-03,22.9,12.8,13.6,,,,,52.6,64.7,22.16,2.8,0.0
鲁中参考点,gfs_seamless,2026-04-01,2,2026-04-03,22.3,11.9,13.3,,,,,53.6,75.5,22.6,0.1,0.0
鲁中参考点,gfs_seamless,2026-03-31,3,2026-04-03,21.7,13.5,13.5,,,,,52.6,90.6,21.19,3.3,0.0
鲁中参考点,gfs_seamless,2026-03-30,4,2026-04-03,22.0,13.4,13.0,,,,,53.3,76.1,19.67,1.5,0.0
鲁中参考点,gfs_seamless,2026-03-29,5,2026-04-03,22.7,12.2,13.9,,,,,43.9,80.4,18.04,0.4,0.0
鲁中参考点,gfs_seamless,2026-03-28,6,2026-04-03,21.8,2.6,6.7,,,,,59.0,74.8,16.98,2.3,0.0
鲁中参考点,gfs_seamless,2026-03-27,7,2026-04-03,22.2,6.7,9.6,,,,,58.0,64.4,17.61,0.1,0.0
鲁中参考点,jma_seamless,2026-04-02,1,2026-04-03,22.8,14.0,15.0,,,57.0,16.1,,20.5,,,0.0
鲁中参考点,jma_seamless,2026-04-01,2,2026-04-03,20.4,13.5,14.5,,,63.7,13.9,,50.9,,,
鲁中参考点,jma_seamless,2026-03-31,3,2026-04-03,18.9,13.7,14.1,,,59.3,13.3,,26.0,,,
鲁中参考点,jma_seamless,2026-03-30,4,2026-04-03,18.3,14.1,14.0,,,58.8,11.8,,56.0,,,0.0
鲁中参考点,jma_seamless,2026-03-29,5,2026-04-03,20.7,9.9,13.8,7.7,,62.6,15.7,,62.2,,,0.0
鲁中参考点,jma_seamless,2026-03-28,6,2026-04-03,18.9,6.2,10.8,3.3,,59.2,14.7,,37.6,,,0.0
鲁中参考点,jma_seamless,2026-03-27,7,2026-04-03,24.0,14.7,15.9,,,55.8,17.1,,17.8,,,0.0
鲁中参考点,ecmwf_ifs025,2026-04-03,1,2026-04-04,15.8,3.7,6.0,0.4,,38.6,13.3,,0.0,,,
鲁中参考点,ecmwf_ifs025,2026-04-02,2,2026-04-04,15.9,3.9,5.8,0.4,,42.2,14.9,,0.0,,,
鲁中参考点,ecmwf_ifs025,2026-04-01,3,2026-04-04,15.9,5.3,6.3,2.3,,37.3,14.0,,0.0,,,
鲁中参考点,ecmwf_ifs025,2026-03-31,4,2026-04-04,16.3,5.5,6.4,2.6,,35.4,13.6,,3.7,,,
鲁中参考点,ecmwf_ifs025,2026-03-30,5,2026-04-04,14.4,6.3,5.3,3.1,,27.9,17.0,,4.3,,,
鲁中参考点,ecmwf_ifs025,2026-03-29,6,2026-04-04,9.5,5.2,5.1,2.8,,80.3,10.5,,66.5,,,
鲁中参考点,ecmwf_ifs025,2026-03-28,7,2026-04-04,20.2,3.1,8.0,0.1,,52.9,11.1,,27.5,,,
鲁中参考点,gfs_seamless,2026-04-03,1,2026-04-04,16.0,4.4,6.2,,,,,57.2,3.0,25.19,0.0,0.0
鲁中参考点,gfs_seamless,2026-04-02,2,2026-04-04,16.6,5.5,7.3,,,,,54.4,25.5,25.0,0.0,0.0
鲁中参考点,gfs_seamless,2026-04-01,3,2026-04-04,16.0,5.9,7.6,,,,,50.0,39.8,24.79,0.0,0.0
鲁中参考点,gfs_seamless,2026-03-31,4,2026-04-04,15.8,8.2,7.7,,,,,49.0,1.8,25.0,0.0,0.0
鲁中参考点,gfs_seamless,2026-03-30,5,2026-04-04,16.6,6.4,8.8,,,,,66.6,52.7,24.86,0.2,0.0
鲁中参考点,gfs_seamless,2026-03-29,6,2026-04-04,16.8,1.2,3.4,,,,,64.4,63.2,23.54,0.6,0.1
鲁中参考点,gfs_seamless,2026-03-28,7,2026-04-04,20.8,3.9,8.1,,,,,55.8,37.0,20.65,0.0,0.0
鲁中参考点,jma_seamless,2026-04-03,1,2026-04-04,15.1,6.8,7.4,4.7,,29.7,10.4,,12.0,,,
鲁中参考点,jma_seamless,2026-04-02,2,2026-04-04,16.1,8.0,8.0,6.1,,30.2,11.0,,12.5,,,
鲁中参考点,jma_seamless,2026-04-01,3,2026-04-04,15.7,9.2,8.3,7.6,,26.3,10.7,,18.4,,,
鲁中参考点,jma_seamless,2026-03-31,4,2026-04-04,15.6,6.9,8.0,4.9,,34.7,10.1,,1.8,,,
鲁中参考点,jma_seamless,2026-03-30,5,2026-04-04,14.3,4.1,5.4,2.0,,46.5,8.4,,41.3,,,
鲁中参考点,jma_seamless,2026-03-29,6,2026-04-04,14.9,4.6,5.3,3.3,,40.0,6.0,,7.1,,,
鲁中参考点,jma_seamless,2026-03-28,7,2026-04-04,21.5,9.8,10.8,8.6,,34.1,8.9,,3.8,,,
鲁中参考点,ecmwf_ifs025,2026-04-04,1,2026-04-05,20.9,10.8,11.0,,,35.6,16.8,,8.7,,,
鲁中参考点,ecmwf_ifs025,2026-04-03,2,2026-04-05,20.5,10.4,10.7,,,38.2,16.5,,8.7,,,
鲁中参考点,ecmwf_ifs025,2026-04-02,3,2026-04-05,22.8,10.2,10.7,,,39.1,18.8,,15.1,,,
鲁中参考点,ecmwf_ifs025,2026-04-01,4,2026-04-05,20.1,10.7,9.3,,,33.9,21.5,,24.5,,,
鲁中参考点,ecmwf_ifs025,2026-03-31,5,2026-04-05,19.8,9.1,8.9,6.1,,38.1,21.5,,25.9,,,
鲁中参考点,ecmwf_ifs025,2026-03-30,6,2026-04-05,20.8,8.8,10.1,6.7,,33.2,12.9,,21.4,,,
鲁中参考点,ecmwf_ifs025,2026-03-29,7,2026-04-05,19.1,6.0,7.2,3.0,,44.7,15.1,,0.4,,,
鲁中参考点,gfs_seamless,2026-04-04,1,2026-04-05,18.9,10.8,9.8,,,,,72.7,12.8,24.92,0.0,0.0
鲁中参考点,gfs_seamless,2026-04-03,2,2026-04-05,19.9,11.0,10.4,,,,,73.1,28.7,23.77,0.0,0.0
鲁中参考点,gfs_seamless,2026-04-02,3,2026-04-05,18.9,11.0,9.3,,,,,67.7,42.0,22.55,0.0,0.0
鲁中参考点,gfs_seamless,2026-04-01,4,2026-04-05,14.4,9.1,6.1,,,,,74.2,10.8,24.55,0.0,0.0
鲁中参考点,gfs_seamless,2026-03-31,5,2026-04-05,14.5,7.7,5.7,,,,,67.3,33.4,23.79,0.0,0.0
鲁中参考点,gfs_seamless,2026-03-30,6,2026-04-05,15.1,0.8,3.9,,,,,65.5,58.7,3.77,5.4,0.6
鲁中参考点,gfs_seamless,2026-03-29,7,2026-04-05,18.4,6.3,6.8,,,,,60.1,17.9,24.89,0.0,0.0
鲁中参考点,jma_seamless,2026-04-04,1,2026-04-05,20.1,12.1,10.8,,,25.5,13.9,,1.8,,,
鲁中参考点,jma_seamless,2026-04-03,2,2026-04-05,20.2,11.9,10.9,,,26.7,13.7,,2.7,,,
鲁中参考点,jma_seamless,2026-04-02,3,2026-04-05,20.9,12.8,11.3,,,25.0,13.7,,9.4,,,
鲁中参考点,jma_seamless,2026-04-01,4,2026-04-05,17.7,11.0,9.6,,,25.2,13.3,,3.4,,,
鲁中参考点,jma_seamless,2026-03-31,5,2026-04-05,13.1,8.2,7.7,6.2,,36.1,11.3,,32.6,,,
鲁中参考点,jma_seamless,2026-03-30,6,2026-04-05,16.4,8.7,7.7,6.1,,36.7,16.5,,28.8,,,
鲁中参考点,jma_seamless,2026-03-29,7,2026-04-05,21.7,9.4,10.6,7.5,,35.9,12.8,,5.5,,,
鲁中参考点,ecmwf_ifs025,2026-04-05,1,2026-04-06,17.1,6.0,7.6,4.5,,21.0,7.2,,5.8,,,
鲁中参考点,ecmwf_ifs025,2026-04-04,2,2026-04-06,18.6,6.9,8.9,5.8,,31.3,6.2,,5.8,,,
鲁中参考点,ecmwf_ifs025,2026-04-03,3,2026-04-06,17.9,5.8,7.0,4.0,,22.4,8.3,,5.0,,,
鲁中参考点,ecmwf_ifs025,2026-04-02,4,2026-04-06,20.0,4.4,7.5,1.6,,37.6,11.6,,0.1,,,
鲁中参考点,ecmwf_ifs025,2026-04-01,5,2026-04-06,21.6,8.1,8.1,5.7,,31.0,13.8,,1.8,,,
鲁中参考点,ecmwf_ifs025,2026-03-31,6,2026-04-06,22.4,6.5,8.4,3.0,,24.3,19.5,,7.7,,,
鲁中参考点,ecmwf_ifs025,2026-03-30,7,2026-04-06,21.2,6.1,9.6,3.4,,29.1,12.9,,3.3,,,
鲁中参考点,gfs_seamless,2026-04-05,1,2026-04-06,17.7,6.9,8.5,,,,,25.6,15.2,25.34,0.0,0.0
鲁中参考点,gfs_seamless,2026-04-04,2,2026-04-06,19.6,7.8,9.8,,,,,40.7,16.5,24.98,0.0,0.0
鲁中参考点,gfs_seamless,2026-04-03,3,2026-04-06,18.1,7.4,8.5,,,,,43.2,9.3,25.15,0.0,0.0
鲁中参考点,gfs_seamless,2026-04-02,4,2026-04-06,19.8,5.9,6.1,,,,,61.6,17.6,24.16,0.0,0.0
鲁中参考点,gfs_seamless,2026-04-01,5,2026-04-06,18.8,7.0,5.5,,,,,64.4,5.7,25.18,0.0,0.0
鲁中参考点,gfs_seamless,2026-03-31,6,2026-04-06,19.8,7.8,9.8,,,,,58.3,18.2,24.9,0.0,0.0
鲁中参考点,gfs_seamless,2026-03-30,7,2026-04-06,12.7,5.8,4.1,,,,,32.4,14.3,25.56,0.0,0.0
鲁中参考点,jma_seamless,2026-04-05,1,2026-04-06,17.7,9.6,8.8,,,16.8,4.8,,12.4,,,
鲁中参考点,jma_seamless,2026-04-04,2,2026-04-06,17.6,9.0,7.7,8.1,,15.9,7.0,,0.0,,,
鲁中参考点,jma_seamless,2026-04-03,3,2026-04-06,23.6,11.6,12.0,,,14.9,5.9,,3.4,,,
鲁中参考点,jma_seamless,2026-04-02,4,2026-04-06,21.8,9.5,10.8,8.6,,19.2,7.2,,0.5,,,
鲁中参考点,jma_seamless,2026-04-01,5,2026-04-06,22.2,5.9,9.4,3.7,,18.0,10.0,,0.0,,,
鲁中参考点,jma_seamless,2026-03-31,6,2026-04-06,19.8,7.0,8.5,4.9,,23.3,11.0,,1.1,,,
鲁中参考点,jma_seamless,2026-03-30,7,2026-04-06,19.4,9.6,9.0,8.1,,25.9,10.3,,0.0,,,
鲁中参考点,ecmwf_ifs025,2026-04-06,1,2026-04-07,17.5,4.7,7.4,2.5,,33.5,9.0,,22.7,,,
鲁中参考点,ecmwf_ifs025,2026-04-05,2,2026-04-07,18.3,3.9,6.9,1.6,,19.0,9.1,,22.7,,,
鲁中参考点,ecmwf_ifs025,2026-04-04,3,2026-04-07,19.7,5.3,8.3,3.5,,33.5,7.9,,10.5,,,
鲁中参考点,ecmwf_ifs025,2026-04-03,4,2026-04-07,18.5,1.9,6.5,-0.2,,28.1,6.9,,22.7,,,
鲁中参考点,ecmwf_ifs025,2026-04-02,5,2026-04-07,15.4,2.7,4.6,-0.4,,23.8,11.4,,20.8,,,
鲁中参考点,ecmwf_ifs025,2026-04-01,6,2026-04-07,13.7,3.8,3.8,1.1,,22.2,10.7,,18.8,,,
鲁中参考点,ecmwf_ifs025,2026-03-31,7,2026-04-07,16.4,5.1,8.2,1.9,,40.5,14.8,,23.5,,,
鲁中参考点,gfs_seamless,2026-04-06,1,2026-04-07,16.6,5.5,7.9,,,,,36.7,0.2,25.14,0.0,0.0
鲁中参考点,gfs_seamless,2026-04-05,2,2026-04-07,14.8,5.4,6.4,,,,,42.8,8.2,25.15,0.0,0.0
鲁中参考点,gfs_seamless,2026-04-04,3,2026-04-07,15.3,5.8,7.2,,,,,25.2,0.1,25.66,0.0,0.0
鲁中参考点,gfs_seamless,2026-04-03,4,2026-04-07,16.8,3.9,6.0,,,,,28.8,29.7,25.15,0.0,0.0
鲁中参考点,gfs_seamless,2026-04-02,5,2026-04-07,15.8,3.3,6.4,,,,,42.1,17.7,25.99,0.0,0.0
鲁中参考点,gfs_seamless,2026-04-01,6,2026-04-07,17.1,8.3,8.6,,,,,17.6,2.9,25.53,0.0,0.0
鲁中参考点,gfs_seamless,2026-03-31,7,2026-04-07,24.4,9.1,11.5,,,,,47.9,1.5,24.96,0.0,0.0
鲁中参考点,jma_seamless,2026-04-06,1,2026-04-07,16.5,8.1,7.7,6.8,,21.6,8.0,,0.0,,,
鲁中参考点,jma_seamless,2026-04-05,2,2026-04-07,16.7,8.3,8.0,7.2,,19.4,7.2,,2.8,,,
鲁中参考点,jma_seamless,2026-04-04,3,2026-04-07,12.5,5.7,4.4,4.1,,24.1,7.6,,20.9,,,
鲁中参考点,jma_seamless,2026-04-03,4,2026-04-07,12.5,5.7,4.0,3.2,,26.4,11.4,,27.7,,,
鲁中参考点,jma_seamless,2026-04-02,5,2026-04-07,17.9,5.4,7.5,3.3,,26.6,9.4,,0.0,,,
鲁中参考点,jma_seamless,2026-04-01,6,2026-04-07,25.7,7.5,12.0,5.8,,27.0,9.0,,25.4,,,
鲁中参考点,jma_seamless,2026-03-31,7,2026-04-07,24.1,11.4,12.4,,,27.1,15.0,,15.5,,,
鲁中参考点,ecmwf_ifs025,2026-04-21,1,2026-04-22,18.6,6.4,,4.8,,,8.0,,,,,
鲁中参考点,ecmwf_ifs025,2026-04-20,2,2026-04-22,19.0,9.2,11.0,7.9,,52.6,8.8,,,,,
鲁中参考点,ecmwf_ifs025,2026-04-19,3,2026-04-22,18.5,9.7,11.0,8.5,,45.2,8.9,,,,,
鲁中参考点,ecmwf_ifs025,2026-04-18,4,2026-04-22,15.1,12.6,10.7,,,41.0,6.6,,,,,
鲁中参考点,ecmwf_ifs025,2026-04-17,5,2026-04-22,14.3,10.8,9.5,,,50.0,9.6,,,,,
鲁中参考点,ecmwf_ifs025,2026-04-16,6,2026-04-22,19.0,11.9,11.5,,,36.0,9.1,,,,,
鲁中参考点,ecmwf_ifs025,2026-04-15,7,2026-04-22,13.3,8.7,8.3,8.1,,43.2,5.7,,,,,
鲁中参考点,ecmwf_ifs025,2026-04-22,1,2026-04-23,22.4,9.2,16.1,8.2,,43.4,7.4,,,,,
鲁中参考点,ecmwf_ifs025,2026-04-21,2,2026-04-23,22.7,9.1,13.7,8.2,,49.8,7.0,,,,,
鲁中参考点,ecmwf_ifs025,2026-04-20,3,2026-04-23,22.8,6.6,12.7,5.4,,43.6,6.4,,,,,
鲁中参考点,ecmwf_ifs025,2026-04-19,4,2026-04-23,22.6,9.8,13.5,9.4,,36.1,5.6,,,,,
鲁中参考点,ecmwf_ifs025,2026-04-18,5,2026-04-23,16.7,7.6,8.1,5.8,,59.9,9.6,,,,,
鲁中参考点,ecmwf_ifs025,2026-04-17,6,2026-04-23,19.8,10.6,11.0,,,45.7,9.9,,,,,
鲁中参考点,ecmwf_ifs025,2026-04-16,7,2026-04-23,17.3,8.9,10.8,,,58.9,4.8,,,,,
鲁中参考点,ecmwf_ifs025,2026-04-23,1,2026-04-24,24.3,11.0,13.0,,,46.8,21.2,,,,,
鲁中参考点,ecmwf_ifs025,2026-04-22,2,2026-04-24,24.0,11.5,13.1,,,44.6,20.5,,,,,
鲁中参考点,ecmwf_ifs025,2026-04-21,3,2026-04-24,23.9,11.4,13.2,,,43.9,20.5,,,,,
鲁中参考点,ecmwf_ifs025,2026-04-20,4,2026-04-24,24.0,11.3,13.1,,,40.1,18.9,,,,,
鲁中参考点,ecmwf_ifs025,2026-04-19,5,2026-04-24,23.8,8.7,11.8,5.5,,43.0,22.2,,,,,
鲁中参考点,ecmwf_ifs025,2026-04-18,6,2026-04-24,21.7,9.7,10.2,6.5,,53.0,25.4,,,,,
鲁中参考点,ecmwf_ifs025,2026-04-17,7,2026-04-24,23.7,12.6,12.8,,,44.4,19.9,,,,,
鲁中参考点,ecmwf_ifs025,2026-04-24,1,2026-04-25,25.3,12.2,14.4,,,43.1,20.8,,,,,
鲁中参考点,ecmwf_ifs025,2026-04-23,2,2026-04-25,24.6,12.5,14.2,,,43.9,21.0,,,,,
鲁中参考点,ecmwf_ifs025,2026-04-22,3,2026-04-25,24.7,12.6,14.2,,,42.8,19.9,,,,,
鲁中参考点,ecmwf_ifs025,2026-04-21,4,2026-04-25,24.1,10.2,13.9,,,42.1,16.8,,,,,
鲁中参考点,ecmwf_ifs025,2026-04-20,5,2026-04-25,23.9,13.5,14.5,,,40.8,17.1,,,,,
鲁中参考点,ecmwf_ifs025,2026-04-19,6,2026-04-25,25.4,12.2,15.4,,,53.1,18.4,,,,,
鲁中参考点,ecmwf_ifs025,2026-04-18,7,2026-04-25,24.8,13.0,13.9,,,52.2,25.9,,,,,
鲁中参考点,ecmwf_ifs025,2026-04-25,1,2026-04-26,25.6,14.1,17.0,,,56.5,15.7,,,,,
鲁中参考点,ecmwf_ifs025,2026-04-24,2,2026-04-26,25.5,13.4,17.3,,,55.2,13.9,,,,,
鲁中参考点,ecmwf_ifs025,2026-04-23,3,2026-04-26,25.2,13.6,16.5,,,59.5,13.7,,,,,
鲁中参考点,ecmwf_ifs025,2026-04-22,4,2026-04-26,25.3,13.6,16.5,,,57.0,13.7,,,,,
鲁中参考点,ecmwf_ifs025,2026-04-21,5,2026-04-26,26.4,11.7,16.8,,,51.7,14.2,,,,,
鲁中参考点,ecmwf_ifs025,2026-04-20,6,2026-04-26,26.8,15.8,18.8,,,56.0,12.6,,,,,
鲁中参考点,ecmwf_ifs025,2026-04-19,7,2026-04-26,17.3,8.0,12.3,5.3,,65.4,16.1,,,,,
鲁中参考点,ecmwf_ifs025,2026-04-26,1,2026-04-27,20.9,11.2,14.9,,,60.2,12.5,,,,,
鲁中参考点,ecmwf_ifs025,2026-04-25,2,2026-04-27,22.4,12.2,15.8,,,57.0,12.0,,,,,
鲁中参考点,ecmwf_ifs025,2026-04-24,3,2026-04-27,20.5,13.2,15.1,,,58.4,11.8,,,,,
鲁中参考点,ecmwf_ifs025,2026-04-23,4,2026-04-27,21.5,13.6,15.8,,,51.2,11.6,,,,,
鲁中参考点,ecmwf_ifs025,2026-04-22,5,2026-04-27,21.6,12.1,15.1,,,56.8,10.7,,,,,
鲁中参考点,ecmwf_ifs025,2026-04-21,6,2026-04-27,20.6,13.5,14.5,,,62.8,17.3,,,,,
鲁中参考点,ecmwf_ifs025,2026-04-20,7,2026-04-27,28.6,6.6,15.3,5.0,28.7,45.8,7.9,,,,,
鲁中参考点,ecmwf_ifs025,2026-04-27,1,2026-04-28,18.2,7.6,10.3,6.2,,45.3,8.0,,,,,
鲁中参考点,ecmwf_ifs025,2026-04-26,2,2026-04-28,17.7,7.8,9.9,6.2,,45.4,9.0,,,,,
鲁中参考点,ecmwf_ifs025,2026-04-25,3,2026-04-28,18.4,8.3,9.8,6.5,,41.3,10.8,,,,,
鲁中参考点,ecmwf_ifs025,2026-04-24,4,2026-04-28,18.4,9.0,11.0,7.8,,39.0,8.2,,,,,
鲁中参考点,ecmwf_ifs025,2026-04-23,5,2026-04-28,23.9,10.2,14.4,,,27.9,4.1,,,,,
鲁中参考点,ecmwf_ifs025,2026-04-22,6,2026-04-28,23.7,14.9,16.8,,,42.2,12.2,,,,,
鲁中参考点,ecmwf_ifs025,2026-04-21,7,2026-04-28,24.8,10.0,12.5,7.7,,39.8,16.5,,,,,
鲁中参考点,ecmwf_ifs025,2026-04-28,1,2026-04-29,19.4,7.8,11.5,,,41.1,4.1,,,,,
鲁中参考点,ecmwf_ifs025,2026-04-27,2,2026-04-29,19.9,7.6,11.6,,,34.7,4.6,,,,,
鲁中参考点,ecmwf_ifs025,2026-04-26,3,2026-04-29,19.9,7.0,11.1,6.4,,32.4,4.9,,,,,
鲁中参考点,ecmwf_ifs025,2026-04-25,4,2026-04-29,21.3,7.6,12.3,,,31.7,4.4,,,,,
鲁中参考点,ecmwf_ifs025,2026-04-24,5,2026-04-29,20.4,6.4,11.7,5.6,,32.3,5.3,,,,,
鲁中参考点,ecmwf_ifs025,2026-04-23,6,2026-04-29,24.9,12.6,16.0,,,40.8,3.2,,,,,
鲁中参考点,ecmwf_ifs025,2026-04-22,7,2026-04-29,26.6,11.4,15.3,,,35.1,10.5,,,,,
鲁中参考点,ecmwf_ifs025,2026-04-29,1,2026-04-30,22.6,8.2,13.1,6.5,,41.5,9.7,,,,,
鲁中参考点,ecmwf_ifs025,2026-04-28,2,2026-04-30,23.6,8.2,13.5,6.4,,39.1,10.4,,,,,
鲁中参考点,ecmwf_ifs025,2026-04-27,3,2026-04-30,23.5,8.8,13.4,6.7,,35.3,13.2,,,,,
鲁中参考点,ecmwf_ifs025,2026-04-26,4,2026-04-30,24.2,8.9,14.0,7.2,,32.6,10.4,,,,,
鲁中参考点,ecmwf_ifs025,2026-04-25,5,2026-04-30,23.4,9.4,13.9,7.8,,32.0,10.5,,,,,
鲁中参考点,ecmwf_ifs025,2026-04-24,6,2026-04-30,24.4,11.2,14.4,,,35.0,13.6,,,,,
鲁中参考点,ecmwf_ifs025,2026-04-23,7,2026-04-30,27.5,11.5,17.2,,27.2,40.0,8.6,,,,,
鲁中参考点,ecmwf_ifs025,2026-04-30,1,2026-05-01,27.2,11.8,17.2,,27.3,44.8,11.8,,,,,
鲁中参考点,ecmwf_ifs025,2026-04-29,2,2026-05-01,27.8,12.4,17.3,,27.8,45.0,13.9,,,,,
鲁中参考点,ecmwf_ifs025,2026-04-28,3,2026-05-01,26.8,12.8,16.4,,,38.0,15.4,,,,,
鲁中参考点,ecmwf_ifs025,2026-04-27,4,2026-05-01,26.4,13.0,15.5,,,32.0,17.4,,,,,
鲁中参考点,ecmwf_ifs025,2026-04-26,5,2026-05-01,27.1,12.6,16.1,,26.7,34.3,13.8,,,,,
鲁中参考点,ecmwf_ifs025,2026-04-25,6,2026-05-01,26.7,15.2,16.5,,,33.6,14.7,,,,,
鲁中参考点,ecmwf_ifs025,2026-04-24,7,2026-05-01,27.7,16.1,17.3,,27.2,36.5,16.7,,,,,
鲁中参考点,ecmwf_ifs025,2026-05-01,1,2026-05-02,19.9,12.6,14.8,,,55.5,9.9,,,,,
鲁中参考点,ecmwf_ifs025,2026-04-30,2,2026-05-02,19.4,14.1,15.0,,,61.3,11.2,,,,,
鲁中参考点,ecmwf_ifs025,2026-04-29,3,2026-05-02,21.0,13.0,15.8,,,56.6,7.3,,,,,
鲁中参考点,ecmwf_ifs025,2026-04-28,4,2026-05-02,24.1,16.1,16.4,,,36.0,8.3,,,,,
鲁中参考点,ecmwf_ifs025,2026-04-27,5,2026-05-02,22.6,13.9,16.2,,,39.4,7.2,,,,,
鲁中参考点,ecmwf_ifs025,2026-04-26,6,2026-05-02,22.9,14.6,16.3,,,32.5,5.7,,,,,
鲁中参考点,ecmwf_ifs025,2026-04-25,7,2026-05-02,21.2,16.9,16.3,,,36.2,10.7,,,,,
鲁中参考点,ecmwf_ifs025,2026-05-02,1,2026-05-03,18.8,10.0,10.8,8.3,,64.0,12.2,,,,,
鲁中参考点,ecmwf_ifs025,2026-05-01,2,2026-05-03,16.7,10.0,10.4,8.2,,73.2,13.1,,,,,
鲁中参考点,ecmwf_ifs025,2026-04-30,3,2026-05-03,17.4,9.5,10.7,7.8,,74.4,11.2,,,,,
鲁中参考点,ecmwf_ifs025,2026-04-29,4,2026-05-03,21.3,9.2,12.7,7.4,,40.8,11.5,,,,,
鲁中参考点,ecmwf_ifs025,2026-04-28,5,2026-05-03,23.6,11.1,14.6,,,38.7,6.4,,,,,
鲁中参考点,ecmwf_ifs025,2026-04-27,6,2026-05-03,28.1,11.9,17.2,,26.9,21.7,4.0,,,,,
鲁中参考点,ecmwf_ifs025,2026-04-26,7,2026-05-03,26.9,14.9,18.4,,,23.9,3.3,,,,,
鲁中参考点,ecmwf_ifs025,2026-05-03,1,2026-05-04,22.5,6.1,12.6,4.4,,38.8,8.2,,,,,
鲁中参考点,ecmwf_ifs025,2026-05-02,2,2026-05-04,24.4,8.3,13.6,7.4,,30.8,6.4,,,,,
鲁中参考点,ecmwf_ifs025,2026-05-01,3,2026-05-04,24.4,9.3,14.5,8.5,,38.1,6.6,,,,,
鲁中参考点,ecmwf_ifs025,2026-04-30,4,2026-05-04,20.4,8.7,12.8,7.9,,40.6,6.4,,,,,
鲁中参考点,ecmwf_ifs025,2026-04-29,5,2026-05-04,28.4,9.6,14.5,8.4,27.7,36.0,8.6,,,,,
鲁中参考点,ecmwf_ifs025,2026-04-28,6,2026-05-04,29.5,14.0,16.5,,28.0,24.2,15.4,,,,,
鲁中参考点,ecmwf_ifs025,2026-04-27,7,2026-05-04,22.1,14.7,14.4,,,26.8,13.7,,,,,
鲁中参考点,ecmwf_ifs025,2026-05-04,1,2026-05-05,27.9,14.0,17.1,,27.7,41.1,23.0,,,,,
鲁中参考点,ecmwf_ifs025,2026-05-03,2,2026-05-05,28.0,14.8,17.1,,27.7,40.8,24.1,,,,,
鲁中参考点,ecmwf_ifs025,2026-05-02,3,2026-05-05,28.4,14.4,16.9,,27.7,34.7,23.9,,,,,
鲁中参考点,ecmwf_ifs025,2026-05-01,4,2026-05-05,28.0,15.1,17.7,,27.8,41.7,22.1,,,,,
鲁中参考点,ecmwf_ifs025,2026-04-30,5,2026-05-05,28.9,15.0,18.2,,28.3,37.8,20.3,,,,,
鲁中参考点,ecmwf_ifs025,2026-04-29,6,2026-05-05,25.8,12.6,16.1,,,27.3,13.9,,,,,
鲁中参考点,ecmwf_ifs025,2026-04-28,7,2026-05-05,29.5,18.0,18.6,,28.3,29.6,19.7,,,,,
鲁中参考点,ecmwf_ifs025,2026-05-05,1,2026-05-06,29.0,18.1,19.7,,,,,,64.1,21.08,0.0,
鲁中参考点,ecmwf_ifs025,2026-05-04,2,2026-05-06,29.0,17.6,20.0,,,,,,60.4,22.94,0.0,
鲁中参考点,ecmwf_ifs025,2026-05-03,3,2026-05-06,29.7,17.7,19.7,,,,,,92.5,23.35,1.8,
鲁中参考点,ecmwf_ifs025,2026-05-02,4,2026-05-06,30.0,18.1,20.2,,,,,,63.3,23.84,0.3,
鲁中参考点,ecmwf_ifs025,2026-05-01,5,2026-05-06,29.4,17.6,19.5,,,,,,23.0,24.74,0.0,
鲁中参考点,ecmwf_ifs025,2026-04-30,6,2026-05-06,30.0,19.5,19.6,,,,,,16.2,24.34,0.0,
鲁中参考点,ecmwf_ifs025,2026-04-29,7,2026-05-06,30.7,15.7,18.2,,,,,,33.7,24.24,0.0,
鲁中参考点,gfs_seamless,2026-05-05,1,2026-05-06,28.0,16.9,19.7,,,,,20.5,72.8,22.84,2.5,0.0
鲁中参考点,gfs_seamless,2026-05-04,2,2026-05-06,28.8,17.7,19.8,,,,,19.1,100.0,25.73,2.1,0.0
鲁中参考点,gfs_seamless,2026-05-03,3,2026-05-06,28.2,16.2,18.8,,,,,29.5,87.0,27.68,5.7,0.0
鲁中参考点,gfs_seamless,2026-05-02,4,2026-05-06,27.7,17.2,18.8,,,,,21.2,91.5,28.51,0.0,0.0
鲁中参考点,gfs_seamless,2026-05-01,5,2026-05-06,27.6,15.3,18.2,,,,,55.8,97.4,28.82,0.0,0.0
鲁中参考点,gfs_seamless,2026-04-30,6,2026-05-06,28.6,13.2,17.6,,,,,53.6,99.5,28.14,0.0,0.0
鲁中参考点,gfs_seamless,2026-04-29,7,2026-05-06,28.2,15.9,18.9,,,,,56.9,100.0,28.29,0.0,0.0
鲁中参考点,jma_seamless,2026-05-05,1,2026-05-06,29.6,20.2,21.6,,28.9,36.7,14.1,,48.6,,,0.0
鲁中参考点,jma_seamless,2026-05-04,2,2026-05-06,29.6,20.8,11.9,,28.6,32.8,14.7,,37.3,,,0.0
鲁中参考点,jma_seamless,2026-05-03,3,2026-05-06,29.9,21.2,21.2,,28.5,27.5,15.6,,35.5,,,0.0
鲁中参考点,jma_seamless,2026-05-02,4,2026-05-06,28.9,20.0,20.7,,28.1,35.5,17.6,,17.3,,,0.0
鲁中参考点,jma_seamless,2026-05-01,5,2026-05-06,28.9,19.3,19.9,,27.8,30.6,16.5,,13.3,,,0.0
鲁中参考点,jma_seamless,2026-04-30,6,2026-05-06,18.3,12.9,20.0,,,29.8,16.4,,14.1,,,0.0
鲁中参考点,jma_seamless,2026-04-29,7,2026-05-06,21.3,9.6,11.2,7.2,,32.0,16.5,,22.6,,,0.0
鲁中参考点,ecmwf_ifs025,2026-05-06,1,2026-05-07,18.1,10.1,12.3,,,,,,61.5,24.92,4.8,
鲁中参考点,ecmwf_ifs025,2026-05-05,2,2026-05-07,19.1,10.5,13.1,,,,,,34.3,24.76,5.4,
鲁中参考点,ecmwf_ifs025,2026-05-04,3,2026-05-07,19.9,8.3,13.7,,,,,,55.5,20.03,5.1,
鲁中参考点,ecmwf_ifs025,2026-05-03,4,2026-05-07,21.7,10.2,13.3,,,,,,85.8,25.35,0.0,
鲁中参考点,ecmwf_ifs025,2026-05-02,5,2026-05-07,30.0,13.4,17.2,,,,,,70.4,21.78,1.5,
鲁中参考点,ecmwf_ifs025,2026-05-01,6,2026-05-07,23.3,12.0,16.1,,,,,,94.0,18.59,0.3,
鲁中参考点,ecmwf_ifs025,2026-04-30,7,2026-05-07,19.0,13.5,13.1,,,,,,98.6,10.97,2.1,
鲁中参考点,gfs_seamless,2026-05-06,1,2026-05-07,18.1,13.4,11.2,,,,,11.5,100.0,24.13,8.4,0.0
鲁中参考点,gfs_seamless,2026-05-05,2,2026-05-07,19.1,13.0,12.4,,,,,12.2,98.2,26.25,13.3,0.0
鲁中参考点,gfs_seamless,2026-05-04,3,2026-05-07,21.0,12.5,12.7,,,,,28.4,87.9,26.28,0.2,0.0
鲁中参考点,gfs_seamless,2026-05-03,4,2026-05-07,22.9,12.5,15.1,,,,,14.0,100.0,26.87,0.0,0.0
鲁中参考点,gfs_seamless,2026-05-02,5,2026-05-07,21.5,12.5,14.7,,,,,28.1,77.2,19.35,0.0,0.0
鲁中参考点,gfs_seamless,2026-05-01,6,2026-05-07,22.6,12.1,13.3,,,,,50.0,81.8,12.71,0.1,0.0
鲁中参考点,gfs_seamless,2026-04-30,7,2026-05-07,23.5,14.0,15.5,,,,,38.5,100.0,22.16,0.2,0.0
鲁中参考点,jma_seamless,2026-05-06,1,2026-05-07,20.0,13.3,14.2,,,50.4,12.4,,42.5,,,0.0
鲁中参考点,jma_seamless,2026-05-05,2,2026-05-07,20.2,13.0,15.0,,,41.4,12.7,,64.4,,,0.0
鲁中参考点,jma_seamless,2026-05-04,3,2026-05-07,22.7,14.6,15.8,,,34.6,13.6,,66.0,,,0.0
鲁中参考点,jma_seamless,2026-05-03,4,2026-05-07,22.4,15.7,17.3,,,45.2,7.6,,78.1,,,0.0
鲁中参考点,jma_seamless,2026-05-02,5,2026-05-07,23.2,15.3,17.8,,,58.0,11.8,,93.1,,,0.0
鲁中参考点,jma_seamless,2026-05-01,6,2026-05-07,21.9,11.0,18.3,,,50.6,11.6,,61.0,,,0.0
鲁中参考点,jma_seamless,2026-04-30,7,2026-05-07,19.4,9.5,12.3,8.5,,47.7,7.7,,62.7,,,0.0
鲁中参考点,ecmwf_ifs025,2026-05-07,1,2026-05-08,22.8,6.9,12.8,,,,,,8.4,25.45,0.0,
鲁中参考点,ecmwf_ifs025,2026-05-06,2,2026-05-08,23.3,7.5,13.2,,,,,,25.4,25.63,0.0,
鲁中参考点,ecmwf_ifs025,2026-05-05,3,2026-05-08,23.8,7.5,13.3,,,,,,23.7,25.61,0.0,
鲁中参考点,ecmwf_ifs025,2026-05-04,4,2026-05-08,22.5,9.0,13.3,,,,,,22.8,25.55,0.0,
鲁中参考点,ecmwf_ifs025,2026-05-03,5,2026-05-08,26.0,11.0,15.4,,,,,,61.5,25.18,0.0,
鲁中参考点,ecmwf_ifs025,2026-05-02,6,2026-05-08,23.2,10.5,14.0,,,,,,83.4,23.43,0.0,
鲁中参考点,ecmwf_ifs025,2026-05-01,7,2026-05-08,26.2,13.1,15.6,,,,,,68.0,24.53,0.0,
鲁中参考点,gfs_seamless,2026-05-07,1,2026-05-08,22.5,11.1,13.3,,,,,,,28.47,0.0,0.0
鲁中参考点,gfs_seamless,2026-05-06,2,2026-05-08,23.5,11.0,14.0,,,,,,,29.6,0.0,0.0
鲁中参考点,gfs_seamless,2026-05-05,3,2026-05-08,23.5,11.3,14.2,,,,,,,29.8,0.0,0.0
鲁中参考点,gfs_seamless,2026-05-04,4,2026-05-08,24.0,11.7,14.7,,,,,,,29.53,0.0,0.0
鲁中参考点,gfs_seamless,2026-05-03,5,2026-05-08,24.9,12.5,14.4,,,,,,,26.83,0.0,0.0
鲁中参考点,gfs_seamless,2026-05-02,6,2026-05-08,24.2,11.1,14.6,,,,,,,19.1,0.0,0.0
鲁中参考点,gfs_seamless,2026-05-01,7,2026-05-08,24.0,12.9,14.3,,,,,,,26.11,0.0,0.0
鲁中参考点,jma_seamless,2026-05-07,1,2026-05-08,23.8,11.8,14.3,,,23.1,7.5,,1.4,,,0.0
鲁中参考点,jma_seamless,2026-05-06,2,2026-05-08,23.5,11.3,14.8,,,21.7,6.5,,15.1,,,0.0
鲁中参考点,jma_seamless,2026-05-05,3,2026-05-08,23.5,12.8,14.6,,,23.7,5.8,,31.1,,,0.0
鲁中参考点,jma_seamless,2026-05-04,4,2026-05-08,23.1,13.5,14.3,,,22.8,4.6,,4.6,,,0.0
鲁中参考点,jma_seamless,2026-05-03,5,2026-05-08,22.8,14.7,15.5,,,41.7,7.0,,24.3,,,0.0
鲁中参考点,jma_seamless,2026-05-02,6,2026-05-08,22.2,12.7,16.1,,,44.3,8.1,,61.7,,,0.0
鲁中参考点,jma_seamless,2026-05-01,7,2026-05-08,24.4,13.2,14.7,,,35.3,8.6,,65.8,,,0.0
鲁中参考点,ecmwf_ifs025,2026-05-08,1,2026-05-09,25.5,14.1,13.5,,,,,,8.8,25.21,0.0,
鲁中参考点,ecmwf_ifs025,2026-05-07,2,2026-05-09,25.8,14.4,13.7,,,,,,0.1,25.41,0.0,
鲁中参考点,ecmwf_ifs025,2026-05-06,3,2026-05-09,25.7,14.8,14.3,,,,,,20.2,25.29,0.0,
鲁中参考点,ecmwf_ifs025,2026-05-05,4,2026-05-09,26.3,14.8,14.3,,,,,,1.5,25.39,0.0,
鲁中参考点,ecmwf_ifs025,2026-05-04,5,2026-05-09,25.3,14.3,14.6,,,,,,50.4,24.52,0.0,
鲁中参考点,ecmwf_ifs025,2026-05-03,6,2026-05-09,28.0,11.9,16.6,,,,,,22.1,24.29,0.0,
鲁中参考点,ecmwf_ifs025,2026-05-02,7,2026-05-09,27.8,12.1,16.6,,,,,,8.2,24.8,0.0,
鲁中参考点,gfs_seamless,2026-05-08,1,2026-05-09,25.2,13.7,13.2,,,,,,,29.02,0.0,0.0
鲁中参考点,gfs_seamless,2026-05-07,2,2026-05-09,25.2,13.8,13.4,,,,,,,28.36,0.0,0.0
鲁中参考点,gfs_seamless,2026-05-06,3,2026-05-09,25.0,13.4,13.8,,,,,,,26.61,0.0,0.0
鲁中参考点,gfs_seamless,2026-05-05,4,2026-05-09,24.8,13.2,14.0,,,,,,,25.07,0.0,0.0
鲁中参考点,gfs_seamless,2026-05-04,5,2026-05-09,23.8,13.5,13.7,,,,,,,24.58,0.0,0.0
鲁中参考点,gfs_seamless,2026-05-03,6,2026-05-09,24.7,12.9,15.1,,,,,,,25.7,0.0,0.0
鲁中参考点,gfs_seamless,2026-05-02,7,2026-05-09,23.5,14.0,15.6,,,,,,,21.46,0.0,0.0
鲁中参考点,jma_seamless,2026-05-08,1,2026-05-09,26.0,16.1,15.1,,,27.0,21.7,,7.3,,,0.0
鲁中参考点,jma_seamless,2026-05-07,2,2026-05-09,26.4,16.9,16.4,,,22.7,21.4,,13.6,,,0.0
鲁中参考点,jma_seamless,2026-05-06,3,2026-05-09,26.2,17.1,15.9,,,20.8,17.2,,29.1,,,0.0
鲁中参考点,jma_seamless,2026-05-05,4,2026-05-09,26.5,16.2,15.8,,,20.0,16.3,,24.0,,,0.0
鲁中参考点,jma_seamless,2026-05-04,5,2026-05-09,27.2,17.4,16.7,,26.3,22.5,14.8,,35.2,,,0.0
鲁中参考点,jma_seamless,2026-05-03,6,2026-05-09,27.0,16.0,17.8,,26.5,31.3,10.3,,17.0,,,0.0
鲁中参考点,jma_seamless,2026-05-02,7,2026-05-09,28.0,15.8,18.9,,27.0,26.8,5.3,,35.4,,,0.0
鲁中参考点,ecmwf_ifs025,2026-05-09,1,2026-05-10,29.0,16.3,19.2,,,,,,6.5,24.24,0.0,
鲁中参考点,ecmwf_ifs025,2026-05-08,2,2026-05-10,29.3,16.0,19.1,,,,,,10.6,24.72,0.0,
鲁中参考点,ecmwf_ifs025,2026-05-07,3,2026-05-10,29.3,15.8,18.7,,,,,,14.2,24.55,0.0,
鲁中参考点,ecmwf_ifs025,2026-05-06,4,2026-05-10,29.5,15.1,17.8,,,,,,26.9,24.72,0.0,
鲁中参考点,ecmwf_ifs025,2026-05-05,5,2026-05-10,29.1,15.7,18.5,,,,,,39.7,24.71,0.0,
鲁中参考点,ecmwf_ifs025,2026-05-04,6,2026-05-10,27.1,17.0,16.7,,,,,,31.2,24.65,0.0,
鲁中参考点,ecmwf_ifs025,2026-05-03,7,2026-05-10,29.0,15.3,17.7,,,,,,28.3,24.44,0.0,
鲁中参考点,gfs_seamless,2026-05-09,1,2026-05-10,28.3,16.0,18.3,,,,,,,28.53,0.0,0.0
鲁中参考点,gfs_seamless,2026-05-08,2,2026-05-10,28.0,15.8,17.8,,,,,,,28.52,0.0,0.0
鲁中参考点,gfs_seamless,2026-05-07,3,2026-05-10,27.7,15.3,17.1,,,,,,,28.58,0.0,0.0
鲁中参考点,gfs_seamless,2026-05-06,4,2026-05-10,26.8,14.6,16.3,,,,,,,28.89,0.0,0.0
鲁中参考点,gfs_seamless,2026-05-05,5,2026-05-10,25.2,15.2,15.2,,,,,,,27.38,0.0,0.0
鲁中参考点,gfs_seamless,2026-05-04,6,2026-05-10,24.6,14.2,14.6,,,,,,,29.44,0.0,0.0
鲁中参考点,gfs_seamless,2026-05-03,7,2026-05-10,28.3,14.0,18.0,,,,,,,28.63,0.0,0.0
鲁中参考点,jma_seamless,2026-05-09,1,2026-05-10,28.8,19.0,19.6,,27.8,31.7,15.6,,15.0,,,0.0
鲁中参考点,jma_seamless,2026-05-08,2,2026-05-10,28.5,19.3,18.1,,27.5,30.0,15.5,,25.4,,,0.0
鲁中参考点,jma_seamless,2026-05-07,3,2026-05-10,29.0,18.5,19.1,,27.7,26.7,16.4,,1.2,,,0.0
鲁中参考点,jma_seamless,2026-05-06,4,2026-05-10,28.5,18.3,18.1,,27.2,22.1,15.1,,24.3,,,0.0
鲁中参考点,jma_seamless,2026-05-05,5,2026-05-10,28.2,18.4,17.8,,26.9,21.1,17.7,,29.7,,,0.0
鲁中参考点,jma_seamless,2026-05-04,6,2026-05-10,23.2,15.4,17.9,,,21.0,14.8,,40.8,,,0.0
鲁中参考点,jma_seamless,2026-05-03,7,2026-05-10,27.7,14.6,19.6,,26.7,26.4,17.2,,22.2,,,0.0
鲁中参考点,ecmwf_ifs025,2026-05-10,1,2026-05-11,28.4,17.1,21.9,,,,,,39.7,20.05,2.4,
鲁中参考点,ecmwf_ifs025,2026-05-09,2,2026-05-11,28.1,17.1,21.7,,,,,,37.4,22.35,0.9,
鲁中参考点,ecmwf_ifs025,2026-05-08,3,2026-05-11,27.7,17.2,21.9,,,,,,19.3,22.62,1.2,
鲁中参考点,ecmwf_ifs025,2026-05-07,4,2026-05-11,30.5,17.5,22.4,,,,,,18.9,22.96,0.0,
鲁中参考点,ecmwf_ifs025,2026-05-06,5,2026-05-11,32.9,18.5,23.1,,,,,,4.1,23.86,0.0,
鲁中参考点,ecmwf_ifs025,2026-05-05,6,2026-05-11,31.9,15.8,23.3,,,,,,15.5,24.5,0.0,
鲁中参考点,ecmwf_ifs025,2026-05-04,7,2026-05-11,29.8,16.6,21.2,,,,,,45.0,23.74,0.0,
鲁中参考点,gfs_seamless,2026-05-10,1,2026-05-11,25.9,16.9,20.3,,,,,,,22.82,6.5,0.0
鲁中参考点,gfs_seamless,2026-05-09,2,2026-05-11,25.8,15.7,20.0,,,,,,,16.3,5.1,0.0
鲁中参考点,gfs_seamless,2026-05-08,3,2026-05-11,26.4,16.5,20.2,,,,,,,14.1,1.7,0.0
鲁中参考点,gfs_seamless,2026-05-07,4,2026-05-11,28.3,16.4,20.1,,,,,,,18.95,1.1,0.0
鲁中参考点,gfs_seamless,2026-05-06,5,2026-05-11,27.4,15.2,20.1,,,,,,,26.94,0.0,0.0
鲁中参考点,gfs_seamless,2026-05-05,6,2026-05-11,25.1,14.6,17.3,,,,,,,24.14,0.2,0.0
鲁中参考点,gfs_seamless,2026-05-04,7,2026-05-11,27.6,12.9,17.8,,,,,,,28.03,0.0,0.0
鲁中参考点,jma_seamless,2026-05-10,1,2026-05-11,26.6,18.6,17.7,,,51.7,6.1,,44.6,,,0.0
鲁中参考点,jma_seamless,2026-05-09,2,2026-05-11,28.9,18.3,18.0,,29.0,45.4,4.6,,44.5,,,0.0
鲁中参考点,jma_seamless,2026-05-08,3,2026-05-11,29.0,19.3,19.7,,29.1,45.4,5.7,,35.1,,,0.0
鲁中参考点,jma_seamless,2026-05-07,4,2026-05-11,30.8,18.9,17.2,,30.7,40.2,6.9,,0.6,,,0.0
鲁中参考点,jma_seamless,2026-05-06,5,2026-05-11,21.8,15.3,17.7,,,29.2,7.9,,21.5,,,0.0
鲁中参考点,jma_seamless,2026-05-05,6,2026-05-11,23.5,13.3,18.0,,,34.9,8.2,,20.3,,,0.0
鲁中参考点,jma_seamless,2026-05-04,7,2026-05-11,20.2,12.6,12.6,,,36.6,10.1,,44.4,,,0.0
鲁中参考点,ecmwf_ifs025,2026-05-11,1,2026-05-12,31.0,14.9,22.6,,,,,,18.6,25.15,0.0,
鲁中参考点,ecmwf_ifs025,2026-05-10,2,2026-05-12,31.6,13.6,22.6,,,,,,0.0,25.6,0.0,
鲁中参考点,ecmwf_ifs025,2026-05-09,3,2026-05-12,32.0,18.1,23.8,,,,,,1.1,25.04,0.0,
鲁中参考点,ecmwf_ifs025,2026-05-08,4,2026-05-12,31.9,15.5,23.7,,,,,,0.3,25.27,0.0,
鲁中参考点,ecmwf_ifs025,2026-05-07,5,2026-05-12,33.7,17.7,23.9,,,,,,14.6,25.23,0.0,
鲁中参考点,ecmwf_ifs025,2026-05-06,6,2026-05-12,35.8,23.6,26.1,,,,,,4.8,24.24,0.0,
鲁中参考点,ecmwf_ifs025,2026-05-05,7,2026-05-12,35.6,23.6,25.5,,,,,,3.0,24.81,0.0,
鲁中参考点,gfs_seamless,2026-05-11,1,2026-05-12,30.5,17.1,22.0,,,,,,,29.3,0.0,0.0
鲁中参考点,gfs_seamless,2026-05-10,2,2026-05-12,28.8,15.4,21.2,,,,,,,29.25,0.0,0.0
鲁中参考点,gfs_seamless,2026-05-09,3,2026-05-12,29.4,16.4,21.7,,,,,,,28.8,0.0,0.0
鲁中参考点,gfs_seamless,2026-05-08,4,2026-05-12,29.7,14.9,21.5,,,,,,,28.91,0.0,0.0
鲁中参考点,gfs_seamless,2026-05-07,5,2026-05-12,30.5,17.3,22.6,,,,,,,28.22,0.0,0.0
鲁中参考点,gfs_seamless,2026-05-06,6,2026-05-12,30.1,16.0,21.9,,,,,,,27.85,0.0,0.0
鲁中参考点,gfs_seamless,2026-05-05,7,2026-05-12,29.2,14.7,21.1,,,,,,,27.34,0.0,0.0
鲁中参考点,jma_seamless,2026-05-11,1,2026-05-12,29.6,16.5,11.8,,30.5,50.5,4.1,,0.1,,,0.0
鲁中参考点,jma_seamless,2026-05-10,2,2026-05-12,30.3,15.8,11.9,,30.8,45.4,6.0,,0.0,,,0.0
鲁中参考点,jma_seamless,2026-05-09,3,2026-05-12,32.1,17.0,11.6,,33.6,46.1,7.2,,0.0,,,0.0
鲁中参考点,jma_seamless,2026-05-08,4,2026-05-12,31.9,17.4,12.2,,33.4,46.5,6.4,,0.0,,,0.0
鲁中参考点,jma_seamless,2026-05-07,5,2026-05-12,23.3,13.1,14.8,,,31.2,9.1,,3.2,,,0.0
鲁中参考点,jma_seamless,2026-05-06,6,2026-05-12,22.6,10.6,13.7,,,38.2,12.7,,3.1,,,0.0
鲁中参考点,jma_seamless,2026-05-05,7,2026-05-12,26.0,14.8,18.0,,,33.3,13.5,,0.0,,,0.0
鲁中参考点,ecmwf_ifs025,2026-05-12,1,2026-05-13,33.2,19.8,24.5,,,,,,84.7,24.12,0.0,
鲁中参考点,ecmwf_ifs025,2026-05-11,2,2026-05-13,33.0,19.6,24.8,,,,,,68.2,24.54,0.0,
鲁中参考点,ecmwf_ifs025,2026-05-10,3,2026-05-13,33.3,19.0,24.5,,,,,,58.0,24.6,0.0,
鲁中参考点,ecmwf_ifs025,2026-05-09,4,2026-05-13,35.9,22.5,27.4,,,,,,53.3,25.06,0.0,
鲁中参考点,ecmwf_ifs025,2026-05-08,5,2026-05-13,36.2,22.6,26.7,,,,,,39.3,24.94,0.0,
鲁中参考点,ecmwf_ifs025,2026-05-07,6,2026-05-13,37.1,24.0,28.4,,,,,,18.4,24.16,0.0,
鲁中参考点,ecmwf_ifs025,2026-05-06,7,2026-05-13,36.1,24.2,28.1,,,,,,3.3,24.75,0.0,
鲁中参考点,gfs_seamless,2026-05-12,1,2026-05-13,31.2,18.3,23.6,,,,,,,25.93,0.0,0.0
鲁中参考点,gfs_seamless,2026-05-11,2,2026-05-13,31.6,17.8,23.3,,,,,,,27.15,0.0,0.0
鲁中参考点,gfs_seamless,2026-05-10,3,2026-05-13,30.5,16.9,22.2,,,,,,,28.48,0.0,0.0
鲁中参考点,gfs_seamless,2026-05-09,4,2026-05-13,32.4,17.8,23.4,,,,,,,28.37,0.0,0.0
鲁中参考点,gfs_seamless,2026-05-08,5,2026-05-13,31.8,16.1,23.4,,,,,,,29.17,0.0,0.0
鲁中参考点,gfs_seamless,2026-05-07,6,2026-05-13,34.3,18.9,24.7,,,,,,,28.27,0.0,0.0
鲁中参考点,gfs_seamless,2026-05-06,7,2026-05-13,32.5,19.1,24.5,,,,,,,28.09,0.0,0.0
鲁中参考点,jma_seamless,2026-05-12,1,2026-05-13,32.5,20.4,12.5,,34.4,46.6,12.0,,31.7,,,0.0
鲁中参考点,jma_seamless,2026-05-11,2,2026-05-13,32.0,20.6,13.2,,33.5,46.2,13.4,,47.9,,,0.0
鲁中参考点,jma_seamless,2026-05-10,3,2026-05-13,33.3,21.8,13.0,,34.4,40.8,14.2,,32.6,,,0.0
鲁中参考点,jma_seamless,2026-05-09,4,2026-05-13,34.7,22.7,13.3,,38.1,44.6,14.6,,30.5,,,0.0
鲁中参考点,jma_seamless,2026-05-08,5,2026-05-13,20.4,13.9,13.4,,,46.8,12.6,,0.0,,,0.0
鲁中参考点,jma_seamless,2026-05-07,6,2026-05-13,26.3,15.6,16.8,,,32.5,14.8,,0.0,,,0.0
鲁中参考点,jma_seamless,2026-05-06,7,2026-05-13,27.6,11.1,15.5,,26.8,30.8,18.7,,12.8,,,0.0
鲁中参考点,ecmwf_ifs025,2026-05-13,1,2026-05-14,32.6,18.7,24.7,,,,,,63.8,27.07,0.0,
鲁中参考点,ecmwf_ifs025,2026-05-12,2,2026-05-14,34.7,19.1,25.4,,,,,,73.8,24.82,0.0,
鲁中参考点,ecmwf_ifs025,2026-05-11,3,2026-05-14,35.3,19.9,27.1,,,,,,61.6,24.8,0.0,
鲁中参考点,ecmwf_ifs025,2026-05-10,4,2026-05-14,35.6,20.0,26.8,,,,,,89.6,23.78,0.0,
鲁中参考点,ecmwf_ifs025,2026-05-09,5,2026-05-14,37.7,22.9,29.6,,,,,,93.5,24.41,0.0,
鲁中参考点,ecmwf_ifs025,2026-05-08,6,2026-05-14,33.4,20.2,25.4,,,,,,38.9,23.72,0.0,
鲁中参考点,ecmwf_ifs025,2026-05-07,7,2026-05-14,32.4,16.1,24.6,,,,,,62.2,24.11,0.0,
鲁中参考点,gfs_seamless,2026-05-13,1,2026-05-14,31.0,19.3,23.8,,,,,,,27.24,0.0,0.0
鲁中参考点,gfs_seamless,2026-05-12,2,2026-05-14,32.6,19.0,24.3,,,,,,,26.21,0.0,0.0
鲁中参考点,gfs_seamless,2026-05-11,3,2026-05-14,32.4,18.7,25.2,,,,,,,27.58,0.0,0.0
鲁中参考点,gfs_seamless,2026-05-10,4,2026-05-14,30.1,18.9,22.2,,,,,,,28.31,0.0,0.0
鲁中参考点,gfs_seamless,2026-05-09,5,2026-05-14,33.4,20.0,24.1,,,,,,,28.61,0.0,0.0
鲁中参考点,gfs_seamless,2026-05-08,6,2026-05-14,31.1,15.8,22.9,,,,,,,27.96,0.0,0.0
鲁中参考点,gfs_seamless,2026-05-07,7,2026-05-14,35.0,21.2,26.3,,,,,,,27.84,0.0,0.0
鲁中参考点,jma_seamless,2026-05-13,1,2026-05-14,33.0,20.0,14.3,,38.8,57.9,7.8,,34.4,,,0.0
鲁中参考点,jma_seamless,2026-05-12,2,2026-05-14,33.6,22.1,14.6,,40.6,58.8,7.8,,34.7,,,0.0
鲁中参考点,jma_seamless,2026-05-11,3,2026-05-14,32.9,21.4,15.2,,37.7,55.5,8.4,,47.2,,,0.0
鲁中参考点,jma_seamless,2026-05-10,4,2026-05-14,35.1,24.6,15.8,,38.7,43.9,5.7,,76.5,,,0.0
鲁中参考点,jma_seamless,2026-05-09,5,2026-05-14,25.9,14.8,16.4,,,42.6,4.2,,12.3,,,0.0
鲁中参考点,jma_seamless,2026-05-08,6,2026-05-14,23.1,13.8,15.3,,,42.3,11.3,,10.3,,,0.0
鲁中参考点,jma_seamless,2026-05-07,7,2026-05-14,24.4,10.2,14.1,,,35.0,9.0,,10.6,,,0.0
鲁中参考点,ecmwf_ifs025,2026-05-14,1,2026-05-15,28.5,15.6,20.6,,,,,,6.8,27.18,0.0,
鲁中参考点,ecmwf_ifs025,2026-05-13,2,2026-05-15,29.3,16.3,20.4,,,,,,2.2,27.72,0.0,
鲁中参考点,ecmwf_ifs025,2026-05-12,3,2026-05-15,31.0,17.4,21.1,,,,,,1.5,24.96,0.0,
鲁中参考点,ecmwf_ifs025,2026-05-11,4,2026-05-15,30.4,17.6,21.6,,,,,,38.5,24.8,0.0,
鲁中参考点,ecmwf_ifs025,2026-05-10,5,2026-05-15,30.8,18.1,21.1,,,,,,80.3,24.7,0.0,
鲁中参考点,ecmwf_ifs025,2026-05-09,6,2026-05-15,33.5,18.7,24.8,,,,,,93.9,22.02,0.0,
鲁中参考点,ecmwf_ifs025,2026-05-08,7,2026-05-15,28.4,14.6,21.1,,,,,,34.7,22.7,0.0,
鲁中参考点,gfs_seamless,2026-05-14,1,2026-05-15,28.4,15.7,20.1,,,,,,,28.71,0.0,0.0
鲁中参考点,gfs_seamless,2026-05-13,2,2026-05-15,28.1,15.8,19.0,,,,,,,29.05,0.0,0.0
鲁中参考点,gfs_seamless,2026-05-12,3,2026-05-15,28.7,15.3,20.1,,,,,,,28.85,0.0,0.0
鲁中参考点,gfs_seamless,2026-05-11,4,2026-05-15,29.8,15.3,20.0,,,,,,,28.7,0.0,0.0
鲁中参考点,gfs_seamless,2026-05-10,5,2026-05-15,27.8,16.3,19.6,,,,,,,28.98,0.0,0.0
鲁中参考点,gfs_seamless,2026-05-09,6,2026-05-15,29.5,16.4,21.2,,,,,,,28.8,0.0,0.0
鲁中参考点,gfs_seamless,2026-05-08,7,2026-05-15,28.2,14.7,20.2,,,,,,,28.64,0.0,0.0
鲁中参考点,jma_seamless,2026-05-14,1,2026-05-15,26.9,18.2,18.7,,,66.4,11.3,,44.5,,,0.0
鲁中参考点,jma_seamless,2026-05-13,2,2026-05-15,27.1,18.6,18.5,,28.5,63.2,11.9,,20.7,,,0.0
鲁中参考点,jma_seamless,2026-05-12,3,2026-05-15,28.3,19.0,17.6,,30.0,60.6,12.2,,10.8,,,0.0
鲁中参考点,jma_seamless,2026-05-11,4,2026-05-15,25.9,18.7,16.2,,,70.0,10.9,,33.1,,,0.0
鲁中参考点,jma_seamless,2026-05-10,5,2026-05-15,27.4,16.5,17.9,,27.7,47.9,8.7,,10.7,,,0.0
鲁中参考点,jma_seamless,2026-05-09,6,2026-05-15,25.7,17.0,18.6,,,49.2,6.9,,32.2,,,0.0
鲁中参考点,jma_seamless,2026-05-08,7,2026-05-15,24.9,11.7,16.6,,,37.5,6.6,,16.3,,,0.0
鲁中参考点,ecmwf_ifs025,2026-05-15,1,2026-05-16,27.8,14.9,19.5,,,,,,74.6,24.35,0.0,
鲁中参考点,ecmwf_ifs025,2026-05-14,2,2026-05-16,28.4,15.0,19.8,,,,,,75.6,26.04,0.0,
鲁中参考点,ecmwf_ifs025,2026-05-13,3,2026-05-16,28.7,15.2,19.6,,,,,,79.2,25.09,0.0,
鲁中参考点,ecmwf_ifs025,2026-05-12,4,2026-05-16,29.4,16.0,19.7,,,,,,86.5,24.2,0.0,
鲁中参考点,ecmwf_ifs025,2026-05-11,5,2026-05-16,29.7,16.0,20.1,,,,,,93.7,23.67,0.0,
鲁中参考点,ecmwf_ifs025,2026-05-10,6,2026-05-16,28.1,18.1,20.4,,,,,,90.4,23.88,0.0,
鲁中参考点,ecmwf_ifs025,2026-05-09,7,2026-05-16,27.8,17.6,20.4,,,,,,75.2,16.02,4.8,
鲁中参考点,gfs_seamless,2026-05-15,1,2026-05-16,26.8,13.7,18.3,,,,,,,24.76,0.0,0.0
鲁中参考点,gfs_seamless,2026-05-14,2,2026-05-16,27.4,13.4,18.4,,,,,,,25.75,0.0,0.0
鲁中参考点,gfs_seamless,2026-05-13,3,2026-05-16,27.0,13.3,17.7,,,,,,,26.24,0.0,0.0
鲁中参考点,gfs_seamless,2026-05-12,4,2026-05-16,26.7,13.8,17.9,,,,,,,24.69,0.0,0.0
鲁中参考点,gfs_seamless,2026-05-11,5,2026-05-16,27.4,15.3,18.3,,,,,,,25.75,0.0,0.0
鲁中参考点,gfs_seamless,2026-05-10,6,2026-05-16,26.5,15.0,17.9,,,,,,,24.77,0.0,0.0
鲁中参考点,gfs_seamless,2026-05-09,7,2026-05-16,27.6,15.7,18.7,,,,,,,27.21,0.0,0.0
鲁中参考点,jma_seamless,2026-05-15,1,2026-05-16,26.8,16.1,16.6,,,61.4,12.9,,51.1,,,0.0
鲁中参考点,jma_seamless,2026-05-14,2,2026-05-16,27.3,17.6,17.2,,28.8,63.4,13.1,,57.6,,,0.0
鲁中参考点,jma_seamless,2026-05-13,3,2026-05-16,27.0,17.2,17.5,,28.3,62.9,12.6,,49.6,,,0.0
鲁中参考点,jma_seamless,2026-05-12,4,2026-05-16,24.8,17.5,16.4,,,66.4,13.0,,64.8,,,0.0
鲁中参考点,jma_seamless,2026-05-11,5,2026-05-16,18.0,13.2,13.5,,,71.8,13.3,,77.7,,,0.0
鲁中参考点,jma_seamless,2026-05-10,6,2026-05-16,24.9,16.5,18.0,,,70.7,11.7,,99.0,,,0.0
鲁中参考点,jma_seamless,2026-05-09,7,2026-05-16,24.0,16.4,18.3,,,69.9,7.2,,64.0,,,0.0
鲁中参考点,ecmwf_ifs025,2026-05-16,1,2026-05-17,28.6,18.9,21.8,,,,,,91.2,21.16,0.3,
鲁中参考点,ecmwf_ifs025,2026-05-15,2,2026-05-17,29.6,18.2,21.3,,,,,,91.6,23.17,0.3,
鲁中参考点,ecmwf_ifs025,2026-05-14,3,2026-05-17,27.9,19.1,21.9,,,,,,93.9,19.27,0.6,
鲁中参考点,ecmwf_ifs025,2026-05-13,4,2026-05-17,29.2,18.6,21.6,,,,,,89.9,21.07,0.0,
鲁中参考点,ecmwf_ifs025,2026-05-12,5,2026-05-17,28.9,16.1,21.0,,,,,,77.8,22.64,0.0,
鲁中参考点,ecmwf_ifs025,2026-05-11,6,2026-05-17,29.2,18.7,22.0,,,,,,75.1,10.08,0.6,
鲁中参考点,ecmwf_ifs025,2026-05-10,7,2026-05-17,28.1,18.6,20.4,,,,,,78.6,14.0,11.7,
鲁中参考点,gfs_seamless,2026-05-16,1,2026-05-17,28.5,17.2,20.1,,,,,,,22.61,0.0,0.0
鲁中参考点,gfs_seamless,2026-05-15,2,2026-05-17,26.1,16.3,18.9,,,,,,,17.1,0.0,0.0
鲁中参考点,gfs_seamless,2026-05-14,3,2026-05-17,26.1,16.9,18.4,,,,,,,9.51,1.5,0.0
鲁中参考点,gfs_seamless,2026-05-13,4,2026-05-17,22.5,16.1,17.7,,,,,,,7.44,0.0,0.0
鲁中参考点,gfs_seamless,2026-05-12,5,2026-05-17,24.9,14.3,17.5,,,,,,,15.74,0.0,0.0
鲁中参考点,gfs_seamless,2026-05-11,6,2026-05-17,22.0,16.2,17.5,,,,,,,8.88,0.3,0.0
鲁中参考点,gfs_seamless,2026-05-10,7,2026-05-17,22.6,15.4,17.3,,,,,,,10.86,0.3,0.0
鲁中参考点,jma_seamless,2026-05-16,1,2026-05-17,25.1,19.8,12.2,,,64.0,13.5,,94.7,,,0.0
鲁中参考点,jma_seamless,2026-05-15,2,2026-05-17,28.4,19.2,10.0,,30.0,59.8,15.2,,75.3,,,0.0
鲁中参考点,jma_seamless,2026-05-14,3,2026-05-17,25.6,18.5,12.5,,,62.7,14.0,,84.4,,,0.0
鲁中参考点,jma_seamless,2026-05-13,4,2026-05-17,18.5,10.2,12.2,,,62.0,13.3,,75.5,,,0.0
鲁中参考点,jma_seamless,2026-05-12,5,2026-05-17,23.6,13.1,15.2,,,66.5,14.0,,97.5,,,0.0
鲁中参考点,jma_seamless,2026-05-11,6,2026-05-17,26.6,15.2,17.0,,,69.2,16.1,,75.9,,,0.0
鲁中参考点,jma_seamless,2026-05-10,7,2026-05-17,26.6,16.9,19.2,,,81.8,14.5,,98.8,,,0.0
鲁中参考点,ecmwf_ifs025,2026-05-17,1,2026-05-18,21.1,18.1,19.8,,,,,,100.0,4.19,29.7,
鲁中参考点,ecmwf_ifs025,2026-05-16,2,2026-05-18,19.5,16.8,19.1,,,,,,99.9,2.25,62.7,
鲁中参考点,ecmwf_ifs025,2026-05-15,3,2026-05-18,20.4,17.0,18.7,,,,,,100.0,3.79,40.2,
鲁中参考点,ecmwf_ifs025,2026-05-14,4,2026-05-18,21.2,17.6,19.9,,,,,,100.0,2.91,48.6,
鲁中参考点,ecmwf_ifs025,2026-05-13,5,2026-05-18,21.5,17.8,20.2,,,,,,99.8,5.17,12.0,
鲁中参考点,ecmwf_ifs025,2026-05-12,6,2026-05-18,31.4,18.6,22.9,,,,,,63.4,22.67,1.2,
鲁中参考点,ecmwf_ifs025,2026-05-11,7,2026-05-18,25.7,18.3,21.6,,,,,,99.5,12.83,58.2,
鲁中参考点,gfs_seamless,2026-05-17,1,2026-05-18,20.4,16.7,18.7,,,,,,,2.17,31.2,0.0
鲁中参考点,gfs_seamless,2026-05-16,2,2026-05-18,19.5,15.9,18.0,,,,,,,0.77,32.8,0.0
鲁中参考点,gfs_seamless,2026-05-15,3,2026-05-18,18.4,16.1,18.2,,,,,,,1.27,42.7,0.0
鲁中参考点,gfs_seamless,2026-05-14,4,2026-05-18,20.4,16.9,19.7,,,,,,,2.8,6.5,0.0
鲁中参考点,gfs_seamless,2026-05-13,5,2026-05-18,25.6,18.1,22.3,,,,,,,8.57,5.7,0.0
鲁中参考点,gfs_seamless,2026-05-12,6,2026-05-18,24.0,16.5,18.6,,,,,,,5.51,0.2,0.0
鲁中参考点,gfs_seamless,2026-05-11,7,2026-05-18,17.9,15.8,16.7,,,,,,,2.39,5.0,0.0
鲁中参考点,jma_seamless,2026-05-17,1,2026-05-18,22.7,19.7,14.2,,,85.5,10.3,,97.0,,,0.0
鲁中参考点,jma_seamless,2026-05-16,2,2026-05-18,21.9,19.1,15.1,,,82.5,12.5,,94.9,,,0.0
鲁中参考点,jma_seamless,2026-05-15,3,2026-05-18,22.4,19.6,12.6,,,79.7,11.5,,88.2,,,0.0
鲁中参考点,jma_seamless,2026-05-14,4,2026-05-18,24.3,11.8,14.7,,,77.9,7.6,,97.9,,,0.0
鲁中参考点,jma_seamless,2026-05-13,5,2026-05-18,24.4,13.2,15.0,,,68.9,7.9,,78.0,,,0.0
鲁中参考点,jma_seamless,2026-05-12,6,2026-05-18,26.5,16.6,17.5,,,71.8,10.8,,95.6,,,0.0
鲁中参考点,jma_seamless,2026-05-11,7,2026-05-18,25.1,17.0,17.6,,,87.8,12.2,,100.0,,,0.0
鲁中参考点,ecmwf_ifs025,2026-05-18,1,2026-05-19,20.6,16.7,18.8,,,,,,100.0,7.97,3.6,
鲁中参考点,ecmwf_ifs025,2026-05-17,2,2026-05-19,19.3,17.5,19.3,,,,,,100.0,6.76,4.5,
鲁中参考点,ecmwf_ifs025,2026-05-16,3,2026-05-19,20.5,16.8,19.2,,,,,,99.9,9.55,1.2,
鲁中参考点,ecmwf_ifs025,2026-05-15,4,2026-05-19,21.3,16.5,19.0,,,,,,100.0,7.32,1.5,
鲁中参考点,ecmwf_ifs025,2026-05-14,5,2026-05-19,21.3,16.5,18.2,,,,,,99.7,12.11,7.8,
鲁中参考点,ecmwf_ifs025,2026-05-13,6,2026-05-19,20.1,15.4,19.3,,,,,,100.0,3.74,56.4,
鲁中参考点,ecmwf_ifs025,2026-05-12,7,2026-05-19,27.5,17.3,20.9,,,,,,96.8,9.76,0.0,
鲁中参考点,gfs_seamless,2026-05-18,1,2026-05-19,19.7,16.8,18.9,,,,,,,5.06,1.0,0.0
鲁中参考点,gfs_seamless,2026-05-17,2,2026-05-19,17.6,15.7,17.6,,,,,,,2.72,0.3,0.0
鲁中参考点,gfs_seamless,2026-05-16,3,2026-05-19,17.8,15.1,16.2,,,,,,,3.33,0.3,0.0
鲁中参考点,gfs_seamless,2026-05-15,4,2026-05-19,19.1,14.3,17.5,,,,,,,6.15,2.0,0.0
鲁中参考点,gfs_seamless,2026-05-14,5,2026-05-19,23.2,14.9,18.1,,,,,,,11.73,0.6,0.0
鲁中参考点,gfs_seamless,2026-05-13,6,2026-05-19,23.6,16.6,19.5,,,,,,,10.75,0.1,0.0
鲁中参考点,gfs_seamless,2026-05-12,7,2026-05-19,27.5,16.0,20.0,,,,,,,17.83,3.4,0.0
鲁中参考点,jma_seamless,2026-05-18,1,2026-05-19,20.5,17.5,18.5,,,92.3,9.2,,100.0,,,0.0
鲁中参考点,jma_seamless,2026-05-17,2,2026-05-19,22.0,18.5,18.9,,,89.0,8.2,,96.2,,,0.0
鲁中参考点,jma_seamless,2026-05-16,3,2026-05-19,21.7,16.8,18.4,,,87.4,7.0,,95.9,,,0.0
鲁中参考点,jma_seamless,2026-05-15,4,2026-05-19,28.1,15.9,17.7,,32.2,79.3,6.6,,79.5,,,0.0
鲁中参考点,jma_seamless,2026-05-14,5,2026-05-19,27.7,16.7,18.5,,30.9,76.5,6.3,,79.8,,,0.0
鲁中参考点,jma_seamless,2026-05-13,6,2026-05-19,29.2,17.0,18.9,,31.0,57.9,8.2,,95.1,,,0.0
鲁中参考点,jma_seamless,2026-05-12,7,2026-05-19,28.2,15.8,19.2,,34.6,90.9,9.8,,99.8,,,0.0
鲁中参考点,ecmwf_ifs025,2026-05-19,1,2026-05-20,16.5,14.2,15.5,,,96.6,15.0,,100.0,5.7,5.7,
鲁中参考点,ecmwf_ifs025,2026-05-18,2,2026-05-20,19.3,14.9,17.3,,,90.0,12.0,,93.2,7.86,2.4,
鲁中参考点,ecmwf_ifs025,2026-05-17,3,2026-05-20,21.0,15.7,17.9,,,84.8,12.4,,84.1,11.58,10.5,
鲁中参考点,ecmwf_ifs025,2026-05-16,4,2026-05-20,18.3,13.0,14.9,,,88.0,14.6,,96.5,8.7,17.7,
鲁中参考点,ecmwf_ifs025,2026-05-15,5,2026-05-20,21.6,13.9,17.3,,,85.7,11.0,,82.7,11.79,1.5,
鲁中参考点,ecmwf_ifs025,2026-05-14,6,2026-05-20,20.7,14.4,17.4,,,90.2,9.7,,80.1,11.32,3.0,
鲁中参考点,ecmwf_ifs025,2026-05-13,7,2026-05-20,18.7,15.4,16.9,,,89.0,12.1,,79.0,8.77,3.6,
鲁中参考点,gfs_seamless,2026-05-19,1,2026-05-20,16.8,13.5,14.7,,,96.3,14.0,45.4,100.0,0.9,9.7,0.0
鲁中参考点,gfs_seamless,2026-05-18,2,2026-05-20,16.3,13.9,14.9,,,91.9,11.3,35.3,99.2,2.22,0.2,0.0
鲁中参考点,gfs_seamless,2026-05-17,3,2026-05-20,19.0,14.4,15.0,,,78.9,13.6,43.6,98.4,6.99,1.0,0.0
鲁中参考点,gfs_seamless,2026-05-16,4,2026-05-20,17.0,13.6,15.1,,,84.4,7.8,34.9,82.0,4.52,0.0,0.0
鲁中参考点,gfs_seamless,2026-05-15,5,2026-05-20,22.7,14.8,17.2,,,76.8,12.4,33.1,95.2,13.2,0.0,0.0
鲁中参考点,gfs_seamless,2026-05-14,6,2026-05-20,18.6,14.9,16.9,,,91.2,8.0,44.3,98.5,4.26,0.0,0.0
鲁中参考点,gfs_seamless,2026-05-13,7,2026-05-20,23.1,14.6,19.3,,,81.8,10.6,25.6,82.3,17.46,2.0,0.0
鲁中参考点,jma_seamless,2026-05-19,1,2026-05-20,17.6,15.2,16.7,,,,,,99.8,,11.1,0.0
鲁中参考点,jma_seamless,2026-05-18,2,2026-05-20,20.3,15.9,18.8,,,,,,95.4,,0.9,0.0
鲁中参考点,jma_seamless,2026-05-17,3,2026-05-20,19.0,16.0,17.3,,,,,,97.5,,0.6,0.0
鲁中参考点,jma_seamless,2026-05-16,4,2026-05-20,17.1,15.0,15.8,,,,,,98.8,,51.9,0.0
鲁中参考点,jma_seamless,2026-05-15,5,2026-05-20,18.2,15.5,16.9,,,,,,87.7,,69.0,0.0
鲁中参考点,jma_seamless,2026-05-14,6,2026-05-20,17.8,14.3,16.2,,,,,,87.8,,3.9,0.0
鲁中参考点,jma_seamless,2026-05-13,7,2026-05-20,19.2,15.6,17.7,,,,,,98.4,,0.0,0.0
鲁中参考点,ecmwf_ifs025,2026-05-20,1,2026-05-21,24.9,12.5,18.8,,,76.8,7.3,,64.0,26.73,0.0,
鲁中参考点,ecmwf_ifs025,2026-05-19,2,2026-05-21,24.5,14.0,18.6,,,74.8,8.1,,70.0,26.55,0.0,
鲁中参考点,ecmwf_ifs025,2026-05-18,3,2026-05-21,26.2,14.8,21.5,,,75.7,4.1,,48.7,24.59,0.0,
鲁中参考点,ecmwf_ifs025,2026-05-17,4,2026-05-21,24.8,10.7,18.1,,,76.2,7.9,,19.9,25.19,0.0,
鲁中参考点,ecmwf_ifs025,2026-05-16,5,2026-05-21,23.3,12.9,17.6,,,75.2,7.1,,67.0,26.34,0.6,
鲁中参考点,ecmwf_ifs025,2026-05-15,6,2026-05-21,24.6,14.0,19.4,,,72.8,6.9,,40.7,21.48,0.0,
鲁中参考点,ecmwf_ifs025,2026-05-14,7,2026-05-21,24.7,15.6,21.4,,,74.7,7.5,,30.1,24.45,0.0,
鲁中参考点,gfs_seamless,2026-05-20,1,2026-05-21,26.7,12.9,19.2,,,64.8,10.0,32.4,64.3,28.62,0.0,0.0
鲁中参考点,gfs_seamless,2026-05-19,2,2026-05-21,24.3,11.4,18.4,,,67.8,8.5,19.8,56.5,28.49,0.0,0.0
鲁中参考点,gfs_seamless,2026-05-18,3,2026-05-21,25.0,13.1,18.4,,,71.5,11.4,29.5,62.0,27.32,0.0,0.0
鲁中参考点,gfs_seamless,2026-05-17,4,2026-05-21,23.6,12.8,17.7,,,73.2,9.4,24.5,58.8,23.12,0.0,0.0
鲁中参考点,gfs_seamless,2026-05-16,5,2026-05-21,20.9,15.2,18.0,,,82.4,8.2,31.0,79.9,9.35,0.0,0.0
鲁中参考点,gfs_seamless,2026-05-15,6,2026-05-21,24.7,15.1,19.7,,,80.1,13.1,29.2,89.2,19.53,0.0,0.0
鲁中参考点,gfs_seamless,2026-05-14,7,2026-05-21,23.1,13.8,17.1,,,84.4,10.2,30.2,63.9,10.88,3.8,0.0
鲁中参考点,jma_seamless,2026-05-20,1,2026-05-21,25.3,14.7,19.3,,,,,,60.6,,0.3,0.0
鲁中参考点,jma_seamless,2026-05-19,2,2026-05-21,26.1,15.4,20.1,,,,,,50.9,,0.0,0.0
鲁中参考点,jma_seamless,2026-05-18,3,2026-05-21,25.1,16.2,20.8,,,,,,52.0,,0.0,0.0
鲁中参考点,jma_seamless,2026-05-17,4,2026-05-21,20.5,14.5,18.4,,,,,,57.5,,0.0,0.0
鲁中参考点,jma_seamless,2026-05-16,5,2026-05-21,21.8,14.1,17.9,,,,,,33.0,,0.0,0.0
鲁中参考点,jma_seamless,2026-05-15,6,2026-05-21,20.9,13.5,17.0,,,,,,54.8,,0.9,0.0
鲁中参考点,jma_seamless,2026-05-14,7,2026-05-21,24.6,15.2,18.9,,,,,,43.7,,0.0,0.0
鲁中参考点,ecmwf_ifs025,2026-05-21,1,2026-05-22,24.1,15.7,20.1,,,78.2,13.2,,75.8,17.87,2.4,
鲁中参考点,ecmwf_ifs025,2026-05-20,2,2026-05-22,25.5,14.6,20.2,,,75.7,10.7,,85.2,20.28,2.4,
鲁中参考点,ecmwf_ifs025,2026-05-19,3,2026-05-22,23.9,14.7,19.2,,,74.6,9.8,,64.9,18.27,2.1,
鲁中参考点,ecmwf_ifs025,2026-05-18,4,2026-05-22,24.4,15.0,20.3,,,81.6,11.6,,63.6,15.78,6.0,
鲁中参考点,ecmwf_ifs025,2026-05-17,5,2026-05-22,23.6,13.7,19.3,,,75.3,6.5,,62.0,17.38,0.3,
鲁中参考点,ecmwf_ifs025,2026-05-16,6,2026-05-22,21.7,14.1,18.6,,,76.2,7.2,,69.0,18.45,0.0,
鲁中参考点,ecmwf_ifs025,2026-05-15,7,2026-05-22,23.0,15.2,20.6,,,81.7,5.5,,66.8,11.85,0.0,
鲁中参考点,gfs_seamless,2026-05-21,1,2026-05-22,25.8,16.4,20.5,,,69.0,15.7,34.9,95.5,21.59,2.6,0.0
鲁中参考点,gfs_seamless,2026-05-20,2,2026-05-22,25.1,17.1,19.9,,,68.7,13.1,28.4,89.8,20.78,26.1,0.0
鲁中参考点,gfs_seamless,2026-05-19,3,2026-05-22,24.9,15.8,19.4,,,72.6,10.3,27.4,82.8,16.86,4.3,0.0
鲁中参考点,gfs_seamless,2026-05-18,4,2026-05-22,25.3,14.1,19.8,,,72.2,11.0,28.1,87.9,18.74,2.3,0.0
鲁中参考点,gfs_seamless,2026-05-17,5,2026-05-22,22.2,14.7,18.4,,,75.2,13.8,35.6,77.6,22.54,0.3,0.0
鲁中参考点,gfs_seamless,2026-05-16,6,2026-05-22,23.2,17.3,20.2,,,81.5,8.0,24.1,95.2,7.26,0.2,0.0
鲁中参考点,gfs_seamless,2026-05-15,7,2026-05-22,28.9,17.8,23.8,,33.9,77.4,9.2,27.0,76.7,18.64,0.5,0.0
鲁中参考点,jma_seamless,2026-05-21,1,2026-05-22,27.8,18.9,22.3,,,,,,55.4,,0.0,0.0
鲁中参考点,jma_seamless,2026-05-20,2,2026-05-22,27.9,18.3,23.1,,,,,,50.4,,0.9,0.0
鲁中参考点,jma_seamless,2026-05-19,3,2026-05-22,23.4,18.8,21.7,,,,,,92.0,,8.4,0.0
鲁中参考点,jma_seamless,2026-05-18,4,2026-05-22,26.6,17.9,22.8,,,,,,73.3,,11.4,0.0
鲁中参考点,jma_seamless,2026-05-17,5,2026-05-22,26.1,17.3,22.3,,,,,,64.3,,0.0,0.0
鲁中参考点,jma_seamless,2026-05-16,6,2026-05-22,26.9,16.5,21.4,,,,,,64.8,,1.8,0.0
鲁中参考点,jma_seamless,2026-05-15,7,2026-05-22,25.0,14.8,21.1,,,,,,80.3,,0.0,0.0
鲁中参考点,ecmwf_ifs025,2026-05-22,1,2026-05-23,28.2,18.0,24.3,,31.4,72.4,7.3,,72.2,26.72,0.0,
鲁中参考点,ecmwf_ifs025,2026-05-21,2,2026-05-23,28.2,16.1,23.8,,31.7,74.6,8.2,,72.1,23.93,0.3,
鲁中参考点,ecmwf_ifs025,2026-05-20,3,2026-05-23,28.4,16.0,23.7,,31.9,72.9,7.5,,63.0,25.56,0.0,
鲁中参考点,ecmwf_ifs025,2026-05-19,4,2026-05-23,27.0,14.9,23.3,,29.3,75.3,6.5,,54.4,26.57,0.0,
鲁中参考点,ecmwf_ifs025,2026-05-18,5,2026-05-23,28.6,17.1,24.6,,32.7,75.1,6.0,,58.4,26.59,0.0,
鲁中参考点,ecmwf_ifs025,2026-05-17,6,2026-05-23,26.5,14.2,21.8,,,74.5,3.5,,31.3,23.79,0.0,
鲁中参考点,ecmwf_ifs025,2026-05-16,7,2026-05-23,25.0,16.4,21.6,,,75.5,5.9,,16.0,27.19,0.0,
鲁中参考点,gfs_seamless,2026-05-22,1,2026-05-23,29.6,17.0,24.1,,33.0,64.9,6.5,18.0,76.1,25.51,0.0,0.0
鲁中参考点,gfs_seamless,2026-05-21,2,2026-05-23,29.7,16.7,24.1,,33.1,64.2,7.6,19.4,73.3,25.65,0.0,0.0
鲁中参考点,gfs_seamless,2026-05-20,3,2026-05-23,28.2,16.5,23.3,,30.7,67.7,7.7,20.2,73.0,23.06,0.5,0.0
鲁中参考点,gfs_seamless,2026-05-19,4,2026-05-23,29.3,17.7,24.3,,31.9,62.0,10.0,25.2,56.4,27.43,0.0,0.0
鲁中参考点,gfs_seamless,2026-05-18,5,2026-05-23,29.7,17.6,24.7,,33.2,64.8,7.5,29.2,20.7,29.17,0.0,0.0
鲁中参考点,gfs_seamless,2026-05-17,6,2026-05-23,29.4,16.9,23.7,,32.7,65.6,9.1,24.5,20.5,29.02,0.0,0.0
鲁中参考点,gfs_seamless,2026-05-16,7,2026-05-23,29.9,15.6,23.6,,32.3,58.3,9.1,25.9,10.0,29.34,0.0,0.0
鲁中参考点,jma_seamless,2026-05-22,1,2026-05-23,29.6,19.2,24.8,,,,,,73.8,,0.0,0.0
鲁中参考点,jma_seamless,2026-05-21,2,2026-05-23,30.2,19.8,25.3,,,,,,64.8,,0.9,0.0
鲁中参考点,jma_seamless,2026-05-20,3,2026-05-23,28.9,20.5,25.9,,,,,,66.7,,1.2,0.0
鲁中参考点,jma_seamless,2026-05-19,4,2026-05-23,28.7,19.3,24.6,,,,,,52.6,,0.0,0.0
鲁中参考点,jma_seamless,2026-05-18,5,2026-05-23,30.2,19.7,25.3,,,,,,24.5,,0.0,0.0
鲁中参考点,jma_seamless,2026-05-17,6,2026-05-23,29.7,18.8,25.1,,,,,,49.8,,1.8,0.0
鲁中参考点,jma_seamless,2026-05-16,7,2026-05-23,26.5,18.4,23.9,,,,,,50.9,,0.0,0.0
鲁中参考点,ecmwf_ifs025,2026-05-23,1,2026-05-24,26.5,16.8,22.2,,,73.8,10.7,,63.6,25.32,0.0,
鲁中参考点,ecmwf_ifs025,2026-05-22,2,2026-05-24,27.2,16.7,22.8,,29.6,74.5,11.7,,61.4,27.64,0.0,
鲁中参考点,ecmwf_ifs025,2026-05-21,3,2026-05-24,25.1,15.8,21.0,,,80.8,11.6,,84.0,17.62,0.0,
鲁中参考点,ecmwf_ifs025,2026-05-20,4,2026-05-24,26.2,16.5,21.4,,,74.2,9.4,,98.6,16.87,0.3,
鲁中参考点,ecmwf_ifs025,2026-05-19,5,2026-05-24,25.1,15.2,20.6,,,74.9,9.7,,99.2,15.74,0.3,
鲁中参考点,ecmwf_ifs025,2026-05-18,6,2026-05-24,25.2,17.0,21.6,,,78.2,9.3,,94.8,15.82,6.3,
鲁中参考点,ecmwf_ifs025,2026-05-17,7,2026-05-24,22.8,17.1,20.2,,,80.3,9.9,,92.2,15.51,4.5,
鲁中参考点,gfs_seamless,2026-05-23,1,2026-05-24,27.6,17.7,22.4,,29.5,66.6,13.1,30.6,64.8,26.54,0.0,0.0
鲁中参考点,gfs_seamless,2026-05-22,2,2026-05-24,28.1,18.7,22.0,,31.0,71.2,12.4,29.5,91.8,18.63,0.0,0.0
鲁中参考点,gfs_seamless,2026-05-21,3,2026-05-24,23.5,18.2,21.6,,,74.1,10.1,27.4,100.0,10.85,0.0,0.0
鲁中参考点,gfs_seamless,2026-05-20,4,2026-05-24,29.0,17.6,23.3,,31.9,65.5,12.7,37.4,88.6,26.68,0.0,0.0
鲁中参考点,gfs_seamless,2026-05-19,5,2026-05-24,28.7,18.7,23.7,,31.9,68.8,14.0,42.1,100.0,22.63,0.0,0.0
鲁中参考点,gfs_seamless,2026-05-18,6,2026-05-24,28.3,18.3,22.4,,30.3,63.3,15.9,51.1,100.0,24.62,0.0,0.0
鲁中参考点,gfs_seamless,2026-05-17,7,2026-05-24,30.4,18.5,23.3,,32.3,53.7,12.3,28.4,62.6,27.2,0.0,0.0
鲁中参考点,jma_seamless,2026-05-23,1,2026-05-24,27.7,19.2,22.5,,,,,,49.8,,0.0,0.0
鲁中参考点,jma_seamless,2026-05-22,2,2026-05-24,26.9,19.5,23.3,,,,,,79.1,,0.0,0.0
鲁中参考点,jma_seamless,2026-05-21,3,2026-05-24,25.2,20.3,24.1,,,,,,91.3,,0.0,0.0
鲁中参考点,jma_seamless,2026-05-20,4,2026-05-24,30.7,21.2,25.8,,,,,,83.1,,0.0,0.0
鲁中参考点,jma_seamless,2026-05-19,5,2026-05-24,31.4,20.8,26.3,,,,,,47.9,,0.0,0.0
鲁中参考点,jma_seamless,2026-05-18,6,2026-05-24,32.3,21.4,26.1,,,,,,59.7,,0.0,0.0
鲁中参考点,jma_seamless,2026-05-17,7,2026-05-24,29.9,18.9,24.8,,,,,,40.5,,0.0,0.0
鲁中参考点,ecmwf_ifs025,2026-05-24,1,2026-05-25,23.5,18.5,21.8,,,86.3,9.9,,96.2,10.0,8.1,
鲁中参考点,ecmwf_ifs025,2026-05-23,2,2026-05-25,23.1,18.4,21.5,,,90.1,14.2,,99.0,9.85,51.0,
鲁中参考点,ecmwf_ifs025,2026-05-22,3,2026-05-25,23.0,18.3,21.7,,,86.6,10.7,,93.2,9.7,0.6,
鲁中参考点,ecmwf_ifs025,2026-05-21,4,2026-05-25,22.9,17.5,20.5,,,86.2,11.8,,95.5,8.64,9.3,
鲁中参考点,ecmwf_ifs025,2026-05-20,5,2026-05-25,22.3,15.5,18.7,,,89.0,9.7,,89.4,8.77,8.7,
鲁中参考点,ecmwf_ifs025,2026-05-19,6,2026-05-25,22.3,17.1,19.7,,,81.9,8.5,,85.7,11.02,11.7,
鲁中参考点,ecmwf_ifs025,2026-05-18,7,2026-05-25,21.5,16.4,19.8,,,89.2,11.2,,77.2,8.83,5.7,
鲁中参考点,gfs_seamless,2026-05-24,1,2026-05-25,21.0,17.0,20.3,,,92.0,9.3,34.6,99.9,4.43,6.7,0.0
鲁中参考点,gfs_seamless,2026-05-23,2,2026-05-25,25.2,18.2,21.1,,,85.7,12.1,44.6,100.0,12.28,41.1,0.0
鲁中参考点,gfs_seamless,2026-05-22,3,2026-05-25,20.4,17.1,20.0,,,91.2,8.9,41.8,89.0,3.06,2.1,0.0
鲁中参考点,gfs_seamless,2026-05-21,4,2026-05-25,21.6,17.0,20.4,,,83.6,9.3,40.0,100.0,3.8,1.7,0.0
鲁中参考点,gfs_seamless,2026-05-20,5,2026-05-25,21.0,16.5,19.8,,,87.4,9.2,49.0,89.3,8.61,3.4,0.0
鲁中参考点,gfs_seamless,2026-05-19,6,2026-05-25,20.6,18.5,20.2,,,91.8,11.7,53.3,94.5,1.3,8.2,0.0
鲁中参考点,gfs_seamless,2026-05-18,7,2026-05-25,24.4,17.6,20.5,,,74.0,12.5,36.0,98.8,7.12,0.5,0.0
鲁中参考点,jma_seamless,2026-05-24,1,2026-05-25,24.2,19.0,22.5,,,,,,98.3,,18.0,0.0
鲁中参考点,jma_seamless,2026-05-23,2,2026-05-25,24.1,19.8,23.0,,,,,,99.2,,0.3,0.0
鲁中参考点,jma_seamless,2026-05-22,3,2026-05-25,24.7,19.6,23.8,,,,,,96.8,,1.2,0.0
鲁中参考点,jma_seamless,2026-05-21,4,2026-05-25,24.6,19.3,23.2,,,,,,95.6,,2.1,0.0
鲁中参考点,jma_seamless,2026-05-20,5,2026-05-25,25.9,19.9,24.1,,,,,,93.2,,2.1,0.0
鲁中参考点,jma_seamless,2026-05-19,6,2026-05-25,27.1,19.0,23.7,,,,,,86.8,,0.3,0.0
鲁中参考点,jma_seamless,2026-05-18,7,2026-05-25,28.3,17.4,23.0,,,,,,89.6,,0.0,0.0
鲁中参考点,ecmwf_ifs025,2026-05-25,1,2026-05-26,19.7,15.8,18.5,,,96.8,12.9,,99.9,6.97,3.3,
鲁中参考点,ecmwf_ifs025,2026-05-24,2,2026-05-26,19.6,16.2,17.7,,,95.0,16.0,,100.0,7.75,26.1,
鲁中参考点,ecmwf_ifs025,2026-05-23,3,2026-05-26,18.2,14.9,15.9,,,95.6,17.8,,100.0,5.57,14.4,
鲁中参考点,ecmwf_ifs025,2026-05-22,4,2026-05-26,19.8,16.5,18.1,,,87.0,13.9,,92.8,7.35,1.5,
鲁中参考点,ecmwf_ifs025,2026-05-21,5,2026-05-26,20.4,15.1,17.8,,,87.3,13.1,,99.5,7.73,4.8,
鲁中参考点,ecmwf_ifs025,2026-05-20,6,2026-05-26,21.4,14.5,17.4,,,83.1,14.8,,62.5,14.98,3.3,
鲁中参考点,ecmwf_ifs025,2026-05-19,7,2026-05-26,25.2,13.5,18.9,,,78.3,10.0,,28.2,25.21,0.0,
鲁中参考点,gfs_seamless,2026-05-25,1,2026-05-26,17.6,15.4,16.7,,,96.4,10.7,33.8,100.0,1.58,0.4,0.0
鲁中参考点,gfs_seamless,2026-05-24,2,2026-05-26,18.6,16.3,18.3,,,96.6,10.1,36.0,100.0,2.17,0.3,0.0
鲁中参考点,gfs_seamless,2026-05-23,3,2026-05-26,19.2,15.9,18.3,,,94.6,10.9,40.0,99.9,2.67,0.8,0.0
鲁中参考点,gfs_seamless,2026-05-22,4,2026-05-26,19.6,15.8,17.4,,,90.5,9.2,36.7,93.8,1.89,0.7,0.0
鲁中参考点,gfs_seamless,2026-05-21,5,2026-05-26,21.8,15.3,19.4,,,84.1,10.0,36.7,84.9,6.7,0.2,0.0
鲁中参考点,gfs_seamless,2026-05-20,6,2026-05-26,27.1,16.0,22.7,,28.9,68.4,7.7,20.5,76.0,24.56,0.0,0.0
鲁中参考点,gfs_seamless,2026-05-19,7,2026-05-26,23.5,15.9,19.8,,,83.5,9.5,32.0,97.0,8.11,0.4,0.0
鲁中参考点,jma_seamless,2026-05-25,1,2026-05-26,19.7,16.6,18.6,,,,,,99.0,,32.1,0.0
鲁中参考点,jma_seamless,2026-05-24,2,2026-05-26,21.9,17.4,21.9,,,,,,99.2,,6.0,0.0
鲁中参考点,jma_seamless,2026-05-23,3,2026-05-26,21.8,16.0,19.6,,,,,,91.5,,8.7,0.0
鲁中参考点,jma_seamless,2026-05-22,4,2026-05-26,19.9,16.5,19.7,,,,,,96.2,,2.7,0.0
鲁中参考点,jma_seamless,2026-05-21,5,2026-05-26,20.4,17.8,19.8,,,,,,87.2,,3.9,0.0
鲁中参考点,jma_seamless,2026-05-20,6,2026-05-26,21.9,15.5,19.7,,,,,,85.8,,4.5,0.0
鲁中参考点,jma_seamless,2026-05-19,7,2026-05-26,23.0,17.4,22.7,,,,,,98.5,,0.0,0.0
鲁中参考点,ecmwf_ifs025,2026-05-26,1,2026-05-27,22.1,15.3,18.6,,,88.6,9.0,,68.8,12.6,1.5,
鲁中参考点,ecmwf_ifs025,2026-05-25,2,2026-05-27,21.1,15.8,18.8,,,92.5,8.3,,80.1,9.7,1.8,
鲁中参考点,ecmwf_ifs025,2026-05-24,3,2026-05-27,24.4,15.8,20.2,,,76.8,9.1,,45.3,23.82,0.0,
鲁中参考点,ecmwf_ifs025,2026-05-23,4,2026-05-27,26.0,13.9,21.1,,,73.8,7.8,,9.5,26.46,0.0,
鲁中参考点,ecmwf_ifs025,2026-05-22,5,2026-05-27,22.8,15.3,20.7,,,78.8,4.0,,91.5,13.74,0.0,
鲁中参考点,ecmwf_ifs025,2026-05-21,6,2026-05-27,25.6,13.4,20.6,,,77.6,7.8,,61.7,11.67,1.5,
鲁中参考点,ecmwf_ifs025,2026-05-20,7,2026-05-27,25.4,12.4,20.4,,,74.6,5.0,,26.2,26.37,0.0,
鲁中参考点,gfs_seamless,2026-05-26,1,2026-05-27,21.7,15.8,19.1,,,89.2,7.1,19.4,89.5,7.74,0.0,0.0
鲁中参考点,gfs_seamless,2026-05-25,2,2026-05-27,18.5,15.8,18.4,,,94.8,7.2,25.2,91.1,5.49,0.0,0.0
鲁中参考点,gfs_seamless,2026-05-24,3,2026-05-27,26.0,16.7,21.5,,,72.4,10.1,22.7,73.7,21.57,0.0,0.0
鲁中参考点,gfs_seamless,2026-05-23,4,2026-05-27,27.4,15.4,20.8,,30.0,74.2,7.2,25.6,77.1,10.23,0.0,0.0
鲁中参考点,gfs_seamless,2026-05-22,5,2026-05-27,25.1,18.2,21.8,,,73.3,4.8,8.3,87.3,13.83,0.0,0.0
鲁中参考点,gfs_seamless,2026-05-21,6,2026-05-27,28.6,18.9,23.4,,29.2,50.8,8.6,41.8,70.4,25.64,0.0,0.0
鲁中参考点,gfs_seamless,2026-05-20,7,2026-05-27,24.5,16.0,14.8,,,32.8,13.2,56.9,40.6,30.51,0.0,0.0
鲁中参考点,jma_seamless,2026-05-26,1,2026-05-27,21.9,16.3,20.3,,,,,,79.8,,0.9,0.0
鲁中参考点,jma_seamless,2026-05-25,2,2026-05-27,20.8,16.6,20.4,,,,,,96.5,,2.1,0.0
鲁中参考点,jma_seamless,2026-05-24,3,2026-05-27,24.6,15.9,21.5,,,,,,62.3,,0.9,0.0
鲁中参考点,jma_seamless,2026-05-23,4,2026-05-27,27.8,16.5,22.1,,,,,,22.3,,0.0,0.0
鲁中参考点,jma_seamless,2026-05-22,5,2026-05-27,22.5,15.9,20.7,,,,,,64.8,,0.6,0.0
鲁中参考点,jma_seamless,2026-05-21,6,2026-05-27,26.2,15.0,21.9,,,,,,50.2,,0.0,0.0
鲁中参考点,jma_seamless,2026-05-20,7,2026-05-27,26.7,18.0,21.8,,,,,,66.0,,0.0,0.0
鲁中参考点,ecmwf_ifs025,2026-05-27,1,2026-05-28,24.3,15.6,20.0,,,68.1,10.5,,2.8,28.35,0.0,
鲁中参考点,ecmwf_ifs025,2026-05-26,2,2026-05-28,25.0,15.6,20.6,,,68.5,9.8,,16.6,27.76,0.0,
鲁中参考点,ecmwf_ifs025,2026-05-25,3,2026-05-28,24.8,15.5,20.4,,,68.8,10.3,,6.4,28.33,0.0,
鲁中参考点,ecmwf_ifs025,2026-05-24,4,2026-05-28,26.4,18.0,21.0,,,58.4,11.7,,9.2,28.11,0.0,
鲁中参考点,ecmwf_ifs025,2026-05-23,5,2026-05-28,24.5,17.0,19.8,,,59.4,12.0,,27.2,28.7,0.0,
鲁中参考点,ecmwf_ifs025,2026-05-22,6,2026-05-28,23.1,18.3,20.9,,,68.5,12.1,,37.4,27.61,0.6,
鲁中参考点,ecmwf_ifs025,2026-05-21,7,2026-05-28,24.4,16.9,19.3,,,56.0,9.9,,4.6,29.06,0.0,
鲁中参考点,gfs_seamless,2026-05-27,1,2026-05-28,27.1,18.2,20.8,,27.3,46.3,13.5,35.3,19.1,29.56,0.0,0.0
鲁中参考点,gfs_seamless,2026-05-26,2,2026-05-28,27.1,16.8,20.4,,27.8,54.6,14.7,35.6,8.5,29.79,0.0,0.0
鲁中参考点,gfs_seamless,2026-05-25,3,2026-05-28,28.3,16.9,20.8,,28.8,50.3,15.3,36.7,10.8,30.01,0.0,0.0
鲁中参考点,gfs_seamless,2026-05-24,4,2026-05-28,28.6,17.9,21.9,,29.2,50.2,13.8,35.3,47.9,29.15,0.0,0.0
鲁中参考点,gfs_seamless,2026-05-23,5,2026-05-28,26.8,16.5,20.9,,,51.9,14.3,33.1,43.8,29.63,0.0,0.0
鲁中参考点,gfs_seamless,2026-05-22,6,2026-05-28,29.0,16.9,21.9,,29.9,51.8,15.7,40.7,24.5,28.89,0.0,0.0
鲁中参考点,gfs_seamless,2026-05-21,7,2026-05-28,27.5,13.5,17.1,,27.8,47.9,14.6,49.0,49.3,27.51,0.0,0.0
鲁中参考点,jma_seamless,2026-05-27,1,2026-05-28,27.7,18.2,22.0,,,,,,28.5,,0.0,0.0
鲁中参考点,jma_seamless,2026-05-26,2,2026-05-28,28.5,18.3,22.8,,,,,,16.6,,0.0,0.0
鲁中参考点,jma_seamless,2026-05-25,3,2026-05-28,28.5,17.8,23.2,,,,,,24.0,,0.0,0.0
鲁中参考点,jma_seamless,2026-05-24,4,2026-05-28,29.4,20.7,23.3,,,,,,21.6,,0.0,0.0
鲁中参考点,jma_seamless,2026-05-23,5,2026-05-28,30.6,21.8,24.7,,,,,,14.0,,0.0,0.0
鲁中参考点,jma_seamless,2026-05-22,6,2026-05-28,27.8,22.0,22.9,,,,,,27.0,,0.0,0.0
鲁中参考点,jma_seamless,2026-05-21,7,2026-05-28,26.6,21.6,20.8,,,,,,17.3,,0.0,0.0
鲁中参考点,ecmwf_ifs025,2026-05-28,1,2026-05-29,26.3,14.7,21.2,,,53.5,3.3,,15.8,27.98,0.0,
鲁中参考点,ecmwf_ifs025,2026-05-27,2,2026-05-29,26.3,15.1,21.3,,,55.5,3.5,,10.8,28.53,0.0,
鲁中参考点,ecmwf_ifs025,2026-05-26,3,2026-05-29,26.3,15.6,21.2,,,53.9,3.5,,12.0,28.09,0.0,
鲁中参考点,ecmwf_ifs025,2026-05-25,4,2026-05-29,28.0,16.5,22.6,,28.5,50.2,3.8,,26.0,28.26,0.0,
鲁中参考点,ecmwf_ifs025,2026-05-24,5,2026-05-29,28.7,15.4,22.5,,29.4,51.0,5.2,,17.7,28.77,0.0,
鲁中参考点,ecmwf_ifs025,2026-05-23,6,2026-05-29,28.6,17.8,23.2,,29.0,48.4,2.2,,1.9,28.48,0.0,
鲁中参考点,ecmwf_ifs025,2026-05-22,7,2026-05-29,29.7,18.5,22.8,,30.2,47.1,9.6,,18.5,28.56,0.0,
鲁中参考点,gfs_seamless,2026-05-28,1,2026-05-29,29.2,17.2,22.3,,28.5,36.0,6.7,15.5,42.7,29.17,0.0,0.0
鲁中参考点,gfs_seamless,2026-05-27,2,2026-05-29,29.1,17.5,22.2,,28.4,35.8,8.2,23.4,15.8,29.84,0.0,0.0
鲁中参考点,gfs_seamless,2026-05-26,3,2026-05-29,29.5,17.9,22.8,,28.6,34.7,6.4,20.5,12.8,29.94,0.0,0.0
鲁中参考点,gfs_seamless,2026-05-25,4,2026-05-29,31.0,19.6,23.3,,29.8,30.8,8.5,27.0,32.8,29.8,0.0,0.0
鲁中参考点,gfs_seamless,2026-05-24,5,2026-05-29,30.7,17.7,22.5,,29.6,31.9,10.4,33.1,28.5,30.48,0.0,0.0
鲁中参考点,gfs_seamless,2026-05-23,6,2026-05-29,30.6,17.6,21.5,,29.3,30.2,15.6,28.8,11.4,30.27,0.0,0.0
鲁中参考点,gfs_seamless,2026-05-22,7,2026-05-29,28.8,17.5,20.8,,27.7,29.5,22.7,28.8,12.5,30.28,0.0,0.0
鲁中参考点,jma_seamless,2026-05-28,1,2026-05-29,30.4,17.5,22.4,,,,,,27.2,,0.0,0.0
鲁中参考点,jma_seamless,2026-05-27,2,2026-05-29,30.0,17.7,22.3,,,,,,22.0,,0.0,0.0
鲁中参考点,jma_seamless,2026-05-26,3,2026-05-29,29.3,18.9,22.2,,,,,,18.5,,0.0,0.0
鲁中参考点,jma_seamless,2026-05-25,4,2026-05-29,31.7,19.0,23.1,,,,,,17.1,,0.0,0.0
鲁中参考点,jma_seamless,2026-05-24,5,2026-05-29,30.3,20.4,22.8,,,,,,21.8,,0.0,0.0
鲁中参考点,jma_seamless,2026-05-23,6,2026-05-29,32.1,20.2,23.2,,,,,,23.9,,0.0,0.0
鲁中参考点,jma_seamless,2026-05-22,7,2026-05-29,29.6,20.8,21.1,,,,,,1.7,,0.6,0.0
鲁中参考点,ecmwf_ifs025,2026-05-29,1,2026-05-30,28.7,17.0,22.0,,29.4,51.3,14.8,,2.0,29.04,0.0,
鲁中参考点,ecmwf_ifs025,2026-05-28,2,2026-05-30,28.6,17.4,21.9,,29.7,54.7,16.0,,0.0,29.17,0.0,
鲁中参考点,ecmwf_ifs025,2026-05-27,3,2026-05-30,28.4,15.8,21.7,,29.6,56.6,13.7,,0.2,29.01,0.0,
鲁中参考点,ecmwf_ifs025,2026-05-26,4,2026-05-30,28.3,16.1,22.1,,29.4,56.0,11.5,,1.2,28.99,0.0,
鲁中参考点,ecmwf_ifs025,2026-05-25,5,2026-05-30,28.6,17.4,22.8,,29.9,56.0,12.9,,0.7,29.12,0.0,
鲁中参考点,ecmwf_ifs025,2026-05-24,6,2026-05-30,30.3,16.6,23.0,,31.7,51.0,10.1,,0.1,28.38,0.0,
鲁中参考点,ecmwf_ifs025,2026-05-23,7,2026-05-30,28.8,18.8,22.8,,30.0,55.2,14.2,,13.1,28.47,0.0,
鲁中参考点,gfs_seamless,2026-05-29,1,2026-05-30,31.6,18.8,23.2,,30.6,32.3,12.1,34.2,23.4,29.83,0.0,0.0
鲁中参考点,gfs_seamless,2026-05-28,2,2026-05-30,32.6,18.3,23.2,,32.3,35.0,14.1,51.1,0.4,30.05,0.0,0.0
鲁中参考点,gfs_seamless,2026-05-27,3,2026-05-30,32.0,18.7,23.4,,31.3,33.8,13.9,43.2,2.1,30.03,0.0,0.0
鲁中参考点,gfs_seamless,2026-05-26,4,2026-05-30,32.8,19.6,23.6,,31.8,30.2,13.1,48.2,0.2,30.01,0.0,0.0
鲁中参考点,gfs_seamless,2026-05-25,5,2026-05-30,33.1,19.7,24.6,,32.0,29.2,11.0,25.9,0.0,30.18,0.0,0.0
鲁中参考点,gfs_seamless,2026-05-24,6,2026-05-30,33.0,19.5,23.7,,31.9,29.0,24.1,40.3,0.0,29.96,0.0,0.0
鲁中参考点,gfs_seamless,2026-05-23,7,2026-05-30,31.8,18.1,22.2,,30.4,27.9,15.9,39.2,1.4,30.25,0.0,0.0
鲁中参考点,jma_seamless,2026-05-29,1,2026-05-30,31.7,21.1,23.2,,,,,,2.6,,0.0,0.0
鲁中参考点,jma_seamless,2026-05-28,2,2026-05-30,32.9,21.1,23.8,,,,,,2.8,,0.0,0.0
鲁中参考点,jma_seamless,2026-05-27,3,2026-05-30,32.8,18.0,23.6,,,,,,3.5,,0.0,0.0
鲁中参考点,jma_seamless,2026-05-26,4,2026-05-30,33.2,19.4,23.6,,,,,,9.8,,0.0,0.0
鲁中参考点,jma_seamless,2026-05-25,5,2026-05-30,33.8,18.2,23.8,,,,,,10.4,,0.0,0.0
鲁中参考点,jma_seamless,2026-05-24,6,2026-05-30,34.2,18.3,24.0,,,,,,1.5,,0.0,0.0
鲁中参考点,jma_seamless,2026-05-23,7,2026-05-30,34.6,20.2,24.0,,,,,,7.0,,0.0,0.0
鲁中参考点,ecmwf_ifs025,2026-05-30,1,2026-05-31,30.2,18.7,23.4,,31.3,49.9,20.1,,60.3,27.82,0.0,
鲁中参考点,ecmwf_ifs025,2026-05-29,2,2026-05-31,28.4,17.8,22.0,,29.6,55.9,21.5,,61.2,27.84,0.0,
鲁中参考点,ecmwf_ifs025,2026-05-28,3,2026-05-31,27.9,17.6,20.9,,28.9,55.9,21.3,,57.0,27.84,0.0,
鲁中参考点,ecmwf_ifs025,2026-05-27,4,2026-05-31,26.9,17.7,20.9,,,57.9,20.0,,66.1,26.09,0.0,
鲁中参考点,ecmwf_ifs025,2026-05-26,5,2026-05-31,27.6,17.6,20.9,,28.4,54.4,20.3,,42.7,28.93,0.0,
鲁中参考点,ecmwf_ifs025,2026-05-25,6,2026-05-31,28.0,18.7,21.1,,28.6,51.5,17.3,,40.7,27.8,0.0,
鲁中参考点,ecmwf_ifs025,2026-05-24,7,2026-05-31,29.0,20.4,22.7,,29.9,51.6,16.3,,88.5,25.97,0.0,
鲁中参考点,gfs_seamless,2026-05-30,1,2026-05-31,30.4,19.0,23.1,,30.4,41.9,19.0,46.1,81.9,28.18,0.0,0.0
鲁中参考点,gfs_seamless,2026-05-29,2,2026-05-31,30.1,19.1,22.6,,29.7,38.8,18.7,57.2,76.5,27.62,0.0,0.0
鲁中参考点,gfs_seamless,2026-05-28,3,2026-05-31,31.6,19.5,23.0,,31.1,35.6,19.1,54.0,37.8,30.19,0.0,0.0
鲁中参考点,gfs_seamless,2026-05-27,4,2026-05-31,31.6,19.5,22.8,,31.1,36.3,19.8,59.0,40.7,29.21,0.0,0.0
鲁中参考点,gfs_seamless,2026-05-26,5,2026-05-31,31.5,19.8,22.5,,30.8,34.5,20.1,47.9,50.1,27.84,0.0,0.0
鲁中参考点,gfs_seamless,2026-05-25,6,2026-05-31,32.5,20.3,23.9,,32.3,36.0,23.6,46.4,83.0,26.25,0.0,0.0
鲁中参考点,gfs_seamless,2026-05-24,7,2026-05-31,35.1,20.2,25.1,,35.1,31.1,13.2,51.8,23.5,29.66,0.0,0.0
鲁中参考点,jma_seamless,2026-05-30,1,2026-05-31,32.5,22.6,24.7,,,,,,27.5,,0.0,0.0
鲁中参考点,jma_seamless,2026-05-29,2,2026-05-31,32.7,22.5,24.2,,,,,,47.0,,0.0,0.0
鲁中参考点,jma_seamless,2026-05-28,3,2026-05-31,32.6,23.4,24.0,,,,,,52.0,,0.0,0.0
鲁中参考点,jma_seamless,2026-05-27,4,2026-05-31,32.7,23.0,24.2,,,,,,48.5,,0.0,0.0
鲁中参考点,jma_seamless,2026-05-26,5,2026-05-31,32.9,23.8,25.5,,,,,,63.8,,0.0,0.0
鲁中参考点,jma_seamless,2026-05-25,6,2026-05-31,33.8,23.9,25.1,,,,,,51.8,,0.0,0.0
鲁中参考点,jma_seamless,2026-05-24,7,2026-05-31,35.5,20.5,25.2,,,,,,24.5,,4.5,0.0
鲁中参考点,ecmwf_ifs025,2026-05-31,1,2026-06-01,33.2,21.7,25.9,,34.8,42.8,16.4,,44.8,25.67,0.0,
鲁中参考点,ecmwf_ifs025,2026-05-30,2,2026-06-01,31.6,20.4,25.5,,33.4,48.8,15.9,,44.2,27.66,0.0,
鲁中参考点,ecmwf_ifs025,2026-05-29,3,2026-06-01,30.8,19.6,25.1,,33.2,54.4,15.3,,31.1,27.64,0.0,
鲁中参考点,ecmwf_ifs025,2026-05-28,4,2026-06-01,28.9,18.1,23.1,,30.4,57.1,16.0,,35.5,27.62,0.0,
鲁中参考点,ecmwf_ifs025,2026-05-27,5,2026-06-01,28.6,19.0,22.3,,29.5,52.8,16.0,,46.5,27.57,0.0,
鲁中参考点,ecmwf_ifs025,2026-05-26,6,2026-06-01,28.2,17.5,20.9,,29.1,53.9,15.8,,56.7,27.94,0.0,
鲁中参考点,ecmwf_ifs025,2026-05-25,7,2026-06-01,28.3,20.4,22.9,,29.9,60.2,17.2,,90.4,22.22,0.0,
鲁中参考点,gfs_seamless,2026-05-31,1,2026-06-01,31.6,20.0,24.3,,31.9,40.9,14.8,54.4,76.5,26.18,0.0,0.0
鲁中参考点,gfs_seamless,2026-05-30,2,2026-06-01,31.8,20.2,24.8,,31.9,39.3,14.6,52.6,87.5,27.71,0.0,0.0
鲁中参考点,gfs_seamless,2026-05-29,3,2026-06-01,32.7,19.9,24.7,,33.0,38.2,14.2,57.6,73.3,28.32,0.0,0.0
鲁中参考点,gfs_seamless,2026-05-28,4,2026-06-01,31.7,19.6,24.6,,31.5,38.1,12.1,48.6,79.5,25.5,0.0,0.0
鲁中参考点,gfs_seamless,2026-05-27,5,2026-06-01,32.1,19.6,23.0,,31.3,33.2,15.3,51.8,74.7,29.18,0.0,0.0
鲁中参考点,gfs_seamless,2026-05-26,6,2026-06-01,30.9,16.5,21.7,,30.7,39.2,23.8,35.3,76.0,29.01,0.0,0.0
鲁中参考点,gfs_seamless,2026-05-25,7,2026-06-01,29.4,17.0,20.2,,28.9,39.0,13.3,50.8,96.6,27.49,0.0,0.0
鲁中参考点,jma_seamless,2026-05-31,1,2026-06-01,33.5,24.2,26.4,,,,,,29.9,,0.0,0.0
鲁中参考点,jma_seamless,2026-05-30,2,2026-06-01,34.2,24.4,26.5,,,,,,56.7,,0.0,0.0
鲁中参考点,jma_seamless,2026-05-29,3,2026-06-01,33.4,24.0,25.3,,,,,,54.4,,0.0,0.0
鲁中参考点,jma_seamless,2026-05-28,4,2026-06-01,32.7,23.0,24.4,,,,,,31.0,,0.0,0.0
鲁中参考点,jma_seamless,2026-05-27,5,2026-06-01,33.6,22.1,24.2,,,,,,24.4,,0.0,0.0
鲁中参考点,jma_seamless,2026-05-26,6,2026-06-01,30.8,21.6,24.4,,,,,,53.7,,4.8,0.0
鲁中参考点,jma_seamless,2026-05-25,7,2026-06-01,26.8,17.6,22.5,,,,,,63.9,,28.5,0.0
鲁中参考点,ecmwf_ifs025,2026-06-01,1,2026-06-02,34.6,20.4,27.1,,35.7,37.2,11.6,,45.6,28.25,0.0,
鲁中参考点,ecmwf_ifs025,2026-05-31,2,2026-06-02,34.6,19.6,26.8,,36.6,40.5,13.1,,40.0,28.48,0.0,
鲁中参考点,ecmwf_ifs025,2026-05-30,3,2026-06-02,33.7,19.3,27.0,,37.4,49.0,13.4,,23.9,28.79,0.0,
鲁中参考点,ecmwf_ifs025,2026-05-29,4,2026-06-02,33.2,19.4,27.2,,38.7,56.2,11.9,,39.6,28.28,0.0,
鲁中参考点,ecmwf_ifs025,2026-05-28,5,2026-06-02,32.4,18.3,26.7,,38.9,62.6,10.7,,36.7,28.15,0.0,
鲁中参考点,ecmwf_ifs025,2026-05-27,6,2026-06-02,29.8,16.8,24.4,,32.8,61.7,9.9,,31.1,28.29,0.0,
鲁中参考点,ecmwf_ifs025,2026-05-26,7,2026-06-02,29.6,19.6,26.4,,33.1,65.1,4.3,,36.5,27.81,0.0,
鲁中参考点,gfs_seamless,2026-06-01,1,2026-06-02,33.0,18.7,25.2,,33.7,39.4,10.4,28.8,46.2,29.37,0.0,0.0
鲁中参考点,gfs_seamless,2026-05-31,2,2026-06-02,31.9,18.8,24.6,,32.1,40.0,11.5,28.4,72.8,29.08,0.0,0.0
鲁中参考点,gfs_seamless,2026-05-30,3,2026-06-02,33.3,18.9,25.3,,35.3,44.4,12.1,36.0,30.2,29.29,0.0,0.0
鲁中参考点,gfs_seamless,2026-05-29,4,2026-06-02,33.6,21.0,25.7,,34.7,39.7,11.1,29.2,29.1,30.01,0.0,0.0
鲁中参考点,gfs_seamless,2026-05-28,5,2026-06-02,33.5,16.4,23.9,,34.4,39.2,11.8,36.7,45.1,29.85,0.0,0.0
鲁中参考点,gfs_seamless,2026-05-27,6,2026-06-02,30.4,17.7,22.4,,30.4,41.6,11.1,34.6,95.8,24.15,0.0,0.0
鲁中参考点,gfs_seamless,2026-05-26,7,2026-06-02,32.9,17.2,22.7,,35.8,48.8,18.3,43.6,82.8,25.97,0.0,0.0
鲁中参考点,jma_seamless,2026-06-01,1,2026-06-02,34.1,23.3,26.5,,,,,,25.8,,0.0,0.0
鲁中参考点,jma_seamless,2026-05-31,2,2026-06-02,34.9,23.0,26.6,,,,,,49.0,,0.0,0.0
鲁中参考点,jma_seamless,2026-05-30,3,2026-06-02,36.0,22.9,27.2,,,,,,35.0,,0.0,0.0
鲁中参考点,jma_seamless,2026-05-29,4,2026-06-02,34.5,21.8,26.4,,,,,,24.5,,0.0,0.0
鲁中参考点,jma_seamless,2026-05-28,5,2026-06-02,32.8,20.0,24.6,,,,,,40.6,,0.0,0.0
鲁中参考点,jma_seamless,2026-05-27,6,2026-06-02,35.4,22.5,26.5,,,,,,36.9,,0.0,0.0
鲁中参考点,jma_seamless,2026-05-26,7,2026-06-02,32.6,18.0,24.6,,,,,,70.5,,56.7,0.0
鲁中参考点,jma_seamless,2026-06-02,1,2026-06-03,33.5,21.9,27.7,,36.9,48.7,10.4,,53.6,,,0.0
鲁中参考点,jma_seamless,2026-06-01,2,2026-06-03,34.9,24.5,28.7,,38.4,44.3,10.8,,53.1,,,0.0
鲁中参考点,jma_seamless,2026-05-31,3,2026-06-03,35.4,22.0,28.1,,41.2,48.9,10.8,,71.5,,,0.0
鲁中参考点,jma_seamless,2026-05-30,4,2026-06-03,36.3,23.8,27.6,,41.5,44.5,12.6,,37.6,,,0.0
鲁中参考点,jma_seamless,2026-05-29,5,2026-06-03,34.7,23.4,28.2,,38.7,46.4,12.3,,36.0,,,0.0
鲁中参考点,jma_seamless,2026-05-28,6,2026-06-03,33.8,21.7,27.1,,38.5,51.5,15.1,,71.4,,,0.0
鲁中参考点,jma_seamless,2026-05-27,7,2026-06-03,33.2,19.4,25.6,,35.3,44.9,5.8,,37.7,,,0.0
鲁中参考点,jma_seamless,2026-06-03,1,2026-06-04,22.5,14.8,18.5,,,75.0,10.6,,45.7,,,0.0
鲁中参考点,jma_seamless,2026-06-02,2,2026-06-04,24.5,17.5,21.1,,,70.0,9.2,,41.5,,,0.0
鲁中参考点,jma_seamless,2026-06-01,3,2026-06-04,22.4,18.3,22.8,,,84.7,7.1,,55.2,,,0.0
鲁中参考点,jma_seamless,2026-05-31,4,2026-06-04,25.5,20.5,24.8,,,73.4,7.3,,33.1,,,0.0
鲁中参考点,jma_seamless,2026-05-30,5,2026-06-04,26.9,20.3,23.3,,,57.0,8.8,,28.2,,,0.0
鲁中参考点,jma_seamless,2026-05-29,6,2026-06-04,31.3,19.2,24.7,,37.0,65.5,13.0,,60.2,,,0.0
鲁中参考点,jma_seamless,2026-05-28,7,2026-06-04,25.4,16.7,19.6,,,54.5,7.9,,27.7,,,0.0
鲁中参考点,jma_seamless,2026-06-04,1,2026-06-05,27.9,15.7,21.9,,28.6,53.0,5.4,,16.6,,,0.0
鲁中参考点,jma_seamless,2026-06-03,2,2026-06-05,28.9,15.8,21.5,,29.1,45.9,5.4,,14.4,,,0.0
鲁中参考点,jma_seamless,2026-06-02,3,2026-06-05,29.8,16.5,22.1,,30.1,45.6,6.6,,25.1,,,0.0
鲁中参考点,jma_seamless,2026-06-01,4,2026-06-05,26.4,18.8,22.2,,,58.7,6.0,,39.5,,,0.0
鲁中参考点,jma_seamless,2026-05-31,5,2026-06-05,27.6,18.5,21.5,,27.5,42.8,4.0,,65.1,,,0.0
鲁中参考点,jma_seamless,2026-05-30,6,2026-06-05,30.2,21.1,24.0,,29.7,38.0,9.3,,27.3,,,0.0
鲁中参考点,jma_seamless,2026-05-29,7,2026-06-05,30.7,18.8,22.1,,29.5,30.4,6.9,,34.0,,,0.0
鲁中参考点,jma_seamless,2026-06-05,1,2026-06-06,25.3,16.8,19.7,,,53.7,8.8,,83.2,,,0.0
鲁中参考点,jma_seamless,2026-06-04,2,2026-06-06,30.0,15.9,21.8,,31.6,53.2,9.3,,89.3,,,0.0
鲁中参考点,jma_seamless,2026-06-03,3,2026-06-06,28.2,18.4,21.3,,28.1,42.9,12.5,,94.3,,,0.0
鲁中参考点,jma_seamless,2026-06-02,4,2026-06-06,25.3,20.0,21.6,,,46.3,7.4,,82.6,,,0.0
鲁中参考点,jma_seamless,2026-06-01,5,2026-06-06,19.8,16.5,17.6,,,71.2,6.4,,81.4,,,0.0
鲁中参考点,jma_seamless,2026-05-31,6,2026-06-06,29.4,19.5,21.8,,28.4,33.0,5.5,,73.5,,,0.0
鲁中参考点,jma_seamless,2026-05-30,7,2026-06-06,25.6,18.1,22.0,,,72.4,7.5,,72.9,,,0.0
鲁中参考点,jma_seamless,2026-06-06,1,2026-06-07,23.0,13.8,17.2,,,65.9,6.6,,88.1,,,0.0
鲁中参考点,jma_seamless,2026-06-05,2,2026-06-07,22.4,15.6,18.2,,,71.7,8.2,,64.8,,,0.0
鲁中参考点,jma_seamless,2026-06-04,3,2026-06-07,23.5,15.8,18.4,,,67.8,7.8,,69.3,,,0.0
鲁中参考点,jma_seamless,2026-06-03,4,2026-06-07,21.8,17.1,19.8,,,68.3,5.2,,56.6,,,0.0
鲁中参考点,jma_seamless,2026-06-02,5,2026-06-07,22.0,16.6,20.1,,,74.6,5.4,,71.9,,,0.0
鲁中参考点,jma_seamless,2026-06-01,6,2026-06-07,25.4,19.0,21.5,,,51.8,3.7,,86.0,,,0.0
鲁中参考点,jma_seamless,2026-05-31,7,2026-06-07,27.7,17.9,21.2,,27.7,45.0,7.5,,43.9,,,0.0
鲁中参考点,jma_seamless,2026-06-07,1,2026-06-08,28.3,16.4,20.4,,27.8,38.2,6.8,,44.5,,,0.0
鲁中参考点,jma_seamless,2026-06-06,2,2026-06-08,29.2,15.5,20.6,,29.0,41.9,6.3,,2.0,,,0.0
鲁中参考点,jma_seamless,2026-06-05,3,2026-06-08,29.8,16.5,21.0,,29.2,37.2,8.4,,6.1,,,0.0
鲁中参考点,jma_seamless,2026-06-04,4,2026-06-08,29.5,14.5,20.8,,29.7,44.9,6.9,,43.2,,,0.0
鲁中参考点,jma_seamless,2026-06-03,5,2026-06-08,29.8,16.7,22.8,,30.6,49.0,6.1,,48.8,,,0.0
鲁中参考点,jma_seamless,2026-06-02,6,2026-06-08,27.3,19.1,21.1,,27.6,47.8,9.7,,34.9,,,0.0
鲁中参考点,jma_seamless,2026-06-01,7,2026-06-08,28.0,19.4,21.9,,28.2,47.2,5.0,,63.5,,,0.0
鲁中参考点,jma_seamless,2026-06-08,1,2026-06-09,28.8,19.4,21.5,,28.1,36.2,9.8,,2.2,,,0.0
鲁中参考点,jma_seamless,2026-06-07,2,2026-06-09,29.0,20.2,21.1,,28.0,32.3,10.1,,5.4,,,0.0
鲁中参考点,jma_seamless,2026-06-06,3,2026-06-09,29.0,20.6,21.6,,28.3,36.6,12.9,,10.2,,,0.0
鲁中参考点,jma_seamless,2026-06-05,4,2026-06-09,28.3,20.4,22.2,,27.7,36.8,8.1,,19.9,,,0.0
鲁中参考点,jma_seamless,2026-06-04,5,2026-06-09,31.1,18.5,22.8,,30.1,32.7,7.0,,31.1,,,0.0
鲁中参考点,jma_seamless,2026-06-03,6,2026-06-09,28.7,18.3,22.5,,28.4,40.9,7.0,,9.2,,,0.0
鲁中参考点,jma_seamless,2026-06-02,7,2026-06-09,24.0,16.0,19.2,,,57.0,8.5,,47.4,,,0.0
鲁中参考点,jma_seamless,2026-06-09,1,2026-06-10,23.8,16.8,20.0,,,57.0,3.9,,12.5,,,0.0
鲁中参考点,jma_seamless,2026-06-08,2,2026-06-10,25.9,17.7,20.5,,,50.1,5.3,,0.0,,,0.0
鲁中参考点,jma_seamless,2026-06-07,3,2026-06-10,24.8,16.8,20.7,,,62.8,5.9,,3.6,,,0.0
鲁中参考点,jma_seamless,2026-06-06,4,2026-06-10,30.3,17.6,21.7,,30.0,39.8,5.6,,0.9,,,0.0
鲁中参考点,jma_seamless,2026-06-05,5,2026-06-10,30.6,16.6,22.0,,30.6,41.5,3.5,,0.0,,,0.0
鲁中参考点,jma_seamless,2026-06-04,6,2026-06-10,31.4,22.6,24.1,,30.1,29.2,7.7,,1.6,,,0.0
鲁中参考点,jma_seamless,2026-06-03,7,2026-06-10,30.6,17.1,22.4,,30.5,40.8,5.1,,4.2,,,0.0
鲁中参考点,jma_seamless,2026-06-10,1,2026-06-11,29.2,17.2,22.5,,30.0,50.9,4.2,,23.4,,,0.0
鲁中参考点,jma_seamless,2026-06-09,2,2026-06-11,29.0,16.0,22.1,,29.8,50.9,4.2,,9.2,,,0.0
鲁中参考点,jma_seamless,2026-06-08,3,2026-06-11,29.4,17.0,22.4,,30.6,52.8,3.8,,16.8,,,0.0
鲁中参考点,jma_seamless,2026-06-07,4,2026-06-11,28.6,16.6,22.2,,29.2,50.3,4.0,,3.5,,,0.0
鲁中参考点,jma_seamless,2026-06-06,5,2026-06-11,30.5,17.5,22.8,,30.7,43.3,5.5,,0.0,,,0.0
鲁中参考点,jma_seamless,2026-06-05,6,2026-06-11,31.7,21.7,24.7,,31.6,38.4,6.2,,45.9,,,0.0
鲁中参考点,jma_seamless,2026-06-04,7,2026-06-11,33.7,19.3,25.4,,33.3,32.3,7.3,,28.3,,,0.0
鲁中参考点,gfs_seamless,2026-06-11,1,2026-06-12,21.2,21.2,24.0,,,39.2,9.7,,,26.58,1.0,0.0
鲁中参考点,gfs_seamless,2026-06-10,2,2026-06-12,18.9,18.9,21.0,,,36.3,9.2,,,26.94,0.0,0.0
鲁中参考点,gfs_seamless,2026-06-09,3,2026-06-12,21.2,21.2,24.4,,,33.9,10.2,,,23.27,0.0,0.0
鲁中参考点,gfs_seamless,2026-06-08,4,2026-06-12,21.4,21.4,24.3,,,37.9,12.4,,,29.12,0.0,0.0
鲁中参考点,gfs_seamless,2026-06-07,5,2026-06-12,23.4,23.4,25.9,,,30.4,14.0,,,30.41,0.0,0.0
鲁中参考点,gfs_seamless,2026-06-06,6,2026-06-12,21.6,21.6,23.1,,,31.6,11.1,,,30.1,0.0,0.0
鲁中参考点,gfs_seamless,2026-06-05,7,2026-06-12,20.4,20.4,22.0,,,47.5,10.1,,,8.82,0.2,0.0
鲁中参考点,jma_seamless,2026-06-11,1,2026-06-12,33.3,17.8,25.3,,34.5,41.2,7.1,,34.6,,,0.0
鲁中参考点,jma_seamless,2026-06-10,2,2026-06-12,33.5,18.6,25.7,,34.6,40.0,7.3,,88.4,,,0.0
鲁中参考点,jma_seamless,2026-06-09,3,2026-06-12,32.4,18.2,25.3,,32.6,38.7,5.0,,74.6,,,0.0
鲁中参考点,jma_seamless,2026-06-08,4,2026-06-12,33.3,20.6,24.8,,34.3,40.3,6.3,,56.5,,,0.0
鲁中参考点,jma_seamless,2026-06-07,5,2026-06-12,31.9,22.3,25.3,,31.4,35.1,5.9,,14.7,,,0.0
鲁中参考点,jma_seamless,2026-06-06,6,2026-06-12,34.0,22.6,25.5,,33.0,28.5,10.2,,4.6,,,0.0
鲁中参考点,jma_seamless,2026-06-05,7,2026-06-12,34.2,23.3,26.4,,33.6,30.5,11.3,,46.2,,,0.0
鲁中参考点,jma_seamless,2026-06-12,1,2026-06-13,32.1,24.1,26.8,,32.8,42.0,11.5,,36.6,,,0.0
鲁中参考点,jma_seamless,2026-06-11,2,2026-06-13,32.4,23.7,26.4,,32.6,38.8,12.0,,22.8,,,0.0
鲁中参考点,jma_seamless,2026-06-10,3,2026-06-13,31.6,24.8,26.3,,31.0,35.5,11.1,,38.8,,,0.0
鲁中参考点,jma_seamless,2026-06-09,4,2026-06-13,25.4,22.2,23.0,,,47.8,12.6,,61.8,,,0.0
鲁中参考点,jma_seamless,2026-06-08,5,2026-06-13,31.5,22.6,25.0,,31.1,36.8,11.0,,18.8,,,0.0
鲁中参考点,jma_seamless,2026-06-07,6,2026-06-13,34.3,24.0,26.3,,34.2,32.5,12.0,,31.3,,,0.0
鲁中参考点,jma_seamless,2026-06-06,7,2026-06-13,34.5,19.9,26.3,,38.7,47.6,8.4,,44.5,,,0.0
鲁中参考点,jma_seamless,2026-06-13,1,2026-06-14,29.1,21.0,25.1,,30.6,55.9,9.4,,34.7,,,0.0
鲁中参考点,jma_seamless,2026-06-12,2,2026-06-14,31.7,21.7,25.3,,33.4,48.2,11.8,,36.3,,,0.0
鲁中参考点,jma_seamless,2026-06-11,3,2026-06-14,32.4,22.3,25.8,,33.6,43.4,10.0,,36.7,,,0.0
鲁中参考点,jma_seamless,2026-06-10,4,2026-06-14,28.5,21.5,23.5,,29.7,56.2,12.6,,9.7,,,0.0
鲁中参考点,jma_seamless,2026-06-09,5,2026-06-14,30.2,21.4,25.3,,32.0,53.5,8.2,,7.2,,,0.0
鲁中参考点,jma_seamless,2026-06-08,6,2026-06-14,28.2,20.3,23.6,,28.9,52.7,9.9,,27.5,,,0.0
鲁中参考点,jma_seamless,2026-06-07,7,2026-06-14,32.1,18.3,26.1,,35.9,55.1,7.9,,10.9,,,0.0
鲁中参考点,jma_seamless,2026-06-14,1,2026-06-15,28.0,19.9,23.8,,30.2,66.4,10.1,,52.3,,,0.0
鲁中参考点,jma_seamless,2026-06-13,2,2026-06-15,28.3,20.3,24.4,,31.0,68.2,9.5,,68.6,,,0.0
鲁中参考点,jma_seamless,2026-06-12,3,2026-06-15,29.7,22.5,26.5,,33.9,68.0,11.5,,55.5,,,0.0
鲁中参考点,jma_seamless,2026-06-11,4,2026-06-15,31.2,21.4,25.9,,35.2,59.8,11.9,,50.2,,,0.0
鲁中参考点,jma_seamless,2026-06-10,5,2026-06-15,29.8,21.1,26.6,,33.3,64.2,8.1,,36.0,,,0.0
鲁中参考点,jma_seamless,2026-06-09,6,2026-06-15,31.4,19.8,26.2,,36.2,61.6,9.7,,39.5,,,0.0
鲁中参考点,jma_seamless,2026-06-08,7,2026-06-15,30.5,20.7,25.0,,31.9,50.6,6.0,,57.5,,,0.0
鲁中参考点,jma_seamless,2026-06-15,1,2026-06-16,29.1,20.2,24.8,,32.5,67.7,11.1,,50.9,,,0.0
鲁中参考点,jma_seamless,2026-06-14,2,2026-06-16,28.2,20.6,25.1,,30.9,69.2,10.1,,56.0,,,0.0
鲁中参考点,jma_seamless,2026-06-13,3,2026-06-16,30.3,21.0,26.1,,34.6,65.3,9.3,,59.9,,,0.0
鲁中参考点,jma_seamless,2026-06-12,4,2026-06-16,28.8,22.4,26.4,,31.8,66.9,10.7,,44.9,,,0.0
鲁中参考点,jma_seamless,2026-06-11,5,2026-06-16,31.2,22.9,27.2,,36.2,63.4,11.4,,53.7,,,0.0
鲁中参考点,jma_seamless,2026-06-10,6,2026-06-16,34.3,23.6,29.5,,40.3,53.4,11.0,,70.7,,,0.0
鲁中参考点,jma_seamless,2026-06-09,7,2026-06-16,35.2,21.4,28.9,,41.4,50.5,11.0,,28.1,,,0.0
鲁中参考点,gfs_seamless,2026-06-16,1,2026-06-17,29.7,20.0,26.6,,,,,24.1,55.3,28.11,0.0,0.0
鲁中参考点,gfs_seamless,2026-06-15,2,2026-06-17,28.3,19.2,25.7,,,,,35.6,65.5,27.59,0.1,0.0
鲁中参考点,gfs_seamless,2026-06-14,3,2026-06-17,25.4,20.0,25.2,,,,,33.5,67.4,26.01,0.3,0.0
鲁中参考点,gfs_seamless,2026-06-13,4,2026-06-17,32.1,19.9,27.7,,,,,33.8,29.0,28.77,0.0,0.0
鲁中参考点,gfs_seamless,2026-06-12,5,2026-06-17,33.3,18.4,27.8,,,,,34.2,57.6,27.81,0.0,0.0
鲁中参考点,gfs_seamless,2026-06-11,6,2026-06-17,33.8,20.2,25.9,,,,,33.8,59.5,27.77,0.6,0.0
鲁中参考点,gfs_seamless,2026-06-10,7,2026-06-17,32.1,19.9,27.0,,,,,25.9,80.8,12.04,18.4,0.0
鲁中参考点,jma_seamless,2026-06-16,1,2026-06-17,31.9,21.6,27.9,,37.6,62.4,7.2,,,,,0.0
鲁中参考点,jma_seamless,2026-06-15,2,2026-06-17,31.9,21.8,28.0,,37.9,63.5,9.8,,,,,0.0
鲁中参考点,jma_seamless,2026-06-14,3,2026-06-17,32.2,22.3,28.5,,38.4,62.7,7.5,,,,,0.0
鲁中参考点,jma_seamless,2026-06-13,4,2026-06-17,31.2,22.5,28.8,,36.7,65.1,8.3,,,,,0.0
鲁中参考点,jma_seamless,2026-06-12,5,2026-06-17,31.9,21.4,27.2,,36.7,59.5,7.7,,,,,0.0
鲁中参考点,jma_seamless,2026-06-11,6,2026-06-17,31.9,23.9,28.7,,36.2,57.9,9.5,,,,,0.0
鲁中参考点,jma_seamless,2026-06-10,7,2026-06-17,34.9,25.2,30.0,,38.8,45.4,6.7,,,,,0.0
鲁中参考点,gfs_seamless,2026-06-17,1,2026-06-18,31.6,20.9,27.7,,,,,38.5,96.6,14.06,0.3,0.0
鲁中参考点,gfs_seamless,2026-06-16,2,2026-06-18,34.1,18.9,28.3,,,,,28.1,99.9,23.19,0.0,0.0
鲁中参考点,gfs_seamless,2026-06-15,3,2026-06-18,32.5,21.2,28.7,,,,,31.7,100.0,20.56,0.1,0.0
鲁中参考点,gfs_seamless,2026-06-14,4,2026-06-18,34.1,19.8,28.7,,,,,27.4,66.5,22.87,0.2,0.0
鲁中参考点,gfs_seamless,2026-06-13,5,2026-06-18,34.8,19.6,29.1,,,,,34.6,54.6,24.66,0.0,0.0
鲁中参考点,gfs_seamless,2026-06-12,6,2026-06-18,33.8,20.0,28.4,,,,,32.4,32.5,27.56,0.0,0.0
鲁中参考点,gfs_seamless,2026-06-11,7,2026-06-18,31.0,20.2,27.3,,,,,21.6,71.8,18.37,0.0,0.0
鲁中参考点,jma_seamless,2026-06-17,1,2026-06-18,32.3,23.9,29.5,,38.1,61.1,7.5,,95.1,,,0.0
鲁中参考点,jma_seamless,2026-06-16,2,2026-06-18,32.1,24.4,29.8,,37.1,59.4,7.7,,95.1,,,0.0
鲁中参考点,jma_seamless,2026-06-15,3,2026-06-18,33.5,23.9,30.1,,41.6,62.0,6.9,,93.2,,,0.0
鲁中参考点,jma_seamless,2026-06-14,4,2026-06-18,34.3,24.1,30.9,,42.6,59.0,5.3,,75.8,,,0.0
鲁中参考点,jma_seamless,2026-06-13,5,2026-06-18,33.9,23.0,30.3,,42.2,60.6,7.7,,78.1,,,0.0
鲁中参考点,jma_seamless,2026-06-12,6,2026-06-18,30.9,22.9,28.6,,35.5,63.5,5.3,,94.4,,,0.0
鲁中参考点,jma_seamless,2026-06-11,7,2026-06-18,34.5,23.8,30.2,,41.6,55.5,6.4,,95.2,,,0.0
鲁中参考点,gfs_seamless,2026-06-18,1,2026-06-19,24.4,19.7,23.8,,,,,31.0,100.0,3.66,3.9,0.0
鲁中参考点,gfs_seamless,2026-06-17,2,2026-06-19,23.4,19.0,22.5,,,,,25.6,100.0,2.67,10.8,0.0
鲁中参考点,gfs_seamless,2026-06-16,3,2026-06-19,29.8,19.5,25.1,,,,,21.2,91.9,10.92,2.8,0.0
鲁中参考点,gfs_seamless,2026-06-15,4,2026-06-19,26.7,22.5,26.0,,,,,24.1,98.7,5.72,0.4,0.0
鲁中参考点,gfs_seamless,2026-06-14,5,2026-06-19,32.4,22.4,27.8,,,,,36.4,100.0,22.87,0.0,0.0
鲁中参考点,gfs_seamless,2026-06-13,6,2026-06-19,31.8,22.8,27.8,,,,,29.2,97.3,15.97,0.0,0.0
鲁中参考点,gfs_seamless,2026-06-12,7,2026-06-19,35.9,22.1,29.1,,,,,48.6,83.9,26.69,0.0,0.0
鲁中参考点,jma_seamless,2026-06-18,1,2026-06-19,25.2,20.2,25.9,,,78.6,5.9,,94.8,,,0.0
鲁中参考点,jma_seamless,2026-06-17,2,2026-06-19,26.1,21.6,26.7,,,73.0,4.6,,87.2,,,0.0
鲁中参考点,jma_seamless,2026-06-16,3,2026-06-19,27.6,19.6,26.3,,30.3,73.4,8.4,,92.0,,,0.0
鲁中参考点,jma_seamless,2026-06-15,4,2026-06-19,28.1,22.6,28.4,,30.2,65.0,7.8,,92.2,,,0.0
鲁中参考点,jma_seamless,2026-06-14,5,2026-06-19,35.5,23.0,30.9,,43.7,54.2,5.9,,87.2,,,0.0
鲁中参考点,jma_seamless,2026-06-13,6,2026-06-19,31.8,21.8,28.8,,40.1,70.7,5.8,,97.8,,,0.0
鲁中参考点,jma_seamless,2026-06-12,7,2026-06-19,30.2,23.8,28.8,,32.6,56.9,5.4,,70.8,,,0.0
鲁中参考点,gfs_seamless,2026-06-19,1,2026-06-20,30.8,18.9,25.3,,,,,25.9,68.7,23.07,0.1,0.0
鲁中参考点,gfs_seamless,2026-06-18,2,2026-06-20,30.3,19.1,25.1,,,,,27.7,89.1,19.68,1.9,0.0
鲁中参考点,gfs_seamless,2026-06-17,3,2026-06-20,27.9,19.1,25.6,,,,,14.0,93.3,15.56,1.8,0.0
鲁中参考点,gfs_seamless,2026-06-16,4,2026-06-20,30.6,21.2,27.1,,,,,17.3,88.8,23.79,0.8,0.0
鲁中参考点,gfs_seamless,2026-06-15,5,2026-06-20,26.9,19.6,24.2,,,,,28.4,63.8,21.27,2.1,0.0
鲁中参考点,gfs_seamless,2026-06-14,6,2026-06-20,30.8,18.1,25.4,,,,,19.8,84.2,18.28,2.1,0.0
鲁中参考点,gfs_seamless,2026-06-13,7,2026-06-20,24.5,17.7,21.4,,,,,52.2,93.0,5.07,3.6,0.0
鲁中参考点,jma_seamless,2026-06-19,1,2026-06-20,29.3,20.0,26.5,,33.2,68.9,5.0,,60.9,,,0.0
鲁中参考点,jma_seamless,2026-06-18,2,2026-06-20,28.0,20.0,26.5,,30.4,68.3,4.6,,60.9,,,0.0
鲁中参考点,jma_seamless,2026-06-17,3,2026-06-20,29.0,19.7,26.8,,32.1,66.5,3.0,,80.0,,,0.0
鲁中参考点,jma_seamless,2026-06-16,4,2026-06-20,28.4,19.9,26.1,,32.0,73.3,6.0,,54.4,,,0.0
鲁中参考点,jma_seamless,2026-06-15,5,2026-06-20,26.0,20.0,25.2,,,74.8,5.0,,70.8,,,0.0
鲁中参考点,jma_seamless,2026-06-14,6,2026-06-20,33.6,21.1,27.8,,41.4,60.8,5.7,,68.0,,,0.0
鲁中参考点,jma_seamless,2026-06-13,7,2026-06-20,26.4,18.9,23.0,,,77.0,11.1,,67.9,,,0.0
鲁中参考点,gfs_seamless,2026-06-20,1,2026-06-21,29.6,20.5,22.1,,,,,19.8,92.6,15.81,0.0,0.0
鲁中参考点,gfs_seamless,2026-06-19,2,2026-06-21,29.1,18.1,22.1,,,,,25.6,100.0,17.07,0.2,0.0
鲁中参考点,gfs_seamless,2026-06-18,3,2026-06-21,31.2,20.1,25.3,,,,,21.6,87.4,27.45,0.0,0.0
鲁中参考点,gfs_seamless,2026-06-17,4,2026-06-21,29.9,20.9,25.5,,,,,20.9,60.7,16.75,3.0,0.0
鲁中参考点,gfs_seamless,2026-06-16,5,2026-06-21,28.9,19.0,24.2,,,,,23.8,98.3,13.19,0.0,0.0
鲁中参考点,gfs_seamless,2026-06-15,6,2026-06-21,29.5,16.3,21.1,,,,,24.1,87.0,23.28,0.0,0.0
鲁中参考点,gfs_seamless,2026-06-14,7,2026-06-21,31.5,16.4,26.0,,,,,24.5,84.3,25.54,0.0,0.0
鲁中参考点,jma_seamless,2026-06-20,1,2026-06-21,31.2,22.3,25.2,,31.1,39.8,5.1,,75.6,,,0.0
鲁中参考点,jma_seamless,2026-06-19,2,2026-06-21,28.3,21.4,23.0,,27.9,39.3,4.5,,76.8,,,0.0
鲁中参考点,jma_seamless,2026-06-18,3,2026-06-21,28.5,21.5,25.8,,29.8,56.5,5.5,,91.6,,,0.0
鲁中参考点,jma_seamless,2026-06-17,4,2026-06-21,29.3,21.7,26.1,,30.4,52.8,5.4,,60.6,,,0.0
鲁中参考点,jma_seamless,2026-06-16,5,2026-06-21,28.2,21.0,23.2,,27.8,40.0,4.7,,70.2,,,0.0
鲁中参考点,jma_seamless,2026-06-15,6,2026-06-21,27.1,20.5,24.4,,28.5,64.0,7.1,,65.9,,,0.0
鲁中参考点,jma_seamless,2026-06-14,7,2026-06-21,34.2,20.1,29.8,,45.3,65.7,5.5,,30.7,,,0.0
鲁中参考点,gfs_seamless,2026-06-21,1,2026-06-22,29.9,19.4,23.3,,,,,29.5,94.5,27.51,0.0,0.0
鲁中参考点,gfs_seamless,2026-06-20,2,2026-06-22,29.0,18.4,23.0,,,,,32.0,86.0,26.8,0.0,0.0
鲁中参考点,gfs_seamless,2026-06-19,3,2026-06-22,30.5,17.4,22.5,,,,,27.0,86.0,26.07,0.0,0.0
鲁中参考点,gfs_seamless,2026-06-18,4,2026-06-22,32.0,20.4,26.1,,,,,41.8,60.8,27.15,0.0,0.0
鲁中参考点,gfs_seamless,2026-06-17,5,2026-06-22,31.8,19.1,25.6,,,,,25.2,67.0,26.8,0.0,0.0
鲁中参考点,gfs_seamless,2026-06-16,6,2026-06-22,31.7,16.8,22.8,,,,,27.0,65.8,29.18,0.0,0.0
鲁中参考点,gfs_seamless,2026-06-15,7,2026-06-22,30.7,15.9,22.0,,,,,20.5,75.9,28.03,0.0,0.0
鲁中参考点,jma_seamless,2026-06-21,1,2026-06-22,31.2,20.8,23.9,,31.0,38.5,5.5,,59.5,,,0.0
鲁中参考点,jma_seamless,2026-06-20,2,2026-06-22,27.0,19.9,23.0,,27.0,43.6,6.2,,67.7,,,0.0
鲁中参考点,jma_seamless,2026-06-19,3,2026-06-22,28.3,18.9,23.6,,28.5,47.4,4.5,,92.1,,,0.0
鲁中参考点,jma_seamless,2026-06-18,4,2026-06-22,23.6,17.5,21.4,,,62.0,4.9,,94.9,,,0.0
鲁中参考点,jma_seamless,2026-06-17,5,2026-06-22,27.3,15.7,22.5,,28.0,54.2,5.5,,82.7,,,0.0
鲁中参考点,jma_seamless,2026-06-16,6,2026-06-22,32.3,19.4,25.0,,33.0,41.4,6.9,,70.1,,,0.0
鲁中参考点,jma_seamless,2026-06-15,7,2026-06-22,31.0,20.5,24.8,,31.4,43.0,6.5,,62.8,,,0.0
鲁中参考点,gfs_seamless,2026-06-22,1,2026-06-23,30.3,16.9,23.3,,,,,39.2,73.5,28.6,0.0,0.0
鲁中参考点,gfs_seamless,2026-06-21,2,2026-06-23,29.7,17.8,22.6,,,,,36.0,88.0,26.78,0.0,0.0
鲁中参考点,gfs_seamless,2026-06-20,3,2026-06-23,29.2,18.6,22.9,,,,,29.5,95.8,26.26,0.0,0.0
鲁中参考点,gfs_seamless,2026-06-19,4,2026-06-23,29.9,18.3,23.2,,,,,34.9,74.0,27.75,0.0,0.0
鲁中参考点,gfs_seamless,2026-06-18,5,2026-06-23,30.3,19.9,24.8,,,,,35.3,88.0,21.65,1.3,0.0
鲁中参考点,gfs_seamless,2026-06-17,6,2026-06-23,29.8,20.9,25.3,,,,,24.8,92.9,26.99,0.0,0.0
鲁中参考点,gfs_seamless,2026-06-16,7,2026-06-23,33.1,16.9,22.8,,,,,24.8,79.2,24.68,0.0,0.0
鲁中参考点,jma_seamless,2026-06-22,1,2026-06-23,30.2,19.0,24.3,,32.3,55.4,8.1,,75.9,,,0.0
鲁中参考点,jma_seamless,2026-06-21,2,2026-06-23,29.2,18.1,23.4,,30.9,56.9,6.6,,73.3,,,0.0
鲁中参考点,jma_seamless,2026-06-20,3,2026-06-23,29.4,17.4,22.9,,31.4,58.2,6.2,,80.4,,,0.0
鲁中参考点,jma_seamless,2026-06-19,4,2026-06-23,29.3,19.5,24.1,,31.7,60.9,6.0,,64.0,,,0.0
鲁中参考点,jma_seamless,2026-06-18,5,2026-06-23,29.5,14.5,22.4,,31.9,60.2,6.9,,37.0,,,0.0
鲁中参考点,jma_seamless,2026-06-17,6,2026-06-23,28.3,20.7,23.5,,28.4,45.5,7.0,,34.0,,,0.0
鲁中参考点,jma_seamless,2026-06-16,7,2026-06-23,31.5,17.8,23.8,,32.8,46.9,7.0,,37.5,,,0.0
鲁中参考点,gfs_seamless,2026-06-23,1,2026-06-24,31.4,18.2,26.0,,,,,28.1,95.3,25.5,0.0,0.0
鲁中参考点,gfs_seamless,2026-06-22,2,2026-06-24,32.2,16.9,26.3,,,,,27.4,71.6,26.55,0.0,0.0
鲁中参考点,gfs_seamless,2026-06-21,3,2026-06-24,31.8,17.4,25.6,,,,,26.6,77.6,21.27,0.3,0.0
鲁中参考点,gfs_seamless,2026-06-20,4,2026-06-24,29.9,17.1,24.8,,,,,29.2,51.3,25.21,0.2,0.0
鲁中参考点,gfs_seamless,2026-06-19,5,2026-06-24,31.4,18.2,23.1,,,,,30.6,77.2,26.7,0.0,0.0
鲁中参考点,gfs_seamless,2026-06-18,6,2026-06-24,29.0,17.6,23.2,,,,,27.0,88.8,26.57,0.0,0.0
鲁中参考点,gfs_seamless,2026-06-17,7,2026-06-24,28.9,18.3,23.3,,,,,25.2,76.8,26.42,0.0,0.0
鲁中参考点,jma_seamless,2026-06-23,1,2026-06-24,31.2,20.5,26.5,,34.7,57.7,4.3,,43.5,,,0.0
鲁中参考点,jma_seamless,2026-06-22,2,2026-06-24,31.0,20.6,26.5,,33.9,56.2,3.9,,40.1,,,0.0
鲁中参考点,jma_seamless,2026-06-21,3,2026-06-24,29.3,20.3,25.5,,31.4,59.1,6.0,,65.8,,,0.0
鲁中参考点,jma_seamless,2026-06-20,4,2026-06-24,29.8,20.2,25.5,,33.1,63.4,5.8,,62.3,,,0.0
鲁中参考点,jma_seamless,2026-06-19,5,2026-06-24,30.6,19.4,24.3,,34.0,59.8,5.9,,57.9,,,0.0
鲁中参考点,jma_seamless,2026-06-18,6,2026-06-24,30.5,19.0,24.2,,33.9,60.4,6.7,,47.4,,,0.0
鲁中参考点,jma_seamless,2026-06-17,7,2026-06-24,27.7,18.4,22.7,,28.9,58.9,7.5,,51.6,,,0.0
鲁中参考点,gfs_seamless,2026-06-24,1,2026-06-25,29.6,19.0,23.0,,,,,37.8,77.4,27.98,0.0,0.0
鲁中参考点,gfs_seamless,2026-06-23,2,2026-06-25,29.5,18.6,23.5,,,,,30.2,75.2,27.72,0.0,0.0
鲁中参考点,gfs_seamless,2026-06-22,3,2026-06-25,32.3,18.5,25.4,,,,,25.2,95.0,26.1,1.5,0.0
鲁中参考点,gfs_seamless,2026-06-21,4,2026-06-25,32.0,20.0,25.6,,,,,29.9,95.0,27.48,0.5,0.0
鲁中参考点,gfs_seamless,2026-06-20,5,2026-06-25,32.1,17.0,24.2,,,,,23.4,91.3,24.62,0.0,0.0
鲁中参考点,gfs_seamless,2026-06-19,6,2026-06-25,30.3,18.9,24.5,,,,,27.4,96.3,25.46,0.0,0.0
鲁中参考点,gfs_seamless,2026-06-18,7,2026-06-25,30.6,17.3,24.2,,,,,31.7,70.7,25.5,0.0,0.0
鲁中参考点,jma_seamless,2026-06-24,1,2026-06-25,29.9,19.9,25.2,,30.3,45.5,9.0,,38.7,,,0.0
鲁中参考点,jma_seamless,2026-06-23,2,2026-06-25,30.4,21.0,25.5,,30.5,42.2,9.1,,70.4,,,0.0
鲁中参考点,jma_seamless,2026-06-22,3,2026-06-25,31.3,21.6,26.3,,33.1,49.8,6.8,,37.3,,,0.0
鲁中参考点,jma_seamless,2026-06-21,4,2026-06-25,32.5,19.1,26.0,,36.9,55.5,7.1,,60.0,,,0.0
鲁中参考点,jma_seamless,2026-06-20,5,2026-06-25,33.0,18.0,26.1,,36.5,50.9,5.3,,43.6,,,0.0
鲁中参考点,jma_seamless,2026-06-19,6,2026-06-25,33.8,18.5,26.5,,40.1,56.1,5.1,,22.1,,,0.0
鲁中参考点,jma_seamless,2026-06-18,7,2026-06-25,31.7,19.0,24.7,,35.3,56.2,8.2,,21.0,,,0.0
鲁中参考点,gfs_seamless,2026-06-25,1,2026-06-26,30.3,17.2,23.3,,,,,20.9,76.5,23.74,0.0,0.0
鲁中参考点,gfs_seamless,2026-06-24,2,2026-06-26,30.3,17.6,23.3,,,,,25.9,100.0,26.12,0.0,0.0
鲁中参考点,gfs_seamless,2026-06-23,3,2026-06-26,31.1,18.4,23.4,,,,,19.4,85.0,26.58,0.0,0.0
鲁中参考点,gfs_seamless,2026-06-22,4,2026-06-26,31.7,19.4,23.9,,,,,17.3,92.1,22.21,0.0,0.0
鲁中参考点,gfs_seamless,2026-06-21,5,2026-06-26,32.0,19.2,24.6,,,,,14.0,90.2,23.62,0.0,0.0
鲁中参考点,gfs_seamless,2026-06-20,6,2026-06-26,31.1,18.4,24.9,,,,,25.6,94.2,26.27,0.0,0.0
鲁中参考点,gfs_seamless,2026-06-19,7,2026-06-26,26.2,19.7,22.7,,,,,39.6,77.6,7.15,0.1,0.0
鲁中参考点,jma_seamless,2026-06-25,1,2026-06-26,31.1,17.6,23.7,,31.5,42.9,4.4,,37.5,,,0.0
鲁中参考点,jma_seamless,2026-06-24,2,2026-06-26,31.1,18.2,24.3,,31.9,45.4,6.4,,55.7,,,0.0
鲁中参考点,jma_seamless,2026-06-23,3,2026-06-26,31.4,19.0,24.1,,31.7,41.8,6.2,,58.5,,,0.0
鲁中参考点,jma_seamless,2026-06-22,4,2026-06-26,31.5,20.6,25.7,,31.8,41.6,5.3,,55.1,,,0.0
鲁中参考点,jma_seamless,2026-06-21,5,2026-06-26,32.4,20.7,26.2,,33.6,43.6,3.1,,46.1,,,0.0
鲁中参考点,jma_seamless,2026-06-20,6,2026-06-26,34.1,21.5,26.9,,35.6,40.0,5.6,,52.2,,,0.0
鲁中参考点,jma_seamless,2026-06-19,7,2026-06-26,27.6,20.9,26.3,,28.6,57.4,7.0,,55.8,,,0.0
鲁中参考点,gfs_seamless,2026-06-26,1,2026-06-27,32.9,19.4,25.9,,,,,24.8,36.8,0.0,0.0,0.0
鲁中参考点,gfs_seamless,2026-06-25,2,2026-06-27,33.7,20.0,26.3,,,,,20.9,61.5,0.0,0.0,0.0
鲁中参考点,gfs_seamless,2026-06-24,3,2026-06-27,33.4,20.1,26.5,,,,,23.0,52.8,0.0,0.0,0.0
鲁中参考点,gfs_seamless,2026-06-23,4,2026-06-27,32.8,20.3,26.3,,,,,24.1,59.9,0.0,0.0,0.0
鲁中参考点,gfs_seamless,2026-06-22,5,2026-06-27,31.3,19.9,24.8,,,,,18.7,63.5,0.0,0.0,0.0
鲁中参考点,gfs_seamless,2026-06-21,6,2026-06-27,31.0,20.0,25.9,,,,,34.9,74.3,0.0,0.0,0.0
鲁中参考点,gfs_seamless,2026-06-20,7,2026-06-27,30.4,17.2,24.3,,,,,42.5,49.2,0.0,0.0,0.0
鲁中参考点,jma_seamless,2026-06-26,1,2026-06-27,33.5,20.2,26.0,,34.2,38.2,4.9,,9.2,,,0.0
鲁中参考点,jma_seamless,2026-06-25,2,2026-06-27,34.4,20.4,26.5,,36.1,40.0,4.4,,7.0,,,0.0
鲁中参考点,jma_seamless,2026-06-24,3,2026-06-27,34.1,20.3,26.6,,36.0,41.4,4.3,,12.6,,,0.0
鲁中参考点,jma_seamless,2026-06-23,4,2026-06-27,34.2,21.7,26.4,,35.5,39.1,6.8,,12.0,,,0.0
鲁中参考点,jma_seamless,2026-06-22,5,2026-06-27,34.6,22.2,27.7,,38.7,47.2,6.4,,12.0,,,0.0
鲁中参考点,jma_seamless,2026-06-21,6,2026-06-27,30.8,20.3,26.4,,32.1,48.9,9.9,,26.8,,,0.0
鲁中参考点,jma_seamless,2026-06-20,7,2026-06-27,32.6,25.3,28.4,,34.1,44.5,5.6,,64.2,,,0.0
鲁中参考点,gfs_seamless,2026-06-27,1,2026-06-28,33.5,21.8,26.3,,,,,46.4,54.9,,,0.0
鲁中参考点,gfs_seamless,2026-06-26,2,2026-06-28,34.1,21.1,26.6,,,,,41.8,73.6,,,0.0
鲁中参考点,gfs_seamless,2026-06-25,3,2026-06-28,34.5,20.7,26.8,,,,,40.7,66.7,,,0.0
鲁中参考点,gfs_seamless,2026-06-24,4,2026-06-28,34.4,21.1,27.5,,,,,41.4,72.9,,,0.0
鲁中参考点,gfs_seamless,2026-06-23,5,2026-06-28,34.5,20.5,26.4,,,,,47.9,85.5,,,0.0
鲁中参考点,gfs_seamless,2026-06-22,6,2026-06-28,34.6,22.6,27.7,,,,,56.9,69.7,,,0.0
鲁中参考点,gfs_seamless,2026-06-21,7,2026-06-28,33.7,20.9,27.0,,,,,46.1,52.8,,,0.0
鲁中参考点,jma_seamless,2026-06-27,1,2026-06-28,34.9,23.7,27.6,,35.7,35.0,9.2,,35.0,,,0.0
鲁中参考点,jma_seamless,2026-06-26,2,2026-06-28,36.0,23.0,28.1,,38.1,36.8,9.7,,25.8,,,0.0
鲁中参考点,jma_seamless,2026-06-25,3,2026-06-28,36.5,23.7,28.5,,38.8,36.2,10.1,,11.0,,,0.0
鲁中参考点,jma_seamless,2026-06-24,4,2026-06-28,34.1,23.3,28.3,,36.5,43.3,10.4,,54.2,,,0.0
鲁中参考点,jma_seamless,2026-06-23,5,2026-06-28,34.7,23.8,28.4,,37.8,43.6,11.1,,31.5,,,0.0
鲁中参考点,jma_seamless,2026-06-22,6,2026-06-28,35.4,24.1,29.0,,39.7,45.1,11.5,,3.6,,,0.0
鲁中参考点,jma_seamless,2026-06-21,7,2026-06-28,33.7,23.2,28.6,,36.4,45.5,10.9,,15.7,,,0.0
鲁中参考点,gfs_seamless,2026-06-28,1,2026-06-29,30.9,21.4,25.7,,,,,37.1,90.5,,,0.0
鲁中参考点,gfs_seamless,2026-06-27,2,2026-06-29,31.9,21.3,25.9,,,,,40.3,97.7,,,0.0
鲁中参考点,gfs_seamless,2026-06-26,3,2026-06-29,32.1,20.6,26.0,,,,,40.7,98.6,,,0.0
鲁中参考点,gfs_seamless,2026-06-25,4,2026-06-29,32.0,18.9,25.9,,,,,35.6,79.6,,,0.0
鲁中参考点,gfs_seamless,2026-06-24,5,2026-06-29,32.3,20.0,25.3,,,,,47.9,92.6,,,0.0
鲁中参考点,gfs_seamless,2026-06-23,6,2026-06-29,33.6,20.3,25.9,,,,,46.1,85.8,,,0.0
鲁中参考点,gfs_seamless,2026-06-22,7,2026-06-29,35.2,22.3,28.8,,,,,54.7,77.6,,,0.0
鲁中参考点,jma_seamless,2026-06-28,1,2026-06-29,27.1,24.1,26.9,,28.7,65.6,12.1,,72.4,,,0.0
鲁中参考点,jma_seamless,2026-06-27,2,2026-06-29,32.4,24.2,28.3,,37.4,57.9,12.4,,52.8,,,0.0
鲁中参考点,jma_seamless,2026-06-26,3,2026-06-29,35.7,24.9,29.3,,41.2,47.1,12.3,,38.4,,,0.0
鲁中参考点,jma_seamless,2026-06-25,4,2026-06-29,36.4,24.6,29.1,,42.1,45.5,13.0,,41.4,,,0.0
鲁中参考点,jma_seamless,2026-06-24,5,2026-06-29,35.4,24.1,29.1,,40.3,46.7,12.8,,48.9,,,0.0
鲁中参考点,jma_seamless,2026-06-23,6,2026-06-29,36.2,24.9,30.5,,41.4,44.8,10.3,,55.9,,,0.0
鲁中参考点,jma_seamless,2026-06-22,7,2026-06-29,35.6,27.1,30.4,,38.4,40.1,13.5,,75.9,,,0.0
鲁中参考点,gfs_seamless,2026-06-29,1,2026-06-30,31.6,21.1,27.4,,,,,34.6,98.6,14.98,16.3,0.0
鲁中参考点,gfs_seamless,2026-06-28,2,2026-06-30,27.6,19.8,24.7,,,,,43.2,88.9,9.83,36.3,0.0
鲁中参考点,gfs_seamless,2026-06-27,3,2026-06-30,29.9,19.6,26.1,,,,,33.1,94.6,16.74,11.5,0.0
鲁中参考点,gfs_seamless,2026-06-26,4,2026-06-30,31.5,18.0,24.1,,,,,36.4,87.7,15.83,18.4,0.0
鲁中参考点,gfs_seamless,2026-06-25,5,2026-06-30,32.1,18.2,24.7,,,,,33.1,70.4,18.89,0.4,0.0
鲁中参考点,gfs_seamless,2026-06-24,6,2026-06-30,33.2,19.3,26.7,,,,,35.6,46.3,27.73,0.0,0.0
鲁中参考点,gfs_seamless,2026-06-23,7,2026-06-30,32.8,20.9,27.2,,,,,31.7,67.1,21.44,0.5,0.0
鲁中参考点,jma_seamless,2026-06-29,1,2026-06-30,26.4,23.0,27.9,,,81.2,7.5,,90.0,,,0.0
鲁中参考点,jma_seamless,2026-06-28,2,2026-06-30,29.5,22.8,28.3,,34.2,71.8,10.2,,89.1,,,0.0
鲁中参考点,jma_seamless,2026-06-27,3,2026-06-30,27.1,24.3,28.0,,29.1,70.3,10.5,,53.2,,,0.0
鲁中参考点,jma_seamless,2026-06-26,4,2026-06-30,32.4,22.8,28.7,,40.1,66.0,7.2,,57.6,,,0.0
鲁中参考点,jma_seamless,2026-06-25,5,2026-06-30,28.0,23.9,28.9,,30.6,69.2,8.2,,40.8,,,0.0
鲁中参考点,jma_seamless,2026-06-24,6,2026-06-30,35.4,24.7,30.7,,44.4,56.3,8.7,,62.2,,,0.0
鲁中参考点,jma_seamless,2026-06-23,7,2026-06-30,30.2,24.3,30.5,,35.1,68.2,9.5,,73.6,,,0.0
鲁中参考点,ecmwf_ifs025,2026-06-30,1,2026-07-01,27.3,19.9,27.4,,,,,,56.2,20.64,18.9,
鲁中参考点,ecmwf_ifs025,2026-06-29,2,2026-07-01,26.2,19.6,28.2,,,,,,49.0,22.16,16.8,
鲁中参考点,ecmwf_ifs025,2026-06-28,3,2026-07-01,27.2,20.9,27.4,,,,,,69.1,19.46,5.7,
鲁中参考点,ecmwf_ifs025,2026-06-27,4,2026-07-01,33.4,19.8,26.9,,,,,,75.4,17.57,3.9,
鲁中参考点,ecmwf_ifs025,2026-06-26,5,2026-07-01,31.6,22.6,28.1,,,,,,38.2,23.44,3.3,
鲁中参考点,ecmwf_ifs025,2026-06-25,6,2026-07-01,25.1,19.2,28.5,,,,,,62.4,21.15,2.1,
鲁中参考点,ecmwf_ifs025,2026-06-24,7,2026-07-01,28.6,18.4,31.3,,,,,,85.6,18.57,1.5,
鲁中参考点,jma_seamless,2026-06-30,1,2026-07-01,25.7,22.1,27.6,,,86.1,4.2,,50.0,,13.2,
鲁中参考点,jma_seamless,2026-06-29,2,2026-07-01,25.1,22.4,27.8,,,87.8,4.3,,67.5,,15.3,
鲁中参考点,jma_seamless,2026-06-28,3,2026-07-01,26.2,22.4,28.4,,,85.0,3.6,,56.9,,27.0,
鲁中参考点,jma_seamless,2026-06-27,4,2026-07-01,31.6,22.5,28.3,,40.4,73.4,5.7,,58.5,,7.2,
鲁中参考点,jma_seamless,2026-06-26,5,2026-07-01,34.3,23.9,30.8,,45.1,64.5,7.4,,71.4,,0.3,
鲁中参考点,jma_seamless,2026-06-25,6,2026-07-01,32.1,22.9,29.9,,38.9,65.0,8.8,,41.9,,1.2,
鲁中参考点,jma_seamless,2026-06-24,7,2026-07-01,26.7,23.4,26.5,,,60.4,7.3,,69.9,,0.3,
鲁中参考点,ecmwf_ifs025,2026-07-01,1,2026-07-02,31.5,20.5,21.4,,,,,,78.8,25.08,0.0,
鲁中参考点,ecmwf_ifs025,2026-06-30,2,2026-07-02,31.0,20.0,20.9,,,,,,72.3,23.83,0.0,
鲁中参考点,ecmwf_ifs025,2026-06-29,3,2026-07-02,30.6,20.4,22.8,,,,,,45.5,25.23,0.0,
鲁中参考点,ecmwf_ifs025,2026-06-28,4,2026-07-02,28.2,17.3,23.4,,,,,,54.3,23.28,5.7,
鲁中参考点,ecmwf_ifs025,2026-06-27,5,2026-07-02,26.3,18.8,29.4,,,,,,34.5,24.66,0.0,
鲁中参考点,ecmwf_ifs025,2026-06-26,6,2026-07-02,33.7,18.2,28.3,,,,,,61.8,23.13,1.5,
鲁中参考点,ecmwf_ifs025,2026-06-25,7,2026-07-02,29.2,17.5,29.7,,,,,,77.1,23.66,1.2,
鲁中参考点,gfs_seamless,2026-07-01,1,2026-07-02,33.7,22.5,31.9,,40.7,58.4,4.8,16.2,84.9,,,0.0
鲁中参考点,gfs_seamless,2026-06-30,2,2026-07-02,33.6,20.2,31.6,,41.5,61.1,6.1,25.2,65.4,,,0.0
鲁中参考点,gfs_seamless,2026-06-29,3,2026-07-02,33.6,22.5,31.8,,42.4,63.3,8.2,19.4,68.4,,,0.0
鲁中参考点,gfs_seamless,2026-06-28,4,2026-07-02,32.5,20.8,29.9,,41.9,70.0,9.5,47.2,79.0,,,0.0
鲁中参考点,gfs_seamless,2026-06-27,5,2026-07-02,34.7,24.7,31.6,,43.8,59.3,9.7,24.5,53.2,,,0.0
鲁中参考点,gfs_seamless,2026-06-26,6,2026-07-02,33.4,22.9,31.1,,40.9,61.0,10.9,27.4,87.9,,,0.0
鲁中参考点,gfs_seamless,2026-06-25,7,2026-07-02,29.6,21.7,26.2,,33.0,64.7,10.9,23.8,84.5,,,0.0
鲁中参考点,jma_seamless,2026-07-01,1,2026-07-02,31.0,22.1,30.0,,38.4,72.6,4.2,,93.6,,0.0,
鲁中参考点,jma_seamless,2026-06-30,2,2026-07-02,30.9,21.9,29.7,,39.4,76.6,3.0,,59.0,,0.3,
鲁中参考点,jma_seamless,2026-06-29,3,2026-07-02,26.5,21.8,28.5,,,84.2,3.6,,56.0,,0.0,
鲁中参考点,jma_seamless,2026-06-28,4,2026-07-02,30.3,22.5,29.7,,36.6,73.1,4.1,,34.9,,0.0,
鲁中参考点,jma_seamless,2026-06-27,5,2026-07-02,26.3,22.7,28.1,,,83.0,5.3,,89.2,,8.7,
鲁中参考点,jma_seamless,2026-06-26,6,2026-07-02,27.2,22.7,28.6,,30.2,79.7,9.4,,67.2,,10.8,
鲁中参考点,jma_seamless,2026-06-25,7,2026-07-02,25.1,22.2,25.9,,,75.0,7.4,,93.9,,12.9,
鲁中参考点,ecmwf_ifs025,2026-07-02,1,2026-07-03,32.0,24.1,21.0,,,,,,63.0,20.87,0.3,
鲁中参考点,ecmwf_ifs025,2026-07-01,2,2026-07-03,33.2,23.5,20.3,,,,,,50.8,25.95,0.3,
鲁中参考点,ecmwf_ifs025,2026-06-30,3,2026-07-03,31.4,21.3,21.5,,,,,,26.2,25.38,0.0,
鲁中参考点,ecmwf_ifs025,2026-06-29,4,2026-07-03,27.8,14.6,30.3,,,,,,6.7,26.64,0.0,
鲁中参考点,ecmwf_ifs025,2026-06-28,5,2026-07-03,26.7,14.8,30.2,,,,,,23.2,25.74,1.8,
鲁中参考点,ecmwf_ifs025,2026-06-27,6,2026-07-03,28.6,19.3,29.5,,,,,,37.3,24.89,1.5,
鲁中参考点,ecmwf_ifs025,2026-06-26,7,2026-07-03,27.3,19.9,27.5,,,,,,73.8,22.64,0.6,
鲁中参考点,gfs_seamless,2026-07-02,1,2026-07-03,30.8,22.7,27.7,,35.5,64.2,13.0,36.7,79.5,,,0.0
鲁中参考点,gfs_seamless,2026-07-01,2,2026-07-03,33.1,23.0,29.1,,41.6,64.8,13.8,41.0,80.0,,,0.0
鲁中参考点,gfs_seamless,2026-06-30,3,2026-07-03,34.6,22.5,29.5,,44.4,61.1,16.6,44.6,66.4,,,0.0
鲁中参考点,gfs_seamless,2026-06-29,4,2026-07-03,34.7,23.8,30.8,,42.9,57.3,16.3,54.0,70.8,,,0.0
鲁中参考点,gfs_seamless,2026-06-28,5,2026-07-03,32.4,20.6,28.4,,42.4,71.9,13.7,33.5,71.0,,,0.0
鲁中参考点,gfs_seamless,2026-06-27,6,2026-07-03,31.7,21.2,28.5,,40.3,72.2,13.0,25.9,99.9,,,0.0
鲁中参考点,gfs_seamless,2026-06-26,7,2026-07-03,29.3,20.6,26.7,,34.7,76.2,10.2,56.2,97.1,,,0.0
鲁中参考点,jma_seamless,2026-07-02,1,2026-07-03,27.3,22.6,27.8,,30.2,78.0,11.4,,,,0.0,0.0
鲁中参考点,jma_seamless,2026-07-01,2,2026-07-03,29.5,23.4,29.2,,34.9,74.8,11.2,,,,0.0,
鲁中参考点,jma_seamless,2026-06-30,3,2026-07-03,30.5,24.1,30.2,,37.3,73.5,10.7,,,,0.0,
鲁中参考点,jma_seamless,2026-06-29,4,2026-07-03,30.4,24.2,29.9,,36.9,73.1,12.4,,,,0.0,0.0
鲁中参考点,jma_seamless,2026-06-28,5,2026-07-03,27.2,22.7,28.8,,30.1,79.0,7.8,,,,4.8,0.0
鲁中参考点,jma_seamless,2026-06-27,6,2026-07-03,28.7,22.0,27.7,,33.3,77.0,8.3,,,,1.2,0.0
鲁中参考点,jma_seamless,2026-06-26,7,2026-07-03,26.2,22.4,27.0,,,74.2,4.1,,,,1.5,0.0
鲁中参考点,ecmwf_ifs025,2026-07-03,1,2026-07-04,33.1,21.4,19.1,,,,,,10.1,27.61,0.0,
鲁中参考点,ecmwf_ifs025,2026-07-02,2,2026-07-04,32.8,23.4,18.6,,,,,,12.2,27.04,0.0,
鲁中参考点,ecmwf_ifs025,2026-07-01,3,2026-07-04,25.1,15.1,18.5,,,,,,36.8,27.1,0.0,
鲁中参考点,ecmwf_ifs025,2026-06-30,4,2026-07-04,28.7,16.7,30.4,,,,,,2.2,28.12,0.0,
鲁中参考点,ecmwf_ifs025,2026-06-29,5,2026-07-04,25.2,17.5,30.6,,,,,,23.4,27.55,0.0,
鲁中参考点,ecmwf_ifs025,2026-06-28,6,2026-07-04,30.3,17.9,30.3,,,,,,34.4,27.52,0.0,
鲁中参考点,ecmwf_ifs025,2026-06-27,7,2026-07-04,21.2,15.8,29.9,,,,,,36.2,27.07,0.0,
鲁中参考点,gfs_seamless,2026-07-03,1,2026-07-04,32.8,19.3,27.6,,41.9,67.7,14.5,37.1,1.5,,,0.0
鲁中参考点,gfs_seamless,2026-07-02,2,2026-07-04,32.1,19.5,27.8,,38.8,64.6,10.2,38.9,20.8,,,0.0
鲁中参考点,gfs_seamless,2026-07-01,3,2026-07-04,31.4,20.1,27.2,,37.7,66.8,15.1,41.0,68.2,,,0.0
鲁中参考点,gfs_seamless,2026-06-30,4,2026-07-04,33.3,23.5,28.5,,39.6,58.0,21.3,59.4,39.8,,,0.0
鲁中参考点,gfs_seamless,2026-06-29,5,2026-07-04,33.6,20.6,28.3,,40.9,59.4,18.7,59.8,70.9,,,0.0
鲁中参考点,gfs_seamless,2026-06-28,6,2026-07-04,31.0,19.7,27.8,,38.0,71.4,15.5,53.3,72.5,,,0.0
鲁中参考点,gfs_seamless,2026-06-27,7,2026-07-04,31.2,19.6,25.6,,41.3,79.4,8.7,25.2,94.7,,,0.0
鲁中参考点,jma_seamless,2026-07-03,1,2026-07-04,29.5,21.4,26.9,,35.0,75.2,15.0,,,,0.0,0.0
鲁中参考点,jma_seamless,2026-07-02,2,2026-07-04,30.6,22.5,28.1,,37.3,72.7,13.4,,,,0.0,
鲁中参考点,jma_seamless,2026-07-01,3,2026-07-04,28.8,21.6,27.2,,33.3,75.5,12.4,,,,0.0,
鲁中参考点,jma_seamless,2026-06-30,4,2026-07-04,26.3,23.0,27.4,,,80.0,11.5,,,,0.0,0.0
鲁中参考点,jma_seamless,2026-06-29,5,2026-07-04,28.6,22.5,27.6,,33.2,77.4,14.4,,,,0.0,0.0
鲁中参考点,jma_seamless,2026-06-28,6,2026-07-04,29.3,23.9,28.5,,33.6,70.9,11.1,,,,0.0,0.0
鲁中参考点,jma_seamless,2026-06-27,7,2026-07-04,27.4,22.3,27.6,,30.5,78.4,10.3,,,,0.6,0.0
鲁中参考点,ecmwf_ifs025,2026-07-04,1,2026-07-05,32.6,23.5,16.9,,,,,,40.2,23.71,1.2,
鲁中参考点,ecmwf_ifs025,2026-07-03,2,2026-07-05,34.2,23.9,17.2,,,,,,41.9,24.36,3.3,
鲁中参考点,ecmwf_ifs025,2026-07-02,3,2026-07-05,20.4,14.6,16.4,,,,,,57.1,23.38,19.2,
鲁中参考点,ecmwf_ifs025,2026-07-01,4,2026-07-05,24.2,14.3,30.3,,,,,,41.5,25.07,3.9,
鲁中参考点,ecmwf_ifs025,2026-06-30,5,2026-07-05,26.9,16.1,30.1,,,,,,45.2,23.9,2.7,
鲁中参考点,ecmwf_ifs025,2026-06-29,6,2026-07-05,22.5,17.8,29.4,,,,,,73.2,19.73,8.7,
鲁中参考点,ecmwf_ifs025,2026-06-28,7,2026-07-05,23.4,14.7,31.2,,,,,,50.3,24.31,2.7,
鲁中参考点,gfs_seamless,2026-07-04,1,2026-07-05,34.2,20.6,29.4,,49.1,73.0,15.6,47.5,29.2,,,0.0
鲁中参考点,gfs_seamless,2026-07-03,2,2026-07-05,33.6,20.9,29.2,,46.7,72.6,16.0,43.2,28.8,,,0.0
鲁中参考点,gfs_seamless,2026-07-02,3,2026-07-05,32.1,22.3,29.0,,41.4,71.8,18.2,45.0,56.0,,,0.0
鲁中参考点,gfs_seamless,2026-07-01,4,2026-07-05,33.3,22.2,29.1,,45.0,71.2,17.3,45.0,34.4,,,0.0
鲁中参考点,gfs_seamless,2026-06-30,5,2026-07-05,33.3,21.9,29.8,,43.1,66.9,13.6,43.6,95.7,,,0.0
鲁中参考点,gfs_seamless,2026-06-29,6,2026-07-05,33.0,19.8,29.2,,42.6,68.0,13.6,37.8,69.4,,,0.0
鲁中参考点,gfs_seamless,2026-06-28,7,2026-07-05,31.4,21.1,28.5,,40.8,76.1,12.6,31.3,82.7,,,0.0
鲁中参考点,jma_seamless,2026-07-04,1,2026-07-05,28.7,24.3,29.6,,34.1,80.8,12.9,,,,1.5,0.0
鲁中参考点,jma_seamless,2026-07-03,2,2026-07-05,29.7,24.0,29.7,,36.4,78.8,13.1,,,,3.3,
鲁中参考点,jma_seamless,2026-07-02,3,2026-07-05,29.8,24.8,29.9,,36.8,79.1,14.5,,,,0.3,
鲁中参考点,jma_seamless,2026-07-01,4,2026-07-05,29.5,24.8,29.8,,36.4,80.8,15.3,,,,0.3,0.0
鲁中参考点,jma_seamless,2026-06-30,5,2026-07-05,29.1,24.4,30.0,,34.8,78.9,12.2,,,,0.9,0.0
鲁中参考点,jma_seamless,2026-06-29,6,2026-07-05,29.0,23.9,29.9,,34.5,78.8,11.2,,,,1.2,0.0
鲁中参考点,jma_seamless,2026-06-28,7,2026-07-05,31.1,23.9,30.5,,40.2,77.0,12.8,,,,0.0,0.0
鲁中参考点,ecmwf_ifs025,2026-07-05,1,2026-07-06,28.7,21.6,20.3,,,,,,88.3,20.89,5.4,
鲁中参考点,ecmwf_ifs025,2026-07-04,2,2026-07-06,29.5,21.7,19.5,,,,,,82.7,21.7,4.5,
鲁中参考点,ecmwf_ifs025,2026-07-03,3,2026-07-06,27.1,12.2,20.0,,,,,,81.1,20.38,2.4,
鲁中参考点,ecmwf_ifs025,2026-07-02,4,2026-07-06,26.1,12.3,28.4,,,,,,63.5,24.77,1.2,
鲁中参考点,ecmwf_ifs025,2026-07-01,5,2026-07-06,29.5,13.9,27.7,,,,,,57.8,21.57,15.3,
鲁中参考点,ecmwf_ifs025,2026-06-30,6,2026-07-06,26.7,16.0,28.2,,,,,,56.8,21.87,8.1,
鲁中参考点,ecmwf_ifs025,2026-06-29,7,2026-07-06,24.7,17.4,29.3,,,,,,67.0,22.0,3.3,
鲁中参考点,gfs_seamless,2026-07-05,1,2026-07-06,28.6,18.6,24.6,,35.2,87.7,12.3,75.2,93.1,,,0.0
鲁中参考点,gfs_seamless,2026-07-04,2,2026-07-06,28.3,19.7,27.0,,33.7,84.8,9.0,45.7,87.8,,,0.0
鲁中参考点,gfs_seamless,2026-07-03,3,2026-07-06,29.0,21.5,27.8,,35.7,84.3,14.5,44.6,94.2,,,0.0
鲁中参考点,gfs_seamless,2026-07-02,4,2026-07-06,29.3,22.1,27.3,,36.4,83.5,14.5,43.9,99.9,,,0.0
鲁中参考点,gfs_seamless,2026-07-01,5,2026-07-06,30.1,19.7,27.4,,37.8,79.5,7.9,17.3,73.9,,,0.0
鲁中参考点,gfs_seamless,2026-06-30,6,2026-07-06,30.5,20.5,28.5,,37.5,74.2,11.5,51.1,57.8,,,0.0
鲁中参考点,gfs_seamless,2026-06-29,7,2026-07-06,32.2,20.8,28.4,,41.2,70.4,9.5,44.3,53.4,,,0.0
鲁中参考点,jma_seamless,2026-07-05,1,2026-07-06,30.2,23.9,29.9,,36.7,74.3,5.2,,,,3.6,0.0
鲁中参考点,jma_seamless,2026-07-04,2,2026-07-06,30.5,23.5,29.8,,38.5,77.5,8.2,,,,15.3,0.0
鲁中参考点,jma_seamless,2026-07-03,3,2026-07-06,27.0,24.5,29.7,,30.4,87.0,10.5,,,,1.5,0.0
鲁中参考点,jma_seamless,2026-07-02,4,2026-07-06,26.7,24.5,29.8,,,87.3,9.5,,,,5.4,0.0
鲁中参考点,jma_seamless,2026-07-01,5,2026-07-06,27.0,25.0,30.6,,30.3,85.8,9.8,,,,7.5,0.0
鲁中参考点,jma_seamless,2026-06-30,6,2026-07-06,30.2,25.4,32.0,,38.8,81.7,9.5,,,,1.2,0.0
鲁中参考点,jma_seamless,2026-06-29,7,2026-07-06,28.9,25.1,30.4,,35.3,83.8,10.8,,,,6.0,0.0
鲁中参考点,ecmwf_ifs025,2026-07-06,1,2026-07-07,26.7,20.2,20.3,,,,,,89.0,12.21,25.2,
鲁中参考点,ecmwf_ifs025,2026-07-05,2,2026-07-07,29.0,21.5,20.3,,,,,,79.5,17.11,5.7,
鲁中参考点,ecmwf_ifs025,2026-07-04,3,2026-07-07,27.5,17.0,20.3,,,,,,74.5,20.19,8.7,
鲁中参考点,ecmwf_ifs025,2026-07-03,4,2026-07-07,28.5,18.0,27.3,,,,,,93.8,16.03,2.1,
鲁中参考点,ecmwf_ifs025,2026-07-02,5,2026-07-07,26.3,16.6,28.7,,,,,,71.2,20.27,0.3,
鲁中参考点,ecmwf_ifs025,2026-07-01,6,2026-07-07,26.2,18.3,29.8,,,,,,39.3,23.94,2.4,
鲁中参考点,ecmwf_ifs025,2026-06-30,7,2026-07-07,29.6,18.5,30.0,,,,,,28.2,25.32,0.0,
鲁中参考点,gfs_seamless,2026-07-06,1,2026-07-07,27.8,19.7,25.5,,31.7,80.5,9.0,43.2,77.7,,,0.0
鲁中参考点,gfs_seamless,2026-07-05,2,2026-07-07,26.4,19.8,24.7,,,83.6,9.9,51.8,71.6,,,0.0
鲁中参考点,gfs_seamless,2026-07-04,3,2026-07-07,27.7,20.6,26.3,,31.9,83.7,9.6,47.2,82.0,,,0.0
鲁中参考点,gfs_seamless,2026-07-03,4,2026-07-07,29.0,22.3,28.8,,34.7,80.0,7.5,23.8,90.8,,,0.0
鲁中参考点,gfs_seamless,2026-07-02,5,2026-07-07,32.6,21.7,30.0,,43.1,72.2,10.2,33.8,43.1,,,0.0
鲁中参考点,gfs_seamless,2026-07-01,6,2026-07-07,34.0,22.4,30.7,,43.8,63.8,7.2,15.8,20.5,,,0.0
鲁中参考点,gfs_seamless,2026-06-30,7,2026-07-07,33.0,21.6,29.7,,45.6,74.8,11.0,30.6,81.6,,,0.0
鲁中参考点,jma_seamless,2026-07-06,1,2026-07-07,26.2,23.0,28.0,,,85.2,6.8,,,,10.2,0.0
鲁中参考点,jma_seamless,2026-07-05,2,2026-07-07,27.2,23.3,28.7,,30.5,82.5,7.5,,,,9.0,0.0
鲁中参考点,jma_seamless,2026-07-04,3,2026-07-07,27.6,23.9,29.0,,31.7,84.2,10.8,,,,0.0,0.0
鲁中参考点,jma_seamless,2026-07-03,4,2026-07-07,28.9,24.8,30.5,,34.8,81.8,8.6,,,,1.5,0.0
鲁中参考点,jma_seamless,2026-07-02,5,2026-07-07,30.7,23.7,30.7,,39.6,79.2,8.9,,,,0.0,0.0
鲁中参考点,jma_seamless,2026-07-01,6,2026-07-07,29.3,25.0,31.2,,36.7,84.4,10.7,,,,1.5,0.0
鲁中参考点,jma_seamless,2026-06-30,7,2026-07-07,29.8,25.2,32.1,,37.6,81.8,9.1,,,,0.6,0.0
鲁中参考点,ecmwf_ifs025,2026-07-07,1,2026-07-08,31.9,21.2,20.4,,,,,,25.8,25.43,0.3,
鲁中参考点,ecmwf_ifs025,2026-07-06,2,2026-07-08,31.8,20.8,20.4,,,,,,38.4,25.14,0.0,
鲁中参考点,ecmwf_ifs025,2026-07-05,3,2026-07-08,25.1,15.3,20.0,,,,,,65.3,25.03,0.3,
鲁中参考点,ecmwf_ifs025,2026-07-04,4,2026-07-08,25.7,15.4,29.3,,,,,,56.6,21.64,0.9,
鲁中参考点,ecmwf_ifs025,2026-07-03,5,2026-07-08,26.5,14.1,29.9,,,,,,62.3,21.15,1.8,
鲁中参考点,ecmwf_ifs025,2026-07-02,6,2026-07-08,26.1,16.5,30.4,,,,,,60.5,24.11,0.3,
鲁中参考点,ecmwf_ifs025,2026-07-01,7,2026-07-08,30.0,17.2,31.7,,,,,,40.9,24.23,1.5,
鲁中参考点,gfs_seamless,2026-07-07,1,2026-07-08,33.0,20.5,29.6,,44.3,72.0,14.4,44.6,27.4,,,0.0
鲁中参考点,gfs_seamless,2026-07-06,2,2026-07-08,32.7,20.1,28.7,,44.7,75.0,14.6,42.8,41.9,,,0.0
鲁中参考点,gfs_seamless,2026-07-05,3,2026-07-08,32.4,21.4,29.3,,44.6,77.2,13.6,46.1,26.5,,,0.0
鲁中参考点,gfs_seamless,2026-07-04,4,2026-07-08,32.8,18.6,28.3,,43.0,70.3,11.4,46.8,45.6,,,0.0
鲁中参考点,gfs_seamless,2026-07-03,5,2026-07-08,33.8,22.0,31.5,,45.0,67.7,6.4,26.6,24.5,,,0.0
鲁中参考点,gfs_seamless,2026-07-02,6,2026-07-08,34.9,20.9,30.0,,49.6,69.4,10.6,32.0,52.5,,,0.0
鲁中参考点,gfs_seamless,2026-07-01,7,2026-07-08,35.1,22.8,31.3,,49.7,68.2,8.3,33.8,21.5,,,0.0
鲁中参考点,jma_seamless,2026-07-07,1,2026-07-08,29.7,23.1,29.9,,37.7,83.4,9.3,,,,0.9,0.0
鲁中参考点,jma_seamless,2026-07-06,2,2026-07-08,29.8,22.3,30.2,,37.9,83.2,8.0,,,,1.5,0.0
鲁中参考点,jma_seamless,2026-07-05,3,2026-07-08,29.8,23.5,30.0,,36.9,79.4,8.2,,,,1.8,0.0
鲁中参考点,jma_seamless,2026-07-04,4,2026-07-08,28.7,24.4,30.5,,34.1,80.7,7.3,,,,0.0,0.0
鲁中参考点,jma_seamless,2026-07-03,5,2026-07-08,33.4,24.1,32.1,,46.9,74.4,5.1,,,,0.0,0.0
鲁中参考点,jma_seamless,2026-07-02,6,2026-07-08,29.4,24.6,31.0,,36.0,80.6,8.5,,,,1.5,0.0
鲁中参考点,jma_seamless,2026-07-01,7,2026-07-08,30.2,25.7,31.7,,37.9,78.7,8.8,,,,0.6,0.0
鲁中参考点,ecmwf_ifs025,2026-07-08,1,2026-07-09,33.0,24.4,22.1,,,,,,79.2,21.11,4.8,
鲁中参考点,ecmwf_ifs025,2026-07-07,2,2026-07-09,31.3,23.3,22.6,,,,,,65.7,21.38,0.6,
鲁中参考点,ecmwf_ifs025,2026-07-06,3,2026-07-09,28.8,14.9,22.7,,,,,,75.9,16.21,12.3,
鲁中参考点,ecmwf_ifs025,2026-07-05,4,2026-07-09,28.4,14.3,28.4,,,,,,57.4,15.26,12.9,
鲁中参考点,ecmwf_ifs025,2026-07-04,5,2026-07-09,28.5,14.5,30.3,,,,,,36.4,25.32,2.7,
鲁中参考点,ecmwf_ifs025,2026-07-03,6,2026-07-09,28.5,16.7,31.7,,,,,,32.9,24.61,0.3,
鲁中参考点,ecmwf_ifs025,2026-07-02,7,2026-07-09,29.2,18.5,31.1,,,,,,59.3,21.14,0.6,
鲁中参考点,gfs_seamless,2026-07-08,1,2026-07-09,33.2,21.3,30.6,,45.5,73.0,14.5,35.6,77.0,,,0.0
鲁中参考点,gfs_seamless,2026-07-07,2,2026-07-09,32.9,21.0,30.1,,45.2,74.6,12.6,42.1,69.6,,,0.0
鲁中参考点,gfs_seamless,2026-07-06,3,2026-07-09,32.1,20.2,29.0,,42.9,75.6,14.1,34.2,69.6,,,0.0
鲁中参考点,gfs_seamless,2026-07-05,4,2026-07-09,32.8,21.5,29.6,,47.3,79.8,14.1,41.4,79.7,,,0.0
鲁中参考点,gfs_seamless,2026-07-04,5,2026-07-09,34.2,23.0,31.4,,46.2,67.4,13.9,47.2,56.5,,,0.0
鲁中参考点,gfs_seamless,2026-07-03,6,2026-07-09,34.8,23.1,32.0,,47.1,65.4,10.5,30.2,30.7,,,0.0
鲁中参考点,gfs_seamless,2026-07-02,7,2026-07-09,34.4,23.1,30.7,,51.6,76.2,9.2,28.1,81.2,,,0.0
鲁中参考点,jma_seamless,2026-07-08,1,2026-07-09,30.6,24.4,31.8,,39.9,81.0,10.6,,,,0.0,0.0
鲁中参考点,jma_seamless,2026-07-07,2,2026-07-09,29.9,24.9,31.5,,37.8,81.5,11.7,,,,0.3,0.0
鲁中参考点,jma_seamless,2026-07-06,3,2026-07-09,30.7,25.1,31.7,,40.1,80.6,10.8,,,,0.6,0.0
鲁中参考点,jma_seamless,2026-07-05,4,2026-07-09,30.4,24.6,31.8,,38.7,79.3,9.7,,,,0.0,0.0
鲁中参考点,jma_seamless,2026-07-04,5,2026-07-09,30.2,24.7,31.6,,38.3,80.2,8.9,,,,0.6,0.0
鲁中参考点,jma_seamless,2026-07-03,6,2026-07-09,34.4,24.7,32.6,,49.7,72.9,7.2,,,,0.0,0.0
鲁中参考点,jma_seamless,2026-07-02,7,2026-07-09,30.9,25.1,32.3,,40.1,78.8,8.6,,,,0.0,0.0
鲁中参考点,ecmwf_ifs025,2026-07-09,1,2026-07-10,33.0,24.8,24.6,,,,,,66.2,23.56,0.0,
鲁中参考点,ecmwf_ifs025,2026-07-08,2,2026-07-10,32.6,24.8,24.9,,,,,,69.7,22.33,1.2,
鲁中参考点,ecmwf_ifs025,2026-07-07,3,2026-07-10,33.7,16.4,25.1,,,,,,66.5,22.46,1.2,
鲁中参考点,ecmwf_ifs025,2026-07-06,4,2026-07-10,34.4,17.2,31.4,,,,,,50.6,21.49,1.5,
鲁中参考点,ecmwf_ifs025,2026-07-05,5,2026-07-10,34.3,20.3,31.3,,,,,,46.1,23.88,0.6,
鲁中参考点,ecmwf_ifs025,2026-07-04,6,2026-07-10,33.7,20.7,32.9,,,,,,40.8,23.52,1.2,
鲁中参考点,ecmwf_ifs025,2026-07-03,7,2026-07-10,32.4,23.1,32.9,,,,,,47.3,23.9,0.6,
鲁中参考点,gfs_seamless,2026-07-09,1,2026-07-10,34.2,24.3,32.4,,48.1,71.3,15.3,48.6,82.8,,,0.0
鲁中参考点,gfs_seamless,2026-07-08,2,2026-07-10,33.7,24.0,31.9,,47.7,74.0,13.8,46.1,80.7,,,0.0
鲁中参考点,gfs_seamless,2026-07-07,3,2026-07-10,32.4,24.9,31.4,,42.6,72.6,15.8,40.0,69.2,,,0.0
鲁中参考点,gfs_seamless,2026-07-06,4,2026-07-10,32.9,24.3,31.8,,45.8,75.9,14.4,44.6,58.6,,,0.0
鲁中参考点,gfs_seamless,2026-07-05,5,2026-07-10,32.6,25.0,31.4,,44.4,75.2,15.1,47.5,55.9,,,0.0
鲁中参考点,gfs_seamless,2026-07-04,6,2026-07-10,33.2,22.7,31.9,,47.3,76.8,12.8,37.8,70.9,,,0.0
鲁中参考点,gfs_seamless,2026-07-03,7,2026-07-10,32.6,24.4,32.0,,43.8,73.9,12.9,40.0,67.1,,,0.0
鲁中参考点,jma_seamless,2026-07-09,1,2026-07-10,32.8,26.4,33.8,,44.9,74.8,9.5,,,,0.0,
鲁中参考点,jma_seamless,2026-07-08,2,2026-07-10,32.6,26.2,33.5,,44.7,75.8,9.5,,,,0.0,
鲁中参考点,jma_seamless,2026-07-07,3,2026-07-10,32.5,26.7,33.8,,44.6,76.5,9.3,,,,0.6,
鲁中参考点,jma_seamless,2026-07-06,4,2026-07-10,33.3,26.8,34.1,,45.7,72.8,9.4,,,,0.0,
鲁中参考点,jma_seamless,2026-07-05,5,2026-07-10,31.6,25.7,33.4,,41.7,76.9,9.1,,,,0.0,
鲁中参考点,jma_seamless,2026-07-04,6,2026-07-10,33.1,26.2,33.8,,46.2,75.3,8.7,,,,-0.6,
鲁中参考点,jma_seamless,2026-07-03,7,2026-07-10,32.2,26.1,33.7,,43.3,75.8,7.4,,,,0.6,
鲁中参考点,ecmwf_ifs025,2026-07-10,1,2026-07-11,35.0,25.0,25.2,,,,,,39.2,27.2,0.0,
鲁中参考点,ecmwf_ifs025,2026-07-09,2,2026-07-11,34.0,25.6,26.0,,,,,,60.7,27.11,0.0,
鲁中参考点,ecmwf_ifs025,2026-07-08,3,2026-07-11,34.1,23.6,26.2,,,,,,56.1,25.94,0.0,
鲁中参考点,ecmwf_ifs025,2026-07-07,4,2026-07-11,32.6,23.3,31.9,,,,,,69.7,25.77,0.0,
鲁中参考点,ecmwf_ifs025,2026-07-06,5,2026-07-11,33.6,22.3,32.1,,,,,,29.2,27.2,0.0,
鲁中参考点,ecmwf_ifs025,2026-07-05,6,2026-07-11,31.1,19.6,31.2,,,,,,26.5,26.07,0.0,
鲁中参考点,ecmwf_ifs025,2026-07-04,7,2026-07-11,34.2,24.2,32.0,,,,,,28.5,26.9,0.0,
鲁中参考点,gfs_seamless,2026-07-10,1,2026-07-11,33.4,24.0,30.9,,44.9,70.3,17.4,53.3,69.9,,,0.0
鲁中参考点,gfs_seamless,2026-07-09,2,2026-07-11,33.3,23.7,30.4,,45.2,71.6,19.9,47.5,49.3,,,0.0
鲁中参考点,gfs_seamless,2026-07-08,3,2026-07-11,32.3,24.0,30.2,,43.9,76.4,18.0,46.1,72.8,,,0.0
鲁中参考点,gfs_seamless,2026-07-07,4,2026-07-11,32.3,23.6,30.1,,43.4,75.2,17.8,48.6,18.1,,,0.0
鲁中参考点,gfs_seamless,2026-07-06,5,2026-07-11,32.1,23.8,30.1,,43.4,76.8,17.7,41.4,72.1,,,0.0
鲁中参考点,gfs_seamless,2026-07-05,6,2026-07-11,31.9,24.1,30.5,,43.5,78.9,15.9,48.6,53.3,,,0.0
鲁中参考点,gfs_seamless,2026-07-04,7,2026-07-11,33.3,23.4,30.9,,47.5,76.5,17.0,38.9,34.7,,,0.0
鲁中参考点,jma_seamless,2026-07-10,1,2026-07-11,32.3,26.2,32.7,,41.5,70.6,11.8,,,,0.0,
鲁中参考点,jma_seamless,2026-07-09,2,2026-07-11,33.1,25.9,32.9,,44.9,72.4,11.7,,,,0.0,
鲁中参考点,jma_seamless,2026-07-08,3,2026-07-11,32.0,26.0,32.5,,42.8,76.2,11.6,,,,0.0,
鲁中参考点,jma_seamless,2026-07-07,4,2026-07-11,32.5,25.3,31.7,,42.8,72.1,11.2,,,,0.0,
鲁中参考点,jma_seamless,2026-07-06,5,2026-07-11,31.2,25.1,30.6,,39.0,72.7,10.7,,,,0.0,
鲁中参考点,jma_seamless,2026-07-05,6,2026-07-11,33.2,25.6,31.8,,44.6,71.0,9.3,,,,0.0,
鲁中参考点,jma_seamless,2026-07-04,7,2026-07-11,30.5,25.5,31.1,,37.7,75.0,9.0,,,,0.0,
鲁中参考点,ecmwf_ifs025,2026-07-11,1,2026-07-12,32.3,23.5,24.0,,,,,,59.7,18.91,1.8,
鲁中参考点,ecmwf_ifs025,2026-07-10,2,2026-07-12,33.8,24.0,24.5,,,,,,57.3,22.53,2.4,
鲁中参考点,ecmwf_ifs025,2026-07-09,3,2026-07-12,30.1,20.8,25.5,,,,,,49.0,22.7,0.0,
鲁中参考点,ecmwf_ifs025,2026-07-08,4,2026-07-12,33.4,19.2,31.4,,,,,,49.0,26.17,0.0,
鲁中参考点,ecmwf_ifs025,2026-07-07,5,2026-07-12,27.4,19.0,31.7,,,,,,51.0,25.47,0.0,
鲁中参考点,ecmwf_ifs025,2026-07-06,6,2026-07-12,23.4,17.6,30.7,,,,,,48.0,20.87,0.0,
鲁中参考点,ecmwf_ifs025,2026-07-05,7,2026-07-12,29.4,20.8,30.8,,,,,,70.7,21.59,0.0,
鲁中参考点,gfs_seamless,2026-07-11,1,2026-07-12,26.5,22.3,28.5,,,87.9,11.3,55.8,65.1,,,0.0
鲁中参考点,gfs_seamless,2026-07-10,2,2026-07-12,29.2,22.2,29.3,,36.5,85.0,12.5,50.8,63.4,,,0.0
鲁中参考点,gfs_seamless,2026-07-09,3,2026-07-12,31.6,23.2,29.3,,43.3,81.0,16.4,48.6,75.5,,,0.0
鲁中参考点,gfs_seamless,2026-07-08,4,2026-07-12,30.6,22.6,28.9,,40.0,81.4,17.3,49.7,80.4,,,0.0
鲁中参考点,gfs_seamless,2026-07-07,5,2026-07-12,31.2,22.0,28.0,,42.7,83.1,18.1,55.8,77.5,,,0.0
鲁中参考点,gfs_seamless,2026-07-06,6,2026-07-12,31.3,23.5,29.1,,42.6,81.9,14.2,49.3,67.2,,,0.0
鲁中参考点,gfs_seamless,2026-07-05,7,2026-07-12,32.1,22.7,30.0,,44.7,79.9,14.0,41.8,58.0,,,0.0
鲁中参考点,jma_seamless,2026-07-11,1,2026-07-12,28.7,24.9,30.7,,34.4,82.2,10.3,,,,0.0,
鲁中参考点,jma_seamless,2026-07-10,2,2026-07-12,28.5,25.0,31.0,,34.0,83.4,10.0,,,,0.0,
鲁中参考点,jma_seamless,2026-07-09,3,2026-07-12,29.8,25.1,31.4,,37.6,81.9,10.3,,,,0.0,
鲁中参考点,jma_seamless,2026-07-08,4,2026-07-12,29.6,24.6,30.9,,37.0,82.1,10.9,,,,0.0,
鲁中参考点,jma_seamless,2026-07-07,5,2026-07-12,28.2,25.3,30.8,,33.3,84.1,10.5,,,,0.6,
鲁中参考点,jma_seamless,2026-07-06,6,2026-07-12,27.6,25.2,30.3,,31.7,84.5,12.1,,,,1.5,
鲁中参考点,jma_seamless,2026-07-05,7,2026-07-12,27.8,25.3,30.4,,32.5,86.1,12.0,,,,6.6,
鲁中参考点,ecmwf_ifs025,2026-07-12,1,2026-07-13,30.0,24.5,23.2,,,,,,99.6,7.21,22.5,
鲁中参考点,ecmwf_ifs025,2026-07-11,2,2026-07-13,28.2,24.9,23.7,,,,,,99.7,10.22,4.8,
鲁中参考点,ecmwf_ifs025,2026-07-10,3,2026-07-13,31.6,18.7,24.7,,,,,,99.1,9.43,8.4,
鲁中参考点,ecmwf_ifs025,2026-07-09,4,2026-07-13,33.2,19.9,31.7,,,,,,85.2,20.94,2.4,
鲁中参考点,ecmwf_ifs025,2026-07-08,5,2026-07-13,33.2,18.8,32.6,,,,,,54.8,23.52,3.0,
鲁中参考点,ecmwf_ifs025,2026-07-07,6,2026-07-13,26.8,19.6,33.4,,,,,,55.3,22.33,0.9,
鲁中参考点,ecmwf_ifs025,2026-07-06,7,2026-07-13,26.3,19.7,32.5,,,,,,47.8,24.62,1.5,
鲁中参考点,gfs_seamless,2026-07-12,1,2026-07-13,24.5,23.8,28.3,,,96.3,10.6,40.3,100.0,,,0.0
鲁中参考点,gfs_seamless,2026-07-11,2,2026-07-13,26.2,24.0,29.0,,,94.9,8.9,45.7,100.0,,,0.0
鲁中参考点,gfs_seamless,2026-07-10,3,2026-07-13,24.7,23.8,28.2,,,95.5,13.0,47.5,100.0,,,0.0
鲁中参考点,gfs_seamless,2026-07-09,4,2026-07-13,25.3,23.9,27.5,,,92.3,18.2,56.2,100.0,,,0.0
鲁中参考点,gfs_seamless,2026-07-08,5,2026-07-13,26.3,23.8,28.5,,,93.7,12.7,55.8,100.0,,,0.0
鲁中参考点,gfs_seamless,2026-07-07,6,2026-07-13,28.1,23.6,29.2,,34.2,90.9,10.9,43.9,100.0,,,0.0
鲁中参考点,gfs_seamless,2026-07-06,7,2026-07-13,31.8,23.8,30.4,,44.1,81.2,12.6,41.0,98.0,,,0.0
鲁中参考点,jma_seamless,2026-07-12,1,2026-07-13,27.2,25.0,31.6,,31.7,93.4,6.4,,,,11.7,
鲁中参考点,jma_seamless,2026-07-11,2,2026-07-13,25.8,25.0,30.1,,,92.0,11.4,,,,12.9,
鲁中参考点,jma_seamless,2026-07-10,3,2026-07-13,28.1,24.8,31.3,,34.0,89.9,8.7,,,,14.7,
鲁中参考点,jma_seamless,2026-07-09,4,2026-07-13,30.1,25.8,32.4,,38.9,83.0,10.3,,,,0.0,
鲁中参考点,jma_seamless,2026-07-08,5,2026-07-13,30.9,25.9,33.5,,41.1,81.7,8.4,,,,1.2,
鲁中参考点,jma_seamless,2026-07-07,6,2026-07-13,28.1,25.5,31.4,,33.3,85.9,9.6,,,,3.3,
鲁中参考点,jma_seamless,2026-07-06,7,2026-07-13,28.1,25.4,30.7,,33.4,86.2,13.8,,,,6.0,
鲁中参考点,ecmwf_ifs025,2026-07-13,1,2026-07-14,30.3,23.4,23.7,,,,,,56.1,20.2,6.0,
鲁中参考点,ecmwf_ifs025,2026-07-12,2,2026-07-14,29.3,23.8,24.1,,,,,,69.5,18.38,12.3,
鲁中参考点,ecmwf_ifs025,2026-07-11,3,2026-07-14,31.1,17.8,24.6,,,,,,67.3,18.43,12.6,
鲁中参考点,ecmwf_ifs025,2026-07-10,4,2026-07-14,32.4,19.5,31.0,,,,,,83.0,18.63,32.1,
鲁中参考点,ecmwf_ifs025,2026-07-09,5,2026-07-14,30.3,20.6,30.6,,,,,,86.8,9.74,30.6,
鲁中参考点,ecmwf_ifs025,2026-07-08,6,2026-07-14,30.1,19.3,33.3,,,,,,59.0,21.99,5.7,
鲁中参考点,ecmwf_ifs025,2026-07-07,7,2026-07-14,30.8,18.2,32.7,,,,,,77.2,21.92,8.7,
鲁中参考点,gfs_seamless,2026-07-13,1,2026-07-14,28.3,23.8,29.8,,34.6,89.2,10.0,29.2,94.0,,,0.0
鲁中参考点,gfs_seamless,2026-07-12,2,2026-07-14,24.4,21.0,27.9,,,94.9,6.3,26.3,90.3,,,0.0
鲁中参考点,gfs_seamless,2026-07-11,3,2026-07-14,26.4,23.9,29.7,,,94.2,4.8,23.8,91.0,,,0.0
鲁中参考点,gfs_seamless,2026-07-10,4,2026-07-14,27.0,20.6,27.7,,31.4,96.4,9.1,34.6,98.3,,,0.0
鲁中参考点,gfs_seamless,2026-07-09,5,2026-07-14,24.6,23.0,28.5,,,96.6,10.1,36.4,94.8,,,0.0
鲁中参考点,gfs_seamless,2026-07-08,6,2026-07-14,31.2,23.1,30.1,,45.1,89.0,7.9,38.2,99.4,,,0.0
鲁中参考点,gfs_seamless,2026-07-07,7,2026-07-14,30.0,23.7,29.8,,42.1,94.1,10.1,41.4,99.0,,,0.0
鲁中参考点,jma_seamless,2026-07-13,1,2026-07-14,27.8,24.5,31.4,,33.5,92.6,6.1,,,,2.7,
鲁中参考点,jma_seamless,2026-07-12,2,2026-07-14,27.3,23.3,29.9,,31.9,92.2,9.3,,,,6.3,
鲁中参考点,jma_seamless,2026-07-11,3,2026-07-14,25.5,22.0,28.5,,,89.3,7.6,,,,7.5,
鲁中参考点,jma_seamless,2026-07-10,4,2026-07-14,28.9,23.8,31.5,,36.3,88.4,9.1,,,,10.2,
鲁中参考点,jma_seamless,2026-07-09,5,2026-07-14,27.9,22.3,29.7,,32.8,86.3,9.8,,,,18.0,
鲁中参考点,jma_seamless,2026-07-08,6,2026-07-14,31.7,27.2,34.1,,41.0,74.0,9.7,,,,0.0,
鲁中参考点,jma_seamless,2026-07-07,7,2026-07-14,27.5,24.8,31.7,,32.5,92.0,6.5,,,,28.8,
鲁中参考点,ecmwf_ifs025,2026-07-14,1,2026-07-15,26.1,22.4,28.4,,,91.2,4.3,,72.5,9.11,33.9,
鲁中参考点,ecmwf_ifs025,2026-07-13,2,2026-07-15,25.7,22.6,28.8,,,89.8,5.9,,78.5,5.65,21.0,
鲁中参考点,ecmwf_ifs025,2026-07-12,3,2026-07-15,27.1,20.7,27.4,,31.0,90.2,5.6,,98.5,6.12,104.4,
鲁中参考点,ecmwf_ifs025,2026-07-11,4,2026-07-15,27.9,22.3,29.5,,33.1,88.1,3.5,,98.7,6.99,51.3,
鲁中参考点,ecmwf_ifs025,2026-07-10,5,2026-07-15,30.6,23.4,30.8,,41.7,86.3,8.2,,55.0,14.32,8.4,
鲁中参考点,ecmwf_ifs025,2026-07-09,6,2026-07-15,32.3,23.7,31.9,,44.9,78.8,7.2,,34.1,26.12,0.9,
鲁中参考点,ecmwf_ifs025,2026-07-08,7,2026-07-15,25.8,23.0,28.8,,,91.6,5.5,,64.4,5.17,35.4,
鲁中参考点,ecmwf_ifs025,2026-07-15,1,2026-07-16,30.4,20.2,29.4,,39.3,81.1,5.0,,62.2,26.54,0.0,
鲁中参考点,ecmwf_ifs025,2026-07-14,2,2026-07-16,30.6,21.7,30.1,,40.6,83.0,5.2,,71.5,22.68,0.0,
鲁中参考点,ecmwf_ifs025,2026-07-13,3,2026-07-16,29.1,23.8,31.2,,36.1,84.6,6.5,,87.8,21.18,17.7,
鲁中参考点,ecmwf_ifs025,2026-07-12,4,2026-07-16,30.6,21.5,29.8,,40.2,81.9,6.3,,64.3,24.7,33.9,
鲁中参考点,ecmwf_ifs025,2026-07-11,5,2026-07-16,31.0,21.3,30.2,,41.6,81.9,6.3,,66.8,22.71,0.3,
鲁中参考点,ecmwf_ifs025,2026-07-10,6,2026-07-16,35.0,22.2,32.6,,44.9,59.6,3.4,,3.6,26.69,0.0,
鲁中参考点,ecmwf_ifs025,2026-07-09,7,2026-07-16,34.0,21.3,30.9,,43.2,62.3,6.8,,58.1,25.03,0.0,
鲁中参考点,ecmwf_ifs025,2026-07-16,1,2026-07-17,23.8,19.8,25.4,,,91.8,5.6,,70.5,5.73,42.3,
鲁中参考点,ecmwf_ifs025,2026-07-15,2,2026-07-17,24.6,21.1,26.1,,,89.8,7.1,,76.4,10.06,30.6,
鲁中参考点,ecmwf_ifs025,2026-07-14,3,2026-07-17,25.1,20.2,25.9,,,88.4,5.1,,94.2,8.01,11.7,
鲁中参考点,ecmwf_ifs025,2026-07-13,4,2026-07-17,28.4,20.3,26.8,,33.1,80.0,5.0,,89.6,8.64,2.1,
鲁中参考点,ecmwf_ifs025,2026-07-12,5,2026-07-17,26.5,20.7,26.8,,,80.5,3.5,,75.9,6.98,1.8,
鲁中参考点,ecmwf_ifs025,2026-07-11,6,2026-07-17,30.7,23.3,29.5,,34.3,60.3,4.3,,66.0,23.21,0.0,
鲁中参考点,ecmwf_ifs025,2026-07-10,7,2026-07-17,34.4,23.5,31.4,,41.7,56.2,6.1,,79.7,25.07,0.0,
鲁中参考点,ecmwf_ifs025,2026-07-17,1,2026-07-18,28.0,18.1,26.6,,31.9,79.0,4.4,,19.6,26.38,0.0,
鲁中参考点,ecmwf_ifs025,2026-07-16,2,2026-07-18,27.6,20.0,27.3,,31.5,82.5,4.9,,81.2,23.36,0.0,
鲁中参考点,ecmwf_ifs025,2026-07-15,3,2026-07-18,27.3,18.3,26.1,,30.2,78.0,2.5,,83.1,20.73,0.0,
鲁中参考点,ecmwf_ifs025,2026-07-14,4,2026-07-18,28.0,17.2,25.3,,31.6,76.8,6.1,,30.3,27.48,0.0,
鲁中参考点,ecmwf_ifs025,2026-07-13,5,2026-07-18,29.1,18.6,27.7,,34.0,75.5,4.0,,3.0,28.14,0.0,
鲁中参考点,ecmwf_ifs025,2026-07-12,6,2026-07-18,28.0,21.3,28.4,,31.1,73.5,2.7,,38.2,26.35,1.8,
鲁中参考点,ecmwf_ifs025,2026-07-11,7,2026-07-18,26.3,18.9,26.8,,,70.2,4.9,,75.7,6.96,0.0,
鲁中参考点,ecmwf_ifs025,2026-07-18,1,2026-07-19,28.7,21.5,28.0,,33.5,78.0,7.2,,51.4,22.99,1.2,
鲁中参考点,ecmwf_ifs025,2026-07-17,2,2026-07-19,28.8,21.2,28.8,,33.6,77.0,6.9,,32.7,24.49,0.9,
鲁中参考点,ecmwf_ifs025,2026-07-16,3,2026-07-19,29.2,19.5,28.9,,34.5,76.5,5.9,,18.7,25.42,0.6,
鲁中参考点,ecmwf_ifs025,2026-07-15,4,2026-07-19,29.9,19.8,28.8,,36.7,77.5,7.0,,8.7,26.04,0.0,
鲁中参考点,ecmwf_ifs025,2026-07-14,5,2026-07-19,30.6,19.4,28.7,,37.6,73.7,6.3,,3.5,27.29,0.0,
鲁中参考点,ecmwf_ifs025,2026-07-13,6,2026-07-19,30.0,19.5,29.2,,36.1,74.2,3.3,,8.5,24.57,0.0,
鲁中参考点,ecmwf_ifs025,2026-07-12,7,2026-07-19,30.5,17.9,28.0,,36.8,71.8,4.3,,1.1,27.35,0.0,
鲁中参考点,ecmwf_ifs025,2026-07-19,1,2026-07-20,29.5,19.9,27.8,,34.5,73.1,6.5,,1.1,26.99,0.0,
鲁中参考点,ecmwf_ifs025,2026-07-18,2,2026-07-20,29.5,20.4,28.0,,35.0,75.1,7.6,,0.6,27.17,0.0,
鲁中参考点,ecmwf_ifs025,2026-07-17,3,2026-07-20,30.4,20.5,30.0,,38.2,77.5,6.9,,10.4,25.84,0.6,
鲁中参考点,ecmwf_ifs025,2026-07-16,4,2026-07-20,30.7,21.7,29.6,,37.9,73.9,9.2,,6.4,26.45,0.0,
鲁中参考点,ecmwf_ifs025,2026-07-15,5,2026-07-20,30.8,22.3,30.1,,39.3,77.2,11.9,,4.4,26.15,0.0,
鲁中参考点,ecmwf_ifs025,2026-07-14,6,2026-07-20,30.2,23.1,29.3,,36.8,74.7,11.8,,10.6,26.88,0.0,
鲁中参考点,ecmwf_ifs025,2026-07-13,7,2026-07-20,31.0,22.7,30.8,,40.5,79.0,10.5,,27.2,26.33,4.5,
鲁中参考点,ecmwf_ifs025,2026-07-20,1,2026-07-21,30.4,20.7,29.7,,38.1,77.3,6.8,,11.5,24.79,0.0,
鲁中参考点,ecmwf_ifs025,2026-07-19,2,2026-07-21,31.7,20.2,30.3,,42.7,78.4,4.5,,31.8,25.88,0.0,
鲁中参考点,ecmwf_ifs025,2026-07-18,3,2026-07-21,30.6,20.7,29.3,,39.4,79.5,6.8,,7.4,26.34,0.0,
鲁中参考点,ecmwf_ifs025,2026-07-17,4,2026-07-21,30.3,21.1,29.7,,38.4,79.3,10.6,,0.7,26.96,0.0,
鲁中参考点,ecmwf_ifs025,2026-07-16,5,2026-07-21,30.8,19.9,28.9,,39.7,78.6,11.0,,9.6,26.47,0.0,
鲁中参考点,ecmwf_ifs025,2026-07-15,6,2026-07-21,31.0,23.6,30.7,,41.0,80.3,12.7,,9.4,25.91,0.0,
鲁中参考点,ecmwf_ifs025,2026-07-14,7,2026-07-21,30.2,22.6,29.9,,38.8,81.7,11.5,,36.0,26.67,5.4,
鲁中参考点,ecmwf_ifs025,2026-07-21,1,2026-07-22,30.1,22.6,29.8,,36.8,76.0,10.3,,23.0,25.02,0.0,
鲁中参考点,ecmwf_ifs025,2026-07-20,2,2026-07-22,30.5,22.4,30.3,,38.2,76.8,9.1,,6.0,26.67,0.0,
鲁中参考点,ecmwf_ifs025,2026-07-19,3,2026-07-22,31.1,22.0,31.0,,40.1,76.9,5.1,,7.8,26.71,0.3,
鲁中参考点,ecmwf_ifs025,2026-07-18,4,2026-07-22,31.0,22.4,30.4,,39.6,76.3,10.0,,4.2,26.79,0.0,
鲁中参考点,ecmwf_ifs025,2026-07-17,5,2026-07-22,31.1,22.0,30.6,,40.9,79.2,10.5,,6.2,26.05,0.0,
鲁中参考点,ecmwf_ifs025,2026-07-16,6,2026-07-22,30.5,23.5,30.3,,38.9,78.8,10.4,,27.3,25.28,0.0,
鲁中参考点,ecmwf_ifs025,2026-07-15,7,2026-07-22,31.5,22.6,30.6,,42.5,79.9,10.0,,49.4,22.88,0.9,
鲁中参考点,ecmwf_ifs025,2026-07-22,1,2026-07-23,30.6,21.6,29.3,,39.6,80.0,8.2,,28.0,24.72,3.3,
鲁中参考点,ecmwf_ifs025,2026-07-21,2,2026-07-23,30.2,21.7,29.8,,37.8,78.5,8.6,,11.7,24.89,0.6,
鲁中参考点,ecmwf_ifs025,2026-07-20,3,2026-07-23,31.7,21.5,30.7,,42.7,78.5,5.8,,30.2,23.66,0.3,
鲁中参考点,ecmwf_ifs025,2026-07-19,4,2026-07-23,31.4,21.7,31.0,,42.6,81.0,4.5,,35.0,24.98,1.5,
鲁中参考点,ecmwf_ifs025,2026-07-18,5,2026-07-23,30.8,22.4,30.8,,40.0,79.4,9.1,,19.5,26.04,1.2,
鲁中参考点,ecmwf_ifs025,2026-07-17,6,2026-07-23,31.5,23.2,31.3,,42.2,78.9,8.9,,30.8,22.84,0.0,
鲁中参考点,ecmwf_ifs025,2026-07-16,7,2026-07-23,30.4,22.3,29.2,,41.5,87.7,13.0,,32.6,21.29,5.1,
鲁中参考点,ecmwf_ifs025,2026-07-23,1,2026-07-24,27.1,21.6,28.6,,31.0,90.1,6.4,,42.1,18.89,11.7,
鲁中参考点,ecmwf_ifs025,2026-07-22,2,2026-07-24,27.1,21.0,28.3,,30.8,88.4,4.9,,59.2,19.38,6.0,
鲁中参考点,ecmwf_ifs025,2026-07-21,3,2026-07-24,28.9,21.2,29.2,,35.4,84.1,6.3,,46.8,24.15,10.2,
鲁中参考点,ecmwf_ifs025,2026-07-20,4,2026-07-24,30.7,23.0,30.4,,38.9,77.1,7.1,,32.1,21.97,0.9,
鲁中参考点,ecmwf_ifs025,2026-07-19,5,2026-07-24,31.1,22.7,31.2,,39.5,75.2,6.0,,55.8,24.48,0.0,
鲁中参考点,ecmwf_ifs025,2026-07-18,6,2026-07-24,30.7,24.7,32.0,,40.7,82.5,6.7,,50.5,21.17,1.8,
鲁中参考点,ecmwf_ifs025,2026-07-17,7,2026-07-24,31.6,22.5,30.9,,44.3,83.4,7.3,,42.4,20.57,1.2,
鲁中参考点,ecmwf_ifs025,2026-07-24,1,2026-07-25,26.5,21.5,27.4,,,92.3,8.2,,44.4,16.26,14.1,
鲁中参考点,ecmwf_ifs025,2026-07-23,2,2026-07-25,28.9,21.5,29.0,,36.2,87.7,5.9,,37.1,22.23,8.1,
鲁中参考点,ecmwf_ifs025,2026-07-22,3,2026-07-25,27.8,21.4,27.8,,33.0,89.3,7.1,,64.7,18.77,9.0,
鲁中参考点,ecmwf_ifs025,2026-07-21,4,2026-07-25,30.6,22.7,30.9,,40.5,82.7,5.6,,19.5,22.41,2.1,
鲁中参考点,ecmwf_ifs025,2026-07-20,5,2026-07-25,29.6,23.2,31.1,,36.9,81.8,6.6,,58.2,20.21,1.5,
鲁中参考点,ecmwf_ifs025,2026-07-19,6,2026-07-25,29.9,23.8,31.1,,38.2,83.0,9.8,,67.0,20.52,1.8,
鲁中参考点,ecmwf_ifs025,2026-07-18,7,2026-07-25,30.0,24.2,30.7,,39.4,85.7,11.0,,77.0,18.78,2.7,
鲁中参考点,ecmwf_ifs025,2026-07-25,1,2026-07-26,29.1,21.4,29.0,,36.8,87.7,5.1,,64.5,20.74,14.7,
鲁中参考点,ecmwf_ifs025,2026-07-24,2,2026-07-26,27.9,21.6,28.4,,33.4,89.9,6.3,,59.1,19.66,14.7,
鲁中参考点,ecmwf_ifs025,2026-07-23,3,2026-07-26,27.5,22.1,28.4,,32.3,90.6,7.0,,87.0,15.83,21.9,
鲁中参考点,ecmwf_ifs025,2026-07-22,4,2026-07-26,28.6,21.3,29.4,,34.9,86.0,5.9,,38.2,22.16,4.2,
鲁中参考点,ecmwf_ifs025,2026-07-21,5,2026-07-26,31.6,23.4,32.1,,43.1,80.5,6.1,,54.7,22.89,1.2,
鲁中参考点,ecmwf_ifs025,2026-07-20,6,2026-07-26,29.7,24.0,30.9,,38.1,85.0,9.0,,86.9,15.22,6.3,
鲁中参考点,ecmwf_ifs025,2026-07-19,7,2026-07-26,25.4,23.7,28.9,,,93.0,12.5,,99.5,10.73,19.2,
鲁中参考点,ecmwf_ifs025,2026-07-26,1,2026-07-27,31.6,22.4,31.6,,45.2,85.5,5.9,,64.4,20.25,6.0,
鲁中参考点,ecmwf_ifs025,2026-07-25,2,2026-07-27,29.4,21.9,30.5,,37.7,87.1,6.9,,44.5,19.65,3.0,
鲁中参考点,ecmwf_ifs025,2026-07-24,3,2026-07-27,29.3,23.0,31.3,,37.0,85.9,6.2,,76.7,20.99,3.6,
鲁中参考点,ecmwf_ifs025,2026-07-23,4,2026-07-27,30.8,21.4,30.5,,42.5,86.4,6.2,,61.0,22.24,3.3,
鲁中参考点,ecmwf_ifs025,2026-07-22,5,2026-07-27,30.3,21.6,30.7,,40.7,86.5,5.3,,41.3,21.93,4.5,
鲁中参考点,ecmwf_ifs025,2026-07-21,6,2026-07-27,32.0,23.8,32.6,,43.9,79.0,7.2,,62.5,22.59,0.0,
鲁中参考点,ecmwf_ifs025,2026-07-20,7,2026-07-27,30.2,22.3,30.6,,40.3,86.4,10.8,,87.3,17.0,8.7,
鲁中参考点,ecmwf_ifs025,2026-07-27,1,2026-07-28,30.9,24.6,32.4,,40.6,80.2,7.9,,75.5,21.0,0.0,
鲁中参考点,ecmwf_ifs025,2026-07-26,2,2026-07-28,32.5,25.0,33.4,,45.7,78.8,9.3,,27.5,24.54,0.0,
鲁中参考点,ecmwf_ifs025,2026-07-25,3,2026-07-28,32.3,24.4,32.9,,45.9,81.0,10.5,,34.6,24.53,0.0,
鲁中参考点,ecmwf_ifs025,2026-07-24,4,2026-07-28,32.1,24.4,32.8,,45.7,82.2,10.0,,67.7,18.68,0.3,
鲁中参考点,ecmwf_ifs025,2026-07-23,5,2026-07-28,31.4,22.6,31.3,,42.9,81.7,11.7,,93.3,23.16,0.0,
鲁中参考点,ecmwf_ifs025,2026-07-22,6,2026-07-28,26.7,23.7,29.9,,,90.2,11.7,,65.0,19.89,4.2,
鲁中参考点,ecmwf_ifs025,2026-07-21,7,2026-07-28,31.9,25.6,32.6,,44.4,80.9,13.2,,69.5,22.6,3.0,
鲁中参考点,ecmwf_ifs025,2026-07-28,1,2026-07-29,31.7,24.7,31.9,,43.2,79.8,13.7,,57.1,,,
鲁中参考点,ecmwf_ifs025,2026-07-27,2,2026-07-29,31.0,24.8,32.1,,41.9,82.7,11.8,,50.0,,,
鲁中参考点,ecmwf_ifs025,2026-07-26,3,2026-07-29,31.8,24.9,32.6,,43.8,80.3,11.9,,38.0,,,
鲁中参考点,ecmwf_ifs025,2026-07-25,4,2026-07-29,31.9,25.1,31.9,,43.0,77.5,14.0,,22.3,,,
鲁中参考点,ecmwf_ifs025,2026-07-24,5,2026-07-29,29.8,25.4,31.5,,37.3,80.8,13.8,,80.8,,,
鲁中参考点,ecmwf_ifs025,2026-07-23,6,2026-07-29,26.0,22.4,27.4,,,92.8,19.3,,99.1,,,
鲁中参考点,ecmwf_ifs025,2026-07-22,7,2026-07-29,29.5,23.6,30.2,,38.0,86.8,15.2,,42.1,,,
鲁中参考点,gfs_seamless,2026-07-28,1,2026-07-29,31.2,23.3,30.4,,41.7,80.5,12.9,39.6,56.0,,,0.0
鲁中参考点,gfs_seamless,2026-07-27,2,2026-07-29,29.6,23.2,29.5,,37.4,83.7,10.3,39.6,67.8,,,0.0
鲁中参考点,gfs_seamless,2026-07-26,3,2026-07-29,31.6,23.0,29.8,,42.6,79.2,12.8,45.7,31.6,,,0.0
鲁中参考点,gfs_seamless,2026-07-25,4,2026-07-29,32.4,23.5,31.0,,44.2,76.4,10.8,29.2,24.2,,,0.0
鲁中参考点,gfs_seamless,2026-07-24,5,2026-07-29,31.8,23.3,30.7,,43.0,78.4,12.7,31.3,64.5,,,0.0
鲁中参考点,gfs_seamless,2026-07-23,6,2026-07-29,32.9,22.9,31.7,,47.3,79.1,11.4,41.8,82.3,,,0.0
鲁中参考点,gfs_seamless,2026-07-22,7,2026-07-29,33.8,23.6,32.5,,48.9,75.5,12.3,34.6,63.6,,,0.0
鲁中参考点,jma_seamless,2026-07-28,1,2026-07-29,31.9,26.0,32.7,,42.3,75.8,7.9,,42.0,,0.0,0.0
鲁中参考点,jma_seamless,2026-07-27,2,2026-07-29,32.2,26.5,33.7,,43.3,75.8,6.6,,27.3,,0.0,0.0
鲁中参考点,jma_seamless,2026-07-26,3,2026-07-29,32.2,26.2,33.7,,42.1,72.8,5.8,,44.2,,0.0,0.0
鲁中参考点,jma_seamless,2026-07-25,4,2026-07-29,30.4,26.6,33.1,,38.4,78.2,6.9,,72.8,,0.6,0.0
鲁中参考点,jma_seamless,2026-07-24,5,2026-07-29,27.8,25.4,31.7,,32.1,83.6,6.8,,90.8,,12.9,0.0
鲁中参考点,jma_seamless,2026-07-23,6,2026-07-29,30.9,26.1,32.2,,39.7,77.4,11.1,,55.8,,1.8,0.0
鲁中参考点,jma_seamless,2026-07-22,7,2026-07-29,34.6,27.9,34.5,,45.1,62.7,10.1,,14.0,,0.0,0.0
鲁中参考点,ecmwf_ifs025,2026-07-29,1,2026-07-30,30.9,24.2,31.1,,40.6,80.1,17.1,,27.2,,,
鲁中参考点,ecmwf_ifs025,2026-07-28,2,2026-07-30,30.7,24.4,31.4,,40.1,80.6,16.3,,47.4,,,
鲁中参考点,ecmwf_ifs025,2026-07-27,3,2026-07-30,31.8,24.5,31.7,,42.8,77.9,14.9,,19.0,,,
鲁中参考点,ecmwf_ifs025,2026-07-26,4,2026-07-30,30.8,24.4,31.1,,40.8,81.7,13.5,,48.3,,,
鲁中参考点,ecmwf_ifs025,2026-07-25,5,2026-07-30,31.4,25.5,31.2,,40.2,74.4,17.2,,32.1,,,
鲁中参考点,ecmwf_ifs025,2026-07-24,6,2026-07-30,31.3,22.7,30.5,,41.8,79.8,18.5,,64.1,,,
鲁中参考点,ecmwf_ifs025,2026-07-23,7,2026-07-30,31.2,23.2,29.5,,43.3,84.5,24.2,,92.4,,,
鲁中参考点,gfs_seamless,2026-07-29,1,2026-07-30,31.4,23.4,31.1,,42.3,80.2,13.5,38.9,70.9,,,0.0
鲁中参考点,gfs_seamless,2026-07-28,2,2026-07-30,32.5,22.8,31.0,,45.0,77.3,13.9,39.2,57.0,,,0.0
鲁中参考点,gfs_seamless,2026-07-27,3,2026-07-30,31.7,22.3,29.7,,42.1,77.0,15.3,45.4,33.3,,,0.0
鲁中参考点,gfs_seamless,2026-07-26,4,2026-07-30,31.4,23.4,30.3,,42.0,79.3,14.3,38.2,27.2,,,0.0
鲁中参考点,gfs_seamless,2026-07-25,5,2026-07-30,33.2,22.0,30.3,,44.4,70.6,12.8,40.3,23.1,,,0.0
鲁中参考点,gfs_seamless,2026-07-24,6,2026-07-30,31.6,22.5,29.9,,42.5,78.8,14.8,37.1,66.1,,,0.0
鲁中参考点,gfs_seamless,2026-07-23,7,2026-07-30,33.3,23.1,31.9,,47.4,76.3,12.7,46.8,38.2,,,0.0
鲁中参考点,jma_seamless,2026-07-29,1,2026-07-30,30.2,25.6,32.1,,37.9,78.8,9.3,,22.1,,0.0,0.0
鲁中参考点,jma_seamless,2026-07-28,2,2026-07-30,31.6,25.9,32.4,,40.9,74.8,9.1,,16.2,,0.0,0.0
鲁中参考点,jma_seamless,2026-07-27,3,2026-07-30,31.0,26.7,33.1,,39.4,75.6,8.3,,22.9,,0.0,0.0
鲁中参考点,jma_seamless,2026-07-26,4,2026-07-30,31.4,26.3,32.7,,39.9,73.7,8.9,,33.2,,0.6,0.0
鲁中参考点,jma_seamless,2026-07-25,5,2026-07-30,29.7,25.7,32.1,,37.3,82.0,10.4,,66.4,,0.3,0.0
鲁中参考点,jma_seamless,2026-07-24,6,2026-07-30,29.1,25.0,31.7,,35.5,82.0,8.9,,59.0,,16.2,0.0
鲁中参考点,jma_seamless,2026-07-23,7,2026-07-30,33.4,24.9,32.4,,46.2,73.1,12.1,,42.5,,15.9,0.0
鲁中参考点,ecmwf_ifs025,2026-07-30,1,2026-07-31,31.5,25.0,31.1,,41.1,76.2,20.6,,94.3,,,
鲁中参考点,ecmwf_ifs025,2026-07-29,2,2026-07-31,32.1,25.3,31.3,,42.8,75.4,20.5,,61.7,,,
鲁中参考点,ecmwf_ifs025,2026-07-28,3,2026-07-31,32.0,24.7,31.8,,43.2,77.1,19.1,,42.1,,,
鲁中参考点,ecmwf_ifs025,2026-07-27,4,2026-07-31,32.1,24.0,31.7,,43.0,76.0,17.6,,11.0,,,
鲁中参考点,ecmwf_ifs025,2026-07-26,5,2026-07-31,31.5,23.1,31.0,,42.5,79.8,21.2,,38.9,,,
鲁中参考点,ecmwf_ifs025,2026-07-25,6,2026-07-31,32.3,25.5,32.2,,44.6,78.0,19.0,,49.1,,,
鲁中参考点,ecmwf_ifs025,2026-07-24,7,2026-07-31,32.2,26.3,31.8,,44.1,77.8,23.3,,39.5,,,
鲁中参考点,gfs_seamless,2026-07-30,1,2026-07-31,32.1,25.2,31.0,,42.6,74.8,19.5,44.6,86.7,,,0.0
鲁中参考点,gfs_seamless,2026-07-29,2,2026-07-31,31.7,24.0,31.1,,41.8,76.2,16.6,42.1,96.5,,,0.0
鲁中参考点,gfs_seamless,2026-07-28,3,2026-07-31,32.5,23.7,31.1,,43.9,74.9,15.7,39.6,25.3,,,0.0
鲁中参考点,gfs_seamless,2026-07-27,4,2026-07-31,32.1,23.1,30.5,,43.5,77.0,16.6,40.0,3.8,,,0.0
鲁中参考点,gfs_seamless,2026-07-26,5,2026-07-31,32.7,23.4,30.9,,45.2,76.2,14.4,38.2,15.6,,,0.0
鲁中参考点,gfs_seamless,2026-07-25,6,2026-07-31,30.5,22.0,29.9,,38.4,77.2,12.4,32.4,40.1,,,0.0
鲁中参考点,gfs_seamless,2026-07-24,7,2026-07-31,32.8,23.1,30.7,,45.9,76.9,15.3,48.2,18.8,,,0.0
鲁中参考点,jma_seamless,2026-07-30,1,2026-07-31,32.7,26.2,32.8,,42.9,70.8,11.1,,38.5,,0.0,0.0
鲁中参考点,jma_seamless,2026-07-29,2,2026-07-31,33.1,26.2,33.0,,43.6,69.5,10.5,,21.5,,0.0,0.0
鲁中参考点,jma_seamless,2026-07-28,3,2026-07-31,32.1,26.3,33.3,,41.7,72.7,9.9,,14.0,,0.0,0.0
鲁中参考点,jma_seamless,2026-07-27,4,2026-07-31,33.0,26.6,33.3,,43.0,69.0,10.2,,12.8,,0.0,0.0
鲁中参考点,jma_seamless,2026-07-26,5,2026-07-31,33.0,26.2,33.2,,44.1,71.4,11.0,,18.7,,0.6,0.0
鲁中参考点,jma_seamless,2026-07-25,6,2026-07-31,33.5,27.1,33.8,,46.1,72.2,10.1,,14.9,,0.0,0.0
鲁中参考点,jma_seamless,2026-07-24,7,2026-07-31,30.9,24.9,33.0,,40.1,78.8,10.9,,49.4,,4.5,0.0
鲁中参考点,ecmwf_ifs025,2026-07-31,1,2026-08-01,32.6,25.9,32.3,,43.0,71.8,18.7,,50.5,,,
鲁中参考点,ecmwf_ifs025,2026-07-30,2,2026-08-01,32.6,25.7,32.1,,43.1,72.2,19.6,,24.2,,,
鲁中参考点,ecmwf_ifs025,2026-07-29,3,2026-08-01,32.9,26.0,32.5,,44.3,72.6,18.8,,10.3,,,
鲁中参考点,ecmwf_ifs025,2026-07-28,4,2026-08-01,32.7,26.1,32.6,,44.0,73.5,19.7,,26.6,,,
鲁中参考点,ecmwf_ifs025,2026-07-27,5,2026-08-01,32.9,25.3,32.8,,45.1,74.4,16.5,,4.2,,,
鲁中参考点,ecmwf_ifs025,2026-07-26,6,2026-08-01,33.0,25.8,32.8,,47.1,77.9,20.3,,31.5,,,
鲁中参考点,ecmwf_ifs025,2026-07-25,7,2026-08-01,32.2,26.7,31.9,,42.0,72.5,19.8,,1.0,,,
鲁中参考点,gfs_seamless,2026-07-31,1,2026-08-01,32.4,25.5,31.4,,42.9,73.2,20.4,48.6,29.3,,,0.0
鲁中参考点,gfs_seamless,2026-07-30,2,2026-08-01,33.1,25.1,31.8,,45.0,72.6,19.4,46.8,35.2,,,0.0
鲁中参考点,gfs_seamless,2026-07-29,3,2026-08-01,32.9,24.4,31.4,,45.9,76.2,16.5,40.7,56.5,,,0.0
鲁中参考点,gfs_seamless,2026-07-28,4,2026-08-01,32.2,24.0,31.3,,43.2,75.6,13.8,38.2,1.6,,,0.0
鲁中参考点,gfs_seamless,2026-07-27,5,2026-08-01,32.3,23.9,31.0,,43.7,75.9,17.2,42.5,12.9,,,0.0
鲁中参考点,gfs_seamless,2026-07-26,6,2026-08-01,32.5,23.5,31.4,,44.9,77.2,13.9,30.6,35.8,,,0.0
鲁中参考点,gfs_seamless,2026-07-25,7,2026-08-01,32.5,23.1,30.6,,44.2,75.5,15.2,33.8,28.0,,,0.0
鲁中参考点,jma_seamless,2026-07-31,1,2026-08-01,32.2,26.6,33.1,,42.2,73.0,11.2,,9.3,,0.0,0.0
鲁中参考点,jma_seamless,2026-07-30,2,2026-08-01,32.9,27.4,33.5,,42.1,67.5,11.1,,9.2,,0.0,0.0
鲁中参考点,jma_seamless,2026-07-29,3,2026-08-01,33.3,26.9,33.6,,44.2,69.5,11.2,,17.7,,0.0,0.0
鲁中参考点,jma_seamless,2026-07-28,4,2026-08-01,34.2,27.2,34.1,,46.0,67.0,10.4,,15.1,,0.0,0.0
鲁中参考点,jma_seamless,2026-07-27,5,2026-08-01,33.7,27.3,34.0,,44.6,67.5,10.2,,3.2,,0.0,0.0
鲁中参考点,jma_seamless,2026-07-26,6,2026-08-01,33.8,26.6,34.0,,46.1,70.1,10.0,,18.1,,0.0,0.0
鲁中参考点,jma_seamless,2026-07-25,7,2026-08-01,32.5,27.5,34.4,,43.1,72.9,9.1,,58.4,,0.0,0.0
鲁中参考点,ecmwf_ifs025,2026-08-01,1,2026-08-02,34.1,26.0,33.6,,45.8,67.3,14.9,,2.6,,,
鲁中参考点,ecmwf_ifs025,2026-07-31,2,2026-08-02,33.9,25.9,33.6,,46.0,69.2,14.9,,1.7,,,
鲁中参考点,ecmwf_ifs025,2026-07-30,3,2026-08-02,33.9,25.6,33.6,,46.5,70.1,14.3,,1.3,,,
鲁中参考点,ecmwf_ifs025,2026-07-29,4,2026-08-02,33.8,25.9,33.7,,46.3,70.4,13.0,,2.8,,,
鲁中参考点,ecmwf_ifs025,2026-07-28,5,2026-08-02,33.6,26.1,33.6,,46.4,72.1,13.9,,3.2,,,
鲁中参考点,ecmwf_ifs025,2026-07-27,6,2026-08-02,33.2,26.9,33.5,,44.8,71.5,13.6,,6.6,,,
鲁中参考点,ecmwf_ifs025,2026-07-26,7,2026-08-02,33.9,27.0,33.8,,48.6,74.2,17.6,,8.9,,,
鲁中参考点,gfs_seamless,2026-08-01,1,2026-08-02,33.9,24.8,32.8,,47.8,72.6,14.7,34.9,3.0,,,0.0
鲁中参考点,gfs_seamless,2026-07-31,2,2026-08-02,33.8,24.8,32.7,,47.6,73.1,14.1,35.3,13.5,,,0.0
鲁中参考点,gfs_seamless,2026-07-30,3,2026-08-02,33.9,24.1,32.3,,48.4,73.8,13.5,34.6,10.1,,,0.0
鲁中参考点,gfs_seamless,2026-07-29,4,2026-08-02,32.2,24.1,31.6,,43.4,76.1,12.9,37.4,17.0,,,0.0
鲁中参考点,gfs_seamless,2026-07-28,5,2026-08-02,32.3,23.5,31.1,,44.2,77.0,12.1,25.6,36.2,,,0.0
鲁中参考点,gfs_seamless,2026-07-27,6,2026-08-02,33.0,23.6,31.7,,45.7,75.0,14.3,30.2,15.8,,,0.0
鲁中参考点,gfs_seamless,2026-07-26,7,2026-08-02,33.1,23.4,31.9,,45.6,74.0,10.7,31.7,25.7,,,0.0
鲁中参考点,jma_seamless,2026-08-01,1,2026-08-02,34.4,26.9,34.0,,46.4,66.6,9.2,,2.5,,0.0,0.0
鲁中参考点,jma_seamless,2026-07-31,2,2026-08-02,34.9,27.5,34.2,,45.7,61.9,8.5,,2.0,,0.0,0.0
鲁中参考点,jma_seamless,2026-07-30,3,2026-08-02,35.2,27.5,34.4,,46.2,61.0,8.0,,3.0,,0.0,0.0
鲁中参考点,jma_seamless,2026-07-29,4,2026-08-02,34.3,27.6,34.6,,45.0,64.4,8.4,,2.2,,0.0,0.0
鲁中参考点,jma_seamless,2026-07-28,5,2026-08-02,36.7,27.5,34.7,,49.4,58.2,7.8,,7.0,,0.0,0.0
鲁中参考点,jma_seamless,2026-07-27,6,2026-08-02,35.5,27.5,34.4,,47.1,61.1,9.0,,4.3,,0.0,0.0
鲁中参考点,jma_seamless,2026-07-26,7,2026-08-02,35.7,26.8,35.2,,51.3,67.2,6.9,,39.4,,0.0,0.0
鲁中参考点,ecmwf_ifs025,2026-08-02,1,2026-08-03,34.4,25.4,33.7,,46.9,67.6,12.5,,4.2,,,
鲁中参考点,ecmwf_ifs025,2026-08-01,2,2026-08-03,34.5,25.9,34.1,,46.1,65.3,12.0,,4.8,,,
鲁中参考点,ecmwf_ifs025,2026-07-31,3,2026-08-03,34.6,25.7,34.0,,47.0,66.5,12.5,,3.7,,,
鲁中参考点,ecmwf_ifs025,2026-07-30,4,2026-08-03,34.1,25.4,33.4,,46.0,67.7,12.7,,4.4,,,
鲁中参考点,ecmwf_ifs025,2026-07-29,5,2026-08-03,33.9,25.3,33.3,,45.5,68.0,12.6,,1.3,,,
鲁中参考点,ecmwf_ifs025,2026-07-28,6,2026-08-03,33.9,26.5,33.8,,45.7,68.5,11.4,,1.5,,,
鲁中参考点,ecmwf_ifs025,2026-07-27,7,2026-08-03,30.6,26.3,32.7,,38.0,75.1,11.2,,24.6,,,
鲁中参考点,gfs_seamless,2026-08-02,1,2026-08-03,34.4,24.9,33.1,,48.7,70.9,11.9,25.6,14.9,,,0.0
鲁中参考点,gfs_seamless,2026-08-01,2,2026-08-03,34.2,24.9,33.3,,48.9,72.7,11.8,26.6,5.2,,,0.0
鲁中参考点,gfs_seamless,2026-07-31,3,2026-08-03,33.9,24.2,33.0,,47.6,72.4,10.5,25.9,6.7,,,0.0
鲁中参考点,gfs_seamless,2026-07-30,4,2026-08-03,33.3,24.1,32.0,,44.6,70.3,13.1,33.1,16.5,,,0.0
鲁中参考点,gfs_seamless,2026-07-29,5,2026-08-03,31.6,23.9,31.4,,41.0,74.9,12.0,32.0,17.7,,,0.0
鲁中参考点,gfs_seamless,2026-07-28,6,2026-08-03,33.2,23.2,31.5,,46.9,75.9,13.2,28.1,24.9,,,0.0
鲁中参考点,gfs_seamless,2026-07-27,7,2026-08-03,33.6,23.3,31.6,,47.3,73.8,10.9,28.8,14.6,,,0.0
鲁中参考点,jma_seamless,2026-08-02,1,2026-08-03,33.1,27.2,34.3,,43.8,70.1,6.8,,12.0,,0.0,0.0
鲁中参考点,jma_seamless,2026-08-01,2,2026-08-03,34.5,26.5,34.0,,46.5,66.2,6.5,,1.2,,0.0,0.0
鲁中参考点,jma_seamless,2026-07-31,3,2026-08-03,36.3,28.1,35.0,,47.4,56.9,6.3,,3.1,,0.0,0.0
鲁中参考点,jma_seamless,2026-07-30,4,2026-08-03,35.9,27.6,35.1,,47.0,58.5,5.6,,3.0,,0.0,0.0
鲁中参考点,jma_seamless,2026-07-29,5,2026-08-03,34.4,27.7,34.7,,44.6,62.8,7.0,,10.8,,0.0,0.0
鲁中参考点,jma_seamless,2026-07-28,6,2026-08-03,36.9,27.9,35.2,,50.0,58.1,5.4,,1.8,,0.0,0.0
鲁中参考点,jma_seamless,2026-07-27,7,2026-08-03,36.4,28.1,35.0,,48.2,57.8,6.0,,2.0,,0.0,0.0
鲁中参考点,ecmwf_ifs025,2026-08-03,1,2026-08-04,36.6,25.6,34.8,,50.0,59.9,7.3,,4.6,,,
鲁中参考点,ecmwf_ifs025,2026-08-02,2,2026-08-04,36.4,25.5,35.1,,52.6,65.3,7.4,,6.4,,,
鲁中参考点,ecmwf_ifs025,2026-08-01,3,2026-08-04,36.3,25.6,35.5,,50.0,61.6,7.3,,7.8,,,
鲁中参考点,ecmwf_ifs025,2026-07-31,4,2026-08-04,35.9,25.0,34.8,,51.0,65.6,7.3,,22.7,,,
鲁中参考点,ecmwf_ifs025,2026-07-30,5,2026-08-04,35.0,24.0,34.4,,48.3,66.4,7.1,,19.4,,,
鲁中参考点,ecmwf_ifs025,2026-07-29,6,2026-08-04,34.7,26.6,34.4,,48.6,68.9,9.0,,14.1,,,
鲁中参考点,ecmwf_ifs025,2026-07-28,7,2026-08-04,35.1,25.6,34.4,,49.2,67.3,7.6,,1.6,,,
鲁中参考点,gfs_seamless,2026-08-03,1,2026-08-04,35.4,24.3,33.5,,51.8,70.0,9.0,28.1,19.8,,,0.0
鲁中参考点,gfs_seamless,2026-08-02,2,2026-08-04,36.1,24.2,33.9,,55.6,71.6,6.1,20.5,35.7,,,0.0
鲁中参考点,gfs_seamless,2026-08-01,3,2026-08-04,35.1,24.0,33.2,,52.5,73.0,7.9,24.1,53.5,,,0.0
鲁中参考点,gfs_seamless,2026-07-31,4,2026-08-04,33.9,23.8,33.0,,47.9,72.8,8.2,16.9,48.5,,,0.0
鲁中参考点,gfs_seamless,2026-07-30,5,2026-08-04,34.0,23.7,32.4,,47.1,70.6,9.6,23.4,29.5,,,0.0
鲁中参考点,gfs_seamless,2026-07-29,6,2026-08-04,33.1,23.5,31.0,,47.0,77.0,13.2,29.2,14.2,,,0.0
鲁中参考点,gfs_seamless,2026-07-28,7,2026-08-04,33.0,23.3,31.4,,44.8,73.0,11.2,32.4,10.5,,,0.0
鲁中参考点,jma_seamless,2026-08-03,1,2026-08-04,35.5,25.2,34.8,,54.9,74.3,3.7,,22.8,,4.2,0.0
鲁中参考点,jma_seamless,2026-08-02,2,2026-08-04,35.1,25.2,34.9,,49.2,67.4,2.9,,21.2,,0.0,0.0
鲁中参考点,jma_seamless,2026-08-01,3,2026-08-04,35.8,28.1,35.9,,49.8,64.2,4.5,,19.8,,0.6,0.0
鲁中参考点,jma_seamless,2026-07-31,4,2026-08-04,35.7,28.0,35.9,,49.0,63.4,4.4,,49.5,,0.3,0.0
鲁中参考点,jma_seamless,2026-07-30,5,2026-08-04,32.7,27.3,34.5,,41.6,67.8,5.0,,31.1,,0.0,0.0
鲁中参考点,jma_seamless,2026-07-29,6,2026-08-04,33.3,26.2,34.5,,47.1,75.6,3.9,,23.7,,2.7,0.0
鲁中参考点,jma_seamless,2026-07-28,7,2026-08-04,35.4,26.3,34.1,,49.6,66.2,3.5,,16.2,,0.0,0.0
鲁中参考点,ecmwf_ifs025,2026-08-04,1,2026-08-05,35.8,23.8,33.6,,45.3,55.7,4.3,,60.4,,,
鲁中参考点,ecmwf_ifs025,2026-08-03,2,2026-08-05,37.0,24.7,34.1,,48.9,55.7,4.6,,29.2,,,
鲁中参考点,ecmwf_ifs025,2026-08-02,3,2026-08-05,36.6,24.4,34.2,,49.3,58.7,5.4,,65.0,,,
鲁中参考点,ecmwf_ifs025,2026-08-01,4,2026-08-05,36.5,25.3,34.4,,47.3,55.7,6.1,,46.2,,,
鲁中参考点,ecmwf_ifs025,2026-07-31,5,2026-08-05,36.1,24.8,34.4,,47.1,57.5,5.2,,21.0,,,
鲁中参考点,ecmwf_ifs025,2026-07-30,6,2026-08-05,36.3,25.9,33.4,,46.1,54.4,4.7,,13.2,,,
鲁中参考点,ecmwf_ifs025,2026-07-29,7,2026-08-05,35.6,25.5,34.2,,48.7,63.4,5.9,,6.8,,,
鲁中参考点,gfs_seamless,2026-08-04,1,2026-08-05,33.4,23.1,30.8,,43.1,66.2,6.1,12.6,87.2,,,0.0
鲁中参考点,gfs_seamless,2026-08-03,2,2026-08-05,34.1,22.1,31.1,,43.5,62.5,6.3,15.1,66.4,,,0.0
鲁中参考点,gfs_seamless,2026-08-02,3,2026-08-05,34.2,22.2,31.3,,44.7,64.3,6.3,11.5,86.9,,,0.0
鲁中参考点,gfs_seamless,2026-08-01,4,2026-08-05,33.8,23.0,31.7,,44.1,65.8,6.3,12.2,91.3,,,0.0
鲁中参考点,gfs_seamless,2026-07-31,5,2026-08-05,33.9,22.6,31.8,,44.9,66.8,5.7,9.4,62.7,,,0.0
鲁中参考点,gfs_seamless,2026-07-30,6,2026-08-05,34.4,23.3,32.0,,45.4,64.6,6.4,16.6,26.5,,,0.0
鲁中参考点,gfs_seamless,2026-07-29,7,2026-08-05,31.1,23.5,30.5,,40.0,76.5,9.3,22.7,62.9,,,0.0
鲁中参考点,jma_seamless,2026-08-04,1,2026-08-05,35.4,24.4,32.4,,49.2,65.4,2.5,,22.5,,0.0,0.0
鲁中参考点,jma_seamless,2026-08-03,2,2026-08-05,35.8,25.3,33.6,,48.9,62.6,4.3,,30.1,,0.0,0.0
鲁中参考点,jma_seamless,2026-08-02,3,2026-08-05,34.8,25.7,34.2,,48.7,68.3,3.9,,18.8,,0.0,0.0
鲁中参考点,jma_seamless,2026-08-01,4,2026-08-05,33.9,26.7,34.7,,45.2,67.5,3.8,,27.3,,0.3,0.0
鲁中参考点,jma_seamless,2026-07-31,5,2026-08-05,31.7,26.9,33.8,,39.1,68.8,4.2,,27.1,,0.0,0.0
鲁中参考点,jma_seamless,2026-07-30,6,2026-08-05,31.0,25.8,33.7,,40.8,79.7,2.2,,18.3,,0.3,0.0
鲁中参考点,jma_seamless,2026-07-29,7,2026-08-05,28.4,26.0,33.2,,33.5,82.3,2.3,,52.3,,6.6,0.0
鲁中参考点,ecmwf_ifs025,2026-08-05,1,2026-08-06,36.0,24.6,34.1,,46.2,56.3,4.9,,19.5,,,
鲁中参考点,ecmwf_ifs025,2026-08-04,2,2026-08-06,36.4,25.3,34.4,,45.3,52.3,5.5,,28.5,,,
鲁中参考点,ecmwf_ifs025,2026-08-03,3,2026-08-06,36.6,24.9,33.4,,44.8,50.2,5.7,,34.4,,,
鲁中参考点,ecmwf_ifs025,2026-08-02,4,2026-08-06,36.5,24.9,33.5,,45.1,51.4,6.1,,59.7,,,
鲁中参考点,ecmwf_ifs025,2026-08-01,5,2026-08-06,36.6,25.1,33.9,,45.5,51.6,6.4,,40.3,,,
鲁中参考点,ecmwf_ifs025,2026-07-31,6,2026-08-06,36.6,25.7,33.9,,44.9,50.5,4.3,,3.9,,,
鲁中参考点,ecmwf_ifs025,2026-07-30,7,2026-08-06,36.5,25.1,33.1,,46.0,53.2,5.1,,56.5,,,
鲁中参考点,gfs_seamless,2026-08-05,1,2026-08-06,34.8,23.6,32.0,,44.7,60.5,5.6,13.7,52.5,,,0.0
鲁中参考点,gfs_seamless,2026-08-04,2,2026-08-06,34.0,23.5,31.8,,42.6,60.9,5.8,16.9,34.0,,,0.0
鲁中参考点,gfs_seamless,2026-08-03,3,2026-08-06,34.8,24.3,32.2,,43.4,57.7,6.0,13.0,64.5,,,0.0
鲁中参考点,gfs_seamless,2026-08-02,4,2026-08-06,34.4,24.0,31.5,,42.9,59.0,7.6,27.0,55.7,,,0.0
鲁中参考点,gfs_seamless,2026-08-01,5,2026-08-06,34.5,23.5,31.0,,44.4,61.7,6.5,18.0,66.8,,,0.0
鲁中参考点,gfs_seamless,2026-07-31,6,2026-08-06,32.7,23.2,30.9,,39.8,63.0,7.2,16.2,57.7,,,0.0
鲁中参考点,gfs_seamless,2026-07-30,7,2026-08-06,34.0,23.1,30.8,,45.0,66.4,7.2,19.8,31.2,,,0.0
鲁中参考点,jma_seamless,2026-08-05,1,2026-08-06,36.1,24.5,33.4,,48.6,60.2,4.9,,13.8,,0.0,0.0
鲁中参考点,jma_seamless,2026-08-04,2,2026-08-06,34.5,23.9,32.5,,44.1,61.1,4.9,,25.8,,0.0,0.0
鲁中参考点,jma_seamless,2026-08-03,3,2026-08-06,32.5,24.9,32.4,,40.4,66.0,4.5,,32.8,,0.0,0.0
鲁中参考点,jma_seamless,2026-08-02,4,2026-08-06,31.7,24.3,32.0,,40.3,72.1,6.2,,30.3,,0.0,0.0
鲁中参考点,jma_seamless,2026-08-01,5,2026-08-06,34.5,24.3,31.6,,44.7,62.5,4.8,,4.2,,0.0,0.0
鲁中参考点,jma_seamless,2026-07-31,6,2026-08-06,31.2,25.6,32.4,,38.9,72.4,6.2,,25.0,,0.0,0.0
鲁中参考点,jma_seamless,2026-07-30,7,2026-08-06,30.5,24.9,32.4,,38.7,78.2,5.6,,37.2,,0.6,0.0
鲁中参考点,ecmwf_ifs025,2026-08-06,1,2026-08-07,34.2,24.5,32.7,,42.3,59.0,9.0,,9.0,,,
鲁中参考点,ecmwf_ifs025,2026-08-05,2,2026-08-07,35.7,25.2,33.1,,45.2,56.1,9.3,,3.4,,,
鲁中参考点,ecmwf_ifs025,2026-08-04,3,2026-08-07,36.4,25.1,33.5,,48.2,57.8,8.8,,6.2,,,
鲁中参考点,ecmwf_ifs025,2026-08-03,4,2026-08-07,36.2,25.2,33.5,,46.3,55.5,10.5,,3.0,,,
鲁中参考点,ecmwf_ifs025,2026-08-02,5,2026-08-07,36.0,24.9,33.1,,47.5,58.9,12.0,,9.2,,,
鲁中参考点,ecmwf_ifs025,2026-08-01,6,2026-08-07,36.5,27.3,34.2,,47.3,55.7,10.0,,10.9,,,
鲁中参考点,ecmwf_ifs025,2026-07-31,7,2026-08-07,37.2,26.8,34.3,,46.6,50.5,7.2,,8.5,,,
鲁中参考点,gfs_seamless,2026-08-06,1,2026-08-07,34.8,22.3,30.8,,45.4,62.0,11.0,31.7,0.4,,,0.0
鲁中参考点,gfs_seamless,2026-08-05,2,2026-08-07,33.8,22.4,30.8,,45.3,68.3,11.8,31.3,3.5,,,0.0
鲁中参考点,gfs_seamless,2026-08-04,3,2026-08-07,34.3,23.0,31.3,,45.2,64.8,10.2,31.3,39.1,,,0.0
鲁中参考点,gfs_seamless,2026-08-03,4,2026-08-07,33.8,23.6,31.1,,43.1,63.6,9.9,34.9,46.4,,,0.0
鲁中参考点,gfs_seamless,2026-08-02,5,2026-08-07,33.4,24.0,30.9,,42.1,64.0,10.8,27.7,71.1,,,0.0
鲁中参考点,gfs_seamless,2026-08-01,6,2026-08-07,32.9,21.4,29.3,,42.9,69.3,12.9,37.1,58.8,,,0.0
鲁中参考点,gfs_seamless,2026-07-31,7,2026-08-07,32.8,22.4,30.5,,43.3,71.1,10.6,22.7,44.9,,,0.0
鲁中参考点,jma_seamless,2026-08-06,1,2026-08-07,34.4,25.3,32.3,,43.4,60.2,6.8,,4.2,,0.0,0.0
鲁中参考点,jma_seamless,2026-08-05,2,2026-08-07,35.6,25.1,32.2,,46.5,59.3,7.4,,9.5,,0.3,0.0
鲁中参考点,jma_seamless,2026-08-04,3,2026-08-07,34.4,24.0,32.0,,45.1,63.9,7.2,,4.4,,0.6,0.0
鲁中参考点,jma_seamless,2026-08-03,4,2026-08-07,30.5,25.3,31.9,,38.8,78.5,9.6,,52.0,,0.3,0.0
鲁中参考点,jma_seamless,2026-08-02,5,2026-08-07,28.7,23.5,30.1,,33.8,79.5,9.6,,37.1,,0.0,0.0
鲁中参考点,jma_seamless,2026-08-01,6,2026-08-07,28.7,24.6,30.3,,34.3,82.0,8.8,,64.1,,0.9,0.0
鲁中参考点,jma_seamless,2026-07-31,7,2026-08-07,28.7,24.5,29.9,,34.0,80.4,10.9,,56.0,,0.0,0.0
鲁中参考点,ecmwf_ifs025,2026-08-07,1,2026-08-08,29.7,21.7,27.6,,35.5,75.1,17.0,,48.6,,,
鲁中参考点,ecmwf_ifs025,2026-08-06,2,2026-08-08,29.5,21.5,27.7,,35.2,76.1,17.1,,55.8,,,
鲁中参考点,ecmwf_ifs025,2026-08-05,3,2026-08-08,29.2,22.1,27.8,,34.4,76.1,17.8,,44.9,,,
鲁中参考点,ecmwf_ifs025,2026-08-04,4,2026-08-08,28.0,22.0,27.6,,31.8,78.0,17.1,,51.6,,,
鲁中参考点,ecmwf_ifs025,2026-08-03,5,2026-08-08,31.2,23.7,28.9,,40.1,75.9,17.7,,54.5,,,
鲁中参考点,ecmwf_ifs025,2026-08-02,6,2026-08-08,30.6,24.9,32.1,,38.8,77.7,11.4,,45.5,,,
鲁中参考点,ecmwf_ifs025,2026-08-01,7,2026-08-08,36.2,26.5,33.9,,48.1,58.8,7.5,,20.1,,,
鲁中参考点,gfs_seamless,2026-08-07,1,2026-08-08,28.9,18.2,23.6,,32.7,70.8,21.1,37.8,30.7,,,0.0
鲁中参考点,gfs_seamless,2026-08-06,2,2026-08-08,28.9,17.8,23.3,,32.2,68.5,22.4,37.4,33.5,,,0.0
鲁中参考点,gfs_seamless,2026-08-05,3,2026-08-08,27.3,18.0,22.5,,29.2,68.5,24.0,40.7,56.9,,,0.0
鲁中参考点,gfs_seamless,2026-08-04,4,2026-08-08,28.2,19.3,24.6,,32.6,80.0,19.7,34.9,71.6,,,0.0
鲁中参考点,gfs_seamless,2026-08-03,5,2026-08-08,26.2,21.2,26.0,,,88.3,15.9,34.6,88.2,,,0.0
鲁中参考点,gfs_seamless,2026-08-02,6,2026-08-08,31.1,21.6,29.3,,41.3,80.2,13.8,29.9,71.8,,,0.0
鲁中参考点,gfs_seamless,2026-08-01,7,2026-08-08,28.4,23.0,27.6,,33.5,81.9,15.6,31.3,48.6,,,0.0
鲁中参考点,jma_seamless,2026-08-07,1,2026-08-08,28.5,22.2,27.8,,32.4,74.2,13.5,,36.5,,1.2,0.0
鲁中参考点,jma_seamless,2026-08-06,2,2026-08-08,27.6,23.1,27.8,,31.1,79.9,14.8,,55.2,,2.1,0.0
鲁中参考点,jma_seamless,2026-08-05,3,2026-08-08,26.6,23.1,26.4,,,77.5,15.8,,52.2,,2.7,0.0
鲁中参考点,jma_seamless,2026-08-04,4,2026-08-08,25.8,22.8,25.4,,,75.4,16.6,,59.9,,3.3,0.0
鲁中参考点,jma_seamless,2026-08-03,5,2026-08-08,26.4,21.7,27.2,,,81.1,14.0,,70.3,,1.5,0.0
鲁中参考点,jma_seamless,2026-08-02,6,2026-08-08,26.5,24.3,28.1,,,82.0,12.3,,68.3,,1.8,0.0
鲁中参考点,jma_seamless,2026-08-01,7,2026-08-08,25.2,23.4,26.6,,,82.6,14.0,,63.1,,2.1,0.0
鲁中参考点,ecmwf_ifs025,2026-08-08,1,2026-08-09,30.6,21.6,27.3,,36.1,68.2,13.8,,52.5,,,
鲁中参考点,ecmwf_ifs025,2026-08-07,2,2026-08-09,31.3,20.3,26.9,,39.8,74.3,13.6,,47.6,,,
鲁中参考点,ecmwf_ifs025,2026-08-06,3,2026-08-09,30.6,21.0,26.9,,35.8,67.4,14.0,,38.3,,,
鲁中参考点,ecmwf_ifs025,2026-08-05,4,2026-08-09,30.1,20.9,27.2,,36.6,75.2,12.8,,43.8,,,
鲁中参考点,ecmwf_ifs025,2026-08-04,5,2026-08-09,30.3,21.4,27.1,,36.9,74.0,14.0,,59.3,,,
鲁中参考点,ecmwf_ifs025,2026-08-03,6,2026-08-09,27.8,23.6,29.6,,32.4,85.5,11.0,,69.5,,,
鲁中参考点,ecmwf_ifs025,2026-08-02,7,2026-08-09,31.9,24.1,32.0,,42.1,75.2,8.6,,75.8,,,
鲁中参考点,gfs_seamless,2026-08-08,1,2026-08-09,30.2,17.4,25.0,,36.8,74.8,13.5,27.7,14.8,,,0.0
鲁中参考点,gfs_seamless,2026-08-07,2,2026-08-09,30.6,17.1,24.4,,36.7,70.4,13.9,25.6,16.9,,,0.0
鲁中参考点,gfs_seamless,2026-08-06,3,2026-08-09,31.1,17.2,24.2,,37.4,68.5,14.1,27.4,0.0,,,0.0
鲁中参考点,gfs_seamless,2026-08-05,4,2026-08-09,26.8,17.6,23.9,,,85.9,11.0,29.2,60.6,,,0.0
鲁中参考点,gfs_seamless,2026-08-04,5,2026-08-09,29.5,21.4,27.6,,36.7,81.9,12.6,30.6,66.8,,,0.0
鲁中参考点,gfs_seamless,2026-08-03,6,2026-08-09,29.9,21.8,26.8,,39.1,85.9,14.6,36.4,78.6,,,0.0
鲁中参考点,gfs_seamless,2026-08-02,7,2026-08-09,33.0,22.5,29.3,,44.8,73.1,13.2,30.6,47.8,,,0.0
鲁中参考点,jma_seamless,2026-08-08,1,2026-08-09,26.2,21.8,27.0,,,80.4,9.7,,54.4,,0.6,0.0
鲁中参考点,jma_seamless,2026-08-07,2,2026-08-09,26.1,22.9,27.9,,,85.3,9.4,,76.3,,1.2,0.0
鲁中参考点,jma_seamless,2026-08-06,3,2026-08-09,26.8,23.0,28.6,,,87.7,10.7,,74.0,,2.7,0.0
鲁中参考点,jma_seamless,2026-08-05,4,2026-08-09,26.0,22.7,26.9,,,76.6,13.0,,69.6,,1.2,0.0
鲁中参考点,jma_seamless,2026-08-04,5,2026-08-09,25.7,21.6,23.9,,,72.2,15.3,,61.8,,0.9,0.0
鲁中参考点,jma_seamless,2026-08-03,6,2026-08-09,25.7,22.5,27.1,,,88.2,14.9,,81.8,,6.9,0.0
鲁中参考点,jma_seamless,2026-08-02,7,2026-08-09,26.6,23.0,27.9,,,85.5,13.7,,78.3,,1.5,0.0
鲁中参考点,ecmwf_ifs025,2026-08-09,1,2026-08-10,31.8,23.3,30.1,,42.8,77.9,9.3,,90.6,,,
鲁中参考点,ecmwf_ifs025,2026-08-08,2,2026-08-10,31.6,23.0,30.4,,41.0,75.0,10.0,,88.1,,,
鲁中参考点,ecmwf_ifs025,2026-08-07,3,2026-08-10,31.3,22.9,30.4,,39.9,74.6,10.0,,76.9,,,
鲁中参考点,ecmwf_ifs025,2026-08-06,4,2026-08-10,30.9,23.3,30.8,,40.2,79.0,7.9,,67.1,,,
鲁中参考点,ecmwf_ifs025,2026-08-05,5,2026-08-10,32.3,24.4,30.5,,43.6,75.8,10.5,,79.2,,,
鲁中参考点,ecmwf_ifs025,2026-08-04,6,2026-08-10,33.5,23.5,31.6,,46.8,73.5,7.7,,40.8,,,
鲁中参考点,ecmwf_ifs025,2026-08-03,7,2026-08-10,32.9,23.4,31.4,,45.5,75.2,7.6,,46.5,,,
鲁中参考点,gfs_seamless,2026-08-09,1,2026-08-10,30.6,21.3,28.4,,39.5,79.7,11.0,38.5,97.0,,,0.0
鲁中参考点,gfs_seamless,2026-08-08,2,2026-08-10,28.0,22.8,27.8,,32.9,85.0,10.7,40.0,99.4,,,0.0
鲁中参考点,gfs_seamless,2026-08-07,3,2026-08-10,29.3,21.1,27.4,,36.4,83.4,13.9,39.2,96.2,,,0.0
鲁中参考点,gfs_seamless,2026-08-06,4,2026-08-10,32.0,22.7,29.1,,43.7,78.5,12.3,28.4,100.0,,,0.0
鲁中参考点,gfs_seamless,2026-08-05,5,2026-08-10,29.1,20.8,26.7,,35.0,80.0,16.7,41.4,71.4,,,0.0
鲁中参考点,gfs_seamless,2026-08-04,6,2026-08-10,29.8,20.1,26.1,,37.1,80.2,16.2,33.5,62.0,,,0.0
鲁中参考点,gfs_seamless,2026-08-03,7,2026-08-10,29.8,20.2,24.3,,36.1,76.2,19.3,47.5,65.2,,,0.0
鲁中参考点,jma_seamless,2026-08-09,1,2026-08-10,27.8,24.0,29.8,,32.1,83.2,7.8,,94.3,,0.0,0.0
鲁中参考点,jma_seamless,2026-08-08,2,2026-08-10,28.5,23.4,29.4,,33.9,82.5,10.1,,90.2,,1.5,0.0
鲁中参考点,jma_seamless,2026-08-07,3,2026-08-10,27.4,23.0,28.1,,30.8,81.0,11.4,,94.2,,3.6,0.0
鲁中参考点,jma_seamless,2026-08-06,4,2026-08-10,28.8,24.6,29.8,,34.1,79.8,10.0,,90.2,,0.0,0.0
鲁中参考点,jma_seamless,2026-08-05,5,2026-08-10,27.5,21.9,26.6,,29.8,70.8,13.6,,74.9,,0.0,0.0
鲁中参考点,jma_seamless,2026-08-04,6,2026-08-10,28.3,22.0,23.1,,29.2,53.8,17.2,,29.1,,0.6,0.0
鲁中参考点,jma_seamless,2026-08-03,7,2026-08-10,26.0,20.3,26.0,,,84.6,19.5,,92.2,,9.6,0.0
鲁中参考点,ecmwf_ifs025,2026-08-10,1,2026-08-11,29.7,24.1,29.5,,36.2,77.7,10.0,,99.5,,,
鲁中参考点,ecmwf_ifs025,2026-08-09,2,2026-08-11,28.4,23.7,29.3,,33.6,82.5,11.5,,99.1,,,
鲁中参考点,ecmwf_ifs025,2026-08-08,3,2026-08-11,25.6,23.6,28.9,,,93.2,9.9,,100.0,,,
鲁中参考点,ecmwf_ifs025,2026-08-07,4,2026-08-11,25.8,24.0,28.5,,,90.9,10.3,,96.0,,,
鲁中参考点,ecmwf_ifs025,2026-08-06,5,2026-08-11,25.8,23.7,28.4,,,86.7,9.6,,85.5,,,
鲁中参考点,ecmwf_ifs025,2026-08-05,6,2026-08-11,29.1,23.8,29.0,,34.4,77.3,10.7,,71.7,,,
鲁中参考点,ecmwf_ifs025,2026-08-04,7,2026-08-11,33.5,23.8,30.8,,44.8,69.4,11.4,,34.4,,,
鲁中参考点,gfs_seamless,2026-08-10,1,2026-08-11,24.7,21.8,26.5,,,90.5,9.8,45.7,100.0,,,0.0
鲁中参考点,gfs_seamless,2026-08-09,2,2026-08-11,23.9,21.7,25.3,,,93.0,15.0,46.1,100.0,,,0.0
鲁中参考点,gfs_seamless,2026-08-08,3,2026-08-11,23.8,21.7,24.4,,,93.9,23.0,55.4,100.0,,,0.0
鲁中参考点,gfs_seamless,2026-08-07,4,2026-08-11,23.2,21.3,24.0,,,94.0,19.0,64.1,100.0,,,0.0
鲁中参考点,gfs_seamless,2026-08-06,5,2026-08-11,23.3,20.9,22.3,,,95.2,29.2,72.4,100.0,,,0.0
鲁中参考点,gfs_seamless,2026-08-05,6,2026-08-11,23.2,20.6,22.8,,,90.3,23.7,54.4,100.0,,,0.0
鲁中参考点,gfs_seamless,2026-08-04,7,2026-08-11,24.3,20.3,21.6,,,89.0,28.7,68.4,100.0,,,0.0
鲁中参考点,jma_seamless,2026-08-10,1,2026-08-11,26.5,22.6,27.0,,,79.7,10.0,,90.4,,2.4,0.0
鲁中参考点,jma_seamless,2026-08-09,2,2026-08-11,24.5,21.7,25.8,,,93.3,13.4,,97.2,,20.7,0.0
鲁中参考点,jma_seamless,2026-08-08,3,2026-08-11,24.7,21.2,25.7,,,94.5,14.8,,98.0,,33.6,0.0
鲁中参考点,jma_seamless,2026-08-07,4,2026-08-11,25.3,22.4,27.1,,,91.9,13.3,,99.4,,33.9,0.0
鲁中参考点,jma_seamless,2026-08-06,5,2026-08-11,25.7,22.3,27.8,,,86.8,11.1,,98.0,,5.7,0.0
鲁中参考点,jma_seamless,2026-08-05,6,2026-08-11,23.5,22.4,24.1,,,81.8,19.0,,89.5,,58.5,0.0
鲁中参考点,jma_seamless,2026-08-04,7,2026-08-11,24.3,19.8,21.6,,,59.5,16.8,,69.8,,4.8,0.0
鲁中参考点,ecmwf_ifs025,2026-08-11,1,2026-08-12,28.6,23.1,29.0,,33.3,78.1,6.9,,98.2,,,
鲁中参考点,ecmwf_ifs025,2026-08-10,2,2026-08-12,27.5,21.9,27.8,,31.0,81.0,9.2,,98.5,,,
鲁中参考点,ecmwf_ifs025,2026-08-09,3,2026-08-12,29.3,23.6,28.5,,34.4,74.9,14.7,,83.2,,,
鲁中参考点,ecmwf_ifs025,2026-08-08,4,2026-08-12,25.9,23.0,27.4,,,90.7,16.8,,99.4,,,
鲁中参考点,ecmwf_ifs025,2026-08-07,5,2026-08-12,26.0,21.2,26.4,,,91.9,14.8,,99.3,,,
鲁中参考点,ecmwf_ifs025,2026-08-06,6,2026-08-12,25.2,19.5,26.2,,,91.9,14.5,,96.5,,,
鲁中参考点,ecmwf_ifs025,2026-08-05,7,2026-08-12,24.0,22.4,25.8,,,92.4,12.4,,91.2,,,
鲁中参考点,gfs_seamless,2026-08-11,1,2026-08-12,24.2,21.4,26.4,,,,,16.2,100.0,1.86,4.0,0.0
鲁中参考点,gfs_seamless,2026-08-10,2,2026-08-12,24.3,21.3,25.7,,,,,33.8,100.0,3.27,1.5,0.0
鲁中参考点,gfs_seamless,2026-08-09,3,2026-08-12,23.6,21.7,25.1,,,,,48.6,100.0,1.04,11.1,0.0
鲁中参考点,gfs_seamless,2026-08-08,4,2026-08-12,24.0,21.8,24.4,,,,,62.3,99.8,1.24,36.1,0.0
鲁中参考点,gfs_seamless,2026-08-07,5,2026-08-12,21.9,18.3,20.6,,,,,61.6,100.0,1.14,40.3,0.0
鲁中参考点,gfs_seamless,2026-08-06,6,2026-08-12,26.0,19.6,26.7,,,,,48.6,100.0,1.36,57.4,0.0
鲁中参考点,gfs_seamless,2026-08-05,7,2026-08-12,23.5,19.5,21.3,,,,,75.6,100.0,0.37,194.7,0.0
鲁中参考点,ecmwf_ifs025,2026-08-12,1,2026-08-13,26.2,21.4,26.3,,,87.2,10.4,,89.0,,,
鲁中参考点,ecmwf_ifs025,2026-08-11,2,2026-08-13,27.2,20.8,26.0,,30.3,81.3,9.0,,94.2,,,
鲁中参考点,ecmwf_ifs025,2026-08-10,3,2026-08-13,25.8,21.2,25.6,,,82.9,10.9,,99.9,,,
鲁中参考点,ecmwf_ifs025,2026-08-09,4,2026-08-13,28.7,22.8,26.6,,31.8,68.5,15.1,,96.8,,,
鲁中参考点,ecmwf_ifs025,2026-08-08,5,2026-08-13,26.5,21.0,26.2,,,90.5,15.4,,100.0,,,
鲁中参考点,ecmwf_ifs025,2026-08-07,6,2026-08-13,20.9,17.5,19.7,,,96.4,19.0,,100.0,,,
鲁中参考点,ecmwf_ifs025,2026-08-06,7,2026-08-13,26.4,20.0,25.2,,,92.0,20.1,,99.6,,,
鲁中参考点,gfs_seamless,2026-08-12,1,2026-08-13,23.1,21.0,25.1,,,,,25.9,100.0,3.77,0.1,0.0
鲁中参考点,gfs_seamless,2026-08-11,2,2026-08-13,21.9,20.3,23.7,,,,,31.0,99.9,2.88,0.5,0.0
鲁中参考点,gfs_seamless,2026-08-10,3,2026-08-13,24.5,20.1,24.6,,,,,22.3,97.6,10.46,0.4,0.0
鲁中参考点,gfs_seamless,2026-08-09,4,2026-08-13,25.0,20.0,23.9,,,,,50.8,99.8,5.25,21.4,0.0
鲁中参考点,gfs_seamless,2026-08-08,5,2026-08-13,23.8,20.6,24.1,,,,,53.6,100.0,0.61,20.5,0.0
鲁中参考点,gfs_seamless,2026-08-07,6,2026-08-13,23.4,20.1,22.6,,,,,51.1,100.0,0.77,26.9,0.0
鲁中参考点,gfs_seamless,2026-08-06,7,2026-08-13,23.5,17.6,23.2,,,,,63.7,100.0,1.71,36.1,0.0
鲁中参考点,ecmwf_ifs025,2026-08-13,1,2026-08-14,26.4,19.9,26.6,,,86.2,5.6,,76.1,,,
鲁中参考点,ecmwf_ifs025,2026-08-12,2,2026-08-14,26.9,21.1,27.1,,,86.0,5.9,,79.8,,,
鲁中参考点,ecmwf_ifs025,2026-08-11,3,2026-08-14,28.3,19.5,27.3,,33.6,83.9,7.4,,74.0,,,
鲁中参考点,ecmwf_ifs025,2026-08-10,4,2026-08-14,25.6,20.6,25.9,,,88.3,10.4,,85.8,,,
鲁中参考点,ecmwf_ifs025,2026-08-09,5,2026-08-14,22.8,21.1,24.0,,,94.5,14.2,,99.9,,,
鲁中参考点,ecmwf_ifs025,2026-08-08,6,2026-08-14,27.0,20.2,25.8,,30.6,89.1,14.7,,78.9,,,
鲁中参考点,ecmwf_ifs025,2026-08-07,7,2026-08-14,22.8,19.5,22.0,,,98.7,21.6,,100.0,,,
鲁中参考点,gfs_seamless,2026-08-13,1,2026-08-14,28.0,20.3,26.6,,,,,14.8,93.0,17.0,0.9,0.0
鲁中参考点,gfs_seamless,2026-08-12,2,2026-08-14,27.6,18.8,25.3,,,,,11.5,99.8,11.13,2.4,0.0
鲁中参考点,gfs_seamless,2026-08-11,3,2026-08-14,28.5,19.3,26.1,,,,,11.5,84.2,22.01,3.9,0.0
鲁中参考点,gfs_seamless,2026-08-10,4,2026-08-14,25.8,20.2,24.7,,,,,24.8,82.7,10.03,2.6,0.0
鲁中参考点,gfs_seamless,2026-08-09,5,2026-08-14,22.9,19.8,23.6,,,,,47.9,99.1,6.86,5.2,0.0
鲁中参考点,gfs_seamless,2026-08-08,6,2026-08-14,23.8,20.7,25.2,,,,,45.0,98.5,1.95,8.2,0.0
鲁中参考点,gfs_seamless,2026-08-07,7,2026-08-14,24.7,19.7,25.1,,,,,38.5,99.5,3.66,6.8,0.0
鲁中参考点,ecmwf_ifs025,2026-08-14,1,2026-08-15,29.1,21.4,28.8,,34.7,78.7,4.4,,42.7,,,
鲁中参考点,ecmwf_ifs025,2026-08-13,2,2026-08-15,26.9,21.0,27.5,,,88.4,4.4,,46.9,,,
鲁中参考点,ecmwf_ifs025,2026-08-12,3,2026-08-15,28.2,21.4,28.1,,33.4,84.9,7.2,,46.7,,,
鲁中参考点,ecmwf_ifs025,2026-08-11,4,2026-08-15,29.2,20.7,27.3,,36.4,84.7,6.9,,52.1,,,
鲁中参考点,ecmwf_ifs025,2026-08-10,5,2026-08-15,28.4,19.9,26.2,,34.0,84.8,10.1,,73.2,,,
鲁中参考点,ecmwf_ifs025,2026-08-09,6,2026-08-15,23.4,21.6,25.0,,,94.1,12.4,,75.9,,,
鲁中参考点,ecmwf_ifs025,2026-08-08,7,2026-08-15,29.4,20.4,27.7,,36.9,83.9,8.6,,54.8,,,
鲁中参考点,gfs_seamless,2026-08-14,1,2026-08-15,30.4,20.7,27.9,,,,,9.4,68.4,19.2,0.1,0.0
鲁中参考点,gfs_seamless,2026-08-13,2,2026-08-15,28.6,21.0,28.0,,,,,13.7,47.6,22.28,10.2,0.0
鲁中参考点,gfs_seamless,2026-08-12,3,2026-08-15,27.4,20.9,26.1,,,,,10.8,90.8,14.09,3.8,0.0
鲁中参考点,gfs_seamless,2026-08-11,4,2026-08-15,28.9,19.4,26.8,,,,,13.0,49.6,20.88,5.0,0.0
鲁中参考点,gfs_seamless,2026-08-10,5,2026-08-15,24.0,20.1,24.4,,,,,10.1,85.8,8.88,4.7,0.0
鲁中参考点,gfs_seamless,2026-08-09,6,2026-08-15,26.5,19.9,25.3,,,,,31.3,77.7,9.23,5.0,0.0
鲁中参考点,gfs_seamless,2026-08-08,7,2026-08-15,28.0,21.4,27.8,,,,,27.0,89.3,17.64,0.9,0.0
鲁中参考点,ecmwf_ifs025,2026-08-15,1,2026-08-16,31.1,20.9,29.0,,38.8,73.1,4.5,,28.8,,,
鲁中参考点,ecmwf_ifs025,2026-08-14,2,2026-08-16,30.0,20.9,29.4,,35.9,73.5,4.1,,18.4,,,
鲁中参考点,ecmwf_ifs025,2026-08-13,3,2026-08-16,28.5,21.3,29.4,,33.4,80.3,3.0,,33.9,,,
鲁中参考点,ecmwf_ifs025,2026-08-12,4,2026-08-16,28.5,20.8,28.2,,33.8,82.3,5.0,,35.5,,,
鲁中参考点,ecmwf_ifs025,2026-08-11,5,2026-08-16,29.6,19.1,26.7,,37.5,83.8,7.5,,31.3,,,
鲁中参考点,ecmwf_ifs025,2026-08-10,6,2026-08-16,28.1,21.0,26.5,,32.9,83.4,10.1,,42.5,,,
鲁中参考点,ecmwf_ifs025,2026-08-09,7,2026-08-16,24.2,21.0,25.2,,,91.9,10.5,,75.2,,,
鲁中参考点,gfs_seamless,2026-08-15,1,2026-08-16,31.1,20.8,27.8,,,,,22.3,44.9,19.89,5.7,0.0
鲁中参考点,gfs_seamless,2026-08-14,2,2026-08-16,32.4,20.7,28.4,,,,,28.8,51.8,20.07,0.2,0.0
鲁中参考点,gfs_seamless,2026-08-13,3,2026-08-16,27.5,20.0,26.3,,,,,17.6,60.7,12.18,8.9,0.0
鲁中参考点,gfs_seamless,2026-08-12,4,2026-08-16,28.0,19.9,26.5,,,,,15.1,43.6,22.6,5.2,0.0
鲁中参考点,gfs_seamless,2026-08-11,5,2026-08-16,29.8,19.1,27.2,,,,,22.0,46.5,23.58,7.8,0.0
鲁中参考点,gfs_seamless,2026-08-10,6,2026-08-16,28.4,20.0,25.6,,,,,18.7,65.5,14.88,0.1,0.0
鲁中参考点,gfs_seamless,2026-08-09,7,2026-08-16,24.3,20.2,24.8,,,,,35.3,62.9,11.54,0.7,0.0
鲁中参考点,ecmwf_ifs025,2026-08-16,1,2026-08-17,29.3,21.2,28.4,,33.7,71.5,3.6,,11.2,,,
鲁中参考点,ecmwf_ifs025,2026-08-15,2,2026-08-17,31.5,21.2,29.7,,38.4,68.4,3.4,,18.4,,,
鲁中参考点,ecmwf_ifs025,2026-08-14,3,2026-08-17,31.0,21.1,29.3,,37.6,70.0,4.4,,40.2,,,
鲁中参考点,ecmwf_ifs025,2026-08-13,4,2026-08-17,29.5,19.9,28.9,,34.4,72.5,4.0,,62.7,,,
鲁中参考点,ecmwf_ifs025,2026-08-12,5,2026-08-17,29.7,19.2,28.3,,34.8,72.2,3.8,,47.1,,,
鲁中参考点,ecmwf_ifs025,2026-08-11,6,2026-08-17,30.5,19.8,27.9,,36.0,68.8,5.9,,24.6,,,
鲁中参考点,ecmwf_ifs025,2026-08-10,7,2026-08-17,30.7,19.7,27.8,,37.0,70.8,2.8,,7.8,,,
鲁中参考点,gfs_seamless,2026-08-16,1,2026-08-17,30.2,20.2,26.9,,,,,16.9,29.2,23.61,0.0,0.0
鲁中参考点,gfs_seamless,2026-08-15,2,2026-08-17,30.7,21.1,27.7,,,,,20.5,22.2,25.48,0.0,0.0
鲁中参考点,gfs_seamless,2026-08-14,3,2026-08-17,33.1,20.8,29.1,,,,,16.6,54.3,24.04,0.0,0.0
鲁中参考点,gfs_seamless,2026-08-13,4,2026-08-17,31.1,19.7,26.2,,,,,20.2,34.6,25.01,0.0,0.0
鲁中参考点,gfs_seamless,2026-08-12,5,2026-08-17,31.4,20.8,28.6,,,,,13.0,22.4,25.54,2.4,0.0
鲁中参考点,gfs_seamless,2026-08-11,6,2026-08-17,31.8,19.9,27.8,,,,,14.0,25.4,22.16,0.6,0.0
鲁中参考点,gfs_seamless,2026-08-10,7,2026-08-17,30.5,20.1,27.3,,,,,23.4,41.1,19.39,0.0,0.0
鲁中参考点,ecmwf_ifs025,2026-08-17,1,2026-08-18,30.8,19.3,28.7,,35.7,64.9,4.1,,81.5,,,
鲁中参考点,ecmwf_ifs025,2026-08-16,2,2026-08-18,31.5,19.9,29.0,,37.2,64.5,4.3,,80.8,,,
鲁中参考点,ecmwf_ifs025,2026-08-15,3,2026-08-18,30.7,19.4,29.0,,37.7,73.1,4.0,,48.4,,,
鲁中参考点,ecmwf_ifs025,2026-08-14,4,2026-08-18,32.4,21.1,30.4,,42.0,71.0,4.7,,65.6,,,
鲁中参考点,ecmwf_ifs025,2026-08-13,5,2026-08-18,30.7,21.8,29.6,,36.3,68.2,5.8,,79.6,,,
鲁中参考点,ecmwf_ifs025,2026-08-12,6,2026-08-18,30.8,22.1,29.3,,36.2,67.1,4.7,,75.9,,,
鲁中参考点,ecmwf_ifs025,2026-08-11,7,2026-08-18,33.1,19.1,29.3,,41.1,63.5,2.1,,34.5,,,
鲁中参考点,gfs_seamless,2026-08-17,1,2026-08-18,31.0,19.7,27.7,,,,,11.2,56.5,24.58,0.0,0.0
鲁中参考点,gfs_seamless,2026-08-16,2,2026-08-18,31.2,20.6,28.0,,,,,19.1,70.5,22.09,0.0,0.0
鲁中参考点,gfs_seamless,2026-08-15,3,2026-08-18,32.3,21.5,28.8,,,,,22.3,91.0,20.07,0.0,0.0
鲁中参考点,gfs_seamless,2026-08-14,4,2026-08-18,32.6,20.8,29.2,,,,,16.2,75.4,20.63,1.5,0.0
鲁中参考点,gfs_seamless,2026-08-13,5,2026-08-18,30.9,20.4,27.7,,,,,10.1,83.8,19.1,0.0,0.0
鲁中参考点,gfs_seamless,2026-08-12,6,2026-08-18,31.8,21.9,29.0,,,,,20.9,56.5,25.02,0.0,0.0
鲁中参考点,gfs_seamless,2026-08-11,7,2026-08-18,31.3,20.8,28.0,,,,,33.8,77.6,16.67,1.5,0.0
鲁中参考点,ecmwf_ifs025,2026-08-18,1,2026-08-19,27.3,23.9,29.1,,30.6,81.5,5.1,,99.9,,,
鲁中参考点,ecmwf_ifs025,2026-08-17,2,2026-08-19,27.1,23.3,28.4,,30.2,82.0,7.3,,89.4,,,
鲁中参考点,ecmwf_ifs025,2026-08-16,3,2026-08-19,31.0,24.0,30.0,,36.8,67.3,6.1,,77.0,,,
鲁中参考点,ecmwf_ifs025,2026-08-15,4,2026-08-19,31.7,23.1,30.1,,42.1,77.0,6.3,,83.7,,,
鲁中参考点,ecmwf_ifs025,2026-08-14,5,2026-08-19,29.7,22.6,29.0,,34.9,72.6,8.7,,72.9,,,
鲁中参考点,ecmwf_ifs025,2026-08-13,6,2026-08-19,31.9,22.9,30.4,,40.0,69.6,7.0,,31.1,,,
鲁中参考点,ecmwf_ifs025,2026-08-12,7,2026-08-19,32.5,23.5,29.9,,39.5,63.5,9.6,,23.7,,,
鲁中参考点,gfs_seamless,2026-08-18,1,2026-08-19,23.9,21.4,25.9,,,,,10.1,100.0,1.47,0.5,0.0
鲁中参考点,gfs_seamless,2026-08-17,2,2026-08-19,27.7,21.7,26.3,,,,,12.6,99.5,7.66,1.7,0.0
鲁中参考点,gfs_seamless,2026-08-16,3,2026-08-19,30.8,21.4,28.2,,,,,18.0,90.9,20.13,1.5,0.0
鲁中参考点,gfs_seamless,2026-08-15,4,2026-08-19,30.9,21.4,27.8,,,,,13.3,91.8,18.48,0.0,0.0
鲁中参考点,gfs_seamless,2026-08-14,5,2026-08-19,30.5,20.4,26.7,,,,,11.2,84.5,10.0,0.4,0.0
鲁中参考点,gfs_seamless,2026-08-13,6,2026-08-19,32.2,21.8,28.7,,,,,14.8,68.4,20.37,3.0,0.0
鲁中参考点,gfs_seamless,2026-08-12,7,2026-08-19,29.9,20.6,28.5,,,,,30.2,72.3,20.79,1.4,0.0
鲁中参考点,jma_seamless,2026-08-18,1,2026-08-19,27.1,23.5,29.1,,,,,,,,0.6,0.0
鲁中参考点,jma_seamless,2026-08-17,2,2026-08-19,25.3,22.4,27.4,,,,,,,,1.8,0.0
鲁中参考点,jma_seamless,2026-08-16,3,2026-08-19,26.5,22.3,28.0,,,,,,,,0.0,0.0
鲁中参考点,jma_seamless,2026-08-15,4,2026-08-19,26.2,22.4,29.6,,,,,,,,6.6,0.0
鲁中参考点,jma_seamless,2026-08-14,5,2026-08-19,27.0,24.1,30.8,,,,,,,,0.6,0.0
鲁中参考点,jma_seamless,2026-08-13,6,2026-08-19,27.7,23.7,31.0,,,,,,,,7.5,0.0
鲁中参考点,jma_seamless,2026-08-12,7,2026-08-19,29.8,24.0,30.9,,,,,,,,2.1,0.0
鲁中参考点,ecmwf_ifs025,2026-08-19,1,2026-08-20,30.9,22.7,29.7,,40.7,80.4,5.9,,53.7,,,
鲁中参考点,ecmwf_ifs025,2026-08-18,2,2026-08-20,30.9,22.4,29.3,,39.8,77.9,6.8,,41.8,,,
鲁中参考点,ecmwf_ifs025,2026-08-17,3,2026-08-20,30.6,21.6,29.5,,36.8,71.0,6.4,,44.8,,,
鲁中参考点,ecmwf_ifs025,2026-08-16,4,2026-08-20,31.7,21.7,29.5,,38.0,65.2,6.4,,78.9,,,
鲁中参考点,ecmwf_ifs025,2026-08-15,5,2026-08-20,32.7,22.4,30.4,,45.0,75.8,8.5,,39.8,,,
鲁中参考点,ecmwf_ifs025,2026-08-14,6,2026-08-20,30.1,23.7,30.0,,38.6,82.2,9.0,,77.2,,,
鲁中参考点,ecmwf_ifs025,2026-08-13,7,2026-08-20,33.2,23.5,31.7,,45.9,73.8,6.2,,33.2,,,
鲁中参考点,gfs_seamless,2026-08-19,1,2026-08-20,30.1,20.7,28.0,,,,,28.8,22.2,24.24,9.5,0.0
鲁中参考点,gfs_seamless,2026-08-18,2,2026-08-20,27.1,21.3,26.9,,,,,20.9,68.3,20.19,5.2,0.0
鲁中参考点,gfs_seamless,2026-08-17,3,2026-08-20,25.1,20.4,24.9,,,,,23.4,67.7,6.75,5.0,0.0
鲁中参考点,gfs_seamless,2026-08-16,4,2026-08-20,30.5,21.0,28.5,,,,,15.8,45.2,24.59,0.4,0.0
鲁中参考点,gfs_seamless,2026-08-15,5,2026-08-20,31.4,20.3,28.5,,,,,16.2,26.0,22.9,0.8,0.0
鲁中参考点,gfs_seamless,2026-08-14,6,2026-08-20,30.7,21.1,28.7,,,,,12.2,21.8,20.64,0.7,0.0
鲁中参考点,gfs_seamless,2026-08-13,7,2026-08-20,31.8,20.0,29.1,,,,,11.9,37.3,19.85,1.0,0.0
鲁中参考点,jma_seamless,2026-08-19,1,2026-08-20,27.8,23.1,29.2,,,,,,,,0.0,0.0
鲁中参考点,jma_seamless,2026-08-18,2,2026-08-20,27.3,21.1,28.4,,,,,,,,1.8,0.0
鲁中参考点,jma_seamless,2026-08-17,3,2026-08-20,27.3,21.8,28.8,,,,,,,,0.0,0.0
鲁中参考点,jma_seamless,2026-08-16,4,2026-08-20,29.4,21.1,29.0,,,,,,,,0.0,0.0
鲁中参考点,jma_seamless,2026-08-15,5,2026-08-20,27.4,23.2,30.9,,,,,,,,2.4,0.0
鲁中参考点,jma_seamless,2026-08-14,6,2026-08-20,30.1,22.8,31.0,,,,,,,,0.0,0.0
鲁中参考点,jma_seamless,2026-08-13,7,2026-08-20,29.3,23.7,31.1,,,,,,,,3.0,0.0
鲁中参考点,ecmwf_ifs025,2026-08-20,1,2026-08-21,30.7,22.0,30.0,,40.2,81.0,5.1,,34.2,,,
鲁中参考点,ecmwf_ifs025,2026-08-19,2,2026-08-21,31.7,22.2,30.5,,43.7,80.9,6.1,,22.9,,,
鲁中参考点,ecmwf_ifs025,2026-08-18,3,2026-08-21,31.2,22.5,29.6,,43.9,86.2,5.8,,50.6,,,
鲁中参考点,ecmwf_ifs025,2026-08-17,4,2026-08-21,27.2,23.0,29.4,,31.1,88.2,6.3,,86.3,,,
鲁中参考点,ecmwf_ifs025,2026-08-16,5,2026-08-21,26.8,23.4,29.8,,,91.3,4.6,,82.4,,,
鲁中参考点,ecmwf_ifs025,2026-08-15,6,2026-08-21,29.7,24.2,30.1,,37.0,80.8,7.1,,92.5,,,
鲁中参考点,ecmwf_ifs025,2026-08-14,7,2026-08-21,27.0,24.5,29.7,,30.6,88.4,10.8,,80.9,,,
鲁中参考点,gfs_seamless,2026-08-20,1,2026-08-21,31.3,21.7,29.3,,,,,19.8,73.0,17.45,2.9,0.0
鲁中参考点,gfs_seamless,2026-08-19,2,2026-08-21,30.4,21.5,28.9,,,,,23.8,47.4,17.44,1.3,0.0
鲁中参考点,gfs_seamless,2026-08-18,3,2026-08-21,29.8,20.0,28.8,,,,,20.2,35.8,22.94,11.5,0.0
鲁中参考点,gfs_seamless,2026-08-17,4,2026-08-21,28.5,20.6,27.8,,,,,21.2,52.5,21.02,14.7,0.0
鲁中参考点,gfs_seamless,2026-08-16,5,2026-08-21,31.1,20.3,27.2,,,,,26.6,37.9,11.28,0.8,0.0
鲁中参考点,gfs_seamless,2026-08-15,6,2026-08-21,31.9,21.2,29.1,,,,,19.8,51.5,19.58,1.8,0.0
鲁中参考点,gfs_seamless,2026-08-14,7,2026-08-21,31.9,21.7,28.7,,,,,25.9,27.1,18.87,0.1,0.0
鲁中参考点,jma_seamless,2026-08-20,1,2026-08-21,28.5,23.2,30.1,,,,,,,,2.4,0.0
鲁中参考点,jma_seamless,2026-08-19,2,2026-08-21,28.2,23.5,30.1,,,,,,,,9.6,0.0
鲁中参考点,jma_seamless,2026-08-18,3,2026-08-21,28.4,23.1,29.9,,,,,,,,0.6,0.0
鲁中参考点,jma_seamless,2026-08-17,4,2026-08-21,28.8,22.8,30.0,,,,,,,,0.0,0.0
鲁中参考点,jma_seamless,2026-08-16,5,2026-08-21,28.0,23.9,29.8,,,,,,,,5.4,0.0
鲁中参考点,jma_seamless,2026-08-15,6,2026-08-21,28.1,23.3,30.0,,,,,,,,10.2,0.0
鲁中参考点,jma_seamless,2026-08-14,7,2026-08-21,30.1,23.9,31.2,,,,,,,,1.5,0.0
鲁中参考点,ecmwf_ifs025,2026-08-21,1,2026-08-22,31.6,23.3,31.3,,42.6,79.2,5.9,,31.4,,,
鲁中参考点,ecmwf_ifs025,2026-08-20,2,2026-08-22,31.5,22.8,30.8,,44.6,84.9,6.0,,44.8,,,
鲁中参考点,ecmwf_ifs025,2026-08-19,3,2026-08-22,31.2,22.7,30.6,,43.1,84.1,6.2,,40.2,,,
鲁中参考点,ecmwf_ifs025,2026-08-18,4,2026-08-22,28.5,22.9,29.7,,35.6,91.2,6.5,,69.9,,,
鲁中参考点,ecmwf_ifs025,2026-08-17,5,2026-08-22,30.4,23.8,30.9,,41.1,86.6,5.7,,58.9,,,
鲁中参考点,ecmwf_ifs025,2026-08-16,6,2026-08-22,26.9,24.1,30.5,,,92.1,2.2,,56.5,,,
鲁中参考点,ecmwf_ifs025,2026-08-15,7,2026-08-22,31.6,24.4,32.2,,43.4,81.2,5.9,,34.1,,,
鲁中参考点,gfs_seamless,2026-08-21,1,2026-08-22,31.3,22.4,30.5,,,,,22.0,22.4,22.0,0.8,0.0
鲁中参考点,gfs_seamless,2026-08-20,2,2026-08-22,29.8,21.9,29.3,,,,,35.3,46.8,19.09,4.8,0.0
鲁中参考点,gfs_seamless,2026-08-19,3,2026-08-22,30.3,21.9,28.2,,,,,41.0,56.7,15.84,18.3,0.0
鲁中参考点,gfs_seamless,2026-08-18,4,2026-08-22,29.9,22.3,29.3,,,,,25.2,23.6,19.0,0.0,0.0
鲁中参考点,gfs_seamless,2026-08-17,5,2026-08-22,30.0,20.6,28.1,,,,,33.1,43.5,22.85,4.5,0.0
鲁中参考点,gfs_seamless,2026-08-16,6,2026-08-22,30.9,20.1,26.2,,,,,27.4,24.9,19.57,2.0,0.0
鲁中参考点,gfs_seamless,2026-08-15,7,2026-08-22,32.4,20.8,28.0,,,,,20.9,26.2,17.8,0.0,0.0
鲁中参考点,jma_seamless,2026-08-21,1,2026-08-22,28.0,24.1,30.9,,,,,,,,0.0,0.0
鲁中参考点,jma_seamless,2026-08-20,2,2026-08-22,27.4,23.1,30.5,,,,,,,,0.6,0.0
鲁中参考点,jma_seamless,2026-08-19,3,2026-08-22,28.2,23.1,30.4,,,,,,,,0.0,0.0
鲁中参考点,jma_seamless,2026-08-18,4,2026-08-22,29.0,23.4,30.6,,,,,,,,0.0,0.0
鲁中参考点,jma_seamless,2026-08-17,5,2026-08-22,29.0,23.9,31.4,,,,,,,,0.6,0.0
鲁中参考点,jma_seamless,2026-08-16,6,2026-08-22,29.0,22.9,30.6,,,,,,,,0.6,0.0
鲁中参考点,jma_seamless,2026-08-15,7,2026-08-22,28.7,23.4,30.6,,,,,,,,0.0,0.0
鲁中参考点,ecmwf_ifs025,2026-08-22,1,2026-08-23,30.6,23.6,30.8,,40.9,84.0,10.7,,47.2,,,
鲁中参考点,ecmwf_ifs025,2026-08-21,2,2026-08-23,31.8,23.5,31.5,,44.6,82.2,7.6,,63.1,,,
鲁中参考点,ecmwf_ifs025,2026-08-20,3,2026-08-23,29.0,23.2,30.4,,36.4,87.4,8.7,,42.0,,,
鲁中参考点,ecmwf_ifs025,2026-08-19,4,2026-08-23,29.6,23.0,30.8,,38.4,87.2,8.0,,63.8,,,
鲁中参考点,ecmwf_ifs025,2026-08-18,5,2026-08-23,29.2,23.3,30.4,,37.2,87.6,7.8,,76.5,,,
鲁中参考点,ecmwf_ifs025,2026-08-17,6,2026-08-23,34.5,24.0,33.0,,51.6,75.5,5.7,,16.4,,,
鲁中参考点,ecmwf_ifs025,2026-08-16,7,2026-08-23,29.6,24.3,32.0,,37.9,85.2,5.6,,43.9,,,
鲁中参考点,gfs_seamless,2026-08-22,1,2026-08-23,31.5,22.6,30.8,,,,,37.1,49.7,22.85,4.4,0.0
鲁中参考点,gfs_seamless,2026-08-21,2,2026-08-23,30.8,23.4,30.4,,,,,41.4,69.1,21.76,0.0,0.0
鲁中参考点,gfs_seamless,2026-08-20,3,2026-08-23,30.9,22.9,30.0,,,,,44.3,45.5,23.78,0.0,0.0
鲁中参考点,gfs_seamless,2026-08-19,4,2026-08-23,31.7,21.7,30.2,,,,,23.8,11.5,23.97,6.4,0.0
鲁中参考点,gfs_seamless,2026-08-18,5,2026-08-23,31.7,22.0,30.3,,,,,25.9,19.8,24.04,0.0,0.0
鲁中参考点,gfs_seamless,2026-08-17,6,2026-08-23,31.2,19.1,27.5,,,,,30.2,36.8,22.61,0.7,0.0
鲁中参考点,gfs_seamless,2026-08-16,7,2026-08-23,33.2,20.6,27.5,,,,,20.9,42.4,14.7,0.0,0.0
鲁中参考点,jma_seamless,2026-08-22,1,2026-08-23,29.0,24.7,31.7,,,,,,,,0.0,0.0
鲁中参考点,jma_seamless,2026-08-21,2,2026-08-23,29.0,24.5,31.6,,,,,,,,0.0,0.0
鲁中参考点,jma_seamless,2026-08-20,3,2026-08-23,27.5,23.8,31.5,,,,,,,,5.4,0.0
鲁中参考点,jma_seamless,2026-08-19,4,2026-08-23,28.7,22.1,30.6,,,,,,,,0.0,0.0
鲁中参考点,jma_seamless,2026-08-18,5,2026-08-23,29.3,24.4,32.0,,,,,,,,0.0,0.0
鲁中参考点,jma_seamless,2026-08-17,6,2026-08-23,29.6,24.8,32.5,,,,,,,,0.0,0.0
鲁中参考点,jma_seamless,2026-08-16,7,2026-08-23,30.2,21.5,30.8,,,,,,,,1.8,0.0
鲁中参考点,ecmwf_ifs025,2026-08-23,1,2026-08-24,32.1,24.2,31.6,,44.4,79.2,11.4,,51.4,,,
鲁中参考点,ecmwf_ifs025,2026-08-22,2,2026-08-24,31.9,24.8,31.7,,45.6,83.7,10.8,,80.9,,,
鲁中参考点,ecmwf_ifs025,2026-08-21,3,2026-08-24,30.3,24.3,31.4,,41.5,88.9,8.7,,63.1,,,
鲁中参考点,ecmwf_ifs025,2026-08-20,4,2026-08-24,28.7,23.7,31.5,,35.8,88.7,7.4,,61.8,,,
鲁中参考点,ecmwf_ifs025,2026-08-19,5,2026-08-24,32.4,23.1,31.7,,49.2,87.0,5.7,,55.2,,,
鲁中参考点,ecmwf_ifs025,2026-08-18,6,2026-08-24,29.2,24.7,31.7,,37.3,88.0,6.6,,56.5,,,
鲁中参考点,ecmwf_ifs025,2026-08-17,7,2026-08-24,36.0,24.8,34.3,,56.2,73.1,7.1,,32.0,,,
鲁中参考点,gfs_seamless,2026-08-23,1,2026-08-24,30.7,23.8,30.9,,,,,36.7,78.9,18.72,0.3,0.0
鲁中参考点,gfs_seamless,2026-08-22,2,2026-08-24,30.8,23.8,30.4,,,,,38.2,85.8,19.75,0.0,0.0
鲁中参考点,gfs_seamless,2026-08-21,3,2026-08-24,31.0,22.6,29.8,,,,,43.9,86.2,20.42,0.0,0.0
鲁中参考点,gfs_seamless,2026-08-20,4,2026-08-24,32.3,21.9,30.4,,,,,27.7,43.8,23.54,0.0,0.0
鲁中参考点,gfs_seamless,2026-08-19,5,2026-08-24,32.0,22.8,30.3,,,,,19.8,21.6,24.25,0.0,0.0
鲁中参考点,gfs_seamless,2026-08-18,6,2026-08-24,31.9,22.4,29.5,,,,,24.1,35.0,22.31,0.0,0.0
鲁中参考点,gfs_seamless,2026-08-17,7,2026-08-24,33.1,21.1,30.0,,,,,25.6,29.3,23.73,0.1,0.0
鲁中参考点,jma_seamless,2026-08-23,1,2026-08-24,29.1,25.6,32.1,,,,,,,,2.4,0.0
鲁中参考点,jma_seamless,2026-08-22,2,2026-08-24,29.3,25.1,31.8,,,,,,,,0.0,0.0
鲁中参考点,jma_seamless,2026-08-21,3,2026-08-24,28.3,25.2,31.8,,,,,,,,9.6,0.0
鲁中参考点,jma_seamless,2026-08-20,4,2026-08-24,27.9,24.2,31.9,,,,,,,,6.9,0.0
鲁中参考点,jma_seamless,2026-08-19,5,2026-08-24,29.2,24.3,32.0,,,,,,,,6.3,0.0
鲁中参考点,jma_seamless,2026-08-18,6,2026-08-24,28.8,25.6,32.5,,,,,,,,0.6,0.0
鲁中参考点,jma_seamless,2026-08-17,7,2026-08-24,30.0,25.3,33.5,,,,,,,,0.6,0.0
鲁中参考点,ecmwf_ifs025,2026-08-24,1,2026-08-25,32.9,24.3,32.0,,45.7,75.8,11.6,,39.4,,,
鲁中参考点,ecmwf_ifs025,2026-08-23,2,2026-08-25,33.8,24.3,32.3,,48.8,75.3,11.0,,54.4,,,
鲁中参考点,ecmwf_ifs025,2026-08-22,3,2026-08-25,32.6,24.5,31.9,,44.9,76.2,10.6,,44.8,,,
鲁中参考点,ecmwf_ifs025,2026-08-21,4,2026-08-25,31.3,24.6,32.0,,41.1,77.9,11.7,,23.4,,,
鲁中参考点,ecmwf_ifs025,2026-08-20,5,2026-08-25,31.6,25.0,32.1,,43.2,80.7,11.5,,48.6,,,
鲁中参考点,ecmwf_ifs025,2026-08-19,6,2026-08-25,27.9,23.9,31.2,,34.1,94.0,6.6,,68.0,,,
鲁中参考点,ecmwf_ifs025,2026-08-18,7,2026-08-25,29.6,22.0,30.2,,38.1,86.1,11.6,,44.1,,,
鲁中参考点,gfs_seamless,2026-08-24,1,2026-08-25,32.3,23.4,31.4,,,,,22.7,38.0,23.73,0.0,0.0
鲁中参考点,gfs_seamless,2026-08-23,2,2026-08-25,32.5,23.3,31.0,,,,,27.4,39.2,23.32,0.0,0.0
鲁中参考点,gfs_seamless,2026-08-22,3,2026-08-25,31.3,21.2,29.4,,,,,26.6,36.0,22.34,0.0,0.0
鲁中参考点,gfs_seamless,2026-08-21,4,2026-08-25,31.7,21.8,29.4,,,,,23.0,35.5,24.28,0.0,0.0
鲁中参考点,gfs_seamless,2026-08-20,5,2026-08-25,31.7,21.9,29.7,,,,,20.9,63.2,22.41,0.0,0.0
鲁中参考点,gfs_seamless,2026-08-19,6,2026-08-25,31.0,21.8,29.0,,,,,21.2,66.0,17.65,0.0,0.0
鲁中参考点,gfs_seamless,2026-08-18,7,2026-08-25,31.9,21.4,29.4,,,,,17.6,33.2,23.8,0.0,0.0
鲁中参考点,jma_seamless,2026-08-24,1,2026-08-25,30.5,25.3,32.7,,,,,,,,0.0,0.0
鲁中参考点,jma_seamless,2026-08-23,2,2026-08-25,30.3,25.4,32.4,,,,,,,,0.0,0.0
鲁中参考点,jma_seamless,2026-08-22,3,2026-08-25,29.5,25.2,31.2,,,,,,,,0.0,0.0
鲁中参考点,jma_seamless,2026-08-21,4,2026-08-25,29.6,25.1,31.6,,,,,,,,0.3,0.0
鲁中参考点,jma_seamless,2026-08-20,5,2026-08-25,29.6,25.1,31.6,,,,,,,,0.3,0.0
鲁中参考点,jma_seamless,2026-08-19,6,2026-08-25,29.8,25.2,32.3,,,,,,,,0.0,0.0
鲁中参考点,jma_seamless,2026-08-18,7,2026-08-25,29.4,26.1,32.4,,,,,,,,0.0,0.0
鲁中参考点,ecmwf_ifs025,2026-08-25,1,2026-08-26,33.5,23.0,31.5,,45.8,71.4,9.3,,53.0,22.74,0.0,
鲁中参考点,ecmwf_ifs025,2026-08-24,2,2026-08-26,32.9,23.1,31.6,,43.8,71.4,6.4,,52.6,22.74,0.0,
鲁中参考点,ecmwf_ifs025,2026-08-23,3,2026-08-26,34.1,23.2,31.8,,47.3,70.3,7.6,,51.4,21.26,0.0,
鲁中参考点,ecmwf_ifs025,2026-08-22,4,2026-08-26,32.7,23.7,31.8,,43.3,71.8,7.6,,57.8,21.41,0.0,
鲁中参考点,ecmwf_ifs025,2026-08-21,5,2026-08-26,31.4,24.2,31.6,,41.1,77.0,9.0,,54.0,20.64,0.0,
鲁中参考点,ecmwf_ifs025,2026-08-20,6,2026-08-26,30.9,24.2,31.9,,41.3,82.2,5.6,,75.0,20.29,3.3,
鲁中参考点,ecmwf_ifs025,2026-08-19,7,2026-08-26,27.0,21.0,29.3,,30.5,87.6,3.4,,59.0,10.63,10.2,
鲁中参考点,gfs_seamless,2026-08-25,1,2026-08-26,31.6,22.0,30.6,,42.3,78.3,5.9,,,,,
鲁中参考点,gfs_seamless,2026-08-24,2,2026-08-26,33.0,21.7,30.8,,46.4,76.4,6.3,,,,,
鲁中参考点,gfs_seamless,2026-08-23,3,2026-08-26,33.0,22.0,30.4,,46.8,77.2,7.7,,,,,
鲁中参考点,gfs_seamless,2026-08-22,4,2026-08-26,30.3,22.8,30.0,,38.5,79.8,7.6,,,,,
鲁中参考点,gfs_seamless,2026-08-21,5,2026-08-26,29.6,21.4,27.9,,37.2,82.9,10.9,,,,,
鲁中参考点,gfs_seamless,2026-08-20,6,2026-08-26,32.4,22.3,30.4,,42.2,71.4,7.6,,,,,
鲁中参考点,gfs_seamless,2026-08-19,7,2026-08-26,31.9,22.0,29.9,,41.0,72.3,6.8,,,,,
鲁中参考点,jma_seamless,2026-08-25,1,2026-08-26,30.1,24.2,31.5,,,,,,,,2.7,0.0
鲁中参考点,jma_seamless,2026-08-24,2,2026-08-26,29.6,24.4,31.5,,,,,,,,0.0,0.0
鲁中参考点,jma_seamless,2026-08-23,3,2026-08-26,29.6,23.9,31.1,,,,,,,,0.0,0.0
鲁中参考点,jma_seamless,2026-08-22,4,2026-08-26,30.4,23.9,30.7,,,,,,,,0.0,0.0
鲁中参考点,jma_seamless,2026-08-21,5,2026-08-26,30.1,24.3,31.0,,,,,,,,0.0,0.0
鲁中参考点,jma_seamless,2026-08-20,6,2026-08-26,29.9,24.0,31.1,,,,,,,,0.0,0.0
鲁中参考点,jma_seamless,2026-08-19,7,2026-08-26,29.7,25.0,31.3,,,,,,,,0.0,0.0
鲁中参考点,ecmwf_ifs025,2026-08-26,1,2026-08-27,28.6,23.9,31.0,,35.2,87.5,3.7,,82.6,10.16,11.7,
鲁中参考点,ecmwf_ifs025,2026-08-25,2,2026-08-27,28.2,24.5,30.2,,32.6,79.9,8.5,,74.7,13.7,1.5,
鲁中参考点,ecmwf_ifs025,2026-08-24,3,2026-08-27,30.6,24.4,30.9,,39.2,79.0,9.8,,56.2,18.04,2.1,
鲁中参考点,ecmwf_ifs025,2026-08-23,4,2026-08-27,32.3,23.7,32.1,,42.4,72.8,6.4,,56.6,20.92,1.5,
鲁中参考点,ecmwf_ifs025,2026-08-22,5,2026-08-27,33.6,23.1,31.5,,44.8,68.7,10.1,,64.3,21.27,0.0,
鲁中参考点,ecmwf_ifs025,2026-08-21,6,2026-08-27,30.3,24.4,31.5,,37.9,77.6,9.6,,83.2,17.59,4.2,
鲁中参考点,ecmwf_ifs025,2026-08-20,7,2026-08-27,31.1,22.7,30.5,,41.6,81.0,10.6,,31.9,20.8,1.2,
鲁中参考点,gfs_seamless,2026-08-26,1,2026-08-27,27.8,22.9,29.1,,32.6,87.0,5.7,,,,,
鲁中参考点,gfs_seamless,2026-08-25,2,2026-08-27,29.6,22.5,29.8,,37.4,83.6,6.6,,,,,
鲁中参考点,gfs_seamless,2026-08-24,3,2026-08-27,27.8,21.3,26.9,,32.7,87.3,8.4,,,,,
鲁中参考点,gfs_seamless,2026-08-23,4,2026-08-27,31.8,22.2,29.4,,43.6,80.0,5.8,,,,,
鲁中参考点,gfs_seamless,2026-08-22,5,2026-08-27,30.0,21.5,29.1,,39.0,84.5,6.3,,,,,
鲁中参考点,gfs_seamless,2026-08-21,6,2026-08-27,28.8,19.0,22.9,,31.7,66.2,16.8,,,,,
鲁中参考点,gfs_seamless,2026-08-20,7,2026-08-27,31.2,19.3,27.4,,40.2,76.2,10.1,,,,,
鲁中参考点,jma_seamless,2026-08-26,1,2026-08-27,25.2,21.5,27.4,,,,,,,,8.1,0.0
鲁中参考点,jma_seamless,2026-08-25,2,2026-08-27,25.6,22.6,28.8,,,,,,,,1.2,0.0
鲁中参考点,jma_seamless,2026-08-24,3,2026-08-27,28.0,23.8,30.3,,,,,,,,0.3,0.0
鲁中参考点,jma_seamless,2026-08-23,4,2026-08-27,29.8,23.8,30.6,,,,,,,,0.0,0.0
鲁中参考点,jma_seamless,2026-08-22,5,2026-08-27,28.8,24.2,29.6,,,,,,,,0.0,0.0
鲁中参考点,jma_seamless,2026-08-21,6,2026-08-27,26.1,22.5,28.6,,,,,,,,10.2,0.0
鲁中参考点,jma_seamless,2026-08-20,7,2026-08-27,25.3,22.0,27.6,,,,,,,,8.7,0.0
鲁中参考点,ecmwf_ifs025,2026-08-27,1,2026-08-28,29.8,22.5,29.6,,37.9,83.1,6.8,,69.7,15.98,6.6,
鲁中参考点,ecmwf_ifs025,2026-08-26,2,2026-08-28,25.6,22.2,28.1,,,93.0,6.7,,94.7,12.97,12.6,
鲁中参考点,ecmwf_ifs025,2026-08-25,3,2026-08-28,30.0,21.6,29.6,,38.5,83.0,8.3,,76.0,17.24,4.2,
鲁中参考点,ecmwf_ifs025,2026-08-24,4,2026-08-28,30.1,22.7,30.6,,39.0,83.5,6.1,,57.7,18.92,3.6,
鲁中参考点,ecmwf_ifs025,2026-08-23,5,2026-08-28,33.7,24.3,32.0,,45.2,68.8,12.0,,59.6,21.68,0.0,
鲁中参考点,ecmwf_ifs025,2026-08-22,6,2026-08-28,34.2,25.6,31.8,,45.8,66.6,16.6,,65.2,20.92,0.3,
鲁中参考点,ecmwf_ifs025,2026-08-21,7,2026-08-28,29.2,25.5,31.5,,36.4,84.8,10.3,,83.4,14.79,8.1,
鲁中参考点,gfs_seamless,2026-08-27,1,2026-08-28,29.3,20.2,27.8,,36.8,85.1,8.2,,,,,
鲁中参考点,gfs_seamless,2026-08-26,2,2026-08-28,28.7,21.3,28.2,,35.6,88.2,6.6,,,,,
鲁中参考点,gfs_seamless,2026-08-25,3,2026-08-28,29.1,21.0,28.2,,36.2,85.2,8.4,,,,,
鲁中参考点,gfs_seamless,2026-08-24,4,2026-08-28,29.0,20.4,27.2,,35.4,82.8,4.8,,,,,
鲁中参考点,gfs_seamless,2026-08-23,5,2026-08-28,30.4,20.8,28.7,,38.4,78.3,6.5,,,,,
鲁中参考点,gfs_seamless,2026-08-22,6,2026-08-28,29.4,20.3,26.5,,34.3,73.2,7.2,,,,,
鲁中参考点,gfs_seamless,2026-08-21,7,2026-08-28,29.4,17.4,24.4,,32.6,64.7,9.9,,,,,
鲁中参考点,jma_seamless,2026-08-27,1,2026-08-28,25.5,20.5,27.9,,,,,,,,4.5,0.0
鲁中参考点,jma_seamless,2026-08-26,2,2026-08-28,25.2,20.5,25.5,,,,,,,,11.1,0.0
鲁中参考点,jma_seamless,2026-08-25,3,2026-08-28,25.8,21.9,27.2,,,,,,,,0.9,0.0
鲁中参考点,jma_seamless,2026-08-24,4,2026-08-28,29.7,21.7,29.2,,,,,,,,0.3,0.0
鲁中参考点,jma_seamless,2026-08-23,5,2026-08-28,29.1,23.8,30.0,,,,,,,,0.3,0.0
鲁中参考点,jma_seamless,2026-08-22,6,2026-08-28,27.9,23.5,29.2,,,,,,,,0.0,0.0
鲁中参考点,jma_seamless,2026-08-21,7,2026-08-28,28.4,24.5,30.7,,,,,,,,0.3,0.0
鲁中参考点,ecmwf_ifs025,2026-08-28,1,2026-08-29,25.5,20.4,25.9,,,90.3,6.6,,96.2,11.07,11.1,
鲁中参考点,ecmwf_ifs025,2026-08-27,2,2026-08-29,26.2,20.8,26.3,,,87.9,8.0,,88.8,10.99,7.8,
鲁中参考点,ecmwf_ifs025,2026-08-26,3,2026-08-29,26.4,19.8,25.6,,,89.4,6.9,,95.0,12.21,14.4,
鲁中参考点,ecmwf_ifs025,2026-08-25,4,2026-08-29,29.0,20.1,26.8,,35.2,82.3,7.4,,79.2,13.87,0.6,
鲁中参考点,ecmwf_ifs025,2026-08-24,5,2026-08-29,26.8,22.5,27.7,,,81.2,5.9,,95.0,11.93,0.0,
鲁中参考点,ecmwf_ifs025,2026-08-23,6,2026-08-29,27.3,23.5,29.5,,30.9,84.4,8.3,,81.9,8.0,7.2,
鲁中参考点,ecmwf_ifs025,2026-08-22,7,2026-08-29,28.5,24.1,30.8,,35.2,89.2,7.1,,99.3,11.96,22.8,
鲁中参考点,gfs_seamless,2026-08-28,1,2026-08-29,25.1,20.3,24.8,,,90.5,6.0,,,,,
鲁中参考点,gfs_seamless,2026-08-27,2,2026-08-29,25.3,20.5,25.0,,,89.9,5.1,,,,,
鲁中参考点,gfs_seamless,2026-08-26,3,2026-08-29,26.9,20.0,24.8,,,89.0,5.9,,,,,
鲁中参考点,gfs_seamless,2026-08-25,4,2026-08-29,26.8,20.4,26.4,,,86.0,6.2,,,,,
鲁中参考点,gfs_seamless,2026-08-24,5,2026-08-29,29.0,20.6,27.7,,35.1,81.7,4.7,,,,,
鲁中参考点,gfs_seamless,2026-08-23,6,2026-08-29,30.1,21.1,27.4,,38.1,80.4,5.4,,,,,
鲁中参考点,gfs_seamless,2026-08-22,7,2026-08-29,29.4,21.0,27.9,,34.1,72.2,3.8,,,,,
鲁中参考点,jma_seamless,2026-08-28,1,2026-08-29,24.4,20.6,25.9,,,,,,,,2.7,0.0
鲁中参考点,jma_seamless,2026-08-27,2,2026-08-29,23.5,20.4,25.4,,,,,,,,5.1,0.0
鲁中参考点,jma_seamless,2026-08-26,3,2026-08-29,23.7,20.9,25.3,,,,,,,,0.0,0.0
鲁中参考点,jma_seamless,2026-08-25,4,2026-08-29,26.4,19.2,25.2,,,,,,,,2.1,0.0
鲁中参考点,jma_seamless,2026-08-24,5,2026-08-29,27.3,23.0,30.3,,,,,,,,2.1,0.0
鲁中参考点,jma_seamless,2026-08-23,6,2026-08-29,29.5,23.2,31.0,,,,,,,,1.2,0.0
鲁中参考点,jma_seamless,2026-08-22,7,2026-08-29,29.4,23.3,30.3,,,,,,,,1.8,0.0
鲁中参考点,ecmwf_ifs025,2026-08-29,1,2026-08-30,23.7,20.1,24.8,,,89.8,3.8,,78.2,5.16,0.9,
鲁中参考点,ecmwf_ifs025,2026-08-28,2,2026-08-30,23.8,19.6,25.1,,,88.5,4.5,,89.8,5.12,0.0,
鲁中参考点,ecmwf_ifs025,2026-08-27,3,2026-08-30,28.6,20.1,25.4,,32.2,71.9,7.1,,78.5,14.39,0.0,
鲁中参考点,ecmwf_ifs025,2026-08-26,4,2026-08-30,24.9,19.5,25.4,,,83.1,4.2,,74.3,8.35,0.0,
鲁中参考点,ecmwf_ifs025,2026-08-25,5,2026-08-30,28.7,21.0,25.9,,31.9,69.1,5.2,,86.1,8.65,0.0,
鲁中参考点,ecmwf_ifs025,2026-08-24,6,2026-08-30,30.3,20.9,27.3,,36.0,71.0,5.6,,83.8,16.65,0.0,
鲁中参考点,ecmwf_ifs025,2026-08-23,7,2026-08-30,28.9,22.1,26.7,,31.4,63.4,9.8,,94.8,20.51,0.3,
鲁中参考点,gfs_seamless,2026-08-29,1,2026-08-30,26.4,19.3,24.0,,,72.5,7.1,,,,,
鲁中参考点,gfs_seamless,2026-08-28,2,2026-08-30,27.5,19.3,24.6,,29.8,71.0,8.2,,,,,
鲁中参考点,gfs_seamless,2026-08-27,3,2026-08-30,28.3,20.0,24.2,,30.6,65.4,8.0,,,,,
鲁中参考点,gfs_seamless,2026-08-26,4,2026-08-30,28.6,19.2,25.1,,31.9,70.3,5.6,,,,,
鲁中参考点,gfs_seamless,2026-08-25,5,2026-08-30,30.4,20.1,25.9,,34.2,62.6,8.1,,,,,
鲁中参考点,gfs_seamless,2026-08-24,6,2026-08-30,28.9,20.1,24.7,,31.6,64.7,11.2,,,,,
鲁中参考点,gfs_seamless,2026-08-23,7,2026-08-30,30.3,19.2,25.6,,34.4,64.5,9.7,,,,,
鲁中参考点,jma_seamless,2026-08-29,1,2026-08-30,25.8,19.8,25.5,,,,,,58.4,,0.0,0.0
鲁中参考点,jma_seamless,2026-08-28,2,2026-08-30,26.4,19.5,24.6,,,,,,72.1,,0.0,0.0
鲁中参考点,jma_seamless,2026-08-27,3,2026-08-30,25.3,18.7,24.2,,,,,,60.0,,0.0,0.0
鲁中参考点,jma_seamless,2026-08-26,4,2026-08-30,27.0,19.1,24.7,,,,,,46.6,,0.0,0.0
鲁中参考点,jma_seamless,2026-08-25,5,2026-08-30,28.2,19.4,25.8,,,,,,8.1,,0.0,0.0
鲁中参考点,jma_seamless,2026-08-24,6,2026-08-30,28.6,20.9,26.8,,,,,,34.5,,0.0,0.0
鲁中参考点,jma_seamless,2026-08-23,7,2026-08-30,28.8,21.7,28.9,,,,,,61.2,,0.6,0.0
鲁中参考点,ecmwf_ifs025,2026-08-30,1,2026-08-31,28.8,17.4,23.9,,32.0,68.5,9.1,,3.7,23.88,0.0,
鲁中参考点,ecmwf_ifs025,2026-08-29,2,2026-08-31,28.6,17.7,23.8,,31.7,68.9,9.4,,12.3,23.71,0.3,
鲁中参考点,ecmwf_ifs025,2026-08-28,3,2026-08-31,28.6,18.0,23.8,,31.7,68.8,10.2,,13.8,23.17,0.0,
鲁中参考点,ecmwf_ifs025,2026-08-27,4,2026-08-31,28.5,17.2,23.5,,30.6,62.7,9.3,,16.4,23.69,0.0,
鲁中参考点,ecmwf_ifs025,2026-08-26,5,2026-08-31,28.1,18.7,24.5,,30.6,68.3,5.7,,31.2,23.58,0.0,
鲁中参考点,ecmwf_ifs025,2026-08-25,6,2026-08-31,29.3,19.5,24.8,,31.5,59.5,7.2,,4.5,23.77,0.0,
鲁中参考点,ecmwf_ifs025,2026-08-24,7,2026-08-31,31.3,20.2,25.4,,33.7,52.5,7.2,,23.5,24.07,0.0,
鲁中参考点,gfs_seamless,2026-08-30,1,2026-08-31,29.1,17.2,21.7,,31.6,62.4,14.0,,,,,
鲁中参考点,gfs_seamless,2026-08-29,2,2026-08-31,28.4,17.2,22.0,,30.4,62.5,12.6,,,,,
鲁中参考点,gfs_seamless,2026-08-28,3,2026-08-31,29.0,16.8,22.0,,30.7,57.8,11.0,,,,,
鲁中参考点,gfs_seamless,2026-08-27,4,2026-08-31,28.5,16.8,21.8,,31.1,66.0,10.9,,,,,
鲁中参考点,gfs_seamless,2026-08-26,5,2026-08-31,29.1,17.9,22.4,,32.7,68.7,12.5,,,,,
鲁中参考点,gfs_seamless,2026-08-25,6,2026-08-31,31.4,17.8,23.2,,35.5,59.2,9.9,,,,,
鲁中参考点,gfs_seamless,2026-08-24,7,2026-08-31,30.2,17.3,22.2,,30.6,44.8,8.6,,,,,
鲁中参考点,jma_seamless,2026-08-30,1,2026-08-31,27.9,18.9,23.8,,,,,,0.3,,0.0,0.0
鲁中参考点,jma_seamless,2026-08-29,2,2026-08-31,27.8,18.5,23.7,,,,,,1.2,,0.0,0.0
鲁中参考点,jma_seamless,2026-08-28,3,2026-08-31,28.3,17.3,23.3,,,,,,2.6,,0.0,0.0
鲁中参考点,jma_seamless,2026-08-27,4,2026-08-31,27.2,18.0,23.2,,,,,,23.0,,0.0,0.0
鲁中参考点,jma_seamless,2026-08-26,5,2026-08-31,27.5,18.2,23.7,,,,,,4.6,,0.0,0.0
鲁中参考点,jma_seamless,2026-08-25,6,2026-08-31,29.4,19.8,24.6,,,,,,0.0,,0.0,0.0
鲁中参考点,jma_seamless,2026-08-24,7,2026-08-31,28.9,20.8,24.7,,,,,,9.3,,0.0,0.0
鲁中参考点,ecmwf_ifs025,2026-08-31,1,2026-09-01,27.1,17.4,22.1,,29.3,72.6,12.2,,30.7,22.66,0.3,
鲁中参考点,ecmwf_ifs025,2026-08-30,2,2026-09-01,26.1,17.7,22.0,,,73.0,13.1,,31.6,22.76,0.3,
鲁中参考点,ecmwf_ifs025,2026-08-29,3,2026-09-01,26.2,17.0,21.1,,,73.9,14.0,,17.8,22.51,0.3,
鲁中参考点,ecmwf_ifs025,2026-08-28,4,2026-09-01,25.6,17.3,21.2,,,70.9,15.7,,27.4,23.0,0.0,
鲁中参考点,ecmwf_ifs025,2026-08-27,5,2026-09-01,26.5,16.9,21.1,,,73.8,13.0,,26.5,21.78,0.9,
鲁中参考点,ecmwf_ifs025,2026-08-26,6,2026-09-01,24.8,17.7,21.8,,,79.1,10.6,,12.2,21.3,1.8,
鲁中参考点,ecmwf_ifs025,2026-08-25,7,2026-09-01,26.4,18.8,22.3,,,76.4,12.4,,19.8,20.99,1.8,
鲁中参考点,gfs_seamless,2026-08-31,1,2026-09-01,27.0,15.9,20.3,,28.9,70.5,16.3,,,,,
鲁中参考点,gfs_seamless,2026-08-30,2,2026-09-01,25.7,16.1,18.8,,,71.0,20.3,,,,,
鲁中参考点,gfs_seamless,2026-08-29,3,2026-09-01,25.2,15.0,19.3,,,72.9,19.6,,,,,
鲁中参考点,gfs_seamless,2026-08-28,4,2026-09-01,26.4,15.2,19.1,,,70.5,17.6,,,,,
鲁中参考点,gfs_seamless,2026-08-27,5,2026-09-01,25.3,16.3,18.8,,,68.5,20.2,,,,,
鲁中参考点,gfs_seamless,2026-08-26,6,2026-09-01,26.4,15.6,19.6,,,66.1,15.0,,,,,
鲁中参考点,gfs_seamless,2026-08-25,7,2026-09-01,25.2,16.8,19.6,,,58.7,14.4,,,,,
鲁中参考点,jma_seamless,2026-08-31,1,2026-09-01,27.7,19.7,23.4,,,,,,14.5,,0.0,0.0
鲁中参考点,jma_seamless,2026-08-30,2,2026-09-01,26.8,19.7,23.7,,,,,,18.0,,0.0,0.0
鲁中参考点,jma_seamless,2026-08-29,3,2026-09-01,26.6,20.3,24.0,,,,,,49.7,,0.0,0.0
鲁中参考点,jma_seamless,2026-08-28,4,2026-09-01,24.8,18.9,22.8,,,,,,33.1,,0.6,0.0
鲁中参考点,jma_seamless,2026-08-27,5,2026-09-01,27.4,19.7,23.9,,,,,,4.0,,0.0,0.0
鲁中参考点,jma_seamless,2026-08-26,6,2026-09-01,28.0,18.7,23.3,,,,,,6.3,,0.0,0.0
鲁中参考点,jma_seamless,2026-08-25,7,2026-09-01,27.2,19.6,23.4,,,,,,3.5,,0.0,0.0
鲁中参考点,ecmwf_ifs025,2026-09-01,1,2026-09-02,27.4,15.4,20.6,,28.6,59.7,10.2,,0.4,23.9,0.0,
鲁中参考点,ecmwf_ifs025,2026-08-31,2,2026-09-02,26.9,15.2,20.6,,,64.1,9.9,,5.5,23.12,0.0,
鲁中参考点,ecmwf_ifs025,2026-08-30,3,2026-09-02,26.6,15.7,20.3,,,64.0,11.0,,1.0,23.81,0.0,
鲁中参考点,ecmwf_ifs025,2026-08-29,4,2026-09-02,26.0,15.1,19.3,,,64.8,15.5,,23.4,23.19,0.0,
鲁中参考点,ecmwf_ifs025,2026-08-28,5,2026-09-02,25.7,15.5,19.6,,,69.6,13.7,,49.0,20.16,0.0,
鲁中参考点,ecmwf_ifs025,2026-08-27,6,2026-09-02,26.9,16.9,20.5,,,68.1,12.5,,7.0,22.78,0.0,
鲁中参考点,ecmwf_ifs025,2026-08-26,7,2026-09-02,24.9,16.8,20.5,,,73.7,11.9,,8.0,22.56,0.6,
鲁中参考点,gfs_seamless,2026-09-01,1,2026-09-02,27.0,14.5,18.6,,28.0,59.1,13.1,,,,,
鲁中参考点,gfs_seamless,2026-08-31,2,2026-09-02,26.9,14.6,18.1,,,58.4,16.5,,,,,
鲁中参考点,gfs_seamless,2026-08-30,3,2026-09-02,25.8,14.3,17.0,,,62.7,20.2,,,,,
鲁中参考点,gfs_seamless,2026-08-29,4,2026-09-02,25.1,14.3,16.8,,,64.2,21.8,,,,,
鲁中参考点,gfs_seamless,2026-08-28,5,2026-09-02,26.0,17.4,18.0,,,62.0,26.7,,,,,
鲁中参考点,gfs_seamless,2026-08-27,6,2026-09-02,26.0,15.3,17.8,,,68.1,22.1,,,,,
鲁中参考点,gfs_seamless,2026-08-26,7,2026-09-02,25.2,15.2,16.8,,,64.6,23.3,,,,,
鲁中参考点,jma_seamless,2026-09-01,1,2026-09-02,27.4,18.3,21.7,,,,,,2.2,,0.0,0.0
鲁中参考点,jma_seamless,2026-08-31,2,2026-09-02,28.3,18.8,21.9,,,,,,0.6,,0.0,0.0
鲁中参考点,jma_seamless,2026-08-30,3,2026-09-02,27.9,19.0,22.0,,,,,,4.8,,0.0,0.0
鲁中参考点,jma_seamless,2026-08-29,4,2026-09-02,27.6,19.6,22.9,,,,,,46.8,,0.0,0.0
鲁中参考点,jma_seamless,2026-08-28,5,2026-09-02,28.8,19.5,23.1,,,,,,0.6,,0.0,0.0
鲁中参考点,jma_seamless,2026-08-27,6,2026-09-02,27.7,18.4,22.2,,,,,,19.4,,0.0,0.0
鲁中参考点,jma_seamless,2026-08-26,7,2026-09-02,29.0,18.9,23.3,,,,,,0.0,,0.0,0.0
鲁中参考点,ecmwf_ifs025,2026-09-02,1,2026-09-03,28.6,15.4,20.8,,29.7,55.1,11.2,,0.0,24.12,0.0,
鲁中参考点,ecmwf_ifs025,2026-09-01,2,2026-09-03,28.3,15.9,21.2,,29.4,55.5,10.9,,0.2,23.76,0.0,
鲁中参考点,ecmwf_ifs025,2026-08-31,3,2026-09-03,28.4,15.8,21.6,,30.0,59.2,9.5,,0.4,23.52,0.0,
鲁中参考点,ecmwf_ifs025,2026-08-30,4,2026-09-03,27.3,15.2,20.6,,28.8,63.4,11.7,,0.1,23.83,0.0,
鲁中参考点,ecmwf_ifs025,2026-08-29,5,2026-09-03,25.5,16.6,20.7,,,70.1,11.7,,67.2,13.17,0.0,
鲁中参考点,ecmwf_ifs025,2026-08-28,6,2026-09-03,27.6,15.5,20.8,,29.3,63.9,9.0,,37.5,23.68,0.0,
鲁中参考点,ecmwf_ifs025,2026-08-27,7,2026-09-03,28.1,15.8,20.9,,30.6,68.3,11.6,,11.9,23.34,0.0,
鲁中参考点,gfs_seamless,2026-09-02,1,2026-09-03,27.4,14.3,18.4,,28.4,57.6,13.6,,,,,
鲁中参考点,gfs_seamless,2026-09-01,2,2026-09-03,28.4,14.4,18.8,,29.4,54.2,13.1,,,,,
鲁中参考点,gfs_seamless,2026-08-31,3,2026-09-03,27.9,14.1,18.8,,29.3,60.1,15.4,,,,,
鲁中参考点,gfs_seamless,2026-08-30,4,2026-09-03,25.6,15.0,16.4,,,71.0,25.5,,,,,
鲁中参考点,gfs_seamless,2026-08-29,5,2026-09-03,24.0,16.9,17.8,,,66.3,23.3,,,,,
鲁中参考点,gfs_seamless,2026-08-28,6,2026-09-03,27.3,16.4,18.9,,28.8,63.7,26.7,,,,,
鲁中参考点,gfs_seamless,2026-08-27,7,2026-09-03,26.9,14.1,18.6,,,69.3,20.2,,,,,
鲁中参考点,jma_seamless,2026-09-02,1,2026-09-03,28.8,17.0,21.3,,,,,,0.0,,0.0,0.0
鲁中参考点,jma_seamless,2026-09-01,2,2026-09-03,28.9,17.5,21.9,,,,,,0.0,,0.0,0.0
鲁中参考点,jma_seamless,2026-08-31,3,2026-09-03,29.2,18.5,22.4,,,,,,0.0,,0.0,0.0
鲁中参考点,jma_seamless,2026-08-30,4,2026-09-03,28.1,18.7,21.8,,,,,,41.2,,0.0,0.0
鲁中参考点,jma_seamless,2026-08-29,5,2026-09-03,28.7,19.5,23.9,,,,,,62.5,,0.0,0.0
鲁中参考点,jma_seamless,2026-08-28,6,2026-09-03,29.2,20.1,23.6,,,,,,37.8,,0.0,0.0
鲁中参考点,jma_seamless,2026-08-27,7,2026-09-03,26.0,17.5,23.2,,,,,,65.5,,1.2,0.0
鲁中参考点,ecmwf_ifs025,2026-09-03,1,2026-09-04,29.9,15.5,22.5,,32.7,60.1,9.5,,15.8,23.45,0.0,
鲁中参考点,ecmwf_ifs025,2026-09-02,2,2026-09-04,29.3,15.6,22.4,,31.8,61.7,8.7,,49.4,22.17,0.0,
鲁中参考点,ecmwf_ifs025,2026-09-01,3,2026-09-04,29.2,15.4,22.0,,31.7,62.0,9.5,,23.6,23.15,0.0,
鲁中参考点,ecmwf_ifs025,2026-08-31,4,2026-09-04,29.0,14.8,22.3,,32.2,67.3,9.2,,21.7,22.33,0.0,
鲁中参考点,ecmwf_ifs025,2026-08-30,5,2026-09-04,28.5,15.0,22.3,,31.4,68.5,8.9,,13.3,23.55,0.0,
鲁中参考点,ecmwf_ifs025,2026-08-29,6,2026-09-04,28.7,16.4,22.7,,32.3,71.5,10.4,,21.7,18.0,0.0,
鲁中参考点,ecmwf_ifs025,2026-08-28,7,2026-09-04,27.7,16.2,21.7,,30.0,69.3,7.5,,3.3,22.87,0.0,
鲁中参考点,gfs_seamless,2026-09-03,1,2026-09-04,29.3,14.5,20.5,,32.0,62.5,11.6,,,,,
鲁中参考点,gfs_seamless,2026-09-02,2,2026-09-04,28.2,14.8,20.2,,29.9,61.0,11.4,,,,,
鲁中参考点,gfs_seamless,2026-09-01,3,2026-09-04,28.7,14.8,20.2,,31.1,63.8,13.0,,,,,
鲁中参考点,gfs_seamless,2026-08-31,4,2026-09-04,28.9,14.9,20.3,,31.5,64.0,12.7,,,,,
鲁中参考点,gfs_seamless,2026-08-30,5,2026-09-04,27.3,16.7,18.6,,30.4,79.4,23.9,,,,,
鲁中参考点,gfs_seamless,2026-08-29,6,2026-09-04,24.6,18.6,20.1,,,88.0,25.0,,,,,
鲁中参考点,gfs_seamless,2026-08-28,7,2026-09-04,27.4,14.2,20.1,,29.7,71.7,17.9,,,,,
鲁中参考点,jma_seamless,2026-09-03,1,2026-09-04,28.8,17.0,22.6,,,,,,6.2,,0.0,0.0
鲁中参考点,jma_seamless,2026-09-02,2,2026-09-04,29.2,18.0,22.9,,,,,,20.3,,0.0,0.0
鲁中参考点,jma_seamless,2026-09-01,3,2026-09-04,29.5,18.3,22.9,,,,,,26.1,,0.0,0.0
鲁中参考点,jma_seamless,2026-08-31,4,2026-09-04,29.8,18.3,23.2,,,,,,22.8,,0.0,0.0
鲁中参考点,jma_seamless,2026-08-30,5,2026-09-04,28.1,19.3,24.4,,,,,,38.3,,0.0,0.0
鲁中参考点,jma_seamless,2026-08-29,6,2026-09-04,28.3,19.6,25.5,,,,,,16.9,,0.0,0.0
鲁中参考点,jma_seamless,2026-08-28,7,2026-09-04,28.0,20.5,25.3,,,,,,60.1,,0.0,0.0
鲁中参考点,ecmwf_ifs025,2026-09-04,1,2026-09-05,31.0,17.4,24.9,,34.1,57.0,4.8,,11.8,23.18,0.0,
鲁中参考点,ecmwf_ifs025,2026-09-03,2,2026-09-05,29.9,16.9,24.1,,33.0,61.7,6.0,,20.4,21.99,0.0,
鲁中参考点,ecmwf_ifs025,2026-09-02,3,2026-09-05,30.4,16.4,24.1,,33.8,61.0,6.1,,35.6,23.02,0.0,
鲁中参考点,ecmwf_ifs025,2026-09-01,4,2026-09-05,30.2,15.7,23.2,,33.8,62.9,5.9,,34.0,22.74,0.0,
鲁中参考点,ecmwf_ifs025,2026-08-31,5,2026-09-05,28.6,15.3,23.1,,31.0,64.5,5.0,,15.5,22.51,0.0,
鲁中参考点,ecmwf_ifs025,2026-08-30,6,2026-09-05,28.8,16.6,23.1,,31.7,66.5,5.6,,20.0,22.46,0.0,
鲁中参考点,ecmwf_ifs025,2026-08-29,7,2026-09-05,24.5,16.9,23.5,,,84.3,9.4,,55.8,10.5,3.6,
鲁中参考点,gfs_seamless,2026-09-04,1,2026-09-05,29.4,16.7,22.9,,31.0,55.8,6.9,,,23.54,0.0,
鲁中参考点,gfs_seamless,2026-09-03,2,2026-09-05,30.2,17.2,23.3,,32.0,53.8,5.2,,,23.04,0.0,
鲁中参考点,gfs_seamless,2026-09-02,3,2026-09-05,30.0,16.5,22.6,,31.6,53.6,5.1,,,23.55,0.0,
鲁中参考点,gfs_seamless,2026-09-01,4,2026-09-05,29.5,17.1,22.6,,31.1,55.3,6.5,,,23.4,0.0,
鲁中参考点,gfs_seamless,2026-08-31,5,2026-09-05,29.9,15.0,23.3,,33.0,61.6,5.2,,,22.55,0.0,
鲁中参考点,gfs_seamless,2026-08-30,6,2026-09-05,25.6,15.0,19.1,,,81.4,17.3,,,3.51,0.6,
鲁中参考点,gfs_seamless,2026-08-29,7,2026-09-05,20.5,17.7,20.0,,,91.5,17.5,,,1.89,2.2,
鲁中参考点,jma_seamless,2026-09-04,1,2026-09-05,29.3,18.3,24.3,,,,,,11.8,,0.0,0.0
鲁中参考点,jma_seamless,2026-09-03,2,2026-09-05,29.9,18.4,24.7,,,,,,4.2,,0.0,0.0
鲁中参考点,jma_seamless,2026-09-02,3,2026-09-05,30.1,17.7,23.7,,,,,,19.0,,0.0,0.0
鲁中参考点,jma_seamless,2026-09-01,4,2026-09-05,29.6,18.5,24.9,,,,,,26.6,,0.0,0.0
鲁中参考点,jma_seamless,2026-08-31,5,2026-09-05,29.2,18.9,25.3,,,,,,34.6,,0.0,0.0
鲁中参考点,jma_seamless,2026-08-30,6,2026-09-05,27.8,21.0,25.3,,,,,,46.5,,0.0,0.0
鲁中参考点,jma_seamless,2026-08-29,7,2026-09-05,29.0,20.3,26.0,,,,,,48.9,,0.0,0.0
鲁中参考点,ecmwf_ifs025,2026-09-05,1,2026-09-06,30.4,17.8,24.9,,33.2,58.3,6.3,,10.0,22.88,0.0,
鲁中参考点,ecmwf_ifs025,2026-09-04,2,2026-09-06,30.5,17.5,25.0,,33.8,60.0,5.8,,1.3,22.81,0.0,
鲁中参考点,ecmwf_ifs025,2026-09-03,3,2026-09-06,29.7,17.1,24.4,,32.5,61.2,5.8,,0.2,23.13,0.0,
鲁中参考点,ecmwf_ifs025,2026-09-02,4,2026-09-06,29.9,17.1,23.9,,32.7,60.5,6.3,,4.2,23.27,0.0,
鲁中参考点,ecmwf_ifs025,2026-09-01,5,2026-09-06,30.2,16.8,23.8,,34.0,63.5,6.5,,27.8,23.12,0.0,
鲁中参考点,ecmwf_ifs025,2026-08-31,6,2026-09-06,30.6,18.3,24.1,,33.7,58.5,7.9,,12.2,23.1,0.0,
鲁中参考点,ecmwf_ifs025,2026-08-30,7,2026-09-06,30.0,18.2,25.1,,33.1,61.5,5.1,,9.1,22.37,0.0,
鲁中参考点,gfs_seamless,2026-09-05,1,2026-09-06,29.8,17.3,23.5,,33.0,63.0,6.9,,,23.17,0.0,
鲁中参考点,gfs_seamless,2026-09-04,2,2026-09-06,30.3,17.4,23.9,,33.6,60.9,7.3,,,22.85,0.0,
鲁中参考点,gfs_seamless,2026-09-03,3,2026-09-06,30.8,18.3,25.4,,35.4,63.8,5.5,,,21.77,0.0,
鲁中参考点,gfs_seamless,2026-09-02,4,2026-09-06,29.7,17.0,24.0,,32.5,61.1,6.5,,,22.95,0.0,
鲁中参考点,gfs_seamless,2026-09-01,5,2026-09-06,30.0,17.4,24.0,,33.5,63.3,7.1,,,23.31,0.0,
鲁中参考点,gfs_seamless,2026-08-31,6,2026-09-06,30.4,17.9,25.0,,33.8,60.7,6.9,,,23.22,0.1,
鲁中参考点,gfs_seamless,2026-08-30,7,2026-09-06,25.8,18.4,22.0,,,84.0,14.4,,,5.69,0.8,
鲁中参考点,jma_seamless,2026-09-05,1,2026-09-06,29.6,19.2,25.1,,,,,,0.8,,0.0,0.0
鲁中参考点,jma_seamless,2026-09-04,2,2026-09-06,29.3,20.0,24.9,,,,,,0.1,,0.0,0.0
鲁中参考点,jma_seamless,2026-09-03,3,2026-09-06,29.5,19.3,24.4,,,,,,0.0,,0.0,0.0
鲁中参考点,jma_seamless,2026-09-02,4,2026-09-06,30.1,19.8,24.9,,,,,,14.9,,0.0,0.0
鲁中参考点,jma_seamless,2026-09-01,5,2026-09-06,29.7,19.4,24.9,,,,,,1.8,,0.0,0.0
鲁中参考点,jma_seamless,2026-08-31,6,2026-09-06,30.4,19.2,24.8,,,,,,0.0,,0.0,0.0
鲁中参考点,jma_seamless,2026-08-30,7,2026-09-06,30.4,19.9,25.5,,,,,,11.5,,0.0,0.0
鲁中参考点,ecmwf_ifs025,2026-09-06,1,2026-09-07,30.6,18.4,24.4,,33.1,55.7,8.9,,24.8,22.27,0.0,
鲁中参考点,ecmwf_ifs025,2026-09-05,2,2026-09-07,30.9,18.5,24.9,,33.7,56.2,8.1,,20.9,22.41,0.0,
鲁中参考点,ecmwf_ifs025,2026-09-04,3,2026-09-07,31.1,16.9,24.9,,33.9,55.4,6.0,,61.1,22.23,0.0,
鲁中参考点,ecmwf_ifs025,2026-09-03,4,2026-09-07,30.2,17.6,24.2,,32.2,54.6,5.9,,28.2,22.76,0.0,
鲁中参考点,ecmwf_ifs025,2026-09-02,5,2026-09-07,30.4,16.5,24.5,,33.8,60.7,5.6,,22.6,22.95,0.0,
鲁中参考点,ecmwf_ifs025,2026-09-01,6,2026-09-07,28.7,17.2,23.1,,30.5,59.8,6.2,,42.5,22.6,0.0,
鲁中参考点,ecmwf_ifs025,2026-08-31,7,2026-09-07,30.4,20.0,24.8,,33.0,57.0,8.3,,62.4,20.94,0.0,
鲁中参考点,gfs_seamless,2026-09-06,1,2026-09-07,30.0,17.4,23.1,,33.3,62.3,9.3,,,22.63,0.0,
鲁中参考点,gfs_seamless,2026-09-05,2,2026-09-07,30.4,17.6,23.8,,34.7,64.8,8.8,,,22.45,0.0,
鲁中参考点,gfs_seamless,2026-09-04,3,2026-09-07,30.3,18.6,24.6,,33.1,58.4,7.5,,,21.46,0.0,
鲁中参考点,gfs_seamless,2026-09-03,4,2026-09-07,30.8,17.9,24.9,,35.9,65.7,6.6,,,16.79,0.0,
鲁中参考点,gfs_seamless,2026-09-02,5,2026-09-07,29.7,17.0,23.7,,32.7,62.1,8.5,,,21.72,0.0,
鲁中参考点,gfs_seamless,2026-09-01,6,2026-09-07,29.9,17.5,23.5,,34.2,67.3,9.1,,,21.44,0.0,
鲁中参考点,gfs_seamless,2026-08-31,7,2026-09-07,30.3,18.1,23.8,,34.4,64.3,9.6,,,21.7,0.0,
鲁中参考点,jma_seamless,2026-09-06,1,2026-09-07,29.6,19.0,24.6,,,,,,19.5,,0.0,0.0
鲁中参考点,jma_seamless,2026-09-05,2,2026-09-07,30.4,18.2,24.8,,,,,,21.7,,0.0,0.0
鲁中参考点,jma_seamless,2026-09-04,3,2026-09-07,29.7,18.2,24.8,,,,,,30.5,,0.0,0.0
鲁中参考点,jma_seamless,2026-09-03,4,2026-09-07,29.7,19.2,25.5,,,,,,18.8,,0.0,0.0
鲁中参考点,jma_seamless,2026-09-02,5,2026-09-07,30.8,19.0,24.8,,,,,,39.6,,0.0,0.0
鲁中参考点,jma_seamless,2026-09-01,6,2026-09-07,29.7,19.8,25.0,,,,,,12.1,,0.0,0.0
鲁中参考点,jma_seamless,2026-08-31,7,2026-09-07,32.6,19.6,25.3,,,,,,24.0,,0.0,0.0
鲁中参考点,ecmwf_ifs025,2026-09-07,1,2026-09-08,23.8,17.9,19.1,,,69.9,16.8,,56.2,12.51,1.8,
鲁中参考点,ecmwf_ifs025,2026-09-06,2,2026-09-08,24.1,18.1,19.3,,,66.4,15.8,,68.9,12.41,0.9,
鲁中参考点,ecmwf_ifs025,2026-09-05,3,2026-09-08,24.9,18.1,19.9,,,63.9,15.1,,73.8,13.31,1.8,
鲁中参考点,ecmwf_ifs025,2026-09-04,4,2026-09-08,24.3,18.1,19.9,,,66.2,13.9,,68.8,11.95,1.2,
鲁中参考点,ecmwf_ifs025,2026-09-03,5,2026-09-08,23.1,18.8,19.8,,,71.7,14.9,,62.1,7.78,2.7,
鲁中参考点,ecmwf_ifs025,2026-09-02,6,2026-09-08,26.0,18.4,20.4,,,60.8,15.2,,55.4,15.24,0.3,
鲁中参考点,ecmwf_ifs025,2026-09-01,7,2026-09-08,26.3,17.9,21.8,,,65.5,10.8,,49.8,17.18,0.3,
鲁中参考点,gfs_seamless,2026-09-07,1,2026-09-08,21.4,15.7,16.0,,,70.8,22.7,,,3.7,0.0,
鲁中参考点,gfs_seamless,2026-09-06,2,2026-09-08,19.5,17.1,15.7,,,69.5,22.1,,,1.48,0.1,
鲁中参考点,gfs_seamless,2026-09-05,3,2026-09-08,19.8,15.2,15.8,,,75.3,17.7,,,1.86,7.7,
鲁中参考点,gfs_seamless,2026-09-04,4,2026-09-08,19.4,15.1,16.2,,,80.8,16.8,,,1.22,0.9,
鲁中参考点,gfs_seamless,2026-09-03,5,2026-09-08,20.5,14.2,15.3,,,84.7,16.8,,,0.93,4.3,
鲁中参考点,gfs_seamless,2026-09-02,6,2026-09-08,22.6,14.9,16.6,,,68.4,20.6,,,18.4,0.0,
鲁中参考点,gfs_seamless,2026-09-01,7,2026-09-08,27.1,16.6,21.2,,29.0,69.9,9.1,,,16.08,0.0,
鲁中参考点,jma_seamless,2026-09-07,1,2026-09-08,23.8,18.0,20.0,,,,,,52.4,,0.6,0.0
鲁中参考点,jma_seamless,2026-09-06,2,2026-09-08,23.1,19.0,20.5,,,,,,47.3,,0.0,0.0
鲁中参考点,jma_seamless,2026-09-05,3,2026-09-08,24.4,19.2,21.1,,,,,,44.7,,0.0,0.0
鲁中参考点,jma_seamless,2026-09-04,4,2026-09-08,25.0,18.7,22.0,,,,,,55.0,,0.0,0.0
鲁中参考点,jma_seamless,2026-09-03,5,2026-09-08,25.9,19.5,22.8,,,,,,46.0,,0.0,0.0
鲁中参考点,jma_seamless,2026-09-02,6,2026-09-08,30.8,21.3,25.9,,,,,,35.6,,0.0,0.0
鲁中参考点,jma_seamless,2026-09-01,7,2026-09-08,27.3,19.4,24.8,,,,,,40.5,,0.0,0.0
鲁中参考点,gfs_seamless,2026-09-08,1,2026-09-09,22.8,12.7,14.3,,,,,34.6,88.1,11.66,0.0,0.0
鲁中参考点,gfs_seamless,2026-09-07,2,2026-09-09,23.1,13.7,14.9,,,,,39.6,97.5,19.1,0.0,0.0
鲁中参考点,gfs_seamless,2026-09-06,3,2026-09-09,23.6,12.5,15.0,,,,,35.3,86.0,20.78,0.0,0.0
鲁中参考点,gfs_seamless,2026-09-05,4,2026-09-09,23.7,11.1,14.5,,,,,33.8,83.0,21.47,0.0,0.0
鲁中参考点,gfs_seamless,2026-09-04,5,2026-09-09,23.9,12.8,14.7,,,,,34.2,82.1,21.06,0.0,0.0
鲁中参考点,gfs_seamless,2026-09-03,6,2026-09-09,24.7,11.2,15.2,,,,,44.6,84.8,21.89,0.0,0.0
鲁中参考点,gfs_seamless,2026-09-02,7,2026-09-09,23.9,14.8,16.6,,,,,39.2,86.3,21.72,0.0,0.0
鲁中参考点,gfs_seamless,2026-09-09,1,2026-09-10,24.8,12.2,15.7,,,,,25.6,75.5,22.86,0.0,0.0
鲁中参考点,gfs_seamless,2026-09-08,2,2026-09-10,25.1,11.9,15.7,,,,,27.7,76.1,22.38,0.0,0.0
鲁中参考点,gfs_seamless,2026-09-07,3,2026-09-10,25.7,12.8,16.2,,,,,22.3,63.9,22.6,0.0,0.0
鲁中参考点,gfs_seamless,2026-09-06,4,2026-09-10,25.5,12.7,16.5,,,,,21.2,72.6,22.88,0.0,0.0
鲁中参考点,gfs_seamless,2026-09-05,5,2026-09-10,25.7,13.1,16.9,,,,,19.4,75.5,20.51,0.0,0.0
鲁中参考点,gfs_seamless,2026-09-04,6,2026-09-10,25.5,13.4,16.9,,,,,25.2,64.5,22.93,0.0,0.0
鲁中参考点,gfs_seamless,2026-09-03,7,2026-09-10,25.9,12.4,16.8,,,,,19.1,68.8,22.59,0.0,0.0
鲁中参考点,gfs_seamless,2026-09-10,1,2026-09-11,25.5,14.9,17.8,,,,,14.4,92.0,18.71,0.0,0.0
鲁中参考点,gfs_seamless,2026-09-09,2,2026-09-11,26.6,14.2,17.7,,,,,23.4,77.1,21.97,0.0,0.0
鲁中参考点,gfs_seamless,2026-09-08,3,2026-09-11,27.9,14.0,18.4,,,,,21.6,22.5,23.33,0.0,0.0
鲁中参考点,gfs_seamless,2026-09-07,4,2026-09-11,27.7,14.5,18.9,,,,,13.3,11.7,23.32,0.0,0.0
鲁中参考点,gfs_seamless,2026-09-06,5,2026-09-11,28.0,14.7,19.2,,,,,14.4,21.9,22.69,0.0,0.0
鲁中参考点,gfs_seamless,2026-09-05,6,2026-09-11,28.1,14.7,18.7,,,,,27.0,12.6,23.17,0.0,0.0
鲁中参考点,gfs_seamless,2026-09-04,7,2026-09-11,27.6,13.3,19.1,,,,,13.3,6.7,23.11,0.0,0.0
鲁中参考点,gfs_seamless,2026-09-11,1,2026-09-12,26.9,14.7,18.7,,,,,20.9,64.1,15.62,0.0,0.0
鲁中参考点,gfs_seamless,2026-09-10,2,2026-09-12,26.1,14.9,19.3,,,,,24.8,70.9,21.83,0.0,0.0
鲁中参考点,gfs_seamless,2026-09-09,3,2026-09-12,26.7,14.3,19.5,,,,,32.8,58.2,21.72,0.0,0.0
鲁中参考点,gfs_seamless,2026-09-08,4,2026-09-12,27.4,15.5,19.3,,,,,28.1,44.0,22.87,0.0,0.0
鲁中参考点,gfs_seamless,2026-09-07,5,2026-09-12,28.5,15.2,19.8,,,,,23.8,44.8,21.54,0.0,0.0
鲁中参考点,gfs_seamless,2026-09-06,6,2026-09-12,28.6,14.8,20.0,,,,,14.0,43.6,18.84,0.0,0.0
鲁中参考点,gfs_seamless,2026-09-05,7,2026-09-12,27.6,15.7,19.6,,,,,10.1,64.5,17.91,0.0,0.0
鲁中参考点,gfs_seamless,2026-09-12,1,2026-09-13,28.7,17.2,21.4,,,,,29.2,96.3,16.2,0.0,0.0
鲁中参考点,gfs_seamless,2026-09-11,2,2026-09-13,25.6,17.5,21.6,,,,,18.7,98.1,13.0,0.0,0.0
鲁中参考点,gfs_seamless,2026-09-10,3,2026-09-13,26.7,16.8,21.6,,,,,20.9,100.0,11.93,0.0,0.0
鲁中参考点,gfs_seamless,2026-09-09,4,2026-09-13,28.0,15.0,21.3,,,,,27.4,100.0,13.89,0.0,0.0
鲁中参考点,gfs_seamless,2026-09-08,5,2026-09-13,28.7,16.0,20.9,,,,,22.3,97.5,15.62,0.0,0.0
鲁中参考点,gfs_seamless,2026-09-07,6,2026-09-13,28.4,16.3,20.7,,,,,19.8,70.1,18.76,0.0,0.0
鲁中参考点,gfs_seamless,2026-09-06,7,2026-09-13,28.3,16.1,19.8,,,,,18.7,88.2,10.61,0.0,0.0
鲁中参考点,gfs_seamless,2026-09-13,1,2026-09-14,27.6,15.2,19.2,,,,,16.6,0.7,22.45,0.0,0.0
鲁中参考点,gfs_seamless,2026-09-12,2,2026-09-14,27.8,15.7,19.7,,,,,20.2,6.3,22.49,0.0,0.0
鲁中参考点,gfs_seamless,2026-09-11,3,2026-09-14,28.5,15.9,20.5,,,,,26.6,16.5,22.1,0.0,0.0
鲁中参考点,gfs_seamless,2026-09-10,4,2026-09-14,27.5,15.6,19.6,,,,,30.2,4.9,22.35,0.0,0.0
鲁中参考点,gfs_seamless,2026-09-09,5,2026-09-14,27.1,15.6,19.5,,,,,18.7,31.6,22.85,0.0,0.0
鲁中参考点,gfs_seamless,2026-09-08,6,2026-09-14,28.2,16.8,20.4,,,,,19.4,55.6,21.36,0.0,0.0
鲁中参考点,gfs_seamless,2026-09-07,7,2026-09-14,24.4,18.4,20.3,,,,,27.4,80.9,7.6,0.0,0.0
鲁中参考点,gfs_seamless,2026-09-14,1,2026-09-15,28.1,15.1,19.6,,,,,49.7,0.4,21.86,0.0,0.0
鲁中参考点,gfs_seamless,2026-09-13,2,2026-09-15,29.2,15.5,20.4,,,,,50.0,9.1,21.81,0.0,0.0
鲁中参考点,gfs_seamless,2026-09-12,3,2026-09-15,29.2,15.6,20.5,,,,,48.2,14.8,21.94,0.0,0.0
鲁中参考点,gfs_seamless,2026-09-11,4,2026-09-15,30.1,15.9,20.8,,,,,53.6,1.5,21.86,0.0,0.0
鲁中参考点,gfs_seamless,2026-09-10,5,2026-09-15,28.7,15.2,21.2,,,,,51.8,34.5,21.37,0.0,0.0
鲁中参考点,gfs_seamless,2026-09-09,6,2026-09-15,28.7,14.6,20.3,,,,,50.0,5.2,21.97,0.0,0.0
鲁中参考点,gfs_seamless,2026-09-08,7,2026-09-15,30.4,15.0,21.0,,,,,41.8,2.2,21.97,0.0,0.0
